dataset,method,sampling,aggregation,update,subject,seed,epoch,epochs,N_proj,sigma,d,m,objective_power,rooted_distance,lew,relative_lew,lew_reduction_pct,gap_closure,raw_gradient_norm,applied_update_norm,mean_h,std_h,max_h,min_h,spectral_effective_N,spectral_entropy,spectral_max_weight,spectral_top5_mass,spectral_top10_mass,bank_seed,bank_hash,bank_hash_kind,target_projection_hash,initial_source_hash,target_hash,direction_sampling_ms,source_projection_ms,target_projection_ms,wasserstein_1d_ms,sorting_aggregation_ms,backward_ms,optimizer_update_ms,total_epoch_ms,one_time_bank_sampling_ms,one_time_target_projection_ms,evaluation_ms,cumulative_optimization_ms,cumulative_evaluation_ms,cumulative_direct_projection_count,cumulative_direction_draw_count,learning_rate,eta_norm,eta_root,nan,diverged,status
BNCI2014_001,resampled_spectral_raw_rooted_s1,resampled,spectral,raw_rooted,8,1788,0,500,500,1.0,22,253,0.026376477683986252,0.16240836703811246,10.270850778196136,1.0,0.0,0.0,,0.0,0.010170902339920108,0.012915766309044353,0.12340851736503436,0.00014095370523497714,188.24073761048203,5.716247880429664,0.03017952124818757,0.09236224807369398,0.1459989447547685,1788,bd0f24e7dfc9db479257333acb1d1d140ca657db3c0a83593d373857e0f00737,full_tensor_sha256,c4b00316a68b2affa0de0c5c7c2e7aef5bbc8bd2f3ffdd3d17399c18e63f17ba,123ea5ce324bb82567913e1514a410f2bb582a6d8528a6ea98fbb2b74646f92c,a789b01b17129967eecd25421cde715dc938f6e3b95b30f735ff978f0882361e,0.0,0.0,0.0,0.0,0.0,0.0,0.0,0.0,0.0,0.0,13.962960802018642,0.0,13.962960802018642,0,0,589.1072495305888,,589.1072495305888,False,False,initial
BNCI2014_001,resampled_spectral_raw_rooted_s1,resampled,spectral,raw_rooted,8,1788,1,500,500,1.0,22,253,0.026376477683986252,0.16240836703811246,9.65912856893321,0.9404409408262904,5.955905917370965,5.955905917370965,0.009085342649547006,5.352241219317588,0.010170902339920108,0.012915766309044353,0.12340851736503436,0.00014095370523497714,188.24073761048203,5.716247880429664,0.03017952124818757,0.09236224807369398,0.1459989447547685,1788,bd0f24e7dfc9db479257333acb1d1d140ca657db3c0a83593d373857e0f00737,full_tensor_sha256,c4b00316a68b2affa0de0c5c7c2e7aef5bbc8bd2f3ffdd3d17399c18e63f17ba,123ea5ce324bb82567913e1514a410f2bb582a6d8528a6ea98fbb2b74646f92c,a789b01b17129967eecd25421cde715dc938f6e3b95b30f735ff978f0882361e,0.296527985483408,0.23098592646420002,0.25767902843654156,0.6934329867362976,0.16640988178551197,0.49744010902941227,0.06926292553544044,2.211738843470812,0.0,0.0,11.641513789072633,2.211738843470812,25.604474591091275,500,500,589.1072495305888,,589.1072495305888,False,False,ok
BNCI2014_001,resampled_spectral_raw_rooted_s1,resampled,spectral,raw_rooted,8,1788,2,500,500,1.0,22,253,0.022513855504711345,0.15004617790770727,9.10705541326269,0.8866894875540348,11.331051244596528,11.331051244596528,0.009098577384402935,5.360037897566831,0.008426626184238862,0.011139954377385521,0.10682716852547378,0.0001670993771270253,188.240737610482,5.716247880429664,0.03017952124818757,0.09236224807369398,0.1459989447547685,1789,cf9799963330ced6cf275fc1e781231654a9dd0b2e6c754413ebc3b1d350bebd,three_row_sha256,7f169937dbe2671ed60870586e208849e06a8e8beadcc94eece6a31a722cb3ca,123ea5ce324bb82567913e1514a410f2bb582a6d8528a6ea98fbb2b74646f92c,a789b01b17129967eecd25421cde715dc938f6e3b95b30f735ff978f0882361e,0.23973011411726475,0.2258080057799816,0.23631704971194267,0.5846789572387934,0.13899593614041805,0.9831329807639122,0.06378907710313797,2.4724521208554506,0.0,0.0,11.034355964511633,4.6841909643262625,36.63883055560291,1000,1000,589.1072495305888,,589.1072495305888,False,False,ok
BNCI2014_001,resampled_spectral_raw_rooted_s1,resampled,spectral,raw_rooted,8,1788,3,500,500,1.0,22,253,0.016695717975476965,0.12921191112075142,8.652600222006022,0.842442404126299,15.755759587370099,15.755759587370099,0.009162302078119407,5.397578576609322,0.006364373180018504,0.008420497357611608,0.0541094717008756,0.0001391687852905881,188.24073761048203,5.716247880429664,0.03017952124818757,0.09236224807369398,0.1459989447547685,1791,01a6c3eccb6df756cd3f918ce0e071f04550ab7ee36b1680aa7df9337c9bf1db,three_row_sha256,bfa5b7eb24afc180dfa2a6a754351a0a1f550ebbda89ffc71835788b6866620c,123ea5ce324bb82567913e1514a410f2bb582a6d8528a6ea98fbb2b74646f92c,a789b01b17129967eecd25421cde715dc938f6e3b95b30f735ff978f0882361e,0.2218449953943491,0.22898102179169655,0.22640801034867764,0.547903124243021,0.13339798897504807,0.6035889964550734,0.05926797166466713,2.021392108872533,0.0,0.0,10.257743066176772,6.705583073198795,46.89657362177968,1500,1500,589.1072495305888,,589.1072495305888,False,False,ok
BNCI2014_001,resampled_spectral_raw_rooted_s1,resampled,spectral,raw_rooted,8,1788,4,500,500,1.0,22,253,0.011733272044884828,0.10832022915819939,8.280501271929555,0.8062137646384787,19.378623536152134,19.378623536152134,0.008847294057400324,5.212005067943427,0.00447836775529314,0.005834808751925806,0.03917644699449083,0.00014268626273953377,188.24073761048203,5.716247880429664,0.03017952124818757,0.09236224807369398,0.1459989447547685,1794,b3c22e97c8f20e8421a7cd64815bdcc39842869c7f4e16addfb2d61fc06df0ef,three_row_sha256,60ba98df2bf0053b06947be4aa1773d169bfda5db3c434d4ecb9cf4842d5c0da,123ea5ce324bb82567913e1514a410f2bb582a6d8528a6ea98fbb2b74646f92c,a789b01b17129967eecd25421cde715dc938f6e3b95b30f735ff978f0882361e,0.23019802756607533,0.22309483028948307,0.2260140608996153,0.5591860972344875,0.1343139447271824,0.5854950286448002,0.05981605499982834,2.018118044361472,0.0,0.0,10.04607998766005,8.723701117560267,56.94265360943973,2000,2000,589.1072495305888,,589.1072495305888,False,False,ok
BNCI2014_001,resampled_spectral_raw_rooted_s1,resampled,spectral,raw_rooted,8,1788,5,500,500,1.0,22,253,0.007035696125093186,0.083879056534353,8.013149441014098,0.7801836103027722,21.981638969722788,21.981638969722788,0.008309370008878426,4.895110111262333,0.002747341537666062,0.0034536065998751787,0.024306175920585316,0.00013658533491150429,188.240737610482,5.716247880429664,0.03017952124818757,0.09236224807369398,0.1459989447547685,1798,cfb96e428a932652bea321911e5d8617a1a90b463be25eb92d98c623f96bd44e,three_row_sha256,417f48680060a32135d2db59481359859d35b6fdff8e787144f4acbf555587de,123ea5ce324bb82567913e1514a410f2bb582a6d8528a6ea98fbb2b74646f92c,a789b01b17129967eecd25421cde715dc938f6e3b95b30f735ff978f0882361e,0.21588802337646484,0.23329886607825756,0.2231390681117773,0.6763411220163107,0.1578941009938717,0.8577399421483278,0.07232720963656902,2.436628332361579,0.0,0.0,10.46177907846868,11.160329449921846,67.40443268790841,2500,2500,589.1072495305888,,589.1072495305888,False,False,ok
BNCI2014_001,resampled_spectral_raw_rooted_s1,resampled,spectral,raw_rooted,8,1788,6,500,500,1.0,22,253,0.004595376056286286,0.0677892030952296,7.819029992544677,0.7612835743990751,23.871642560092486,23.871642560092486,0.008539298517396706,5.030562662504208,0.0019074583653819323,0.0021296025277732053,0.020501808347462673,0.0001350139953970982,188.24073761048206,5.716247880429664,0.03017952124818757,0.09236224807369398,0.1459989447547685,1803,07e89665440ef652084ea9f85cf07bda839f7f0d3e14ebbd7b314a204bba31c6,three_row_sha256,db0e8f16755b4008e56c05a98befcca67b6bfd257c39d13e1a29f669f8f7be23,123ea5ce324bb82567913e1514a410f2bb582a6d8528a6ea98fbb2b74646f92c,a789b01b17129967eecd25421cde715dc938f6e3b95b30f735ff978f0882361e,0.22312207147479057,0.2220550086349249,0.2254159189760685,0.5512670613825321,0.14353892765939236,0.7464480586349964,0.07027201354503632,2.182119060307741,0.0,0.0,10.091746924445033,13.342448510229588,77.49617961235344,3000,3000,589.1072495305888,,589.1072495305888,False,False,ok
BNCI2014_001,resampled_spectral_raw_rooted_s1,resampled,spectral,raw_rooted,8,1788,7,500,500,1.0,22,253,0.0025025978603974127,0.050025971858599735,7.718563520490233,0.7515018655393063,24.849813446069366,24.849813446069366,0.008187051633067311,4.823051469321198,0.0011365663144059122,0.0011026682909116433,0.008681805546760325,0.00010169157873953469,188.240737610482,5.716247880429664,0.03017952124818757,0.09236224807369398,0.1459989447547685,1809,c29d0b6a46d65402b9871e1fb92f2a077725b4a18474c533faafb0aaa63a83b5,three_row_sha256,c3e869d70b1847eb0e1c33a87898d00e61e7ad607bb1665c4abeabf7d8d40926,123ea5ce324bb82567913e1514a410f2bb582a6d8528a6ea98fbb2b74646f92c,a789b01b17129967eecd25421cde715dc938f6e3b95b30f735ff978f0882361e,0.22293184883892536,0.2213180996477604,0.2210959792137146,0.5491680931299925,0.1321698073297739,0.8133521769195795,0.058440957218408585,2.218476962298155,0.0,0.0,10.10972005315125,15.560925472527742,87.6058996655047,3500,3500,589.1072495305888,,589.1072495305888,False,False,ok
BNCI2014_001,resampled_spectral_raw_rooted_s1,resampled,spectral,raw_rooted,8,1788,8,500,500,1.0,22,253,0.0016733825976503458,0.04090699937236103,7.6348537651172705,0.7433516395083072,25.66483604916928,25.66483604916928,0.008114797152374925,4.780485830934246,0.000854925674542402,0.000669349275971681,0.004849671354222946,9.35368931378233e-05,188.24073761048203,5.716247880429664,0.03017952124818757,0.09236224807369398,0.1459989447547685,1816,c43374600ca6d91413d297ebbe8300803729b4f37fda11f268664766bb6f61a2,three_row_sha256,6242e5d6b9f55e05c3d010ed8515178382b6ba2fb1cb799173d94183088a2767,123ea5ce324bb82567913e1514a410f2bb582a6d8528a6ea98fbb2b74646f92c,a789b01b17129967eecd25421cde715dc938f6e3b95b30f735ff978f0882361e,0.21469895727932453,0.22252602502703667,0.2227029763162136,0.5461920518428087,0.1331469975411892,0.9476658888161182,0.05783000960946083,2.344762906432152,0.0,0.0,9.481757180765271,17.905688378959894,97.08765684626997,4000,4000,589.1072495305888,,589.1072495305888,False,False,ok
BNCI2014_001,resampled_spectral_raw_rooted_s1,resampled,spectral,raw_rooted,8,1788,9,500,500,1.0,22,253,0.0011495912624233631,0.03390562287325456,7.577929873965075,0.7378093633734967,26.219063662650328,26.219063662650328,0.0075243037319378935,4.432621876154677,0.000631113386665585,0.0004254608252887199,0.0030561426554430444,0.00011809146628376476,188.24073761048203,5.716247880429665,0.03017952124818757,0.09236224807369398,0.1459989447547685,1824,8ea168199c9fac26db1a87cbc0fcc5b949b24598662a761f3628db904b5a51b8,three_row_sha256,ef92360c96d72c281f165b0b50f040a24edd46101c50ecf30849e64abf2121c6,123ea5ce324bb82567913e1514a410f2bb582a6d8528a6ea98fbb2b74646f92c,a789b01b17129967eecd25421cde715dc938f6e3b95b30f735ff978f0882361e,0.21346495486795902,0.2219090238213539,0.2208310179412365,0.5434611812233925,0.13248599134385586,0.736601185053587,0.05831988528370857,2.1270732395350933,0.0,0.0,9.719446999952197,20.032761618494987,106.80710384622216,4500,4500,589.1072495305888,,589.1072495305888,False,False,ok
BNCI2014_001,resampled_spectral_raw_rooted_s1,resampled,spectral,raw_rooted,8,1788,10,500,500,1.0,22,253,0.0008105413662592952,0.028470008188606042,7.543059624592513,0.7344142941503524,26.55857058496476,26.55857058496476,0.006516897389872586,3.8391514968209126,0.00048760512975480684,0.0002775378619284016,0.001688319953776567,9.550606147633995e-05,188.24073761048203,5.716247880429664,0.03017952124818757,0.09236224807369398,0.1459989447547685,1833,f3588469396c48de2c7ca8a56e61a5ea11ee2c46e0d6617cf9dc6c69f54b4ec3,three_row_sha256,7a113438fe291c02e0545731ac5896372388856a8119af7c3e5eb08b16ff6963,123ea5ce324bb82567913e1514a410f2bb582a6d8528a6ea98fbb2b74646f92c,a789b01b17129967eecd25421cde715dc938f6e3b95b30f735ff978f0882361e,0.21379906684160233,0.2219919115304947,0.22210297174751759,0.5497750826179981,0.13201800175011158,0.6655470933765173,0.07146410644054413,2.0766982343047857,0.0,0.0,10.869306046515703,22.109459852799773,117.67640989273787,5000,5000,589.1072495305888,,589.1072495305888,False,False,ok
BNCI2014_001,resampled_spectral_raw_rooted_s1,resampled,spectral,raw_rooted,8,1788,11,500,500,1.0,22,253,0.0006635363664129199,0.02575919964620252,7.552146092638877,0.7352989791917954,26.470102080820457,26.470102080820457,0.00592373957744278,3.4897179294028082,0.0004169610478955689,0.00021516653443000384,0.0014402592753942711,7.641508636977329e-05,188.24073761048203,5.716247880429664,0.03017952124818757,0.09236224807369398,0.1459989447547685,1843,04535e52fe5b0cf7a1eb0d9f2ddea6498ab21876155f590c1d4a9b8db4c3fd30,three_row_sha256,c362b132c222ff6fc6affca96de525c0dd912b58881e1722bdca15c2017065ec,123ea5ce324bb82567913e1514a410f2bb582a6d8528a6ea98fbb2b74646f92c,a789b01b17129967eecd25421cde715dc938f6e3b95b30f735ff978f0882361e,0.23254798725247383,0.2234999556094408,0.22652093321084976,0.6409308407455683,0.13494514860212803,0.7354510016739368,0.05911686457693577,2.2530127316713333,0.0,0.0,9.648157050833106,24.362472584471107,127.32456694357097,5500,5500,589.1072495305888,,589.1072495305888,False,False,ok
BNCI2014_001,resampled_spectral_raw_rooted_s1,resampled,spectral,raw_rooted,8,1788,12,500,500,1.0,22,253,0.0006829899524534409,0.02613407646069478,7.495453271545656,0.7297792007121418,27.022079928785825,27.022079928785825,0.006022711319719406,3.548022900276642,0.0003947172812242847,0.00023268776710516656,0.0021688311666234563,7.417485466750423e-05,188.24073761048203,5.716247880429664,0.03017952124818757,0.09236224807369398,0.1459989447547685,1854,d0df539394424309e187fa7962f3ce5895c286a0fcda45838ef5c4c6fa05c217,three_row_sha256,79e6ba240e3ea8d13f97d31120209afe1c71a6b2234cbe50933ce294c333f1c0,123ea5ce324bb82567913e1514a410f2bb582a6d8528a6ea98fbb2b74646f92c,a789b01b17129967eecd25421cde715dc938f6e3b95b30f735ff978f0882361e,0.21293316967785358,0.22945692762732506,0.22114301100373268,0.5493380594998598,0.1334301196038723,1.0347969364374876,0.05971197970211506,2.440810203552246,0.0,0.0,9.892594069242477,26.803282788023353,137.21716101281345,6000,6000,589.1072495305888,,589.1072495305888,False,False,ok
BNCI2014_001,resampled_spectral_raw_rooted_s1,resampled,spectral,raw_rooted,8,1788,13,500,500,1.0,22,253,0.0006007328821594685,0.02450985275678882,7.479687963385526,0.7282442443097377,27.175575569026233,27.175575569026233,0.005633877809749618,3.318958260693015,0.0003641886265518486,0.00019799220774612168,0.0013326373051435038,9.710481782430647e-05,188.24073761048203,5.716247880429664,0.03017952124818757,0.09236224807369398,0.1459989447547685,1866,3fab17fe00688a2046e004405a2e25801fdedeffb44f5d066516b8f92e3ce635,three_row_sha256,33511fac07a8e659a58a5b4efc0598be3c1b21a4edf0e9a091a699b940f02d0a,123ea5ce324bb82567913e1514a410f2bb582a6d8528a6ea98fbb2b74646f92c,a789b01b17129967eecd25421cde715dc938f6e3b95b30f735ff978f0882361e,0.23346603848040104,0.2252478152513504,0.2412288449704647,0.5933130159974098,0.13931584544479847,0.5881958641111851,0.06034807302057743,2.081115497276187,0.0,0.0,10.391715914011002,28.88439828529954,147.60887692682445,6500,6500,589.1072495305888,,589.1072495305888,False,False,ok
BNCI2014_001,resampled_spectral_raw_rooted_s1,resampled,spectral,raw_rooted,8,1788,14,500,500,1.0,22,253,0.0005523773229380015,0.023502708842556883,7.472751999049101,0.7275689385842228,27.243106141577726,27.243106141577726,0.00573713170063754,3.37978587635733,0.0003287599423225125,0.00018300348707885018,0.0016134449434077255,6.722708035917529e-05,188.24073761048203,5.716247880429664,0.03017952124818757,0.09236224807369398,0.1459989447547685,1879,1cd71443c1965b9a677d90c75207543e956c6eef4127107729da16f33fcc0d83,three_row_sha256,4f5b87c82a41a071c9a9ef01247cea73ce170020524d91b913be4ee1c533a618,123ea5ce324bb82567913e1514a410f2bb582a6d8528a6ea98fbb2b74646f92c,a789b01b17129967eecd25421cde715dc938f6e3b95b30f735ff978f0882361e,0.2531071659177542,0.22878218442201614,0.24208193644881248,0.6042160093784332,0.14263601042330265,0.6799919065088034,0.06289198063313961,2.2137071937322617,0.0,0.0,9.707876946777105,31.0981054790318,157.31675387360156,7000,7000,589.1072495305888,,589.1072495305888,False,False,ok
BNCI2014_001,resampled_spectral_raw_rooted_s1,resampled,spectral,raw_rooted,8,1788,15,500,500,1.0,22,253,0.0005098910067707669,0.02258076630167291,7.475075185479409,0.7277951307936588,27.220486920634123,27.220486920634123,0.005443788685613419,3.20697537960746,0.0003208745679969573,0.0001610625332795516,0.0012329306911831907,6.74822124996563e-05,188.240737610482,5.716247880429664,0.03017952124818757,0.09236224807369398,0.1459989447547685,1893,fd8092c838368f64accce01a123cb531f813f450520c1c6e06e92ce38eeb168f,three_row_sha256,0ad3e0fed0225bfd09c06cd5d84bb4ad04847e66c8c700d992ca0a6756855f67,123ea5ce324bb82567913e1514a410f2bb582a6d8528a6ea98fbb2b74646f92c,a789b01b17129967eecd25421cde715dc938f6e3b95b30f735ff978f0882361e,0.23650401271879673,0.224054092541337,0.2249530516564846,0.5872950423508883,0.1358578447252512,0.8574770763516426,0.07600896060466766,2.342150080949068,0.0,0.0,11.792099103331566,33.44025555998087,169.10885297693312,7500,7500,589.1072495305888,,589.1072495305888,False,False,ok
BNCI2014_001,resampled_spectral_raw_rooted_s1,resampled,spectral,raw_rooted,8,1788,16,500,500,1.0,22,253,0.0005229725896939981,0.022868593959708108,7.490662101024536,0.7293127183705532,27.06872816294468,27.06872816294468,0.005459036751256702,3.2159581256192364,0.00032400351304898725,0.00016894301933156338,0.0012145432662699096,8.280582015577785e-05,188.24073761048206,5.716247880429665,0.03017952124818757,0.09236224807369398,0.1459989447547685,1908,0a3122ec2ce1c90c6f7501dafa98b736c1dd0ad3a16f901b0e6db75ce842e126,three_row_sha256,1d1f07ff2c889519b18e3420cd34c7c4a70b111cb9bd06220c5f2bdddc55869c,123ea5ce324bb82567913e1514a410f2bb582a6d8528a6ea98fbb2b74646f92c,a789b01b17129967eecd25421cde715dc938f6e3b95b30f735ff978f0882361e,0.24295994080603123,0.2265111543238163,0.23665488697588444,0.5874668713659048,0.14671916142106056,0.7615860085934401,0.0688598956912756,2.270757919177413,0.0,0.0,9.044057922437787,35.71101347915828,178.1529108993709,8000,8000,589.1072495305888,,589.1072495305888,False,False,ok
BNCI2014_001,resampled_spectral_raw_rooted_s1,resampled,spectral,raw_rooted,8,1788,17,500,500,1.0,22,253,0.0004837667015643097,0.02199469712372302,7.483996290138493,0.7286637155732199,27.133628442678017,27.133628442678017,0.005267870052910625,3.103340437754735,0.0003226196115908866,0.00014460016134304284,0.0009152812704972648,6.714432084866347e-05,188.24073761048203,5.716247880429664,0.03017952124818757,0.09236224807369398,0.1459989447547685,1924,097ab6cd0ec864951ac1c67d7274fa8cec6105ff2b694abf4421a6faa08b8504,three_row_sha256,6c0dbecc7d5408ed1996da153d9da5fb09905428e29bbfefebe8c16b827c22af,123ea5ce324bb82567913e1514a410f2bb582a6d8528a6ea98fbb2b74646f92c,a789b01b17129967eecd25421cde715dc938f6e3b95b30f735ff978f0882361e,0.22355513647198677,0.2231360413134098,0.22311601787805557,0.5654981359839439,0.13509811833500862,0.6182200741022825,0.05728704854846001,2.0459105726331472,0.0,0.0,9.347304934635758,37.75692405179143,187.50021583400667,8500,8500,589.1072495305888,,589.1072495305888,False,False,ok
BNCI2014_001,resampled_spectral_raw_rooted_s1,resampled,spectral,raw_rooted,8,1788,18,500,500,1.0,22,253,0.0005316754304334094,0.023058088178194856,7.438141071797225,0.724199117719397,27.58008822806029,27.58008822806029,0.005718936972923665,3.3690672303578517,0.00032159058714773637,0.00017329036607915,0.0016091438845664652,5.6996919871599744e-05,188.24073761048203,5.716247880429664,0.03017952124818757,0.09236224807369398,0.1459989447547685,1941,f80f0272a4867315baaeaa2e3ed5cf61c8c6430e3f86f6e259a602a229a7f23a,three_row_sha256,b26aab21143da0632a3760e11e28b3e9aa857bf8f8bec6eb97d426ca93470722,123ea5ce324bb82567913e1514a410f2bb582a6d8528a6ea98fbb2b74646f92c,a789b01b17129967eecd25421cde715dc938f6e3b95b30f735ff978f0882361e,0.20813383162021637,0.22177491337060928,0.22167619317770004,0.5401009693741798,0.1325639896094799,0.8385370019823313,0.056510791182518005,2.2192976903170347,0.0,0.0,9.376373840495944,39.976221742108464,196.8765896745026,9000,9000,589.1072495305888,,589.1072495305888,False,False,ok
BNCI2014_001,resampled_spectral_raw_rooted_s1,resampled,spectral,raw_rooted,8,1788,19,500,500,1.0,22,253,0.00046508103587657103,0.02156573754538831,7.446251293633084,0.7249887525812994,27.50112474187007,27.50112474187007,0.005344473932796726,3.148468338737808,0.00030256745388327635,0.00014273066241023838,0.0009220170442550581,6.447828427885419e-05,188.240737610482,5.716247880429664,0.03017952124818757,0.09236224807369398,0.1459989447547685,1959,163f4031c11c86a6f0d3f9b5a23f3037473b77af3abcd905dabe1c7e79bf2671,three_row_sha256,cd691816198d27d8f9252e24a6d58b4cd3a429a5f554ae0cff51ee20b8fae1c5,123ea5ce324bb82567913e1514a410f2bb582a6d8528a6ea98fbb2b74646f92c,a789b01b17129967eecd25421cde715dc938f6e3b95b30f735ff978f0882361e,0.21568289957940578,0.22379588335752487,0.2240198664367199,0.5484370049089193,0.14066603034734726,0.582028878852725,0.05803094245493412,1.9926615059375763,0.0,0.0,8.801765972748399,41.96888324804604,205.678355647251,9500,9500,589.1072495305888,,589.1072495305888,False,False,ok
BNCI2014_001,resampled_spectral_raw_rooted_s1,resampled,spectral,raw_rooted,8,1788,20,500,500,1.0,22,253,0.0004798727764187587,0.02190599864007023,7.462221537858151,0.7265436621569471,27.345633784305285,27.345633784305285,0.005445238371224396,3.207829399910427,0.000309030037436921,0.0001453164544204052,0.001096485593873439,7.818567091527815e-05,188.24073761048203,5.716247880429664,0.03017952124818757,0.09236224807369398,0.1459989447547685,1978,82a8221ce957fd975f4080310b0e7cd587cb02ff367979a49c5bc743eb5f92ea,three_row_sha256,a1a9290f99017f2edcf99dddda2048cbe1b7a09844036e2024b5605ec645214c,123ea5ce324bb82567913e1514a410f2bb582a6d8528a6ea98fbb2b74646f92c,a789b01b17129967eecd25421cde715dc938f6e3b95b30f735ff978f0882361e,0.21262397058308125,0.22255000658333302,0.2213539555668831,0.544099835678935,0.142768956720829,0.9715238120406866,0.058379024267196655,2.3732995614409447,0.0,0.0,12.490954017266631,44.342182809486985,218.16930966451764,10000,10000,589.1072495305888,,589.1072495305888,False,False,ok
BNCI2014_001,resampled_spectral_raw_rooted_s1,resampled,spectral,raw_rooted,8,1788,21,500,500,1.0,22,253,0.0005000737264008087,0.022362328286670168,7.466053357061053,0.7269167392550038,27.30832607449962,27.30832607449962,0.005461460850716366,3.2173861801845076,0.00031293661452905133,0.00015888352925599105,0.0010757822217769455,6.411303878233981e-05,188.24073761048203,5.716247880429664,0.03017952124818757,0.09236224807369398,0.1459989447547685,1998,0cb2e6dd7c9589a659b8569432b0d31e5d81711180bfd0dbb4be16126e00062c,three_row_sha256,1a4ca12da5e1003c2da4f32ff75be7370a5725741de06f91b128735c912ca43d,123ea5ce324bb82567913e1514a410f2bb582a6d8528a6ea98fbb2b74646f92c,a789b01b17129967eecd25421cde715dc938f6e3b95b30f735ff978f0882361e,0.24536694400012493,0.22587203420698643,0.2378260251134634,0.5913418717682362,0.13783201575279236,0.6103259511291981,0.06235088221728802,2.1109157241880894,0.0,0.0,9.998142952099442,46.453098533675075,228.16745261661708,10500,10500,589.1072495305888,,589.1072495305888,False,False,ok
BNCI2014_001,resampled_spectral_raw_rooted_s1,resampled,spectral,raw_rooted,8,1788,22,500,500,1.0,22,253,0.0005066107885934774,0.022508016096348372,7.441521075705862,0.7245282047620998,27.547179523790025,27.547179523790025,0.005552652492961056,3.2711078377274547,0.00030983580556783065,0.00016410185741172074,0.0012211190305408085,6.238762371731205e-05,188.24073761048203,5.716247880429664,0.03017952124818757,0.09236224807369398,0.1459989447547685,2019,322f1369bf6b0434e59d8982e0ad0dc625b18d75e37dccd843379e7b456785ac,three_row_sha256,1bddb69508395a33849cd7c49e9156d7cca7be1ce3805a259d2264aeee8b3440,123ea5ce324bb82567913e1514a410f2bb582a6d8528a6ea98fbb2b74646f92c,a789b01b17129967eecd25421cde715dc938f6e3b95b30f735ff978f0882361e,0.2262259367853403,0.2222880721092224,0.22350787185132504,0.5593560636043549,0.1334180124104023,0.639831181615591,0.057203928008675575,2.0618310663849115,0.0,0.0,10.184522019699216,48.514929600059986,238.3519746363163,11000,11000,589.1072495305888,,589.1072495305888,False,False,ok
BNCI2014_001,resampled_spectral_raw_rooted_s1,resampled,spectral,raw_rooted,8,1788,23,500,500,1.0,22,253,0.0004799536142855855,0.021907843670374898,7.395469783938891,0.7200445166274486,27.99554833725514,27.99554833725514,0.005434180951951132,3.201315394055448,0.0003047744100991255,0.00015014549608485908,0.0009988989066889303,6.181135995059482e-05,188.240737610482,5.716247880429664,0.03017952124818757,0.09236224807369398,0.1459989447547685,2041,2c0bc27756b669dda899bdc33f44d754815534849df0cf691ce48966f3ff9896,three_row_sha256,4637843593cb54e929c6910cd9f6a43aa2f2aa2d492aceada303b35d6a461729,123ea5ce324bb82567913e1514a410f2bb582a6d8528a6ea98fbb2b74646f92c,a789b01b17129967eecd25421cde715dc938f6e3b95b30f735ff978f0882361e,0.205666059628129,0.22315396927297115,0.22218120284378529,0.5316170863807201,0.1384480856359005,0.6037270650267601,0.057470984756946564,1.9822644535452127,0.0,0.0,10.532084852457047,50.4971940536052,248.88405948877335,11500,11500,589.1072495305888,,589.1072495305888,False,False,ok
BNCI2014_001,resampled_spectral_raw_rooted_s1,resampled,spectral,raw_rooted,8,1788,24,500,500,1.0,22,253,0.0005308047999718224,0.02303920137443619,7.401222713608667,0.7206046386459661,27.939536135403383,27.939536135403383,0.005501115559276825,3.2407470564754965,0.00032660272854057433,0.00017200583909291248,0.0012346438037651726,7.387910702990027e-05,188.240737610482,5.716247880429664,0.03017952124818757,0.09236224807369398,0.1459989447547685,2064,1c18b32848187a2f196ba50e4dce8702e885f64267087ae0ea2340f0d2e7c6b4,three_row_sha256,424c77e1e39e7caa013795dbd0add7e8cd48ea3680a36751099419ef2196f77c,123ea5ce324bb82567913e1514a410f2bb582a6d8528a6ea98fbb2b74646f92c,a789b01b17129967eecd25421cde715dc938f6e3b95b30f735ff978f0882361e,0.20845700055360794,0.22293790243566036,0.2219150774180889,0.5549739580601454,0.1329360529780388,0.6918329745531082,0.06858096458017826,2.101633930578828,0.0,0.0,14.139136066660285,52.59882798418403,263.02319555543363,12000,12000,589.1072495305888,,589.1072495305888,False,False,ok
BNCI2014_001,resampled_spectral_raw_rooted_s1,resampled,spectral,raw_rooted,8,1788,25,500,500,1.0,22,253,0.00046504282986133117,0.021564851723611066,7.399101364806325,0.7203980979369097,27.960190206309036,27.960190206309036,0.0052801540614722565,3.110577036251689,0.0002985154073944459,0.0001478477377677636,0.0008371969273817244,6.312981733499984e-05,188.240737610482,5.716247880429664,0.03017952124818757,0.09236224807369398,0.1459989447547685,2088,d8b6eb9217cf5ec2b4704e6da9ab2d7e9cb3d82d7afbe30e073df4fc945e4d9a,three_row_sha256,50629bad2719000aa7d031fe219d5e6fc9edc5a5ba46c26ac14fc7c63b6e2ece,123ea5ce324bb82567913e1514a410f2bb582a6d8528a6ea98fbb2b74646f92c,a789b01b17129967eecd25421cde715dc938f6e3b95b30f735ff978f0882361e,0.2538519911468029,0.22555305622518063,0.23638014681637287,0.5965400487184525,0.13762013986706734,0.6894180551171303,0.06287312135100365,2.20223655924201,0.0,0.0,12.331817066296935,54.80106454342604,275.35501262173057,12500,12500,589.1072495305888,,589.1072495305888,False,False,ok
BNCI2014_001,resampled_spectral_raw_rooted_s1,resampled,spectral,raw_rooted,8,1788,26,500,500,1.0,22,253,0.00047894717881988297,0.02188486186430892,7.405628466484237,0.7210335956010144,27.896640439898558,27.896640439898558,0.005452700075585962,3.21222514404368,0.00030580585667543765,0.00014813538564800342,0.0012382147322100858,4.010575861827858e-05,188.240737610482,5.716247880429664,0.03017952124818757,0.09236224807369398,0.1459989447547685,2113,5df2e1802a297f5230b57ec5628c652c3a4d34270d9454b63beb6f4248ad2060,three_row_sha256,21f44e9a6f36b1974d07e73fe586e8c8ccb368721fc76c98b2f55111d574eccc,123ea5ce324bb82567913e1514a410f2bb582a6d8528a6ea98fbb2b74646f92c,a789b01b17129967eecd25421cde715dc938f6e3b95b30f735ff978f0882361e,0.25436608120799065,0.2224799245595932,0.23031909950077534,0.6497071590274572,0.14928379096090794,0.6494540721178055,0.09291199967265129,2.248522127047181,0.0,0.0,13.20884982123971,57.04958667047322,288.5638624429703,13000,13000,589.1072495305888,,589.1072495305888,False,False,ok
BNCI2014_001,resampled_spectral_raw_rooted_s1,resampled,spectral,raw_rooted,8,1788,27,500,500,1.0,22,253,0.00045139126512940334,0.02124597056218904,7.42699104418838,0.7231135184979076,27.68864815020924,27.68864815020924,0.005364610859159756,3.1603311480415326,0.00029181875861431314,0.00013749641310951228,0.0009707875317131226,6.54396338100851e-05,188.240737610482,5.716247880429664,0.03017952124818757,0.09236224807369398,0.1459989447547685,2139,79df6e2b80ea9145139c090f2c324d7e8b256117661b8d41eb0f4bee5d3b129d,three_row_sha256,7c435ae68f8e1051ce5951507cf208dc64cb8def1aa1ddd5ff3fc6b8516621a6,123ea5ce324bb82567913e1514a410f2bb582a6d8528a6ea98fbb2b74646f92c,a789b01b17129967eecd25421cde715dc938f6e3b95b30f735ff978f0882361e,0.3232590388506651,0.23629702627658844,0.238724984228611,0.8217380382120609,0.20322483032941818,0.6585828959941864,0.08475896902382374,2.5665857829153538,0.0,0.0,14.724608045071363,59.61617245338857,303.28847048804164,13500,13500,589.1072495305888,,589.1072495305888,False,False,ok
BNCI2014_001,resampled_spectral_raw_rooted_s1,resampled,spectral,raw_rooted,8,1788,28,500,500,1.0,22,253,0.0005026425615880019,0.022419691380302312,7.38789520941045,0.7193070339503055,28.06929660496945,28.06929660496945,0.005468222911648162,3.2213697593011967,0.00030990028045116267,0.000165145686008071,0.0010369693810354705,6.968978308252545e-05,188.240737610482,5.716247880429664,0.03017952124818757,0.09236224807369398,0.1459989447547685,2166,b7be5ac78eacab3ba8c3d61e3845c0abc744465b9cf74edde45ea9d315170b77,three_row_sha256,3b33bc585e0c36f83012bf660a7807bdd66513dfd6c2f826e718cc3d552c1244,123ea5ce324bb82567913e1514a410f2bb582a6d8528a6ea98fbb2b74646f92c,a789b01b17129967eecd25421cde715dc938f6e3b95b30f735ff978f0882361e,0.3339198883622885,0.24067098274827003,0.3546129446476698,0.8976829703897238,0.2079010009765625,0.7406140211969614,0.09337998926639557,2.8687817975878716,0.0,0.0,13.958322117105126,62.48495425097644,317.24679260514677,14000,14000,589.1072495305888,,589.1072495305888,False,False,ok
BNCI2014_001,resampled_spectral_raw_rooted_s1,resampled,spectral,raw_rooted,8,1788,29,500,500,1.0,22,253,0.0004429847015256704,0.021047201750486223,7.37816633432526,0.7183598022851505,28.164019771484952,28.164019771484952,0.005279770020988848,3.1103507952187996,0.0002963955106350672,0.00013143140521240112,0.0008582923966889198,6.672107596979217e-05,188.24073761048203,5.716247880429664,0.03017952124818757,0.09236224807369398,0.1459989447547685,2194,df3e861d609f1bc6be3976563710ab98babfe9087b076afa49a446d191bd5b0c,three_row_sha256,32e0e70d60bd10aab5d00ba8e97aba734d8d2cc66f2b02a3766369217bf20f13,123ea5ce324bb82567913e1514a410f2bb582a6d8528a6ea98fbb2b74646f92c,a789b01b17129967eecd25421cde715dc938f6e3b95b30f735ff978f0882361e,0.3319729585200548,0.24169101379811764,0.23858482018113136,0.8474988862872124,0.2106139436364174,0.8179580327123404,0.08786004036664963,2.7761796955019236,0.0,0.0,14.515466056764126,65.26113394647837,331.7622586619109,14500,14500,589.1072495305888,,589.1072495305888,False,False,ok
BNCI2014_001,resampled_spectral_raw_rooted_s1,resampled,spectral,raw_rooted,8,1788,30,500,500,1.0,22,253,0.00047830245880741426,0.0218701270871345,7.389977023495648,0.7195097254439466,28.04902745560533,28.04902745560533,0.005405317088461059,3.184311482823985,0.0003008624331374268,0.00015276075890615075,0.0009809464393479674,6.245233355717768e-05,188.24073761048203,5.716247880429665,0.03017952124818757,0.09236224807369398,0.1459989447547685,2223,cf87b3a52a30788aa409432b3dbf2b6e6b3130e97baae032cb0978a2afb4e00c,three_row_sha256,ad7a96c2f1e1007d8f88be715140ae2d12afe8d86bc1372bdd11b683656652d7,123ea5ce324bb82567913e1514a410f2bb582a6d8528a6ea98fbb2b74646f92c,a789b01b17129967eecd25421cde715dc938f6e3b95b30f735ff978f0882361e,0.36253384314477444,0.24217716418206692,0.25822711177170277,0.8933409117162228,0.20953593775629997,0.8563268929719925,0.09327009320259094,2.9154119547456503,0.0,0.0,13.94278509542346,68.17654590122402,345.70504375733435,15000,15000,589.1072495305888,,589.1072495305888,False,False,ok
BNCI2014_001,resampled_spectral_raw_rooted_s1,resampled,spectral,raw_rooted,8,1788,31,500,500,1.0,22,253,0.00045964180357712563,0.02143925846612064,7.392463125364251,0.7197517795758089,28.02482204241911,28.02482204241911,0.005265074982863873,3.1016938417272484,0.00030334379059000717,0.00013872842628219757,0.0008783282360614562,6.66066169511834e-05,188.240737610482,5.716247880429665,0.03017952124818757,0.09236224807369398,0.1459989447547685,2253,1901bc1ba4b16829e035923354ef6779542ca7fa4da7dd93507648593b9d2b11,three_row_sha256,8462a4668ef4a13efb866adaa5fdaf8808641c026d91d91cf2dbb401a6302ec3,123ea5ce324bb82567913e1514a410f2bb582a6d8528a6ea98fbb2b74646f92c,a789b01b17129967eecd25421cde715dc938f6e3b95b30f735ff978f0882361e,0.3095930442214012,0.2342581283301115,0.23464811965823174,0.8421097882091999,0.19741803407669067,0.6394078955054283,0.08696806617081165,2.544403076171875,0.0,0.0,13.232158962637186,70.72094897739589,358.93720271997154,15500,15500,589.1072495305888,,589.1072495305888,False,False,ok
BNCI2014_001,resampled_spectral_raw_rooted_s1,resampled,spectral,raw_rooted,8,1788,32,500,500,1.0,22,253,0.0004669744009996673,0.021609590486625776,7.37157848085098,0.71771838964889,28.228161035111,28.228161035111,0.005355313358212383,3.1548539228309176,0.00030093286559477545,0.0001418875341464989,0.0009522111312501515,7.623958250134929e-05,188.240737610482,5.716247880429664,0.03017952124818757,0.09236224807369398,0.1459989447547685,2284,b16ae258a359a3ba0fc3318eb85a1311e1f92d47211150fb4625adba7ea01c64,three_row_sha256,2b346ac047064164b72620d6d56b59f0ea1141d0efac1c3532d15f3c07e30ee9,123ea5ce324bb82567913e1514a410f2bb582a6d8528a6ea98fbb2b74646f92c,a789b01b17129967eecd25421cde715dc938f6e3b95b30f735ff978f0882361e,0.32302201725542545,0.23927981965243816,0.24475413374602795,0.8730359841138124,0.2019200474023819,0.8632009848952293,0.08718296885490417,2.8323959559202194,0.0,0.0,13.58539005741477,73.55334493331611,372.5225927773863,16000,16000,589.1072495305888,,589.1072495305888,False,False,ok
BNCI2014_001,resampled_spectral_raw_rooted_s1,resampled,spectral,raw_rooted,8,1788,33,500,500,1.0,22,253,0.00047097987858227703,0.021702070836265304,7.369818906179461,0.7175470723247931,28.245292767520684,28.245292767520684,0.005269880581218021,3.1045248545560087,0.0003080201463033768,0.00014369268746986652,0.0009211941633228361,5.381886738228167e-05,188.24073761048203,5.716247880429664,0.03017952124818757,0.09236224807369398,0.1459989447547685,2316,0d05b33340dd98ec74a8425bee721a08c6c104654c0abdfa560877c6610a65e2,three_row_sha256,ac3b6fd63d28fb13279ec1359bb3133019b04aa55449d8bfd16436f31c4a3551,123ea5ce324bb82567913e1514a410f2bb582a6d8528a6ea98fbb2b74646f92c,a789b01b17129967eecd25421cde715dc938f6e3b95b30f735ff978f0882361e,0.3172080032527447,0.2363149542361498,0.23914407938718796,0.8539480622857809,0.19939197227358818,0.8214861154556274,0.08742394857108593,2.754917135462165,0.0,0.0,14.001216040924191,76.30826206877828,386.5238088183105,16500,16500,589.1072495305888,,589.1072495305888,False,False,ok
BNCI2014_001,resampled_spectral_raw_rooted_s1,resampled,spectral,raw_rooted,8,1788,34,500,500,1.0,22,253,0.00046446803619491463,0.021551520507725543,7.321097393163596,0.712803403658192,28.7196596341808,28.7196596341808,0.005400060635178412,3.1812148680883587,0.0003033785678833451,0.00013936498477454222,0.0009984065744748725,7.262543839948935e-05,188.24073761048203,5.716247880429665,0.03017952124818757,0.09236224807369398,0.1459989447547685,2349,207bd8562650528cb5c2476bb9cc6ca3204ab984a5b8e8af8acdce919d35f407,three_row_sha256,18e6a7dbc236061da6f68199671745ba10f4659581a65e29a2625d9112c68e06,123ea5ce324bb82567913e1514a410f2bb582a6d8528a6ea98fbb2b74646f92c,a789b01b17129967eecd25421cde715dc938f6e3b95b30f735ff978f0882361e,0.3523880150169134,0.24066097103059292,0.25959312915802,0.8921769913285971,0.20818784832954407,0.9592289570719004,0.09428686462342739,3.0065227765589952,0.0,0.0,13.417580863460898,79.31478484533727,399.9413896817714,17000,17000,589.1072495305888,,589.1072495305888,False,False,ok
BNCI2014_001,resampled_spectral_raw_rooted_s1,resampled,spectral,raw_rooted,8,1788,35,500,500,1.0,22,253,0.00046772300416727614,0.021626904636754565,7.312219497419583,0.7119390258246769,28.8060974175323,28.8060974175323,0.005471199828407045,3.223123482545103,0.0002929686709017006,0.00014835198812076426,0.0010616773929268135,5.585755238566651e-05,188.24073761048206,5.716247880429664,0.03017952124818757,0.09236224807369398,0.1459989447547685,2383,15d6e030f98d641a87d1ba9023452c1cf491aa5922bad00283b8235784d345f8,three_row_sha256,f9695f4ec27c21c7479665f42561a8cfd93899540ca159b9fc0796c7f61ef254,123ea5ce324bb82567913e1514a410f2bb582a6d8528a6ea98fbb2b74646f92c,a789b01b17129967eecd25421cde715dc938f6e3b95b30f735ff978f0882361e,0.3243759274482727,0.23960601538419724,0.24453201331198215,0.8644470945000648,0.20244414918124676,0.7887040264904499,0.08824188262224197,2.7523511089384556,0.0,0.0,13.74548114836216,82.06713595427573,413.68687083013356,17500,17500,589.1072495305888,,589.1072495305888,False,False,ok
BNCI2014_001,resampled_spectral_raw_rooted_s1,resampled,spectral,raw_rooted,8,1788,36,500,500,1.0,22,253,0.0004645779086718428,0.02155406942254392,7.314307123474093,0.7121422831886085,28.78577168113915,28.78577168113915,0.005364526386146903,3.1602813843772712,0.00029419113528855403,0.00014671763217953047,0.0009267257660785571,4.770938509074698e-05,188.24073761048203,5.716247880429664,0.03017952124818757,0.09236224807369398,0.1459989447547685,2418,736c9ca42809f6f62aa8010c8abcffbae0dbf35f3542ffa50586a73a5f48d9e1,three_row_sha256,c3c7a26abba04ff67a9015ba552af96bb7652b55d0dc7a9bb5ddf2757abaabef,123ea5ce324bb82567913e1514a410f2bb582a6d8528a6ea98fbb2b74646f92c,a789b01b17129967eecd25421cde715dc938f6e3b95b30f735ff978f0882361e,0.3113870043307543,0.23590796627104282,0.23442297242581844,0.835831044241786,0.1952000893652439,0.7548090070486069,0.09544286876916885,2.663000952452421,0.0,0.0,9.971541119739413,84.73013690672815,423.65841194987297,18000,18000,589.1072495305888,,589.1072495305888,False,False,ok
BNCI2014_001,resampled_spectral_raw_rooted_s1,resampled,spectral,raw_rooted,8,1788,37,500,500,1.0,22,253,0.00044311572240934394,0.021050314069137873,7.338261177083307,0.7144745197410143,28.55254802589857,28.55254802589857,0.005210548924587683,3.0695721455084173,0.0002942645624968381,0.00013288599957724616,0.0007932010886128755,7.628181850821326e-05,188.240737610482,5.716247880429664,0.03017952124818757,0.09236224807369398,0.1459989447547685,2454,fc17edcfc3929a1b3dcddbef327d9e1fc777b57f58465794e6d901f232ae1bcd,three_row_sha256,7847f2fe7a2fd89bf175d10cd3a55c8b5872edf857d9b08695276266bbb51e85,123ea5ce324bb82567913e1514a410f2bb582a6d8528a6ea98fbb2b74646f92c,a789b01b17129967eecd25421cde715dc938f6e3b95b30f735ff978f0882361e,0.2661410253494978,0.2261779736727476,0.2572720404714346,0.5928550381213427,0.140039948746562,0.6818040274083614,0.06125587970018387,2.22554593347013,0.0,0.0,11.840710882097483,86.95568284019828,435.49912283197045,18500,18500,589.1072495305888,,589.1072495305888,False,False,ok
BNCI2014_001,resampled_spectral_raw_rooted_s1,resampled,spectral,raw_rooted,8,1788,38,500,500,1.0,22,253,0.0004600435196586107,0.02144862512280474,7.342466397112495,0.714883952233025,28.511604776697492,28.511604776697492,0.0053967042165411145,3.179237577536667,0.000292085630651266,0.0001440642735845796,0.0009509509444433366,5.8002487834284915e-05,188.24073761048203,5.716247880429664,0.03017952124818757,0.09236224807369398,0.1459989447547685,2491,0d89d595950a98a081921e644dc2c004fa7729d58efe57a3f5672851fddd628c,three_row_sha256,96ef8b8c97856eed2146155dc89134cfa5a82b482bd9cf2f8bd279558606bf76,123ea5ce324bb82567913e1514a410f2bb582a6d8528a6ea98fbb2b74646f92c,a789b01b17129967eecd25421cde715dc938f6e3b95b30f735ff978f0882361e,0.30162790790200233,0.23930310271680355,0.25923410430550575,0.7570160087198019,0.1582130789756775,1.7388991545885801,0.08743489161133766,3.541728248819709,0.0,0.0,13.378318166360259,90.49741108901799,448.8774409983307,19000,19000,589.1072495305888,,589.1072495305888,False,False,ok
BNCI2014_001,resampled_spectral_raw_rooted_s1,resampled,spectral,raw_rooted,8,1788,39,500,500,1.0,22,253,0.00046113374248075935,0.02147402483189305,7.329398879808107,0.713611660619936,28.6388339380064,28.6388339380064,0.005460425637333173,3.2167763284756576,0.0002924258053757826,0.00014222687324702646,0.0010780343011686936,6.942379131003165e-05,188.24073761048203,5.716247880429664,0.03017952124818757,0.09236224807369398,0.1459989447547685,2529,afc4f64cb9fd4a60d4cbcdad84fdcd98558ae57c223b156c3e40823d692b15cf,three_row_sha256,0eb77dbc670842efb52c3daede7d88d2e0a69ada607a2425b2c117e5a212769b,123ea5ce324bb82567913e1514a410f2bb582a6d8528a6ea98fbb2b74646f92c,a789b01b17129967eecd25421cde715dc938f6e3b95b30f735ff978f0882361e,0.3108391538262367,0.23678410798311234,0.26600691489875317,0.6545870564877987,0.18178904429078102,0.8299858309328556,0.07799011655151844,2.557982224971056,0.0,0.0,10.75506885536015,93.05539331398904,459.63250985369086,19500,19500,589.1072495305888,,589.1072495305888,False,False,ok
BNCI2014_001,resampled_spectral_raw_rooted_s1,resampled,spectral,raw_rooted,8,1788,40,500,500,1.0,22,253,0.0004898360208973872,0.022132239400869204,7.308586707621026,0.7115853268101544,28.841467318984563,28.841467318984563,0.005583913057180405,3.2895236627334894,0.0002960124138665019,0.0001618572932096405,0.0010986631894282144,6.387329049675011e-05,188.24073761048203,5.716247880429664,0.03017952124818757,0.09236224807369398,0.1459989447547685,2568,e2b7d86b1b23c36d09bdb056e241e6134790e59d9447cea71a5206093a6ab6bc,three_row_sha256,8e33e583d21a3423858cb7c466cbd5a95067fd4a83b8d4ce25b1191ffa2792bb,123ea5ce324bb82567913e1514a410f2bb582a6d8528a6ea98fbb2b74646f92c,a789b01b17129967eecd25421cde715dc938f6e3b95b30f735ff978f0882361e,0.2704230137169361,0.22650300525128841,0.24557486176490784,0.6025049369782209,0.13967999257147312,0.7589240558445454,0.06440095603466034,2.308010822162032,0.0,0.0,10.130095994099975,95.36340413615108,469.76260584779084,20000,20000,589.1072495305888,,589.1072495305888,False,False,ok
BNCI2014_001,resampled_spectral_raw_rooted_s1,resampled,spectral,raw_rooted,8,1788,41,500,500,1.0,22,253,0.0004605783888715964,0.021461090113775592,7.298115649289406,0.7105658340185885,28.943416598141148,28.943416598141148,0.005383537750561945,3.17148111697764,0.00029423484136766113,0.000142853469144629,0.0009845593481091295,6.920382575000225e-05,188.240737610482,5.716247880429664,0.03017952124818757,0.09236224807369398,0.1459989447547685,2608,65425b6a8353223e5ebe9a311ed8587d9ee50e9f03a3a3f5716c3ef16675c852,three_row_sha256,4a0d7ac997e519712ded717d48b93a68156dc980b26eddc90b380dd580939043,123ea5ce324bb82567913e1514a410f2bb582a6d8528a6ea98fbb2b74646f92c,a789b01b17129967eecd25421cde715dc938f6e3b95b30f735ff978f0882361e,0.24954299442470074,0.2241339534521103,0.23363390937447548,0.596310943365097,0.13757194392383099,0.896344892680645,0.06254692561924458,2.400085562840104,0.0,0.0,9.09904995933175,97.76348969899118,478.8616558071226,20500,20500,589.1072495305888,,589.1072495305888,False,False,ok
BNCI2014_001,resampled_spectral_raw_rooted_s1,resampled,spectral,raw_rooted,8,1788,42,500,500,1.0,22,253,0.0004674455765314708,0.02162048973847426,7.320303274836031,0.7127260859807459,28.727391401925402,28.727391401925402,0.00531116937051228,3.1288483796535975,0.0003029469191256049,0.00014333224179337555,0.0009202293701907014,6.57660302368824e-05,188.24073761048203,5.716247880429664,0.03017952124818757,0.09236224807369398,0.1459989447547685,2649,d857964a026facc2cf650e62a29f2897ddb87a84fc91213e3ba36d5129505bda,three_row_sha256,89d30d10add94e667b105ddff72f6286d4e57e1fb6ec7fbcc01917b762c1c915,123ea5ce324bb82567913e1514a410f2bb582a6d8528a6ea98fbb2b74646f92c,a789b01b17129967eecd25421cde715dc938f6e3b95b30f735ff978f0882361e,0.2503618597984314,0.23661693558096886,0.24057901464402676,0.706725986674428,0.15608198009431362,0.8073579519987106,0.07412419654428959,2.471847925335169,0.0,0.0,14.354796148836613,100.23533762432635,493.2164519559592,21000,21000,589.1072495305888,,589.1072495305888,False,False,ok
BNCI2014_001,resampled_spectral_raw_rooted_s1,resampled,spectral,raw_rooted,8,1788,43,500,500,1.0,22,253,0.0004451679046338201,0.021099002455893977,7.291696900421086,0.7099408859001769,29.005911409982314,29.005911409982314,0.005333228810902217,3.1418437559078973,0.00028691335175230217,0.0001380901782586763,0.0008155623321230495,6.255434866987217e-05,188.24073761048203,5.716247880429665,0.03017952124818757,0.09236224807369398,0.1459989447547685,2691,167db1c77664b564e8654eea0807166bf171e5c24e4046ecee4571adf0b1bb3e,three_row_sha256,f2558b7e1a4f8f75fa187a29c9aaa0f459e7ea4bc256c7d9fd4de6680c108ddf,123ea5ce324bb82567913e1514a410f2bb582a6d8528a6ea98fbb2b74646f92c,a789b01b17129967eecd25421cde715dc938f6e3b95b30f735ff978f0882361e,0.27444399893283844,0.22827298380434513,0.24739699438214302,0.612584175541997,0.14229887165129185,0.7046901155263186,0.06533297710120678,2.2750201169401407,0.0,0.0,9.231198113411665,102.51035774126649,502.44765006937087,21500,21500,589.1072495305888,,589.1072495305888,False,False,ok
BNCI2014_001,resampled_spectral_raw_rooted_s1,resampled,spectral,raw_rooted,8,1788,44,500,500,1.0,22,253,0.00044420454395421795,0.021076160560078726,7.265217462450494,0.7073627705577941,29.263722944220596,29.263722944220596,0.005244937003905593,3.0898304123320304,0.0002949412264172806,0.00013262460103809475,0.000814435940850854,5.9451839444755254e-05,188.24073761048203,5.716247880429664,0.03017952124818757,0.09236224807369398,0.1459989447547685,2734,7118c60796e20754bafc9766fc7ef38520e09baf8b818b957f48112b2eda718c,three_row_sha256,448bf70eabb2b5c5788036d8d5d5505c59e27c9c6e4748e83d3cda06e525e1eb,123ea5ce324bb82567913e1514a410f2bb582a6d8528a6ea98fbb2b74646f92c,a789b01b17129967eecd25421cde715dc938f6e3b95b30f735ff978f0882361e,0.22004893980920315,0.2220619935542345,0.22663106210529804,0.5696520674973726,0.1346869394183159,1.063561998307705,0.059270067140460014,2.495913067832589,0.0,0.0,9.396224981173873,105.00627080909908,511.84387505054474,22000,22000,589.1072495305888,,589.1072495305888,False,False,ok
BNCI2014_001,resampled_spectral_raw_rooted_s1,resampled,spectral,raw_rooted,8,1788,45,500,500,1.0,22,253,0.00045147908588098875,0.021248037224199996,7.274761975539192,0.7082920522010402,29.170794779895978,29.170794779895978,0.005410266835952021,3.187227414954256,0.0002902908791485235,0.0001382290131144573,0.0009881069074047946,7.024054363227619e-05,188.240737610482,5.716247880429664,0.03017952124818757,0.09236224807369398,0.1459989447547685,2778,51ecca5e6627bccac51af31e8f165bf231a287f8265bce75e7f4b10e9887e95f,three_row_sha256,5b51007a117266b602f10068d99256b1e6b580d2769ed5ee0a38e16269bad32b,123ea5ce324bb82567913e1514a410f2bb582a6d8528a6ea98fbb2b74646f92c,a789b01b17129967eecd25421cde715dc938f6e3b95b30f735ff978f0882361e,0.22857706062495708,0.22270996123552322,0.22438890300691128,0.5635959096252918,0.13410509563982487,0.6325340364128351,0.059162965044379234,2.0650739315897226,0.0,0.0,9.117349982261658,107.0713447406888,520.9612250328064,22500,22500,589.1072495305888,,589.1072495305888,False,False,ok
BNCI2014_001,resampled_spectral_raw_rooted_s1,resampled,spectral,raw_rooted,8,1788,46,500,500,1.0,22,253,0.00042397837007586084,0.02059073505428742,7.246664741666312,0.7055564235292142,29.44435764707858,29.44435764707858,0.005362635867648293,3.159167666224368,0.000272170214364005,0.0001306265656845394,0.0008443637642308916,7.397064416335671e-05,188.240737610482,5.716247880429664,0.03017952124818757,0.09236224807369398,0.1459989447547685,2823,d62123e7e5183159889a495731eac104ee698f5abb5824751b608c2b540fe913,three_row_sha256,52cff48c03c8d1e936b5e91140931e67b355ac24e2e836222f6bdf07d2e60687,123ea5ce324bb82567913e1514a410f2bb582a6d8528a6ea98fbb2b74646f92c,a789b01b17129967eecd25421cde715dc938f6e3b95b30f735ff978f0882361e,0.21965382620692253,0.23057684302330017,0.22240285761654377,0.5525448359549046,0.1329369843006134,0.7879340555518866,0.05790521390736103,2.203954616561532,0.0,0.0,9.63742402382195,109.27529935725033,530.5986490566283,23000,23000,589.1072495305888,,589.1072495305888,False,False,ok
BNCI2014_001,resampled_spectral_raw_rooted_s1,resampled,spectral,raw_rooted,8,1788,47,500,500,1.0,22,253,0.00047064963545289464,0.021694460939440156,7.264807053038852,0.7073228118999861,29.26771881000139,29.26771881000139,0.005426476215251167,3.1967764778097747,0.00029546560631250543,0.00014943693415040622,0.0011005260157552093,6.912386940395655e-05,188.24073761048206,5.716247880429664,0.03017952124818757,0.09236224807369398,0.1459989447547685,2869,e66cf3e36e5f557da3249ebafb108efb72edd4963ba45d71028b67785ae4a77f,three_row_sha256,31dd632a9df68301379be5cb68cfc5e2977653970b8d12243252f264c6b1daa7,123ea5ce324bb82567913e1514a410f2bb582a6d8528a6ea98fbb2b74646f92c,a789b01b17129967eecd25421cde715dc938f6e3b95b30f735ff978f0882361e,0.2716490998864174,0.2261290792375803,0.2347668632864952,0.6770370528101921,0.1580989919602871,1.6806221101433039,0.07378100417554379,3.3220842014998198,0.0,0.0,9.602086851373315,112.59738355875015,540.2007359080017,23500,23500,589.1072495305888,,589.1072495305888,False,False,ok
BNCI2014_001,resampled_spectral_raw_rooted_s1,resampled,spectral,raw_rooted,8,1788,48,500,500,1.0,22,253,0.00044966719882029535,0.02120535778571763,7.307546035375541,0.7114840039238659,28.85159960761341,28.85159960761341,0.0053137580157170865,3.130373369310212,0.00028684431324220097,0.00014135794721917568,0.000893302544326983,5.214479001358124e-05,188.240737610482,5.716247880429664,0.03017952124818757,0.09236224807369398,0.1459989447547685,2916,436eefb41d56af35ae144a7b7cf2bc1529cbb886def13938d347fc020fb103ad,three_row_sha256,b6f6f2ca6520e418de6e9982d192805a5adae610dec42e3b33bd497e9e7ad82b,123ea5ce324bb82567913e1514a410f2bb582a6d8528a6ea98fbb2b74646f92c,a789b01b17129967eecd25421cde715dc938f6e3b95b30f735ff978f0882361e,0.2350430004298687,0.22268807515501976,0.23354915902018547,0.5808700807392597,0.13444200158119202,0.6575670558959246,0.05846493877470493,2.122624311596155,0.0,0.0,9.603998856619,114.72000787034631,549.8047347646207,24000,24000,589.1072495305888,,589.1072495305888,False,False,ok
BNCI2014_001,resampled_spectral_raw_rooted_s1,resampled,spectral,raw_rooted,8,1788,49,500,500,1.0,22,253,0.00044217436669634303,0.021027942521710082,7.273004809829347,0.7081209694204808,29.187903057951928,29.187903057951928,0.005246336294294217,3.0906547444441674,0.00029135997249003044,0.00013454562843515696,0.0008164265062669219,6.105179817593494e-05,188.24073761048203,5.716247880429664,0.03017952124818757,0.09236224807369398,0.1459989447547685,2964,0bc67e929452522d394b0db239e7d0793190a0a13debd563364d53dfd0f642f0,three_row_sha256,63aeff0ddd4e6d93cae16d3598b0de16cfcf336f9115edc78891cb93d3585793,123ea5ce324bb82567913e1514a410f2bb582a6d8528a6ea98fbb2b74646f92c,a789b01b17129967eecd25421cde715dc938f6e3b95b30f735ff978f0882361e,0.22083008661866188,0.22268109023571014,0.22231298498809338,0.5605819169431925,0.13394304551184177,0.988953048363328,0.059859827160835266,2.409161999821663,0.0,0.0,9.677828988060355,117.12916987016797,559.482563752681,24500,24500,589.1072495305888,,589.1072495305888,False,False,ok
BNCI2014_001,resampled_spectral_raw_rooted_s1,resampled,spectral,raw_rooted,8,1788,50,500,500,1.0,22,253,0.0004455882650018351,0.0211089617224968,7.273883727550054,0.7082065434142703,29.17934565857297,29.17934565857297,0.005352774377623365,3.15335819095951,0.0002868234123181038,0.00013817223559760828,0.0009844793137167513,8.003999884776508e-05,188.240737610482,5.716247880429664,0.03017952124818757,0.09236224807369398,0.1459989447547685,3013,599f2de8d8756dbb409a777f1d74783d031098c4872cb7ff5fa2b062d9d37e30,three_row_sha256,25c5bbe07b83c6dfb7e04f9630ea4d6b47ea88ec3144459736363b35976c9a98,123ea5ce324bb82567913e1514a410f2bb582a6d8528a6ea98fbb2b74646f92c,a789b01b17129967eecd25421cde715dc938f6e3b95b30f735ff978f0882361e,0.22295210510492325,0.22331601940095425,0.22554397583007812,0.5583299789577723,0.1347388606518507,0.8344929665327072,0.058674952015280724,2.2580488584935665,0.0,0.0,9.270723909139633,119.38721872866154,568.7532876618207,25000,25000,589.1072495305888,,589.1072495305888,False,False,ok
BNCI2014_001,resampled_spectral_raw_rooted_s1,resampled,spectral,raw_rooted,8,1788,51,500,500,1.0,22,253,0.0004546544566304714,0.021322627807811856,7.273664111390776,0.7081851609442081,29.18148390557919,29.18148390557919,0.00549437976082473,3.236778948775991,0.0002873531368376379,0.0001389823355689864,0.0010735279707217976,8.463480150667432e-05,188.24073761048203,5.716247880429664,0.03017952124818757,0.09236224807369398,0.1459989447547685,3063,0072e7e6e518d75fb9fe53f0bd6a9fb8f0b1cadbbe76e1f45b3a34e62c0632ed,three_row_sha256,f761342a969c67bb8213462ada3f73c8bb6b8a3baaaf36029f04e9a0eea10910,123ea5ce324bb82567913e1514a410f2bb582a6d8528a6ea98fbb2b74646f92c,a789b01b17129967eecd25421cde715dc938f6e3b95b30f735ff978f0882361e,0.2289600670337677,0.22350111976265907,0.2245109062641859,0.5691091064363718,0.13416307047009468,0.7027098909020424,0.05822605453431606,2.1411802154034376,0.0,0.0,9.364698082208633,121.52839894406497,578.1179857440293,25500,25500,589.1072495305888,,589.1072495305888,False,False,ok
BNCI2014_001,resampled_spectral_raw_rooted_s1,resampled,spectral,raw_rooted,8,1788,52,500,500,1.0,22,253,0.00043524220975693753,0.020862459341049355,7.275466126440739,0.7083606103873826,29.16393896126173,29.16393896126173,0.005365149847443346,3.1606486699468075,0.0002815523224515626,0.00013348463821611912,0.00093163541376473,6.83117999831088e-05,188.24073761048203,5.716247880429664,0.03017952124818757,0.09236224807369398,0.1459989447547685,3114,7e090e1408d019299d2fface0eef2c2802b6dcf4aefa97ecb7ebebf30d573bae,three_row_sha256,ccc28ab65f53db51e9d7cbd5bc7062ba22c8fc45650c39dbc50f07abdd82d51d,123ea5ce324bb82567913e1514a410f2bb582a6d8528a6ea98fbb2b74646f92c,a789b01b17129967eecd25421cde715dc938f6e3b95b30f735ff978f0882361e,0.2967079635709524,0.23498805239796638,0.25815493427217007,0.9117459412664175,0.17939507961273193,0.844151945784688,0.07915496826171875,2.804298885166645,0.0,0.0,9.71042294986546,124.33269782923162,587.8284086938947,26000,26000,589.1072495305888,,589.1072495305888,False,False,ok
BNCI2014_001,resampled_spectral_raw_rooted_s1,resampled,spectral,raw_rooted,8,1788,53,500,500,1.0,22,253,0.0004487376206321139,0.02118342797169792,7.287462148117803,0.7095285780597911,29.047142194020893,29.047142194020893,0.00540049508771293,3.18147080722602,0.00028945802610272933,0.00013722878739911098,0.0009883044265849537,6.862801173754358e-05,188.24073761048203,5.716247880429664,0.03017952124818757,0.09236224807369398,0.1459989447547685,3166,9921ae726d8c76b91371c37d41bdf97918297d64954593d846f331e9342fbf53,three_row_sha256,d0075fa9465f613de9ff16870cd768d6703c7185900df7df3ed7f02d7dc293f7,123ea5ce324bb82567913e1514a410f2bb582a6d8528a6ea98fbb2b74646f92c,a789b01b17129967eecd25421cde715dc938f6e3b95b30f735ff978f0882361e,0.2586140763014555,0.22661685943603516,0.23781787604093552,0.6053200922906399,0.13956613838672638,0.7762499153614044,0.06325519643723965,2.3074401542544365,0.0,0.0,9.585509076714516,126.64013798348606,597.4139177706093,26500,26500,589.1072495305888,,589.1072495305888,False,False,ok
BNCI2014_001,resampled_spectral_raw_rooted_s1,resampled,spectral,raw_rooted,8,1788,54,500,500,1.0,22,253,0.00043492539402158133,0.020854864996484184,7.291722178295954,0.7099433470278297,29.005665297217032,29.005665297217032,0.005302421460379434,3.123694922376097,0.0002845861467744203,0.00013121877019751352,0.0008990491728686501,6.496928661331366e-05,188.240737610482,5.716247880429665,0.03017952124818757,0.09236224807369398,0.1459989447547685,3219,984929d506563880da9c4e595df003c40fe9bef809645dfae370d609c028de3e,three_row_sha256,61c590b98f0bb7f43aee8237f93a6cccdde927ab8cae275b7be2875c19528b7b,123ea5ce324bb82567913e1514a410f2bb582a6d8528a6ea98fbb2b74646f92c,a789b01b17129967eecd25421cde715dc938f6e3b95b30f735ff978f0882361e,0.25255302898585796,0.22589415311813354,0.23537292145192623,0.5855599883943796,0.1373649574816227,0.6738160736858845,0.06328895688056946,2.173850079998374,0.0,0.0,9.039537981152534,128.81398806348443,606.4534557517618,27000,27000,589.1072495305888,,589.1072495305888,False,False,ok
BNCI2014_001,resampled_spectral_raw_rooted_s1,resampled,spectral,raw_rooted,8,1788,55,500,500,1.0,22,253,0.0004331424060671133,0.0208120735648112,7.278108896031614,0.7086179181458095,29.138208185419042,29.138208185419042,0.005361898313904132,3.1587331679667647,0.0002792364314992172,0.00013278590236635984,0.0008421727773322398,6.829886016171768e-05,188.24073761048203,5.716247880429664,0.03017952124818757,0.09236224807369398,0.1459989447547685,3273,0a166790731c14a1a02a451c613d15012bce9bcdf43383eb637dd1c44cd762bd,three_row_sha256,e18b87068666249275afe9461da8a8df7e7c4fa8534d9ff2d7a8336f79543de4,123ea5ce324bb82567913e1514a410f2bb582a6d8528a6ea98fbb2b74646f92c,a789b01b17129967eecd25421cde715dc938f6e3b95b30f735ff978f0882361e,0.22188504226505756,0.22202404215931892,0.22151204757392406,0.5730208940804005,0.13541500084102154,0.6498100701719522,0.06913603283464909,2.092803129926324,0.0,0.0,9.251538896933198,130.90679119341075,615.704994648695,27500,27500,589.1072495305888,,589.1072495305888,False,False,ok
BNCI2014_001,resampled_spectral_raw_rooted_s1,resampled,spectral,raw_rooted,8,1788,56,500,500,1.0,22,253,0.00043645681678178185,0.020891548932086914,7.26737700621319,0.7075730300396357,29.24269699603644,29.24269699603644,0.005282971872978386,3.1122370294377597,0.00028283206186699206,0.00013623444722250363,0.0008363390694535389,5.8341755517579626e-05,188.24073761048203,5.716247880429664,0.03017952124818757,0.09236224807369398,0.1459989447547685,3328,fcdd182c051f30390ade86858d61048a1de73e2ea23f5df431f96507870458fe,three_row_sha256,3a71cf4b7da7904550fea82d8d7686c917595c5668f0788745acd707523860e0,123ea5ce324bb82567913e1514a410f2bb582a6d8528a6ea98fbb2b74646f92c,a789b01b17129967eecd25421cde715dc938f6e3b95b30f735ff978f0882361e,0.22848695516586304,0.22558588534593582,0.2282231580466032,0.5739440675824881,0.13536005280911922,1.2899478897452354,0.06327289156615734,2.744820900261402,0.0,0.0,9.074467001482844,133.65161209367216,624.7794616501778,28000,28000,589.1072495305888,,589.1072495305888,False,False,ok
BNCI2014_001,resampled_spectral_raw_rooted_s1,resampled,spectral,raw_rooted,8,1788,57,500,500,1.0,22,253,0.00047439471102557056,0.02178060400965893,7.293273526832543,0.7100943908478686,28.990560915213138,28.990560915213138,0.0054115623614207535,3.1879906183998377,0.00030398787310954194,0.00014634888069462297,0.0010603304034775068,4.7681902507643996e-05,188.24073761048203,5.716247880429664,0.03017952124818757,0.09236224807369398,0.1459989447547685,3384,de614a5ac0143696602fd332cf46684e89512c4e90c029ad309e72898cf8e598,three_row_sha256,c1c8b5034181c325623880b97f6b28bbec8fd34db38095f7b042a7df8e75939a,123ea5ce324bb82567913e1514a410f2bb582a6d8528a6ea98fbb2b74646f92c,a789b01b17129967eecd25421cde715dc938f6e3b95b30f735ff978f0882361e,0.23527606390416622,0.22498099133372307,0.22819312289357185,0.5661449395120144,0.1350690145045519,1.129738986492157,0.10399892926216125,2.6234020479023457,0.0,0.0,14.357050182297826,136.2750141415745,639.1365118324757,28500,28500,589.1072495305888,,589.1072495305888,False,False,ok
BNCI2014_001,resampled_spectral_raw_rooted_s1,resampled,spectral,raw_rooted,8,1788,58,500,500,1.0,22,253,0.00044876783860825427,0.021184141205351097,7.278916474037332,0.7086965462967931,29.13034537032069,29.13034537032069,0.005281191282363331,3.111188070597985,0.0002900404132982692,0.00014156305448915813,0.0008631725648859985,6.584982853787789e-05,188.24073761048203,5.716247880429664,0.03017952124818757,0.09236224807369398,0.1459989447547685,3441,0d177eb58f268ccf3c89192940f43345ce0eaa7ff399280f5ed6894f9e43d760,three_row_sha256,cfd4f363f53bf3c8a933369661ff62e938e80d653dd364678175175421f6a57e,123ea5ce324bb82567913e1514a410f2bb582a6d8528a6ea98fbb2b74646f92c,a789b01b17129967eecd25421cde715dc938f6e3b95b30f735ff978f0882361e,0.3644190728664398,0.25020819157361984,0.26526511646807194,0.8423950057476759,0.20490912720561028,0.8748490363359451,0.08458178490400314,2.886627335101366,0.0,0.0,13.056178111582994,139.16164147667587,652.1926899440587,29000,29000,589.1072495305888,,589.1072495305888,False,False,ok
BNCI2014_001,resampled_spectral_raw_rooted_s1,resampled,spectral,raw_rooted,8,1788,59,500,500,1.0,22,253,0.00045898746020723777,0.021423992629928664,7.264569162302459,0.7072996501637746,29.270034983622537,29.270034983622537,0.005515973482595684,3.2494999668156064,0.00029193889600010803,0.00013903592979597532,0.001150846100440424,7.280033449077151e-05,188.240737610482,5.716247880429664,0.03017952124818757,0.09236224807369398,0.1459989447547685,3499,b17ce36ff56f67042a35ddc27eaf3cc82831b97e79daebf0c9740892dac12f31,three_row_sha256,eabcc01d559183efa7501ffd07b105ddd7aaf495e97ca339bc7a7fb0712d0905,123ea5ce324bb82567913e1514a410f2bb582a6d8528a6ea98fbb2b74646f92c,a789b01b17129967eecd25421cde715dc938f6e3b95b30f735ff978f0882361e,0.30731107108294964,0.23578503169119358,0.23613800294697285,0.7702179718762636,0.1908368431031704,0.7988819852471352,0.079756835475564,2.6189277414232492,0.0,0.0,14.449856011196971,141.78056921809912,666.6425459552556,29500,29500,589.1072495305888,,589.1072495305888,False,False,ok
BNCI2014_001,resampled_spectral_raw_rooted_s1,resampled,spectral,raw_rooted,8,1788,60,500,500,1.0,22,253,0.00044878109147304185,0.021184454004600683,7.244094214709125,0.7053061495243923,29.46938504756077,29.46938504756077,0.005410516038034898,3.187374221707877,0.00028514563980733655,0.000139081981938836,0.0008981604494836771,4.3981845399519396e-05,188.24073761048203,5.716247880429664,0.03017952124818757,0.09236224807369398,0.1459989447547685,3558,521eb3b0f7c1d7a179903b30721ab4a4a41900547eb7de594c46ed2cc57f454d,three_row_sha256,4109cd1116a5f03b67f42146f9e4be9b8c42d9cdbc6ba558dcb5590e1fb4ee23,123ea5ce324bb82567913e1514a410f2bb582a6d8528a6ea98fbb2b74646f92c,a789b01b17129967eecd25421cde715dc938f6e3b95b30f735ff978f0882361e,0.2928772009909153,0.23827305994927883,0.2384060062468052,0.779464840888977,0.19178609363734722,0.832241028547287,0.08051912300288677,2.6535673532634974,0.0,0.0,15.147329773753881,144.43413657136261,681.7898757290095,30000,30000,589.1072495305888,,589.1072495305888,False,False,ok
BNCI2014_001,resampled_spectral_raw_rooted_s1,resampled,spectral,raw_rooted,8,1788,61,500,500,1.0,22,253,0.00046252349746446004,0.02150635946561993,7.233517495597363,0.7042763692909753,29.572363070902473,29.572363070902473,0.0055000873704829575,3.2401413430031436,0.0002899325678770763,0.0001439167490378532,0.0011375459583930093,7.607792995189291e-05,188.240737610482,5.716247880429664,0.03017952124818757,0.09236224807369398,0.1459989447547685,3618,385d9f779dd6e78b83f6b7373ebb8c680e43579a4fdc921416c4a617ea3147a6,three_row_sha256,7a841e0a81dbd12b4fe51d582e232ee5506330cf30d47823040072420b6f4ca0,123ea5ce324bb82567913e1514a410f2bb582a6d8528a6ea98fbb2b74646f92c,a789b01b17129967eecd25421cde715dc938f6e3b95b30f735ff978f0882361e,0.32562296837568283,0.24809804745018482,0.2528501208871603,0.796257983893156,0.19752094522118568,2.2480280604213476,0.12320699170231819,4.1915851179510355,0.0,0.0,13.51333106867969,148.62572168931365,695.3032067976892,30500,30500,589.1072495305888,,589.1072495305888,False,False,ok
BNCI2014_001,resampled_spectral_raw_rooted_s1,resampled,spectral,raw_rooted,8,1788,62,500,500,1.0,22,253,0.00044269341150296004,0.02104028068973796,7.2451931600128345,0.7054131460456583,29.458685395434166,29.458685395434166,0.0055214137067624135,3.252704842311298,0.0002810655357418393,0.00013531473737534493,0.0012004103707058658,5.1652079877545184e-05,188.24073761048203,5.716247880429664,0.03017952124818757,0.09236224807369398,0.1459989447547685,3679,9d38233072899f42df04fe3a6cab07690aed97f8dbba8e936f03e0d6eb4c4227,three_row_sha256,1a3ca9314a31b92c2927df18eb7662df051324beb6f52a2c7c71895fd920df34,123ea5ce324bb82567913e1514a410f2bb582a6d8528a6ea98fbb2b74646f92c,a789b01b17129967eecd25421cde715dc938f6e3b95b30f735ff978f0882361e,0.30340696685016155,0.23979204706847668,0.24613691493868828,0.7799218874424696,0.19005313515663147,1.1539598926901817,0.11638202704489231,3.0296528711915016,0.0,0.0,13.994070934131742,151.65537456050515,709.2972777318209,31000,31000,589.1072495305888,,589.1072495305888,False,False,ok
BNCI2014_001,resampled_spectral_raw_rooted_s1,resampled,spectral,raw_rooted,8,1788,63,500,500,1.0,22,253,0.00044094164404601577,0.02099861052655665,7.254152425007961,0.7062854462268805,29.37145537731195,29.37145537731195,0.005320479608791955,3.1343331085190114,0.0002850956295616798,0.0001359500175995744,0.0008925649429222922,5.497560389974699e-05,188.24073761048203,5.716247880429664,0.03017952124818757,0.09236224807369398,0.1459989447547685,3741,ccb07d182600e06779253e8354fd86e67071690ad7c9324176b58c8c5b505fb8,three_row_sha256,8c36dc83873fb68d4ebc4b7518756da7769d52f3166314e395e087f927518daf,123ea5ce324bb82567913e1514a410f2bb582a6d8528a6ea98fbb2b74646f92c,a789b01b17129967eecd25421cde715dc938f6e3b95b30f735ff978f0882361e,0.29254890978336334,0.23561110720038414,0.2392120659351349,0.7653872016817331,0.19575399346649647,1.124884933233261,0.08144788444042206,2.934846095740795,0.0,0.0,12.881688075140119,154.59022065624595,722.1789658069611,31500,31500,589.1072495305888,,589.1072495305888,False,False,ok
BNCI2014_001,resampled_spectral_raw_rooted_s1,resampled,spectral,raw_rooted,8,1788,64,500,500,1.0,22,253,0.0004483475859827582,0.021174219843544607,7.2343093420899836,0.7043534657759424,29.56465342240576,29.56465342240576,0.005388577560886533,3.174450105776114,0.00029078875129825006,0.00013360127196968273,0.0009575369502778102,6.946260998370914e-05,188.24073761048203,5.716247880429664,0.03017952124818757,0.09236224807369398,0.1459989447547685,3804,e14a1d1e4d736f0791e949664d87d902ffea1339e5e23b441e15ae6b84befe06,three_row_sha256,b6fc1ddbe0e768608acfd114be4c9ca35c08844de72565f73dda40e0a9ae172d,123ea5ce324bb82567913e1514a410f2bb582a6d8528a6ea98fbb2b74646f92c,a789b01b17129967eecd25421cde715dc938f6e3b95b30f735ff978f0882361e,0.31161215156316757,0.24083605967462063,0.24171615950763226,0.7840339094400406,0.20374986343085766,0.8107549510896206,0.08292100392282009,2.6756240986287594,0.0,0.0,14.41937405616045,157.2658447548747,736.5983398631215,32000,32000,589.1072495305888,,589.1072495305888,False,False,ok
BNCI2014_001,resampled_spectral_raw_rooted_s1,resampled,spectral,raw_rooted,8,1788,65,500,500,1.0,22,253,0.000420518919803901,0.02050655797065663,7.233923186574875,0.7043158685482689,29.56841314517311,29.56841314517311,0.005270018371494805,3.104606027806977,0.00028043791381332305,0.00012335343910140244,0.000806041835389648,8.00579613534774e-05,188.240737610482,5.716247880429664,0.03017952124818757,0.09236224807369398,0.1459989447547685,3868,1a2cf91e3cba1c14a58d766aab61947a5009b517290c90994308e5cd1b641d0e,three_row_sha256,27cf7241f5a9ae04d115fd85ebbbd274192c651e54251aaf561ced2ebfd6d7e7,123ea5ce324bb82567913e1514a410f2bb582a6d8528a6ea98fbb2b74646f92c,a789b01b17129967eecd25421cde715dc938f6e3b95b30f735ff978f0882361e,0.3450459334999323,0.24282094091176987,0.259139109402895,0.8138869889080524,0.21139485761523247,0.6436659023165703,0.1019379124045372,2.6178916450589895,0.0,0.0,14.357913052663207,159.8837363999337,750.9562529157847,32500,32500,589.1072495305888,,589.1072495305888,False,False,ok
BNCI2014_001,resampled_spectral_raw_rooted_s1,resampled,spectral,raw_rooted,8,1788,66,500,500,1.0,22,253,0.0004409527856448505,0.020998875818596826,7.22314312235638,0.703266290041941,29.6733709958059,29.6733709958059,0.005400229525061321,3.1813143623427522,0.00028470943909631043,0.00013363962450517193,0.0009560031469499394,6.892656419423018e-05,188.240737610482,5.716247880429664,0.03017952124818757,0.09236224807369398,0.1459989447547685,3933,227e666c7e6df7b0e3881749ac2aa468671dcb1324b97bb20a0dd55f47c8c135,three_row_sha256,30f5f2aad99286448b82e861f505fdec0f656d85f3538ba94075b8791ba3458d,123ea5ce324bb82567913e1514a410f2bb582a6d8528a6ea98fbb2b74646f92c,a789b01b17129967eecd25421cde715dc938f6e3b95b30f735ff978f0882361e,0.30106701888144016,0.23871404118835926,0.24214480072259903,0.7828241214156151,0.19292696379125118,0.6377899553626776,0.08357199840247631,2.4790388997644186,0.0,0.0,13.892428018152714,162.36277529969811,764.8486809339374,33000,33000,589.1072495305888,,589.1072495305888,False,False,ok
BNCI2014_001,resampled_spectral_raw_rooted_s1,resampled,spectral,raw_rooted,8,1788,67,500,500,1.0,22,253,0.00045523692306192543,0.021336281847171158,7.227711722159427,0.7037111022490024,29.628889775099765,29.628889775099765,0.005596514366500586,3.296947185407586,0.00028112968112967043,0.00014448867139127652,0.0012840387763298784,5.599472686478709e-05,188.24073761048203,5.716247880429664,0.03017952124818757,0.09236224807369398,0.1459989447547685,3999,6ab02a50f74ada9eea83dff9989d89e5edde94b2209ed87cb1d8ab4f4be9ef7e,three_row_sha256,ee9095d3091e89ee3af837cc9ddec5066b57d61d3cb1b8d65f8211a0bd7fc4ab,123ea5ce324bb82567913e1514a410f2bb582a6d8528a6ea98fbb2b74646f92c,a789b01b17129967eecd25421cde715dc938f6e3b95b30f735ff978f0882361e,0.2948350738734007,0.2367040142416954,0.23569795303046703,0.7658069953322411,0.1899499911814928,0.6129210814833641,0.08071493357419968,2.4166300427168608,0.0,0.0,14.790103072300553,164.77940534241498,779.638784006238,33500,33500,589.1072495305888,,589.1072495305888,False,False,ok
BNCI2014_001,resampled_spectral_raw_rooted_s1,resampled,spectral,raw_rooted,8,1788,68,500,500,1.0,22,253,0.0004299701155724492,0.020735720763273437,7.220431630934585,0.7030022913255396,29.699770867446045,29.699770867446045,0.005384851930651944,3.1722553099958475,0.000276529255795921,0.00013300153636036654,0.0009214430144525127,5.4922871448043474e-05,188.24073761048203,5.716247880429665,0.03017952124818757,0.09236224807369398,0.1459989447547685,4066,c8edecdb23996a482ece455847942c36361ee892f0cf30ed231e20a4187a8b5f,three_row_sha256,a70bd67a7da820fab1b22af1fb5003743d4585ea1749ca57b4e7a1fc97809dff,123ea5ce324bb82567913e1514a410f2bb582a6d8528a6ea98fbb2b74646f92c,a789b01b17129967eecd25421cde715dc938f6e3b95b30f735ff978f0882361e,0.3013450186699629,0.23607187904417515,0.24109892547130585,0.7674228399991989,0.18965895287692547,0.6631750147789717,0.08284603245556355,2.4816186632961035,0.0,0.0,13.875639997422695,167.26102400571108,793.5144240036607,34000,34000,589.1072495305888,,589.1072495305888,False,False,ok
BNCI2014_001,resampled_spectral_raw_rooted_s1,resampled,spectral,raw_rooted,8,1788,69,500,500,1.0,22,253,0.0004538944144274322,0.021304797920361322,7.226455449896241,0.703588787915914,29.64112120840861,29.64112120840861,0.0056010807231370585,3.2996372592060736,0.0002852584033811978,0.00014090353429339778,0.0013568225497461448,6.525691200154175e-05,188.24073761048203,5.716247880429664,0.03017952124818757,0.09236224807369398,0.1459989447547685,4134,21a7b2d05d0b9319b11aded13e55ed6bf7e3f815f19f5844b4a4551aa08cb0c4,three_row_sha256,5185244c24244ff6a7e0dd0c6a633663becfd4f0f6a1202ea40da2e961d45a82,123ea5ce324bb82567913e1514a410f2bb582a6d8528a6ea98fbb2b74646f92c,a789b01b17129967eecd25421cde715dc938f6e3b95b30f735ff978f0882361e,0.35416707396507263,0.24350406602025032,0.2635028213262558,0.824582064524293,0.2049170434474945,0.7117998320609331,0.08582579903304577,2.688298700377345,0.0,0.0,13.889936031773686,169.94932270608842,807.4043600354344,34500,34500,589.1072495305888,,589.1072495305888,False,False,ok
BNCI2014_001,resampled_spectral_raw_rooted_s1,resampled,spectral,raw_rooted,8,1788,70,500,500,1.0,22,253,0.00044706526517779006,0.021143917924022267,7.243520510210811,0.7052502919804844,29.474970801951557,29.474970801951557,0.005485985081010184,3.231833582039754,0.00028449546272543924,0.00013586280898941676,0.0011721268074985345,4.823244110551121e-05,188.24073761048203,5.716247880429665,0.03017952124818757,0.09236224807369398,0.1459989447547685,4203,deb258976a860fdc1998330ef4b8bacc0763af87d740811669e706021bd6374a,three_row_sha256,00d24a23d0aa3bd789cd5ed675e579fbc67b5a59fd9cd4bfffd7dde4e321d521,123ea5ce324bb82567913e1514a410f2bb582a6d8528a6ea98fbb2b74646f92c,a789b01b17129967eecd25421cde715dc938f6e3b95b30f735ff978f0882361e,0.30673015862703323,0.24429289624094963,0.24422095157206059,0.7699120324105024,0.20167510956525803,1.1076200753450394,0.12138695456087589,2.995838178321719,0.0,0.0,13.202443951740861,172.94516088441014,820.6068039871752,35000,35000,589.1072495305888,,589.1072495305888,False,False,ok
BNCI2014_001,resampled_spectral_raw_rooted_s1,resampled,spectral,raw_rooted,8,1788,71,500,500,1.0,22,253,0.00044251843836687875,0.021036122227418217,7.234856727906925,0.7044067608562392,29.559323914376076,29.559323914376076,0.005503327312414014,3.242050016282787,0.0002796806120755953,0.00013606069734597808,0.0011713370777549292,5.817213867209369e-05,188.24073761048203,5.716247880429664,0.03017952124818757,0.09236224807369398,0.1459989447547685,4273,daf1bf9c594daf10ee372552797d6afdb75391a72f7ec91955d7b5264d442719,three_row_sha256,90ef9eaadd96f86cff6a8e6a4455cecff2022d7d515080691d9343449c71cdb0,123ea5ce324bb82567913e1514a410f2bb582a6d8528a6ea98fbb2b74646f92c,a789b01b17129967eecd25421cde715dc938f6e3b95b30f735ff978f0882361e,0.32888399437069893,0.2476389054208994,0.2577889245003462,0.8069539908319712,0.1996059436351061,1.0483439546078444,0.08674617856740952,2.9759618919342756,0.0,0.0,14.457273064181209,175.92112277634442,835.0640770513564,35500,35500,589.1072495305888,,589.1072495305888,False,False,ok
BNCI2014_001,resampled_spectral_raw_rooted_s1,resampled,spectral,raw_rooted,8,1788,72,500,500,1.0,22,253,0.0004339497619259893,0.02083146086874344,7.214163902057004,0.7023920469540716,29.760795304592833,29.760795304592833,0.0053635698770454834,3.1597178979313822,0.00028263626561599026,0.00013052777306352744,0.000896092748728819,6.822300903252997e-05,188.240737610482,5.716247880429664,0.03017952124818757,0.09236224807369398,0.1459989447547685,4344,f50ffe74f8422fe5c8e51e59c36491c97ae9747d97f3705ede1855200e98464e,three_row_sha256,0c4609f9423143be31f1a928f8170a11351cd6ae68e19fc8dd90238b6cc052ef,123ea5ce324bb82567913e1514a410f2bb582a6d8528a6ea98fbb2b74646f92c,a789b01b17129967eecd25421cde715dc938f6e3b95b30f735ff978f0882361e,0.46962499618530273,0.24388195015490055,0.2755541354417801,0.8203771430999041,0.1976459752768278,0.7113611791282892,0.09040301665663719,2.8088483959436417,0.0,0.0,14.28322889842093,178.72997117228806,849.3473059497774,36000,36000,589.1072495305888,,589.1072495305888,False,False,ok
BNCI2014_001,resampled_spectral_raw_rooted_s1,resampled,spectral,raw_rooted,8,1788,73,500,500,1.0,22,253,0.00043207424970354686,0.020786395784347676,7.234534427895535,0.7043753807867251,29.562461921327493,29.562461921327493,0.005274770205211947,3.107405367498309,0.0002827751804163966,0.00013220408486356767,0.0008150965570487207,5.371101802577083e-05,188.240737610482,5.716247880429664,0.03017952124818757,0.09236224807369398,0.1459989447547685,4416,a9eba3c8f36b5f52becbc262e4da0425a10f299c4d52c84dd6211ef52186475d,three_row_sha256,96d6e5293b79a3d3fc1be736fd49f7297c943fc6e9bf500c585c1b05fac05f19,123ea5ce324bb82567913e1514a410f2bb582a6d8528a6ea98fbb2b74646f92c,a789b01b17129967eecd25421cde715dc938f6e3b95b30f735ff978f0882361e,0.33071008510887623,0.24111615493893623,0.25921897031366825,0.8038459345698357,0.19699987024068832,0.8563778828829527,0.08851313032209873,2.776782028377056,0.0,0.0,14.399672858417034,181.50675320066512,863.7469788081944,36500,36500,589.1072495305888,,589.1072495305888,False,False,ok
BNCI2014_001,resampled_spectral_raw_rooted_s1,resampled,spectral,raw_rooted,8,1788,74,500,500,1.0,22,253,0.0004216794452050497,0.020534834920326234,7.251561631603303,0.7060331990215994,29.39668009784005,29.39668009784005,0.005313912246377747,3.130464227710507,0.00027918082515123024,0.0001226497097847854,0.0008862295933695789,7.565860656602398e-05,188.24073761048203,5.716247880429664,0.03017952124818757,0.09236224807369398,0.1459989447547685,4489,c2101b6d35298d9608202cd9ae171216116ec58b6b5d6927dfc54ff681e123ac,three_row_sha256,20019c00b96353d02efd241faf09c06753c0390b43c959127ea3d4b4cccb277c,123ea5ce324bb82567913e1514a410f2bb582a6d8528a6ea98fbb2b74646f92c,a789b01b17129967eecd25421cde715dc938f6e3b95b30f735ff978f0882361e,0.29258010908961296,0.2366499975323677,0.23811589926481247,0.7645159494131804,0.18884195014834404,0.6319391541182995,0.08062389679253101,2.433266956359148,0.0,0.0,13.335330178961158,183.94002015702426,877.0823089871556,37000,37000,589.1072495305888,,589.1072495305888,False,False,ok
BNCI2014_001,resampled_spectral_raw_rooted_s1,resampled,spectral,raw_rooted,8,1788,75,500,500,1.0,22,253,0.00044581455860369314,0.02111432117316806,7.22585832936586,0.7035306505188008,29.646934948119913,29.646934948119913,0.005420167936867064,3.1930602252816422,0.0002844736398450621,0.00013629527897397975,0.0009894379412488743,7.450246962026851e-05,188.24073761048203,5.716247880429665,0.03017952124818757,0.09236224807369398,0.1459989447547685,4563,6d92b907aa8e2094199017f4183c2bad53b1dd696fae30a19bacb6ae438c27b2,three_row_sha256,d356bceff4886fa1145bec00c3ad473ad9ddf6a7799977c4298b0cb239894daa,123ea5ce324bb82567913e1514a410f2bb582a6d8528a6ea98fbb2b74646f92c,a789b01b17129967eecd25421cde715dc938f6e3b95b30f735ff978f0882361e,0.2970700152218342,0.23845606483519077,0.23651309311389923,0.7663979195058346,0.19858800806105137,0.6518729496747255,0.08118897676467896,2.4700870271772146,0.0,0.0,14.394765021279454,186.41010718420148,891.477074008435,37500,37500,589.1072495305888,,589.1072495305888,False,False,ok
BNCI2014_001,resampled_spectral_raw_rooted_s1,resampled,spectral,raw_rooted,8,1788,76,500,500,1.0,22,253,0.00042178963137045147,0.020537517653563965,7.236315409786495,0.7045487823801686,29.54512176198314,29.54512176198314,0.005249700456350923,3.092636596700369,0.0002808304937433903,0.00012619532587423185,0.0008068242725003797,6.201358652370339e-05,188.240737610482,5.716247880429664,0.03017952124818757,0.09236224807369398,0.1459989447547685,4638,2a387303b53f4a351b432249eac87da3f52eea943572aa600025ac734bf359d2,three_row_sha256,0f85e1485eef5afe7497fcefabc538de21fb86dc2acd9d2d8db1fa1480e27012,123ea5ce324bb82567913e1514a410f2bb582a6d8528a6ea98fbb2b74646f92c,a789b01b17129967eecd25421cde715dc938f6e3b95b30f735ff978f0882361e,0.35380199551582336,0.2518650144338608,0.2576662227511406,0.8361130021512508,0.1992878969758749,0.806822907179594,0.08882302790880203,2.7943800669163465,0.0,0.0,14.741190010681748,189.20448725111783,906.2182640191168,38000,38000,589.1072495305888,,589.1072495305888,False,False,ok
BNCI2014_001,resampled_spectral_raw_rooted_s1,resampled,spectral,raw_rooted,8,1788,77,500,500,1.0,22,253,0.0004488510083884862,0.02118610413427835,7.2045378485591955,0.7014548262986764,29.854517370132367,29.854517370132367,0.0056044212147141025,3.3016051670111057,0.00028214280440356956,0.00013818907101683606,0.0012920949016358005,7.044092205307052e-05,188.24073761048203,5.716247880429665,0.03017952124818757,0.09236224807369398,0.1459989447547685,4714,b66e476f34c64579a0b8824fa1e3e2ea38df065155be491060ab5541f0aab3ce,three_row_sha256,2f2e3181ef195dbfcb00361d4e0e4a85e93f3e6a0d83a1ed241340a5ffd276ce,123ea5ce324bb82567913e1514a410f2bb582a6d8528a6ea98fbb2b74646f92c,a789b01b17129967eecd25421cde715dc938f6e3b95b30f735ff978f0882361e,0.32954104244709015,0.24010310880839825,0.24688593111932278,0.7821479812264442,0.20393799059092999,0.8225238416343927,0.08310400880873203,2.70824390463531,0.0,0.0,13.114041881635785,191.91273115575314,919.3323059007525,38500,38500,589.1072495305888,,589.1072495305888,False,False,ok
BNCI2014_001,resampled_spectral_raw_rooted_s1,resampled,spectral,raw_rooted,8,1788,78,500,500,1.0,22,253,0.00042478161264898975,0.020610230776218635,7.199572928575532,0.7009714272024492,29.90285727975508,29.90285727975508,0.005431275234290046,3.1996036147162132,0.0002745064952053813,0.00012848936563349906,0.0010671467512011622,6.103334004474057e-05,188.24073761048203,5.716247880429664,0.03017952124818757,0.09236224807369398,0.1459989447547685,4791,b45550099e7866e0ccb4a2e9a17eda2a5c25be095b8183776cb02c73556ccadd,three_row_sha256,5eb4cf45baadd81b8cfc9613abdfe11a49e12022b2ff2410e60e2abeeaf1821f,123ea5ce324bb82567913e1514a410f2bb582a6d8528a6ea98fbb2b74646f92c,a789b01b17129967eecd25421cde715dc938f6e3b95b30f735ff978f0882361e,0.3131518606096506,0.23838691413402557,0.244941096752882,0.7978819776326418,0.19379006698727608,1.3607351575046778,0.08836318738758564,3.2372502610087395,0.0,0.0,14.948161086067557,195.14998141676188,934.2804669868201,39000,39000,589.1072495305888,,589.1072495305888,False,False,ok
BNCI2014_001,resampled_spectral_raw_rooted_s1,resampled,spectral,raw_rooted,8,1788,79,500,500,1.0,22,253,0.0004400595476810424,0.020977596327535774,7.186062670704379,0.6996560290759538,30.034397092404618,30.034397092404618,0.005339495424205691,3.145535463234979,0.0002843241532606319,0.00013549951710278786,0.0008967750183368633,6.185999893190247e-05,188.24073761048203,5.716247880429664,0.03017952124818757,0.09236224807369398,0.1459989447547685,4869,ed30519f815d5d5795395ee17733677d9c863a42c662b5ce9eb83c0fc390700c,three_row_sha256,897870b62ebe7b74f963591e2bdd5d2ebf887c1cb9583d8f0f9c6df767d96f86,123ea5ce324bb82567913e1514a410f2bb582a6d8528a6ea98fbb2b74646f92c,a789b01b17129967eecd25421cde715dc938f6e3b95b30f735ff978f0882361e,0.36301184445619583,0.24543819017708302,0.26840693317353725,0.8305639494210482,0.20497897639870644,0.6839002016931772,0.08771894499659538,2.6840190403163433,0.0,0.0,13.714517001062632,197.83400045707822,947.9949839878827,39500,39500,589.1072495305888,,589.1072495305888,False,False,ok
BNCI2014_001,resampled_spectral_raw_rooted_s1,resampled,spectral,raw_rooted,8,1788,80,500,500,1.0,22,253,0.0004473733147769076,0.021151201260848226,7.198330818760485,0.7008504917666347,29.91495082333653,29.91495082333653,0.0053412468884288565,3.1465672635061392,0.00028829074275302203,0.00013673894644954663,0.0009149275982009695,6.575487681283688e-05,188.24073761048203,5.716247880429664,0.03017952124818757,0.09236224807369398,0.1459989447547685,4948,1f1813a2374d3ff8959e2c7f25168bcfb8861a3726cb6e6092247b2f9df76b18,three_row_sha256,256eeabacafab046343f3a035df25a3e017b557703cf9fd8e54231658070f5b4,123ea5ce324bb82567913e1514a410f2bb582a6d8528a6ea98fbb2b74646f92c,a789b01b17129967eecd25421cde715dc938f6e3b95b30f735ff978f0882361e,0.3552171401679516,0.25061704218387604,0.2620851155370474,0.8140981663018465,0.20186509937047958,0.6916059646755457,0.08874316699802876,2.6642316952347755,0.0,0.0,13.55303404852748,200.498232152313,961.5480180364102,40000,40000,589.1072495305888,,589.1072495305888,False,False,ok
BNCI2014_001,resampled_spectral_raw_rooted_s1,resampled,spectral,raw_rooted,8,1788,81,500,500,1.0,22,253,0.00042564716953965393,0.02063121832417208,7.20349241864198,0.7013530401915863,29.864695980841372,29.864695980841372,0.00520972006940824,3.0690838609133966,0.00028519812697984506,0.00012603336631295938,0.0007339478945098247,8.094974554604765e-05,188.24073761048203,5.716247880429664,0.03017952124818757,0.09236224807369398,0.1459989447547685,5028,a2b1820c9222a368ab4e6f91b122d366c4860d9b782185119c79ae5ea75298c2,three_row_sha256,a8c7815c3d501a55f931c4476474979bd059af7dad99a7436d06868f441f3936,123ea5ce324bb82567913e1514a410f2bb582a6d8528a6ea98fbb2b74646f92c,a789b01b17129967eecd25421cde715dc938f6e3b95b30f735ff978f0882361e,0.31301495619118214,0.24730595760047436,0.2492070198059082,0.7956461049616337,0.19392208196222782,0.6554010324180126,0.0854909885674715,2.5399881415069103,0.0,0.0,15.000196872279048,203.0382202938199,976.5482149086893,40500,40500,589.1072495305888,,589.1072495305888,False,False,ok
BNCI2014_001,resampled_spectral_raw_rooted_s1,resampled,spectral,raw_rooted,8,1788,82,500,500,1.0,22,253,0.00041660280122582654,0.020410850085820203,7.204091879367752,0.7014114054369508,29.858859456304916,29.858859456304916,0.0052287689736560065,3.0803057085013696,0.00027513987407263137,0.0001262373165596833,0.0007507741649332252,6.447707961073016e-05,188.240737610482,5.716247880429665,0.03017952124818757,0.09236224807369398,0.1459989447547685,5109,123f80cec81aae9bf499262b0accd87af28b5b4e87e709c2d830fecd629bbd84,three_row_sha256,89f61408e0ade87736f0779c2ba3b20befa655a3dcf20cccc24d2d452cbf5667,123ea5ce324bb82567913e1514a410f2bb582a6d8528a6ea98fbb2b74646f92c,a789b01b17129967eecd25421cde715dc938f6e3b95b30f735ff978f0882361e,0.2989978529512882,0.23775105364620686,0.2431361936032772,0.7812599651515484,0.1962010283023119,1.0996321216225624,0.08449796587228775,2.9414761811494827,0.0,0.0,13.196307001635432,205.9796964749694,989.7445219103247,41000,41000,589.1072495305888,,589.1072495305888,False,False,ok
BNCI2014_001,resampled_spectral_raw_rooted_s1,resampled,spectral,raw_rooted,8,1788,83,500,500,1.0,22,253,0.0004219975076818007,0.020542577922008736,7.194865577487225,0.7005131057654073,29.948689423459275,29.948689423459275,0.005401998844151568,3.18235668104555,0.0002785648658619216,0.00012256687008421608,0.0010037034876686952,6.250853187909931e-05,188.240737610482,5.716247880429664,0.03017952124818757,0.09236224807369398,0.1459989447547685,5191,22dcd167654ed7cfcf644c10b2260fef1ee3d3c052e51bfcd1f49fae56fdff40,three_row_sha256,e0782d8e18134426cc700e94ca54f3e19e8dc288f57bb68ee51b9dc8cb010d26,123ea5ce324bb82567913e1514a410f2bb582a6d8528a6ea98fbb2b74646f92c,a789b01b17129967eecd25421cde715dc938f6e3b95b30f735ff978f0882361e,0.33583096228539944,0.24314108304679394,0.25744689628481865,0.818164087831974,0.19917404279112816,1.2648471165448427,0.13130297884345055,3.2499071676284075,0.0,0.0,15.011979034170508,209.2296036425978,1004.7565009444952,41500,41500,589.1072495305888,,589.1072495305888,False,False,ok
BNCI2014_001,resampled_spectral_raw_rooted_s1,resampled,spectral,raw_rooted,8,1788,84,500,500,1.0,22,253,0.00046450316103464483,0.021552335396300904,7.197514752131016,0.7007710371384747,29.92289628615253,29.92289628615253,0.005611897778256947,3.306009664795772,0.00028314674709622724,0.00014844376539743977,0.0011845156850859326,6.209596724752092e-05,188.240737610482,5.716247880429664,0.03017952124818757,0.09236224807369398,0.1459989447547685,5274,4ff8bc7c0a8ba30d4823704d75aeb16ab2a43e1a9cdc39cefe5dc04a26e05749,three_row_sha256,dbf377239fac1e58e5965aa03f6baf8ce30268ad2dee8c7f4ca1ae1c5e59c058,123ea5ce324bb82567913e1514a410f2bb582a6d8528a6ea98fbb2b74646f92c,a789b01b17129967eecd25421cde715dc938f6e3b95b30f735ff978f0882361e,0.33663399517536163,0.24282978847622871,0.2563600428402424,0.8246439974755049,0.19463920034468174,0.6471611559391022,0.08855294436216354,2.590821124613285,0.0,0.0,15.12451795861125,211.82042476721108,1019.8810189031065,42000,42000,589.1072495305888,,589.1072495305888,False,False,ok
BNCI2014_001,resampled_spectral_raw_rooted_s1,resampled,spectral,raw_rooted,8,1788,85,500,500,1.0,22,253,0.00042495751472349045,0.02061449768302615,7.176589972417957,0.6987337395313982,30.12662604686019,30.12662604686019,0.005266576320701074,3.1025782907311377,0.0002806855614391344,0.00012677881583599983,0.0007831815880492214,7.03992463392293e-05,188.24073761048203,5.716247880429664,0.03017952124818757,0.09236224807369398,0.1459989447547685,5358,f9a8405da8177f102d649dd6219e4a282e2d3e209657d18e69b325955b5ead36,three_row_sha256,4672875bf756122a1ab336f8d6c44ec368fde9bee8802c99460581d8d078ec5f,123ea5ce324bb82567913e1514a410f2bb582a6d8528a6ea98fbb2b74646f92c,a789b01b17129967eecd25421cde715dc938f6e3b95b30f735ff978f0882361e,0.3501991741359234,0.2469378523528576,0.2683300990611315,0.8472439367324114,0.2016560174524784,0.7487998809665442,0.09130313992500305,2.7544701006263494,0.0,0.0,13.91994790174067,214.57489486783743,1033.8009668048471,42500,42500,589.1072495305888,,589.1072495305888,False,False,ok
BNCI2014_001,resampled_spectral_raw_rooted_s1,resampled,spectral,raw_rooted,8,1788,86,500,500,1.0,22,253,0.0004266038602139931,0.02065439082166291,7.17915771357676,0.698983742302761,30.1016257697239,30.1016257697239,0.005301422317443902,3.123106320029457,0.00027887569999396816,0.00012963199801558617,0.0008441397219592883,7.229552978434096e-05,188.240737610482,5.716247880429664,0.03017952124818757,0.09236224807369398,0.1459989447547685,5443,e514bc47c7f1ddbb548dc2c92b16115f133bd52b198ce0c84bd930a69f93cc32,three_row_sha256,5e827674ac257004ad151b86297b598c5aa32230ebb6cd78bc4338bf2bb3c533,123ea5ce324bb82567913e1514a410f2bb582a6d8528a6ea98fbb2b74646f92c,a789b01b17129967eecd25421cde715dc938f6e3b95b30f735ff978f0882361e,0.3436130937188864,0.24388008750975132,0.260000117123127,0.8236928842961788,0.19585597328841686,0.8508090395480394,0.09732204489409924,2.815173240378499,0.0,0.0,13.550476869568229,217.39006810821593,1047.3514436744153,43000,43000,589.1072495305888,,589.1072495305888,False,False,ok
BNCI2014_001,resampled_spectral_raw_rooted_s1,resampled,spectral,raw_rooted,8,1788,87,500,500,1.0,22,253,0.0004205316201661462,0.02050686763418895,7.167910868499791,0.6978887166500813,30.21112833499186,30.21112833499186,0.005207740900764952,3.067917918317592,0.00027875006263540085,0.00012668484863868912,0.0007406188036490548,5.036596986775697e-05,188.24073761048203,5.716247880429664,0.03017952124818757,0.09236224807369398,0.1459989447547685,5529,65a9a629cf2a7646d3f5f13e68e5bb5c6e3dd73c8d68adab40c00bd106f801b7,three_row_sha256,9a59cf8cf7e6ae425ef8f9bc234e76f9388bcc4cbfbdf4b955376c1f0ecd17ac,123ea5ce324bb82567913e1514a410f2bb582a6d8528a6ea98fbb2b74646f92c,a789b01b17129967eecd25421cde715dc938f6e3b95b30f735ff978f0882361e,0.357678160071373,0.24693808518350124,0.2652450930327177,0.8319150656461716,0.19758706912398338,0.6979659665375948,0.09065004996955395,2.6879794895648956,0.0,0.0,15.355092007666826,220.07804759778082,1062.7065356820822,43500,43500,589.1072495305888,,589.1072495305888,False,False,ok
BNCI2014_001,resampled_spectral_raw_rooted_s1,resampled,spectral,raw_rooted,8,1788,88,500,500,1.0,22,253,0.0004217549401949776,0.020536673055657716,7.156381750945999,0.6967662081254451,30.323379187455483,30.323379187455483,0.005408552878580175,3.1862177102411153,0.0002729357442683864,0.000127327327624822,0.0009773898222957451,7.153671457354866e-05,188.24073761048206,5.716247880429664,0.03017952124818757,0.09236224807369398,0.1459989447547685,5616,a6a9be676c4b7fab284a268915c8874f46bb8147b13b0037357971e6767a7cac,three_row_sha256,62e07744caa458068d8adad160a6ba15f915e192e21e6e84cb436ffa7870c96a,123ea5ce324bb82567913e1514a410f2bb582a6d8528a6ea98fbb2b74646f92c,a789b01b17129967eecd25421cde715dc938f6e3b95b30f735ff978f0882361e,0.3539270255714655,0.24937698617577553,0.26361201889812946,0.83964504301548,0.19978685304522514,0.696077011525631,0.08995481766760349,2.69237975589931,0.0,0.0,13.865304877981544,222.77042735368013,1076.5718405600637,44000,44000,589.1072495305888,,589.1072495305888,False,False,ok
BNCI2014_001,resampled_spectral_raw_rooted_s1,resampled,spectral,raw_rooted,8,1788,89,500,500,1.0,22,253,0.00043986863029853146,0.02097304532724162,7.180677322665519,0.6991316958775501,30.086830412244993,30.086830412244993,0.005340897975391188,3.146361716306193,0.0002829267168337427,0.00013457791969764512,0.0009519373564164798,5.649709928153811e-05,188.240737610482,5.716247880429664,0.03017952124818757,0.09236224807369398,0.1459989447547685,5704,46efc2344d7eb749752cead3b9ed582fde04c2fd5dcf5dcdb989f946a40e0369,three_row_sha256,5f380c97bd26a5dc6cdb72412c3e7ea1b3f06e8ad8ce7a90a423c99411e19133,123ea5ce324bb82567913e1514a410f2bb582a6d8528a6ea98fbb2b74646f92c,a789b01b17129967eecd25421cde715dc938f6e3b95b30f735ff978f0882361e,0.38126599974930286,0.2473799977451563,0.27618883177638054,0.8398820646107197,0.20839599892497063,2.196376211941242,0.09038718417286873,4.239876288920641,0.0,0.0,11.839278973639011,227.01030364260077,1088.4111195337027,44500,44500,589.1072495305888,,589.1072495305888,False,False,ok
BNCI2014_001,resampled_spectral_raw_rooted_s1,resampled,spectral,raw_rooted,8,1788,90,500,500,1.0,22,253,0.00042560570035546846,0.02063021328914145,7.165203356828287,0.6976251054137803,30.237489458621972,30.237489458621972,0.0053315289175627735,3.1408423364182023,0.00027716434345326457,0.00012789112167756108,0.00082538443141963,6.0474882346255146e-05,188.24073761048203,5.716247880429664,0.03017952124818757,0.09236224807369398,0.1459989447547685,5793,588b9eee0990b94b82a68e67cc05ae8e4c20b1c1dc45802685592dfc33612dcd,three_row_sha256,73ecd7b58fd66b44a395f73abd673ff78c965a1ad7e3ced67a4b620355437bcf,123ea5ce324bb82567913e1514a410f2bb582a6d8528a6ea98fbb2b74646f92c,a789b01b17129967eecd25421cde715dc938f6e3b95b30f735ff978f0882361e,0.2836659550666809,0.2345710527151823,0.25097187608480453,0.6249949801713228,0.14391494914889336,0.6032369565218687,0.066353939473629,2.2077097091823816,0.0,0.0,11.635331902652979,229.21801335178316,1100.0464514363557,45000,45000,589.1072495305888,,589.1072495305888,False,False,ok
BNCI2014_001,resampled_spectral_raw_rooted_s1,resampled,spectral,raw_rooted,8,1788,91,500,500,1.0,22,253,0.00042556607940932764,0.02062925300172858,7.145578636540601,0.6957143853856648,30.428561461433528,30.428561461433528,0.005427069705518893,3.1971261072290176,0.00027777074411735545,0.00012586026775774031,0.000991641586495989,7.315662979052949e-05,188.240737610482,5.716247880429664,0.03017952124818757,0.09236224807369398,0.1459989447547685,5883,18342f02bb3929d663a2fd701ab2f4c83813442fc13249db4207daa54c2f3ab0,three_row_sha256,28b55fd18f75dd644a91799a5c0dcba648a64c8c0b506b5f105c15eda0823135,123ea5ce324bb82567913e1514a410f2bb582a6d8528a6ea98fbb2b74646f92c,a789b01b17129967eecd25421cde715dc938f6e3b95b30f735ff978f0882361e,0.2780649811029434,0.23036496713757515,0.24997792206704617,0.61261304654181,0.1420548651367426,0.8064841385930777,0.07692212238907814,2.396482042968273,0.0,0.0,12.318424880504608,231.61449539475143,1112.3648763168603,45500,45500,589.1072495305888,,589.1072495305888,False,False,ok
BNCI2014_001,resampled_spectral_raw_rooted_s1,resampled,spectral,raw_rooted,8,1788,92,500,500,1.0,22,253,0.0004402283853698531,0.020981620179811023,7.133989341765743,0.6945860178312008,30.541398216879923,30.541398216879923,0.0054234675072742065,3.195004026128826,0.00028273327273204237,0.0001344575352447854,0.0011083357524192176,7.852852060515458e-05,188.24073761048203,5.716247880429664,0.03017952124818757,0.09236224807369398,0.1459989447547685,5974,bcfb20faf93e10e5eec4178fee22e5e1c7696115d03f3ed9c18cdc1c7928d7f9,three_row_sha256,8fc7456fb31b8793206688b5c5cc253e5089a6bd9e20cd4bd4428c1028216b43,123ea5ce324bb82567913e1514a410f2bb582a6d8528a6ea98fbb2b74646f92c,a789b01b17129967eecd25421cde715dc938f6e3b95b30f735ff978f0882361e,0.28845109045505524,0.225794967263937,0.23596803657710552,0.588101102039218,0.14028698205947876,0.709315063431859,0.06068195216357708,2.2485991939902306,0.0,0.0,10.944067034870386,233.86309458874166,1123.3089433517307,46000,46000,589.1072495305888,,589.1072495305888,False,False,ok
BNCI2014_001,resampled_spectral_raw_rooted_s1,resampled,spectral,raw_rooted,8,1788,93,500,500,1.0,22,253,0.00043873927369035884,0.020946104021759247,7.147881465982617,0.6959385955793231,30.406140442067688,30.406140442067688,0.005529241704565605,3.2573163725664678,0.00028068747694309234,0.00013262868977085594,0.0011592513307020573,6.289621641291376e-05,188.24073761048203,5.716247880429665,0.03017952124818757,0.09236224807369398,0.1459989447547685,6066,57147ce71bc38365a0a70a8a2594b912381453ef8a31545f52bc3e9f89f54488,three_row_sha256,eef55004d9698824c386ff36dd6f8d47908590c1c4b07be57210f82fea4632ad,123ea5ce324bb82567913e1514a410f2bb582a6d8528a6ea98fbb2b74646f92c,a789b01b17129967eecd25421cde715dc938f6e3b95b30f735ff978f0882361e,0.285798916593194,0.22892188280820847,0.2484510187059641,0.698623014613986,0.14957389794290066,0.6758910603821278,0.08744490332901478,2.3747046943753958,0.0,0.0,11.565996101126075,236.23779928311706,1134.8749394528568,46500,46500,589.1072495305888,,589.1072495305888,False,False,ok
BNCI2014_001,resampled_spectral_raw_rooted_s1,resampled,spectral,raw_rooted,8,1788,94,500,500,1.0,22,253,0.0004207955093499449,0.020513300791192648,7.122816616025586,0.6934982086534182,30.65017913465818,30.65017913465818,0.005302455302832527,3.123714859210555,0.00027890725431579044,0.0001257458703603413,0.0008672243727206138,5.5366458456745127e-05,188.24073761048203,5.716247880429664,0.03017952124818757,0.09236224807369398,0.1459989447547685,6159,7d49c7b1ff57adfee910ff7572a049ba643dba22b77f3ca9927fd1162cfab3dd,three_row_sha256,0505e33e0805b81359fe348b225aa29ba014e7f40b8b289bffc006300599a502,123ea5ce324bb82567913e1514a410f2bb582a6d8528a6ea98fbb2b74646f92c,a789b01b17129967eecd25421cde715dc938f6e3b95b30f735ff978f0882361e,0.2430090680718422,0.22844388149678707,0.23688399232923985,0.5913570057600737,0.13923505321145058,0.7659371476620436,0.0625690445303917,2.2674351930618286,0.0,0.0,12.095404788851738,238.50523447617888,1146.9703442417085,47000,47000,589.1072495305888,,589.1072495305888,False,False,ok
BNCI2014_001,resampled_spectral_raw_rooted_s1,resampled,spectral,raw_rooted,8,1788,95,500,500,1.0,22,253,0.00041822503003986544,0.020450550849301478,7.1048062201702615,0.6917446639623046,30.825533603769536,30.825533603769536,0.005272313481392335,3.105958093686081,0.00027695283472366347,0.0001261012157388274,0.0007989445229419305,6.812679583691894e-05,188.24073761048203,5.716247880429664,0.03017952124818757,0.09236224807369398,0.1459989447547685,6253,1cd9dd21a322eb565f1dbaf0cc885ff40079e7b561acb96ef92c3154d74f9676,three_row_sha256,e56251238ccb7a932d0a025d0493138b431a46514a75ead4cba7e9ebad0ef111,123ea5ce324bb82567913e1514a410f2bb582a6d8528a6ea98fbb2b74646f92c,a789b01b17129967eecd25421cde715dc938f6e3b95b30f735ff978f0882361e,0.413430854678154,0.2533760853111744,0.27726287953555584,0.8867760188877583,0.211379025131464,0.9440388530492783,0.1097510103136301,3.096014726907015,0.0,0.0,10.896136984229088,241.6012492030859,1157.8664812259376,47500,47500,589.1072495305888,,589.1072495305888,False,False,ok
BNCI2014_001,resampled_spectral_raw_rooted_s1,resampled,spectral,raw_rooted,8,1788,96,500,500,1.0,22,253,0.0004140099118577252,0.020347233518533306,7.1098710372062515,0.6922377893270254,30.776221067297463,30.776221067297463,0.005315670529164098,3.131500044846671,0.0002743398337129005,0.00012231587940023916,0.0009045234540691808,6.3538418321223e-05,188.24073761048206,5.716247880429664,0.03017952124818757,0.09236224807369398,0.1459989447547685,6348,fc2a5d1084970b5913af0bde9e89fb772549af085e80124d35db7d31fabe2535,three_row_sha256,559fc043b8cfe748c53cdeb60ffb76de3bc839bbf7e9e36b4233c50db4d38652,123ea5ce324bb82567913e1514a410f2bb582a6d8528a6ea98fbb2b74646f92c,a789b01b17129967eecd25421cde715dc938f6e3b95b30f735ff978f0882361e,0.2475278452038765,0.22395909763872623,0.22930302657186985,0.5773049779236317,0.13542803935706615,0.6757709197700024,0.05992199294269085,2.1492158994078636,0.0,0.0,12.83138687722385,243.75046510249376,1170.6978681031615,48000,48000,589.1072495305888,,589.1072495305888,False,False,ok
BNCI2014_001,resampled_spectral_raw_rooted_s1,resampled,spectral,raw_rooted,8,1788,97,500,500,1.0,22,253,0.00042791105139605007,0.020686011007346246,7.126394826637001,0.6938465936790298,30.615340632097023,30.615340632097023,0.00532367667183451,3.1362165215345867,0.00028107287121578094,0.00012896271100884234,0.0009236936468857204,6.640692196157363e-05,188.24073761048203,5.716247880429664,0.03017952124818757,0.09236224807369398,0.1459989447547685,6444,f418cf0e031d164722555cfc6a4d18da3ff015bbbc9d126395525fbc1575e319,three_row_sha256,e4cadeafe6bac3e8729270f83bfbd8307d2686eaeb95333fdf7ba1cb8237024f,123ea5ce324bb82567913e1514a410f2bb582a6d8528a6ea98fbb2b74646f92c,a789b01b17129967eecd25421cde715dc938f6e3b95b30f735ff978f0882361e,0.22976496256887913,0.22544804960489273,0.228517921641469,0.5617199931293726,0.14275498688220978,0.6343950517475605,0.059679849073290825,2.0822808146476746,0.0,0.0,10.45759185217321,245.83274591714144,1181.1554599553347,48500,48500,589.1072495305888,,589.1072495305888,False,False,ok
BNCI2014_001,resampled_spectral_raw_rooted_s1,resampled,spectral,raw_rooted,8,1788,98,500,500,1.0,22,253,0.0004360128324809548,0.020880920297749204,7.12137401660161,0.6933577529642908,30.664224703570923,30.664224703570923,0.005378690160893409,3.1686253667611566,0.00027938118063863853,0.0001344743283938127,0.0008569247235909157,6.974929209632056e-05,188.24073761048203,5.716247880429664,0.03017952124818757,0.09236224807369398,0.1459989447547685,6541,d7d098bd45bd7bbb424068aa31229bb7ae038f6799627c51e0f2d67cf3d424a7,three_row_sha256,5e55fe80a721dec4c70a7dd1b7e58462adbb9c2e944f0915f192046a92c6e16f,123ea5ce324bb82567913e1514a410f2bb582a6d8528a6ea98fbb2b74646f92c,a789b01b17129967eecd25421cde715dc938f6e3b95b30f735ff978f0882361e,0.3688698634505272,0.24914206005632877,0.26003504171967506,0.9709128644317389,0.25515584275126457,0.8211580570787191,0.10773912072181702,3.0330128502100706,0.0,0.0,9.275891818106174,248.8657587673515,1190.4313517734408,49000,49000,589.1072495305888,,589.1072495305888,False,False,ok
BNCI2014_001,resampled_spectral_raw_rooted_s1,resampled,spectral,raw_rooted,8,1788,99,500,500,1.0,22,253,0.0004330076510775929,0.020808835889534832,7.103231055602092,0.6915913013439406,30.84086986560593,30.84086986560593,0.005333414126985446,3.1419529269559825,0.00028490831981867816,0.000129394221632833,0.000811321583776971,6.0217038038767146e-05,188.24073761048203,5.716247880429664,0.03017952124818757,0.09236224807369398,0.1459989447547685,6639,c04cf7507d4fb84c8149bf472971f949260b7a28c3ef447d142a3bcb24d1c808,three_row_sha256,d495be1ba39f46e4b2716411c296b1f1a4ed375f344faef3df90505d49f7dd3c,123ea5ce324bb82567913e1514a410f2bb582a6d8528a6ea98fbb2b74646f92c,a789b01b17129967eecd25421cde715dc938f6e3b95b30f735ff978f0882361e,0.2213639672845602,0.23858598433434963,0.22473814897239208,0.8070310577750206,0.21018600091338158,0.7763321045786142,0.09749014861881733,2.5757274124771357,0.0,0.0,11.804914101958275,251.44148617982864,1202.236265875399,49500,49500,589.1072495305888,,589.1072495305888,False,False,ok
BNCI2014_001,resampled_spectral_raw_rooted_s1,resampled,spectral,raw_rooted,8,1788,100,500,500,1.0,22,253,0.0004242523067663317,0.02059738592070197,7.1213336857070235,0.6933538262307165,30.664617376928344,30.664617376928344,0.0053241054423769,3.136469113369494,0.00027870872591136136,0.00012705627089475716,0.0009273019371745457,7.142362870165693e-05,188.240737610482,5.716247880429664,0.03017952124818757,0.09236224807369398,0.1459989447547685,6738,d47a1e0aefc38fe54fe36d93718822aa72c6fadcf39a196d8decbcb6f72b8c9d,three_row_sha256,d740aa119dec97300e582384efd0a0c7174ef1deb92405106fe3df7f38e760c3,123ea5ce324bb82567913e1514a410f2bb582a6d8528a6ea98fbb2b74646f92c,a789b01b17129967eecd25421cde715dc938f6e3b95b30f735ff978f0882361e,0.2651531249284744,0.22850302048027515,0.25028898380696774,0.615118071436882,0.1442341599613428,0.7641869597136974,0.06439792923629284,2.3318822495639324,0.0,0.0,12.485815910622478,253.77336842939258,1214.7220817860216,50000,50000,589.1072495305888,,589.1072495305888,False,False,ok
BNCI2014_001,resampled_spectral_raw_rooted_s1,resampled,spectral,raw_rooted,8,1788,101,500,500,1.0,22,253,0.0004310282373744414,0.020761219554121607,7.116214175696353,0.6928553757983981,30.714462420160196,30.714462420160196,0.005455120808953711,3.213651215619801,0.00027103032779410806,0.0001349339783784151,0.0009638901750598438,5.9096990737068656e-05,188.24073761048203,5.716247880429664,0.03017952124818757,0.09236224807369398,0.1459989447547685,6838,e6855f361350fa477f6ac3b1e57e6a3fa84b70533c217669d08452241da95361,three_row_sha256,9b12714f44e623c6352f2a1a3209e52acaed0141626d582a540389af803a14d3,123ea5ce324bb82567913e1514a410f2bb582a6d8528a6ea98fbb2b74646f92c,a789b01b17129967eecd25421cde715dc938f6e3b95b30f735ff978f0882361e,0.2432628534734249,0.22424687631428242,0.2303889486938715,0.5878738593310118,0.13695796951651573,0.5834770854562521,0.06098998710513115,2.0671975798904896,0.0,0.0,10.91535808518529,255.84056600928307,1225.6374398712069,50500,50500,589.1072495305888,,589.1072495305888,False,False,ok
BNCI2014_001,resampled_spectral_raw_rooted_s1,resampled,spectral,raw_rooted,8,1788,102,500,500,1.0,22,253,0.0004186258052291395,0.020460347143417178,7.10913474596647,0.6921661018635735,30.78338981364265,30.78338981364265,0.0052479856575319925,3.09162639628465,0.00028015326159653214,0.00012356979704712437,0.0007801393941095892,7.54588891729132e-05,188.240737610482,5.716247880429664,0.03017952124818757,0.09236224807369398,0.1459989447547685,6939,92c218004acb996e31f4d4d61efc70680a8a566dade846c855c142ef0f1ead53,three_row_sha256,d8986a22ca1db5de845918c9e6135b1bffa9994d676edb51c5b2355c71a594b4,123ea5ce324bb82567913e1514a410f2bb582a6d8528a6ea98fbb2b74646f92c,a789b01b17129967eecd25421cde715dc938f6e3b95b30f735ff978f0882361e,0.3604060038924217,0.24753808975219727,0.25178096257150173,0.8567809127271175,0.15690713189542294,0.6107289809733629,0.06077694706618786,2.544919028878212,0.0,0.0,8.77843494527042,258.3854850381613,1234.4158748164773,51000,51000,589.1072495305888,,589.1072495305888,False,False,ok
BNCI2014_001,resampled_spectral_raw_rooted_s1,resampled,spectral,raw_rooted,8,1788,103,500,500,1.0,22,253,0.00044097013819156664,0.020999288992524644,7.086866653132944,0.6899980153715762,31.00019846284237,31.00019846284237,0.005424696178931477,3.1957278455094165,0.0002833103138220028,0.00013375378668572879,0.0009422909466134932,5.873731214363998e-05,188.240737610482,5.716247880429664,0.03017952124818757,0.09236224807369398,0.1459989447547685,7041,b06e0cf6f59266645a103eddde23ae68bbbe27aae676afef4e742da0a0fd52ef,three_row_sha256,f77429239849b4f875a7cf3aa829ac32bdafe924b92406da3a2dc4d1740d1a96,123ea5ce324bb82567913e1514a410f2bb582a6d8528a6ea98fbb2b74646f92c,a789b01b17129967eecd25421cde715dc938f6e3b95b30f735ff978f0882361e,0.3046619240194559,0.24632690474390984,0.2483529970049858,0.942364102229476,0.2509588375687599,0.6732719484716654,0.12114783748984337,2.787084551528096,0.0,0.0,10.93737711198628,261.1725695896894,1245.3532519284636,51500,51500,589.1072495305888,,589.1072495305888,False,False,ok
BNCI2014_001,resampled_spectral_raw_rooted_s1,resampled,spectral,raw_rooted,8,1788,104,500,500,1.0,22,253,0.00043194798411994137,0.020783358345559586,7.101789886992385,0.6914509849630653,30.854901503693466,30.854901503693466,0.00555999573967412,3.2754337976012122,0.00026978195849290546,0.0001345531712058757,0.0011672388445253716,5.986155776759711e-05,188.24073761048203,5.716247880429664,0.03017952124818757,0.09236224807369398,0.1459989447547685,7144,6b6bd4f0d96d89a557cb34cd72bb3c74fed6d94de0aca7aa58cff036949aabbe,three_row_sha256,c9c6b0d50da1f744a1e26d7258706fe461dc2dce31f4d16ad4780c31256e6cae,123ea5ce324bb82567913e1514a410f2bb582a6d8528a6ea98fbb2b74646f92c,a789b01b17129967eecd25421cde715dc938f6e3b95b30f735ff978f0882361e,0.2935181837528944,0.22982386872172356,0.2515609376132488,0.6959510501474142,0.15825405716896057,0.7167099975049496,0.07209903560578823,2.4179171305149794,0.0,0.0,9.28192981518805,263.59048672020435,1254.6351817436516,52000,52000,589.1072495305888,,589.1072495305888,False,False,ok
BNCI2014_001,resampled_spectral_raw_rooted_s1,resampled,spectral,raw_rooted,8,1788,105,500,500,1.0,22,253,0.0004058705432194998,0.020146229007422203,7.069550585043059,0.688312072457612,31.168792754238805,31.168792754238805,0.005345446910643039,3.1490415270407035,0.0002659751423613158,0.00012013679721233437,0.0008350537146544055,6.409313719764166e-05,188.240737610482,5.716247880429665,0.03017952124818757,0.09236224807369398,0.1459989447547685,7248,1ba77f4057f414739ec772121e0a08d9b4c6fa19b8662acbd343d5dccfce188c,three_row_sha256,d18367ec7f7df5c26d543bbf1ac58fb7c066daf640efae46a96288393c15d952,123ea5ce324bb82567913e1514a410f2bb582a6d8528a6ea98fbb2b74646f92c,a789b01b17129967eecd25421cde715dc938f6e3b95b30f735ff978f0882361e,0.2269209362566471,0.22359797731041908,0.22631301544606686,0.5716870073229074,0.13853306882083416,0.6577789317816496,0.06908783689141273,2.113918773829937,0.0,0.0,9.040040895342827,265.7044054940343,1263.6752226389945,52500,52500,589.1072495305888,,589.1072495305888,False,False,ok
BNCI2014_001,resampled_spectral_raw_rooted_s1,resampled,spectral,raw_rooted,8,1788,106,500,500,1.0,22,253,0.0004110470368823902,0.020274294978676576,7.078465351686436,0.6891800401494708,31.081995985052927,31.081995985052927,0.005349951963464806,3.1516954863175246,0.0002687092975797027,0.0001239256176924071,0.000851435933447357,5.551049651568513e-05,188.24073761048203,5.716247880429664,0.03017952124818757,0.09236224807369398,0.1459989447547685,7353,5ec9a44cefe3be921c41d40e31e21aa2caa4a12214411ff824ad70f624b8dae4,three_row_sha256,0ab0b711206cf4f156e663876531072ea3cca0b4913cbb5711714fcd3276ab37,123ea5ce324bb82567913e1514a410f2bb582a6d8528a6ea98fbb2b74646f92c,a789b01b17129967eecd25421cde715dc938f6e3b95b30f735ff978f0882361e,0.26041315868496895,0.22683804854750633,0.23912196047604084,0.5911409389227629,0.1390769612044096,0.7139549124985933,0.06187986582517624,2.232425846159458,0.0,0.0,9.478113846853375,267.93683134019375,1273.1533364858478,53000,53000,589.1072495305888,,589.1072495305888,False,False,ok
BNCI2014_001,resampled_spectral_raw_rooted_s1,resampled,spectral,raw_rooted,8,1788,107,500,500,1.0,22,253,0.00044967960909744254,0.02120565040496147,7.076202491306456,0.6889597214603137,31.10402785396863,31.10402785396863,0.005330604772841578,3.140297916063331,0.0002852382600722727,0.00014411829352190417,0.0008859899928020528,7.148449087684684e-05,188.24073761048203,5.716247880429665,0.03017952124818757,0.09236224807369398,0.1459989447547685,7459,6eebc9c8b7f5b2dfbcffafcdb2503b6c811f18cecb623301d8734052a1488f26,three_row_sha256,134d7e0cc4c35fb99b87324a00d9021c28d63257ae65247cf082903a8b86e519,123ea5ce324bb82567913e1514a410f2bb582a6d8528a6ea98fbb2b74646f92c,a789b01b17129967eecd25421cde715dc938f6e3b95b30f735ff978f0882361e,0.326360110193491,0.25742617435753345,0.2503572031855583,0.6221998482942581,0.14153704978525639,0.6797921378165483,0.06343494169414043,2.341107465326786,0.0,0.0,8.909509982913733,270.27793880552053,1282.0628464687616,53500,53500,589.1072495305888,,589.1072495305888,False,False,ok
BNCI2014_001,resampled_spectral_raw_rooted_s1,resampled,spectral,raw_rooted,8,1788,108,500,500,1.0,22,253,0.00041030410443708724,0.020255964663206914,7.081055657305134,0.6894322398624874,31.05677601375126,31.05677601375126,0.005331998782526065,3.1411191372743783,0.0002727283812671873,0.00012091648435619014,0.0009438918979351603,5.6858244177586025e-05,188.24073761048203,5.716247880429664,0.03017952124818757,0.09236224807369398,0.1459989447547685,7566,335ed526497ffa7703ff2ab1c2872e4debd6107654635a6fab14c5bee5f941a4,three_row_sha256,1600c42adb7b663af0736b505838c9224c3a864197a2f3963f5ed494169bc0b8,123ea5ce324bb82567913e1514a410f2bb582a6d8528a6ea98fbb2b74646f92c,a789b01b17129967eecd25421cde715dc938f6e3b95b30f735ff978f0882361e,0.22756308317184448,0.23021409288048744,0.2258338499814272,0.5689940880984068,0.13493001461029053,0.8007350843399763,0.06145494990050793,2.2497251629829407,0.0,0.0,9.081033989787102,272.5276639685035,1291.1438804585487,54000,54000,589.1072495305888,,589.1072495305888,False,False,ok
BNCI2014_001,resampled_spectral_raw_rooted_s1,resampled,spectral,raw_rooted,8,1788,109,500,500,1.0,22,253,0.0004276883163489068,0.02068062659468776,7.082950868787917,0.6896167631822893,31.038323681771068,31.038323681771068,0.0052827212214168005,3.112089368785724,0.0002769555494051028,0.00013283240973845092,0.0008275116741543114,5.380290082589447e-05,188.240737610482,5.716247880429664,0.03017952124818757,0.09236224807369398,0.1459989447547685,7674,09ef256621d24bd89d27c3b15a4b0fe845ac1a6414e03892fa6a0aefc62b3fe4,three_row_sha256,27a9d59f93ce8d50f9789c00181f390c05b7317120e855668387c25d43267412,123ea5ce324bb82567913e1514a410f2bb582a6d8528a6ea98fbb2b74646f92c,a789b01b17129967eecd25421cde715dc938f6e3b95b30f735ff978f0882361e,0.21982495673000813,0.22296817041933537,0.22253813222050667,0.5685160867869854,0.13391883112490177,0.7875149603933096,0.05887309089303017,2.214154228568077,0.0,0.0,11.034972965717316,274.74181819707155,1302.178853424266,54500,54500,589.1072495305888,,589.1072495305888,False,False,ok
BNCI2014_001,resampled_spectral_raw_rooted_s1,resampled,spectral,raw_rooted,8,1788,110,500,500,1.0,22,253,0.00042031117269464215,0.020501491962650966,7.079589700083593,0.6892895099900359,31.071049000996414,31.071049000996414,0.005297646389822379,3.120881893693915,0.000273972354585975,0.00012770554813148889,0.0008331781008781443,6.153930980298903e-05,188.240737610482,5.716247880429664,0.03017952124818757,0.09236224807369398,0.1459989447547685,7783,efb5584c503929662fa794d146b0aba513874c611617ca1eaff2ea27dc0881d8,three_row_sha256,c4e641576b9d397bb5e22cc90e97aa2efaa93aad416ed96c78df88789b5b7901,123ea5ce324bb82567913e1514a410f2bb582a6d8528a6ea98fbb2b74646f92c,a789b01b17129967eecd25421cde715dc938f6e3b95b30f735ff978f0882361e,0.292907003313303,0.22851093672215939,0.2562019508332014,0.6979070603847504,0.155698973685503,0.846893060952425,0.06583891808986664,2.543957903981209,0.0,0.0,8.944784058257937,277.28577610105276,1311.123637482524,55000,55000,589.1072495305888,,589.1072495305888,False,False,ok
BNCI2014_001,resampled_spectral_raw_rooted_s1,resampled,spectral,raw_rooted,8,1788,111,500,500,1.0,22,253,0.00042915619483986894,0.020716085413027937,7.087001420320946,0.6900111366982231,30.998886330177687,30.998886330177687,0.00546035743473709,3.2167361498318683,0.00027123314729496286,0.0001319119441334611,0.0010440105397898952,6.777586571496454e-05,188.24073761048203,5.716247880429664,0.03017952124818757,0.09236224807369398,0.1459989447547685,7893,a26e08e4df4bb2bc5e66f54bc478ebf96d5233f684bc5d6be943e332efaf850d,three_row_sha256,40b3721e68508b75fab546e39bfe947b08e45bc6918184e72896f1bbf4a52fcc,123ea5ce324bb82567913e1514a410f2bb582a6d8528a6ea98fbb2b74646f92c,a789b01b17129967eecd25421cde715dc938f6e3b95b30f735ff978f0882361e,0.22660312242805958,0.22309692576527596,0.23117498494684696,0.5689801182597876,0.13511395081877708,0.6829060148447752,0.05958089604973793,2.1274560131132603,0.0,0.0,9.855318814516068,279.413232114166,1320.97895629704,55500,55500,589.1072495305888,,589.1072495305888,False,False,ok
BNCI2014_001,resampled_spectral_raw_rooted_s1,resampled,spectral,raw_rooted,8,1788,112,500,500,1.0,22,253,0.0004321686781746328,0.020788667061036714,7.060000748972202,0.6873822725532914,31.261772744670854,31.261772744670854,0.005316806232490459,3.1321690959095463,0.0002846327797588708,0.00012964151018458894,0.0008638782736010812,6.660834345830011e-05,188.24073761048203,5.716247880429664,0.03017952124818757,0.09236224807369398,0.1459989447547685,8004,5e2aa045eb2c57485fcd6f6a33e674959354ec8d090f0441e2fadffa420c6a04,three_row_sha256,2c7cefe47619d3a2c179017deb3be48b251247289dfe0f22554738cbed72d67c,123ea5ce324bb82567913e1514a410f2bb582a6d8528a6ea98fbb2b74646f92c,a789b01b17129967eecd25421cde715dc938f6e3b95b30f735ff978f0882361e,0.2196428831666708,0.22259005345404148,0.22194278426468372,0.5534938536584377,0.1498779747635126,0.6441310979425907,0.05980581045150757,2.0714844577014446,0.0,0.0,9.66514297761023,281.48471657186747,1330.6440992746502,56000,56000,589.1072495305888,,589.1072495305888,False,False,ok
BNCI2014_001,resampled_spectral_raw_rooted_s1,resampled,spectral,raw_rooted,8,1788,113,500,500,1.0,22,253,0.00040817946049436074,0.020203451697528338,7.061860927787114,0.6875633849903313,31.24366150096687,31.24366150096687,0.005406253604290165,3.1848631910882115,0.0002659367302969594,0.00012206218546896503,0.0009585986313177882,6.087504219732889e-05,188.24073761048203,5.716247880429665,0.03017952124818757,0.09236224807369398,0.1459989447547685,8116,25815d159b2828d4139b079dbbe6695e49116720ae79e452286951e2034ab614,three_row_sha256,3181e69dfa9c9f2c455e5db97896331f3109e0592db999f042092142c86a809c,123ea5ce324bb82567913e1514a410f2bb582a6d8528a6ea98fbb2b74646f92c,a789b01b17129967eecd25421cde715dc938f6e3b95b30f735ff978f0882361e,0.2137471456080675,0.22364198230206966,0.2221730537712574,0.5431571044027805,0.14303787611424923,0.6177809555083513,0.05794712342321873,2.0214852411299944,0.0,0.0,9.279034100472927,283.50620181299746,1339.9231333751231,56500,56500,589.1072495305888,,589.1072495305888,False,False,ok
BNCI2014_001,resampled_spectral_raw_rooted_s1,resampled,spectral,raw_rooted,8,1788,114,500,500,1.0,22,253,0.00042262172560987295,0.020557765579212954,7.06146017958925,0.6875243669764863,31.24756330235137,31.24756330235137,0.005352529943738844,3.1532141931861073,0.00027302506347765996,0.00012762747690678625,0.0008360449830689577,6.28609019509974e-05,188.24073761048203,5.716247880429664,0.03017952124818757,0.09236224807369398,0.1459989447547685,8229,d941aca12a653ab413308c3361ef33e268ce02564f4824d063940f44c808af35,three_row_sha256,a7160ec467a12a4be182145a2d4bac6fee64675e7164604b58ca9cccafaf6601,123ea5ce324bb82567913e1514a410f2bb582a6d8528a6ea98fbb2b74646f92c,a789b01b17129967eecd25421cde715dc938f6e3b95b30f735ff978f0882361e,0.22671418264508247,0.22282102145254612,0.22341799922287464,0.5639870651066303,0.13318215496838093,0.6801579147577286,0.05864212289452553,2.1089224610477686,0.0,0.0,9.588134940713644,285.61512427404523,1349.5112683158368,57000,57000,589.1072495305888,,589.1072495305888,False,False,ok
BNCI2014_001,resampled_spectral_raw_rooted_s1,resampled,spectral,raw_rooted,8,1788,115,500,500,1.0,22,253,0.0004236127116938582,0.020581853942098077,7.079717401745964,0.6893019433964915,31.06980566035085,31.06980566035085,0.005428409283007646,3.19791526203895,0.0002706418574177528,0.00013063444079847508,0.0010038188509562287,5.198559849593128e-05,188.24073761048203,5.716247880429664,0.03017952124818757,0.09236224807369398,0.1459989447547685,8343,b92d1672793f8d76ce8e519c70b3f831f9f06755ea0b89d041534f4d26c0bc4c,three_row_sha256,46dcb2e8fe982304d830c72bcb1d571b1755c1091aa04b66e1b0e7794c8000e7,123ea5ce324bb82567913e1514a410f2bb582a6d8528a6ea98fbb2b74646f92c,a789b01b17129967eecd25421cde715dc938f6e3b95b30f735ff978f0882361e,0.300009036436677,0.2348991110920906,0.2519909758120775,0.902852974832058,0.16761384904384613,0.8053078781813383,0.07479800842702389,2.7374718338251114,0.0,0.0,9.599455865100026,288.35259610787034,1359.1107241809368,57500,57500,589.1072495305888,,589.1072495305888,False,False,ok
BNCI2014_001,resampled_spectral_raw_rooted_s1,resampled,spectral,raw_rooted,8,1788,116,500,500,1.0,22,253,0.00042600303545563744,0.02063984097457239,7.076240259966267,0.688963398727234,31.103660127276598,31.103660127276598,0.005554441126214541,3.2721615345438337,0.00027086280297524925,0.00012805594850520406,0.0011305237120448031,5.5267296164725236e-05,188.24073761048203,5.716247880429664,0.03017952124818757,0.09236224807369398,0.1459989447547685,8458,4a32a0a9d3b046c9eb54cf07ea491e11a2fe7163253f96c7dd9b6ffb6c3bfd47,three_row_sha256,2296866fca670ab16eac46c864f4714d2c7a5b5068e7e9e56cfa96311f9c3cac,123ea5ce324bb82567913e1514a410f2bb582a6d8528a6ea98fbb2b74646f92c,a789b01b17129967eecd25421cde715dc938f6e3b95b30f735ff978f0882361e,0.24763098917901516,0.22508110851049423,0.23003504611551762,0.5949100013822317,0.13714982196688652,0.7540278602391481,0.06079813465476036,2.2496329620480537,0.0,0.0,9.352415800094604,290.6022290699184,1368.4631399810314,58000,58000,589.1072495305888,,589.1072495305888,False,False,ok
BNCI2014_001,resampled_spectral_raw_rooted_s1,resampled,spectral,raw_rooted,8,1788,117,500,500,1.0,22,253,0.00040860973446175855,0.020214097418924215,7.073346214402918,0.6886816260069554,31.131837399304462,31.131837399304462,0.005309251306186447,3.1277184340541835,0.00027342006631376093,0.00011855473779075475,0.0007996222752810098,6.042167216329794e-05,188.240737610482,5.716247880429664,0.03017952124818757,0.09236224807369398,0.1459989447547685,8574,912f0028f5544bdebe2ac3191a60b9272f7873c1aa197c6a32849c5c3584c64c,three_row_sha256,fe43418142a2e6642b7e4753954f6cfb510ba16eb3eb11aec3ebdc3712590f18,123ea5ce324bb82567913e1514a410f2bb582a6d8528a6ea98fbb2b74646f92c,a789b01b17129967eecd25421cde715dc938f6e3b95b30f735ff978f0882361e,0.23570982739329338,0.22663502022624016,0.22998196072876453,0.5922960117459297,0.1395109575241804,0.6676609627902508,0.060832127928733826,2.152626868337393,0.0,0.0,9.009834146127105,292.7548559382558,1377.4729741271585,58500,58500,589.1072495305888,,589.1072495305888,False,False,ok
BNCI2014_001,resampled_spectral_raw_rooted_s1,resampled,spectral,raw_rooted,8,1788,118,500,500,1.0,22,253,0.00040499555653182335,0.020124501398340863,7.075897610104867,0.6889300373369462,31.10699626630538,31.10699626630538,0.005344707215308278,3.1486057671565515,0.0002703531258103477,0.00011791828225940907,0.0009528243782458062,5.69892519361045e-05,188.24073761048203,5.716247880429664,0.03017952124818757,0.09236224807369398,0.1459989447547685,8691,67fe19379f4e5b9e7726f26dcc537a22f59c1427d746651c01b7f4d24c8ef067,three_row_sha256,7256cb7c306d49bebb50591e56cd8c55ef0d27a2e745ff6baae496be6b1c8c08,123ea5ce324bb82567913e1514a410f2bb582a6d8528a6ea98fbb2b74646f92c,a789b01b17129967eecd25421cde715dc938f6e3b95b30f735ff978f0882361e,0.2255118452012539,0.22405502386391163,0.22412091493606567,0.5727477837353945,0.134696951135993,0.8179240394383669,0.12923800386488438,2.32829456217587,0.0,0.0,13.052176916971803,295.08315050043166,1390.5251510441303,59000,59000,589.1072495305888,,589.1072495305888,False,False,ok
BNCI2014_001,resampled_spectral_raw_rooted_s1,resampled,spectral,raw_rooted,8,1788,119,500,500,1.0,22,253,0.0003909013668764051,0.01977122573024761,7.063973864096567,0.6877691066345342,31.223089336546586,31.223089336546586,0.005118449470579255,3.015315689474243,0.0002660763857543626,0.00011488288298699009,0.0006197623297048656,4.5346359705211495e-05,188.240737610482,5.716247880429664,0.03017952124818757,0.09236224807369398,0.1459989447547685,8809,3a92f33dff71243995b6d8879a059e4115760e50cd586dbbdec9bfc8870a25f3,three_row_sha256,8d4a55f4007a8982e82efe27bbd8228f01162c6ed2f784b42cc2ed0329b3fae7,123ea5ce324bb82567913e1514a410f2bb582a6d8528a6ea98fbb2b74646f92c,a789b01b17129967eecd25421cde715dc938f6e3b95b30f735ff978f0882361e,0.2509357873350382,0.22753188386559486,0.23937691003084183,0.5951339844614267,0.13972190208733082,0.6808820180594921,0.06370898336172104,2.1972914692014456,0.0,0.0,11.61089912056923,297.2804419696331,1402.1360501646996,59500,59500,589.1072495305888,,589.1072495305888,False,False,ok
BNCI2014_001,resampled_spectral_raw_rooted_s1,resampled,spectral,raw_rooted,8,1788,120,500,500,1.0,22,253,0.00040938894822050066,0.02023336225693843,7.062359098082481,0.6876118883038469,31.23881116961531,31.23881116961531,0.005272171959380656,3.105874722043033,0.00026711263156653,0.0001245647963430801,0.0008035262151630657,6.654609322316574e-05,188.24073761048206,5.716247880429664,0.03017952124818757,0.09236224807369398,0.1459989447547685,8928,db2c0b78de457eabd05c702a0f330f1c7ec28d58124d99cbce2894e61bf62d82,three_row_sha256,2c712444525e4fe68550528c5913a7c950149a80c0b1fa82b342e9a86c6d9a8b,123ea5ce324bb82567913e1514a410f2bb582a6d8528a6ea98fbb2b74646f92c,a789b01b17129967eecd25421cde715dc938f6e3b95b30f735ff978f0882361e,0.43431506492197514,0.25601498782634735,0.2762449439615011,1.0281119029968977,0.24308497086167336,0.8335891179740429,0.07095001637935638,3.142311004921794,0.0,0.0,8.951045107096434,300.4227529745549,1411.087095271796,60000,60000,589.1072495305888,,589.1072495305888,False,False,ok
BNCI2014_001,resampled_spectral_raw_rooted_s1,resampled,spectral,raw_rooted,8,1788,121,500,500,1.0,22,253,0.0004246353910433645,0.02060668316453098,7.055348845673134,0.686929349674795,31.3070650325205,31.3070650325205,0.0052398808290947865,3.086851783096091,0.0002812380418855046,0.00012684413840772222,0.0007993974413600038,4.529966460461493e-05,188.24073761048203,5.716247880429665,0.03017952124818757,0.09236224807369398,0.1459989447547685,9048,99712a3439b78b5944b4e0b3f20c8def05075db6544565bac2afd0c5c7f522b2,three_row_sha256,94da1fa89e097f1b931d02d8b639bd5182df728cb9cc8d9142c7d9dd25eaf9cb,123ea5ce324bb82567913e1514a410f2bb582a6d8528a6ea98fbb2b74646f92c,a789b01b17129967eecd25421cde715dc938f6e3b95b30f735ff978f0882361e,0.24719093926250935,0.23073912598192692,0.2354159951210022,1.0065529495477676,0.24994602426886559,0.9012171067297459,0.10954099707305431,2.980603137984872,0.0,0.0,11.347430059686303,303.40335611253977,1422.4345253314823,60500,60500,589.1072495305888,,589.1072495305888,False,False,ok
BNCI2014_001,resampled_spectral_raw_rooted_s1,resampled,spectral,raw_rooted,8,1788,122,500,500,1.0,22,253,0.0004113374597247922,0.02028145605534258,7.072980802315036,0.6886460484198816,31.13539515801183,31.13539515801183,0.005383404664895038,3.171402715246457,0.0002709193544941598,0.00012048476373157705,0.0010170130627590586,5.47649548898691e-05,188.240737610482,5.716247880429664,0.03017952124818757,0.09236224807369398,0.1459989447547685,9169,936eb60f359670d72e650e6a264bc91c256337be6673f86c8ad71e0c4776173a,three_row_sha256,c45ef7a57a60078106ba9c685016cfd1aeaa6c8562bafb6cf9db102917f3e180,123ea5ce324bb82567913e1514a410f2bb582a6d8528a6ea98fbb2b74646f92c,a789b01b17129967eecd25421cde715dc938f6e3b95b30f735ff978f0882361e,0.23892102763056755,0.2252149861305952,0.23169489577412605,0.5861008539795876,0.1372538972645998,0.8398150093853474,0.06310408934950829,2.322104759514332,0.0,0.0,11.965359095484018,305.7254608720541,1434.3998844269663,61000,61000,589.1072495305888,,589.1072495305888,False,False,ok
BNCI2014_001,resampled_spectral_raw_rooted_s1,resampled,spectral,raw_rooted,8,1788,123,500,500,1.0,22,253,0.0004232538755708477,0.020573134801746856,7.058208469255095,0.6872077709705294,31.27922290294705,31.27922290294705,0.005412928590445877,3.1887954738230575,0.00027513561011160216,0.0001265331936261061,0.0009376020178521181,6.379498722524638e-05,188.240737610482,5.716247880429664,0.03017952124818757,0.09236224807369398,0.1459989447547685,9291,560a8a361e229d0af0dd5787f4b298cb5af2a5a4a2b09b3bd6f88bce6d9c3179,three_row_sha256,c2769d23050a1fb4f52d25c731e779bec5dc177ca6e8d254da70c5d316f13c11,123ea5ce324bb82567913e1514a410f2bb582a6d8528a6ea98fbb2b74646f92c,a789b01b17129967eecd25421cde715dc938f6e3b95b30f735ff978f0882361e,0.24368404410779476,0.229754950851202,0.2325819805264473,0.6153099238872528,0.1502030063420534,0.8269590325653553,0.06371689960360527,2.362209837883711,0.0,0.0,9.370982879772782,308.0876707099378,1443.770867306739,61500,61500,589.1072495305888,,589.1072495305888,False,False,ok
BNCI2014_001,resampled_spectral_raw_rooted_s1,resampled,spectral,raw_rooted,8,1788,124,500,500,1.0,22,253,0.00039409112447272613,0.019851728500881884,7.046233936701882,0.6860418955419201,31.395810445807996,31.395810445807996,0.005238777334263617,3.0862017062912295,0.0002665204982198609,0.00011281260349915235,0.0007933385868391154,6.642745518364758e-05,188.240737610482,5.716247880429664,0.03017952124818757,0.09236224807369398,0.1459989447547685,9414,c0ba0b201bdbd8df605193d38c107b95a127da3dab5d16dd08d8d570bddfae43,three_row_sha256,adfffb42205d3abe3302c7002b663996ee09a880793cb6a1c349f199feda0436,123ea5ce324bb82567913e1514a410f2bb582a6d8528a6ea98fbb2b74646f92c,a789b01b17129967eecd25421cde715dc938f6e3b95b30f735ff978f0882361e,0.40775188244879246,0.26001897640526295,0.2620930317789316,1.0200589895248413,0.2463189885020256,4.364783875644207,0.07768487557768822,6.638710619881749,0.0,0.0,11.90278702415526,314.72638132981956,1455.6736543308944,62000,62000,589.1072495305888,,589.1072495305888,False,False,ok
BNCI2014_001,resampled_spectral_raw_rooted_s1,resampled,spectral,raw_rooted,8,1788,125,500,500,1.0,22,253,0.0004097575511281962,0.02024246899783216,7.081166097680941,0.6894429926597183,31.055700734028164,31.055700734028164,0.00526354646139712,3.100793378650121,0.00026905980811747435,0.00012281287251561694,0.0007618886472890412,7.151779005573587e-05,188.24073761048203,5.716247880429665,0.03017952124818757,0.09236224807369398,0.1459989447547685,9538,b8852fb539f2993a19d815d2b004f4155ce987cdb40288a936af2855e382a007,three_row_sha256,9067e7708eef4c9b02da2cc71eeb1e200da12d5f2310517a7e5d8086741fd79e,123ea5ce324bb82567913e1514a410f2bb582a6d8528a6ea98fbb2b74646f92c,a789b01b17129967eecd25421cde715dc938f6e3b95b30f735ff978f0882361e,0.27824193239212036,0.23401598446071148,0.24459604173898697,0.6857619155198336,0.1653700601309538,0.7594849448651075,0.07973308674991131,2.447203965857625,0.0,0.0,10.869072051718831,317.1735852956772,1466.5427263826132,62500,62500,589.1072495305888,,589.1072495305888,False,False,ok
BNCI2014_001,resampled_spectral_raw_rooted_s1,resampled,spectral,raw_rooted,8,1788,126,500,500,1.0,22,253,0.00045160326964841966,0.02125095926419369,7.064057829550971,0.6877772817561689,31.222271824383107,31.222271824383107,0.005477430318124428,3.22679390920574,0.000286627755408055,0.00013825626793573944,0.0009991771659548095,7.159379723664559e-05,188.24073761048206,5.716247880429664,0.03017952124818757,0.09236224807369398,0.1459989447547685,9663,e70f80b215ffd2b69d006021c1d708bb5f978632fa174a357f0c6acc682ec51e,three_row_sha256,d4d9b4a177007b14de695a92dc1738452e24879654aec5b285a5fb66024c7267,123ea5ce324bb82567913e1514a410f2bb582a6d8528a6ea98fbb2b74646f92c,a789b01b17129967eecd25421cde715dc938f6e3b95b30f735ff978f0882361e,0.25244499556720257,0.22245105355978012,0.22512185387313366,0.6558329332619905,0.14831917360424995,0.8680098690092564,0.06478582508862019,2.4369657039642334,0.0,0.0,10.953571181744337,319.6105509996414,1477.4962975643575,63000,63000,589.1072495305888,,589.1072495305888,False,False,ok
BNCI2014_001,resampled_spectral_raw_rooted_s1,resampled,spectral,raw_rooted,8,1788,127,500,500,1.0,22,253,0.0004183799500262535,0.020454338171308636,7.070788012302044,0.6884325519861055,31.156744801389443,31.156744801389443,0.005571070707234027,3.28195814127907,0.0002649253354561467,0.00012636797340140148,0.001108476040861307,6.830332729292993e-05,188.24073761048203,5.716247880429664,0.03017952124818757,0.09236224807369398,0.1459989447547685,9789,c3c8cc82e6118df5f2d6a300cd7de0b2fe0cf234974c962dfccc8b4c6af116fa,three_row_sha256,6990e6b6c54e77faf2d0883d501b1aa04b6d1df1018b0bc23ed9be71e0bbe24b,123ea5ce324bb82567913e1514a410f2bb582a6d8528a6ea98fbb2b74646f92c,a789b01b17129967eecd25421cde715dc938f6e3b95b30f735ff978f0882361e,0.23279315792024136,0.22304104641079903,0.22324500605463982,0.6242538802325726,0.14438387006521225,0.67657302133739,0.07115304470062256,2.1954430267214775,0.0,0.0,10.594340041279793,321.8059940263629,1488.0906376056373,63500,63500,589.1072495305888,,589.1072495305888,False,False,ok
BNCI2014_001,resampled_spectral_raw_rooted_s1,resampled,spectral,raw_rooted,8,1788,128,500,500,1.0,22,253,0.0004340366713641059,0.0208335467783118,7.054843247725527,0.686880123183385,31.311987681661503,31.311987681661503,0.005365628201749796,3.1609304719365814,0.00027949879366986376,0.000133681705533809,0.0008551131241541171,4.9866964533941615e-05,188.24073761048203,5.716247880429665,0.03017952124818757,0.09236224807369398,0.1459989447547685,9916,33a10714d7c51134425aa33d382563f987dc1781315994c84ef12eb47cb98175,three_row_sha256,d908eeb65fecc321589071695d238167cd57e9fd3effe57c3dd7a701ee96ce09,123ea5ce324bb82567913e1514a410f2bb582a6d8528a6ea98fbb2b74646f92c,a789b01b17129967eecd25421cde715dc938f6e3b95b30f735ff978f0882361e,0.2385599073022604,0.22479519248008728,0.23699202574789524,0.5789389833807945,0.1343749463558197,0.61622797511518,0.06218394264578819,2.0920729730278254,0.0,0.0,9.188306052237749,323.8980669993907,1497.278943657875,64000,64000,589.1072495305888,,589.1072495305888,False,False,ok
BNCI2014_001,resampled_spectral_raw_rooted_s1,resampled,spectral,raw_rooted,8,1788,129,500,500,1.0,22,253,0.00041301625972121685,0.020322801473252078,7.079953743718925,0.6893249543405764,31.067504565942357,31.067504565942357,0.005261011131048204,3.0992997971616196,0.0002743328014803513,0.00012085947734125965,0.0008480635956837868,6.602759812541002e-05,188.24073761048203,5.716247880429664,0.03017952124818757,0.09236224807369398,0.1459989447547685,10044,fabed8d5b07dbcf67d9f5475dcebebda385630995099452f3065a72a406f95b3,three_row_sha256,01259ae899e30cd4b7b2dd2499358b6e235602a7988633eaa75d78eba5033a8c,123ea5ce324bb82567913e1514a410f2bb582a6d8528a6ea98fbb2b74646f92c,a789b01b17129967eecd25421cde715dc938f6e3b95b30f735ff978f0882361e,0.21712388843297958,0.22506387904286385,0.22704806178808212,0.551748089492321,0.13387296348810196,0.6905968766659498,0.05770893767476082,2.103162696585059,0.0,0.0,11.250941082835197,326.0012296959758,1508.5298847407103,64500,64500,589.1072495305888,,589.1072495305888,False,False,ok
BNCI2014_001,resampled_spectral_raw_rooted_s1,resampled,spectral,raw_rooted,8,1788,130,500,500,1.0,22,253,0.000421155656584619,0.020522077297014038,7.072487419393877,0.6885980112190875,31.140198878091248,31.140198878091248,0.00532510909673308,3.1370603734267424,0.0002748269066426075,0.00012736571436611755,0.0008548647219270152,6.500749657349396e-05,188.24073761048206,5.716247880429665,0.03017952124818757,0.09236224807369398,0.1459989447547685,10173,2905be1e395bdfb2138d5e4422f21a99ae2784ab6bbed11d8cfcaa024908fa8e,three_row_sha256,d708693f8dd8f85d501c8385a058e50f57ad696e5697f0db01bf9d058fb204c0,123ea5ce324bb82567913e1514a410f2bb582a6d8528a6ea98fbb2b74646f92c,a789b01b17129967eecd25421cde715dc938f6e3b95b30f735ff978f0882361e,0.25490717962384224,0.23045879788696766,0.23935805074870586,0.6018108688294888,0.14072400517761707,0.7536262273788452,0.06577884778380394,2.2866639774292707,0.0,0.0,10.191441979259253,328.28789367340505,1518.7213267199695,65000,65000,589.1072495305888,,589.1072495305888,False,False,ok
BNCI2014_001,resampled_spectral_raw_rooted_s1,resampled,spectral,raw_rooted,8,1788,131,500,500,1.0,22,253,0.00042925235571212054,0.020718406205886605,7.071920114000928,0.6885427767107494,31.145722328925064,31.145722328925064,0.005374391896004145,3.166093227754488,0.00027514662495588504,0.00013204049088215154,0.0008818446332523273,5.0503800907994955e-05,188.240737610482,5.716247880429665,0.03017952124818757,0.09236224807369398,0.1459989447547685,10303,3e817464fc573e524a50dc082e5b8c4fd98ee1f2273e5519ceafc04ee3a80d9b,three_row_sha256,bc38ad978d686df872f35791f68f59a7a2c6ba6256714cec03889a21b8e2e7c9,123ea5ce324bb82567913e1514a410f2bb582a6d8528a6ea98fbb2b74646f92c,a789b01b17129967eecd25421cde715dc938f6e3b95b30f735ff978f0882361e,0.25584502145648,0.22536516189575195,0.23972592316567898,0.5967388860881329,0.1379221212118864,0.7440191693603992,0.0620789360255003,2.2616952192038298,0.0,0.0,9.716056985780597,330.5495888926089,1528.43738370575,65500,65500,589.1072495305888,,589.1072495305888,False,False,ok
BNCI2014_001,resampled_spectral_raw_rooted_s1,resampled,spectral,raw_rooted,8,1788,132,500,500,1.0,22,253,0.0004127417856435979,0.02031604749068081,7.059176607289298,0.6873020317143675,31.26979682856324,31.26979682856324,0.005357561864181676,3.156178533998041,0.0002694560063449658,0.00012334344392615017,0.0008744345582290202,8.440713060232574e-05,188.24073761048203,5.716247880429664,0.03017952124818757,0.09236224807369398,0.1459989447547685,10434,5849b10c1570017877127d7ff48281e7ba9a4e9df2084f075fff82682af7f418,three_row_sha256,e37d23aba0b184ff9ac6eb245d8977295a8e16e9463950e4c5117a7691b406ef,123ea5ce324bb82567913e1514a410f2bb582a6d8528a6ea98fbb2b74646f92c,a789b01b17129967eecd25421cde715dc938f6e3b95b30f735ff978f0882361e,0.23435615003108978,0.22510881535708904,0.22914703004062176,0.6985277868807316,0.1569679006934166,0.6660418584942818,0.06457092240452766,2.274720463901758,0.0,0.0,8.614180842414498,332.82430935651064,1537.0515645481646,66000,66000,589.1072495305888,,589.1072495305888,False,False,ok
BNCI2014_001,resampled_spectral_raw_rooted_s1,resampled,spectral,raw_rooted,8,1788,133,500,500,1.0,22,253,0.00044390053475190715,0.02106894716761868,7.048357163775092,0.6862486191249086,31.37513808750913,31.37513808750913,0.005342548977628105,3.1473343336929522,0.00028632306827697484,0.00013655417538009166,0.0009258634710066547,5.036291076198696e-05,188.240737610482,5.716247880429664,0.03017952124818757,0.09236224807369398,0.1459989447547685,10566,1ac9b539217b31c6041ef35cb8e50c989b7d9b74c342d3da396059b9d15bc766,three_row_sha256,a3de2aa3af79d30ac7465f25e703b7740e041e8e3d16ca7b8be6cc01d32f06a7,123ea5ce324bb82567913e1514a410f2bb582a6d8528a6ea98fbb2b74646f92c,a789b01b17129967eecd25421cde715dc938f6e3b95b30f735ff978f0882361e,0.21782820113003254,0.22317911498248577,0.22249389439821243,0.5527271423488855,0.13298587873578072,0.644260086119175,0.057036057114601135,2.050510374829173,0.0,0.0,8.997641038149595,334.8748197313398,1546.0492055863142,66500,66500,589.1072495305888,,589.1072495305888,False,False,ok
BNCI2014_001,resampled_spectral_raw_rooted_s1,resampled,spectral,raw_rooted,8,1788,134,500,500,1.0,22,253,0.0004322990692419678,0.020791802933896035,7.067388579012067,0.6881015732421446,31.189842675785535,31.189842675785535,0.005315153195087484,3.1311952795917084,0.00028549738223954585,0.00012911483783188392,0.0008484587686103158,6.22559669120875e-05,188.24073761048206,5.716247880429664,0.03017952124818757,0.09236224807369398,0.1459989447547685,10699,b0065cccd9231998fb54791ba46bbeed3e1410a664816f20038994a5b453c94f,three_row_sha256,08c7630a7fd32e861fbbfc3eac973504e4a2f1b4824a49a01c53ef37a3c614ad,123ea5ce324bb82567913e1514a410f2bb582a6d8528a6ea98fbb2b74646f92c,a789b01b17129967eecd25421cde715dc938f6e3b95b30f735ff978f0882361e,0.23716897703707218,0.22496911697089672,0.23214495740830898,0.5766989197582006,0.13709301128983498,0.7220159750431776,0.059888930991292,2.189979888498783,0.0,0.0,8.524003904312849,337.0647996198386,1554.573209490627,67000,67000,589.1072495305888,,589.1072495305888,False,False,ok
BNCI2014_001,resampled_spectral_raw_rooted_s1,resampled,spectral,raw_rooted,8,1788,135,500,500,1.0,22,253,0.00042877590420756283,0.020706904747150475,7.052847572901764,0.6866858184595738,31.331418154042623,31.331418154042623,0.005439208520986778,3.2042771714218627,0.00027623451221989403,0.0001293055560043966,0.0009316835076954405,7.268200502343752e-05,188.24073761048203,5.716247880429665,0.03017952124818757,0.09236224807369398,0.1459989447547685,10833,f185875a657c3d75d308163db4f310bae23b5707921aec910fbf716c4c200e66,three_row_sha256,5dbc665779491f250fb919b4b9e03c39c18ee51235faea4ad870e8564d175b44,123ea5ce324bb82567913e1514a410f2bb582a6d8528a6ea98fbb2b74646f92c,a789b01b17129967eecd25421cde715dc938f6e3b95b30f735ff978f0882361e,0.2864229027181864,0.2286920789629221,0.25461590848863125,0.9128390811383724,0.15803496353328228,0.7874239236116409,0.07249508053064346,2.700523938983679,0.0,0.0,9.654782945290208,339.7653235588223,1564.2279924359173,67500,67500,589.1072495305888,,589.1072495305888,False,False,ok
BNCI2014_001,resampled_spectral_raw_rooted_s1,resampled,spectral,raw_rooted,8,1788,136,500,500,1.0,22,253,0.00042370590770976816,0.02058411785114359,7.025989623611993,0.6840708501507373,31.592914984926264,31.592914984926264,0.00540267206503147,3.1827532803464353,0.0002706759836709847,0.0001314438259049687,0.0009140729025263509,5.6332306002582304e-05,188.24073761048203,5.716247880429664,0.03017952124818757,0.09236224807369398,0.1459989447547685,10968,bdffdfbb0e2018a8876f8e9e1039457e43d5f4b14fd75a77520a1fa943f09e5f,three_row_sha256,fd7049431dd15e22b248f5d5369c4924f4feae67ed1801efde6fd892d0c30631,123ea5ce324bb82567913e1514a410f2bb582a6d8528a6ea98fbb2b74646f92c,a789b01b17129967eecd25421cde715dc938f6e3b95b30f735ff978f0882361e,0.22555096074938774,0.22638891823589802,0.22291415371000767,0.5584368482232094,0.1399409957230091,0.6759259849786758,0.0646121334284544,2.113769995048642,0.0,0.0,9.15901898406446,341.8790935538709,1573.3870114199817,68000,68000,589.1072495305888,,589.1072495305888,False,False,ok
BNCI2014_001,resampled_spectral_raw_rooted_s1,resampled,spectral,raw_rooted,8,1788,137,500,500,1.0,22,253,0.00043322819594631876,0.020814134523114786,7.0424842406544785,0.6856768141939013,31.43231858060987,31.43231858060987,0.005366612752523266,3.161510477934763,0.0002804919583096522,0.0001288655937439868,0.0010124863175619723,6.251253829529853e-05,188.24073761048203,5.716247880429664,0.03017952124818757,0.09236224807369398,0.1459989447547685,11104,1fc61a41279bdab8a3ba3bfda79770b01e4760c85c120414115e8117ac67fdc1,three_row_sha256,73941141362df1cfc9abd5a6c2c971e71a722b30db2b6b7af109e21fda36f6b4,123ea5ce324bb82567913e1514a410f2bb582a6d8528a6ea98fbb2b74646f92c,a789b01b17129967eecd25421cde715dc938f6e3b95b30f735ff978f0882361e,0.22605597041547298,0.22446410730481148,0.2259570173919201,0.5678990855813026,0.13602105900645256,1.051241997629404,0.06280699744820595,2.4944462347775698,0.0,0.0,8.876473177224398,344.3735397886485,1582.2634845972061,68500,68500,589.1072495305888,,589.1072495305888,False,False,ok
BNCI2014_001,resampled_spectral_raw_rooted_s1,resampled,spectral,raw_rooted,8,1788,138,500,500,1.0,22,253,0.00041649977906683033,0.020408326219139832,7.044605820496137,0.6858833773976197,31.411662260238028,31.411662260238028,0.005315165330769319,3.131202428809856,0.000272609065628498,0.00012496659731505436,0.0008460905938882785,5.731564462390599e-05,188.24073761048203,5.716247880429664,0.03017952124818757,0.09236224807369398,0.1459989447547685,11241,73572d84d1b4a46b5a975f935cf97160a1c28597cd9bcc0c1c40164b51d36fcc,three_row_sha256,fec6597999083404f0a419db4cf6969781d4deef58a7d1a03c688c123f6354a9,123ea5ce324bb82567913e1514a410f2bb582a6d8528a6ea98fbb2b74646f92c,a789b01b17129967eecd25421cde715dc938f6e3b95b30f735ff978f0882361e,0.21262886002659798,0.2209541853517294,0.22071506828069687,0.5503471475094557,0.13148877769708633,0.7773628458380699,0.059681013226509094,2.1731778979301453,0.0,0.0,8.529025129973888,346.54671768657863,1590.79250972718,69000,69000,589.1072495305888,,589.1072495305888,False,False,ok
BNCI2014_001,resampled_spectral_raw_rooted_s1,resampled,spectral,raw_rooted,8,1788,139,500,500,1.0,22,253,0.00041712588936966544,0.02042366003853534,7.03043342506596,0.6845035116263962,31.549648837360376,31.549648837360376,0.005339525132561628,3.145552964642833,0.0002742766177764161,0.00012509225598907267,0.0008763994704672581,6.424256282489938e-05,188.240737610482,5.716247880429664,0.03017952124818757,0.09236224807369398,0.1459989447547685,11379,b570168dfe679c36edbfed4df72c71d8ea80c99b7ae24a0aee65bd6e660fec0e,three_row_sha256,c8eaba0821da3a6692f50afd489688eb33e67be089db3a3d8aa6896efc1b8489,123ea5ce324bb82567913e1514a410f2bb582a6d8528a6ea98fbb2b74646f92c,a789b01b17129967eecd25421cde715dc938f6e3b95b30f735ff978f0882361e,0.20866002887487411,0.22363290190696716,0.21968083456158638,0.5494060460478067,0.1342881005257368,0.9707999415695667,0.05760393105447292,2.364071784541011,0.0,0.0,8.595690131187439,348.91078947111964,1599.3881998583674,69500,69500,589.1072495305888,,589.1072495305888,False,False,ok
BNCI2014_001,resampled_spectral_raw_rooted_s1,resampled,spectral,raw_rooted,8,1788,140,500,500,1.0,22,253,0.0004105964992367114,0.02026318087657294,7.030013391928632,0.6844626159745755,31.553738402542447,31.553738402542447,0.005454078927972541,3.213037435980646,0.00026697928441004237,0.00012111550683006695,0.0010741551468029238,6.608366027730254e-05,188.24073761048203,5.716247880429664,0.03017952124818757,0.09236224807369398,0.1459989447547685,11518,76f0cc99341bd330d375290942fd6285e34d681d4b60124f222cecd123e89d34,three_row_sha256,75c4cc75cac1822c4704e159cd891bc1b368c6d6be7e432a6fe9abe1a6bfbe32,123ea5ce324bb82567913e1514a410f2bb582a6d8528a6ea98fbb2b74646f92c,a789b01b17129967eecd25421cde715dc938f6e3b95b30f735ff978f0882361e,0.2183099277317524,0.22180983796715736,0.2208738587796688,0.5474700592458248,0.13089203275740147,0.7459351327270269,0.05811802111566067,2.1434088703244925,0.0,0.0,10.589645011350513,351.05419834144413,1609.977844869718,70000,70000,589.1072495305888,,589.1072495305888,False,False,ok
BNCI2014_001,resampled_spectral_raw_rooted_s1,resampled,spectral,raw_rooted,8,1788,141,500,500,1.0,22,253,0.0004208664907857753,0.020515030850227236,7.0352346606772205,0.6849709739345288,31.50290260654712,31.50290260654712,0.005371849872458013,3.164595703254984,0.0002758872237041825,0.00012286252667673752,0.0008998094830132905,7.74528474138143e-05,188.240737610482,5.716247880429665,0.03017952124818757,0.09236224807369398,0.1459989447547685,11658,f2dfa74c967d4a8c09d8b974c8eeeb372dd7157e0676a0c14624ad80e0cfcd59,three_row_sha256,a9c71fcc999ee5d103403473173f08572e7db1b87921f22ee2cbe76d347fe0c1,123ea5ce324bb82567913e1514a410f2bb582a6d8528a6ea98fbb2b74646f92c,a789b01b17129967eecd25421cde715dc938f6e3b95b30f735ff978f0882361e,0.3015671391040087,0.2332169096916914,0.24810084141790867,0.6022299639880657,0.14189607463777065,0.6346448790282011,0.06433599628508091,2.225991804152727,0.0,0.0,8.869193028658628,353.28019014559686,1618.8470378983766,70500,70500,589.1072495305888,,589.1072495305888,False,False,ok
BNCI2014_001,resampled_spectral_raw_rooted_s1,resampled,spectral,raw_rooted,8,1788,142,500,500,1.0,22,253,0.00044390696285699063,0.02106909971633792,7.01678078468521,0.6831742507233235,31.682574927667645,31.682574927667645,0.0054987374224958205,3.239346078857432,0.00027740778437270884,0.00013997911306619975,0.0011043553418108114,4.5674098364864265e-05,188.24073761048203,5.716247880429664,0.03017952124818757,0.09236224807369398,0.1459989447547685,11799,48bdf7053611ad731f27213f4184e3ab94f4bf73aad2640adbc4e1a2d203a5f4,three_row_sha256,a5f64726661e7fe88dbce4cbf955a95be970b81096af5f74cbd9ddc4da431f9d,123ea5ce324bb82567913e1514a410f2bb582a6d8528a6ea98fbb2b74646f92c,a789b01b17129967eecd25421cde715dc938f6e3b95b30f735ff978f0882361e,0.21844194270670414,0.22375909611582756,0.22432301193475723,0.5610520020127296,0.1341588795185089,0.6045359186828136,0.057371100410819054,2.02364195138216,0.0,0.0,8.454865077510476,355.303832096979,1627.301902975887,71000,71000,589.1072495305888,,589.1072495305888,False,False,ok
BNCI2014_001,resampled_spectral_raw_rooted_s1,resampled,spectral,raw_rooted,8,1788,143,500,500,1.0,22,253,0.00043124981813825986,0.02076655527857858,7.022511277909368,0.6837321882640308,31.626781173596914,31.626781173596914,0.005402470791113327,3.1826347084221163,0.00027659113537098127,0.00013151466328648192,0.0009464658206534248,7.381303654444535e-05,188.240737610482,5.716247880429664,0.03017952124818757,0.09236224807369398,0.1459989447547685,11941,ad1d663aeb6f62a5fbdca0630f04827412d5e4054c1600267c241e3858c53d44,three_row_sha256,28d1361e4e8ca3faeb992ce77971189e60947bf7ba08e487a01115d757d0d71c,123ea5ce324bb82567913e1514a410f2bb582a6d8528a6ea98fbb2b74646f92c,a789b01b17129967eecd25421cde715dc938f6e3b95b30f735ff978f0882361e,0.2101277932524681,0.2211530227214098,0.22085499949753284,0.5465298891067505,0.1327709760516882,0.6892310921102762,0.056608812883496284,2.077276585623622,0.0,0.0,8.452007081359625,357.38110868260264,1635.7539100572467,71500,71500,589.1072495305888,,589.1072495305888,False,False,ok
BNCI2014_001,resampled_spectral_raw_rooted_s1,resampled,spectral,raw_rooted,8,1788,144,500,500,1.0,22,253,0.00040989771837340427,0.02024593090903464,7.006211399094873,0.6821451845029503,31.78548154970498,31.78548154970498,0.00542175542677956,3.19399542709765,0.00026572734149809277,0.0001225644117341494,0.00099302512229654,7.532327788632635e-05,188.24073761048203,5.716247880429664,0.03017952124818757,0.09236224807369398,0.1459989447547685,12084,eda296470caf1e10f651f63728ad2633f0a170dcd09507eed4d2e323f4cf3366,three_row_sha256,0cace0afdb2873a8f1d78ccc9948fd9adddc338f8158a29e9f2bab0ef9cc9679,123ea5ce324bb82567913e1514a410f2bb582a6d8528a6ea98fbb2b74646f92c,a789b01b17129967eecd25421cde715dc938f6e3b95b30f735ff978f0882361e,0.21673599258065224,0.22143195383250713,0.22014696151018143,0.545677961781621,0.13108900748193264,0.7306130137294531,0.056099146604537964,2.1217940375208855,0.0,0.0,8.384857093915343,359.50290272012353,1644.138767151162,72000,72000,589.1072495305888,,589.1072495305888,False,False,ok
BNCI2014_001,resampled_spectral_raw_rooted_s1,resampled,spectral,raw_rooted,8,1788,145,500,500,1.0,22,253,0.0004332616228270927,0.020814937492750072,7.0175042957461935,0.6832446938712777,31.675530612872233,31.675530612872233,0.0053693492570398875,3.1631225725838785,0.0002807541076575698,0.00013054481932813668,0.0009558566541870688,5.724971552665635e-05,188.240737610482,5.716247880429664,0.03017952124818757,0.09236224807369398,0.1459989447547685,12228,0277494b86ef4b3a856779524c45a72a2ba7e1601fb7d1dadf307f8b4ed7ccb5,three_row_sha256,77e0582edb38e446a83b66019256ad0e43a7fc231efb8be26e1ecd6850633691,123ea5ce324bb82567913e1514a410f2bb582a6d8528a6ea98fbb2b74646f92c,a789b01b17129967eecd25421cde715dc938f6e3b95b30f735ff978f0882361e,0.20711496472358704,0.22142799571156502,0.2193299587816,0.5387258715927601,0.1399349421262741,0.6204110104590654,0.05501997657120228,2.001964719966054,0.0,0.0,7.739227032288909,361.5048674400896,1651.877994183451,72500,72500,589.1072495305888,,589.1072495305888,False,False,ok
BNCI2014_001,resampled_spectral_raw_rooted_s1,resampled,spectral,raw_rooted,8,1788,146,500,500,1.0,22,253,0.0004257253068381561,0.020633111903882943,7.018368255527086,0.6833288115164028,31.667118848359724,31.667118848359724,0.005402231837045937,3.182493938848712,0.0002755988526591707,0.00012802539057584495,0.000992689214770416,7.580668075509188e-05,188.24073761048203,5.716247880429664,0.03017952124818757,0.09236224807369398,0.1459989447547685,12373,56b4eca86d240d1c1cea44e85555218d08cb981b2fcf5482c4ef5111945aaeac,three_row_sha256,57323b46c8855c21bef6e5c0f70031d0381f7ba3a83046322022cbb3b8439531,123ea5ce324bb82567913e1514a410f2bb582a6d8528a6ea98fbb2b74646f92c,a789b01b17129967eecd25421cde715dc938f6e3b95b30f735ff978f0882361e,0.2102379221469164,0.22128503769636154,0.22043008357286453,0.5339989438652992,0.13974495232105255,0.6041550077497959,0.05528307519853115,1.9851350225508213,0.0,0.0,10.251012863591313,363.4900024626404,1662.1290070470423,73000,73000,589.1072495305888,,589.1072495305888,False,False,ok
BNCI2014_001,resampled_spectral_raw_rooted_s1,resampled,spectral,raw_rooted,8,1788,147,500,500,1.0,22,253,0.00042738363256744725,0.020673258876322504,7.005764823924086,0.6821017046413077,31.789829535869227,31.789829535869227,0.005397739831205233,3.1798476656430195,0.00027251632207017575,0.00013193398433006877,0.0009155179612426862,7.138281353841279e-05,188.24073761048203,5.716247880429664,0.03017952124818757,0.09236224807369398,0.1459989447547685,12519,c08f7ed0a64e6741e8f6cf7809ae662bf5defd834dca055fa46988136c31712e,three_row_sha256,70edd53e1aabe676b66e1485746da19b9c83e54bafbeaa62beecd072b94e9d63,123ea5ce324bb82567913e1514a410f2bb582a6d8528a6ea98fbb2b74646f92c,a789b01b17129967eecd25421cde715dc938f6e3b95b30f735ff978f0882361e,0.2777900081127882,0.2340229693800211,0.2462528645992279,0.6737047806382179,0.16351905651390553,0.8439000230282545,0.06869412027299404,2.507883822545409,0.0,0.0,9.07479808665812,365.9978862851858,1671.2038051337004,73500,73500,589.1072495305888,,589.1072495305888,False,False,ok
BNCI2014_001,resampled_spectral_raw_rooted_s1,resampled,spectral,raw_rooted,8,1788,148,500,500,1.0,22,253,0.0004231098474607813,0.02056963411100891,7.007995870341449,0.6823189258302377,31.768107416976225,31.768107416976225,0.005394890973985812,3.178169383202181,0.00027483010466177425,0.00012617008296987857,0.0009625777660197085,7.28139183933383e-05,188.240737610482,5.716247880429664,0.03017952124818757,0.09236224807369398,0.1459989447547685,12666,27eec89d94b456b1a32d753aa4b9b061287455b9c5ab806808a393779fb7aaa6,three_row_sha256,8b73db2d5bfc3cf871a33b85f1a86a621c04aa46b14c74aeeeb3fb62a8c3acf5,123ea5ce324bb82567913e1514a410f2bb582a6d8528a6ea98fbb2b74646f92c,a789b01b17129967eecd25421cde715dc938f6e3b95b30f735ff978f0882361e,0.2177830319851637,0.22273999638855457,0.22182590328156948,0.5511760246008635,0.13429694809019566,0.6489190272986889,0.059723155573010445,2.056464087218046,0.0,0.0,8.972606156021357,368.05435037240386,1680.1764112897217,74000,74000,589.1072495305888,,589.1072495305888,False,False,ok
BNCI2014_001,resampled_spectral_raw_rooted_s1,resampled,spectral,raw_rooted,8,1788,149,500,500,1.0,22,253,0.00041438982759743934,0.02035656718598299,7.003837760256412,0.6819140800998467,31.808591990015334,31.808591990015334,0.0052271925807681995,3.079377044023054,0.0002749403861786454,0.00012452761321648517,0.0007767486151768329,5.20571743928273e-05,188.24073761048203,5.716247880429664,0.03017952124818757,0.09236224807369398,0.1459989447547685,12814,a34c2a47d7ef759a9ef7fb160863fc7e2b77e06ac2023d111e8ece02ef24e749,three_row_sha256,2db2846d7e38cc71aac42d273a91db8a91e65d79a00c3a8d6deffea5d738d219,123ea5ce324bb82567913e1514a410f2bb582a6d8528a6ea98fbb2b74646f92c,a789b01b17129967eecd25421cde715dc938f6e3b95b30f735ff978f0882361e,0.231647165492177,0.22497493773698807,0.22918777540326118,0.5665200296789408,0.14305207878351212,0.8308659307658672,0.06199302151799202,2.2882409393787384,0.0,0.0,8.458798052743077,370.3425913117826,1688.6352093424648,74500,74500,589.1072495305888,,589.1072495305888,False,False,ok
BNCI2014_001,resampled_spectral_raw_rooted_s1,resampled,spectral,raw_rooted,8,1788,150,500,500,1.0,22,253,0.00043726398518578676,0.020910858069093836,7.000795398798517,0.6816178669113195,31.838213308868045,31.838213308868045,0.005465570664777595,3.219807301442201,0.00027961241535181093,0.00013249319175593648,0.0010370654666471382,6.921279974806313e-05,188.24073761048203,5.716247880429664,0.03017952124818757,0.09236224807369398,0.1459989447547685,12963,7a4cd729ce8f3288d205be86ae3fd823129aa359f8e682716652ce35875d3218,three_row_sha256,a61c55ffe2404d4e09741cfafa160d5cd2f8ee4784ae4b30966337a21f6cd6d4,123ea5ce324bb82567913e1514a410f2bb582a6d8528a6ea98fbb2b74646f92c,a789b01b17129967eecd25421cde715dc938f6e3b95b30f735ff978f0882361e,0.21299603395164013,0.22244499996304512,0.22153113968670368,0.5522039718925953,0.1418089959770441,0.6362020503729582,0.057196011766791344,2.044383203610778,0.0,0.0,8.51547997444868,372.3869745153934,1697.1506893169135,75000,75000,589.1072495305888,,589.1072495305888,False,False,ok
BNCI2014_001,resampled_spectral_raw_rooted_s1,resampled,spectral,raw_rooted,8,1788,151,500,500,1.0,22,253,0.0004171019679989733,0.020423074401249516,6.981529629193935,0.6797420953690554,32.02579046309445,32.02579046309445,0.005348260903595226,3.150699270688965,0.00027365314306372813,0.0001253239000886769,0.00088270674196524,7.415563680065261e-05,188.24073761048203,5.716247880429664,0.03017952124818757,0.09236224807369398,0.1459989447547685,13113,0ae070ba5febdb7a2c3911bced069b615b90e025e6e27de9da74cde000ec7a45,three_row_sha256,f1baef17adb1bdbad84b94b0a652f3ff25610540e4b3a3e699fdc61478dd5d88,123ea5ce324bb82567913e1514a410f2bb582a6d8528a6ea98fbb2b74646f92c,a789b01b17129967eecd25421cde715dc938f6e3b95b30f735ff978f0882361e,0.22192602045834064,0.22313697263598442,0.2234731800854206,0.5557520780712366,0.1349588856101036,0.681848032400012,0.05832803435623646,2.0994232036173344,0.0,0.0,8.569804951548576,374.4863977190107,1705.720494268462,75500,75500,589.1072495305888,,589.1072495305888,False,False,ok
BNCI2014_001,resampled_spectral_raw_rooted_s1,resampled,spectral,raw_rooted,8,1788,152,500,500,1.0,22,253,0.0004252645897067514,0.020621944372603458,7.000491655044393,0.6815882935331561,31.841170646684386,31.841170646684386,0.005379684007309933,3.1692108488900503,0.00027101131324026195,0.00013338648226454775,0.0008776967322154713,6.926368100307993e-05,188.240737610482,5.716247880429664,0.03017952124818757,0.09236224807369398,0.1459989447547685,13264,0cf65368d71b65c0b0df9790f9b11c2b55acdf2e29710c411f052e221ed32224,three_row_sha256,de83341974cbd70744e22b1c9435c72fa06e2d2bc3f5c15c236b94c19c9bb75f,123ea5ce324bb82567913e1514a410f2bb582a6d8528a6ea98fbb2b74646f92c,a789b01b17129967eecd25421cde715dc938f6e3b95b30f735ff978f0882361e,0.2131329383701086,0.2219029702246189,0.21945801563560963,0.5436891224235296,0.13044406659901142,0.6261889357119799,0.06687990389764309,2.021695952862501,0.0,0.0,10.554535780102015,376.5080936718732,1716.275030048564,76000,76000,589.1072495305888,,589.1072495305888,False,False,ok
BNCI2014_001,resampled_spectral_raw_rooted_s1,resampled,spectral,raw_rooted,8,1788,153,500,500,1.0,22,253,0.0004448652151245683,0.021091828159848267,7.010201327452363,0.6825336555696276,31.74663444303724,31.74663444303724,0.005510389466694303,3.246210382566609,0.00027691508316301887,0.00014071743698517965,0.0010480646698806891,5.117244273738598e-05,188.24073761048203,5.716247880429664,0.03017952124818757,0.09236224807369398,0.1459989447547685,13416,ee8433954a591f7d6143bd7c29dd8d8ce3fb091d884ed4555b0bb15bab845ed8,three_row_sha256,9b4f83c9c68fa9b988b6143ace8909eac631c67d574881d70aa59fa8e14372df,123ea5ce324bb82567913e1514a410f2bb582a6d8528a6ea98fbb2b74646f92c,a789b01b17129967eecd25421cde715dc938f6e3b95b30f735ff978f0882361e,0.24393596686422825,0.22571510635316372,0.23011304438114166,0.587682006880641,0.13654795475304127,0.8142010774463415,0.06305379793047905,2.3012489546090364,0.0,0.0,8.661794010549784,378.80934262648225,1724.9368240591139,76500,76500,589.1072495305888,,589.1072495305888,False,False,ok
BNCI2014_001,resampled_spectral_raw_rooted_s1,resampled,spectral,raw_rooted,8,1788,154,500,500,1.0,22,253,0.00042755658532969666,0.020677441459950905,6.991238312065987,0.6806873610614227,31.931263893857736,31.931263893857736,0.005490382401929355,3.2344240756717495,0.00026970548653541056,0.00013285573480138838,0.001067639348460502,6.869970378971494e-05,188.24073761048206,5.716247880429664,0.03017952124818757,0.09236224807369398,0.1459989447547685,13569,4c250bcc5ed0e85201dc70b25b1bd3e7f16af1a25037d33a03bfd36eaf225d32,three_row_sha256,580258ba5ef93a6f80abbd2d2f9d12801359df63fe2be97cc2118c0e4f37a876,123ea5ce324bb82567913e1514a410f2bb582a6d8528a6ea98fbb2b74646f92c,a789b01b17129967eecd25421cde715dc938f6e3b95b30f735ff978f0882361e,0.22209016606211662,0.2235060092061758,0.2225849311798811,0.5555511452257633,0.13187783770263195,0.7080750074237585,0.0584388617426157,2.122123958542943,0.0,0.0,9.269132977351546,380.9314665850252,1734.2059570364654,77000,77000,589.1072495305888,,589.1072495305888,False,False,ok
BNCI2014_001,resampled_spectral_raw_rooted_s1,resampled,spectral,raw_rooted,8,1788,155,500,500,1.0,22,253,0.000407394395814552,0.02018401337233386,6.996132723701309,0.6811638952591264,31.883610474087373,31.883610474087373,0.005338288535547284,3.1448244763769355,0.00026926492856509386,0.00012018113116024578,0.0008318166618872998,7.367257791501178e-05,188.24073761048203,5.716247880429664,0.03017952124818757,0.09236224807369398,0.1459989447547685,13723,230deb36f30f7d11baed855bd6c5be9d100a09f5b20c50f7ac66c6128a9b45c9,three_row_sha256,8825e6fb76cafafc0bae08a29de5e9d8e36717391a83a747c028805c20afaf08,123ea5ce324bb82567913e1514a410f2bb582a6d8528a6ea98fbb2b74646f92c,a789b01b17129967eecd25421cde715dc938f6e3b95b30f735ff978f0882361e,0.23685884661972523,0.22355606779456139,0.22810418158769608,0.5691889673471451,0.13451697304844856,0.7245189044624567,0.06579491309821606,2.182538853958249,0.0,0.0,9.029448963701725,383.11400543898344,1743.2354060001671,77500,77500,589.1072495305888,,589.1072495305888,False,False,ok
BNCI2014_001,resampled_spectral_raw_rooted_s1,resampled,spectral,raw_rooted,8,1788,156,500,500,1.0,22,253,0.0003904304428575319,0.01975931281339338,6.992252257030795,0.6807860817016796,31.92139182983204,31.92139182983204,0.005202795929221822,3.065004799732812,0.00026373214631796526,0.00011413716181056143,0.0007538714283252302,5.801272247439858e-05,188.240737610482,5.716247880429664,0.03017952124818757,0.09236224807369398,0.1459989447547685,13878,9981782343d85ef3307a987b4f83999d7bf6064d1a3399531b76c4bc06633767,three_row_sha256,ec66d4cd324d4e5ba5dc79e4550f9555a3ee78a778b9f364179f94dcfc046ca8,123ea5ce324bb82567913e1514a410f2bb582a6d8528a6ea98fbb2b74646f92c,a789b01b17129967eecd25421cde715dc938f6e3b95b30f735ff978f0882361e,0.2249469980597496,0.22396212443709373,0.22785412147641182,0.5695810541510582,0.13793190009891987,0.6959401071071625,0.06958399899303913,2.149800304323435,0.0,0.0,8.830260951071978,385.2638057433069,1752.065666951239,78000,78000,589.1072495305888,,589.1072495305888,False,False,ok
BNCI2014_001,resampled_spectral_raw_rooted_s1,resampled,spectral,raw_rooted,8,1788,157,500,500,1.0,22,253,0.00041055870079959164,0.020262248167456434,6.990475276264719,0.6806130696694292,31.938693033057074,31.938693033057074,0.005311604927889982,3.129104969662389,0.00026877561316198957,0.00012195075344379066,0.0007893294875210154,6.155470782334976e-05,188.24073761048203,5.716247880429664,0.03017952124818757,0.09236224807369398,0.1459989447547685,14034,88d5301aa3998d7ce3ade450c8edb07fd6745621330e0d3b0264a71889f47cfb,three_row_sha256,7660e791f6e2e3eb6f670f4e22d19d2c06dec83ade9e3607df6b3cd4cf9bff6f,123ea5ce324bb82567913e1514a410f2bb582a6d8528a6ea98fbb2b74646f92c,a789b01b17129967eecd25421cde715dc938f6e3b95b30f735ff978f0882361e,0.2170591615140438,0.2226762007921934,0.22213999181985855,0.5587909836322069,0.13350415974855423,0.679973978549242,0.05757296457886696,2.091717440634966,0.0,0.0,9.11338091827929,387.35552318394184,1761.1790478695184,78500,78500,589.1072495305888,,589.1072495305888,False,False,ok
BNCI2014_001,resampled_spectral_raw_rooted_s1,resampled,spectral,raw_rooted,8,1788,158,500,500,1.0,22,253,0.0004304571127943224,0.020747460393848748,6.99161303573717,0.6807238452514157,31.927615474858424,31.927615474858424,0.005565738651403949,3.278816988534669,0.00027475437555344565,0.00013126413710328895,0.0012045060948501422,4.9644570267256446e-05,188.24073761048206,5.716247880429665,0.03017952124818757,0.09236224807369398,0.1459989447547685,14191,e8b3736767aac8f38c679d0987fc7182631980a7e715f57dfcbd29893573c2ed,three_row_sha256,552b3df44c7f50f3f5578abfa96760368d7282bfc7fb2822f8c94dfeb570b53e,123ea5ce324bb82567913e1514a410f2bb582a6d8528a6ea98fbb2b74646f92c,a789b01b17129967eecd25421cde715dc938f6e3b95b30f735ff978f0882361e,0.2285810187458992,0.22732396610081196,0.23125717416405678,0.7158699445426464,0.2944408915936947,0.7234630174934864,0.07324898615479469,2.49418499879539,0.0,0.0,10.309065924957395,389.84970818273723,1771.4881137944758,79000,79000,589.1072495305888,,589.1072495305888,False,False,ok
BNCI2014_001,resampled_spectral_raw_rooted_s1,resampled,spectral,raw_rooted,8,1788,159,500,500,1.0,22,253,0.000441022847134102,0.021000543972338002,6.969588088216062,0.6785794320964837,32.14205679035163,32.14205679035163,0.005544249315179633,3.266157464777324,0.00027600527028817705,0.00013744917495172796,0.0012651786329961221,7.291726506488484e-05,188.240737610482,5.716247880429664,0.03017952124818757,0.09236224807369398,0.1459989447547685,14349,90db45e1dfc0625c7e7314668f3f1f03c043e191218ece20c6c702887e12b013,three_row_sha256,438fd365c8054fa8d14115db37482273eb2014587ea4ec94b2612801dc4c3acf,123ea5ce324bb82567913e1514a410f2bb582a6d8528a6ea98fbb2b74646f92c,a789b01b17129967eecd25421cde715dc938f6e3b95b30f735ff978f0882361e,0.23193098604679108,0.2238668967038393,0.22755609825253487,0.5709261167794466,0.1435140147805214,0.8440450765192509,0.06288895383477211,2.304728142917156,0.0,0.0,9.098951006308198,392.1544363256544,1780.587064800784,79500,79500,589.1072495305888,,589.1072495305888,False,False,ok
BNCI2014_001,resampled_spectral_raw_rooted_s1,resampled,spectral,raw_rooted,8,1788,160,500,500,1.0,22,253,0.00042325854184725975,0.02057324820846868,6.991392269759185,0.6807023508316493,31.92976491683506,31.92976491683506,0.005358955069200176,3.1569992811745213,0.0002753297205635944,0.00012776325674061786,0.0009384141175584364,6.975699863457654e-05,188.240737610482,5.716247880429664,0.03017952124818757,0.09236224807369398,0.1459989447547685,14508,eafdac4ab2dbdca8771fe4dd573707d2790daf9438301c163cdae25323e2b456,three_row_sha256,f49a37c353fa0a012c91cd2808d9dc98f1ceb0ea6dc721222034bc5da57d7732,123ea5ce324bb82567913e1514a410f2bb582a6d8528a6ea98fbb2b74646f92c,a789b01b17129967eecd25421cde715dc938f6e3b95b30f735ff978f0882361e,0.22000889293849468,0.22165686823427677,0.22316793911159039,0.5532409995794296,0.13257702812552452,0.7307271007448435,0.06074807606637478,2.1421269048005342,0.0,0.0,8.724424056708813,394.2965632304549,1789.3114888574928,80000,80000,589.1072495305888,,589.1072495305888,False,False,ok
BNCI2014_001,resampled_spectral_raw_rooted_s1,resampled,spectral,raw_rooted,8,1788,161,500,500,1.0,22,253,0.0004205744001986588,0.020507910673656125,6.975282585221577,0.6791338649403144,32.08661350596857,32.08661350596857,0.005322036237929144,3.13525013002856,0.00027955961525185724,0.00012228995159648944,0.0009073849053175393,7.110478127791503e-05,188.24073761048203,5.716247880429664,0.03017952124818757,0.09236224807369398,0.1459989447547685,14668,a7001b4cecb5eb09fcb5440e694a79589548fe741ef484675e171af12e70531e,three_row_sha256,47791b640635d0a9b69871b104590a33479e22ac76d46ca005c01fc209d1017f,123ea5ce324bb82567913e1514a410f2bb582a6d8528a6ea98fbb2b74646f92c,a789b01b17129967eecd25421cde715dc938f6e3b95b30f735ff978f0882361e,0.2131541259586811,0.22199214436113834,0.21969596855342388,0.5418448708951473,0.13027479872107506,0.878127058967948,0.05877204239368439,2.263861009851098,0.0,0.0,8.316759951412678,396.560424240306,1797.6282488089055,80500,80500,589.1072495305888,,589.1072495305888,False,False,ok
BNCI2014_001,resampled_spectral_raw_rooted_s1,resampled,spectral,raw_rooted,8,1788,162,500,500,1.0,22,253,0.00040842746753746864,0.02020958850490204,6.946572318188144,0.6763385495712719,32.36614504287281,32.36614504287281,0.005219891293187537,3.075075802578378,0.00027299437405151636,0.00012103088463208174,0.0006998042954788064,6.352569300325396e-05,188.24073761048203,5.716247880429664,0.03017952124818757,0.09236224807369398,0.1459989447547685,14829,279c547e6b988712eb84c9c9161faa496f0b89309762bbf310179c6be4cf1288,three_row_sha256,ff1a9726428dea2206a4ad817caa4c8c90aab512e700571f58aecc870a69c36a,123ea5ce324bb82567913e1514a410f2bb582a6d8528a6ea98fbb2b74646f92c,a789b01b17129967eecd25421cde715dc938f6e3b95b30f735ff978f0882361e,0.2171071246266365,0.22151600569486618,0.21990505047142506,0.5408478900790215,0.12996792793273926,0.7291960064321756,0.05689915269613266,2.1154391579329967,0.0,0.0,8.211603853851557,398.675863398239,1805.839852662757,81000,81000,589.1072495305888,,589.1072495305888,False,False,ok
BNCI2014_001,resampled_spectral_raw_rooted_s1,resampled,spectral,raw_rooted,8,1788,163,500,500,1.0,22,253,0.0004218826076172265,0.02053978109954501,6.959685893534464,0.6776153255297113,32.23846744702887,32.23846744702887,0.005385709007441961,3.172760220146251,0.0002760218406585214,0.00012415713392099364,0.0010290617977400116,6.115209663132604e-05,188.24073761048203,5.716247880429664,0.03017952124818757,0.09236224807369398,0.1459989447547685,14991,40af2f23ab16b0b0348953b5d75012a89527b498567fad2a408f4d31100cb8c3,three_row_sha256,10a133045a53aef05178b9ba47da5c1a3a853446a5be1f2d0b46469fc4dbfce3,123ea5ce324bb82567913e1514a410f2bb582a6d8528a6ea98fbb2b74646f92c,a789b01b17129967eecd25421cde715dc938f6e3b95b30f735ff978f0882361e,0.20887702703475952,0.22154813632369041,0.22166315466165543,0.5304540973156691,0.14092097990214825,0.9504940826445818,0.057165976613759995,2.3311234544962645,0.0,0.0,8.707850938662887,401.0069868527353,1814.54770360142,81500,81500,589.1072495305888,,589.1072495305888,False,False,ok
BNCI2014_001,resampled_spectral_raw_rooted_s1,resampled,spectral,raw_rooted,8,1788,164,500,500,1.0,22,253,0.00039608587838410055,0.019901906400747155,7.002151715716907,0.6817499218839485,31.82500781160516,31.82500781160516,0.005308796179671656,3.127450315724867,0.0002640890108306878,0.00011440731465335204,0.0008389786181280705,7.731651686606991e-05,188.24073761048203,5.716247880429665,0.03017952124818757,0.09236224807369398,0.1459989447547685,15154,7977498b8a15587660505a6d3c24aef50915319f01ec0ebb66603a9de4ca20cd,three_row_sha256,9a301edf177b9781fe9a4f5981cd1b5504ae6783721167732f18790c6ffadd15,123ea5ce324bb82567913e1514a410f2bb582a6d8528a6ea98fbb2b74646f92c,a789b01b17129967eecd25421cde715dc938f6e3b95b30f735ff978f0882361e,0.258387066423893,0.2248990349471569,0.22975006140768528,0.8264950010925531,0.1505301333963871,0.8081200066953897,0.06961007602512836,2.5677913799881935,0.0,0.0,10.101940017193556,403.5747782327235,1824.6496436186135,82000,82000,589.1072495305888,,589.1072495305888,False,False,ok
BNCI2014_001,resampled_spectral_raw_rooted_s1,resampled,spectral,raw_rooted,8,1788,165,500,500,1.0,22,253,0.00039692957448783715,0.019923091489220168,6.985282979900715,0.6801075325453746,31.989246745462538,31.989246745462538,0.005290468694573239,3.1166534613877253,0.00026852855718282844,0.00011372733118947824,0.0008143217320634394,7.251566349548641e-05,188.24073761048203,5.716247880429664,0.03017952124818757,0.09236224807369398,0.1459989447547685,15318,18e850d7cbd91ee2585dd3bc31361b25bca70c315dacc154f36bef20c694d943,three_row_sha256,d053bd0f24c9f945b8d2c63add465597404ea379a8e048f7a95872bba04670b6,123ea5ce324bb82567913e1514a410f2bb582a6d8528a6ea98fbb2b74646f92c,a789b01b17129967eecd25421cde715dc938f6e3b95b30f735ff978f0882361e,0.27161394245922565,0.2273020800203085,0.2458698581904173,0.6064299959689379,0.14065904542803764,0.7455050945281982,0.0657038763165474,2.3030838929116726,0.0,0.0,8.430082816630602,405.87786212563515,1833.079726435244,82500,82500,589.1072495305888,,589.1072495305888,False,False,ok
BNCI2014_001,resampled_spectral_raw_rooted_s1,resampled,spectral,raw_rooted,8,1788,166,500,500,1.0,22,253,0.0004222283311793542,0.020548195326581704,6.989603421933299,0.6805281833878302,31.947181661216977,31.947181661216977,0.005448780931350934,3.209916347762869,0.00027214515012027185,0.000126003821728175,0.0010318606889995938,7.032905788071339e-05,188.24073761048203,5.716247880429664,0.03017952124818757,0.09236224807369398,0.1459989447547685,15483,adbf196319692e8b8f3312e5cefe17629dbcd29393e2872900279a1fc1164cc6,three_row_sha256,93384f50fdd50124b339a7bc10b6c8eb9a321a633e620cf807e6b8e27ae7ec03,123ea5ce324bb82567913e1514a410f2bb582a6d8528a6ea98fbb2b74646f92c,a789b01b17129967eecd25421cde715dc938f6e3b95b30f735ff978f0882361e,0.22953818552196026,0.22188900038599968,0.22487505339086056,0.5682469345629215,0.13512303121387959,0.7918591145426035,0.06030290387570858,2.2318342234939337,0.0,0.0,8.355658035725355,408.1096963491291,1841.4353844709694,83000,83000,589.1072495305888,,589.1072495305888,False,False,ok
BNCI2014_001,resampled_spectral_raw_rooted_s1,resampled,spectral,raw_rooted,8,1788,167,500,500,1.0,22,253,0.00041008356587830103,0.020250520138463134,6.9901827074098675,0.680584584312065,31.941541568793493,31.941541568793493,0.005288169733229841,3.115299126593939,0.0002689046972004891,0.00012259064621770834,0.0007910813614583678,4.7886584321459066e-05,188.24073761048203,5.716247880429664,0.03017952124818757,0.09236224807369398,0.1459989447547685,15649,2cc4e4f39548f1b1f216280230300c10a2118052dde391e8d7374b3cfcb4e5b8,three_row_sha256,d652fe25a0229f35f2de404f917570d1b390b1257e1fbe6db07d70c340fc5812,123ea5ce324bb82567913e1514a410f2bb582a6d8528a6ea98fbb2b74646f92c,a789b01b17129967eecd25421cde715dc938f6e3b95b30f735ff978f0882361e,0.21355180069804192,0.2218030858784914,0.22613606415688992,0.5482679698616266,0.13315794058144093,0.9655500762164593,0.05816086195409298,2.366627799347043,0.0,0.0,9.01377690024674,410.4763241484761,1850.4491613712162,83500,83500,589.1072495305888,,589.1072495305888,False,False,ok
BNCI2014_001,resampled_spectral_raw_rooted_s1,resampled,spectral,raw_rooted,8,1788,168,500,500,1.0,22,253,0.00040122540095074814,0.020030611597021897,6.990785910528472,0.6806433139277154,31.935668607228468,31.935668607228468,0.005322720422584503,3.1356531881690497,0.000263283771892258,0.00011933866446974889,0.0008142249244118829,7.018573791659884e-05,188.240737610482,5.716247880429664,0.03017952124818757,0.09236224807369398,0.1459989447547685,15816,6afe3bc5d4c3a3e316bec7ecd39e01656e9d52b4a1ad57f17155d43d9b1f9bb8,three_row_sha256,bd1aa7e0a7cef238e310f6b723c62fa4ecbaf8f2e4804423bc929e0da0f61ffa,123ea5ce324bb82567913e1514a410f2bb582a6d8528a6ea98fbb2b74646f92c,a789b01b17129967eecd25421cde715dc938f6e3b95b30f735ff978f0882361e,0.21965894848108292,0.22431393153965473,0.2234610728919506,0.5507280584424734,0.1395139843225479,0.5726378876715899,0.06076600402593613,1.9910798873752356,0.0,0.0,8.649718947708607,412.46740403585136,1859.0988803189248,84000,84000,589.1072495305888,,589.1072495305888,False,False,ok
BNCI2014_001,resampled_spectral_raw_rooted_s1,resampled,spectral,raw_rooted,8,1788,169,500,500,1.0,22,253,0.00041712871224413445,0.02042372914636635,6.978753572699193,0.6794718104087641,32.05281895912358,32.05281895912358,0.005358284440866859,3.1566042091616238,0.0002760023749055218,0.0001226887999291337,0.0009994995762020406,6.850991713210117e-05,188.24073761048203,5.716247880429664,0.03017952124818757,0.09236224807369398,0.1459989447547685,15984,c327e03500398f81533c6ffc40836c5732e79d8d4aa43d0bd7883e8eed527e23,three_row_sha256,371befe1f8b8ab837db5714ae692c3b6993321dec5efb40c127211c5e8a9c354,123ea5ce324bb82567913e1514a410f2bb582a6d8528a6ea98fbb2b74646f92c,a789b01b17129967eecd25421cde715dc938f6e3b95b30f735ff978f0882361e,0.21568802185356617,0.22304104641079903,0.22126990370452404,0.5404339171946049,0.13174978084862232,0.6452719680964947,0.05795503966510296,2.035409677773714,0.0,0.0,9.148154873400927,414.5028137136251,1868.2470351923257,84500,84500,589.1072495305888,,589.1072495305888,False,False,ok
BNCI2014_001,resampled_spectral_raw_rooted_s1,resampled,spectral,raw_rooted,8,1788,170,500,500,1.0,22,253,0.0004311805317467539,0.02076488699094589,6.991915846668957,0.6807533278072747,31.924667219272532,31.924667219272532,0.005358523987955214,3.156745328087978,0.00027797244744161363,0.00013123311030058087,0.000887001811800343,5.692464223625383e-05,188.24073761048203,5.716247880429664,0.03017952124818757,0.09236224807369398,0.1459989447547685,16153,354ef3c3ef68ffcec245e9f474dec695477b2836ce726f0355c12740ec12c6c7,three_row_sha256,f383ee8316cf8b1645d503325cfc4161404554c086c6162fa0be46a6ba5f0bc3,123ea5ce324bb82567913e1514a410f2bb582a6d8528a6ea98fbb2b74646f92c,a789b01b17129967eecd25421cde715dc938f6e3b95b30f735ff978f0882361e,0.23293006233870983,0.2321070060133934,0.23143691942095757,0.6970372051000595,0.16122311353683472,1.5608889516443014,0.07816008292138577,3.193783340975642,0.0,0.0,9.60559188388288,417.6965970546007,1877.8526270762086,85000,85000,589.1072495305888,,589.1072495305888,False,False,ok
BNCI2014_001,resampled_spectral_raw_rooted_s1,resampled,spectral,raw_rooted,8,1788,171,500,500,1.0,22,253,0.00042163173822845683,0.0205336732765586,6.969337177419895,0.6785550026892627,32.14449973107373,32.14449973107373,0.005417737453597722,3.191628409967809,0.00027331059749992467,0.00012653618525000274,0.0009289163885716405,7.601084235937604e-05,188.240737610482,5.716247880429664,0.03017952124818757,0.09236224807369398,0.1459989447547685,16323,1e536e0d4b07b5986e7b5a2fe2ee830e3500c41c075ebf2496503fa24d7a8f06,three_row_sha256,920f19529b1d0af883cd67de3669703697b2e508711a68c8fd18386b473c3518,123ea5ce324bb82567913e1514a410f2bb582a6d8528a6ea98fbb2b74646f92c,a789b01b17129967eecd25421cde715dc938f6e3b95b30f735ff978f0882361e,0.24176412262022495,0.22493209689855576,0.23088487796485424,0.5883839912712574,0.13735308311879635,0.7454021833837032,0.06414204835891724,2.232862403616309,0.0,0.0,8.806054014712572,419.929459458217,1886.6586810909212,85500,85500,589.1072495305888,,589.1072495305888,False,False,ok
BNCI2014_001,resampled_spectral_raw_rooted_s1,resampled,spectral,raw_rooted,8,1788,172,500,500,1.0,22,253,0.00039081147024178206,0.019768952178650795,6.966317124231724,0.6782609614989669,32.17390385010331,32.17390385010331,0.005287099483167849,3.1146686345236088,0.00026074816638796373,0.00011288055220681934,0.0007675251813048201,7.059906641880819e-05,188.24073761048203,5.716247880429665,0.03017952124818757,0.09236224807369398,0.1459989447547685,16494,0b08eb1946d6f9c517d21bda69007c27f614b80eead6978d0730f7ee362026b3,three_row_sha256,f9a28855ed8f61deae737ab2865e41b3647892aa7427fa41bbde3bcbf685c39d,123ea5ce324bb82567913e1514a410f2bb582a6d8528a6ea98fbb2b74646f92c,a789b01b17129967eecd25421cde715dc938f6e3b95b30f735ff978f0882361e,0.21899817511439323,0.22321217693388462,0.22199703380465508,0.555266160517931,0.1329360529780388,0.8631590753793716,0.07845298387110233,2.2940216585993767,0.0,0.0,8.766332874074578,422.2234811168164,1895.4250139649957,86000,86000,589.1072495305888,,589.1072495305888,False,False,ok
BNCI2014_001,resampled_spectral_raw_rooted_s1,resampled,spectral,raw_rooted,8,1788,173,500,500,1.0,22,253,0.00039848715867916144,0.01996214313842984,6.956554776121991,0.677310470802475,32.26895291975251,32.26895291975251,0.005219967195279808,3.075120517051189,0.0002695614119581865,0.00011664662539027478,0.0007317517530047686,5.6913189901266074e-05,188.24073761048206,5.716247880429664,0.03017952124818757,0.09236224807369398,0.1459989447547685,16666,57cf03425c0d00a9173d020d9a1dd0ef397b0e1e7aeca468b77462fc41208fba,three_row_sha256,cbc3da156b144b9ac7a9ba4974215ae0a21dc7b534ab0b3f1d6de684a7fe9d7d,123ea5ce324bb82567913e1514a410f2bb582a6d8528a6ea98fbb2b74646f92c,a789b01b17129967eecd25421cde715dc938f6e3b95b30f735ff978f0882361e,0.23969216272234917,0.22514211013913155,0.2324068918824196,0.5875991191715002,0.13852911069989204,1.1422662064433098,0.06076390855014324,2.6263995096087456,0.0,0.0,9.474439080804586,424.84988062642515,1904.8994530458003,86500,86500,589.1072495305888,,589.1072495305888,False,False,ok
BNCI2014_001,resampled_spectral_raw_rooted_s1,resampled,spectral,raw_rooted,8,1788,174,500,500,1.0,22,253,0.0004122053103710239,0.02030283995826751,6.9769750165046664,0.679298644988203,32.07013550117969,32.07013550117969,0.005416401596303418,3.190841446751397,0.00026696019787991775,0.00012283761935610657,0.0010373240461560612,6.833203519267359e-05,188.24073761048203,5.716247880429664,0.03017952124818757,0.09236224807369398,0.1459989447547685,16839,3d8ee78d31042989ed4a88debbe8fb0914af1742dc8d580b54d951ef08cd0876,three_row_sha256,8311d45b5b4678f7b8004f2d7d15184d8247ce0ac88768d3216a102a6e37c12f,123ea5ce324bb82567913e1514a410f2bb582a6d8528a6ea98fbb2b74646f92c,a789b01b17129967eecd25421cde715dc938f6e3b95b30f735ff978f0882361e,0.22583804093301296,0.2221281174570322,0.22240006364881992,0.5669961683452129,0.13412418775260448,0.9465659968554974,0.06321514956653118,2.381267724558711,0.0,0.0,8.865962969139218,427.23114835098386,1913.7654160149395,87000,87000,589.1072495305888,,589.1072495305888,False,False,ok
BNCI2014_001,resampled_spectral_raw_rooted_s1,resampled,spectral,raw_rooted,8,1788,175,500,500,1.0,22,253,0.0004109349427792747,0.020271530351191412,6.966188341050516,0.6782484227926816,32.17515772073184,32.17515772073184,0.005250885979868735,3.093334997199201,0.00027381568275745084,0.00012119158194129223,0.0007721012585274737,4.434738891235585e-05,188.24073761048203,5.716247880429664,0.03017952124818757,0.09236224807369398,0.1459989447547685,17013,0baeaad36c340f76cbeb95f2f2a86d93271c4cb6c1304158863cf437d6a1c266,three_row_sha256,c711ae8e14335b63262d29d3f71b04ed1767a645c1c4daf4495d2f3bfc6d0e9c,123ea5ce324bb82567913e1514a410f2bb582a6d8528a6ea98fbb2b74646f92c,a789b01b17129967eecd25421cde715dc938f6e3b95b30f735ff978f0882361e,0.22743106819689274,0.22621313109993935,0.22728601470589638,0.7143230177462101,0.15219789929687977,1.2179058976471424,0.13779313303530216,2.903150161728263,0.0,0.0,13.259542174637318,430.1342985127121,1927.0249581895769,87500,87500,589.1072495305888,,589.1072495305888,False,False,ok
BNCI2014_001,resampled_spectral_raw_rooted_s1,resampled,spectral,raw_rooted,8,1788,176,500,500,1.0,22,253,0.0004027016365682663,0.02006742725334432,6.94809472163826,0.676486775213236,32.3513224786764,32.3513224786764,0.005290365513215792,3.116592676502037,0.0002666952128442844,0.00011889024748695166,0.0007710518710993206,5.669445495187543e-05,188.240737610482,5.716247880429664,0.03017952124818757,0.09236224807369398,0.1459989447547685,17188,141d3c904eb0cc56a499eac7f2bc13fd8108aba8c4f85ff73b57e2e093e3d751,three_row_sha256,f274e940b43dd2b8812795aadf045ddd141e3a4e11b97b05ed87ff3c58cfce98,123ea5ce324bb82567913e1514a410f2bb582a6d8528a6ea98fbb2b74646f92c,a789b01b17129967eecd25421cde715dc938f6e3b95b30f735ff978f0882361e,0.32483506947755814,0.24334504269063473,0.24961982853710651,0.8246791549026966,0.2018660306930542,0.6700921803712845,0.08519110269844532,2.59962840937078,0.0,0.0,13.508661184459925,432.7339269220829,1940.5336193740368,88000,88000,589.1072495305888,,589.1072495305888,False,False,ok
BNCI2014_001,resampled_spectral_raw_rooted_s1,resampled,spectral,raw_rooted,8,1788,177,500,500,1.0,22,253,0.0004185623571368253,0.020458796571079768,6.9460682546817845,0.6762894724775389,32.371052752246115,32.371052752246115,0.0052904312871386635,3.1166314243968305,0.00027521746451456057,0.00012546586450769295,0.0008625404725332896,4.89698461574579e-05,188.24073761048203,5.716247880429664,0.03017952124818757,0.09236224807369398,0.1459989447547685,17364,387588d7dc61ce4ae67f0d4af6b4613933c016102ce90a9f2ef84e203049d426,three_row_sha256,3b9c617baf5058d43f3af2b00e888e788b1eddfb83b789547063d4b42ca4b3d8,123ea5ce324bb82567913e1514a410f2bb582a6d8528a6ea98fbb2b74646f92c,a789b01b17129967eecd25421cde715dc938f6e3b95b30f735ff978f0882361e,0.2940748818218708,0.2374378964304924,0.2367671113461256,0.7794029079377651,0.19355397671461105,1.1546988971531391,0.08222297765314579,2.97815864905715,0.0,0.0,12.131471885368228,435.71208557114005,1952.665091259405,88500,88500,589.1072495305888,,589.1072495305888,False,False,ok
BNCI2014_001,resampled_spectral_raw_rooted_s1,resampled,spectral,raw_rooted,8,1788,178,500,500,1.0,22,253,0.00043287578555669325,0.020805667150002503,6.974088632158393,0.6790176181863727,32.098238181362724,32.098238181362724,0.005462019260862678,3.217715143649912,0.00027475712184654944,0.00013301569835789845,0.001041301684745769,5.270086547804548e-05,188.24073761048203,5.716247880429664,0.03017952124818757,0.09236224807369398,0.1459989447547685,17541,7d43d048ac1334505d8c25c1d102182a24224e652165b862fa37e7bda126976c,three_row_sha256,e223a56641fea142332c2fad418f96367057fc6b1c015dc5c99fc1b48fba7f01,123ea5ce324bb82567913e1514a410f2bb582a6d8528a6ea98fbb2b74646f92c,a789b01b17129967eecd25421cde715dc938f6e3b95b30f735ff978f0882361e,0.30913506634533405,0.24105096235871315,0.24436297826468945,0.7905829697847366,0.19751302897930145,1.1253990232944489,0.08581089787185192,2.9938549268990755,0.0,0.0,11.916314950212836,438.7059404980391,1964.5814062096179,89000,89000,589.1072495305888,,589.1072495305888,False,False,ok
BNCI2014_001,resampled_spectral_raw_rooted_s1,resampled,spectral,raw_rooted,8,1788,179,500,500,1.0,22,253,0.0004005851444375237,0.020014623264941155,6.964840920190664,0.6781172339662689,32.18827660337311,32.18827660337311,0.005129782894129792,3.0219922914498656,0.0002712794306881803,0.00011783784766073996,0.0006679403409772869,7.259138886616854e-05,188.240737610482,5.716247880429664,0.03017952124818757,0.09236224807369398,0.1459989447547685,17719,7a347173108731f125c20a514f9894549408a369d4942d9d9ff3d6df408dfc6c,three_row_sha256,1971a2ce296de208561d8d7fa71a7e4b53cb8b24bb17aa1ce1a59286bc6feaa4,123ea5ce324bb82567913e1514a410f2bb582a6d8528a6ea98fbb2b74646f92c,a789b01b17129967eecd25421cde715dc938f6e3b95b30f735ff978f0882361e,0.23722206242382526,0.2240440808236599,0.2284578513354063,0.5782039370387793,0.13611209578812122,0.611139927059412,0.060113146901130676,2.0752931013703346,0.0,0.0,12.39603292196989,440.78123359940946,1976.9774391315877,89500,89500,589.1072495305888,,589.1072495305888,False,False,ok
BNCI2014_001,resampled_spectral_raw_rooted_s1,resampled,spectral,raw_rooted,8,1788,180,500,500,1.0,22,253,0.0003917080757821235,0.019791616300396577,6.952280983039944,0.6768943618379556,32.310563816204436,32.310563816204436,0.005240026495458062,3.0869375962067087,0.00026533615494118566,0.00011218471651152413,0.0007146052535980993,6.0489519034587977e-05,188.24073761048203,5.716247880429664,0.03017952124818757,0.09236224807369398,0.1459989447547685,17898,69e9e37d56e71cb8a9141541ef5d0c0f51cad74926cbbdd903cfedab65887571,three_row_sha256,2a61afc278e6603fc374f39aa506bac8c9da8090930706f1a64db2bab6d0544a,123ea5ce324bb82567913e1514a410f2bb582a6d8528a6ea98fbb2b74646f92c,a789b01b17129967eecd25421cde715dc938f6e3b95b30f735ff978f0882361e,0.4184760618954897,0.256584957242012,0.2764731179922819,0.9718940127640963,0.1506200060248375,0.7680340204387903,0.06916909478604794,2.9112512711435556,0.0,0.0,9.109660051763058,443.692484870553,1986.0870991833508,90000,90000,589.1072495305888,,589.1072495305888,False,False,ok
BNCI2014_001,resampled_spectral_raw_rooted_s1,resampled,spectral,raw_rooted,8,1788,181,500,500,1.0,22,253,0.00041140668051720694,0.02028316248806401,6.945971441321235,0.6762800464462743,32.37199535537258,32.37199535537258,0.005362973631760634,3.1593666455115796,0.00026660730567107995,0.00012401306186006738,0.0008800325556783104,7.199391705111683e-05,188.24073761048203,5.716247880429664,0.03017952124818757,0.09236224807369398,0.1459989447547685,18078,4b0ef7b3bcc2a4cf522bb9cee968d6bb969088b2dcd38d16556b20fbd1526c2c,three_row_sha256,607c14539d8e68fc5d318f4263c562d3297bf389e61aa7687f16b09369b3d5e9,123ea5ce324bb82567913e1514a410f2bb582a6d8528a6ea98fbb2b74646f92c,a789b01b17129967eecd25421cde715dc938f6e3b95b30f735ff978f0882361e,0.4055909812450409,0.2527118194848299,0.27133896946907043,1.0131080634891987,0.24730293080210686,0.6795967929065228,0.11015916243195534,2.979808719828725,0.0,0.0,9.991766884922981,446.67229359038174,1996.0788660682738,90500,90500,589.1072495305888,,589.1072495305888,False,False,ok
BNCI2014_001,resampled_spectral_raw_rooted_s1,resampled,spectral,raw_rooted,8,1788,182,500,500,1.0,22,253,0.00040291321129925833,0.02007269815693093,6.912861309206721,0.6730563473750344,32.69436526249656,32.69436526249656,0.005302421518914326,3.1236949568594254,0.00026564151984255935,0.00011946912563379965,0.000787936604191925,6.331347052675125e-05,188.240737610482,5.716247880429664,0.03017952124818757,0.09236224807369398,0.1459989447547685,18259,7b6ff334d06e3b12e5d1e5c305fbf855f8c7a5281754dffeecf0dc119acdebe2,three_row_sha256,a3b387052180917cc3440860009cda41cfb98f2f9ebb52a1264b4491ce16c34a,123ea5ce324bb82567913e1514a410f2bb582a6d8528a6ea98fbb2b74646f92c,a789b01b17129967eecd25421cde715dc938f6e3b95b30f735ff978f0882361e,0.24512805975973606,0.2232738770544529,0.22974517196416855,0.5752609577029943,0.13596401549875736,0.9906638879328966,0.0705299898982048,2.4705659598112106,0.0,0.0,8.588855154812336,449.14285955019295,2004.6677212230861,91000,91000,589.1072495305888,,589.1072495305888,False,False,ok
BNCI2014_001,resampled_spectral_raw_rooted_s1,resampled,spectral,raw_rooted,8,1788,183,500,500,1.0,22,253,0.00039165007134869085,0.01979015086725442,6.9104618018694195,0.6728227243394047,32.71772756605952,32.71772756605952,0.005282951896494121,3.1122252611460595,0.00026389940038519245,0.00011301515427005909,0.0008470482005897273,7.035812845107084e-05,188.240737610482,5.716247880429664,0.03017952124818757,0.09236224807369398,0.1459989447547685,18441,3818f2c02a81bd22c0cf026e928fbaf25570be18e0a9e7e51768e0c0bed292c7,three_row_sha256,c8b29defe227fb37f1896fc94e5657c6aff048b9384137834396314ccba235fd,123ea5ce324bb82567913e1514a410f2bb582a6d8528a6ea98fbb2b74646f92c,a789b01b17129967eecd25421cde715dc938f6e3b95b30f735ff978f0882361e,0.25029992684721947,0.22780313156545162,0.23557990789413452,0.5994220264256,0.1669679768383503,0.6539090536534786,0.0909809023141861,2.2249629255384207,0.0,0.0,11.873861076310277,451.3678224757314,2016.5415822993964,91500,91500,589.1072495305888,,589.1072495305888,False,False,ok
BNCI2014_001,resampled_spectral_raw_rooted_s1,resampled,spectral,raw_rooted,8,1788,184,500,500,1.0,22,253,0.00041984616732322524,0.020490148055180697,6.907678024655308,0.6725516876673482,32.74483123326518,32.74483123326518,0.005340047858815878,3.145860906468732,0.00026924398514947525,0.00012996948876026898,0.0008136845130655925,5.9691575066385375e-05,188.240737610482,5.716247880429664,0.03017952124818757,0.09236224807369398,0.1459989447547685,18624,777a076f69ba7d39e9bc5b1a98fc529e2a6076af67f3bb76e11bd0ff11b8c679,three_row_sha256,83ffeb817bb76498ba1ea771b33913edecaf04fe87cf5ce5c4c551f54aa68cff,123ea5ce324bb82567913e1514a410f2bb582a6d8528a6ea98fbb2b74646f92c,a789b01b17129967eecd25421cde715dc938f6e3b95b30f735ff978f0882361e,0.27559814043343067,0.2249430399388075,0.23902696557343006,0.5969139747321606,0.1380331814289093,0.6150740664452314,0.06171083077788353,2.151300199329853,0.0,0.0,12.650715885683894,453.5191226750612,2029.1922981850803,92000,92000,589.1072495305888,,589.1072495305888,False,False,ok
BNCI2014_001,resampled_spectral_raw_rooted_s1,resampled,spectral,raw_rooted,8,1788,185,500,500,1.0,22,253,0.0004057780325252157,0.020143932896165426,6.933643130132106,0.6750797260974186,32.492027390258144,32.492027390258144,0.005427162236908144,3.197180618141235,0.0002648986851679366,0.00012137597277240009,0.0010891219733839487,5.924263829069872e-05,188.240737610482,5.716247880429664,0.03017952124818757,0.09236224807369398,0.1459989447547685,18808,e85f9902257ea9cbfc73328c62f6f1240592cd11ae2ce2a8608138f4bfde7404,three_row_sha256,9333e92569e254629db9e0854d371aa64d47bcff1bf63559a369943bf6445520,123ea5ce324bb82567913e1514a410f2bb582a6d8528a6ea98fbb2b74646f92c,a789b01b17129967eecd25421cde715dc938f6e3b95b30f735ff978f0882361e,0.22882805205881596,0.22062985226511955,0.21978397853672504,0.5564149469137192,0.13244198635220528,0.5764581728726625,0.05884910933673382,1.9934060983359814,0.0,0.0,11.489481898024678,455.5125287733972,2040.681780083105,92500,92500,589.1072495305888,,589.1072495305888,False,False,ok
BNCI2014_001,resampled_spectral_raw_rooted_s1,resampled,spectral,raw_rooted,8,1788,186,500,500,1.0,22,253,0.00043331268162283276,0.02081616395070986,6.9181143124539295,0.6735677950983681,32.64322049016319,32.64322049016319,0.005274412795890152,3.1071948150757907,0.0002801171229761199,0.00013428822596835052,0.0008636001524161337,7.168111946578607e-05,188.24073761048203,5.716247880429664,0.03017952124818757,0.09236224807369398,0.1459989447547685,18993,c0a163e8d23a2dc8a4069a5240e38d8a5ca57816b793bda38c849020c02045b9,three_row_sha256,14219e0cfda81767bf85f9a3448add5ee06a4902c0cf69ef09023fd1b6447dd4,123ea5ce324bb82567913e1514a410f2bb582a6d8528a6ea98fbb2b74646f92c,a789b01b17129967eecd25421cde715dc938f6e3b95b30f735ff978f0882361e,0.3487030044198036,0.24068099446594715,0.23982604034245014,0.561135821044445,0.14112400822341442,0.5603739991784096,0.05836901254951954,2.1502128802239895,0.0,0.0,9.857970988377929,457.6627416536212,2050.539751071483,93000,93000,589.1072495305888,,589.1072495305888,False,False,ok
BNCI2014_001,resampled_spectral_raw_rooted_s1,resampled,spectral,raw_rooted,8,1788,187,500,500,1.0,22,253,0.0004158501445402814,0.02039240408927504,6.900912886934438,0.6718930141195607,32.81069858804393,32.81069858804393,0.005204169812739483,3.0658141644730765,0.0002764047889723444,0.0001250195366908415,0.0007370828632170228,5.910073965551933e-05,188.240737610482,5.716247880429664,0.03017952124818757,0.09236224807369398,0.1459989447547685,19179,76d8c72579904a424c1c984899e1081a470ee78b6381a96abdadf1d33818dc30,three_row_sha256,cfd00e0753bc4524f673d266c0d66b7d7273a4dfbff3457e7e172badf34dcf1e,123ea5ce324bb82567913e1514a410f2bb582a6d8528a6ea98fbb2b74646f92c,a789b01b17129967eecd25421cde715dc938f6e3b95b30f735ff978f0882361e,0.34401589073240757,0.24404190480709076,0.23945304565131664,0.9297751821577549,0.233133090659976,1.212839037179947,0.09508500806987286,3.2983431592583656,0.0,0.0,13.516583945602179,460.96108481287956,2064.056335017085,93500,93500,589.1072495305888,,589.1072495305888,False,False,ok
BNCI2014_001,resampled_spectral_raw_rooted_s1,resampled,spectral,raw_rooted,8,1788,188,500,500,1.0,22,253,0.0003980526645980596,0.01995125721848274,6.927569206377628,0.6744883511582196,32.55116488417804,32.55116488417804,0.005302763736076391,3.123896559470512,0.0002613536812003439,0.00011963550552429156,0.0008387051912621371,6.649341561911864e-05,188.240737610482,5.716247880429665,0.03017952124818757,0.09236224807369398,0.1459989447547685,19366,9b9bea2c94a02e415002f9cfc42969a62e301c7e4cc7bcec3b503446a6269e48,three_row_sha256,a29f8efed8b5fbee0ae12f26f95431bd9185591f88aaa6854d88d7a400d03127,123ea5ce324bb82567913e1514a410f2bb582a6d8528a6ea98fbb2b74646f92c,a789b01b17129967eecd25421cde715dc938f6e3b95b30f735ff978f0882361e,0.22323685698211193,0.22306502796709538,0.2243660856038332,0.5898817908018827,0.15386100858449936,1.5932070091366768,0.10199914686381817,3.1096169259399176,0.0,0.0,15.22888382896781,464.0707017388195,2079.285218846053,94000,94000,589.1072495305888,,589.1072495305888,False,False,ok
BNCI2014_001,resampled_spectral_raw_rooted_s1,resampled,spectral,raw_rooted,8,1788,189,500,500,1.0,22,253,0.0004127836544008444,0.02031707790015199,6.901810379875277,0.6719803966509811,32.80196033490189,32.80196033490189,0.005379357965830266,3.1690187754907315,0.00026956141154905864,0.00012303320215182752,0.0008534420880042938,7.634261770459385e-05,188.24073761048203,5.716247880429665,0.03017952124818757,0.09236224807369398,0.1459989447547685,19554,b5e79a861febd627b5c66b34457733cdeaf4f1dafe4a3fc8576957474cbd122e,three_row_sha256,118be7f8e9196c37372cc9b0173b5778ec2c6df6559dd1b4d4327525ee21d850,123ea5ce324bb82567913e1514a410f2bb582a6d8528a6ea98fbb2b74646f92c,a789b01b17129967eecd25421cde715dc938f6e3b95b30f735ff978f0882361e,0.3168890252709389,0.24261698126792908,0.2526228781789541,0.8257681038230658,0.1971181482076645,1.2166430242359638,0.11769798584282398,3.16935614682734,0.0,0.0,13.749385019764304,467.2400578856468,2093.034603865817,94500,94500,589.1072495305888,,589.1072495305888,False,False,ok
BNCI2014_001,resampled_spectral_raw_rooted_s1,resampled,spectral,raw_rooted,8,1788,190,500,500,1.0,22,253,0.00038861202870924016,0.01971324500708192,6.932136237239876,0.6749330106086268,32.50669893913732,32.50669893913732,0.0052044135622394865,3.065957759070598,0.0002643159076155035,0.00011155137154468554,0.0007244432666253654,6.732640573029822e-05,188.240737610482,5.716247880429664,0.03017952124818757,0.09236224807369398,0.1459989447547685,19743,cdb4a8622658a0c71cc637c7326c1fde4ca34765488fa33935b21dcab0eef9d4,three_row_sha256,6d36969e943b3cca7855760fbb3a246f173d400ec0998e8626afdfccecaafa9d,123ea5ce324bb82567913e1514a410f2bb582a6d8528a6ea98fbb2b74646f92c,a789b01b17129967eecd25421cde715dc938f6e3b95b30f735ff978f0882361e,0.2902830019593239,0.23981090635061264,0.23523299023509026,0.7838539313524961,0.195446889847517,1.0149520821869373,0.08298107422888279,2.84256087616086,0.0,0.0,13.366356957703829,470.0826187618077,2106.400960823521,95000,95000,589.1072495305888,,589.1072495305888,False,False,ok
BNCI2014_001,resampled_spectral_raw_rooted_s1,resampled,spectral,raw_rooted,8,1788,191,500,500,1.0,22,253,0.00041714859888967526,0.02042421599204423,6.922581372644921,0.674002721112528,32.5997278887472,32.5997278887472,0.005492971884728715,3.235949558761388,0.00027054700232173747,0.0001231008925337128,0.001152362957915533,6.423361821360245e-05,188.24073761048203,5.716247880429665,0.03017952124818757,0.09236224807369398,0.1459989447547685,19933,86015dccf5effd2f01a7ec1ae7bde7a365b788f331e793d05dd4ebb386d0f1bc,three_row_sha256,27e51c76fb356c2157ab38281e383b878071f49e7f4f77b9171f9767281065d6,123ea5ce324bb82567913e1514a410f2bb582a6d8528a6ea98fbb2b74646f92c,a789b01b17129967eecd25421cde715dc938f6e3b95b30f735ff978f0882361e,0.33729919232428074,0.2434118650853634,0.25906600058078766,0.8228709921240807,0.20275101996958256,0.8458110969513655,0.08934503421187401,2.8005552012473345,0.0,0.0,15.208716038614511,472.883173963055,2121.6096768621355,95500,95500,589.1072495305888,,589.1072495305888,False,False,ok
BNCI2014_001,resampled_spectral_raw_rooted_s1,resampled,spectral,raw_rooted,8,1788,192,500,500,1.0,22,253,0.00040719689838651836,0.020179120357104726,6.913170318653342,0.6730864334363835,32.69135665636165,32.69135665636165,0.005244383319746778,3.089504232980122,0.00027217441921502817,0.00012072384780389378,0.000747400599820763,5.229075400621374e-05,188.24073761048203,5.716247880429665,0.03017952124818757,0.09236224807369398,0.1459989447547685,20124,b351f8d07719df0dd4b89f31648b23524778a4557df04f4811b788dfecc4acb4,three_row_sha256,501eee33ef501d99be2b61395239213427f85a12278b0077e485d23cfb820f2d,123ea5ce324bb82567913e1514a410f2bb582a6d8528a6ea98fbb2b74646f92c,a789b01b17129967eecd25421cde715dc938f6e3b95b30f735ff978f0882361e,0.3455900587141514,0.24685286916792393,0.26499503292143345,0.8343739900738001,0.20207185298204422,0.6910089869052172,0.09095016866922379,2.675842959433794,0.0,0.0,12.268435209989548,475.5590169224888,2133.878112072125,96000,96000,589.1072495305888,,589.1072495305888,False,False,ok
BNCI2014_001,resampled_spectral_raw_rooted_s1,resampled,spectral,raw_rooted,8,1788,193,500,500,1.0,22,253,0.000404448293516716,0.020110899868397633,6.921659467768484,0.6739129617638289,32.60870382361711,32.60870382361711,0.005411163046482278,3.187755379074736,0.0002622371028011029,0.00012032354995564447,0.0009081791735288985,5.6965692685499204e-05,188.24073761048203,5.716247880429664,0.03017952124818757,0.09236224807369398,0.1459989447547685,20316,c6e56adee05f025ee49a17eb9fd9580326302c5f7d42eed5ebc4e47c65f33a7b,three_row_sha256,cd76cec01df50d63898968cc969af2e95de433a066578aac48952eea057e4f9c,123ea5ce324bb82567913e1514a410f2bb582a6d8528a6ea98fbb2b74646f92c,a789b01b17129967eecd25421cde715dc938f6e3b95b30f735ff978f0882361e,0.30592200346291065,0.24902797304093838,0.2412819303572178,0.786046963185072,0.1967309508472681,0.7712519727647305,0.08317618630826473,2.633437979966402,0.0,0.0,14.584457967430353,478.1924549024552,2148.4625700395554,96500,96500,589.1072495305888,,589.1072495305888,False,False,ok
BNCI2014_001,resampled_spectral_raw_rooted_s1,resampled,spectral,raw_rooted,8,1788,194,500,500,1.0,22,253,0.0004015678377939668,0.020039157611884958,6.91013377322955,0.6727907865139068,32.72092134860932,32.72092134860932,0.00527145156241395,3.105450330967407,0.00027029953297110285,0.00011549649387003713,0.0007627253428528617,5.7863944359978507e-05,188.24073761048203,5.716247880429664,0.03017952124818757,0.09236224807369398,0.1459989447547685,20509,9230c6984d1820538b6554ccc4e237135f1150f42432b88816bb6e9c18e1e718,three_row_sha256,5020d7a7817540805e4491517844a624c0c6e5b38cd74c4aa6200c06f2d9c686,123ea5ce324bb82567913e1514a410f2bb582a6d8528a6ea98fbb2b74646f92c,a789b01b17129967eecd25421cde715dc938f6e3b95b30f735ff978f0882361e,0.29769702814519405,0.2387380227446556,0.23323902860283852,0.7482159417122602,0.2003160770982504,0.7769269868731499,0.09316205978393555,2.5882951449602842,0.0,0.0,13.357307994738221,480.7807500474155,2161.8198780342937,97000,97000,589.1072495305888,,589.1072495305888,False,False,ok
BNCI2014_001,resampled_spectral_raw_rooted_s1,resampled,spectral,raw_rooted,8,1788,195,500,500,1.0,22,253,0.00041160578356610783,0.020288069981299547,6.913428025436249,0.6731115245207029,32.688847547929704,32.688847547929704,0.005310193013614464,3.1282732007269654,0.00027150635752643855,0.00012226135509564934,0.0008601168683691868,5.217963171403659e-05,188.240737610482,5.716247880429664,0.03017952124818757,0.09236224807369398,0.1459989447547685,20703,0b1a6d64948d74de7526f2148027521f3b144272a004676462af4c8b9fab2271,three_row_sha256,ddf6d74ffcf04b097563dcb91980e0b351d62036e61a61f298e2dd1029c3255a,123ea5ce324bb82567913e1514a410f2bb582a6d8528a6ea98fbb2b74646f92c,a789b01b17129967eecd25421cde715dc938f6e3b95b30f735ff978f0882361e,0.2850322052836418,0.23655686527490616,0.23516081273555756,0.7495370227843523,0.19189901649951935,0.6133310962468386,0.07916800677776337,2.390685025602579,0.0,0.0,13.31245293840766,483.1714350730181,2175.1323309727013,97500,97500,589.1072495305888,,589.1072495305888,False,False,ok
BNCI2014_001,resampled_spectral_raw_rooted_s1,resampled,spectral,raw_rooted,8,1788,196,500,500,1.0,22,253,0.00039964406206431945,0.01999109957116715,6.904646202114105,0.6722565005785006,32.77434994214993,32.77434994214993,0.005267894044494479,3.1033545713707116,0.0002630426551214834,0.00012077312243307997,0.0007574958422323266,6.815986221403794e-05,188.240737610482,5.716247880429664,0.03017952124818757,0.09236224807369398,0.1459989447547685,20898,4e95fca9da91e746cde20ae2fe520fc98d12b4a47878508ce064a1fbdeb6783e,three_row_sha256,ef6acd7c8d5539b03d4cbd1647c0d7eec161a040c4552e6675005ddcb6aeb5f6,123ea5ce324bb82567913e1514a410f2bb582a6d8528a6ea98fbb2b74646f92c,a789b01b17129967eecd25421cde715dc938f6e3b95b30f735ff978f0882361e,0.3517279401421547,0.2489481121301651,0.2608681097626686,0.8339781779795885,0.20257500000298023,0.6553370039910078,0.09030080400407314,2.643735148012638,0.0,0.0,13.426688965409994,485.8151702210307,2188.5590199381113,98000,98000,589.1072495305888,,589.1072495305888,False,False,ok
BNCI2014_001,resampled_spectral_raw_rooted_s1,resampled,spectral,raw_rooted,8,1788,197,500,500,1.0,22,253,0.0004168271094337521,0.02041634417406192,6.904461797002629,0.6722385463587911,32.77614536412089,32.77614536412089,0.005424698707179824,3.195729334918847,0.0002715135775870583,0.00012375547123189977,0.001019496477803816,6.27624885526398e-05,188.24073761048206,5.716247880429664,0.03017952124818757,0.09236224807369398,0.1459989447547685,21094,81dbc8c28d6b93f5bbaf36c2312d42cbdceedc2656bfd34cded0e4c913c8e14b,three_row_sha256,4f7f45d763a2f9ffe45653513f5b54c6a482b6d862f142c6cdf2859009ebda75,123ea5ce324bb82567913e1514a410f2bb582a6d8528a6ea98fbb2b74646f92c,a789b01b17129967eecd25421cde715dc938f6e3b95b30f735ff978f0882361e,0.32667513005435467,0.2464840654283762,0.2510340418666601,0.7943341042846441,0.2073589712381363,0.639141071587801,0.09942101314663887,2.5644483976066113,0.0,0.0,13.602153863757849,488.3796186186373,2202.161173801869,98500,98500,589.1072495305888,,589.1072495305888,False,False,ok
BNCI2014_001,resampled_spectral_raw_rooted_s1,resampled,spectral,raw_rooted,8,1788,198,500,500,1.0,22,253,0.0004072459072894181,0.020180334667428537,6.895087621045321,0.6713258492356659,32.86741507643341,32.86741507643341,0.005252217789033341,3.0941195756330617,0.00027179078197831007,0.00012081816385857784,0.0007502020247315795,7.201408852742208e-05,188.24073761048203,5.716247880429665,0.03017952124818757,0.09236224807369398,0.1459989447547685,21291,385f55ae96c8d1766318608a6fb389a440b9671179b6877a6db14315e05fd8ed,three_row_sha256,c860bfaead9819026109ecf41817f33a2bc749528f125112c15980b6266cb188,123ea5ce324bb82567913e1514a410f2bb582a6d8528a6ea98fbb2b74646f92c,a789b01b17129967eecd25421cde715dc938f6e3b95b30f735ff978f0882361e,0.30036899261176586,0.23688189685344696,0.23996899835765362,0.8048650342971087,0.18959608860313892,0.7363311015069485,0.0830900389701128,2.5911021512001753,0.0,0.0,13.302489882335067,490.9707207698375,2215.463663684204,99000,99000,589.1072495305888,,589.1072495305888,False,False,ok
BNCI2014_001,resampled_spectral_raw_rooted_s1,resampled,spectral,raw_rooted,8,1788,199,500,500,1.0,22,253,0.0004203490843894316,0.020502416549993116,6.877918159420687,0.669654180354926,33.03458196450741,33.03458196450741,0.005215331484934811,3.0723895864802278,0.00027887451937171586,0.00012554100193147599,0.0007371734996807773,7.768542761330837e-05,188.240737610482,5.716247880429664,0.03017952124818757,0.09236224807369398,0.1459989447547685,21489,51f9ae2dd8c22d3a8df2af105d34ad23e3f7b14ddc8449c478abaf437e9b64f2,three_row_sha256,2ce9b9a4740afba62857b26c2db2002d4578182efeb02ba7e979d17687b18aa8,123ea5ce324bb82567913e1514a410f2bb582a6d8528a6ea98fbb2b74646f92c,a789b01b17129967eecd25421cde715dc938f6e3b95b30f735ff978f0882361e,0.31269388273358345,0.2405999694019556,0.24762609973549843,0.7944810204207897,0.19504199735820293,0.8283208590000868,0.08364091627299786,2.7024047449231148,0.0,0.0,10.804919060319662,493.6731255147606,2226.268582744524,99500,99500,589.1072495305888,,589.1072495305888,False,False,ok
BNCI2014_001,resampled_spectral_raw_rooted_s1,resampled,spectral,raw_rooted,8,1788,200,500,500,1.0,22,253,0.00041183621533247137,0.020293748183430074,6.888964334857602,0.670729668225937,32.927033177406294,32.927033177406294,0.005326114492732585,3.1376526594986998,0.0002708356439391716,0.0001206562125370936,0.00094546475298629,6.284758351608585e-05,188.24073761048203,5.716247880429664,0.03017952124818757,0.09236224807369398,0.1459989447547685,21688,afc24703e3bebe052ed86269c00abc7a51eda64d1e57228cfb73421c2b07fd18,three_row_sha256,0bc6f610011b912ac32b5f8ca57b3ce270ea9432c3db09e5e31fa2763deb9eb8,123ea5ce324bb82567913e1514a410f2bb582a6d8528a6ea98fbb2b74646f92c,a789b01b17129967eecd25421cde715dc938f6e3b95b30f735ff978f0882361e,0.28162705712020397,0.22727088071405888,0.24134316481649876,0.6033589597791433,0.13885600492358208,0.7153959013521671,0.06365915760397911,2.2715111263096333,0.0,0.0,9.804164990782738,495.94463664107025,2236.0727477353066,100000,100000,589.1072495305888,,589.1072495305888,False,False,ok
BNCI2014_001,resampled_spectral_raw_rooted_s1,resampled,spectral,raw_rooted,8,1788,201,500,500,1.0,22,253,0.0003850267833386062,0.01962209936114396,6.881940554687008,0.6700458124945788,32.995418750542115,32.995418750542115,0.005194247247809812,3.0599687095390684,0.00026290531684081765,0.0001092836790671237,0.0006955751854321882,6.965177584923734e-05,188.240737610482,5.716247880429664,0.03017952124818757,0.09236224807369398,0.1459989447547685,21888,0464f2c2ee4e5555c04dbc1130dc2aff0e36ad7b218200ee1fab11a130ecfddc,three_row_sha256,393df501c5de2c85c311a22803e846b78beaa5d67178d364b012efb33fbb9875,123ea5ce324bb82567913e1514a410f2bb582a6d8528a6ea98fbb2b74646f92c,a789b01b17129967eecd25421cde715dc938f6e3b95b30f735ff978f0882361e,0.23076403886079788,0.2235060092061758,0.2292669378221035,0.5767340771853924,0.13683387078344822,0.8661930914968252,0.06316904909908772,2.3264670744538307,0.0,0.0,8.142339065670967,498.2711037155241,2244.2150868009776,100500,100500,589.1072495305888,,589.1072495305888,False,False,ok
BNCI2014_001,resampled_spectral_raw_rooted_s1,resampled,spectral,raw_rooted,8,1788,202,500,500,1.0,22,253,0.00040090491258290117,0.02002261003423133,6.880969368392827,0.6699512549632551,33.00487450367449,33.00487450367449,0.005309309108248013,3.1277524856676897,0.00026348468882014613,0.00012046066877412004,0.0007569604654875692,7.143158941151989e-05,188.24073761048203,5.716247880429664,0.03017952124818757,0.09236224807369398,0.1459989447547685,22089,5d890e842c10197e79599fb6ef3bc1a734a564040aa9abc3c0a7db265337975c,three_row_sha256,2ed8b0daeb70bb8657d75176b4f8f87c7af05a0a4303cba1b3c0739e9de84254,123ea5ce324bb82567913e1514a410f2bb582a6d8528a6ea98fbb2b74646f92c,a789b01b17129967eecd25421cde715dc938f6e3b95b30f735ff978f0882361e,0.22628717124462128,0.22194022312760353,0.22257608361542225,0.5369279533624649,0.129990978166461,0.5825378466397524,0.05803885869681835,1.9782991148531437,0.0,0.0,8.692092029377818,500.2494028303772,2252.9071788303554,101000,101000,589.1072495305888,,589.1072495305888,False,False,ok
BNCI2014_001,resampled_spectral_raw_rooted_s1,resampled,spectral,raw_rooted,8,1788,203,500,500,1.0,22,253,0.00041904623263142233,0.02047061876523087,6.874072395746064,0.6692797455824155,33.07202544175845,33.07202544175845,0.005406358002701475,3.1849246929491537,0.0002707445818391285,0.0001258628611755105,0.0009354433748690717,7.962713694177327e-05,188.24073761048203,5.716247880429664,0.03017952124818757,0.09236224807369398,0.1459989447547685,22291,cafbeb05890ebc59164dc088d82ac3d7a6075d1e938dd7bb561387ddf7660896,three_row_sha256,b2ab5de816746ca108b25b9cd86c28da962aebe36c0c0ed5668bc983f190a1ad,123ea5ce324bb82567913e1514a410f2bb582a6d8528a6ea98fbb2b74646f92c,a789b01b17129967eecd25421cde715dc938f6e3b95b30f735ff978f0882361e,0.20591099746525288,0.22215815261006355,0.22110901772975922,0.5376308690756559,0.13148505240678787,0.8052811026573181,0.055791111662983894,2.1793663036078215,0.0,0.0,8.799689123407006,502.42876913398504,2261.7068679537624,101500,101500,589.1072495305888,,589.1072495305888,False,False,ok
BNCI2014_001,resampled_spectral_raw_rooted_s1,resampled,spectral,raw_rooted,8,1788,204,500,500,1.0,22,253,0.00041616995445359307,0.020400243980246733,6.873866409339633,0.6692596901448593,33.07403098551407,33.07403098551407,0.005372135012033315,3.164763681045923,0.0002704316170130796,0.00012372776702954517,0.0008818340262249425,7.285530175661078e-05,188.240737610482,5.716247880429664,0.03017952124818757,0.09236224807369398,0.1459989447547685,22494,51593f8d18afc1543f602422b69a276e9303bbf9417a16d6cc7035f6b4678139,three_row_sha256,6552d651011ef08a7023dd90b5c0e77832bec31fc665c443e390df68b01cc4e2,123ea5ce324bb82567913e1514a410f2bb582a6d8528a6ea98fbb2b74646f92c,a789b01b17129967eecd25421cde715dc938f6e3b95b30f735ff978f0882361e,0.21887500770390034,0.22262311540544033,0.22279005497694016,0.5544510204344988,0.1325700432062149,0.5258680321276188,0.05811103619635105,1.9352883100509644,0.0,0.0,9.040329838171601,504.364057444036,2270.747197791934,102000,102000,589.1072495305888,,589.1072495305888,False,False,ok
BNCI2014_001,resampled_spectral_raw_rooted_s1,resampled,spectral,raw_rooted,8,1788,205,500,500,1.0,22,253,0.0003747038248758008,0.019357268011674603,6.8672469370062625,0.6686151990042205,33.138480099577954,33.138480099577954,0.005119249105919295,3.015786760450042,0.0002587069134062,0.00010538320174067591,0.0006568901093816646,6.695260140625128e-05,188.240737610482,5.716247880429664,0.03017952124818757,0.09236224807369398,0.1459989447547685,22698,31ecbe9642f5b1560e0ae08d369bb18d7786bf491d4d249ac849a7d16a0ddf85,three_row_sha256,dbd226a06a7d8d5f2529defa9b81220be73f592ffeefad81068368f574c7c775,123ea5ce324bb82567913e1514a410f2bb582a6d8528a6ea98fbb2b74646f92c,a789b01b17129967eecd25421cde715dc938f6e3b95b30f735ff978f0882361e,0.2100581768900156,0.2231351099908352,0.219814945012331,0.5386951379477978,0.13013510033488274,0.7861449848860502,0.05767308175563812,2.1656565368175507,0.0,0.0,8.32489994354546,506.52971398085356,2279.0720977354795,102500,102500,589.1072495305888,,589.1072495305888,False,False,ok
BNCI2014_001,resampled_spectral_raw_rooted_s1,resampled,spectral,raw_rooted,8,1788,206,500,500,1.0,22,253,0.0004277403517752224,0.02068188462822531,6.882839191963273,0.6701333064418352,32.986669355816474,32.986669355816474,0.005387740590362929,3.1739570403730157,0.0002768601454258037,0.00012744739174934617,0.0008862560735299113,6.686086785264052e-05,188.24073761048203,5.716247880429664,0.03017952124818757,0.09236224807369398,0.1459989447547685,22903,d7c7dfed166513152f285ffefce94a17f94b77f81203a594aef8b1d9b3979cc2,three_row_sha256,97eb19343561f7b370eb859baeb685e944bb00d5393bb66bf981d343d773367e,123ea5ce324bb82567913e1514a410f2bb582a6d8528a6ea98fbb2b74646f92c,a789b01b17129967eecd25421cde715dc938f6e3b95b30f735ff978f0882361e,0.24296902120113373,0.22455397993326187,0.23254798725247383,0.57820207439363,0.13598287478089333,0.628412002697587,0.0881650485098362,2.130832988768816,0.0,0.0,8.652366930618882,508.6605469696224,2287.7244646660984,103000,103000,589.1072495305888,,589.1072495305888,False,False,ok
BNCI2014_001,resampled_spectral_raw_rooted_s1,resampled,spectral,raw_rooted,8,1788,207,500,500,1.0,22,253,0.0004118158343832142,0.020293246028745972,6.872688632688161,0.6691450183735613,33.085498162643866,33.085498162643866,0.005316145113203935,3.1317796257450508,0.00027311193419832697,0.00012056318117444646,0.0008479784796811144,7.316580699908429e-05,188.24073761048203,5.716247880429664,0.03017952124818757,0.09236224807369398,0.1459989447547685,23109,dabf234c7f8a21a97cb8a7d73aca1903600856fefdc3458c81186963dcb62ee9,three_row_sha256,03c6b8382d638f916870a314bc419ae66f302c51e511fe86225a7ced8d5cda88,123ea5ce324bb82567913e1514a410f2bb582a6d8528a6ea98fbb2b74646f92c,a789b01b17129967eecd25421cde715dc938f6e3b95b30f735ff978f0882361e,0.24987012147903442,0.2259670291095972,0.2376569900661707,0.6117359735071659,0.14031189493834972,0.6636199541389942,0.06728991866111755,2.1964518819004297,0.0,0.0,9.3228779733181,510.8569988515228,2297.0473426394165,103500,103500,589.1072495305888,,589.1072495305888,False,False,ok
BNCI2014_001,resampled_spectral_raw_rooted_s1,resampled,spectral,raw_rooted,8,1788,208,500,500,1.0,22,253,0.00041527489978075905,0.020378294820243403,6.853899675871845,0.6673156707156047,33.26843292843954,33.26843292843954,0.005322347751616686,3.1354336450002194,0.00026755659051568644,0.00012890811693167754,0.000867917740204241,6.194844054246703e-05,188.24073761048203,5.716247880429664,0.03017952124818757,0.09236224807369398,0.1459989447547685,23316,9e8cf3c9877496740b7e743fbc1523f3ba4cfbf2ec5ec9cf1ec5d1ec857b35c6,three_row_sha256,e49ff87743ea5b5ce5850444b2471b60c4703eecafffae2863b6630dd4c855ac,123ea5ce324bb82567913e1514a410f2bb582a6d8528a6ea98fbb2b74646f92c,a789b01b17129967eecd25421cde715dc938f6e3b95b30f735ff978f0882361e,0.25145988911390305,0.22929790429770947,0.23567979224026203,0.6031498778611422,0.13933004811406136,0.8380899671465158,0.060264021158218384,2.3572714999318123,0.0,0.0,8.806894067674875,513.2142703514546,2305.8542367070913,104000,104000,589.1072495305888,,589.1072495305888,False,False,ok
BNCI2014_001,resampled_spectral_raw_rooted_s1,resampled,spectral,raw_rooted,8,1788,209,500,500,1.0,22,253,0.00042389403094106684,0.020588686964958858,6.856271972409344,0.66754664442837,33.245335557162996,33.245335557162996,0.005361476872589183,3.1584848938328767,0.0002725224194937608,0.00012955520370776813,0.0008742985410955968,7.295064259919408e-05,188.240737610482,5.716247880429664,0.03017952124818757,0.09236224807369398,0.1459989447547685,23524,c4629fd98ab8450eb6c4327c872ec86842368f3161c9f8b49df6130e40a7d6a9,three_row_sha256,5ec78370d4c17a28141f101643dde8ff9e9d0c79e88add851354d9965d8f37b5,123ea5ce324bb82567913e1514a410f2bb582a6d8528a6ea98fbb2b74646f92c,a789b01b17129967eecd25421cde715dc938f6e3b95b30f735ff978f0882361e,0.228632939979434,0.22714794613420963,0.22592092864215374,0.575690995901823,0.13741315342485905,0.6523591000586748,0.06194016896188259,2.109105233103037,0.0,0.0,8.708326146006584,515.3233755845577,2314.562562853098,104500,104500,589.1072495305888,,589.1072495305888,False,False,ok
BNCI2014_001,resampled_spectral_raw_rooted_s1,resampled,spectral,raw_rooted,8,1788,210,500,500,1.0,22,253,0.0004033916299028869,0.02008461176878674,6.840839439477509,0.6660440879931625,33.39559120068375,33.39559120068375,0.0053549219666936855,3.1546233512498483,0.00026019407986456526,0.00012400244418349216,0.0007918204672316992,5.828905386000051e-05,188.240737610482,5.716247880429664,0.03017952124818757,0.09236224807369398,0.1459989447547685,23733,deb1aadb50ffa3975dfa05b2e022339dfb60571500d975d2e1d64069b41be413,three_row_sha256,b5b7edeac95df7fd1f55590c3585900047cb6335b3aa102b9f311decf026bdca,123ea5ce324bb82567913e1514a410f2bb582a6d8528a6ea98fbb2b74646f92c,a789b01b17129967eecd25421cde715dc938f6e3b95b30f735ff978f0882361e,0.22466108202934265,0.22460706532001495,0.22389809601008892,0.5570771172642708,0.14341692440211773,0.7487640250474215,0.06948108784854412,2.1919053979218006,0.0,0.0,8.791022934019566,517.5152809824795,2323.3535857871175,105000,105000,589.1072495305888,,589.1072495305888,False,False,ok
BNCI2014_001,resampled_spectral_raw_rooted_s1,resampled,spectral,raw_rooted,8,1788,211,500,500,1.0,22,253,0.0004022578895024627,0.02005636780432745,6.8510326294752035,0.6670365267129746,33.29634732870253,33.29634732870253,0.005338689175742887,3.1450604964206184,0.0002668910000187045,0.0001185192115315432,0.000877734239878091,7.130517243391621e-05,188.24073761048203,5.716247880429664,0.03017952124818757,0.09236224807369398,0.1459989447547685,23943,0d197a8e63b6f2c75c6b058dff2bdf24b9da02a9b1f1f4d97fd4896e97f6d4b6,three_row_sha256,7ffbe2095f2ed5c41db616b1439c7df34bdc071db0fe9109e68deb9d71174b93,123ea5ce324bb82567913e1514a410f2bb582a6d8528a6ea98fbb2b74646f92c,a789b01b17129967eecd25421cde715dc938f6e3b95b30f735ff978f0882361e,0.26916805654764175,0.24227402172982693,0.2431599423289299,0.9990949183702469,0.1421940978616476,0.6282259710133076,0.06259488873183727,2.586711896583438,0.0,0.0,11.971455998718739,520.1019928790629,2335.325041785836,105500,105500,589.1072495305888,,589.1072495305888,False,False,ok
BNCI2014_001,resampled_spectral_raw_rooted_s1,resampled,spectral,raw_rooted,8,1788,212,500,500,1.0,22,253,0.000413124280467371,0.020325458923905533,6.861859149563503,0.6680906282983353,33.190937170166464,33.190937170166464,0.005317046409068091,3.132310585672597,0.00026967891278472755,0.0001242231198256426,0.0008099641518026931,6.18111607361582e-05,188.24073761048203,5.716247880429664,0.03017952124818757,0.09236224807369398,0.1459989447547685,24154,89c206d2698797731e30f6b98d2382b3eb7773aad69e6422cde63647bf823db5,three_row_sha256,31b2749a5feb0ed9039fd6e3ac619ab5b8c0c5cb3d6bfa2c20869ce3aa480d6b,123ea5ce324bb82567913e1514a410f2bb582a6d8528a6ea98fbb2b74646f92c,a789b01b17129967eecd25421cde715dc938f6e3b95b30f735ff978f0882361e,0.4340759478509426,0.2596250269562006,0.2802121452987194,1.0443110950291157,0.2625018823891878,0.8845378179103136,0.09405193850398064,3.2593158539384604,0.0,0.0,10.162712074816227,523.3613087330014,2345.4877538606524,106000,106000,589.1072495305888,,589.1072495305888,False,False,ok
BNCI2014_001,resampled_spectral_raw_rooted_s1,resampled,spectral,raw_rooted,8,1788,213,500,500,1.0,22,253,0.00040007096039253653,0.020001773931142622,6.857255831407052,0.6676424358110855,33.23575641889145,33.23575641889145,0.005293021864662812,3.1181575523967777,0.00026360746283585825,0.00012014317290870912,0.0008030508484215858,6.38602625711e-05,188.24073761048203,5.716247880429664,0.03017952124818757,0.09236224807369398,0.1459989447547685,24366,135ff4309de2080ef36ca497bf00673f0385371ede584e6b88b3f533c8084cc6,three_row_sha256,818dc9ba11ce7f2133b04ea30f40b2f405150dc81a1c0e7fef95c916fa428257,123ea5ce324bb82567913e1514a410f2bb582a6d8528a6ea98fbb2b74646f92c,a789b01b17129967eecd25421cde715dc938f6e3b95b30f735ff978f0882361e,0.367077998816967,0.2480749972164631,0.24393107742071152,0.960283912718296,0.24326099082827568,0.8063740096986294,0.10492699220776558,2.9739299789071083,0.0,0.0,9.341657860204577,526.3352387119085,2354.829411720857,106500,106500,589.1072495305888,,589.1072495305888,False,False,ok
BNCI2014_001,resampled_spectral_raw_rooted_s1,resampled,spectral,raw_rooted,8,1788,214,500,500,1.0,22,253,0.00040562966979949014,0.02014024999347054,6.847902162665858,0.666731735330357,33.3268264669643,33.3268264669643,0.00533774243078684,3.144502762103554,0.00026991673766414107,0.00011851291988248303,0.0009335845260696155,6.755730141633136e-05,188.240737610482,5.716247880429664,0.03017952124818757,0.09236224807369398,0.1459989447547685,24579,7ddae404e424b3078de209fbfc9e6673c0f4e4d7ac0a21b7760ebdc148540797,three_row_sha256,d57c593b92485176c9b56fe0cfdb4e2944203063fac5774f016418fa16a24df0,123ea5ce324bb82567913e1514a410f2bb582a6d8528a6ea98fbb2b74646f92c,a789b01b17129967eecd25421cde715dc938f6e3b95b30f735ff978f0882361e,0.3093648701906204,0.2393028698861599,0.23322715424001217,0.9012699592858553,0.23688608780503273,0.9947458747774363,0.10356702841818333,3.0183638446033,0.0,0.0,10.688327020034194,529.3536025565118,2365.517738740891,107000,107000,589.1072495305888,,589.1072495305888,False,False,ok
BNCI2014_001,resampled_spectral_raw_rooted_s1,resampled,spectral,raw_rooted,8,1788,215,500,500,1.0,22,253,0.00041615780258149346,0.020399946141632173,6.863525975707141,0.6682529153551365,33.17470846448635,33.17470846448635,0.005427516722265054,3.197389448034842,0.00026778627472421126,0.00012565265714831742,0.0009311380896211861,6.0436451068605836e-05,188.24073761048203,5.716247880429664,0.03017952124818757,0.09236224807369398,0.1459989447547685,24793,707229a2fe60d24cc417d3715bd43692fc97c89fd204a28250ec84c1b8c77106,three_row_sha256,73abdfcfd57df1db2ee3b7d59c56511aed662f597c2ba2e59b930d92df596d74,123ea5ce324bb82567913e1514a410f2bb582a6d8528a6ea98fbb2b74646f92c,a789b01b17129967eecd25421cde715dc938f6e3b95b30f735ff978f0882361e,0.22342405281960964,0.24194014258682728,0.22347597405314445,0.8453740738332272,0.19507692195475101,0.7701669819653034,0.10345899499952793,2.602917142212391,0.0,0.0,11.327800108119845,531.9565196987242,2376.845538849011,107500,107500,589.1072495305888,,589.1072495305888,False,False,ok
BNCI2014_001,resampled_spectral_raw_rooted_s1,resampled,spectral,raw_rooted,8,1788,216,500,500,1.0,22,253,0.0004013796684186193,0.020034462019695446,6.859987430504798,0.6679083922694877,33.209160773051224,33.209160773051224,0.005290771646223549,3.11683193240118,0.00026998477785598597,0.00011660165348786959,0.0008956083338709076,6.124059803791764e-05,188.24073761048203,5.716247880429664,0.03017952124818757,0.09236224807369398,0.1459989447547685,25008,2736e1c2695f8218250f4f969b137ee6b154c7ceee3992361d2065a010e311cd,three_row_sha256,f6a1875417017ceff1cbf08b25e4377f604c00f82c7a8145743927e61a41d794,123ea5ce324bb82567913e1514a410f2bb582a6d8528a6ea98fbb2b74646f92c,a789b01b17129967eecd25421cde715dc938f6e3b95b30f735ff978f0882361e,0.26220199652016163,0.2323840744793415,0.23771286942064762,0.6449050270020962,0.15083001926541328,0.6770968902856112,0.06695999763906002,2.2720908746123314,0.0,0.0,8.683264954015613,534.2286105733365,2385.5288038030267,108000,108000,589.1072495305888,,589.1072495305888,False,False,ok
BNCI2014_001,resampled_spectral_raw_rooted_s1,resampled,spectral,raw_rooted,8,1788,217,500,500,1.0,22,253,0.00039922325619232537,0.01998057196859803,6.8450014930935,0.6664493176772337,33.35506823227662,33.35506823227662,0.0053614856108296395,3.1584900415936774,0.00026327027507534387,0.00011686762613696662,0.0008962322829295469,5.1917246510142754e-05,188.24073761048203,5.716247880429665,0.03017952124818757,0.09236224807369398,0.1459989447547685,25224,74afc7a3cc7cc94d44d610044b77b09bdbaa9257038770912bd7db731724869d,three_row_sha256,f37922a9c764b4ebdad77e3e4658c8f5c170cf32bc243f11190658d45fb30f83,123ea5ce324bb82567913e1514a410f2bb582a6d8528a6ea98fbb2b74646f92c,a789b01b17129967eecd25421cde715dc938f6e3b95b30f735ff978f0882361e,0.2476070076227188,0.2288308460265398,0.23779715411365032,0.5852680187672377,0.14790287241339684,0.818680040538311,0.06338302046060562,2.32946895994246,0.0,0.0,8.576540043577552,536.5580795332789,2394.1053438466042,108500,108500,589.1072495305888,,589.1072495305888,False,False,ok
BNCI2014_001,resampled_spectral_raw_rooted_s1,resampled,spectral,raw_rooted,8,1788,218,500,500,1.0,22,253,0.0004161392372085775,0.020399491101705882,6.857051441299836,0.6676225357938786,33.23774642061214,33.23774642061214,0.00540268156402837,3.182758876274373,0.0002739332564091298,0.00012143513828989442,0.0009159907150005273,6.735676459818888e-05,188.240737610482,5.716247880429664,0.03017952124818757,0.09236224807369398,0.1459989447547685,25441,cebaaa2e8df39cf1bd662a26b94dffed2d69e5d655dc0dc2e90097f4afe6aeee,three_row_sha256,6f87944ebffdbad3179c37f321f630eb9c13f59507d203bef64db174b30ac92e,123ea5ce324bb82567913e1514a410f2bb582a6d8528a6ea98fbb2b74646f92c,a789b01b17129967eecd25421cde715dc938f6e3b95b30f735ff978f0882361e,0.22361613810062408,0.22302311845123768,0.22093206644058228,0.5764078814536333,0.13795890845358372,0.7373651023954153,0.06039207801222801,2.1796952933073044,0.0,0.0,9.154648054391146,538.7377748265862,2403.2599919009954,109000,109000,589.1072495305888,,589.1072495305888,False,False,ok
BNCI2014_001,resampled_spectral_raw_rooted_s1,resampled,spectral,raw_rooted,8,1788,219,500,500,1.0,22,253,0.0004185162307874543,0.020457669241324982,6.841161783627689,0.6660754723601581,33.392452763984195,33.392452763984195,0.005261428189330663,3.0995454892192926,0.00027839338970211833,0.00012656030155277397,0.0008045958547462208,6.19602171494772e-05,188.24073761048206,5.716247880429664,0.03017952124818757,0.09236224807369398,0.1459989447547685,25659,00d30bb6e146ef007bad40bf6da13d27a1a8a386dcab9cc30e992e5a879a8098,three_row_sha256,a796fe8486f0e70b21cbcd75cc56e167d147dc5469c47c7f2e9ec49392105968,123ea5ce324bb82567913e1514a410f2bb582a6d8528a6ea98fbb2b74646f92c,a789b01b17129967eecd25421cde715dc938f6e3b95b30f735ff978f0882361e,0.22894912399351597,0.22313115186989307,0.22552115842700005,0.569207826629281,0.13305596075952053,0.6464938633143902,0.059004174545407295,2.085363259539008,0.0,0.0,8.482962846755981,540.8231380861253,2411.7429547477514,109500,109500,589.1072495305888,,589.1072495305888,False,False,ok
BNCI2014_001,resampled_spectral_raw_rooted_s1,resampled,spectral,raw_rooted,8,1788,220,500,500,1.0,22,253,0.0004195841907805508,0.020483754313615234,6.842527595804505,0.6662084518188526,33.37915481811475,33.37915481811475,0.00538747458458091,3.173800334438411,0.0002711878281583071,0.00012630692321806723,0.0009002171645062563,6.192525865562132e-05,188.24073761048203,5.716247880429664,0.03017952124818757,0.09236224807369398,0.1459989447547685,25878,f855f4e061b154775f75e8783ac92f45ebf17061e0fa4d06086a0df5914fc29b,three_row_sha256,fb6987ba76de2eb52bc111b6030710d3ab7e48f8d47f0da12e5438b5ea5b9265,123ea5ce324bb82567913e1514a410f2bb582a6d8528a6ea98fbb2b74646f92c,a789b01b17129967eecd25421cde715dc938f6e3b95b30f735ff978f0882361e,0.22116699256002903,0.22327713668346405,0.22561801597476006,0.5645719356834888,0.13523991219699383,0.7606679573655128,0.05857902579009533,2.189120976254344,0.0,0.0,8.414866868406534,543.0122590623796,2420.157821616158,110000,110000,589.1072495305888,,589.1072495305888,False,False,ok
BNCI2014_001,resampled_spectral_raw_rooted_s1,resampled,spectral,raw_rooted,8,1788,221,500,500,1.0,22,253,0.00040037103247584965,0.020009273661876128,6.847250443201906,0.6666682820217631,33.333171797823695,33.333171797823695,0.005240995140318205,3.08750823191604,0.0002680357385260563,0.00011531109100683451,0.000747173617738629,6.715056077247891e-05,188.24073761048203,5.716247880429664,0.03017952124818757,0.09236224807369398,0.1459989447547685,26098,4c1640e1efc52216b7801c0907b54b1241f8feb3e6953745d1285e73fbe21fa0,three_row_sha256,25b1b700e59e80c0c8a9dbc63d1b5d7ea0514e6b8d16059d0729569aeaec9a4b,123ea5ce324bb82567913e1514a410f2bb582a6d8528a6ea98fbb2b74646f92c,a789b01b17129967eecd25421cde715dc938f6e3b95b30f735ff978f0882361e,0.26707001961767673,0.23903208784759045,0.23144297301769257,1.0668940376490355,0.16552885062992573,0.8023199625313282,0.1382380723953247,2.910526003688574,0.0,0.0,11.114347027614713,545.9227850660682,2431.2721686437726,110500,110500,589.1072495305888,,589.1072495305888,False,False,ok
BNCI2014_001,resampled_spectral_raw_rooted_s1,resampled,spectral,raw_rooted,8,1788,222,500,500,1.0,22,253,0.0004055299624222454,0.020137774515130647,6.844158532022708,0.666367244527794,33.3632755472206,33.3632755472206,0.005322405922004828,3.1354679135975814,0.00026424835495546354,0.00012204377697737405,0.0007703668355733091,7.754289669684666e-05,188.24073761048203,5.716247880429664,0.03017952124818757,0.09236224807369398,0.1459989447547685,26319,97e291adf1d9e1054d53683114bc150cf27d9d2548ccbbf6513e8c37919a1c1c,three_row_sha256,ab13cb0fc9948d5a71d0b4077dfbc933188123982c32de05a0c00eabd4ef8e2d,123ea5ce324bb82567913e1514a410f2bb582a6d8528a6ea98fbb2b74646f92c,a789b01b17129967eecd25421cde715dc938f6e3b95b30f735ff978f0882361e,0.3007790073752403,0.2295339945703745,0.25649392046034336,0.6210729479789734,0.14093099161982536,0.8653521072119474,0.0638510100543499,2.4780139792710543,0.0,0.0,8.417675970122218,548.4007990453392,2439.689844613895,111000,111000,589.1072495305888,,589.1072495305888,False,False,ok
BNCI2014_001,resampled_spectral_raw_rooted_s1,resampled,spectral,raw_rooted,8,1788,223,500,500,1.0,22,253,0.0004175901139685021,0.020435021751113995,6.849756660447509,0.6669122946454226,33.30877053545774,33.30877053545774,0.005332634033643993,3.141493368313222,0.0002761285669564718,0.00012136769519974554,0.0009537331582373207,5.5963328633101105e-05,188.240737610482,5.716247880429664,0.03017952124818757,0.09236224807369398,0.1459989447547685,26541,b3711faf3992e2662d0291c087564ca5c30f1f61fead23608ee3fc96030fcb2a,three_row_sha256,f7995e140ae1e18e381b18d779063efc20a07009a8bb1b28fc26ea67f94b58c8,123ea5ce324bb82567913e1514a410f2bb582a6d8528a6ea98fbb2b74646f92c,a789b01b17129967eecd25421cde715dc938f6e3b95b30f735ff978f0882361e,0.23378408513963223,0.22485502995550632,0.22433092817664146,0.6731809116899967,0.14937901869416237,0.8236088324338198,0.06662704981863499,2.395765855908394,0.0,0.0,10.433241026476026,550.7965649012476,2450.123085640371,111500,111500,589.1072495305888,,589.1072495305888,False,False,ok
BNCI2014_001,resampled_spectral_raw_rooted_s1,resampled,spectral,raw_rooted,8,1788,224,500,500,1.0,22,253,0.00039622105921308977,0.019905302288915128,6.833311326662788,0.6653111289640329,33.46888710359671,33.46888710359671,0.005281592244150733,3.1114242800937286,0.000267461369278833,0.00011342380839428492,0.0009096205780965263,6.430882552932953e-05,188.24073761048203,5.716247880429664,0.03017952124818757,0.09236224807369398,0.1459989447547685,26764,cec6753e21f5f4180387b91cd740eb26fc1cf6044970b9b69857bda0acb9a5fc,three_row_sha256,fbed8021030da0e5a01df25e9dee6b6166fd0d397eb532b951d6ba5ce022e1a9,123ea5ce324bb82567913e1514a410f2bb582a6d8528a6ea98fbb2b74646f92c,a789b01b17129967eecd25421cde715dc938f6e3b95b30f735ff978f0882361e,0.25042309425771236,0.22368691861629486,0.22626505233347416,0.6554729770869017,0.1492369920015335,0.7523579988628626,0.06532506085932255,2.3227680940181017,0.0,0.0,10.435361182317138,553.1193329952657,2460.558446822688,112000,112000,589.1072495305888,,589.1072495305888,False,False,ok
BNCI2014_001,resampled_spectral_raw_rooted_s1,resampled,spectral,raw_rooted,8,1788,225,500,500,1.0,22,253,0.00039512943425514446,0.019877862919719123,6.82250909774899,0.6642593924382985,33.574060756170155,33.574060756170155,0.0052928958825851895,3.1180833354415394,0.0002619925139941544,0.0001167047472560632,0.0008715149126978324,7.303497680511645e-05,188.24073761048203,5.716247880429664,0.03017952124818757,0.09236224807369398,0.1459989447547685,26988,7651bf35e297051e229a1ca2cd0c6f58f146b4478f8d6a811e0a31facd2ebb43,three_row_sha256,ba987665549e8ff4d4a523af440a496ab92460b0caddd59ad22be9b80672870c,123ea5ce324bb82567913e1514a410f2bb582a6d8528a6ea98fbb2b74646f92c,a789b01b17129967eecd25421cde715dc938f6e3b95b30f735ff978f0882361e,0.23860204964876175,0.22373907268047333,0.2238911110907793,0.628144945949316,0.1570531167089939,0.6697499193251133,0.06255786865949631,2.203738084062934,0.0,0.0,10.383052984252572,555.3230710793287,2470.9414998069406,112500,112500,589.1072495305888,,589.1072495305888,False,False,ok
BNCI2014_001,resampled_spectral_raw_rooted_s1,resampled,spectral,raw_rooted,8,1788,226,500,500,1.0,22,253,0.00041465330380551066,0.020363037686099553,6.830946189718866,0.6650808523301885,33.49191476698115,33.49191476698115,0.005328919943284997,3.1393053707573255,0.0002683789725165787,0.0001288351173601732,0.0007913003061507419,6.127500541033471e-05,188.24073761048203,5.716247880429664,0.03017952124818757,0.09236224807369398,0.1459989447547685,27213,92de46bc777d8364d23318156c774517cd7500cf9b12ad4802c06e03ad19a24e,three_row_sha256,f9f8ad4fbd1f5dd23bebfdb65046afab2ff79e0d826dd1ddaa6ec7bc3df88c28,123ea5ce324bb82567913e1514a410f2bb582a6d8528a6ea98fbb2b74646f92c,a789b01b17129967eecd25421cde715dc938f6e3b95b30f735ff978f0882361e,0.2314201556146145,0.2306660171598196,0.22234790958464146,0.6168670952320099,0.1528700813651085,0.6479609292000532,0.061191851273179054,2.163324039429426,0.0,0.0,11.316407937556505,557.4863951187581,2482.257907744497,113000,113000,589.1072495305888,,589.1072495305888,False,False,ok
BNCI2014_001,resampled_spectral_raw_rooted_s1,resampled,spectral,raw_rooted,8,1788,227,500,500,1.0,22,253,0.0004119728404128716,0.020297114090748754,6.8329225485056,0.6652732763882743,33.47267236117258,33.47267236117258,0.005187380449638058,3.0559234289550252,0.0002763155202380871,0.0001216199784909715,0.0007482078526206354,6.67625820153195e-05,188.24073761048203,5.716247880429664,0.03017952124818757,0.09236224807369398,0.1459989447547685,27439,b98788d04ee2ed94bf5b67a0b1768e6f9a714f949f692cdcb757c33c209ba831,three_row_sha256,759f6c768c22e6daaa29793255b898ae775876286713adca4c272f9374a65a35,123ea5ce324bb82567913e1514a410f2bb582a6d8528a6ea98fbb2b74646f92c,a789b01b17129967eecd25421cde715dc938f6e3b95b30f735ff978f0882361e,0.23672101087868214,0.23046298883855343,0.23797200992703438,0.5789578426629305,0.13850093819200993,0.644817017018795,0.07458613254129887,2.1420179400593042,0.0,0.0,10.163536993786693,559.6284130588174,2492.4214447382838,113500,113500,589.1072495305888,,589.1072495305888,False,False,ok
BNCI2014_001,resampled_spectral_raw_rooted_s1,resampled,spectral,raw_rooted,8,1788,228,500,500,1.0,22,253,0.00041561039893846447,0.02038652493532099,6.8416207611751485,0.666120159753381,33.38798402466189,33.38798402466189,0.005328690729955705,3.1391703395233503,0.0002717557255321602,0.00012407542831716724,0.0008171582012301171,7.47734631717932e-05,188.240737610482,5.716247880429664,0.03017952124818757,0.09236224807369398,0.1459989447547685,27666,2c7a7e9e5fbebdc923f4e0ea2b62278bff1492a6f8bdd7d17ece2f65b36cc5c0,three_row_sha256,b3c91f84b2bc2064f4e4e39c9783fd703d665bef6df7afb1ed06e28d2ba58d5f,123ea5ce324bb82567913e1514a410f2bb582a6d8528a6ea98fbb2b74646f92c,a789b01b17129967eecd25421cde715dc938f6e3b95b30f735ff978f0882361e,0.22969115525484085,0.22580218501389027,0.23890496231615543,0.7204969879239798,0.15954417176544666,0.8306170348078012,0.07428694516420364,2.479343442246318,0.0,0.0,9.702556068077683,562.1077565010637,2502.1240008063614,114000,114000,589.1072495305888,,589.1072495305888,False,False,ok
BNCI2014_001,resampled_spectral_raw_rooted_s1,resampled,spectral,raw_rooted,8,1788,229,500,500,1.0,22,253,0.00041307512946005406,0.020324249788369903,6.827221645624774,0.6647182198497323,33.52817801502677,33.52817801502677,0.00531270863163877,3.129755169542134,0.0002706881323889694,0.00012475925579662968,0.0008131792240840315,5.838674778789427e-05,188.24073761048203,5.716247880429664,0.03017952124818757,0.09236224807369398,0.1459989447547685,27894,a44dda87fc899222f54cc7e53cdbe4d73744ea5e5bccbd32038ed79b6bf8a598,three_row_sha256,6e07f221c2a73a1e9c3ec9d30ef055e6ec8cee39b3ddf75a3aa9eeceeba44297,123ea5ce324bb82567913e1514a410f2bb582a6d8528a6ea98fbb2b74646f92c,a789b01b17129967eecd25421cde715dc938f6e3b95b30f735ff978f0882361e,0.26173703372478485,0.2312080468982458,0.23155706003308296,0.7690389174968004,0.15463517047464848,0.7074971217662096,0.06962893530726433,2.4253022857010365,0.0,0.0,9.974025888368487,564.5330587867647,2512.09802669473,114500,114500,589.1072495305888,,589.1072495305888,False,False,ok
BNCI2014_001,resampled_spectral_raw_rooted_s1,resampled,spectral,raw_rooted,8,1788,230,500,500,1.0,22,253,0.0004007368815366804,0.02001841356193543,6.835082876892824,0.6654836122634493,33.45163877365507,33.45163877365507,0.005300652228575028,3.1226526550940203,0.00026563578950974904,0.00011759261915785599,0.0008550731743714032,4.843405948034532e-05,188.24073761048203,5.716247880429664,0.03017952124818757,0.09236224807369398,0.1459989447547685,28123,761ab2923e815d6acba3472cb287cc44ea6cad3ab4ec03192a966386f08fa74b,three_row_sha256,3a7e0d1111483b5c731dd7cfcd4ca5fd3bdff4dd8fac522ab673614f8dde2db3,123ea5ce324bb82567913e1514a410f2bb582a6d8528a6ea98fbb2b74646f92c,a789b01b17129967eecd25421cde715dc938f6e3b95b30f735ff978f0882361e,0.26201712898910046,0.23208092898130417,0.23608189076185226,0.6600909400731325,0.1585830468684435,0.6947689689695835,0.06614602170884609,2.3097689263522625,0.0,0.0,10.448022978380322,566.842827713117,2522.5460496731102,115000,115000,589.1072495305888,,589.1072495305888,False,False,ok
BNCI2014_001,resampled_spectral_raw_rooted_s1,resampled,spectral,raw_rooted,8,1788,231,500,500,1.0,22,253,0.00041459420694949325,0.020361586552857153,6.8239466263539175,0.6643993544176876,33.56006455823124,33.56006455823124,0.005348563233440688,3.150877375392676,0.0002713150308615232,0.0001227732284586442,0.0008805085616120138,4.722806815879256e-05,188.24073761048206,5.716247880429664,0.03017952124818757,0.09236224807369398,0.1459989447547685,28353,14608a7dd5fbf3f43c14e4aa1f19a69a57410d29888146260fe58bb1a71c83ca,three_row_sha256,082257a33b1af480b2187aeb9f1cc15567c3c0733647f0e7f0c5bb5319319767,123ea5ce324bb82567913e1514a410f2bb582a6d8528a6ea98fbb2b74646f92c,a789b01b17129967eecd25421cde715dc938f6e3b95b30f735ff978f0882361e,0.268411124125123,0.22962898947298527,0.2394351176917553,0.5927029997110367,0.13730698265135288,0.633341958746314,0.06900192238390446,2.1698290947824717,0.0,0.0,10.389646049588919,569.0126568078995,2532.935695722699,115500,115500,589.1072495305888,,589.1072495305888,False,False,ok
BNCI2014_001,resampled_spectral_raw_rooted_s1,resampled,spectral,raw_rooted,8,1788,232,500,500,1.0,22,253,0.0004186388852740888,0.02046066678468932,6.82275570016409,0.6642834023689678,33.57165976310322,33.57165976310322,0.005394254799583921,3.177794608250061,0.0002704409668938108,0.00012727306497036585,0.000932181006547167,7.638105924018596e-05,188.24073761048203,5.716247880429665,0.03017952124818757,0.09236224807369398,0.1459989447547685,28584,d8056f41eae9cdee16a01247f9f39db59e78812dd678e2a939db9525f67ed2cc,three_row_sha256,4e609b45d1bc58f759f1e05d6f1343f3e95f02fb4cf298bb61bb9c87a3d83466,123ea5ce324bb82567913e1514a410f2bb582a6d8528a6ea98fbb2b74646f92c,a789b01b17129967eecd25421cde715dc938f6e3b95b30f735ff978f0882361e,0.27980818413197994,0.22759498097002506,0.25271298363804817,0.6875009275972843,0.15225796960294247,0.6663640961050987,0.06330106407403946,2.329540206119418,0.0,0.0,8.98982910439372,571.3421970140189,2541.925524827093,116000,116000,589.1072495305888,,589.1072495305888,False,False,ok
BNCI2014_001,resampled_spectral_raw_rooted_s1,resampled,spectral,raw_rooted,8,1788,233,500,500,1.0,22,253,0.00040411950208687597,0.020102723747962015,6.820259319492996,0.6640403474629035,33.59596525370964,33.59596525370964,0.0053850940119383895,3.172397921836668,0.00026564097901138784,0.00012021811801749417,0.0009165743122046808,5.739208336852029e-05,188.24073761048203,5.716247880429664,0.03017952124818757,0.09236224807369398,0.1459989447547685,28816,5241f541235172a7072c5a62d05fb439d74b409babdda5905616d3ac6db377ac,three_row_sha256,ff7ff12c24b116911755efeff4362c1daeecb409deb5be3a32d4a88a3e8174e7,123ea5ce324bb82567913e1514a410f2bb582a6d8528a6ea98fbb2b74646f92c,a789b01b17129967eecd25421cde715dc938f6e3b95b30f735ff978f0882361e,0.23362599313259125,0.22523896768689156,0.23143901489675045,0.5786360707134008,0.13722898438572884,0.6401930004358292,0.06245099939405918,2.1088130306452513,0.0,0.0,9.449495002627373,573.4510100446641,2551.3750198297203,116500,116500,589.1072495305888,,589.1072495305888,False,False,ok
BNCI2014_001,resampled_spectral_raw_rooted_s1,resampled,spectral,raw_rooted,8,1788,234,500,500,1.0,22,253,0.0004029782560184076,0.02007431832014247,6.8246496957089855,0.6644678073015091,33.55321926984909,33.55321926984909,0.005374649938373408,3.166245242384907,0.0002639591074103191,0.00011949838108600913,0.0008600582855137509,7.498156813159305e-05,188.24073761048203,5.716247880429664,0.03017952124818757,0.09236224807369398,0.1459989447547685,29049,df5ae347cf6891aa921d5e742ccdb100c40159f66ff702d82986bca32f7d4c7c,three_row_sha256,4b4f001ed91a2352a047697bf8f48f1bb463f41bec1733a16c15aab5aa68c752,123ea5ce324bb82567913e1514a410f2bb582a6d8528a6ea98fbb2b74646f92c,a789b01b17129967eecd25421cde715dc938f6e3b95b30f735ff978f0882361e,0.2800188958644867,0.23735989816486835,0.24842005223035812,0.68460195325315,0.16448809765279293,0.8414741605520248,0.07165991701185703,2.528022974729538,0.0,0.0,9.615249931812286,575.9790330193937,2560.9902697615325,117000,117000,589.1072495305888,,589.1072495305888,False,False,ok
BNCI2014_001,resampled_spectral_raw_rooted_s1,resampled,spectral,raw_rooted,8,1788,235,500,500,1.0,22,253,0.00038979211933951236,0.019743153733370773,6.823337549143837,0.6643400528833519,33.565994711664814,33.565994711664814,0.005240911458344457,3.0874589342586503,0.00026065874880551064,0.00011309540055394971,0.0007560458045489688,4.8729346824097545e-05,188.24073761048203,5.716247880429665,0.03017952124818757,0.09236224807369398,0.1459989447547685,29283,69550e21025af9f3eaf7338077255bd61b4d3346c894115996e6baa9d397c56f,three_row_sha256,93de03ed0b178876ad95a4fd294dd2cc72b3d0251b39f98475261b49c31de736,123ea5ce324bb82567913e1514a410f2bb582a6d8528a6ea98fbb2b74646f92c,a789b01b17129967eecd25421cde715dc938f6e3b95b30f735ff978f0882361e,0.2187651116400957,0.22370507940649986,0.22379099391400814,0.5665870849043131,0.13537309132516384,0.7507291156798601,0.06034807302057743,2.179298549890518,0.0,0.0,7.993009872734547,578.1583315692842,2568.983279634267,117500,117500,589.1072495305888,,589.1072495305888,False,False,ok
BNCI2014_001,resampled_spectral_raw_rooted_s1,resampled,spectral,raw_rooted,8,1788,236,500,500,1.0,22,253,0.0003839018986621721,0.01959341467591017,6.8090196270507555,0.662946018211611,33.70539817883889,33.70539817883889,0.005273934591221581,3.1069131012387756,0.00025617600987393765,0.00011126609640206876,0.0007580850057585595,5.834519871759731e-05,188.24073761048203,5.716247880429665,0.03017952124818757,0.09236224807369398,0.1459989447547685,29518,7dd2d3987d6ce0540bd25edcd8580c902e64cfefb3f730b19e809fc6203f98ba,three_row_sha256,abf8046a3868c35eab0540ef60606e2bfbd45bf40e2db0186ae706022140629a,123ea5ce324bb82567913e1514a410f2bb582a6d8528a6ea98fbb2b74646f92c,a789b01b17129967eecd25421cde715dc938f6e3b95b30f735ff978f0882361e,0.21333806216716766,0.22155698388814926,0.21991413086652756,0.5643591284751892,0.13291300274431705,0.7292190566658974,0.060003018006682396,2.1413033828139305,0.0,0.0,8.661107160151005,580.2996349520981,2577.644386794418,118000,118000,589.1072495305888,,589.1072495305888,False,False,ok
BNCI2014_001,resampled_spectral_raw_rooted_s1,resampled,spectral,raw_rooted,8,1788,237,500,500,1.0,22,253,0.00040768556375961914,0.020191224919742217,6.822918875585659,0.6642992896041241,33.57007103958759,33.57007103958759,0.0052856893400121015,3.113837908967682,0.0002662022443729677,0.00012383340085768573,0.0008134325192217071,6.334600001408278e-05,188.24073761048203,5.716247880429664,0.03017952124818757,0.09236224807369398,0.1459989447547685,29754,9c01b8e0e54e3762c28c3c9f4e9655f6711d0939e81125f986b1adb2b4d7cfa0,three_row_sha256,29e5d8749cc061d513d8e1c4a4cd72675b0d2281bc42d5b1f261aedf601a4cbc,123ea5ce324bb82567913e1514a410f2bb582a6d8528a6ea98fbb2b74646f92c,a789b01b17129967eecd25421cde715dc938f6e3b95b30f735ff978f0882361e,0.20734895952045918,0.22285804152488708,0.21939212456345558,0.5357279442250729,0.13182894326746464,0.7150690071284771,0.059264013543725014,2.0914890337735415,0.0,0.0,8.457205956801772,582.3911239858717,2586.10159275122,118500,118500,589.1072495305888,,589.1072495305888,False,False,ok
BNCI2014_001,resampled_spectral_raw_rooted_s1,resampled,spectral,raw_rooted,8,1788,238,500,500,1.0,22,253,0.00040078902272979,0.02001971585037585,6.806907062224079,0.6627403327360553,33.725966726394475,33.725966726394475,0.005293615868997184,3.1185074846564085,0.00026413510765077033,0.00012003757685812026,0.0008200214760963742,5.5971646457962854e-05,188.240737610482,5.716247880429664,0.03017952124818757,0.09236224807369398,0.1459989447547685,29991,185466a80b2410497c871f82ee9983f1224bcecbb22b207be94c6414fa7a6a3f,three_row_sha256,1a3c0ce00bf32d0fc5b8068e7f35a6f87f10c12a7c9cb9e22b30c05d835d3366,123ea5ce324bb82567913e1514a410f2bb582a6d8528a6ea98fbb2b74646f92c,a789b01b17129967eecd25421cde715dc938f6e3b95b30f735ff978f0882361e,0.21341186948120594,0.22175605408847332,0.2193930558860302,0.5663849879056215,0.13032113201916218,0.7102959789335728,0.05661393515765667,2.1181770134717226,0.0,0.0,8.356193080544472,584.5093009993434,2594.4577858317643,119000,119000,589.1072495305888,,589.1072495305888,False,False,ok
BNCI2014_001,resampled_spectral_raw_rooted_s1,resampled,spectral,raw_rooted,8,1788,239,500,500,1.0,22,253,0.00039764649656077187,0.019941075611931567,6.815996584404251,0.6636253151368772,33.63746848631228,33.63746848631228,0.005333192182304434,3.1418221777354036,0.0002591640087496282,0.00011948476638764375,0.0008469724557360104,6.876115624645519e-05,188.24073761048206,5.716247880429665,0.03017952124818757,0.09236224807369398,0.1459989447547685,30229,6cdd8f26a4e2e2331e1facc1dd7e6e31755c868265557932f58cc1225e61b5d3,three_row_sha256,a3f6647160e9364c652893e8c4db1c915310c1e45f6d6c0e29bd18e08624035d,123ea5ce324bb82567913e1514a410f2bb582a6d8528a6ea98fbb2b74646f92c,a789b01b17129967eecd25421cde715dc938f6e3b95b30f735ff978f0882361e,0.20803604274988174,0.2239870373159647,0.2202838659286499,0.5463769193738699,0.14732102863490582,0.6090549286454916,0.05702185444533825,2.012081677094102,0.0,0.0,8.69952398352325,586.5213826764375,2603.1573098152876,119500,119500,589.1072495305888,,589.1072495305888,False,False,ok
BNCI2014_001,resampled_spectral_raw_rooted_s1,resampled,spectral,raw_rooted,8,1788,240,500,500,1.0,22,253,0.0003974445598980868,0.01993601163467976,6.802988900294339,0.6623588490581832,33.764115094181676,33.764115094181676,0.00530121965683152,3.1229869311935086,0.0002643657527884492,0.00011593272141291259,0.0008207275793248201,4.123440576642665e-05,188.24073761048203,5.716247880429665,0.03017952124818757,0.09236224807369398,0.1459989447547685,30468,7bab45a1e868f34f7a535d77e602b9737e578897fbd8fd2a926e93a0fe1772c4,three_row_sha256,c8bf9db5f125141b48f5b43d6b4f62e2e51f63b3072b088d6a07b0f5ca9b482f,123ea5ce324bb82567913e1514a410f2bb582a6d8528a6ea98fbb2b74646f92c,a789b01b17129967eecd25421cde715dc938f6e3b95b30f735ff978f0882361e,0.2856329083442688,0.22605503909289837,0.24191709235310555,0.6822829600423574,0.1528528518974781,0.6925580091774464,0.06747408770024776,2.3487729486078024,0.0,0.0,9.52222803607583,588.8701556250453,2612.6795378513634,120000,120000,589.1072495305888,,589.1072495305888,False,False,ok
BNCI2014_001,resampled_spectral_raw_rooted_s1,resampled,spectral,raw_rooted,8,1788,241,500,500,1.0,22,253,0.00040746645233875206,0.020185798283415796,6.791219664783124,0.6612129619485975,33.878703805140255,33.878703805140255,0.005513175721303926,3.2478517853561755,0.0002648933929978316,0.00012079821449396719,0.0011321804698058158,6.634553937026914e-05,188.240737610482,5.716247880429664,0.03017952124818757,0.09236224807369398,0.1459989447547685,30708,46c361688044524223f3644540ba2697a8b1170b8d681a9d7dc3bad957ccd93e,three_row_sha256,45203f334c8321615fde20710c3e38fe23a97ddeb70bc51e78e90be182f25b05,123ea5ce324bb82567913e1514a410f2bb582a6d8528a6ea98fbb2b74646f92c,a789b01b17129967eecd25421cde715dc938f6e3b95b30f735ff978f0882361e,0.21879002451896667,0.2236741129308939,0.2219020389020443,0.5564410239458084,0.13422896154224873,0.7401700131595135,0.05865888670086861,2.153865061700344,0.0,0.0,8.497273083776236,591.0240206867456,2621.1768109351397,120500,120500,589.1072495305888,,589.1072495305888,False,False,ok
BNCI2014_001,resampled_spectral_raw_rooted_s1,resampled,spectral,raw_rooted,8,1788,242,500,500,1.0,22,253,0.00038929179325870866,0.019730478789393546,6.819755971822289,0.6639913400650184,33.60086599349816,33.60086599349816,0.00534320383935186,3.1477201174818563,0.00025823169472698963,0.00011233827038248807,0.0008395305299824794,6.004940858373426e-05,188.240737610482,5.716247880429664,0.03017952124818757,0.09236224807369398,0.1459989447547685,30949,10a80a69387f87f7058222e164fbaf15a53c20ac12485b7d2a4bfa1e27637d30,three_row_sha256,ebc804bada9bf66463cdcdc547b0e92fd18406680ef18c50ae0582a4456806ac,123ea5ce324bb82567913e1514a410f2bb582a6d8528a6ea98fbb2b74646f92c,a789b01b17129967eecd25421cde715dc938f6e3b95b30f735ff978f0882361e,0.22395001724362373,0.2228131052106619,0.2216219436377287,0.6002190057188272,0.16456004232168198,0.7576169446110725,0.057592056691646576,2.2483731154352427,0.0,0.0,8.483009878546,593.2723938021809,2629.6598208136857,121000,121000,589.1072495305888,,589.1072495305888,False,False,ok
BNCI2014_001,resampled_spectral_raw_rooted_s1,resampled,spectral,raw_rooted,8,1788,243,500,500,1.0,22,253,0.000407583340435978,0.0201886933810977,6.8036393184446196,0.6624221756670813,33.75778243329187,33.75778243329187,0.005358069326239774,3.156477483575328,0.00026563517855739447,0.00012223974867171258,0.0008568917237883888,7.626353390847206e-05,188.240737610482,5.716247880429664,0.03017952124818757,0.09236224807369398,0.1459989447547685,31191,c35f7013d8f42c31df4fc4dc89a024ca28e9c0501db3463b38b139ef06f31c38,three_row_sha256,600155f1826535394605d6f8ac6223947b08875b36d6929f128c333f2a312659,123ea5ce324bb82567913e1514a410f2bb582a6d8528a6ea98fbb2b74646f92c,a789b01b17129967eecd25421cde715dc938f6e3b95b30f735ff978f0882361e,0.26791496202349663,0.22241193801164627,0.22469297982752323,0.5618378054350615,0.13332394883036613,0.5986241158097982,0.05789496935904026,2.066700719296932,0.0,0.0,10.45533805154264,595.3390945214778,2640.1151588652283,121500,121500,589.1072495305888,,589.1072495305888,False,False,ok
BNCI2014_001,resampled_spectral_raw_rooted_s1,resampled,spectral,raw_rooted,8,1788,244,500,500,1.0,22,253,0.00040654778766288044,0.02016303022025411,6.80685110177287,0.6627348842632445,33.72651157367556,33.72651157367556,0.005196815577211523,3.0614817310087994,0.00027014955231125816,0.00012093588262127734,0.0007115069924337135,6.15060909802961e-05,188.240737610482,5.716247880429664,0.03017952124818757,0.09236224807369398,0.1459989447547685,31434,ac5576a6d669ed150fb45815dd7b1a15024c9ceabd9c487818fb0115931463ca,three_row_sha256,4fc8ce3cb8661f8ffedfd1e60ed988c96c3900c58b096ab5e52f3c4c1b4213e7,123ea5ce324bb82567913e1514a410f2bb582a6d8528a6ea98fbb2b74646f92c,a789b01b17129967eecd25421cde715dc938f6e3b95b30f735ff978f0882361e,0.2394169569015503,0.2264999784529209,0.24442304857075214,0.7488951086997986,0.14325696974992752,0.7764140609651804,0.06565009243786335,2.444556215777993,0.0,0.0,8.42045503668487,597.7836507372558,2648.535613901913,122000,122000,589.1072495305888,,589.1072495305888,False,False,ok
BNCI2014_001,resampled_spectral_raw_rooted_s1,resampled,spectral,raw_rooted,8,1788,245,500,500,1.0,22,253,0.0004060806548711935,0.020151442997244477,6.801686929379833,0.662232085371063,33.7767914628937,33.7767914628937,0.005365460008305015,3.160831387958938,0.0002626303981209871,0.00012233813625436022,0.0009550623685383901,7.411759579732385e-05,188.24073761048206,5.716247880429664,0.03017952124818757,0.09236224807369398,0.1459989447547685,31678,90acc16f32911657ba70461b79463b0a8a9df9341c48d5da177f9f52ccef7d8d,three_row_sha256,821e4fe0c414a76f61ccf76be06bf92139e4589f018196790ebb0018f5f67ceb,123ea5ce324bb82567913e1514a410f2bb582a6d8528a6ea98fbb2b74646f92c,a789b01b17129967eecd25421cde715dc938f6e3b95b30f735ff978f0882361e,0.24414691142737865,0.22273696959018707,0.22203894332051277,0.5692099221050739,0.13587181456387043,0.939629040658474,0.05931081250309944,2.3929444141685963,0.0,0.0,11.28050684928894,600.1765951514244,2659.816120751202,122500,122500,589.1072495305888,,589.1072495305888,False,False,ok
BNCI2014_001,resampled_spectral_raw_rooted_s1,resampled,spectral,raw_rooted,8,1788,246,500,500,1.0,22,253,0.0004114629183140457,0.020284548757959733,6.792581214644893,0.6613455264158623,33.86544735841377,33.86544735841377,0.005309221519461676,3.127700886478681,0.00027022678057427897,0.000121591488946181,0.0008099363294096855,8.074803488670326e-05,188.24073761048203,5.716247880429664,0.03017952124818757,0.09236224807369398,0.1459989447547685,31923,47162e4269484a29c161a076f08a82d08cea47c9d3b4b3b49f19dade3f635abd,three_row_sha256,f875b8fc667273099b947b4e34f5388f2dfbaf090f0be367595c984129aefdc4,123ea5ce324bb82567913e1514a410f2bb582a6d8528a6ea98fbb2b74646f92c,a789b01b17129967eecd25421cde715dc938f6e3b95b30f735ff978f0882361e,0.26670913212001324,0.22951699793338776,0.24249497801065445,0.6324478890746832,0.14016591012477875,0.6494380068033934,0.06412994116544724,2.224902855232358,0.0,0.0,8.615807862952352,602.4014980066568,2668.4319286141545,123000,123000,589.1072495305888,,589.1072495305888,False,False,ok
BNCI2014_001,resampled_spectral_raw_rooted_s1,resampled,spectral,raw_rooted,8,1788,247,500,500,1.0,22,253,0.00041219973810792,0.020302702729142245,6.793332231911337,0.6614186476482375,33.85813523517625,33.85813523517625,0.005349954560569091,3.151697016290487,0.00026860857396478844,0.00012310406373063488,0.0009163481534062664,6.309631454439916e-05,188.24073761048203,5.716247880429664,0.03017952124818757,0.09236224807369398,0.1459989447547685,32169,082d8d5a29dd1f9328b9c9980aa8f72ad2d9c0d9a6a0bfc7a2edc692e6d462b6,three_row_sha256,e4a09ffa6dc848b3a8c7077ae9ccf0dc788ba8d928cc8cc4ec416caf430567df,123ea5ce324bb82567913e1514a410f2bb582a6d8528a6ea98fbb2b74646f92c,a789b01b17129967eecd25421cde715dc938f6e3b95b30f735ff978f0882361e,0.2160451840609312,0.22157304920256138,0.2220519818365574,0.549401855096221,0.13525900430977345,0.5992578808218241,0.06942916661500931,2.0130181219428778,0.0,0.0,7.966269971802831,604.4145161285996,2676.3981985859573,123500,123500,589.1072495305888,,589.1072495305888,False,False,ok
BNCI2014_001,resampled_spectral_raw_rooted_s1,resampled,spectral,raw_rooted,8,1788,248,500,500,1.0,22,253,0.000408140589914685,0.020202489695943047,6.796122648125211,0.6616903307126822,33.83096692873178,33.83096692873178,0.005298253414352424,3.1212394962452072,0.00026851406358959965,0.00012151607215698508,0.0008040383798228464,5.7523041895206784e-05,188.24073761048203,5.716247880429665,0.03017952124818757,0.09236224807369398,0.1459989447547685,32416,c3d0e027bdd0f0f29ef8ca6027d158070fc1c506876cecdb577a6c8f18fbd366,three_row_sha256,21d3ccf39d8e1c4933db06802308a1cd34872d31177bd60ab396c01f1b1ea641,123ea5ce324bb82567913e1514a410f2bb582a6d8528a6ea98fbb2b74646f92c,a789b01b17129967eecd25421cde715dc938f6e3b95b30f735ff978f0882361e,0.2101368736475706,0.22036395967006683,0.2204650081694126,0.5354869645088911,0.13077305629849434,0.5928399041295052,0.056470977142453194,1.9665367435663939,0.0,0.0,8.622934110462666,606.381052872166,2685.02113269642,124000,124000,589.1072495305888,,589.1072495305888,False,False,ok
BNCI2014_001,resampled_spectral_raw_rooted_s1,resampled,spectral,raw_rooted,8,1788,249,500,500,1.0,22,253,0.00039356423111375097,0.019838453344798605,6.797971499410391,0.661870340268376,33.8129659731624,33.8129659731624,0.005231587425114053,3.081966078687755,0.0002639734811049657,0.00011512996733905258,0.0007576017142595904,6.829215216031789e-05,188.240737610482,5.716247880429664,0.03017952124818757,0.09236224807369398,0.1459989447547685,32664,7ca9b34492e36ac300736e1e04ee1a2328e935bae52dd6f072c9a3e9f7d42a77,three_row_sha256,56d16a4d1173c022a34f39eae36b881e7b433d8ed3045c4e5e5dd61b7ab63c60,123ea5ce324bb82567913e1514a410f2bb582a6d8528a6ea98fbb2b74646f92c,a789b01b17129967eecd25421cde715dc938f6e3b95b30f735ff978f0882361e,0.21214690059423447,0.22256001830101013,0.2203949261456728,0.5446381401270628,0.13118702918291092,0.7073460146784782,0.05694502033293247,2.095218049362302,0.0,0.0,8.546210126951337,608.4762709215283,2693.5673428233713,124500,124500,589.1072495305888,,589.1072495305888,False,False,ok
BNCI2014_001,resampled_spectral_raw_rooted_s1,resampled,spectral,raw_rooted,8,1788,250,500,500,1.0,22,253,0.00040623838049566856,0.020155356124258103,6.790917234468925,0.6611835164507773,33.88164835492226,33.88164835492226,0.0053636530782231115,3.159766912348293,0.00026758213304020595,0.00011899293858652219,0.0008605071381006665,5.998067149474756e-05,188.240737610482,5.716247880429664,0.03017952124818757,0.09236224807369398,0.1459989447547685,32913,1ad468bc91ecb294e0393cba0ed273847a33424d888a65789cfe8045bc38ed6b,three_row_sha256,efaae90bed7fc0cc54cd9787c06ca8335da8199ad0995cef122f0ae4b6f9e13f,123ea5ce324bb82567913e1514a410f2bb582a6d8528a6ea98fbb2b74646f92c,a789b01b17129967eecd25421cde715dc938f6e3b95b30f735ff978f0882361e,0.23068883456289768,0.22272299975156784,0.2231139224022627,0.5543690640479326,0.13171718455851078,0.5799790378659964,0.0581829808652401,2.000774024054408,0.0,0.0,8.574584033340216,610.4770449455827,2702.1419268567115,125000,125000,589.1072495305888,,589.1072495305888,False,False,ok
BNCI2014_001,resampled_spectral_raw_rooted_s1,resampled,spectral,raw_rooted,8,1788,251,500,500,1.0,22,253,0.0004087694042961774,0.020218046500494982,6.774702014099472,0.6596047552829221,34.03952447170779,34.03952447170779,0.00532649835947765,3.1378787981810716,0.00027103228204703047,0.00011990400480010642,0.0009220623552264603,6.556862134845085e-05,188.240737610482,5.716247880429664,0.03017952124818757,0.09236224807369398,0.1459989447547685,33163,2267b9c8ecb3734ca685413e5aa7bc21d96dc1e1e68dc896639aebb846886b97,three_row_sha256,a58f05f560a7230b645ba080488342ee8285bdaf50952fec264853997ac573b2,123ea5ce324bb82567913e1514a410f2bb582a6d8528a6ea98fbb2b74646f92c,a789b01b17129967eecd25421cde715dc938f6e3b95b30f735ff978f0882361e,0.24750782176852226,0.22845505736768246,0.23921113461256027,0.5901199765503407,0.1559730153530836,0.6409799680113792,0.06340187974274158,2.16564885340631,0.0,0.0,11.603722115978599,612.6426937989891,2713.74564897269,125500,125500,589.1072495305888,,589.1072495305888,False,False,ok
BNCI2014_001,resampled_spectral_raw_rooted_s1,resampled,spectral,raw_rooted,8,1788,252,500,500,1.0,22,253,0.00038864259407128936,0.019714020241221458,6.771485312413343,0.6592915678210852,34.07084321789148,34.07084321789148,0.005192488583113663,3.0589326674170736,0.0002620348942243246,0.00011276048300338799,0.0006851364634046828,6.52812399981531e-05,188.24073761048203,5.716247880429664,0.03017952124818757,0.09236224807369398,0.1459989447547685,33414,1a28dc07e6043e6c1a7f05b667aecc6c47012410ab8a602a8ef04a1dc53beceb,three_row_sha256,b5d384bc7501c720ff0a5edf64ea588b8f384c0d521459a612d64cf8926fdc55,123ea5ce324bb82567913e1514a410f2bb582a6d8528a6ea98fbb2b74646f92c,a789b01b17129967eecd25421cde715dc938f6e3b95b30f735ff978f0882361e,0.2616681158542633,0.22940593771636486,0.2501530107110739,0.6064139306545258,0.1400879118591547,0.6609971169382334,0.0649760477244854,2.2137020714581013,0.0,0.0,8.726319996640086,614.8563958704472,2722.47196896933,126000,126000,589.1072495305888,,589.1072495305888,False,False,ok
BNCI2014_001,resampled_spectral_raw_rooted_s1,resampled,spectral,raw_rooted,8,1788,253,500,500,1.0,22,253,0.0003723619901132481,0.019296683396719968,6.802414845670775,0.6623029574250595,33.76970425749405,33.76970425749405,0.005088502744537128,2.9976738560631198,0.00025748472483262046,0.00010589591248181767,0.0006192209470255877,7.141463604645143e-05,188.240737610482,5.716247880429664,0.03017952124818757,0.09236224807369398,0.1459989447547685,33666,bd728937e859a3e1da0c0927f3b9f7a80da7ad6400aca8452e55e29cc3f2c9c9,three_row_sha256,ba1637c296525d0b4b9a396205f59b33416ba5b5143047a9d252f5ea03e13d25,123ea5ce324bb82567913e1514a410f2bb582a6d8528a6ea98fbb2b74646f92c,a789b01b17129967eecd25421cde715dc938f6e3b95b30f735ff978f0882361e,0.22672605700790882,0.221962109208107,0.2238280139863491,0.5637749563902617,0.1331691164523363,0.5993889644742012,0.05759601481258869,2.0264452323317528,0.0,0.0,8.283778093755245,616.8828411027789,2730.7557470630854,126500,126500,589.1072495305888,,589.1072495305888,False,False,ok
BNCI2014_001,resampled_spectral_raw_rooted_s1,resampled,spectral,raw_rooted,8,1788,254,500,500,1.0,22,253,0.0003854467531036033,0.019632797892903682,6.8072013182146485,0.6627689823578756,33.72310176421243,33.72310176421243,0.005243751292718029,3.089131901275587,0.00025909445643547754,0.00011104439469652143,0.0007314352446493331,5.730864257189059e-05,188.24073761048203,5.716247880429664,0.03017952124818757,0.09236224807369398,0.1459989447547685,33919,e832c7a9259e0e5d8fdb5f8d0e00d55d14fbb4be56edde3b667e5b2871202218,three_row_sha256,e8eeb19dcff53626530453ef51068bbcaf65b28d0102b3c191019c1d2447a196,123ea5ce324bb82567913e1514a410f2bb582a6d8528a6ea98fbb2b74646f92c,a789b01b17129967eecd25421cde715dc938f6e3b95b30f735ff978f0882361e,0.21038507111370564,0.22401893511414528,0.22029993124306202,0.5427519790828228,0.13193301856517792,0.6332020275294781,0.05798088386654854,2.0205718465149403,0.0,0.0,8.899688953533769,618.9034129492939,2739.655436016619,127000,127000,589.1072495305888,,589.1072495305888,False,False,ok
BNCI2014_001,resampled_spectral_raw_rooted_s1,resampled,spectral,raw_rooted,8,1788,255,500,500,1.0,22,253,0.00041305542865455283,0.020323765120039958,6.796110498938063,0.6616891478323726,33.83108521676273,33.83108521676273,0.0052239171479212705,3.077447462787578,0.000277044020423772,0.00012064989161768987,0.0007674235902307882,4.7796717459610766e-05,188.240737610482,5.716247880429665,0.03017952124818757,0.09236224807369398,0.1459989447547685,34173,19d1db0d4fe70716446cb57929c2abb3f095238b881955566c79391dd3e228f1,three_row_sha256,51571d15bbc49c51220574e0ffda7216aa62e422e5da1e30cc54b37613baad3b,123ea5ce324bb82567913e1514a410f2bb582a6d8528a6ea98fbb2b74646f92c,a789b01b17129967eecd25421cde715dc938f6e3b95b30f735ff978f0882361e,0.2169138751924038,0.22244290448725224,0.2248769160360098,0.5617018323391676,0.13565504923462868,0.9593290742486715,0.05959300324320793,2.3805126547813416,0.0,0.0,8.59857420437038,621.2839256040752,2748.2540102209896,127500,127500,589.1072495305888,,589.1072495305888,False,False,ok
BNCI2014_001,resampled_spectral_raw_rooted_s1,resampled,spectral,raw_rooted,8,1788,256,500,500,1.0,22,253,0.0004108106251973471,0.020268463809508284,6.791141534187776,0.6612053549258653,33.879464507413466,33.879464507413466,0.0053015341479727566,3.1231722002047237,0.0002690934214408144,0.0001236552845633285,0.0008892560822263404,6.428239299017384e-05,188.24073761048203,5.716247880429664,0.03017952124818757,0.09236224807369398,0.1459989447547685,34428,aff1b76a0fe94eea529e12ed647c2c9f4e27f43f93a37cd7490cec40b94c0287,three_row_sha256,e76c2f5b3e58a7e79be288917ef655d786f3c4cf01709afde7a090f79302c8d4,123ea5ce324bb82567913e1514a410f2bb582a6d8528a6ea98fbb2b74646f92c,a789b01b17129967eecd25421cde715dc938f6e3b95b30f735ff978f0882361e,0.2408528234809637,0.22477097809314728,0.23031793534755707,0.575181795284152,0.13428484089672565,0.7319769356399775,0.06084004417061806,2.1982253529131413,0.0,0.0,8.292092941701412,623.4821509569883,2756.546103162691,128000,128000,589.1072495305888,,589.1072495305888,False,False,ok
BNCI2014_001,resampled_spectral_raw_rooted_s1,resampled,spectral,raw_rooted,8,1788,257,500,500,1.0,22,253,0.0004209401590836981,0.020516826242957222,6.777077081839488,0.6598359988080503,34.01640011919497,34.01640011919497,0.005346576792901792,3.1497071488704513,0.0002766088643799533,0.00012448491397939757,0.0009104833661261586,8.217354305452485e-05,188.240737610482,5.716247880429664,0.03017952124818757,0.09236224807369398,0.1459989447547685,34684,9d223d3a1344c0368793cf71b9ed57165109b028c7ba3773470e48aed83646f3,three_row_sha256,ab12686f194dd74830bda7ec888adbb094aaa3a29f7f52990d06a047cc86bf17,123ea5ce324bb82567913e1514a410f2bb582a6d8528a6ea98fbb2b74646f92c,a789b01b17129967eecd25421cde715dc938f6e3b95b30f735ff978f0882361e,0.22664200514554977,0.22475398145616055,0.22742990404367447,0.5762199871242046,0.13832980766892433,0.9948860388249159,0.061681028455495834,2.4499427527189255,0.0,0.0,11.165026109665632,625.9320937097073,2767.7111292723566,128500,128500,589.1072495305888,,589.1072495305888,False,False,ok
BNCI2014_001,resampled_spectral_raw_rooted_s1,resampled,spectral,raw_rooted,8,1788,258,500,500,1.0,22,253,0.00040933551439251365,0.020232041775177158,6.80048491208314,0.6621150534598171,33.78849465401828,33.78849465401828,0.005269415639549133,3.1042509540482577,0.0002660786191636041,0.0001252295742137957,0.0008058373750101241,6.850838700385781e-05,188.24073761048203,5.716247880429664,0.03017952124818757,0.09236224807369398,0.1459989447547685,34941,0b327adf3cddd6e886835ef8afc8824294b7c0e2f6a00c6e02456b3c25d3da79,three_row_sha256,08554241abc6dcaaaff6c0e403266d4a86ba5506bb59802e1251236980119718,123ea5ce324bb82567913e1514a410f2bb582a6d8528a6ea98fbb2b74646f92c,a789b01b17129967eecd25421cde715dc938f6e3b95b30f735ff978f0882361e,0.2511912025511265,0.22905110381543636,0.24213804863393307,0.6068560760468245,0.14311796985566616,0.6374348886311054,0.06408593617379665,2.1738752257078886,0.0,0.0,9.025024948641658,628.1059689354151,2776.7361542209983,129000,129000,589.1072495305888,,589.1072495305888,False,False,ok
BNCI2014_001,resampled_spectral_raw_rooted_s1,resampled,spectral,raw_rooted,8,1788,259,500,500,1.0,22,253,0.00038498521140903304,0.019621040018537067,6.7684309335352175,0.6589941845814601,34.10058154185399,34.10058154185399,0.005220869900687668,3.07565230735115,0.0002588428361944174,0.00011262412488635452,0.0007139559787229573,6.0516045070830275e-05,188.240737610482,5.716247880429664,0.03017952124818757,0.09236224807369398,0.1459989447547685,35199,8e5085ff55ba021ba967d478dda91c6baba1a8dcf4b336fd30abdfb33bb10f02,three_row_sha256,4c2b35ccfa2189166ee99f180e9c044d7c5a52a1d135dcc5af3153661e3aa091,123ea5ce324bb82567913e1514a410f2bb582a6d8528a6ea98fbb2b74646f92c,a789b01b17129967eecd25421cde715dc938f6e3b95b30f735ff978f0882361e,0.22208900190889835,0.22512301802635193,0.22352510131895542,0.5548950284719467,0.13386295177042484,0.9380991104990244,0.05858810618519783,2.3561823181807995,0.0,0.0,8.186415070667863,630.462151253596,2784.922569291666,129500,129500,589.1072495305888,,589.1072495305888,False,False,ok
BNCI2014_001,resampled_spectral_raw_rooted_s1,resampled,spectral,raw_rooted,8,1788,260,500,500,1.0,22,253,0.00039968897446267563,0.01999222284946513,6.770640752507201,0.6592093390043706,34.07906609956294,34.07906609956294,0.005346895367682812,3.149894823583468,0.0002636997503509827,0.00011736218712205566,0.0009760356880207112,5.744736668056218e-05,188.24073761048206,5.716247880429664,0.03017952124818757,0.09236224807369398,0.1459989447547685,35458,f83ade58c57cbb11aa9a02c223f3382d95d80c39caab53982506643b411dc6de,three_row_sha256,b09fb9fcd20c877a25f172e9146f8dcb146f732eff41a982ec0ace0978038937,123ea5ce324bb82567913e1514a410f2bb582a6d8528a6ea98fbb2b74646f92c,a789b01b17129967eecd25421cde715dc938f6e3b95b30f735ff978f0882361e,0.21986104547977448,0.22181007079780102,0.2206598874181509,0.5461240652948618,0.13172090984880924,0.7175379432737827,0.05644001066684723,2.1141539327800274,0.0,0.0,8.901061955839396,632.576305186376,2793.8236312475055,130000,130000,589.1072495305888,,589.1072495305888,False,False,ok
BNCI2014_001,resampled_spectral_raw_rooted_s1,resampled,spectral,raw_rooted,8,1788,261,500,500,1.0,22,253,0.0003946666017893385,0.019866217601479615,6.764634289639685,0.6586245322539632,34.13754677460368,34.13754677460368,0.005279755300096931,3.1103421230346515,0.0002602490714436031,0.00011693328187195473,0.0007782612229933449,5.008047717785338e-05,188.240737610482,5.716247880429664,0.03017952124818757,0.09236224807369398,0.1459989447547685,35718,150a33ccbf791e11234d18834dd11c188486cd2d97364c3ad59c487cb5875fc2,three_row_sha256,160595769d9fb1c9d1befcbbc713fc896c33854741ff24f3d11b299ee05c3e3d,123ea5ce324bb82567913e1514a410f2bb582a6d8528a6ea98fbb2b74646f92c,a789b01b17129967eecd25421cde715dc938f6e3b95b30f735ff978f0882361e,0.2085268497467041,0.2248350065201521,0.22054510191082954,0.5321870557963848,0.13273488730192184,0.9531918913125992,0.05667493678629398,2.3286957293748856,0.0,0.0,8.752580964937806,634.9050009157509,2802.5762122124434,130500,130500,589.1072495305888,,589.1072495305888,False,False,ok
BNCI2014_001,resampled_spectral_raw_rooted_s1,resampled,spectral,raw_rooted,8,1788,262,500,500,1.0,22,253,0.0004114756096125234,0.0202848615872163,6.7763575653301835,0.6597659445813029,34.023405541869714,34.023405541869714,0.0053696359074578755,3.163291440423196,0.0002652847415993265,0.0001249444051040173,0.0008425765077057522,6.225384309610388e-05,188.24073761048203,5.716247880429664,0.03017952124818757,0.09236224807369398,0.1459989447547685,35979,f0cbb26e72ec160475f84451290e587408cb915ca4422e29797a3bda12e3b7c2,three_row_sha256,27020209a3eee62408108454096eed2b6bd810f131f0d2f7870c8eaf72b2787c,123ea5ce324bb82567913e1514a410f2bb582a6d8528a6ea98fbb2b74646f92c,a789b01b17129967eecd25421cde715dc938f6e3b95b30f735ff978f0882361e,0.22294302470982075,0.22507808171212673,0.22780406288802624,0.5533788353204727,0.14455989003181458,0.9298429358750582,0.060535967350006104,2.3641427978873253,0.0,0.0,10.258054127916694,637.2691437136382,2812.83426634036,131000,131000,589.1072495305888,,589.1072495305888,False,False,ok
BNCI2014_001,resampled_spectral_raw_rooted_s1,resampled,spectral,raw_rooted,8,1788,263,500,500,1.0,22,253,0.0004135453644835878,0.020335814822219144,6.776873590911982,0.6598161863376035,34.01838136623965,34.01838136623965,0.005316918181778499,3.1322350460467105,0.000273353303892528,0.00012335039983347751,0.0008554534215248179,6.614497176561441e-05,188.24073761048203,5.716247880429664,0.03017952124818757,0.09236224807369398,0.1459989447547685,36241,29538d514cad2c8d1bf1bfdb90c4beab178a6aeebe268a6174a509256e08cbfe,three_row_sha256,3784f411e579c96df1af9692c0bcc00ddce6f2e841590fa660e6f49d72cec1dc,123ea5ce324bb82567913e1514a410f2bb582a6d8528a6ea98fbb2b74646f92c,a789b01b17129967eecd25421cde715dc938f6e3b95b30f735ff978f0882361e,0.2675270661711693,0.22696377709507942,0.24123420007526875,0.6860201247036457,0.15594507567584515,0.6588860414922237,0.06507500074803829,2.3016512859612703,0.0,0.0,8.920100051909685,639.5707949995995,2821.7543663922697,131500,131500,589.1072495305888,,589.1072495305888,False,False,ok
BNCI2014_001,resampled_spectral_raw_rooted_s1,resampled,spectral,raw_rooted,8,1788,264,500,500,1.0,22,253,0.00039115695103084477,0.01977768821249958,6.780282391712666,0.6601480771297392,33.985192287026074,33.985192287026074,0.005238591333279011,3.0860921317627783,0.0002624995867882781,0.00011177973749540722,0.00076786623674038,6.493531050164795e-05,188.24073761048203,5.716247880429664,0.03017952124818757,0.09236224807369398,0.1459989447547685,36504,c8e5857e4f1c3b012bf4cedd5cd725da291bdfc308369ddc014f7c0415c743b8,three_row_sha256,233e5107a69d2a6174348ac48dc499984324fb09d0cef30a506669bb93fc1743,123ea5ce324bb82567913e1514a410f2bb582a6d8528a6ea98fbb2b74646f92c,a789b01b17129967eecd25421cde715dc938f6e3b95b30f735ff978f0882361e,0.21315296180546284,0.22151111625134945,0.22014020942151546,0.557339983060956,0.13120006769895554,0.9824908338487148,0.060342950746417046,2.386178122833371,0.0,0.0,8.298213128000498,641.9569731224328,2830.0525795202702,132000,132000,589.1072495305888,,589.1072495305888,False,False,ok
BNCI2014_001,resampled_spectral_raw_rooted_s1,resampled,spectral,raw_rooted,8,1788,265,500,500,1.0,22,253,0.00039498739521159876,0.01987428980395523,6.772762142733821,0.6594158837466157,34.05841162533842,34.05841162533842,0.005338561575644567,3.1449853262776575,0.00026134426252963827,0.00011433713717809862,0.0009005838061676415,5.720579847108838e-05,188.24073761048203,5.716247880429664,0.03017952124818757,0.09236224807369398,0.1459989447547685,36768,18850d78a083fba944fe107338c889e3785368bec51ddba25b0f2f8875d32772,three_row_sha256,e514217d74a8c780758f06c1f7c6a03c6766273cc780cf287bb487aa6bff0923,123ea5ce324bb82567913e1514a410f2bb582a6d8528a6ea98fbb2b74646f92c,a789b01b17129967eecd25421cde715dc938f6e3b95b30f735ff978f0882361e,0.2243479248136282,0.22577308118343353,0.22290600463747978,0.5589860957115889,0.13334001414477825,0.6899421568959951,0.05841720849275589,2.1137124858796597,0.0,0.0,9.292579954490066,644.0706856083125,2839.3451594747603,132500,132500,589.1072495305888,,589.1072495305888,False,False,ok
BNCI2014_001,resampled_spectral_raw_rooted_s1,resampled,spectral,raw_rooted,8,1788,266,500,500,1.0,22,253,0.00042952540214764265,0.020724994623585374,6.772999224023006,0.6594389666726853,34.05610333273147,34.05610333273147,0.005564510576594888,3.2780935207616855,0.0002725044948674275,0.00013119040506912467,0.0011940709160164474,6.962495360220326e-05,188.24073761048203,5.716247880429664,0.03017952124818757,0.09236224807369398,0.1459989447547685,37033,4ed251b2b75c2aa9b1d2a85cd9e2d724d0aec5f0cde8bfefe57ca235bade584d,three_row_sha256,97f5e9935eb6ecd4514464910e0ac2d893b42b011ae66150e67666de381a8b84,123ea5ce324bb82567913e1514a410f2bb582a6d8528a6ea98fbb2b74646f92c,a789b01b17129967eecd25421cde715dc938f6e3b95b30f735ff978f0882361e,0.21840096451342106,0.2219867892563343,0.2245139330625534,0.5537690594792366,0.13402383774518967,0.5982499569654465,0.06690691225230694,2.0178514532744884,0.0,0.0,8.569151861593127,646.088537061587,2847.9143113363534,133000,133000,589.1072495305888,,589.1072495305888,False,False,ok
BNCI2014_001,resampled_spectral_raw_rooted_s1,resampled,spectral,raw_rooted,8,1788,267,500,500,1.0,22,253,0.00039951890547424546,0.019987969018243085,6.764495490323848,0.6586110183475855,34.13889816524145,34.13889816524145,0.00526930058122412,3.1041831723548747,0.0002691396874387399,0.00011544660034162768,0.0007624512411301336,7.433409582232006e-05,188.240737610482,5.716247880429664,0.03017952124818757,0.09236224807369398,0.1459989447547685,37299,82a530c0767f81212b78245797a7402fee010a2aa88f8522a092ee0c5e4dbed9,three_row_sha256,3de10d54d826db2b82fe8103c0ad4d07f9cab31a600ebbcfeb184a467af6e2ee,123ea5ce324bb82567913e1514a410f2bb582a6d8528a6ea98fbb2b74646f92c,a789b01b17129967eecd25421cde715dc938f6e3b95b30f735ff978f0882361e,0.21624215878546238,0.22268109023571014,0.22176699712872505,0.5395389162003994,0.1399850007146597,1.1733078863471746,0.0617720652371645,2.575294114649296,0.0,0.0,9.058951865881681,648.6638311762363,2856.973263202235,133500,133500,589.1072495305888,,589.1072495305888,False,False,ok
BNCI2014_001,resampled_spectral_raw_rooted_s1,resampled,spectral,raw_rooted,8,1788,268,500,500,1.0,22,253,0.0004105828425237646,0.020262843890327058,6.763790820541963,0.6585424096415393,34.14575903584607,34.14575903584607,0.005305319109153077,3.125401948275243,0.00026716124069404426,0.00012345861365828015,0.0008472834655276219,5.8497640329154865e-05,188.24073761048203,5.716247880429664,0.03017952124818757,0.09236224807369398,0.1459989447547685,37566,047979b7e7cb73f4307e8d980b6fead5c6596b5f9f01ad884a2b84e72cfd2f0d,three_row_sha256,a20033bb5cc5e8bb5937b1b64f870943fdc96fb95f37b8fc1f87689daeeb5928,123ea5ce324bb82567913e1514a410f2bb582a6d8528a6ea98fbb2b74646f92c,a789b01b17129967eecd25421cde715dc938f6e3b95b30f735ff978f0882361e,0.2202950417995453,0.22328807972371578,0.22299285046756268,0.5513990763574839,0.13247085735201836,0.690035056322813,0.05936110392212868,2.0998420659452677,0.0,0.0,10.471562156453729,650.7636732421815,2867.444825358689,134000,134000,589.1072495305888,,589.1072495305888,False,False,ok
BNCI2014_001,resampled_spectral_raw_rooted_s1,resampled,spectral,raw_rooted,8,1788,269,500,500,1.0,22,253,0.00040474745374864505,0.020118336256973266,6.775022506929554,0.6596359593999912,34.03640406000088,34.03640406000088,0.00533206061077162,3.1411555607420607,0.000262568958703634,0.00012297229503159174,0.0008327531514199479,7.459603482239637e-05,188.24073761048203,5.716247880429664,0.03017952124818757,0.09236224807369398,0.1459989447547685,37834,7cac003c76371eb7bd201c82bb5af06cc90c508961d6a099a842d552d514de8d,three_row_sha256,d90a6d11e87a040f51f841961018b46ead45141fe75b13ef84283505d1b692b4,123ea5ce324bb82567913e1514a410f2bb582a6d8528a6ea98fbb2b74646f92c,a789b01b17129967eecd25421cde715dc938f6e3b95b30f735ff978f0882361e,0.24501699954271317,0.23384485393762589,0.235467916354537,0.5863301921635866,0.16022799536585808,0.7187619339674711,0.061472877860069275,2.241122769191861,0.0,0.0,8.504450786858797,653.0047960113734,2875.9492761455476,134500,134500,589.1072495305888,,589.1072495305888,False,False,ok
BNCI2014_001,resampled_spectral_raw_rooted_s1,resampled,spectral,raw_rooted,8,1788,270,500,500,1.0,22,253,0.0004023755932112501,0.02005930191236101,6.7593695270201515,0.6581119396038286,34.18880603961714,34.18880603961714,0.005238812100920409,3.086222187580787,0.0002686664699931555,0.00011892996367077848,0.000773353085680505,5.41407490777692e-05,188.24073761048203,5.716247880429664,0.03017952124818757,0.09236224807369398,0.1459989447547685,38103,3502d251bf035d84d8dfb297b394f9ea16dd95f1ec055e981f21e6a6c8d0971c,three_row_sha256,514336eb7d4bf8bf0ec0464e25047cf41d3f58be70176a2fc98bf9294a8ebfe4,123ea5ce324bb82567913e1514a410f2bb582a6d8528a6ea98fbb2b74646f92c,a789b01b17129967eecd25421cde715dc938f6e3b95b30f735ff978f0882361e,0.21827314049005508,0.23093190975487232,0.22304104641079903,0.5611211527138948,0.1471398863941431,0.6609829142689705,0.058780889958143234,2.100270939990878,0.0,0.0,9.341601049527526,655.1050669513643,2885.290877195075,135000,135000,589.1072495305888,,589.1072495305888,False,False,ok
BNCI2014_001,resampled_spectral_raw_rooted_s1,resampled,spectral,raw_rooted,8,1788,271,500,500,1.0,22,253,0.0004154408067166091,0.020382365091338374,6.768714037891294,0.6590217484476081,34.09782515523919,34.09782515523919,0.0054117358589074556,3.1880928270270297,0.000264065362172789,0.00012873785019269196,0.0009539296902428935,7.384453473829894e-05,188.24073761048203,5.716247880429664,0.03017952124818757,0.09236224807369398,0.1459989447547685,38373,a14c090d41acbb09b4981910858b9edf01c72bc1a7301f2c98dc4bf8449f7af8,three_row_sha256,13bfdbc68736c127929d8b5a4805b976c4cacf5f9bbaf759561be09763150f6c,123ea5ce324bb82567913e1514a410f2bb582a6d8528a6ea98fbb2b74646f92c,a789b01b17129967eecd25421cde715dc938f6e3b95b30f735ff978f0882361e,0.22466504015028477,0.22112787701189518,0.2209939993917942,0.5887621082365513,0.13074581511318684,0.6744400598108768,0.057371100410819054,2.118106000125408,0.0,0.0,8.949124021455646,657.2231729514897,2894.240001216531,135500,135500,589.1072495305888,,589.1072495305888,False,False,ok
BNCI2014_001,resampled_spectral_raw_rooted_s1,resampled,spectral,raw_rooted,8,1788,272,500,500,1.0,22,253,0.0004167374451707844,0.02041414816177213,6.76679037771623,0.6588344552801183,34.116554471988174,34.116554471988174,0.005354522979506027,3.1543883050051287,0.0002679029954350456,0.00012898211974621347,0.0008685213958902264,5.7719946035500745e-05,188.24073761048203,5.716247880429664,0.03017952124818757,0.09236224807369398,0.1459989447547685,38644,c79d860e892537ec91a2ccd6a0efb8aa54a17ec7b46438a24e1d90a88c4002c0,three_row_sha256,2818927220ef2843323ce8c0aa637e535ab5303e2f8cde29f1a4006ee76b8c4d,123ea5ce324bb82567913e1514a410f2bb582a6d8528a6ea98fbb2b74646f92c,a789b01b17129967eecd25421cde715dc938f6e3b95b30f735ff978f0882361e,0.21231314167380333,0.23112492635846138,0.2210990060120821,0.5401449743658304,0.13109901919960976,0.6684530526399612,0.057521043345332146,2.0617551635950804,0.0,0.0,8.55667912401259,659.2849281150848,2902.7966803405434,136000,136000,589.1072495305888,,589.1072495305888,False,False,ok
BNCI2014_001,resampled_spectral_raw_rooted_s1,resampled,spectral,raw_rooted,8,1788,273,500,500,1.0,22,253,0.00039341896563244486,0.019834791797053098,6.770198365168807,0.6591662668823092,34.08337331176909,34.08337331176909,0.005192421833519363,3.058893344747169,0.00026242355635776223,0.00011729688242915241,0.0006804446287415685,7.305718815150256e-05,188.240737610482,5.716247880429664,0.03017952124818757,0.09236224807369398,0.1459989447547685,38916,b383cbe4312a8274527daf6bba561284d03a02f88374c1168aefffdd01e6c1ea,three_row_sha256,5889db96d45466f1efab288bebbad8866e22a2425337b33466b6c3e9184a28ef,123ea5ce324bb82567913e1514a410f2bb582a6d8528a6ea98fbb2b74646f92c,a789b01b17129967eecd25421cde715dc938f6e3b95b30f735ff978f0882361e,0.22434210404753685,0.23201899603009224,0.22771302610635757,0.5604708567261696,0.13327808119356632,0.6709739100188017,0.06015202961862087,2.108949003741145,0.0,0.0,8.641152177006006,661.3938771188259,2911.4378325175494,136500,136500,589.1072495305888,,589.1072495305888,False,False,ok
BNCI2014_001,resampled_spectral_raw_rooted_s1,resampled,spectral,raw_rooted,8,1788,274,500,500,1.0,22,253,0.0003951467640736595,0.019878298822425915,6.773172228769271,0.6594558109195741,34.0544189080426,34.0544189080426,0.005252251108369703,3.0941392042956624,0.00026217336263625434,0.00011770458119696781,0.0007333819014960444,6.090806750619712e-05,188.240737610482,5.716247880429664,0.03017952124818757,0.09236224807369398,0.1459989447547685,39189,33d6e83f467e80c74df9d5845d87fd802b704b458902424ab8e5ce12acf5384d,three_row_sha256,7981dec1337be481c836a6b483eea03f8479aaec48805051417504179adde014,123ea5ce324bb82567913e1514a410f2bb582a6d8528a6ea98fbb2b74646f92c,a789b01b17129967eecd25421cde715dc938f6e3b95b30f735ff978f0882361e,0.28389692306518555,0.22774701938033104,0.2411738969385624,0.6812550127506256,0.1539359800517559,0.7539740763604641,0.06647803820669651,2.408460946753621,0.0,0.0,8.785983081907034,663.8023380655795,2920.2238155994564,137000,137000,589.1072495305888,,589.1072495305888,False,False,ok
BNCI2014_001,resampled_spectral_raw_rooted_s1,resampled,spectral,raw_rooted,8,1788,275,500,500,1.0,22,253,0.00039817392807365085,0.019954295980406093,6.7593547234601,0.6581104982860282,34.18895017139718,34.18895017139718,0.005394703315057926,3.1780588319673244,0.00026114706193793204,0.0001174534317023425,0.0009223729672457048,6.464618179897835e-05,188.24073761048203,5.716247880429665,0.03017952124818757,0.09236224807369398,0.1459989447547685,39463,660d0f54dab564d7efa424ba8cb80b72f545d7e9e01f4f68d953c74d1e602931,three_row_sha256,2e367d3be058e2568d08dd67fb70c58da9c6593ba79e895ea4b255715c9bf4f9,123ea5ce324bb82567913e1514a410f2bb582a6d8528a6ea98fbb2b74646f92c,a789b01b17129967eecd25421cde715dc938f6e3b95b30f735ff978f0882361e,0.2221090253442526,0.23229396902024746,0.22170296870172024,0.5625069607049227,0.1349099911749363,0.6358390673995018,0.057895900681614876,2.067257883027196,0.0,0.0,8.332834113389254,665.8695959486067,2928.5566497128457,137500,137500,589.1072495305888,,589.1072495305888,False,False,ok
BNCI2014_001,resampled_spectral_raw_rooted_s1,resampled,spectral,raw_rooted,8,1788,276,500,500,1.0,22,253,0.0003994174570144735,0.01998543111905454,6.718561839207631,0.654138784049943,34.58612159500571,34.58612159500571,0.005412260578089297,3.18840194290102,0.00025964513186416805,0.00011981815654500809,0.000919421789511922,6.349755077856745e-05,188.24073761048203,5.716247880429664,0.03017952124818757,0.09236224807369398,0.1459989447547685,39738,0fa011c49ddfb6b859d24b5440c8a67ee46d9768654e1eaa1085fd35758a97fa,three_row_sha256,45287f7543b93da23c664048b729bd4365a84e98340c5d39bebd1ab5162e5553,123ea5ce324bb82567913e1514a410f2bb582a6d8528a6ea98fbb2b74646f92c,a789b01b17129967eecd25421cde715dc938f6e3b95b30f735ff978f0882361e,0.21139904856681824,0.22087711840867996,0.22710184566676617,0.5453710909932852,0.13124896213412285,0.7420559413731098,0.05736015737056732,2.1354141645133495,0.0,0.0,8.815569104626775,668.0050101131201,2937.3722188174725,138000,138000,589.1072495305888,,589.1072495305888,False,False,ok
BNCI2014_001,resampled_spectral_raw_rooted_s1,resampled,spectral,raw_rooted,8,1788,277,500,500,1.0,22,253,0.0004061440811332904,0.020153016675755777,6.731316639234173,0.6553806285964161,34.461937140358394,34.461937140358394,0.0053221131612217415,3.1352954460978872,0.0002642283344024481,0.00012241236234577566,0.0008368541371304106,6.31452524256519e-05,188.240737610482,5.716247880429664,0.03017952124818757,0.09236224807369398,0.1459989447547685,40014,cb7720f4ae7e87cd321224252b3761b80843901cac61cce02752d68d36f80f64,three_row_sha256,8ec569aeaae14e691858c729328781a459246f86aa4a335945d23cf29532bc91,123ea5ce324bb82567913e1514a410f2bb582a6d8528a6ea98fbb2b74646f92c,a789b01b17129967eecd25421cde715dc938f6e3b95b30f735ff978f0882361e,0.24643586948513985,0.22304803133010864,0.22185989655554295,0.5464989226311445,0.13020006008446217,0.6709150038659573,0.05655200220644474,2.0955097861588,0.0,0.0,8.751862915232778,670.1005198992789,2946.1240817327052,138500,138500,589.1072495305888,,589.1072495305888,False,False,ok
BNCI2014_001,resampled_spectral_raw_rooted_s1,resampled,spectral,raw_rooted,8,1788,278,500,500,1.0,22,253,0.00037896060716052034,0.019466910570517356,6.758517598072542,0.6580289933157355,34.19710066842645,34.19710066842645,0.005188694969655045,3.0566978222266856,0.00025658421328539203,0.00010906606698355396,0.0006629019121716351,6.462847574942998e-05,188.240737610482,5.716247880429665,0.03017952124818757,0.09236224807369398,0.1459989447547685,40291,cad443eb5d60a0d9554558cd7111459b770c3ea45d142f03501b11e2968bfca2,three_row_sha256,498b6d2f8dc53da4eb5b89006988ff251309668ece2a86e06e6b900050f8a776,123ea5ce324bb82567913e1514a410f2bb582a6d8528a6ea98fbb2b74646f92c,a789b01b17129967eecd25421cde715dc938f6e3b95b30f735ff978f0882361e,0.23918109945952892,0.22456306032836437,0.2328711561858654,0.5839359946548939,0.13799103908240795,0.7314500398933887,0.06115087307989597,2.2111432626843452,0.0,0.0,9.518963983282447,672.3116631619632,2955.6430457159877,139000,139000,589.1072495305888,,589.1072495305888,False,False,ok
BNCI2014_001,resampled_spectral_raw_rooted_s1,resampled,spectral,raw_rooted,8,1788,279,500,500,1.0,22,253,0.0003976337318479369,0.0199407555485728,6.753244598998829,0.6575155987403896,34.24844012596104,34.24844012596104,0.005401066739214803,3.1818075712699785,0.00025905648602764144,0.00011788833936392332,0.0008713762322923482,6.257004757346027e-05,188.24073761048203,5.716247880429664,0.03017952124818757,0.09236224807369398,0.1459989447547685,40569,4ebd44e4ca80d63f766ad02a24c1e02816593e24f862f065104e54939d71588e,three_row_sha256,b5306aa6e86e5cfd81c6ea22aeeab438be6f0a2cb481f5f24c76072f6e8ef81e,123ea5ce324bb82567913e1514a410f2bb582a6d8528a6ea98fbb2b74646f92c,a789b01b17129967eecd25421cde715dc938f6e3b95b30f735ff978f0882361e,0.2231148537248373,0.2217309083789587,0.22185593843460083,0.5628201179206371,0.1330999657511711,0.6516440771520138,0.05889986641705036,2.073165727779269,0.0,0.0,9.045771090313792,674.3848288897425,2964.6888168063015,139500,139500,589.1072495305888,,589.1072495305888,False,False,ok
BNCI2014_001,resampled_spectral_raw_rooted_s1,resampled,spectral,raw_rooted,8,1788,280,500,500,1.0,22,253,0.0004012691373558258,0.020031703306404722,6.741221850081803,0.6563450288259138,34.365497117408616,34.365497117408616,0.005282749611324496,3.112106093486161,0.00027077678276028023,0.00011352608887033848,0.0007797145025828618,6.337016879762833e-05,188.24073761048203,5.716247880429664,0.03017952124818757,0.09236224807369398,0.1459989447547685,40848,301700a0a8feab551c9b4e36480bfb7b7b56a7e56cbee46832b82074776bd450,three_row_sha256,125f9afa5b7cbee967eb5f64397cc499a7104b946ac5cb90ff1f5ef3ed5abc59,123ea5ce324bb82567913e1514a410f2bb582a6d8528a6ea98fbb2b74646f92c,a789b01b17129967eecd25421cde715dc938f6e3b95b30f735ff978f0882361e,0.2680800389498472,0.2263148780912161,0.24673715233802795,0.6762000266462564,0.15511689707636833,0.6987149827182293,0.06820494309067726,2.3393689189106226,0.0,0.0,8.673518896102905,676.7241978086531,2973.3623357024044,140000,140000,589.1072495305888,,589.1072495305888,False,False,ok
BNCI2014_001,resampled_spectral_raw_rooted_s1,resampled,spectral,raw_rooted,8,1788,281,500,500,1.0,22,253,0.0004124500879686855,0.020308867225147874,6.744018570388196,0.6566173256752003,34.33826743247998,34.33826743247998,0.005447446982328852,3.209130508723456,0.00026452583003463894,0.00012622665541169397,0.0010532905748470676,4.819880453023749e-05,188.240737610482,5.716247880429665,0.03017952124818757,0.09236224807369398,0.1459989447547685,41128,cd92392c977fba8bc24bed5879b5f0711f26bc268150485c2988ee5c25668382,three_row_sha256,046fd2aeaf33ce6f15fdf0a0a77d378254e1281869a4a850b6d3e19ff4d7b0d7,123ea5ce324bb82567913e1514a410f2bb582a6d8528a6ea98fbb2b74646f92c,a789b01b17129967eecd25421cde715dc938f6e3b95b30f735ff978f0882361e,0.21611503325402737,0.22278609685599804,0.22144708782434464,0.5601230077445507,0.1321339514106512,0.7754939142614603,0.05720602348446846,2.1853051148355007,0.0,0.0,8.625171845778823,678.9095029234886,2981.987507548183,140500,140500,589.1072495305888,,589.1072495305888,False,False,ok
BNCI2014_001,resampled_spectral_raw_rooted_s1,resampled,spectral,raw_rooted,8,1788,282,500,500,1.0,22,253,0.00041359323137923616,0.020336991699345216,6.717786028627817,0.6540632488682362,34.59367511317638,34.59367511317638,0.005264190558879238,3.101172821146241,0.0002723755329700891,0.00012630037008103245,0.0007665242262027006,5.751958865452668e-05,188.24073761048203,5.716247880429664,0.03017952124818757,0.09236224807369398,0.1459989447547685,41409,48bf1a33e42e12fcc1a8416f9a4ddb03bfba946426a4f714b9673c0dddcba100,three_row_sha256,8e642d4fe8957855424b37b3a305aa6e9e294bf2204204d3b90d3c8329a85a66,123ea5ce324bb82567913e1514a410f2bb582a6d8528a6ea98fbb2b74646f92c,a789b01b17129967eecd25421cde715dc938f6e3b95b30f735ff978f0882361e,0.21583796478807926,0.22332300432026386,0.22239401005208492,0.552149023860693,0.1324489712715149,0.6383259315043688,0.05821208469569683,2.0426909904927015,0.0,0.0,8.058610139414668,680.9521939139813,2990.046117687598,141000,141000,589.1072495305888,,589.1072495305888,False,False,ok
BNCI2014_001,resampled_spectral_raw_rooted_s1,resampled,spectral,raw_rooted,8,1788,283,500,500,1.0,22,253,0.00041377539140799576,0.020341469745522218,6.735351388591546,0.6557734635664205,34.42265364335795,34.42265364335795,0.0053697884645164005,3.1633813128923403,0.00026751698573695536,0.00012502518172500136,0.0008739798628378257,7.085111373537908e-05,188.240737610482,5.716247880429664,0.03017952124818757,0.09236224807369398,0.1459989447547685,41691,426b71cc91a65539bfa59a5d3c6528291b6363c6736b5ecefda8fc6e81327c15,three_row_sha256,642edc60e1943e38c52997c73506e0a1f27d1759a9c482b67da947bc0a9f5463,123ea5ce324bb82567913e1514a410f2bb582a6d8528a6ea98fbb2b74646f92c,a789b01b17129967eecd25421cde715dc938f6e3b95b30f735ff978f0882361e,0.21345308050513268,0.22216606885194778,0.21957792341709137,0.5453219637274742,0.13665598817169666,0.6639980711042881,0.07782690227031708,2.078999998047948,0.0,0.0,8.142082020640373,683.0311939120293,2998.1881997082382,141500,141500,589.1072495305888,,589.1072495305888,False,False,ok
BNCI2014_001,resampled_spectral_raw_rooted_s1,resampled,spectral,raw_rooted,8,1788,284,500,500,1.0,22,253,0.0004072887330505172,0.02018139571611729,6.728540891814332,0.6551103737285591,34.4889626271441,34.4889626271441,0.005314965474934936,3.1310846922889595,0.0002663226420627378,0.0001223584411662093,0.0008040633526612945,6.500220798578892e-05,188.240737610482,5.716247880429664,0.03017952124818757,0.09236224807369398,0.1459989447547685,41974,ec5be754d230f79e018303a58571aaaadd670f031d08860a0b23a3ce422be374,three_row_sha256,2c6ba6d7a4a02167d551bf72145e9153ab8a66d55f7974ba41ac27a299b60131,123ea5ce324bb82567913e1514a410f2bb582a6d8528a6ea98fbb2b74646f92c,a789b01b17129967eecd25421cde715dc938f6e3b95b30f735ff978f0882361e,0.22228085435926914,0.22421893663704395,0.21923496387898922,0.5559141281992197,0.13160798698663712,0.7430948317050934,0.05709892138838768,2.15345062315464,0.0,0.0,8.406137116253376,685.1846445351839,3006.5943368244916,142000,142000,589.1072495305888,,589.1072495305888,False,False,ok
BNCI2014_001,resampled_spectral_raw_rooted_s1,resampled,spectral,raw_rooted,8,1788,285,500,500,1.0,22,253,0.00041383078747901376,0.020342831353550906,6.725895071349087,0.6548527689281016,34.514723107189845,34.514723107189845,0.00525000284672236,3.0928147370603707,0.00027072811917917567,0.0001253176067493702,0.0007790220343982628,7.727466463904919e-05,188.240737610482,5.716247880429664,0.03017952124818757,0.09236224807369398,0.1459989447547685,42258,4087b76d11ed781fe846ecee342852556a5963020e3a1ef15559c28bf2c6f17d,three_row_sha256,1cff79e418b7d4499042d61cdb7231dcf2f8f877d8d3ad4ff31451a50a5e4982,123ea5ce324bb82567913e1514a410f2bb582a6d8528a6ea98fbb2b74646f92c,a789b01b17129967eecd25421cde715dc938f6e3b95b30f735ff978f0882361e,0.22320915013551712,0.22282591089606285,0.23398501798510551,0.5479950923472643,0.1301201991736889,0.5939570255577564,0.057859113439917564,2.0099515095353127,0.0,0.0,8.79803579300642,687.1945960447192,3015.392372617498,142500,142500,589.1072495305888,,589.1072495305888,False,False,ok
BNCI2014_001,resampled_spectral_raw_rooted_s1,resampled,spectral,raw_rooted,8,1788,286,500,500,1.0,22,253,0.00040258249868630033,0.020064458594397715,6.7199371144163695,0.6542726848570366,34.57273151429634,34.57273151429634,0.005439130320478823,3.2042311029357093,0.0002635700041828969,0.00011776639777137757,0.0009640593335395774,5.9802524400737496e-05,188.24073761048203,5.716247880429664,0.03017952124818757,0.09236224807369398,0.1459989447547685,42543,ca5360e0a16ea13cea8c50028a8862a07959b9d369c4983312024d65cc85d4cf,three_row_sha256,909b83b4a6095cc259202a243ba966a3c5038ce0d063b38f01612bbf74a6c84c,123ea5ce324bb82567913e1514a410f2bb582a6d8528a6ea98fbb2b74646f92c,a789b01b17129967eecd25421cde715dc938f6e3b95b30f735ff978f0882361e,0.23565697483718395,0.2260149922221899,0.22561196237802505,0.547813018783927,0.1347989309579134,0.7708198390901089,0.07129390724003315,2.2120096255093813,0.0,0.0,9.619170101359487,689.4066056702286,3025.0115427188575,143000,143000,589.1072495305888,,589.1072495305888,False,False,ok
BNCI2014_001,resampled_spectral_raw_rooted_s1,resampled,spectral,raw_rooted,8,1788,287,500,500,1.0,22,253,0.00042184652545091653,0.020538902732398254,6.708833503069439,0.6531916048582401,34.680839514175986,34.680839514175986,0.005302378491990302,3.1236696093865577,0.0002773635351545944,0.00012684353012513202,0.0007833267227917787,7.287984817327964e-05,188.24073761048203,5.716247880429664,0.03017952124818757,0.09236224807369398,0.1459989447547685,42829,95b32cdcb0007410be3684e57788696aef5098825b8182e9102c2c13dd0de51c,three_row_sha256,b64db139602ab798f78e275a917e8f108bcc8cb422facbd83038c994671363eb,123ea5ce324bb82567913e1514a410f2bb582a6d8528a6ea98fbb2b74646f92c,a789b01b17129967eecd25421cde715dc938f6e3b95b30f735ff978f0882361e,0.25670998729765415,0.2235271967947483,0.22368389181792736,0.59465691447258,0.13484503142535686,0.65449601970613,0.05819997750222683,2.1461190190166235,0.0,0.0,9.013177827000618,691.5527246892452,3034.024720545858,143500,143500,589.1072495305888,,589.1072495305888,False,False,ok
BNCI2014_001,resampled_spectral_raw_rooted_s1,resampled,spectral,raw_rooted,8,1788,288,500,500,1.0,22,253,0.00039840888916193033,0.019960182593401554,6.704551280495071,0.652774675173753,34.7225324826247,34.7225324826247,0.005307611383323025,3.1267523436066704,0.0002596879661617717,0.00011957428383891907,0.0008348967814357556,6.262306149064074e-05,188.24073761048203,5.716247880429664,0.03017952124818757,0.09236224807369398,0.1459989447547685,43116,968a70a418e894c8504d3262e53bbc35b7637be8d8979e3446dae20d1dfd1f6d,three_row_sha256,ced0869e482fa7b18305e714aea700914551709150e1a4a28fd4260faca53ae8,123ea5ce324bb82567913e1514a410f2bb582a6d8528a6ea98fbb2b74646f92c,a789b01b17129967eecd25421cde715dc938f6e3b95b30f735ff978f0882361e,0.21185283549129963,0.22666901350021362,0.22062193602323532,0.5463589914143085,0.16246410086750984,0.7375020068138838,0.057925935834646225,2.163394819945097,0.0,0.0,8.151649963110685,693.7161195091903,3042.176370508969,144000,144000,589.1072495305888,,589.1072495305888,False,False,ok
BNCI2014_001,resampled_spectral_raw_rooted_s1,resampled,spectral,raw_rooted,8,1788,289,500,500,1.0,22,253,0.0003877453786675948,0.01969125132305194,6.7043553140929575,0.6527555953130535,34.72444046869465,34.72444046869465,0.005237600716124738,3.0855085520156864,0.00026121271150818194,0.00011186693639345413,0.0007090327900976267,5.377620498166835e-05,188.240737610482,5.716247880429664,0.03017952124818757,0.09236224807369398,0.1459989447547685,43404,d6e3aef265efa4ea7f044bb9a9b86f089e4f37d302f282b9181a14c74d7b5ded,three_row_sha256,13d4f89431cb642a6b70adfc8495cf4244f1fb05dd0b0fbba9fafc64ce3ab894,123ea5ce324bb82567913e1514a410f2bb582a6d8528a6ea98fbb2b74646f92c,a789b01b17129967eecd25421cde715dc938f6e3b95b30f735ff978f0882361e,0.24488498456776142,0.22165500558912754,0.22046687081456184,0.5764639936387539,0.13194209896028042,0.5946799647063017,0.059209996834397316,2.049302915111184,0.0,0.0,8.145006839185953,695.7654224243015,3050.321377348155,144500,144500,589.1072495305888,,589.1072495305888,False,False,ok
BNCI2014_001,resampled_spectral_raw_rooted_s1,resampled,spectral,raw_rooted,8,1788,290,500,500,1.0,22,253,0.0004111705939363529,0.020277341885374247,6.71772926017909,0.6540577217264295,34.59422782735705,34.59422782735705,0.00553379905045035,3.26000113806579,0.0002610503080377115,0.00012459581621864947,0.0010365833953666671,5.841347752501345e-05,188.240737610482,5.716247880429664,0.03017952124818757,0.09236224807369398,0.1459989447547685,43693,92984e3d0d2cdcdd8e4ada51eba1e3479e310114d7ba56b2bcae5cea793150fb,three_row_sha256,8ce2d6c40fb4f0b8d5581d7766e9699a3deb9c9ab48952f20f303260602f6561,123ea5ce324bb82567913e1514a410f2bb582a6d8528a6ea98fbb2b74646f92c,a789b01b17129967eecd25421cde715dc938f6e3b95b30f735ff978f0882361e,0.2111140638589859,0.2282741479575634,0.2213059924542904,0.5728118121623993,0.14863605611026287,0.6568289827555418,0.06703496910631657,2.10600602440536,0.0,0.0,8.218141971156001,697.8714284487069,3058.539519319311,145000,145000,589.1072495305888,,589.1072495305888,False,False,ok
BNCI2014_001,resampled_spectral_raw_rooted_s1,resampled,spectral,raw_rooted,8,1788,291,500,500,1.0,22,253,0.0003984181185601994,0.019960413787299087,6.717062289684202,0.6539927835329642,34.60072164670358,34.60072164670358,0.005336697575147831,3.1438872300719014,0.0002613613299316471,0.0001183687979360785,0.000884416705219083,5.498704133212842e-05,188.24073761048203,5.716247880429664,0.03017952124818757,0.09236224807369398,0.1459989447547685,43983,0af3f2c4962d2e8a5254db0b77feb12d33bb49b3f4bb13588d53a6fa7edc2e12,three_row_sha256,c68d04ce7393847d6c7e93d7daee5a9a1506f0e457d9b6dd24040d0be7a8066d,123ea5ce324bb82567913e1514a410f2bb582a6d8528a6ea98fbb2b74646f92c,a789b01b17129967eecd25421cde715dc938f6e3b95b30f735ff978f0882361e,0.22249994799494743,0.22212602198123932,0.22037490271031857,0.5648541264235973,0.13200496323406696,0.7557710632681847,0.060101039707660675,2.177732065320015,0.0,0.0,8.546294877305627,700.0491605140269,3067.0858141966164,145500,145500,589.1072495305888,,589.1072495305888,False,False,ok
BNCI2014_001,resampled_spectral_raw_rooted_s1,resampled,spectral,raw_rooted,8,1788,292,500,500,1.0,22,253,0.0003832068298907652,0.019575669334425456,6.712965647602557,0.6535939225067343,34.64060774932657,34.64060774932657,0.005199605251555603,3.0631251483887265,0.00025641218635470545,0.00011267613466426022,0.000717999300121553,5.6111450237992815e-05,188.240737610482,5.716247880429664,0.03017952124818757,0.09236224807369398,0.1459989447547685,44274,d246fb95a410d2d4876ecf4b217442fab3d1fd28bfb2b4dcd6d61928899605cb,three_row_sha256,885a326f2904e0c7faee019b086fcb19d63ab3f43dfb2d7d23a5e7d1eb7fa603,123ea5ce324bb82567913e1514a410f2bb582a6d8528a6ea98fbb2b74646f92c,a789b01b17129967eecd25421cde715dc938f6e3b95b30f735ff978f0882361e,0.26017194613814354,0.2228619996458292,0.2272571437060833,0.5868910811841488,0.13635610230267048,0.6338269449770451,0.05970802158117294,2.1270732395350933,0.0,0.0,10.879979003220797,702.176233753562,3077.965793199837,146000,146000,589.1072495305888,,589.1072495305888,False,False,ok
BNCI2014_001,resampled_spectral_raw_rooted_s1,resampled,spectral,raw_rooted,8,1788,293,500,500,1.0,22,253,0.0004104950301993688,0.020260676943265464,6.691206083544964,0.6514753478601445,34.852465213985546,34.852465213985546,0.005395606365875152,3.1785908257504465,0.00027300109362856474,0.00011876435683409187,0.0008912030691843754,7.331279091680119e-05,188.24073761048203,5.716247880429664,0.03017952124818757,0.09236224807369398,0.1459989447547685,44566,367c2f2bb159df317216da43e206d497f06efbc1285fb2fccdfa47846fe475e9,three_row_sha256,ab6b4734fafda5d25b2d245e26491695d5f2959215ade6c77e6996c158abb75f,123ea5ce324bb82567913e1514a410f2bb582a6d8528a6ea98fbb2b74646f92c,a789b01b17129967eecd25421cde715dc938f6e3b95b30f735ff978f0882361e,0.24039600975811481,0.2302380744367838,0.23217708803713322,0.5792758893221617,0.1668750774115324,0.7772250100970268,0.08620298467576504,2.3123901337385178,0.0,0.0,8.465745020657778,704.4886238873005,3086.431538220495,146500,146500,589.1072495305888,,589.1072495305888,False,False,ok
BNCI2014_001,resampled_spectral_raw_rooted_s1,resampled,spectral,raw_rooted,8,1788,294,500,500,1.0,22,253,0.00039275457295322034,0.019818036556460892,6.71784555332546,0.6540690443664796,34.593095563352044,34.593095563352044,0.0052392402891177125,3.0864744363519825,0.00026163379086971666,0.00011573722101064579,0.0007024333655418747,6.034939332009967e-05,188.240737610482,5.716247880429664,0.03017952124818757,0.09236224807369398,0.1459989447547685,44859,4f8a7dcf89982995ac0f112b815cb9ed5d23ac4a6079f1fcb07bfd677f03216a,three_row_sha256,4bd2a3ce06343269cce75cb640ae4736cc9196076a17fc254ac26df64a25be4a,123ea5ce324bb82567913e1514a410f2bb582a6d8528a6ea98fbb2b74646f92c,a789b01b17129967eecd25421cde715dc938f6e3b95b30f735ff978f0882361e,0.22693490609526634,0.22522802464663982,0.2284059301018715,0.5717701278626919,0.14107883907854557,0.6228049751371145,0.05762488581240177,2.0738476887345314,0.0,0.0,8.091327967122197,706.562471576035,3094.522866187617,147000,147000,589.1072495305888,,589.1072495305888,False,False,ok
BNCI2014_001,resampled_spectral_raw_rooted_s1,resampled,spectral,raw_rooted,8,1788,295,500,500,1.0,22,253,0.00040011784192297537,0.02000294583112636,6.696763439169804,0.6520164282190022,34.79835717809978,34.79835717809978,0.005324047655415525,3.13643507065162,0.000263974417112863,0.0001180229071835554,0.0008065381760486783,6.568268872935673e-05,188.240737610482,5.716247880429664,0.03017952124818757,0.09236224807369398,0.1459989447547685,45153,0e5ca561091255e9c9e8e0dae4339fe909c4ca1320939e13fbb95abed722a296,three_row_sha256,e4b692b6fb2f53e0d27714fcc0935ef496ac4af5b291575e3462b376657262d8,123ea5ce324bb82567913e1514a410f2bb582a6d8528a6ea98fbb2b74646f92c,a789b01b17129967eecd25421cde715dc938f6e3b95b30f735ff978f0882361e,0.23615011014044285,0.2217879518866539,0.22033508867025375,0.5758339539170265,0.13369903899729252,0.6127119995653629,0.05855388008058071,2.059072023257613,0.0,0.0,8.597058011218905,708.6215435992926,3103.119924198836,147500,147500,589.1072495305888,,589.1072495305888,False,False,ok
BNCI2014_001,resampled_spectral_raw_rooted_s1,resampled,spectral,raw_rooted,8,1788,296,500,500,1.0,22,253,0.00040798878545058497,0.020198732273352824,6.694625869693705,0.6518083082178201,34.81916917821799,34.81916917821799,0.005269877833828994,3.1045232360492157,0.00026910722426205433,0.00012248362899431006,0.0007872257841966295,5.767010441248862e-05,188.24073761048203,5.716247880429664,0.03017952124818757,0.09236224807369398,0.1459989447547685,45448,244a61e0aa32bcb2ee2e13f703cbc4fa02289f3ca1bae280eb14336c37d75cd6,three_row_sha256,fbf396beda321ecf38dcfccb5ad9757604912e7f3b9f7f0785134da43b2d9763,123ea5ce324bb82567913e1514a410f2bb582a6d8528a6ea98fbb2b74646f92c,a789b01b17129967eecd25421cde715dc938f6e3b95b30f735ff978f0882361e,0.22930186241865158,0.22270996123552322,0.22595119662582874,0.6010141223669052,0.1374129205942154,0.6655501201748848,0.06070500239729881,2.1426451858133078,0.0,0.0,8.284762967377901,710.764188785106,3111.404687166214,148000,148000,589.1072495305888,,589.1072495305888,False,False,ok
BNCI2014_001,resampled_spectral_raw_rooted_s1,resampled,spectral,raw_rooted,8,1788,297,500,500,1.0,22,253,0.00039564402936040854,0.01989080263238285,6.698148671096568,0.6521512984412144,34.78487015587856,34.78487015587856,0.005298059332411603,3.1211251611668667,0.0002621915396106565,0.00011750832290278647,0.0008194189584017602,7.10408946753977e-05,188.24073761048203,5.716247880429664,0.03017952124818757,0.09236224807369398,0.1459989447547685,45744,43d40c503ad9bf046421047b517292fdfc11d3c45557eb06967960954b85f445,three_row_sha256,c5c63237e69b85214bf5b65aae5a6f3f7df8945ca9f6bd626d48955174b3aa00,123ea5ce324bb82567913e1514a410f2bb582a6d8528a6ea98fbb2b74646f92c,a789b01b17129967eecd25421cde715dc938f6e3b95b30f735ff978f0882361e,0.21221092902123928,0.2223330084234476,0.22034905850887299,0.5496740341186523,0.16905390657484531,0.7529279682785273,0.07154606282711029,2.198094967752695,0.0,0.0,8.535428903996944,712.9622837528586,3119.940116070211,148500,148500,589.1072495305888,,589.1072495305888,False,False,ok
BNCI2014_001,resampled_spectral_raw_rooted_s1,resampled,spectral,raw_rooted,8,1788,298,500,500,1.0,22,253,0.0003925028433156083,0.019811684514841443,6.704977184921337,0.652816142471396,34.7183857528604,34.7183857528604,0.005339937699669779,3.1457960109171625,0.00025543916125001333,0.00011850794359585047,0.0008850248885710133,6.854705365940824e-05,188.24073761048203,5.716247880429664,0.03017952124818757,0.09236224807369398,0.1459989447547685,46041,09742733b62a99a4ffccb50ba7e4f91aa2fda1fe1623568a549e50d03ff9272e,three_row_sha256,6d87765ef006310a20da26bec5c93222e7318d39756546dd18a3a06dcfc7e54d,123ea5ce324bb82567913e1514a410f2bb582a6d8528a6ea98fbb2b74646f92c,a789b01b17129967eecd25421cde715dc938f6e3b95b30f735ff978f0882361e,0.21283095702528954,0.22332207299768925,0.21958490833640099,0.5443689879029989,0.14161784201860428,1.2206870596855879,0.059281010180711746,2.6216928381472826,0.0,0.0,10.865459917113185,715.5839765910059,3130.805575987324,149000,149000,589.1072495305888,,589.1072495305888,False,False,ok
BNCI2014_001,resampled_spectral_raw_rooted_s1,resampled,spectral,raw_rooted,8,1788,299,500,500,1.0,22,253,0.00040770904004044527,0.020191806259976974,6.676847985136923,0.650077401505153,34.9922598494847,34.9922598494847,0.005611081399007462,3.305528729861534,0.0002589572405710179,0.00012347318357835426,0.001214759382473998,5.19036903178536e-05,188.24073761048203,5.716247880429664,0.03017952124818757,0.09236224807369398,0.1459989447547685,46339,994a79dcc4fc6f186c00cde739339fd6c6647fc2055d723a1351db11f98bf0d8,three_row_sha256,cd5cd4f6e315059a8595b5d941c4fb8c93a2d8da2965a29f984141ebf294cb2a,123ea5ce324bb82567913e1514a410f2bb582a6d8528a6ea98fbb2b74646f92c,a789b01b17129967eecd25421cde715dc938f6e3b95b30f735ff978f0882361e,0.24931691586971283,0.22746692411601543,0.23620901629328728,0.5887800361961126,0.14611589722335339,0.6443739403039217,0.06202002987265587,2.154282759875059,0.0,0.0,8.961634943261743,717.738259350881,3139.767210930586,149500,149500,589.1072495305888,,589.1072495305888,False,False,ok
BNCI2014_001,resampled_spectral_raw_rooted_s1,resampled,spectral,raw_rooted,8,1788,300,500,500,1.0,22,253,0.00040270319417247446,0.020067466062571888,6.675613113080697,0.6499571707586557,35.004282924134436,35.004282924134436,0.005293190496790406,3.118256894805647,0.0002672534571388495,0.00011751345684622972,0.0007634671009801756,7.10251589347533e-05,188.240737610482,5.716247880429665,0.03017952124818757,0.09236224807369398,0.1459989447547685,46638,0f5cb462dd3d6232b0cf724801eef9336929092ebdfbd55f86a4ad0f8e93a73e,three_row_sha256,fb0e2035722cfea2773d408fa93526c59d04f2fee3715cb1c3e4a2516f2583d8,123ea5ce324bb82567913e1514a410f2bb582a6d8528a6ea98fbb2b74646f92c,a789b01b17129967eecd25421cde715dc938f6e3b95b30f735ff978f0882361e,0.2323351800441742,0.2246401272714138,0.23940904065966606,0.5790111608803272,0.13564503751695156,1.1239650193601847,0.06042094901204109,2.5954265147447586,0.0,0.0,9.212569100782275,720.3336858656257,3148.979780031368,150000,150000,589.1072495305888,,589.1072495305888,False,False,ok
BNCI2014_001,resampled_spectral_raw_rooted_s1,resampled,spectral,raw_rooted,8,1788,301,500,500,1.0,22,253,0.0004146672707306581,0.020363380631188383,6.666494581071257,0.6490693638762114,35.093063612378856,35.093063612378856,0.005315923258355713,3.13164892944562,0.0002698774059830772,0.00012503920293979487,0.0007906174714162437,6.05540612112787e-05,188.24073761048203,5.716247880429664,0.03017952124818757,0.09236224807369398,0.1459989447547685,46938,4f466c72e19b902d2fe8eb21bd838b6a22278efdfefbeb662b9545d45653c740,three_row_sha256,811b89516d0f5f9e08ef62d91242c85647286be8ef7af1772a3e594850a8befd,123ea5ce324bb82567913e1514a410f2bb582a6d8528a6ea98fbb2b74646f92c,a789b01b17129967eecd25421cde715dc938f6e3b95b30f735ff978f0882361e,0.21918094716966152,0.22148294374346733,0.2252720296382904,0.5598410498350859,0.131967943161726,0.4937569610774517,0.060069141909480095,1.911571016535163,0.0,0.0,8.81000398658216,722.2452568821609,3157.7897840179503,150500,150500,589.1072495305888,,589.1072495305888,False,False,ok
BNCI2014_001,resampled_spectral_raw_rooted_s1,resampled,spectral,raw_rooted,8,1788,302,500,500,1.0,22,253,0.00040019091705519884,0.020004772356995187,6.673816154877964,0.6497822136648823,35.02177863351177,35.02177863351177,0.005321965540459013,3.1352084816363828,0.00025936548126172026,0.00012133352267491428,0.0008180300798534448,6.765740095838954e-05,188.24073761048206,5.716247880429664,0.03017952124818757,0.09236224807369398,0.1459989447547685,47239,758b07e64c2e979dbb759dfe594358f6ff5e580e2a491baf984e6385c4ccc8fe,three_row_sha256,6863f82971f4bcda2698049d467bd24d20078f8d6bd8f39e1f433b98cf305124,123ea5ce324bb82567913e1514a410f2bb582a6d8528a6ea98fbb2b74646f92c,a789b01b17129967eecd25421cde715dc938f6e3b95b30f735ff978f0882361e,0.21741120144724846,0.22215303033590317,0.22133090533316135,0.5338171031326056,0.1631421037018299,0.7011301349848509,0.062301987782120705,2.12128646671772,0.0,0.0,9.39218606799841,724.3665433488786,3167.1819700859487,151000,151000,589.1072495305888,,589.1072495305888,False,False,ok
BNCI2014_001,resampled_spectral_raw_rooted_s1,resampled,spectral,raw_rooted,8,1788,303,500,500,1.0,22,253,0.0003708204062331451,0.019256697698025616,6.680948943369175,0.6504766827643996,34.95233172356004,34.95233172356004,0.005079675902468071,2.992473899409777,0.0002577108766327451,0.00010445590027766168,0.0006186895703442079,6.089470850843852e-05,188.24073761048203,5.716247880429664,0.03017952124818757,0.09236224807369398,0.1459989447547685,47541,a39c99199d7ed780ee25d36151f04237811d934edae94f610fdd98fe87921419,three_row_sha256,51a51e18e18e92cc5c1667c1819c78c082ea299e1773850b3e71c1df46d61b83,123ea5ce324bb82567913e1514a410f2bb582a6d8528a6ea98fbb2b74646f92c,a789b01b17129967eecd25421cde715dc938f6e3b95b30f735ff978f0882361e,0.2731860149651766,0.22230995818972588,0.22240588441491127,0.5513899959623814,0.13135606423020363,0.6154058501124382,0.05664885975420475,2.0727026276290417,0.0,0.0,8.289378136396408,726.4392459765077,3175.471348222345,151500,151500,589.1072495305888,,589.1072495305888,False,False,ok
BNCI2014_001,resampled_spectral_raw_rooted_s1,resampled,spectral,raw_rooted,8,1788,304,500,500,1.0,22,253,0.00039188412477444414,0.019796063365589738,6.675765648386296,0.6499720220410754,35.002797795892455,35.002797795892455,0.005238811140128023,3.086221621571027,0.00026254675615323367,0.000114305169992302,0.0007584949092387275,6.820572059663393e-05,188.24073761048206,5.716247880429664,0.03017952124818757,0.09236224807369398,0.1459989447547685,47844,d8d04cb9e35e06bb88656ed53141c19daff5d7f2b34dd371614e7d2f76f63823,three_row_sha256,4f2f96868d79b9d6107870826a24d5f8b29f91a42c210258f4476d5a42dd981f,123ea5ce324bb82567913e1514a410f2bb582a6d8528a6ea98fbb2b74646f92c,a789b01b17129967eecd25421cde715dc938f6e3b95b30f735ff978f0882361e,0.20840601064264774,0.22177491337060928,0.21950900554656982,0.5508388858288527,0.13552303425967693,0.7908931002020836,0.0581829808652401,2.18512793071568,0.0,0.0,8.308068150654435,728.6243739072233,3183.7794163729995,152000,152000,589.1072495305888,,589.1072495305888,False,False,ok
BNCI2014_001,resampled_spectral_raw_rooted_s1,resampled,spectral,raw_rooted,8,1788,305,500,500,1.0,22,253,0.0004045002319228764,0.02011219112684832,6.683306926997102,0.6507062629305269,34.92937370694731,34.92937370694731,0.005454302977127872,3.213169424962303,0.00025818189555723716,0.00012410444578275548,0.000920465715338337,6.533235583978229e-05,188.24073761048203,5.716247880429664,0.03017952124818757,0.09236224807369398,0.1459989447547685,48148,b7a3ad83e4ed88d1dade2fb5ca0728337ee0a0e651a73232b1c702ebcadb40e8,three_row_sha256,200276c619b03462d458e4116a78b2a20aa4db3e553663e5311d7b4912104ce8,123ea5ce324bb82567913e1514a410f2bb582a6d8528a6ea98fbb2b74646f92c,a789b01b17129967eecd25421cde715dc938f6e3b95b30f735ff978f0882361e,0.22696098312735558,0.22342801094055176,0.22480194456875324,0.5621500313282013,0.14362391084432602,0.7756347768008709,0.06788782775402069,2.2244874853640795,0.0,0.0,8.868703851476312,730.8488613925874,3192.648120224476,152500,152500,589.1072495305888,,589.1072495305888,False,False,ok
BNCI2014_001,resampled_spectral_raw_rooted_s1,resampled,spectral,raw_rooted,8,1788,306,500,500,1.0,22,253,0.0003823321999609944,0.019553316853183615,6.675657681792652,0.6499615100984939,35.00384899015061,35.00384899015061,0.005145401754886604,3.031193475551112,0.0002597747809905071,0.00011017800360526116,0.000650733249835101,7.350267623676438e-05,188.240737610482,5.716247880429664,0.03017952124818757,0.09236224807369398,0.1459989447547685,48453,8c2a8153960442ade7e819ce134178883357724f72826a9e23da0781b0a18a6e,three_row_sha256,091ea3ce36272fd0e533a3979202863ad6848f7e0ab21916b59746ad35fa05ea,123ea5ce324bb82567913e1514a410f2bb582a6d8528a6ea98fbb2b74646f92c,a789b01b17129967eecd25421cde715dc938f6e3b95b30f735ff978f0882361e,0.22693118080496788,0.22342102602124214,0.23536290973424911,0.5744530353695154,0.13499893248081207,0.7573910988867283,0.05948101170361042,2.2120391950011253,0.0,0.0,8.254803949967027,733.0609005875885,3200.902924174443,153000,153000,589.1072495305888,,589.1072495305888,False,False,ok
BNCI2014_001,resampled_spectral_raw_rooted_s1,resampled,spectral,raw_rooted,8,1788,307,500,500,1.0,22,253,0.00039614024779876167,0.019903272288715784,6.6968996158976,0.6520296867825561,34.797031321744385,34.797031321744385,0.005392977715523684,3.177042268771916,0.00026253809229383863,0.0001145471911354278,0.0009204523319053224,6.618700423137417e-05,188.24073761048203,5.716247880429664,0.03017952124818757,0.09236224807369398,0.1459989447547685,48759,ea74ac60a5adcc0fab8b047d2dd61f0306d33c210d6ff35672481d14b74c2d18,three_row_sha256,e33f2a5acc5dafb2ba44c234b0af41d3af2bf52635cb950b1b78c0c4982b7de5,123ea5ce324bb82567913e1514a410f2bb582a6d8528a6ea98fbb2b74646f92c,a789b01b17129967eecd25421cde715dc938f6e3b95b30f735ff978f0882361e,0.23127486929297447,0.22647297009825706,0.2272778656333685,0.5825439002364874,0.1400420442223549,0.7591580506414175,0.06156903691589832,2.228338737040758,0.0,0.0,9.144027018919587,735.2892393246293,3210.0469511933625,153500,153500,589.1072495305888,,589.1072495305888,False,False,ok
BNCI2014_001,resampled_spectral_raw_rooted_s1,resampled,spectral,raw_rooted,8,1788,308,500,500,1.0,22,253,0.0004044163975072847,0.020110106849723218,6.667178363448082,0.6491359389235557,35.08640610764442,35.08640610764442,0.005251866158102974,3.093912427302824,0.0002691953445755616,0.00012085524072059322,0.0007518803106864045,7.375783876086459e-05,188.24073761048203,5.716247880429664,0.03017952124818757,0.09236224807369398,0.1459989447547685,49066,49a6a2d61c5267486727e4808dbf66430ee796e187ec779c8af044a537258a6c,three_row_sha256,0faad0184e7511b5955c2a0fdd5d2dcdad45e58b258d963651fe8b56350a1f07,123ea5ce324bb82567913e1514a410f2bb582a6d8528a6ea98fbb2b74646f92c,a789b01b17129967eecd25421cde715dc938f6e3b95b30f735ff978f0882361e,0.22396817803382874,0.2234878484159708,0.22540194913744926,0.5597840063273907,0.13291090726852417,1.0217831004410982,0.06608502008020878,2.4534210097044706,0.0,0.0,8.829294936731458,737.7426603343338,3218.876246130094,154000,154000,589.1072495305888,,589.1072495305888,False,False,ok
BNCI2014_001,resampled_spectral_raw_rooted_s1,resampled,spectral,raw_rooted,8,1788,309,500,500,1.0,22,253,0.0004158724513895554,0.020392951022094753,6.673453714347553,0.6497469253973144,35.025307460268564,35.025307460268564,0.005390921274267869,3.175830804319881,0.0002689844803822647,0.00012416843396302268,0.0008772549020998899,8.449629058036303e-05,188.24073761048203,5.716247880429664,0.03017952124818757,0.09236224807369398,0.1459989447547685,49374,e58be9562eed1f4a5018cdacce7077f33c9725d63e6c3fba2521f4dce3561528,three_row_sha256,54975adfc709ff4c0a71f42676a177cf4ea12aa0c712eebd0afcd54145d06a04,123ea5ce324bb82567913e1514a410f2bb582a6d8528a6ea98fbb2b74646f92c,a789b01b17129967eecd25421cde715dc938f6e3b95b30f735ff978f0882361e,0.21504005417227745,0.2215809654444456,0.2223830670118332,0.5546959582716227,0.1335118431597948,1.0173730552196503,0.059759942814707756,2.4243448860943317,0.0,0.0,8.154093055054545,740.1670052204281,3227.0303391851485,154500,154500,589.1072495305888,,589.1072495305888,False,False,ok
BNCI2014_001,resampled_spectral_raw_rooted_s1,resampled,spectral,raw_rooted,8,1788,310,500,500,1.0,22,253,0.0004060952470759219,0.0201518050575109,6.690865119944323,0.6514421506491244,34.85578493508756,34.85578493508756,0.005338119725178689,3.1447250289649995,0.0002667705338344168,0.00012006722620017433,0.0008903823800927519,7.082877091720097e-05,188.24073761048206,5.716247880429664,0.03017952124818757,0.09236224807369398,0.1459989447547685,49683,d2d51aaeeb2433bb773f887e986ad7ec788471f328753346a47aea21f46cac8a,three_row_sha256,28494d6a1d4617d5c29bc19198ba9b4b7fef00efacca49b9d05a76e74a98ad40,123ea5ce324bb82567913e1514a410f2bb582a6d8528a6ea98fbb2b74646f92c,a789b01b17129967eecd25421cde715dc938f6e3b95b30f735ff978f0882361e,0.21636090241372585,0.223059905692935,0.22248015739023685,0.5700951442122459,0.13720011338591576,0.8207638747990131,0.06173085421323776,2.2516909521073103,0.0,0.0,8.69392091408372,742.4186961725354,3235.724260099232,155000,155000,589.1072495305888,,589.1072495305888,False,False,ok
BNCI2014_001,resampled_spectral_raw_rooted_s1,resampled,spectral,raw_rooted,8,1788,311,500,500,1.0,22,253,0.0004043864964112917,0.020109363401442912,6.7081028637208755,0.6531204676794083,34.687953232059165,34.687953232059165,0.005262112197264763,3.099948443252008,0.0002680626468302625,0.0001193969634035952,0.0007756275215579385,7.553924763383787e-05,188.24073761048203,5.716247880429664,0.03017952124818757,0.09236224807369398,0.1459989447547685,49993,563f9f57b93d1e70713b28494a2de8b5fe3b4082421aff54bc14343134c78c7c,three_row_sha256,685892cd983a2db7e74c888816d7c1dd61aea1825dd34a3d8dca55f16e3d8dc8,123ea5ce324bb82567913e1514a410f2bb582a6d8528a6ea98fbb2b74646f92c,a789b01b17129967eecd25421cde715dc938f6e3b95b30f735ff978f0882361e,0.21947501227259636,0.22237887606024742,0.2279910258948803,0.5718150641769171,0.13574305921792984,0.7021969649940729,0.058113131672143936,2.137713134288788,0.0,0.0,8.311406010761857,744.5564093068242,3244.035666109994,155500,155500,589.1072495305888,,589.1072495305888,False,False,ok
BNCI2014_001,resampled_spectral_raw_rooted_s1,resampled,spectral,raw_rooted,8,1788,312,500,500,1.0,22,253,0.000405084842480422,0.020126719615486822,6.689184724616938,0.6512785424570013,34.872145754299865,34.872145754299865,0.005393593325593694,3.1774049291270425,0.0002654166136698357,0.00012017589808400416,0.000959220791492845,6.686669543296812e-05,188.24073761048203,5.716247880429664,0.03017952124818757,0.09236224807369398,0.1459989447547685,50304,74394911f6d0d32a98e792d87b90ad430e44c26e052279ca1b5afa97d9c8405b,three_row_sha256,f333d1d588fd6529733e2cf92de1d912e8278e0b30971691a3c974b234b69f02,123ea5ce324bb82567913e1514a410f2bb582a6d8528a6ea98fbb2b74646f92c,a789b01b17129967eecd25421cde715dc938f6e3b95b30f735ff978f0882361e,0.21209008991718292,0.22154487669467926,0.2194980625063181,0.5412548780441284,0.1463450025767088,0.6959990132600069,0.05747796967625618,2.0942098926752806,0.0,0.0,8.5542150773108,746.6506191994995,3252.589881187305,156000,156000,589.1072495305888,,589.1072495305888,False,False,ok
BNCI2014_001,resampled_spectral_raw_rooted_s1,resampled,spectral,raw_rooted,8,1788,313,500,500,1.0,22,253,0.00041372429904259524,0.020340213839647684,6.68251859012374,0.6506295081523312,34.937049184766884,34.937049184766884,0.0053015863830403265,3.12320297226171,0.00027047988598150676,0.00012545477039450936,0.0008131633425051542,5.6578180010895695e-05,188.24073761048203,5.716247880429664,0.03017952124818757,0.09236224807369398,0.1459989447547685,50616,6fdf5ce1789b1ecb6a0bb7a5b289c3eee1c2a3dae4a82c0ea4f80f85eaaa70ff,three_row_sha256,fc461e3678c25f34cac5496ac8885ff2e450fc93dbd2ddc1e141c798f6e27bd5,123ea5ce324bb82567913e1514a410f2bb582a6d8528a6ea98fbb2b74646f92c,a789b01b17129967eecd25421cde715dc938f6e3b95b30f735ff978f0882361e,0.21966802887618542,0.22688694298267365,0.2255870494991541,0.5509448237717152,0.13524596579372883,0.6410160567611456,0.059829093515872955,2.0591779612004757,0.0,0.0,7.963998010382056,748.7097971607,3260.553879197687,156500,156500,589.1072495305888,,589.1072495305888,False,False,ok
BNCI2014_001,resampled_spectral_raw_rooted_s1,resampled,spectral,raw_rooted,8,1788,314,500,500,1.0,22,253,0.00040568856791586144,0.020141712139633547,6.668747655494772,0.6492887297760936,35.071127022390634,35.071127022390634,0.0053066582351319605,3.126190837097438,0.00026616132075297903,0.0001210594331735757,0.0008281965664999683,6.359142579428699e-05,188.24073761048203,5.716247880429664,0.03017952124818757,0.09236224807369398,0.1459989447547685,50929,9eae63c2e59bd6da16c49862153b43ec83a22a09322135eee0216ebfba464901,three_row_sha256,6887dfb619cf4255c6df048edc31f5fa5b89c7aa79b93a2b3dc781e05cb25e4c,123ea5ce324bb82567913e1514a410f2bb582a6d8528a6ea98fbb2b74646f92c,a789b01b17129967eecd25421cde715dc938f6e3b95b30f735ff978f0882361e,0.21166005171835423,0.22177118808031082,0.22111809812486172,0.5485019646584988,0.13232696801424026,0.6722609978169203,0.18542702309787273,2.193066291511059,0.0,0.0,9.03046503663063,750.902863452211,3269.5843442343175,157000,157000,589.1072495305888,,589.1072495305888,False,False,ok
BNCI2014_001,resampled_spectral_raw_rooted_s1,resampled,spectral,raw_rooted,8,1788,315,500,500,1.0,22,253,0.0004047540644041743,0.02011850055059209,6.6561604824095815,0.6480632058777315,35.19367941222685,35.19367941222685,0.005438049895400028,3.2035946166892164,0.00026100008061954186,0.00012151781817330808,0.0009958827866147447,7.474097080440028e-05,188.24073761048203,5.716247880429664,0.03017952124818757,0.09236224807369398,0.1459989447547685,51243,e8993c776afe1e735a098b674b18e0786d1effd8a8155184d0670181604cf9b2,three_row_sha256,21a2fe37bda0bfc114c5407eff645625c314cf6baa0704f74faaa60037e2e7a0,123ea5ce324bb82567913e1514a410f2bb582a6d8528a6ea98fbb2b74646f92c,a789b01b17129967eecd25421cde715dc938f6e3b95b30f735ff978f0882361e,0.2141469158232212,0.22115488536655903,0.22006896324455738,0.5504980217665434,0.13211602345108986,0.6516571156680584,0.058582983911037445,2.0482249092310667,0.0,0.0,8.601065957918763,752.9510883614421,3278.1854101922363,157500,157500,589.1072495305888,,589.1072495305888,False,False,ok
BNCI2014_001,resampled_spectral_raw_rooted_s1,resampled,spectral,raw_rooted,8,1788,316,500,500,1.0,22,253,0.0004004888869012368,0.02001221844027385,6.646766332058124,0.6471485639893106,35.28514360106893,35.28514360106893,0.005292480182810842,3.117838443690843,0.0002648916852983393,0.00011703481617604812,0.000826603818955638,5.889898404670363e-05,188.24073761048203,5.716247880429664,0.03017952124818757,0.09236224807369398,0.1459989447547685,51558,f13e4c2eb97d1571e1f7c35f57c819c42e92f3eaae0130d2f713b2f0f0f9ac64,three_row_sha256,b79772ab5b9f6644526ec8066cd8030563665a17e88569c71043d23450cbaf39,123ea5ce324bb82567913e1514a410f2bb582a6d8528a6ea98fbb2b74646f92c,a789b01b17129967eecd25421cde715dc938f6e3b95b30f735ff978f0882361e,0.20916596986353397,0.22085709497332573,0.21851412020623684,0.5358380731195211,0.13934611342847347,0.6352579221129417,0.05597597919404507,2.014955272898078,0.0,0.0,11.003929888829589,754.9660436343402,3289.189340081066,158000,158000,589.1072495305888,,589.1072495305888,False,False,ok
BNCI2014_001,resampled_spectral_raw_rooted_s1,resampled,spectral,raw_rooted,8,1788,317,500,500,1.0,22,253,0.0004007995944551269,0.020019979881486568,6.668406796171338,0.6492555427178065,35.074445728219345,35.074445728219345,0.0053543788311033085,3.154303386136079,0.0002622358899968632,0.00011751912280172923,0.0008906653949823183,7.27356525681275e-05,188.24073761048203,5.716247880429665,0.03017952124818757,0.09236224807369398,0.1459989447547685,51874,29ae23550351c93e82ef0fe6733e3c532cac66d3d4a6ededf2b7eda28606d4a5,three_row_sha256,fc2cb569359ac07a584ba605d7f238f3361dac8e94ae9ad1c7a7b9860331451d,123ea5ce324bb82567913e1514a410f2bb582a6d8528a6ea98fbb2b74646f92c,a789b01b17129967eecd25421cde715dc938f6e3b95b30f735ff978f0882361e,0.24033105000853539,0.22326619364321232,0.2313579898327589,0.5671719554811716,0.13695796951651573,0.7924179080873728,0.05919812247157097,2.2507011890411377,0.0,0.0,8.373569929972291,757.2167448233813,3297.562910011038,158500,158500,589.1072495305888,,589.1072495305888,False,False,ok
BNCI2014_001,resampled_spectral_raw_rooted_s1,resampled,spectral,raw_rooted,8,1788,318,500,500,1.0,22,253,0.0003852957859276697,0.019628952746585073,6.661284882937356,0.6485621324650648,35.14378675349352,35.14378675349352,0.005398344598248499,3.1802039382924847,0.0002516466588148539,0.00011387238291439584,0.0008830092466800181,8.141446842279489e-05,188.24073761048203,5.716247880429665,0.03017952124818757,0.09236224807369398,0.1459989447547685,52191,9b99a31f5da1aacac13f936c69d10d1bb48307b3bb20b086829dd402c175ac41,three_row_sha256,327263797ce44315a84870b56cb34af218827d97807972a3b987e926438a84f0,123ea5ce324bb82567913e1514a410f2bb582a6d8528a6ea98fbb2b74646f92c,a789b01b17129967eecd25421cde715dc938f6e3b95b30f735ff978f0882361e,0.20985491573810577,0.21979212760925293,0.21763495169579983,0.5425820127129555,0.1310741063207388,0.6442449521273375,0.06432295776903629,2.0295060239732265,0.0,0.0,8.158039068803191,759.2462508473545,3305.7209490798414,159000,159000,589.1072495305888,,589.1072495305888,False,False,ok
BNCI2014_001,resampled_spectral_raw_rooted_s1,resampled,spectral,raw_rooted,8,1788,319,500,500,1.0,22,253,0.0004183770526913422,0.020454267346726018,6.6680014227022735,0.6492160743740618,35.07839256259382,35.07839256259382,0.005367591875699472,3.16208728649605,0.0002739941680373125,0.00012538091208578054,0.0008266138566641521,5.705678420311e-05,188.240737610482,5.716247880429664,0.03017952124818757,0.09236224807369398,0.1459989447547685,52509,ec98ecb0476ead637b55eb8f684c60d7c0a0199c7fcc98c1adcd88f4372a7d28,three_row_sha256,4f42b94076e3560fd0e01ef8f31a35420a72fbf95b520b5d3a502123462393f5,123ea5ce324bb82567913e1514a410f2bb582a6d8528a6ea98fbb2b74646f92c,a789b01b17129967eecd25421cde715dc938f6e3b95b30f735ff978f0882361e,0.20785396918654442,0.21968595683574677,0.21866895258426666,0.5378639325499535,0.1306601334363222,0.6404051091521978,0.05578203126788139,2.0109200850129128,0.0,0.0,7.829447975382209,761.2571709323674,3313.5503970552236,159500,159500,589.1072495305888,,589.1072495305888,False,False,ok
BNCI2014_001,resampled_spectral_raw_rooted_s1,resampled,spectral,raw_rooted,8,1788,320,500,500,1.0,22,253,0.00042324662145002247,0.020572958500177423,6.649251127694216,0.6473904909425643,35.26095090574356,35.26095090574356,0.00540623656241491,3.1848531515959526,0.00027170206336753677,0.00012980721878887608,0.0009348291477889283,5.838612183067018e-05,188.24073761048203,5.716247880429664,0.03017952124818757,0.09236224807369398,0.1459989447547685,52828,92a1e4d807f8cdf61b0a301270f28805ca8edfc5a0acc599c01ea168c32de3c3,three_row_sha256,dc8883e2e538e5aaa823fcd57abeba3bf3de37090d30bfb498c4409cb5d0d422,123ea5ce324bb82567913e1514a410f2bb582a6d8528a6ea98fbb2b74646f92c,a789b01b17129967eecd25421cde715dc938f6e3b95b30f735ff978f0882361e,0.20646187476813793,0.2194349654018879,0.21744496189057827,0.5337069742381573,0.1304340548813343,0.6236459594219923,0.05610007792711258,1.9872288685292006,0.0,0.0,8.476577000692487,763.2443998008966,3322.026974055916,160000,160000,589.1072495305888,,589.1072495305888,False,False,ok
BNCI2014_001,resampled_spectral_raw_rooted_s1,resampled,spectral,raw_rooted,8,1788,321,500,500,1.0,22,253,0.00041329019619871653,0.020329539989845234,6.651499601538351,0.6476094089166146,35.23905910833854,35.23905910833854,0.005408253883328223,3.186041569970615,0.00026550391943510774,0.00012434577340497742,0.0008850623770778224,7.11520304982297e-05,188.24073761048203,5.716247880429664,0.03017952124818757,0.09236224807369398,0.1459989447547685,53148,3059f9fad8567340e05acedf32f2a438791ca5ada97b2e1dcf582cc1c48c5815,three_row_sha256,9f6dd43a61d972c7e94923a82f5662647ddbf2f68559167704afdc2fa1ffae2f,123ea5ce324bb82567913e1514a410f2bb582a6d8528a6ea98fbb2b74646f92c,a789b01b17129967eecd25421cde715dc938f6e3b95b30f735ff978f0882361e,0.2023479901254177,0.21881493739783764,0.21771015599370003,0.5325949750840664,0.13071810826659203,0.6128819659352303,0.05649705417454243,1.9715651869773865,0.0,0.0,8.773841196671128,765.215964987874,3330.800815252587,160500,160500,589.1072495305888,,589.1072495305888,False,False,ok
BNCI2014_001,resampled_spectral_raw_rooted_s1,resampled,spectral,raw_rooted,8,1788,322,500,500,1.0,22,253,0.00040396841789786355,0.020098965592732963,6.657731229552174,0.6482161384026521,35.178386159734785,35.178386159734785,0.005406309087745633,3.1848958767940556,0.00026176265461809597,0.00012048423548325233,0.0009123260165970202,5.565544524332673e-05,188.24073761048203,5.716247880429664,0.03017952124818757,0.09236224807369398,0.1459989447547685,53469,64ae79e0a0e90cb3402b0fe02c08d9ddf79917cb139e6fd19748cf20d963d637,three_row_sha256,66eebce3366f88ad04e56c012b8520a25372ef53ea9a62aeefbb97d27ef59874,123ea5ce324bb82567913e1514a410f2bb582a6d8528a6ea98fbb2b74646f92c,a789b01b17129967eecd25421cde715dc938f6e3b95b30f735ff978f0882361e,0.20948401652276516,0.22021797485649586,0.2205569762736559,0.537258805707097,0.13009784743189812,0.6430409848690033,0.05838391371071339,2.0190405193716288,0.0,0.0,9.427495067939162,767.2350055072457,3340.2283103205264,161000,161000,589.1072495305888,,589.1072495305888,False,False,ok
BNCI2014_001,resampled_spectral_raw_rooted_s1,resampled,spectral,raw_rooted,8,1788,323,500,500,1.0,22,253,0.0003752972704260568,0.019372590699905285,6.657534271494584,0.648196961991482,35.1803038008518,35.1803038008518,0.005253589554220261,3.09492769244933,0.0002525697147491593,0.00010924183293639173,0.0007430000539457599,6.456277332692655e-05,188.240737610482,5.716247880429664,0.03017952124818757,0.09236224807369398,0.1459989447547685,53791,9be89846248e68b826656ced0078d11a2e5574b91f1cc7f983a177cc0600a1f2,three_row_sha256,170248cb59ec72760926da1979f99045602043af705cb4b9d9069f939886bc0e,123ea5ce324bb82567913e1514a410f2bb582a6d8528a6ea98fbb2b74646f92c,a789b01b17129967eecd25421cde715dc938f6e3b95b30f735ff978f0882361e,0.28033601120114326,0.22645993158221245,0.24607987143099308,0.6841069553047419,0.15483004972338676,0.6660709623247385,0.06328406743705273,2.3211678490042686,0.0,0.0,8.534975117072463,769.5561733562499,3348.763285437599,161500,161500,589.1072495305888,,589.1072495305888,False,False,ok
BNCI2014_001,resampled_spectral_raw_rooted_s1,resampled,spectral,raw_rooted,8,1788,324,500,500,1.0,22,253,0.00036938296249564684,0.01921933824291687,6.654998933414172,0.6479501140783768,35.204988592162316,35.204988592162316,0.005130540896839866,3.022438836341534,0.0002532365375366026,0.00010560640495432094,0.0006300712841436128,5.4368446950469885e-05,188.240737610482,5.716247880429664,0.03017952124818757,0.09236224807369398,0.1459989447547685,54114,e463e3db6f194e7d13f61f8994bcf006997a4fce31a0e109ce921d5da73e8cec,three_row_sha256,6b59790931a781446bcffbf5fba2be8ad1aff3b9ced462dc39330e2058e81233,123ea5ce324bb82567913e1514a410f2bb582a6d8528a6ea98fbb2b74646f92c,a789b01b17129967eecd25421cde715dc938f6e3b95b30f735ff978f0882361e,0.23018592037260532,0.22549997083842754,0.23949495516717434,0.5839879158884287,0.1346732024103403,1.0489290580153465,0.06635789759457111,2.529128920286894,0.0,0.0,8.153700968250632,772.0853022765368,3356.9169864058495,162000,162000,589.1072495305888,,589.1072495305888,False,False,ok
BNCI2014_001,resampled_spectral_raw_rooted_s1,resampled,spectral,raw_rooted,8,1788,325,500,500,1.0,22,253,0.00041767015368840464,0.020436980053041218,6.673543820574195,0.6497556984024517,35.024430159754836,35.024430159754836,0.005307749104480779,3.1268334761391174,0.00026929168611117873,0.0001284972612981116,0.0008095486136608917,5.68078871204248e-05,188.24073761048203,5.716247880429664,0.03017952124818757,0.09236224807369398,0.1459989447547685,54438,7a7b0d1d0144adc96dd909f1cc7de12582a8145b708a34ea6af4939c78124a3b,three_row_sha256,a6ddb2932d8eab64308c268b97831f6de210463404601014e13146bdf0125871,123ea5ce324bb82567913e1514a410f2bb582a6d8528a6ea98fbb2b74646f92c,a789b01b17129967eecd25421cde715dc938f6e3b95b30f735ff978f0882361e,0.26066508144140244,0.22394093684852123,0.24433317594230175,0.5957861430943012,0.13461895287036896,0.6231230217963457,0.061298953369259834,2.143766265362501,0.0,0.0,8.670187089592218,774.2290685418993,3365.5871734954417,162500,162500,589.1072495305888,,589.1072495305888,False,False,ok
BNCI2014_001,resampled_spectral_raw_rooted_s1,resampled,spectral,raw_rooted,8,1788,326,500,500,1.0,22,253,0.00039486296143901407,0.019871159036126053,6.683163804077143,0.6506923280654364,34.93076719345636,34.93076719345636,0.005236176758547089,3.08466968828367,0.00026336413261933146,0.00011562661849889664,0.0007234458981273469,7.456070800597694e-05,188.24073761048203,5.716247880429664,0.03017952124818757,0.09236224807369398,0.1459989447547685,54763,d526c309b1222ee2d103e87472c886396e14be9e8aab44896b96687b959c36ad,three_row_sha256,d975e8f31dedf7774af69c6056df932e488a8ab6c9430e44e2ffadf84f0ca77f,123ea5ce324bb82567913e1514a410f2bb582a6d8528a6ea98fbb2b74646f92c,a789b01b17129967eecd25421cde715dc938f6e3b95b30f735ff978f0882361e,0.23397407494485378,0.22357399575412273,0.226170988753438,0.5793850868940353,0.13657915405929089,0.9156749583780766,0.06195111200213432,2.3773093707859516,0.0,0.0,8.714016992598772,776.6063779126853,3374.3011904880404,163000,163000,589.1072495305888,,589.1072495305888,False,False,ok
BNCI2014_001,resampled_spectral_raw_rooted_s1,resampled,spectral,raw_rooted,8,1788,327,500,500,1.0,22,253,0.00039295151571236474,0.01982300470948753,6.670239591714636,0.6494339890396233,35.05660109603767,35.05660109603767,0.0052851815706072515,3.113538778330195,0.0002615855033737578,0.00011490553453823922,0.0007547255073721611,7.656239310190476e-05,188.240737610482,5.716247880429664,0.03017952124818757,0.09236224807369398,0.1459989447547685,55089,9c50ca57f148d6c0bd62ccbcf3707eac91211fba7cde8100ef3b55bbded6dab7,three_row_sha256,9d4dc6f249709dceb44f18e5a9f3ff354f61460f84a4c9cbc0b9471071378084,123ea5ce324bb82567913e1514a410f2bb582a6d8528a6ea98fbb2b74646f92c,a789b01b17129967eecd25421cde715dc938f6e3b95b30f735ff978f0882361e,0.22514211013913155,0.22301706485450268,0.22526690736413002,0.5646918434649706,0.13471604324877262,0.9725249838083982,0.05975784733891487,2.4051168002188206,0.0,0.0,8.241501869633794,779.0114947129041,3382.5426923576742,163500,163500,589.1072495305888,,589.1072495305888,False,False,ok
BNCI2014_001,resampled_spectral_raw_rooted_s1,resampled,spectral,raw_rooted,8,1788,328,500,500,1.0,22,253,0.00039141499579416347,0.019784210770060137,6.6629651180799,0.6487257250611242,35.12742749388758,35.12742749388758,0.005202546891594828,3.0648580898613433,0.0002649683894120825,0.0001146807174027232,0.0007062654488470819,5.054368953078319e-05,188.24073761048203,5.716247880429665,0.03017952124818757,0.09236224807369398,0.1459989447547685,55416,81cbc981cce6d258a6a30bb1f8a2fed7aba3237b8e3ae61f723dea73f486b50c,three_row_sha256,90f77d94870d49b07a49cb1d9500bcbfd33c9a26014ca486d2d7352cb72ce508,123ea5ce324bb82567913e1514a410f2bb582a6d8528a6ea98fbb2b74646f92c,a789b01b17129967eecd25421cde715dc938f6e3b95b30f735ff978f0882361e,0.21603098139166832,0.2256198786199093,0.2202470786869526,0.5495368968695402,0.13217609375715256,0.8131279610097408,0.058548059314489365,2.215286949649453,0.0,0.0,11.047819163650274,781.2267816625535,3393.5905115213245,164000,164000,589.1072495305888,,589.1072495305888,False,False,ok
BNCI2014_001,resampled_spectral_raw_rooted_s1,resampled,spectral,raw_rooted,8,1788,329,500,500,1.0,22,253,0.0004072958811043362,0.02018157281047085,6.663888943909281,0.648815671439407,35.1184328560593,35.1184328560593,0.005280011362407179,3.1104929711979503,0.0002683037030051727,0.00012161268046880094,0.000764050956498423,7.196452894035825e-05,188.240737610482,5.716247880429664,0.03017952124818757,0.09236224807369398,0.1459989447547685,55744,3ba3b1ee4334ddadc93b1bedec369a234ce8f93932db639e77cfa970903d3fee,three_row_sha256,253e7e6a016be7f8fa7876c92bc5f224fce5bd12eede38b87d70b1a9375390a1,123ea5ce324bb82567913e1514a410f2bb582a6d8528a6ea98fbb2b74646f92c,a789b01b17129967eecd25421cde715dc938f6e3b95b30f735ff978f0882361e,0.24478603154420853,0.22525107488036156,0.24105398915708065,0.5878291558474302,0.13926695100963116,0.5983449518680573,0.062363920733332634,2.098896075040102,0.0,0.0,8.253767853602767,783.3256777375937,3401.8442793749273,164500,164500,589.1072495305888,,589.1072495305888,False,False,ok
BNCI2014_001,resampled_spectral_raw_rooted_s1,resampled,spectral,raw_rooted,8,1788,330,500,500,1.0,22,253,0.0003876869063878779,0.0196897665396997,6.667748308287095,0.6491914304160641,35.08085695839359,35.08085695839359,0.005188691643898702,3.056695862999514,0.00026393740407123405,0.00011088301674871892,0.0006920366103929482,6.17293797955578e-05,188.24073761048203,5.716247880429664,0.03017952124818757,0.09236224807369398,0.1459989447547685,56073,ee974c1433bfd2dd548b59296a3567813889ac9a98f28f01af4c31b9c29843a6,three_row_sha256,3c7c023e5e9142f89370733e03bb2b61a92bca10722513d0a1be8860f0cd3d4c,123ea5ce324bb82567913e1514a410f2bb582a6d8528a6ea98fbb2b74646f92c,a789b01b17129967eecd25421cde715dc938f6e3b95b30f735ff978f0882361e,0.21279905922710896,0.22105593234300613,0.2199891023337841,0.5384969990700483,0.13006501831114292,0.9349128231406212,0.06667408160865307,2.3239930160343647,0.0,0.0,8.417845936492085,785.649670753628,3410.2621253114194,165000,165000,589.1072495305888,,589.1072495305888,False,False,ok
BNCI2014_001,resampled_spectral_raw_rooted_s1,resampled,spectral,raw_rooted,8,1788,331,500,500,1.0,22,253,0.0003994363896397343,0.019985904774108533,6.668745451060065,0.6492885151458985,35.071148485410156,35.071148485410156,0.005265416308805964,3.1018949193141867,0.00026502433334737394,0.00011790217608283769,0.0007307016280445103,6.737159890691839e-05,188.240737610482,5.716247880429664,0.03017952124818757,0.09236224807369398,0.1459989447547685,56403,d36ef1ce9408c6a2ce0c4e9ed6ad7876e8a41b8d0457151e5bd37792f7392351,three_row_sha256,af85fe618a5788a66359bdb599ecd501df6466729ea41b054254a7cbfab67f6e,123ea5ce324bb82567913e1514a410f2bb582a6d8528a6ea98fbb2b74646f92c,a789b01b17129967eecd25421cde715dc938f6e3b95b30f735ff978f0882361e,0.21636509336531162,0.22166315466165543,0.22178585641086102,0.5420129746198654,0.13199308887124062,1.3028238900005817,0.06246613338589668,2.6991101913154125,0.0,0.0,8.692432893440127,788.3487809449434,3418.9545582048595,165500,165500,589.1072495305888,,589.1072495305888,False,False,ok
BNCI2014_001,resampled_spectral_raw_rooted_s1,resampled,spectral,raw_rooted,8,1788,332,500,500,1.0,22,253,0.00038794886260307956,0.019696417506822897,6.654239787447516,0.6478762014120311,35.2123798587969,35.2123798587969,0.005181770596632673,3.0526186238807522,0.00026231462456138024,0.00011335006841286282,0.0007185945494572038,6.237195865103512e-05,188.24073761048203,5.716247880429664,0.03017952124818757,0.09236224807369398,0.1459989447547685,56734,7801b765b4af8fa26cbc67609193915dd39537b78c3bcca2d260e8c5291e1e08,three_row_sha256,e8732015a9c9b9c6360c09d5b2fc66743c69b349e10ad0c6a3286525534fbf7d,123ea5ce324bb82567913e1514a410f2bb582a6d8528a6ea98fbb2b74646f92c,a789b01b17129967eecd25421cde715dc938f6e3b95b30f735ff978f0882361e,0.22990815341472626,0.22128992713987827,0.2235989086329937,0.5591469816863537,0.13162801042199135,0.9566100779920816,0.059443991631269455,2.3816260509192944,0.0,0.0,8.865304989740252,790.7304069958627,3427.8198631945997,166000,166000,589.1072495305888,,589.1072495305888,False,False,ok
BNCI2014_001,resampled_spectral_raw_rooted_s1,resampled,spectral,raw_rooted,8,1788,333,500,500,1.0,22,253,0.0003801247974624152,0.019496789414219336,6.658285499156204,0.6482701037085454,35.172989629145455,35.172989629145455,0.005202110937863346,3.064601266357667,0.00025648024301985783,0.00011068047700877213,0.000698972294281552,6.510783336456118e-05,188.240737610482,5.716247880429664,0.03017952124818757,0.09236224807369398,0.1459989447547685,57066,4c17d94cf3543692845cd11a56a967e8f16248af7a1a28cf2e82360c94b4a8bc,three_row_sha256,935df28e908b52cb15ab10e642eccc76e3cf7b018783d8bb370b40e1d8774c25,123ea5ce324bb82567913e1514a410f2bb582a6d8528a6ea98fbb2b74646f92c,a789b01b17129967eecd25421cde715dc938f6e3b95b30f735ff978f0882361e,0.2168598584830761,0.2222538460046053,0.22177398204803467,0.5547818727791309,0.14304905198514462,1.5351709444075823,0.08452893234789371,2.9784184880554676,0.0,0.0,8.813018910586834,793.7088254839182,3436.6328821051866,166500,166500,589.1072495305888,,589.1072495305888,False,False,ok
BNCI2014_001,resampled_spectral_raw_rooted_s1,resampled,spectral,raw_rooted,8,1788,334,500,500,1.0,22,253,0.00039250811758141175,0.019811817624372875,6.656357004232122,0.6480823398157844,35.19176601842156,35.19176601842156,0.0053796701984049075,3.169202713963992,0.0002609563318509098,0.00011238609865193783,0.0008628476803343925,5.930467895224213e-05,188.24073761048203,5.716247880429664,0.03017952124818757,0.09236224807369398,0.1459989447547685,57399,7fe023f71d422c12dc057c481e6ef91ca88b6b5df3f9c53a15cd0c9f69300bc3,three_row_sha256,967f9d5dec5c172426caea1f2af6a6d7499878fbc0b8438c8c1a6c4a10833d8d,123ea5ce324bb82567913e1514a410f2bb582a6d8528a6ea98fbb2b74646f92c,a789b01b17129967eecd25421cde715dc938f6e3b95b30f735ff978f0882361e,0.2935929223895073,0.2334460150450468,0.24312897585332394,0.7393849082291126,0.1564091071486473,0.67295809276402,0.07074791938066483,2.4096679408103228,0.0,0.0,9.16480296291411,796.1184934247285,3445.7976850681007,167000,167000,589.1072495305888,,589.1072495305888,False,False,ok
BNCI2014_001,resampled_spectral_raw_rooted_s1,resampled,spectral,raw_rooted,8,1788,335,500,500,1.0,22,253,0.00038776952869721984,0.019691864530745173,6.643087916382996,0.6467904227063181,35.32095772936818,35.32095772936818,0.005223821382381022,3.0773910466135623,0.000262593375803029,0.00011170173529285311,0.0006972095753375962,6.233920973701e-05,188.240737610482,5.716247880429665,0.03017952124818757,0.09236224807369398,0.1459989447547685,57733,5164a62ab8c253c46c63d74843de5aae6bb895ded1c0de95082eaeeb84411271,three_row_sha256,2a9bb21182c087ea1bd6bae977851e8e73fac4e1c95d2cf13116ebecacb61725,123ea5ce324bb82567913e1514a410f2bb582a6d8528a6ea98fbb2b74646f92c,a789b01b17129967eecd25421cde715dc938f6e3b95b30f735ff978f0882361e,0.22263801656663418,0.22171507589519024,0.22272090427577496,0.5625120829790831,0.13398099690675735,0.6145290099084377,0.05822605453431606,2.0363221410661936,0.0,0.0,8.039513137191534,798.1548155657947,3453.837198205292,167500,167500,589.1072495305888,,589.1072495305888,False,False,ok
BNCI2014_001,resampled_spectral_raw_rooted_s1,resampled,spectral,raw_rooted,8,1788,336,500,500,1.0,22,253,0.00039932241984260683,0.01998305331631297,6.63257417731223,0.6457667743934553,35.42332256065446,35.42332256065446,0.005279509127655872,3.110197101064989,0.0002582851064855524,0.0001223439565533647,0.0007775936050983959,4.437158451280675e-05,188.240737610482,5.716247880429664,0.03017952124818757,0.09236224807369398,0.1459989447547685,58068,948269d4dcfa4aee8e9aba3eb8237c5061af75ec522608e75b0eb8711f8aebe6,three_row_sha256,c6e3745193e5f3ea0216373f672884e7076a57a2a3af4a74ff82d22bd2e57e09,123ea5ce324bb82567913e1514a410f2bb582a6d8528a6ea98fbb2b74646f92c,a789b01b17129967eecd25421cde715dc938f6e3b95b30f735ff978f0882361e,0.21964800544083118,0.21965103223919868,0.2219050657004118,0.5541860591620207,0.1324368640780449,0.9251220617443323,0.0585080124437809,2.3314571008086205,0.0,0.0,8.40708613395691,800.4862726666033,3462.244284339249,168000,168000,589.1072495305888,,589.1072495305888,False,False,ok
BNCI2014_001,resampled_spectral_raw_rooted_s1,resampled,spectral,raw_rooted,8,1788,337,500,500,1.0,22,253,0.0004045763553217073,0.020114083506879137,6.629798640051104,0.645496539987264,35.4503460012736,35.4503460012736,0.0054290802867816,3.198310555226649,0.0002631375402726587,0.00011934155707264154,0.0009881873153529314,6.45972264996701e-05,188.24073761048203,5.716247880429664,0.03017952124818757,0.09236224807369398,0.1459989447547685,58404,92422b759945783ca1d496a04df4cb91a81ec0257de3098801e53df403c65c2d,three_row_sha256,fb24b878fe02183db97fd852bd6e0b3e1402f3d26331030f03b7e69d23bdb0a2,123ea5ce324bb82567913e1514a410f2bb582a6d8528a6ea98fbb2b74646f92c,a789b01b17129967eecd25421cde715dc938f6e3b95b30f735ff978f0882361e,0.22277794778347015,0.22001494653522968,0.220815883949399,0.5403121467679739,0.1316817943006754,0.5878731608390808,0.05717598833143711,1.980651868507266,0.0,0.0,8.430215995758772,802.4669245351106,3470.674500335008,168500,168500,589.1072495305888,,589.1072495305888,False,False,ok
BNCI2014_001,resampled_spectral_raw_rooted_s1,resampled,spectral,raw_rooted,8,1788,338,500,500,1.0,22,253,0.0004173557545902927,0.02042928668823982,6.639161805746182,0.6464081651191329,35.359183488086714,35.359183488086714,0.0053743791789049875,3.1660857360191814,0.0002717587068457229,0.00012394916285035933,0.0008458506689444913,7.376172776488589e-05,188.24073761048203,5.716247880429664,0.03017952124818757,0.09236224807369398,0.1459989447547685,58741,7064fc8b3c5b8ae41a6117fac8f46b03d3f35329e3f35df6e12a078f12a755aa,three_row_sha256,9d30e155e4e62ce5f2757146208f55d679bbcad803dbcc7157c6830a0481d914,123ea5ce324bb82567913e1514a410f2bb582a6d8528a6ea98fbb2b74646f92c,a789b01b17129967eecd25421cde715dc938f6e3b95b30f735ff978f0882361e,0.21370290778577328,0.21953205578029156,0.22000307217240334,0.5453710909932852,0.1320068258792162,0.9731368627399206,0.058403005823493004,2.362155821174383,0.0,0.0,8.063652087002993,804.829080356285,3478.738152422011,169000,169000,589.1072495305888,,589.1072495305888,False,False,ok
BNCI2014_001,resampled_spectral_raw_rooted_s1,resampled,spectral,raw_rooted,8,1788,339,500,500,1.0,22,253,0.00040522505969141934,0.020130202673878356,6.63027841003773,0.6455432517930323,35.44567482069677,35.44567482069677,0.005322742346997176,3.135666103999497,0.0002659849945896232,0.00012109899534003549,0.0008401168225083517,6.095959254451835e-05,188.24073761048203,5.716247880429664,0.03017952124818757,0.09236224807369398,0.1459989447547685,59079,082762c1f1d8903e02b0b5eadbf221cf3153383952a4b379bacc7d8a8c44a8ba,three_row_sha256,b2de3841c3e017f6d011980e9631e9a8ee87ccba698a092014f25778f9a8e51f,123ea5ce324bb82567913e1514a410f2bb582a6d8528a6ea98fbb2b74646f92c,a789b01b17129967eecd25421cde715dc938f6e3b95b30f735ff978f0882361e,0.2209970261901617,0.22787298075854778,0.2237609587609768,0.54937694221735,0.1327351201325655,0.9941221214830875,0.06060604937374592,2.4094711989164352,0.0,0.0,7.964238058775663,807.2385515552014,3486.7023904807866,169500,169500,589.1072495305888,,589.1072495305888,False,False,ok
BNCI2014_001,resampled_spectral_raw_rooted_s1,resampled,spectral,raw_rooted,8,1788,340,500,500,1.0,22,253,0.0003969371672540035,0.019923282040216254,6.616581417351417,0.644209672620079,35.5790327379921,35.5790327379921,0.005358574342080619,3.1567749920682973,0.0002615178685479462,0.00011703394809071508,0.0008196675280857076,7.779244861223618e-05,188.240737610482,5.716247880429664,0.03017952124818757,0.09236224807369398,0.1459989447547685,59418,95e2a26d566f5cb5a38b27f4c3e54acd0d10ddfcfcb54ab72788e2ff541db014,three_row_sha256,64860c2d5d353a965f17b012426bbab133c77df2ce8703b8f6594d74795e38ac,123ea5ce324bb82567913e1514a410f2bb582a6d8528a6ea98fbb2b74646f92c,a789b01b17129967eecd25421cde715dc938f6e3b95b30f735ff978f0882361e,0.4157980438321829,0.23310305550694466,0.24868594482541084,0.6684968248009682,0.16098120249807835,0.689217122271657,0.06860611028969288,2.4848883040249348,0.0,0.0,9.084603050723672,809.7234398592263,3495.7869935315102,170000,170000,589.1072495305888,,589.1072495305888,False,False,ok
BNCI2014_001,resampled_spectral_raw_rooted_s1,resampled,spectral,raw_rooted,8,1788,341,500,500,1.0,22,253,0.0003865345872432127,0.01966048288428371,6.616053475752998,0.6441582706856317,35.584172931436825,35.584172931436825,0.005394195793356561,3.177759847253756,0.0002504313467516115,0.00011576013932995591,0.0009066738364012121,5.416499941043012e-05,188.24073761048203,5.716247880429664,0.03017952124818757,0.09236224807369398,0.1459989447547685,59758,50126556093781b4eced57f402d7ea9ee99e07255bebf3847b8cb1304e2b4270,three_row_sha256,4a4cbba4118e517d117a06dda215a26f593568115c6d2bef2e375172f413df2d,123ea5ce324bb82567913e1514a410f2bb582a6d8528a6ea98fbb2b74646f92c,a789b01b17129967eecd25421cde715dc938f6e3b95b30f735ff978f0882361e,0.23141596466302872,0.22169016301631927,0.22198189981281757,0.5630748346447945,0.13424293138086796,0.8924799039959908,0.06628502160310745,2.331170719116926,0.0,0.0,7.936788024380803,812.0546105783433,3503.723781555891,170500,170500,589.1072495305888,,589.1072495305888,False,False,ok
BNCI2014_001,resampled_spectral_raw_rooted_s1,resampled,spectral,raw_rooted,8,1788,342,500,500,1.0,22,253,0.0004012210478153039,0.02003050293465703,6.644327872438064,0.6469111484457769,35.30888515542231,35.30888515542231,0.005210514901449134,3.0695521022308467,0.0002680313873956493,0.00011922268187021252,0.0007180396633705109,5.100463215497712e-05,188.24073761048203,5.716247880429664,0.03017952124818757,0.09236224807369398,0.1459989447547685,60099,fc137a58f8f0e079f525f038e831c235ba47e5e6590f4f2c751e9426d9e4f68c,three_row_sha256,a1cd186ec330fcdd5eaaec0c12eba2da12a0c53c0ed2f39a14b314b41ebffae4,123ea5ce324bb82567913e1514a410f2bb582a6d8528a6ea98fbb2b74646f92c,a789b01b17129967eecd25421cde715dc938f6e3b95b30f735ff978f0882361e,0.22894400171935558,0.22411998361349106,0.22878102026879787,0.5776069592684507,0.137049937620759,1.1050968896597624,0.06019813008606434,2.561796922236681,0.0,0.0,8.388821966946125,814.61640750058,3512.112603522837,171000,171000,589.1072495305888,,589.1072495305888,False,False,ok
BNCI2014_001,resampled_spectral_raw_rooted_s1,resampled,spectral,raw_rooted,8,1788,343,500,500,1.0,22,253,0.00040328762464654836,0.02008202242421187,6.66170758369896,0.6486032878445687,35.13967121554314,35.13967121554314,0.005330697445981723,3.140352510482027,0.0002662384048250098,0.0001182368351283709,0.0008278697477693624,6.295949987332766e-05,188.240737610482,5.716247880429664,0.03017952124818757,0.09236224807369398,0.1459989447547685,60441,c33914dae68250f6ba6e866277cdcb1cfe173d4b13af1e54fe2016217d9d1379,three_row_sha256,0a8e0672c66ec0b948dcc43f9284b3b46bf851963c07a1abf3bf711d15f9d7f7,123ea5ce324bb82567913e1514a410f2bb582a6d8528a6ea98fbb2b74646f92c,a789b01b17129967eecd25421cde715dc938f6e3b95b30f735ff978f0882361e,0.2219418529421091,0.22361893206834793,0.23120990954339504,0.5626189522445202,0.1343351323157549,0.9850549977272749,0.05970406346023083,2.418483840301633,0.0,0.0,8.866769960150123,817.0348913408816,3520.9793734829873,171500,171500,589.1072495305888,,589.1072495305888,False,False,ok
BNCI2014_001,resampled_spectral_raw_rooted_s1,resampled,spectral,raw_rooted,8,1788,344,500,500,1.0,22,253,0.00040705772006275655,0.020175671489761043,6.6485962137873225,0.6473267266136848,35.26732733863152,35.26732733863152,0.005338749133089363,3.145095817728089,0.0002666340180237286,0.00012078723037095293,0.0008981377135833732,6.376510372857778e-05,188.240737610482,5.716247880429664,0.03017952124818757,0.09236224807369398,0.1459989447547685,60784,e73ca11c78614244bfaf0d3fefd97183addc31d4ed3bcee97a23cddefe1be440,three_row_sha256,e37c1b510bcfd879e5d7b0f4dc502c85d590cc1950ca2d5bacb3b937e2052707,123ea5ce324bb82567913e1514a410f2bb582a6d8528a6ea98fbb2b74646f92c,a789b01b17129967eecd25421cde715dc938f6e3b95b30f735ff978f0882361e,0.22789090871810913,0.22395304404199123,0.22476911544799805,0.5623111501336098,0.13447809033095837,1.0104349348694086,0.06260909140110016,2.4464463349431753,0.0,0.0,8.26757401227951,819.4813376758248,3529.246947495267,172000,172000,589.1072495305888,,589.1072495305888,False,False,ok
BNCI2014_001,resampled_spectral_raw_rooted_s1,resampled,spectral,raw_rooted,8,1788,345,500,500,1.0,22,253,0.0003892663675091897,0.019729834452148595,6.626738749606613,0.6451986201254559,35.4801379874544,35.4801379874544,0.005269733296046002,3.1044380877934246,0.0002627981225546675,0.00011125307698207096,0.000773100566621319,7.31589328249594e-05,188.240737610482,5.716247880429664,0.03017952124818757,0.09236224807369398,0.1459989447547685,61128,530657cf02f4cea85038433f4f82417931d7a131293686855fad2d7f5d83d8e9,three_row_sha256,58650a41624a5dc4a25b37c8fda8c9985a394d373f13f0c9da61553d183903c1,123ea5ce324bb82567913e1514a410f2bb582a6d8528a6ea98fbb2b74646f92c,a789b01b17129967eecd25421cde715dc938f6e3b95b30f735ff978f0882361e,0.2209900412708521,0.22979523055255413,0.2238219603896141,0.5583739839494228,0.13502594083547592,1.012932974845171,0.060613034293055534,2.4415531661361456,0.0,0.0,8.897207910194993,821.9228908419609,3538.144155405462,172500,172500,589.1072495305888,,589.1072495305888,False,False,ok
BNCI2014_001,resampled_spectral_raw_rooted_s1,resampled,spectral,raw_rooted,8,1788,346,500,500,1.0,22,253,0.00040640523337279405,0.020159494868989006,6.653018128723893,0.6477572571541497,35.22427428458503,35.22427428458503,0.005252122375369038,3.094063366751716,0.0002679203357770561,0.00012290597192994793,0.0008081650082265142,6.80546258310648e-05,188.240737610482,5.716247880429664,0.03017952124818757,0.09236224807369398,0.1459989447547685,61473,2e955526655149e6d4645c18262f17de8d07c5c5299c64752467ffc919e3ca68,three_row_sha256,fe741ec6e81f22bafa1d9d56561af19b56a92dbcc96c9f5670c80408484940fc,123ea5ce324bb82567913e1514a410f2bb582a6d8528a6ea98fbb2b74646f92c,a789b01b17129967eecd25421cde715dc938f6e3b95b30f735ff978f0882361e,0.2852689940482378,0.2282201312482357,0.24500489234924316,0.6787017919123173,0.15345588326454163,0.6275479681789875,0.06617396138608456,2.2843736223876476,0.0,0.0,7.878734963014722,824.2072644643486,3546.0228903684765,173000,173000,589.1072495305888,,589.1072495305888,False,False,ok
BNCI2014_001,resampled_spectral_raw_rooted_s1,resampled,spectral,raw_rooted,8,1788,347,500,500,1.0,22,253,0.0003920628572427153,0.0198005771946859,6.648585380580703,0.6473256718610793,35.26743281389207,35.26743281389207,0.00528978810747524,3.1162525225943574,0.00026459056684351113,0.00011150100178691392,0.0007754199078499797,7.145884449363091e-05,188.240737610482,5.716247880429664,0.03017952124818757,0.09236224807369398,0.1459989447547685,61819,fc28e55ad4dc28d918e8d94e50fa7d3af37be338ad993bc2cf248dc08603ad4f,three_row_sha256,b75f4636dded756156e4ab9aae2218a96ed08983c4e5b76e6c0265266e7bab29,123ea5ce324bb82567913e1514a410f2bb582a6d8528a6ea98fbb2b74646f92c,a789b01b17129967eecd25421cde715dc938f6e3b95b30f735ff978f0882361e,0.2287218812853098,0.22301916033029556,0.22299285046756268,0.5736651364713907,0.1353919506072998,0.6027370691299438,0.07013999857008457,2.056668046861887,0.0,0.0,9.76232998073101,826.2639325112104,3555.7852203492075,173500,173500,589.1072495305888,,589.1072495305888,False,False,ok
BNCI2014_001,resampled_spectral_raw_rooted_s1,resampled,spectral,raw_rooted,8,1788,348,500,500,1.0,22,253,0.000396615272891722,0.01991520205500617,6.658630587119421,0.6483037024795402,35.169629752045985,35.169629752045985,0.005377406775296133,3.167869315001858,0.0002570710216622844,0.00011943370452825584,0.0009132066379760901,7.027608020740681e-05,188.24073761048203,5.716247880429664,0.03017952124818757,0.09236224807369398,0.1459989447547685,62166,f1726d37e46fbc15823482e5e028b1048ba1e4686822075d7af5135d5fe9f8e0,three_row_sha256,ab674695487f8b906657b185ce63d6ab35718c1e370f773bce227a720e060424,123ea5ce324bb82567913e1514a410f2bb582a6d8528a6ea98fbb2b74646f92c,a789b01b17129967eecd25421cde715dc938f6e3b95b30f735ff978f0882361e,0.27569313533604145,0.22535701282322407,0.23791799321770668,0.5985600873827934,0.1395579893141985,0.6219029892235994,0.06153201684355736,2.160521224141121,0.0,0.0,8.629014017060399,828.4244537353516,3564.414234366268,174000,174000,589.1072495305888,,589.1072495305888,False,False,ok
BNCI2014_001,resampled_spectral_raw_rooted_s1,resampled,spectral,raw_rooted,8,1788,349,500,500,1.0,22,253,0.00043589692300604965,0.020878144625565982,6.660260826410651,0.648462427333638,35.153757266636205,35.153757266636205,0.005382901416469848,3.1711062479508625,0.00027270155334832016,0.00013885611214314828,0.0008806452311843896,6.2957582500537e-05,188.24073761048203,5.716247880429664,0.03017952124818757,0.09236224807369398,0.1459989447547685,62514,9bd7ea4dde3172866a4dc22364e093baab2391f74e4e62eb2938f96d46382ce1,three_row_sha256,e390ef64d25f83f787a736c6fe2bcd3673030e0e244931ea61b1c2c8139be949,123ea5ce324bb82567913e1514a410f2bb582a6d8528a6ea98fbb2b74646f92c,a789b01b17129967eecd25421cde715dc938f6e3b95b30f735ff978f0882361e,0.2314508892595768,0.2223420888185501,0.2240198664367199,0.575230922549963,0.13413792476058006,0.7518851198256016,0.06061885505914688,2.1996856667101383,0.0,0.0,8.16738698631525,830.6241394020617,3572.581621352583,174500,174500,589.1072495305888,,589.1072495305888,False,False,ok
BNCI2014_001,resampled_spectral_raw_rooted_s1,resampled,spectral,raw_rooted,8,1788,350,500,500,1.0,22,253,0.0004088218435639145,0.020219343301994614,6.654066783735327,0.647859357265823,35.214064273417705,35.214064273417705,0.005240303639267065,3.087100863633755,0.0002726049793786727,0.00012158232733760658,0.0007535335594170411,5.310664981302301e-05,188.24073761048206,5.716247880429664,0.03017952124818757,0.09236224807369398,0.1459989447547685,62863,65779fc66880338c3d19a8da30a314c515422134651e35f3fff06804d25d1b94,three_row_sha256,6e51c4d92e795688ccfb8fb416fa390f805b9a15294a4524781a749171eb64de,123ea5ce324bb82567913e1514a410f2bb582a6d8528a6ea98fbb2b74646f92c,a789b01b17129967eecd25421cde715dc938f6e3b95b30f735ff978f0882361e,0.21586916409432888,0.22449297830462456,0.225819181650877,0.5564098246395588,0.1638159155845642,0.8941211272031069,0.06110919639468193,2.3416373878717422,0.0,0.0,8.799452101811767,832.9657767899334,3581.381073454395,175000,175000,589.1072495305888,,589.1072495305888,False,False,ok
BNCI2014_001,resampled_spectral_raw_rooted_s1,resampled,spectral,raw_rooted,8,1788,351,500,500,1.0,22,253,0.0004021743857393383,0.020054285969321826,6.650399513932795,0.6475023011775078,35.24976988224922,35.24976988224922,0.00531502458016695,3.131119511609624,0.00026027761528814574,0.0001230400399623279,0.0007673243848806963,6.337726688375917e-05,188.24073761048203,5.716247880429664,0.03017952124818757,0.09236224807369398,0.1459989447547685,63213,be88d92ebb5a28280e17e68de8137d4b1e2bcdccc11626515f48e033bc1feae4,three_row_sha256,e0dc3cf58a5cc86db8def9f92b93db64c557e44bfeaf7c34012320f590e5be5c,123ea5ce324bb82567913e1514a410f2bb582a6d8528a6ea98fbb2b74646f92c,a789b01b17129967eecd25421cde715dc938f6e3b95b30f735ff978f0882361e,0.22662384435534477,0.2224768977612257,0.22538285702466965,0.5665048956871033,0.1345889177173376,0.5796190816909075,0.0574248842895031,2.0126213785260916,0.0,0.0,10.645941132679582,834.9783981684595,3592.0270145870745,175500,175500,589.1072495305888,,589.1072495305888,False,False,ok
BNCI2014_001,resampled_spectral_raw_rooted_s1,resampled,spectral,raw_rooted,8,1788,352,500,500,1.0,22,253,0.00040003701811095095,0.020000925431363194,6.634182574389101,0.6459233726258321,35.407662737416786,35.407662737416786,0.0052500318849765535,3.0928318437064295,0.0002677144406760174,0.00011750269645111075,0.0007422759655874437,6.878279201299404e-05,188.24073761048203,5.716247880429665,0.03017952124818757,0.09236224807369398,0.1459989447547685,63564,b0fcb84af50083997cd621f513bb65a5d196374e12ef5988bc82239a29f9808b,three_row_sha256,3382a87bcbc025e2fc50191fb213166f0777896ee387f0ffd37a22a47ee51b81,123ea5ce324bb82567913e1514a410f2bb582a6d8528a6ea98fbb2b74646f92c,a789b01b17129967eecd25421cde715dc938f6e3b95b30f735ff978f0882361e,0.2513460349291563,0.2236559521406889,0.234351959079504,0.5920589901506901,0.13596704229712486,0.6138470489531755,0.06349803879857063,2.1147250663489103,0.0,0.0,8.629724150523543,837.0931232348084,3600.656738737598,176000,176000,589.1072495305888,,589.1072495305888,False,False,ok
BNCI2014_001,resampled_spectral_raw_rooted_s1,resampled,spectral,raw_rooted,8,1788,353,500,500,1.0,22,253,0.00039637344463559635,0.01990912968051583,6.645048479707754,0.646981308872138,35.3018691127862,35.3018691127862,0.005294475691781726,3.119014012492094,0.0002582078755369443,0.00011942918165620187,0.0007358158481652804,6.846126639642744e-05,188.24073761048203,5.716247880429664,0.03017952124818757,0.09236224807369398,0.1459989447547685,63916,746aa83dd55eeb8aa9b85b902c8e0359d68f9d3906f9a8e7c13583ee9089eb21,three_row_sha256,6d02687cf9652a8e0d6389e5e3d1ca5a8ff889d1e23fd32ff65c3c501d84091b,123ea5ce324bb82567913e1514a410f2bb582a6d8528a6ea98fbb2b74646f92c,a789b01b17129967eecd25421cde715dc938f6e3b95b30f735ff978f0882361e,0.23098313249647617,0.22241007536649704,0.22429507225751877,0.5727990064769983,0.13483990915119648,0.5864270497113466,0.06145704537630081,2.0332112908363342,0.0,0.0,8.876884123310447,839.1263345256448,3609.5336228609085,176500,176500,589.1072495305888,,589.1072495305888,False,False,ok
BNCI2014_001,resampled_spectral_raw_rooted_s1,resampled,spectral,raw_rooted,8,1788,354,500,500,1.0,22,253,0.0004047524353313273,0.02011846006361638,6.636692758039494,0.6461677714302352,35.38322285697648,35.38322285697648,0.005226457526815887,3.0789440184109504,0.0002651777534439731,0.00012550967750909195,0.0007001637053335677,5.948809742317448e-05,188.24073761048203,5.716247880429664,0.03017952124818757,0.09236224807369398,0.1459989447547685,64269,7fff75b7a12049c48e78aa641c36b44e279e814a76370fa7f104f38acd701687,three_row_sha256,e3fb2310752824967a0ea23875c1671be6a5911525c8a0bf026735ebfd7bc27a,123ea5ce324bb82567913e1514a410f2bb582a6d8528a6ea98fbb2b74646f92c,a789b01b17129967eecd25421cde715dc938f6e3b95b30f735ff978f0882361e,0.22433116100728512,0.22137886844575405,0.22261682897806168,0.5559739656746387,0.13088108971714973,0.60446304269135,0.057352008298039436,2.0169969648122787,0.0,0.0,8.235320914536715,841.1433314904571,3617.768943775445,177000,177000,589.1072495305888,,589.1072495305888,False,False,ok
BNCI2014_001,resampled_spectral_raw_rooted_s1,resampled,spectral,raw_rooted,8,1788,355,500,500,1.0,22,253,0.00040749124195362484,0.02018641231010664,6.626240372809731,0.6451500967063504,35.48499032936497,35.48499032936497,0.005288437144902074,3.1154566607486602,0.0002646014202459604,0.00012518347384815135,0.0007793864032336823,7.21033649080175e-05,188.240737610482,5.716247880429665,0.03017952124818757,0.09236224807369398,0.1459989447547685,64623,6d4b3838fc6c922f601a97090d649fea3e96488a4d1bc87b905b5e2fde1073b9,three_row_sha256,dcc50d938be1f10e2df3c8acd3f8bf2ced46f0c015374cb1dfd572eb802d1444,123ea5ce324bb82567913e1514a410f2bb582a6d8528a6ea98fbb2b74646f92c,a789b01b17129967eecd25421cde715dc938f6e3b95b30f735ff978f0882361e,0.21198694594204426,0.22149900905787945,0.22120913490653038,0.5349840503185987,0.13766111806035042,1.019755844026804,0.05823001265525818,2.4053261149674654,0.0,0.0,9.670857107266784,843.5486576054245,3627.439800882712,177500,177500,589.1072495305888,,589.1072495305888,False,False,ok
BNCI2014_001,resampled_spectral_raw_rooted_s1,resampled,spectral,raw_rooted,8,1788,356,500,500,1.0,22,253,0.0004028788969160778,0.02007184338609879,6.634665174222473,0.6459703599537365,35.40296400462635,35.40296400462635,0.005311246457917282,3.128893792402732,0.00026644686558419605,0.00011931857964415974,0.0008110201094132257,6.493389830484079e-05,188.240737610482,5.716247880429665,0.03017952124818757,0.09236224807369398,0.1459989447547685,64978,b1b734c0da12fbc77e48ee1c24d5395933bc1472edc6ebd3136b25cd81e9954f,three_row_sha256,526c64e8ab471442f641d8da2f3292d4faf55caff7ba37de58316e8bef9a4398,123ea5ce324bb82567913e1514a410f2bb582a6d8528a6ea98fbb2b74646f92c,a789b01b17129967eecd25421cde715dc938f6e3b95b30f735ff978f0882361e,0.22935192100703716,0.22491789422929287,0.2321731299161911,0.5829869769513607,0.13709720224142075,1.0036800522357225,0.06134388968348503,2.47155106626451,0.0,0.0,11.060273041948676,846.020208671689,3638.5000739246607,178000,178000,589.1072495305888,,589.1072495305888,False,False,ok
BNCI2014_001,resampled_spectral_raw_rooted_s1,resampled,spectral,raw_rooted,8,1788,357,500,500,1.0,22,253,0.00039378849733486167,0.019844104850933984,6.634885063126981,0.6459917689790701,35.40082310209299,35.40082310209299,0.005328477805470098,3.139044904165277,0.000255739858290887,0.00011814028708742175,0.0007677116067378725,6.39327224794012e-05,188.24073761048203,5.716247880429664,0.03017952124818757,0.09236224807369398,0.1459989447547685,65334,12cc05c2f4a5916c7e4afcf56ebd18281129f709ad7b0de9e410f6131153d227,three_row_sha256,b92d3d1860c0bd80a311fb91fa48d4d79b4d842042c6211d1717cd39cc7b1950,123ea5ce324bb82567913e1514a410f2bb582a6d8528a6ea98fbb2b74646f92c,a789b01b17129967eecd25421cde715dc938f6e3b95b30f735ff978f0882361e,0.29851007275283337,0.22661779075860977,0.2551469951868057,0.6986930966377258,0.1561618410050869,0.6642150692641735,0.0641669612377882,2.3635118268430233,0.0,0.0,8.383195847272873,848.383720498532,3646.8832697719336,178500,178500,589.1072495305888,,589.1072495305888,False,False,ok
BNCI2014_001,resampled_spectral_raw_rooted_s1,resampled,spectral,raw_rooted,8,1788,358,500,500,1.0,22,253,0.00039608019083716046,0.019901763510733427,6.625582692499771,0.6450860630323965,35.491393696760355,35.491393696760355,0.00522691562849589,3.0792138894316623,0.00026074220829096895,0.00012044981153677606,0.0007904524339656722,6.620217544578584e-05,188.24073761048203,5.716247880429664,0.03017952124818757,0.09236224807369398,0.1459989447547685,65691,fc5c19d2434f9548367fdccc89f198423fde53deadd31541eced60b92e89e540,three_row_sha256,9e1ac86e0e39187dae622bdae6139342f467fa45120dffd356785af04c4712c2,123ea5ce324bb82567913e1514a410f2bb582a6d8528a6ea98fbb2b74646f92c,a789b01b17129967eecd25421cde715dc938f6e3b95b30f735ff978f0882361e,0.22451416589319706,0.2195308916270733,0.21893717348575592,0.5510658957064152,0.13086688704788685,0.6928460206836462,0.05679088644683361,2.094551920890808,0.0,0.0,8.487581042572856,850.4782724194229,3655.3708508145064,179000,179000,589.1072495305888,,589.1072495305888,False,False,ok
BNCI2014_001,resampled_spectral_raw_rooted_s1,resampled,spectral,raw_rooted,8,1788,359,500,500,1.0,22,253,0.0003980434397167432,0.019951026031679253,6.6242281889554375,0.6449541846151567,35.504581538484324,35.504581538484324,0.00534576559134717,3.1492292641537927,0.0002614409283675469,0.00011792477872961283,0.0008764846785712673,5.5365492532410747e-05,188.24073761048203,5.716247880429664,0.03017952124818757,0.09236224807369398,0.1459989447547685,66049,bc4659b86b1d4db0df314891b7b75ae49b824ecd80ae6d36aa00dbe1b00cb23d,three_row_sha256,3cf1a958d318e5cc92205b9dd97082fc7af876c390e9afeac07d7d9fac65faf2,123ea5ce324bb82567913e1514a410f2bb582a6d8528a6ea98fbb2b74646f92c,a789b01b17129967eecd25421cde715dc938f6e3b95b30f735ff978f0882361e,0.21095294505357742,0.22015301510691643,0.2180030569434166,0.5369491409510374,0.13273698277771473,0.6278380751609802,0.06516394205391407,2.011797158047557,0.0,0.0,8.570302976295352,852.4900695774704,3663.9411537908018,179500,179500,589.1072495305888,,589.1072495305888,False,False,ok
BNCI2014_001,resampled_spectral_raw_rooted_s1,resampled,spectral,raw_rooted,8,1788,360,500,500,1.0,22,253,0.0004096164138917991,0.020238982531041404,6.609222007917064,0.643493139044304,35.6506860955696,35.6506860955696,0.005291482274673607,3.1172505687728327,0.00027009259612778547,0.00012223198111689776,0.0008061144095651391,6.350305586455158e-05,188.24073761048203,5.716247880429664,0.03017952124818757,0.09236224807369398,0.1459989447547685,66408,df5398f3cc1c5e364ccc132950a2b4fde036ef34e64e0a110234e8826b25aa78,three_row_sha256,f620a3dd4f7d2ad5f077c5e1e1fa07fb8b419eac45de1c862d3a5a26c3d1a7d2,123ea5ce324bb82567913e1514a410f2bb582a6d8528a6ea98fbb2b74646f92c,a789b01b17129967eecd25421cde715dc938f6e3b95b30f735ff978f0882361e,0.21397508680820465,0.22038700990378857,0.2255840227007866,0.5382599774748087,0.13886112719774246,0.7844311185181141,0.06653601303696632,2.1880343556404114,0.0,0.0,8.228898048400879,854.6781039331108,3672.1700518392026,180000,180000,589.1072495305888,,589.1072495305888,False,False,ok
BNCI2014_001,resampled_spectral_raw_rooted_s1,resampled,spectral,raw_rooted,8,1788,361,500,500,1.0,22,253,0.00040451074767714444,0.020112452552514436,6.6320221974319225,0.6457130320217447,35.42869679782554,35.42869679782554,0.005407243509005314,3.18544635113225,0.00026069298670620733,0.00012255080983630695,0.0009355122936211958,6.81375186735096e-05,188.240737610482,5.716247880429665,0.03017952124818757,0.09236224807369398,0.1459989447547685,66768,732f673b7c395963560fd69b36e817863a5d09212274acf199e8afbdf6688f09,three_row_sha256,de217b0d3017b40d1ce7b17a94f1c235d92c56275c5d2aab5c44074db7219a45,123ea5ce324bb82567913e1514a410f2bb582a6d8528a6ea98fbb2b74646f92c,a789b01b17129967eecd25421cde715dc938f6e3b95b30f735ff978f0882361e,0.2329580020159483,0.22333906963467598,0.232266029343009,0.5699989851564169,0.13601896353065968,1.0078949853777885,0.06872904486954212,2.4712050799280405,0.0,0.0,8.267656899988651,857.1493090130389,3680.4377087391913,180500,180500,589.1072495305888,,589.1072495305888,False,False,ok
BNCI2014_001,resampled_spectral_raw_rooted_s1,resampled,spectral,raw_rooted,8,1788,362,500,500,1.0,22,253,0.0003910016721930872,0.01977376221645965,6.634222892399641,0.645927298104978,35.4072701895022,35.4072701895022,0.005359032097350456,3.1570446590162695,0.00025738912357777514,0.00011435033767474375,0.0008525910945703913,5.9784117936777764e-05,188.24073761048206,5.716247880429664,0.03017952124818757,0.09236224807369398,0.1459989447547685,67129,f4cf10949b6fd7ae7221f053edc0a740943157bfceba5150f5da27eaab797f69,three_row_sha256,d83947f986d11fc34157042bfbe41d8bbcd8dc2b1ac64385aaa134c12f62db4e,123ea5ce324bb82567913e1514a410f2bb582a6d8528a6ea98fbb2b74646f92c,a789b01b17129967eecd25421cde715dc938f6e3b95b30f735ff978f0882361e,0.22130203433334827,0.22259680554270744,0.2247188240289688,0.5535439122468233,0.13298005796968937,0.8607760537415743,0.059155048802495,2.2750727366656065,0.0,0.0,10.348697891458869,859.4243817497045,3690.78640663065,181000,181000,589.1072495305888,,589.1072495305888,False,False,ok
BNCI2014_001,resampled_spectral_raw_rooted_s1,resampled,spectral,raw_rooted,8,1788,363,500,500,1.0,22,253,0.00039774872347113756,0.019943638671795515,6.631260250215629,0.6456388466175607,35.43611533824393,35.43611533824393,0.005219929542503878,3.075098335527924,0.00026897905527024213,0.000114958172017499,0.0007698533311413854,5.7166181680932995e-05,188.24073761048203,5.716247880429664,0.03017952124818757,0.09236224807369398,0.1459989447547685,67491,b85af487c10f42410800a1e0c37b98d725baa41adda1ca303d3afa11d8fc7736,three_row_sha256,61a7e2a55e720dfb5c49637f8faf0e2a65cb0aa6ba2f84faa5628d519bf1c89a,123ea5ce324bb82567913e1514a410f2bb582a6d8528a6ea98fbb2b74646f92c,a789b01b17129967eecd25421cde715dc938f6e3b95b30f735ff978f0882361e,0.25478494353592396,0.23137498646974564,0.24025188758969307,0.5787329282611609,0.13750512152910233,0.6133159622550011,0.06406009197235107,2.120025921612978,0.0,0.0,9.360366966575384,861.5444076713175,3700.1467735972255,181500,181500,589.1072495305888,,589.1072495305888,False,False,ok
BNCI2014_001,resampled_spectral_raw_rooted_s1,resampled,spectral,raw_rooted,8,1788,364,500,500,1.0,22,253,0.00038471636985851736,0.019614187973467506,6.640102663090907,0.646499769735444,35.35002302645561,35.35002302645561,0.005329892868713943,3.1398785281807706,0.000256429116271471,0.00011160455661329053,0.0008293270725433077,6.54076866860365e-05,188.24073761048203,5.716247880429664,0.03017952124818757,0.09236224807369398,0.1459989447547685,67854,5b46551639ebdf16b2e7cbb73e699cd90cd7d35605ab88dc00e9ace0338785bd,three_row_sha256,919560c4ebefaf07184cbbd253374bcabdc3cbeddf8af22ed9b2f9b0502b3447,123ea5ce324bb82567913e1514a410f2bb582a6d8528a6ea98fbb2b74646f92c,a789b01b17129967eecd25421cde715dc938f6e3b95b30f735ff978f0882361e,0.2345009706914425,0.22044405341148376,0.22182194516062737,0.5647598300129175,0.13184593990445137,0.6210149731487036,0.05861697718501091,2.053004689514637,0.0,0.0,8.557558991014957,863.5974123608321,3708.7043325882405,182000,182000,589.1072495305888,,589.1072495305888,False,False,ok
BNCI2014_001,resampled_spectral_raw_rooted_s1,resampled,spectral,raw_rooted,8,1788,365,500,500,1.0,22,253,0.00039120549672906873,0.019778915458868535,6.635546516288345,0.6460561699888451,35.394383001115486,35.394383001115486,0.005270631676735947,3.1049673303707093,0.0002615032296504676,0.00011270273988971904,0.0007719011080710813,6.707024724307975e-05,188.24073761048203,5.716247880429664,0.03017952124818757,0.09236224807369398,0.1459989447547685,68218,09455ffd2b8d990a0427d43dcbed89595c17199c53d77fbcb1016f6fe3f54712,three_row_sha256,65c9efbdefef37b37f3ac1aadf77e9cd0dc08a1b69b5f8e21b55ac0e4ecfda23,123ea5ce324bb82567913e1514a410f2bb582a6d8528a6ea98fbb2b74646f92c,a789b01b17129967eecd25421cde715dc938f6e3b95b30f735ff978f0882361e,0.20684301853179932,0.21964684128761292,0.2180100418627262,0.5429538432508707,0.13076700270175934,0.5542170256376266,0.058335019275546074,1.9307727925479412,0.0,0.0,7.989287143573165,865.52818515338,3716.6936197318137,182500,182500,589.1072495305888,,589.1072495305888,False,False,ok
BNCI2014_001,resampled_spectral_raw_rooted_s1,resampled,spectral,raw_rooted,8,1788,366,500,500,1.0,22,253,0.0004001297172760135,0.020003242669027775,6.6388046218770445,0.6463733886554444,35.362661134455564,35.362661134455564,0.005317911148607159,3.1328200100040178,0.0002617035480854246,0.00011996436685625274,0.0008464488134462625,6.962148142940672e-05,188.24073761048203,5.716247880429664,0.03017952124818757,0.09236224807369398,0.1459989447547685,68583,b98b074fca1b3c1555bd3b8e64b592851c40797265f68eb7547a756fe1df26ff,three_row_sha256,4a25c4857c43aa5566a7d1958b2c1087b36c4a4b84387e52672e33306c05c058,123ea5ce324bb82567913e1514a410f2bb582a6d8528a6ea98fbb2b74646f92c,a789b01b17129967eecd25421cde715dc938f6e3b95b30f735ff978f0882361e,0.21509919315576553,0.2197700086981058,0.21836906671524048,0.531292986124754,0.1287851482629776,1.0110619477927685,0.07050391286611557,2.3948822636157274,0.0,0.0,8.077777922153473,867.9230674169958,3724.771397653967,183000,183000,589.1072495305888,,589.1072495305888,False,False,ok
BNCI2014_001,resampled_spectral_raw_rooted_s1,resampled,spectral,raw_rooted,8,1788,367,500,500,1.0,22,253,0.0003848996557653351,0.019618859695847136,6.629625855462926,0.645479717175609,35.452028282439095,35.452028282439095,0.005211332395572304,3.070033693945254,0.00025823659264582967,0.00011119802875032077,0.0007134630087283537,6.907741536360454e-05,188.24073761048203,5.716247880429664,0.03017952124818757,0.09236224807369398,0.1459989447547685,68949,a72f2ad06e5c437fcaf65156fafc19a5068d55b5c05d67163d1a73fbfb397a24,three_row_sha256,494bfb80ef702c6307e2540462258a32ecb9cf0a40a1ab779a19707b6be1ba20,123ea5ce324bb82567913e1514a410f2bb582a6d8528a6ea98fbb2b74646f92c,a789b01b17129967eecd25421cde715dc938f6e3b95b30f735ff978f0882361e,0.21011708304286003,0.22007804363965988,0.21972297690808773,0.5356580950319767,0.13146293349564075,0.5529960617423058,0.05769403651356697,1.9277292303740978,0.0,0.0,9.004560997709632,869.8507966473699,3733.775958651677,183500,183500,589.1072495305888,,589.1072495305888,False,False,ok
BNCI2014_001,resampled_spectral_raw_rooted_s1,resampled,spectral,raw_rooted,8,1788,368,500,500,1.0,22,253,0.00040282154062527706,0.02007041456037411,6.632273871761412,0.6457375357687978,35.426246423120226,35.426246423120226,0.005358660559193416,3.1568257831944804,0.0002592494310799769,0.00012225329324190212,0.0008102984933134054,7.291894670516808e-05,188.24073761048203,5.716247880429664,0.03017952124818757,0.09236224807369398,0.1459989447547685,69316,fb070e65470107f6eaee32bf7ecefd5d408fb57637adc623549e22aceb8f1690,three_row_sha256,d1c8839b1831d475d1c5c4e0ebdf217771d27dc72ace8a30777478eccef97694,123ea5ce324bb82567913e1514a410f2bb582a6d8528a6ea98fbb2b74646f92c,a789b01b17129967eecd25421cde715dc938f6e3b95b30f735ff978f0882361e,0.22332114167511463,0.22119306959211826,0.22474396973848343,0.5529788322746754,0.1327688805758953,0.5692099221050739,0.058396952226758,1.982612768188119,0.0,0.0,9.360514115542173,871.833409415558,3743.136472767219,184000,184000,589.1072495305888,,589.1072495305888,False,False,ok
BNCI2014_001,resampled_spectral_raw_rooted_s1,resampled,spectral,raw_rooted,8,1788,369,500,500,1.0,22,253,0.0004024589749150241,0.02006138018469876,6.6235101914097205,0.6448842782791363,35.511572172086375,35.511572172086375,0.005238752458394943,3.0861870517366548,0.00027280592969268567,0.00011662302370330458,0.0007471880488116204,6.320160541368414e-05,188.240737610482,5.716247880429664,0.03017952124818757,0.09236224807369398,0.1459989447547685,69684,92facbda2206a01da899182249ed8e6294ece0a93ce766661eb5b42dffb0a4cb,three_row_sha256,9e1851559444ff73bf60db7d7c97c7266cc38a396bffc87cac7087cc5b36ec2d,123ea5ce324bb82567913e1514a410f2bb582a6d8528a6ea98fbb2b74646f92c,a789b01b17129967eecd25421cde715dc938f6e3b95b30f735ff978f0882361e,0.2660320606082678,0.2247910015285015,0.23774104192852974,0.6662888918071985,0.1511611044406891,0.6519949529320002,0.06910297088325024,2.267112024128437,0.0,0.0,7.975103100761771,874.1005214396864,3751.1115758679807,184500,184500,589.1072495305888,,589.1072495305888,False,False,ok
BNCI2014_001,resampled_spectral_raw_rooted_s1,resampled,spectral,raw_rooted,8,1788,370,500,500,1.0,22,253,0.0003878910521863824,0.019694949915812998,6.631500105926071,0.6456621996693791,35.43378003306209,35.43378003306209,0.005245697059471379,3.090278166575881,0.0002628674008308102,0.00011055576685460364,0.0007556596496463739,7.5807148029815e-05,188.24073761048206,5.716247880429664,0.03017952124818757,0.09236224807369398,0.1459989447547685,70053,b38567877ebda8ba857a943344410be23c4eeabf6ba11216c1df5db3640c7dc8,three_row_sha256,9e22905032ade8c94284ee15f856b4c9f0fe222dca057f22fe1bc50572bbe866,123ea5ce324bb82567913e1514a410f2bb582a6d8528a6ea98fbb2b74646f92c,a789b01b17129967eecd25421cde715dc938f6e3b95b30f735ff978f0882361e,0.21578208543360233,0.22081192582845688,0.2210959792137146,0.5434378981590271,0.1303951721638441,0.5805380642414093,0.05759997293353081,1.9696610979735851,0.0,0.0,7.969500031322241,876.07018253766,3759.081075899303,185000,185000,589.1072495305888,,589.1072495305888,False,False,ok
BNCI2014_001,resampled_spectral_raw_rooted_s1,resampled,spectral,raw_rooted,8,1788,371,500,500,1.0,22,253,0.0003917623036487721,0.01979298622362912,6.643065438628097,0.6467882342065158,35.32117657934842,35.32117657934842,0.005422479678802132,3.1944220892146347,0.0002571960583080747,0.00011389777998524894,0.0009059606607747047,6.127076876828125e-05,188.24073761048203,5.716247880429664,0.03017952124818757,0.09236224807369398,0.1459989447547685,70423,0ef0cce0f4dae8cea1e639ac8fad663c27f6d2aca755dde4c1ebed10694773c7,three_row_sha256,90ef1916f98354d631e6948a257d4733559f7859d0da4af6c299b3f72e6301a1,123ea5ce324bb82567913e1514a410f2bb582a6d8528a6ea98fbb2b74646f92c,a789b01b17129967eecd25421cde715dc938f6e3b95b30f735ff978f0882361e,0.21400791592895985,0.22032298147678375,0.22048410028219223,0.5308790132403374,0.13241590932011604,0.9002489969134331,0.05640508607029915,2.2747640032321215,0.0,0.0,8.636195911094546,878.3449465408921,3767.7172718103975,185500,185500,589.1072495305888,,589.1072495305888,False,False,ok
BNCI2014_001,resampled_spectral_raw_rooted_s1,resampled,spectral,raw_rooted,8,1788,372,500,500,1.0,22,253,0.00039035828489591664,0.019757486806168355,6.652901154757996,0.6477458682275239,35.22541317724761,35.22541317724761,0.005291601688434209,3.1173209162848963,0.0002579327414122349,0.00011399098636831454,0.0008442906069378849,7.486768848857347e-05,188.24073761048203,5.716247880429664,0.03017952124818757,0.09236224807369398,0.1459989447547685,70794,5131e7d593d0d131f5eb2eb850ad7ddcd32082dd596aece1010b1d1ea835b779,three_row_sha256,b6b34c76a6556a9fb08f4395fb5e9b2750c3b3382e15a437c34b16eee4bea47c,123ea5ce324bb82567913e1514a410f2bb582a6d8528a6ea98fbb2b74646f92c,a789b01b17129967eecd25421cde715dc938f6e3b95b30f735ff978f0882361e,0.23683602921664715,0.2260750625282526,0.2384160179644823,0.6214999593794346,0.14119688421487808,0.8617439307272434,0.06878701969981194,2.39455490373075,0.0,0.0,8.376950863748789,880.7395014446229,3776.0942226741463,186000,186000,589.1072495305888,,589.1072495305888,False,False,ok
BNCI2014_001,resampled_spectral_raw_rooted_s1,resampled,spectral,raw_rooted,8,1788,373,500,500,1.0,22,253,0.0004097132480873008,0.02024137465903195,6.633715774794692,0.6458779236552951,35.4122076344705,35.4122076344705,0.005360885018034889,3.158136228024274,0.00026660169103850815,0.0001225344511908277,0.0009161021462909923,6.952038769401106e-05,188.240737610482,5.716247880429664,0.03017952124818757,0.09236224807369398,0.1459989447547685,71166,cfd14bc0d48c10c1afae42f829d46e8f7013dc5d337d8ec00326c7f005bdb86b,three_row_sha256,6a9649137c584ed2a597b73f27aa7cbc1b0c152d52fd7d4b216d910ef6989a0f,123ea5ce324bb82567913e1514a410f2bb582a6d8528a6ea98fbb2b74646f92c,a789b01b17129967eecd25421cde715dc938f6e3b95b30f735ff978f0882361e,0.22660009562969208,0.22363802418112755,0.22765598259866238,0.5668108351528645,0.1355030108243227,0.6920190062373877,0.06705289706587791,2.1392798516899347,0.0,0.0,8.430656976997852,882.8787812963128,3784.524879651144,186500,186500,589.1072495305888,,589.1072495305888,False,False,ok
BNCI2014_001,resampled_spectral_raw_rooted_s1,resampled,spectral,raw_rooted,8,1788,374,500,500,1.0,22,253,0.0003845807512612744,0.019610730513197984,6.6169333401558035,0.6442439368511527,35.57560631488474,35.57560631488474,0.005318960001045403,3.133437896579075,0.0002543538681169747,0.00011360967723486655,0.0008113172894168962,7.847225005231195e-05,188.24073761048203,5.716247880429664,0.03017952124818757,0.09236224807369398,0.1459989447547685,71539,34a2fe562bcea2fb3166f09f95da226300229f03504a0ac1350be8e97e309671,three_row_sha256,5843fa89f698868c6d51582beb7f9db444bb14ca1e5d743fbb1f3cd3739852c2,123ea5ce324bb82567913e1514a410f2bb582a6d8528a6ea98fbb2b74646f92c,a789b01b17129967eecd25421cde715dc938f6e3b95b30f735ff978f0882361e,0.21566404029726982,0.2213730476796627,0.22177607752382755,0.5415179766714573,0.12973090633749962,0.5675000138580799,0.05801580846309662,1.9555778708308935,0.0,0.0,9.411171078681946,884.8343591671437,3793.936050729826,187000,187000,589.1072495305888,,589.1072495305888,False,False,ok
BNCI2014_001,resampled_spectral_raw_rooted_s1,resampled,spectral,raw_rooted,8,1788,375,500,500,1.0,22,253,0.0004051465664241705,0.020128252940187594,6.602805128644004,0.642868372955142,35.7131627044858,35.7131627044858,0.005242886618474512,3.0886225154102487,0.0002678622379267296,0.00012141759505097953,0.000727471966169188,6.183740991241415e-05,188.24073761048203,5.716247880429664,0.03017952124818757,0.09236224807369398,0.1459989447547685,71913,71f6d00e7348c5e3e09e77eaaa3c5517d734b5074c9a39983d03e235d044abc2,three_row_sha256,e4e1bb758ecdfd50e47352480c9d8a0c752b27d5bc5cd7f8db90d38c268fc978,123ea5ce324bb82567913e1514a410f2bb582a6d8528a6ea98fbb2b74646f92c,a789b01b17129967eecd25421cde715dc938f6e3b95b30f735ff978f0882361e,0.2923880238085985,0.22723805159330368,0.2548089250922203,0.6806459277868271,0.15311292372643948,0.7243829313665628,0.0698980875313282,2.40247487090528,0.0,0.0,8.771067019551992,887.236834038049,3802.707117749378,187500,187500,589.1072495305888,,589.1072495305888,False,False,ok
BNCI2014_001,resampled_spectral_raw_rooted_s1,resampled,spectral,raw_rooted,8,1788,376,500,500,1.0,22,253,0.0003957482755076704,0.01989342292084674,6.599257963347164,0.6425230105919413,35.74769894080587,35.74769894080587,0.0053212531943145,3.134788833358475,0.0002591982154700816,0.00011908311948401482,0.0008352663982309847,5.3323310799251404e-05,188.240737610482,5.716247880429664,0.03017952124818757,0.09236224807369398,0.1459989447547685,72288,bb9e7fdeeb748125114b31878ba67ff1dd0c95514d26799c8c01ab5f63c122ce,three_row_sha256,997bdc48945f271d7b96251aba078e2a537af98b4e615a16db96761233fb559d,123ea5ce324bb82567913e1514a410f2bb582a6d8528a6ea98fbb2b74646f92c,a789b01b17129967eecd25421cde715dc938f6e3b95b30f735ff978f0882361e,0.21913903765380383,0.22201589308679104,0.22151903249323368,0.5924031138420105,0.13678614050149918,0.9328140877187252,0.05811592563986778,2.382793230935931,0.0,0.0,8.626559982076287,889.6196272689849,3811.3336777314544,188000,188000,589.1072495305888,,589.1072495305888,False,False,ok
BNCI2014_001,resampled_spectral_raw_rooted_s1,resampled,spectral,raw_rooted,8,1788,377,500,500,1.0,22,253,0.00039137723392959135,0.019783256403575002,6.579101609936594,0.6405605292117853,35.943947078821466,35.943947078821466,0.005307696844230607,3.1268026892468788,0.0002604486313836084,0.00011534994168080608,0.0007664823018512009,5.550769195402396e-05,188.240737610482,5.716247880429664,0.03017952124818757,0.09236224807369398,0.1459989447547685,72664,eb3f7e80b3ccbaf25193e70403e3c78413237405c722c49af59ba67d17cfc4a1,three_row_sha256,b3596236724cedb694917412fd245b82b31c71b013935377e990c11c074beee8,123ea5ce324bb82567913e1514a410f2bb582a6d8528a6ea98fbb2b74646f92c,a789b01b17129967eecd25421cde715dc938f6e3b95b30f735ff978f0882361e,0.22460590116679668,0.2206109929829836,0.2213090192526579,0.5515930242836475,0.13030203990638256,1.0231018532067537,0.05650985985994339,2.4280326906591654,0.0,0.0,8.664984023198485,892.0476599596441,3819.998661754653,188500,188500,589.1072495305888,,589.1072495305888,False,False,ok
BNCI2014_001,resampled_spectral_raw_rooted_s1,resampled,spectral,raw_rooted,8,1788,378,500,500,1.0,22,253,0.0003938724387084848,0.019846219758646352,6.587612347579247,0.64138915946126,35.861084053874,35.861084053874,0.005458997345133954,3.21593491118665,0.00025209894771528144,0.00011818178892021016,0.0008993680627224629,8.318974064821342e-05,188.24073761048203,5.716247880429664,0.03017952124818757,0.09236224807369398,0.1459989447547685,73041,375c3c1acf04a617cda55c98838d54132dcbf655b4546e296151920ed382401f,three_row_sha256,855f4519d3da8f5a01c351eec1583b5345f2842142099e03397791378c3e45a2,123ea5ce324bb82567913e1514a410f2bb582a6d8528a6ea98fbb2b74646f92c,a789b01b17129967eecd25421cde715dc938f6e3b95b30f735ff978f0882361e,0.21337997168302536,0.2198589500039816,0.21940888836979866,0.535896047949791,0.13001495972275734,0.8176378905773163,0.05547306500375271,2.191669773310423,0.0,0.0,8.994514821097255,894.2393297329545,3828.99317657575,189000,189000,589.1072495305888,,589.1072495305888,False,False,ok
BNCI2014_001,resampled_spectral_raw_rooted_s1,resampled,spectral,raw_rooted,8,1788,379,500,500,1.0,22,253,0.0003998346265626883,0.019995865236660512,6.5883636684754965,0.6414623102559189,35.853768974408105,35.853768974408105,0.005255108671287858,3.095822615326737,0.0002682092816788171,0.0001156269640590603,0.0007801961507855299,4.560918515711394e-05,188.24073761048203,5.716247880429664,0.03017952124818757,0.09236224807369398,0.1459989447547685,73419,0ff015107613f99c4f94ed96d196ea845ac6e1866453132c7bd1fba05784acdd,three_row_sha256,e64182786c60e8ee4e4fdc1992d5c8634fb9450f4be99f25a77e8abfa24e4a62,123ea5ce324bb82567913e1514a410f2bb582a6d8528a6ea98fbb2b74646f92c,a789b01b17129967eecd25421cde715dc938f6e3b95b30f735ff978f0882361e,0.21165399812161922,0.22180797532200813,0.22148992866277695,0.5429980810731649,0.13395980931818485,0.9287497960031033,0.05646003410220146,2.317119622603059,0.0,0.0,8.529276121407747,896.5564493555576,3837.522452697158,189500,189500,589.1072495305888,,589.1072495305888,False,False,ok
BNCI2014_001,resampled_spectral_raw_rooted_s1,resampled,spectral,raw_rooted,8,1788,380,500,500,1.0,22,253,0.00038802702901572547,0.01969840168683047,6.604061035884518,0.6429906517485581,35.700934825144195,35.700934825144195,0.005304293888786544,3.1247979835249517,0.00025871417911939456,0.00011135443771878145,0.0008736673297739366,7.636641986863568e-05,188.24073761048206,5.716247880429664,0.03017952124818757,0.09236224807369398,0.1459989447547685,73798,7e6e4cf26c41b828da5a2abb5caa2234f998dfa7a47d1fac62de01aacd498b7f,three_row_sha256,286c269fcc4514e20f1ec6876e1d924100c5ef737acd3a1c39573b2e893aac34,123ea5ce324bb82567913e1514a410f2bb582a6d8528a6ea98fbb2b74646f92c,a789b01b17129967eecd25421cde715dc938f6e3b95b30f735ff978f0882361e,0.21268590353429317,0.22010202519595623,0.21984102204442024,0.5426418501883745,0.13003009371459484,0.9176288731396198,0.05719996988773346,2.3001297377049923,0.0,0.0,10.938468854874372,898.8565790932626,3848.4609215520322,190000,190000,589.1072495305888,,589.1072495305888,False,False,ok
BNCI2014_001,resampled_spectral_raw_rooted_s1,resampled,spectral,raw_rooted,8,1788,381,500,500,1.0,22,253,0.00037325156298199393,0.019319719536835776,6.620077223948557,0.6445500345504228,35.54499654495772,35.54499654495772,0.005214568251142832,3.0719399599202863,0.00025280462004836056,0.00010751750843743566,0.0006774402196798284,5.746491765418573e-05,188.24073761048203,5.716247880429664,0.03017952124818757,0.09236224807369398,0.1459989447547685,74178,44d15a762d093296f280c2b7681e54cb7664e77cebaf28a943761776857b8136,three_row_sha256,6fab8e33c843d5dd4cd762c6c685ac323197ae587a554aa79ed1a8cd267b491d,123ea5ce324bb82567913e1514a410f2bb582a6d8528a6ea98fbb2b74646f92c,a789b01b17129967eecd25421cde715dc938f6e3b95b30f735ff978f0882361e,0.24442607536911964,0.2230159007012844,0.22878102026879787,0.6391170900315046,0.14888006262481213,0.6288571748882532,0.06610201671719551,2.1791793406009674,0.0,0.0,11.097681010141969,901.0357584338635,3859.558602562174,190500,190500,589.1072495305888,,589.1072495305888,False,False,ok
BNCI2014_001,resampled_spectral_raw_rooted_s1,resampled,spectral,raw_rooted,8,1788,382,500,500,1.0,22,253,0.00038771644039310623,0.019690516509048364,6.607634155178577,0.6433385410686564,35.666145893134356,35.666145893134356,0.00519385501140272,3.0597376402281213,0.000262598181179624,0.00011157554231023112,0.0006937495425326584,6.51867896965584e-05,188.240737610482,5.716247880429664,0.03017952124818757,0.09236224807369398,0.1459989447547685,74559,8b89d52d7bdc60dd01920e09ef55c41dd42d3b800d20c66d984da1a8fa431a7a,three_row_sha256,94683e54bdb72237190671dfdec958667b52755215425bd1aa629db9f2f7e42f,123ea5ce324bb82567913e1514a410f2bb582a6d8528a6ea98fbb2b74646f92c,a789b01b17129967eecd25421cde715dc938f6e3b95b30f735ff978f0882361e,0.2796959597617388,0.225819181650877,0.24227704852819443,0.6775499787181616,0.1514321193099022,0.5966280587017536,0.06063003093004227,2.23403237760067,0.0,0.0,10.009068064391613,903.2697908114642,3869.567670626566,191000,191000,589.1072495305888,,589.1072495305888,False,False,ok
BNCI2014_001,resampled_spectral_raw_rooted_s1,resampled,spectral,raw_rooted,8,1788,383,500,500,1.0,22,253,0.0003914840194829298,0.019785955106664168,6.623755862382516,0.6449081975218651,35.50918024781349,35.50918024781349,0.005277999643743698,3.1093078531492777,0.00026112781429538144,0.00011424794077102027,0.0007407817126886809,5.744730294279639e-05,188.24073761048206,5.716247880429664,0.03017952124818757,0.09236224807369398,0.1459989447547685,74941,4e8955b3feb470536d5259764340485763c07db36b1901a22e7eadd955a6d029,three_row_sha256,dc5233ddc2290948878483a4b269f7f8076fa9718ec66e0b0d9adcc6b095cdc1,123ea5ce324bb82567913e1514a410f2bb582a6d8528a6ea98fbb2b74646f92c,a789b01b17129967eecd25421cde715dc938f6e3b95b30f735ff978f0882361e,0.27480884455144405,0.22647297009825706,0.24245493113994598,0.6780480034649372,0.1526600681245327,0.631116097792983,0.06461585871875286,2.270176773890853,0.0,0.0,10.467299958691001,905.539967585355,3880.034970585257,191500,191500,589.1072495305888,,589.1072495305888,False,False,ok
BNCI2014_001,resampled_spectral_raw_rooted_s1,resampled,spectral,raw_rooted,8,1788,384,500,500,1.0,22,253,0.0004069928636637338,0.020174064133528815,6.6306070177015615,0.6455752459939926,35.442475400600735,35.442475400600735,0.0053517955133628265,3.15278153492732,0.0002664882029376533,0.00012148123035334787,0.0008632369080089923,6.426759183607095e-05,188.240737610482,5.716247880429664,0.03017952124818757,0.09236224807369398,0.1459989447547685,75324,298f308127cc16bdc2375135eb3b4c8cfe4fac47f8ff15411b78917d8b5f7138,three_row_sha256,0f3c857e55f1865e2a44d1ada49abc00b7623a32048b361ebb0208428e6dff14,123ea5ce324bb82567913e1514a410f2bb582a6d8528a6ea98fbb2b74646f92c,a789b01b17129967eecd25421cde715dc938f6e3b95b30f735ff978f0882361e,0.29823905788362026,0.2269831020385027,0.25031412951648235,0.6047789938747883,0.1384278293699026,0.6494869012385607,0.06683892570436001,2.235068939626217,0.0,0.0,10.762172052636743,907.7750365249813,3890.7971426378936,192000,192000,589.1072495305888,,589.1072495305888,False,False,ok
BNCI2014_001,resampled_spectral_raw_rooted_s1,resampled,spectral,raw_rooted,8,1788,385,500,500,1.0,22,253,0.000397766916709702,0.019944094782910104,6.631089156527652,0.645622188436883,35.4377811563117,35.4377811563117,0.005286740066519411,3.114456899570412,0.0002642191973273872,0.00011654946665876693,0.0007397634908245464,4.9773593331323275e-05,188.24073761048203,5.716247880429665,0.03017952124818757,0.09236224807369398,0.1459989447547685,75708,e8db49c40492b3492b9242fdcf11bb5804b08ec3ed8181b7f626a2c92a250d5d,three_row_sha256,59128dd28d152eb0e845c2e913b500ea22a1cf303e4c681be5c4f78e2ada0e9e,123ea5ce324bb82567913e1514a410f2bb582a6d8528a6ea98fbb2b74646f92c,a789b01b17129967eecd25421cde715dc938f6e3b95b30f735ff978f0882361e,0.2576978877186775,0.22715912200510502,0.24229194968938828,0.593643868342042,0.14839600771665573,0.72439294308424,0.07228599861264229,2.2658677771687508,0.0,0.0,10.114091914147139,910.04090430215,3900.9112345520407,192500,192500,589.1072495305888,,589.1072495305888,False,False,ok
BNCI2014_001,resampled_spectral_raw_rooted_s1,resampled,spectral,raw_rooted,8,1788,386,500,500,1.0,22,253,0.0003774608414581788,0.019428351485861552,6.633264142256098,0.6458339513935665,35.416604860643346,35.416604860643346,0.005191907252043798,3.058590201069439,0.00025592960680537825,0.00010892914009526127,0.0007042391332839439,5.063975540426418e-05,188.24073761048203,5.716247880429664,0.03017952124818757,0.09236224807369398,0.1459989447547685,76093,8dbd3f62e9860234b3232ad0b6722e7c95aa2ae8de6046d6f1ab695711111ed2,three_row_sha256,bdb04cda620525dc324267aa46be13a10df6cccdc4b9351563c7b58d5ce17005,123ea5ce324bb82567913e1514a410f2bb582a6d8528a6ea98fbb2b74646f92c,a789b01b17129967eecd25421cde715dc938f6e3b95b30f735ff978f0882361e,0.2815139014273882,0.230143079534173,0.24590687826275826,0.830761855468154,0.16425899229943752,0.7545400876551867,0.07445085793733597,2.5815756525844336,0.0,0.0,9.833799907937646,912.6224799547344,3910.7450344599783,193000,193000,589.1072495305888,,589.1072495305888,False,False,ok
BNCI2014_001,resampled_spectral_raw_rooted_s1,resampled,spectral,raw_rooted,8,1788,387,500,500,1.0,22,253,0.00038945390852286593,0.019734586606333204,6.629019307331898,0.6454206618797892,35.45793381202108,35.45793381202108,0.005354590920537867,3.154428329559526,0.0002596492134137955,0.00011202894546843048,0.0008827571684705861,5.7372680140326924e-05,188.24073761048203,5.716247880429664,0.03017952124818757,0.09236224807369398,0.1459989447547685,76479,3c6029a2d9343bbee946880dbc5a122311c59a64af22c0f9fbded035b4a26ed3,three_row_sha256,d2c5892618093177f92342684668be9f4bb2c32723c7795b55e626dc03c7b262,123ea5ce324bb82567913e1514a410f2bb582a6d8528a6ea98fbb2b74646f92c,a789b01b17129967eecd25421cde715dc938f6e3b95b30f735ff978f0882361e,0.27440511621534824,0.22563990205526352,0.24171709083020687,0.6882499437779188,0.15412014909088612,0.7481251377612352,0.07016118615865707,2.402418525889516,0.0,0.0,8.272886974737048,915.024898480624,3919.0179214347154,193500,193500,589.1072495305888,,589.1072495305888,False,False,ok
BNCI2014_001,resampled_spectral_raw_rooted_s1,resampled,spectral,raw_rooted,8,1788,388,500,500,1.0,22,253,0.00038368508260134914,0.019587881013559103,6.621046772500424,0.6446444326263764,35.53555673736236,35.53555673736236,0.005229694242047129,3.080850790818341,0.00025815103064255336,0.00011097052087707388,0.0006859980544729101,7.457924250318425e-05,188.240737610482,5.716247880429664,0.03017952124818757,0.09236224807369398,0.1459989447547685,76866,317b97bb75a1b8b16c84cb4ec782adb060f32c712a057e0edfab1a4c63d9e7c9,three_row_sha256,ae7d98b081610f5b744df7e9ae6e0247042eacb1d382507e64d94da52a1e5d6e,123ea5ce324bb82567913e1514a410f2bb582a6d8528a6ea98fbb2b74646f92c,a789b01b17129967eecd25421cde715dc938f6e3b95b30f735ff978f0882361e,0.24028797633945942,0.22372696548700333,0.23006019182503223,0.7003340870141983,0.16907486133277416,0.7460499182343483,0.0905059278011322,2.400039928033948,0.0,0.0,9.290012065321207,917.4249384086579,3928.3079335000366,194000,194000,589.1072495305888,,589.1072495305888,False,False,ok
BNCI2014_001,resampled_spectral_raw_rooted_s1,resampled,spectral,raw_rooted,8,1788,389,500,500,1.0,22,253,0.0003897700582900111,0.019742595024211256,6.624118823620022,0.6449435364869951,35.50564635130049,35.50564635130049,0.005245062486544891,3.089904335064532,0.00026177138861478813,0.00011310817494849406,0.0007913021784124428,5.663227361700024e-05,188.24073761048203,5.716247880429665,0.03017952124818757,0.09236224807369398,0.1459989447547685,77254,9090e7ae4a2c899ede529e2cc3317aa92d1b35c6fb3179b6dda2fbb41a2194d0,three_row_sha256,c4dd41ca6fa4bd223e0c5ef2cff84d563783354a6923cde594d23284ed28a5b6,123ea5ce324bb82567913e1514a410f2bb582a6d8528a6ea98fbb2b74646f92c,a789b01b17129967eecd25421cde715dc938f6e3b95b30f735ff978f0882361e,0.2301360946148634,0.22330204956233501,0.22835098206996918,0.565023859962821,0.1338929869234562,1.1013138573616743,0.05970406346023083,2.54172389395535,0.0,0.0,8.586989948526025,919.9666623026133,3936.8949234485626,194500,194500,589.1072495305888,,589.1072495305888,False,False,ok
BNCI2014_001,resampled_spectral_raw_rooted_s1,resampled,spectral,raw_rooted,8,1788,390,500,500,1.0,22,253,0.00039681267352849217,0.019920157467462254,6.622926155680231,0.6448274148564168,35.51725851435832,35.51725851435832,0.00535182544471207,3.152799167702148,0.0002606827978885511,0.00011688228737593648,0.0008812387011516639,6.156374797294533e-05,188.24073761048203,5.716247880429664,0.03017952124818757,0.09236224807369398,0.1459989447547685,77643,33c92b695c23ec01fbf8b366087e2b14bb366d0dcf6069115239c646eed2b077,three_row_sha256,55fb11b9b74269b2010aa30b16275d53a741c3a0bad678bf8fc80220dbac4aab,123ea5ce324bb82567913e1514a410f2bb582a6d8528a6ea98fbb2b74646f92c,a789b01b17129967eecd25421cde715dc938f6e3b95b30f735ff978f0882361e,0.23160199634730816,0.2253770362585783,0.22893608547747135,0.5818940699100494,0.13649999164044857,1.0372218675911427,0.060693128034472466,2.502224175259471,0.0,0.0,10.183721082285047,922.4688864778727,3947.0786445308477,195000,195000,589.1072495305888,,589.1072495305888,False,False,ok
BNCI2014_001,resampled_spectral_raw_rooted_s1,resampled,spectral,raw_rooted,8,1788,391,500,500,1.0,22,253,0.00039086955529925814,0.0197704212220999,6.605532425812997,0.6431339105652085,35.68660894347914,35.68660894347914,0.005325981922071453,3.137574561161152,0.0002612784386268956,0.00011207245127724427,0.0008322317273247407,6.604804927502203e-05,188.24073761048203,5.716247880429664,0.03017952124818757,0.09236224807369398,0.1459989447547685,78033,c7ac680f0dd6185a5e9d4887906f1dcbe62cdef2335db7342e92bcfcbc375216,three_row_sha256,d49f7ed29427aa5dab2fcadb10e4c36fc6b59999796f70614c46e83dc67cc896,123ea5ce324bb82567913e1514a410f2bb582a6d8528a6ea98fbb2b74646f92c,a789b01b17129967eecd25421cde715dc938f6e3b95b30f735ff978f0882361e,0.24019391275942326,0.22445502690970898,0.24389498867094517,0.593394972383976,0.13581407256424427,0.8117950055748224,0.06227684207260609,2.311824820935726,0.0,0.0,8.368988987058401,924.7807112988085,3955.447633517906,195500,195500,589.1072495305888,,589.1072495305888,False,False,ok
BNCI2014_001,resampled_spectral_raw_rooted_s1,resampled,spectral,raw_rooted,8,1788,392,500,500,1.0,22,253,0.0003882171376855416,0.019703226580576636,6.590207863047564,0.6416418664204367,35.835813357956326,35.835813357956326,0.005236015394647962,3.084574627640881,0.00025859515791349876,0.00011338853143472119,0.00073149525261869,6.31039903879357e-05,188.240737610482,5.716247880429664,0.03017952124818757,0.09236224807369398,0.1459989447547685,78424,3473966ff72a1b3924eca327f4c1f2cd34564926d2638ee6f09ce58f1a7994aa,three_row_sha256,c95675165019dafb474ceed861583429feb0cee14f47a575a8b5120052057851,123ea5ce324bb82567913e1514a410f2bb582a6d8528a6ea98fbb2b74646f92c,a789b01b17129967eecd25421cde715dc938f6e3b95b30f735ff978f0882361e,0.22720196284353733,0.22341706790030003,0.22987392731010914,0.5738360341638327,0.1357679720968008,1.0886709205806255,0.06007682532072067,2.538844710215926,0.0,0.0,8.905427064746618,927.3195560090244,3964.3530605826527,196000,196000,589.1072495305888,,589.1072495305888,False,False,ok
BNCI2014_001,resampled_spectral_raw_rooted_s1,resampled,spectral,raw_rooted,8,1788,393,500,500,1.0,22,253,0.0004057889281547406,0.02014420333879552,6.607256307045411,0.6433017526719281,35.66982473280719,35.66982473280719,0.005366607232073128,3.1615072257975663,0.0002651660495975581,0.00011981350874372723,0.0008877177413263448,5.0296669287981855e-05,188.240737610482,5.716247880429664,0.03017952124818757,0.09236224807369398,0.1459989447547685,78816,71ddceab6485ce21e2bbcd30351ff0e58e404f44771363db5ddecb37bf82f14a,three_row_sha256,6da558de2c49bfd280e744652c47c86aa6973d029822f4ae5b7cf5da8ca74f35,123ea5ce324bb82567913e1514a410f2bb582a6d8528a6ea98fbb2b74646f92c,a789b01b17129967eecd25421cde715dc938f6e3b95b30f735ff978f0882361e,0.21953415125608444,0.2221160102635622,0.22367597557604313,0.5634708795696497,0.14130398631095886,0.7922889199107885,0.06788596510887146,2.2302758879959583,0.0,0.0,8.804184850305319,929.5498318970203,3973.157245432958,196500,196500,589.1072495305888,,589.1072495305888,False,False,ok
BNCI2014_001,resampled_spectral_raw_rooted_s1,resampled,spectral,raw_rooted,8,1788,394,500,500,1.0,22,253,0.000398333295828083,0.019958288900306133,6.618133553296717,0.6443607931045277,35.56392068954724,35.56392068954724,0.005154912458082077,3.0367962997516993,0.0002677012446770658,0.00011802301915958255,0.0006943094462116106,6.244860257532564e-05,188.240737610482,5.716247880429664,0.03017952124818757,0.09236224807369398,0.1459989447547685,79209,7d4e35d1ea7395d3b6bc0dba05d3272447374bb0e7195f5379d82b977671e2d5,three_row_sha256,b7e04fa792a10191d3ddde941bf8949ca29a2df1c7f11761a67d83337e5f7a74,123ea5ce324bb82567913e1514a410f2bb582a6d8528a6ea98fbb2b74646f92c,a789b01b17129967eecd25421cde715dc938f6e3b95b30f735ff978f0882361e,0.23817108012735844,0.2250161487609148,0.2393699251115322,0.5788570269942284,0.1362611074000597,1.0416668374091387,0.060963910073041916,2.520306035876274,0.0,0.0,8.768789935857058,932.0701379328966,3981.926035368815,197000,197000,589.1072495305888,,589.1072495305888,False,False,ok
BNCI2014_001,resampled_spectral_raw_rooted_s1,resampled,spectral,raw_rooted,8,1788,395,500,500,1.0,22,253,0.0004045773337424696,0.020114107828647775,6.603646297439093,0.6429502716033898,35.704972839661025,35.704972839661025,0.005176390465612097,3.0494491496931064,0.00027009267101031376,0.0001199572461085484,0.0006771576551883008,6.571130837762986e-05,188.24073761048203,5.716247880429664,0.03017952124818757,0.09236224807369398,0.1459989447547685,79603,d36f774452e2b9ae74bdba445f6ce84bad9fad2fa9264d64d52857ff7bad1a46,three_row_sha256,dd28601358ef23d70b4bdcf9b96254ba46831ab3de2e32c16001788eb4bd6e51,123ea5ce324bb82567913e1514a410f2bb582a6d8528a6ea98fbb2b74646f92c,a789b01b17129967eecd25421cde715dc938f6e3b95b30f735ff978f0882361e,0.2199159935116768,0.22909510880708694,0.2269588876515627,0.5554489325731993,0.1336708664894104,0.8748401887714863,0.060567865148186684,2.300497842952609,0.0,0.0,9.778681909665465,934.3706357758492,3991.7047172784805,197500,197500,589.1072495305888,,589.1072495305888,False,False,ok
BNCI2014_001,resampled_spectral_raw_rooted_s1,resampled,spectral,raw_rooted,8,1788,396,500,500,1.0,22,253,0.00038675802850696227,0.019666164560151588,6.606500715315413,0.6432281860564338,35.677181394356616,35.677181394356616,0.005285349400442082,3.113637648102582,0.000256855736416269,0.00011311602220649407,0.0007962435578853417,7.234189410359107e-05,188.24073761048203,5.716247880429664,0.03017952124818757,0.09236224807369398,0.1459989447547685,79998,86c349a3443e2f3cdfc89d6a33a2943aaeee022509fd46c985e6cee65c4cb5b5,three_row_sha256,339833a6a07b235df107272586f1a36ef99599e06ac22a29349bb79e4f5b1fa4,123ea5ce324bb82567913e1514a410f2bb582a6d8528a6ea98fbb2b74646f92c,a789b01b17129967eecd25421cde715dc938f6e3b95b30f735ff978f0882361e,0.4654470831155777,0.2291640266776085,0.25457306765019894,0.7000199984759092,0.15827501192688942,0.6429518107324839,0.07225316949188709,2.5226841680705547,0.0,0.0,8.76822997815907,936.8933199439198,4000.4729472566396,198000,198000,589.1072495305888,,589.1072495305888,False,False,ok
BNCI2014_001,resampled_spectral_raw_rooted_s1,resampled,spectral,raw_rooted,8,1788,397,500,500,1.0,22,253,0.0003872609883291614,0.01967894784609079,6.596382541264173,0.6422430511080497,35.77569488919503,35.77569488919503,0.0051807533128477665,3.0520193346282336,0.0002620366368302249,0.00011243452851783463,0.0006922649136976257,5.903801884799637e-05,188.24073761048203,5.716247880429664,0.03017952124818757,0.09236224807369398,0.1459989447547685,80394,1c6455fbf7a2b41ef17775eb03da2a4bfd5b8c7f99ad44ca1a3fbaea8dd9710f,three_row_sha256,00497573bd8c8228265c3858fe47830e20ce7e3715f855725abc075cd211a67c,123ea5ce324bb82567913e1514a410f2bb582a6d8528a6ea98fbb2b74646f92c,a789b01b17129967eecd25421cde715dc938f6e3b95b30f735ff978f0882361e,0.21822098642587662,0.22309902124106884,0.2231840044260025,0.5494570359587669,0.14527607709169388,0.6131550762802362,0.05784002132713795,2.030232222750783,0.0,0.0,8.803380886092782,938.9235521666706,4009.2763281427324,198500,198500,589.1072495305888,,589.1072495305888,False,False,ok
BNCI2014_001,resampled_spectral_raw_rooted_s1,resampled,spectral,raw_rooted,8,1788,398,500,500,1.0,22,253,0.00038966399887251145,0.01973990878582045,6.590625391432655,0.6416825182022714,35.83174817977286,35.83174817977286,0.005263965935930961,3.101040494139,0.0002606027172967977,0.0001145108584050408,0.0007550223725271725,7.989117792512012e-05,188.240737610482,5.716247880429664,0.03017952124818757,0.09236224807369398,0.1459989447547685,80791,8f50220ab7c8c7719e60e3c02180fcd04dff050eeffb3be80274f2da0791b9cc,three_row_sha256,ed140f2529e855c3b74d75bbbd02f16de3c4f73b6efeb9788b59014e83324c1c,123ea5ce324bb82567913e1514a410f2bb582a6d8528a6ea98fbb2b74646f92c,a789b01b17129967eecd25421cde715dc938f6e3b95b30f735ff978f0882361e,0.22198911756277084,0.22463803179562092,0.2273288555443287,0.5652331747114658,0.13386481441557407,0.639190198853612,0.06764917634427547,2.079893369227648,0.0,0.0,8.48979502916336,941.0034455358982,4017.7661231718957,199000,199000,589.1072495305888,,589.1072495305888,False,False,ok
BNCI2014_001,resampled_spectral_raw_rooted_s1,resampled,spectral,raw_rooted,8,1788,399,500,500,1.0,22,253,0.000403319880559373,0.020082825512346938,6.60957699607982,0.6435277017276125,35.647229827238746,35.647229827238746,0.005339440721495916,3.1455032374720813,0.0002596138603494853,0.0001247061747098513,0.000826587353406215,5.604874003979991e-05,188.240737610482,5.716247880429664,0.03017952124818757,0.09236224807369398,0.1459989447547685,81189,0dc001b11c337d6cc831930759aa65ddbc52d06fa543c8a5b3171960757193f6,three_row_sha256,13c2cf9f4b623617a01998d5ff47871c0952751bfcb69726c22e330cf9a45b33,123ea5ce324bb82567913e1514a410f2bb582a6d8528a6ea98fbb2b74646f92c,a789b01b17129967eecd25421cde715dc938f6e3b95b30f735ff978f0882361e,0.21789595484733582,0.22281380370259285,0.22111902944743633,0.5504151340574026,0.14066207222640514,0.5966050084680319,0.058176927268505096,2.0076879300177097,0.0,0.0,8.378000929951668,943.0111334659159,4026.1441241018474,199500,199500,589.1072495305888,,589.1072495305888,False,False,ok
BNCI2014_001,resampled_spectral_raw_rooted_s1,resampled,spectral,raw_rooted,8,1788,400,500,500,1.0,22,253,0.00040503960123034865,0.020125595673925994,6.593693195820927,0.6419812085887371,35.801879141126285,35.801879141126285,0.00533874375905622,3.1450926518462055,0.0002641989724941911,0.0001221465662173085,0.0008771693771648101,6.270748938874541e-05,188.24073761048203,5.716247880429664,0.03017952124818757,0.09236224807369398,0.1459989447547685,81588,55c570b12a6e71159821bab3a1a1843b86ca01b4357326afadf55617b6d96839,three_row_sha256,a960077b8cf30a2af391074125c07d7eb735256c1f88ceadc006b3d992ac3c44,123ea5ce324bb82567913e1514a410f2bb582a6d8528a6ea98fbb2b74646f92c,a789b01b17129967eecd25421cde715dc938f6e3b95b30f735ff978f0882361e,0.21287007257342339,0.2204969059675932,0.2194889821112156,0.5499070975929499,0.1322480384260416,0.734678003937006,0.05655200220644474,2.1262411028146744,0.0,0.0,8.489953121170402,945.1373745687306,4034.634077223018,200000,200000,589.1072495305888,,589.1072495305888,False,False,ok
BNCI2014_001,resampled_spectral_raw_rooted_s1,resampled,spectral,raw_rooted,8,1788,401,500,500,1.0,22,253,0.0003913186765907368,0.019781776376016812,6.583624336361654,0.6410008750529167,35.89991249470833,35.89991249470833,0.0051649423642235485,3.042704990171751,0.0002661225652919649,0.0001135025978580128,0.000701245076930643,7.931012785380956e-05,188.240737610482,5.716247880429665,0.03017952124818757,0.09236224807369398,0.1459989447547685,81988,1abdefbaee6ef8fed2ee44ec3938e77a7d8e930a7000037f5df5226ad7ba1e97,three_row_sha256,95def9f40a3b74afb2ba8931c44bd31ad978c8146af5571176c542faec6706b9,123ea5ce324bb82567913e1514a410f2bb582a6d8528a6ea98fbb2b74646f92c,a789b01b17129967eecd25421cde715dc938f6e3b95b30f735ff978f0882361e,0.22375513799488544,0.22100796923041344,0.22247596643865108,0.5522340070456266,0.13118283823132515,0.6939801387488842,0.057830940932035446,2.1024669986218214,0.0,0.0,9.287795051932335,947.2398415673524,4043.92187227495,200500,200500,589.1072495305888,,589.1072495305888,False,False,ok
BNCI2014_001,resampled_spectral_raw_rooted_s1,resampled,spectral,raw_rooted,8,1788,402,500,500,1.0,22,253,0.0004219389587813276,0.020541152810427354,6.578831438132887,0.6405342244966705,35.94657755033295,35.94657755033295,0.005493403847197935,3.2362040309835307,0.0002687068686094492,0.00012767915486546416,0.0010892734616557661,6.099559579455304e-05,188.24073761048203,5.716247880429664,0.03017952124818757,0.09236224807369398,0.1459989447547685,82389,b042acf85185b046e241183650fddff5d8f73c08f3aeb2a36f3d984fa932bb85,three_row_sha256,ac840f7abd64ea1d5849af4e1ae508bfc12c7526c2def5d30c6b896325d04da5,123ea5ce324bb82567913e1514a410f2bb582a6d8528a6ea98fbb2b74646f92c,a789b01b17129967eecd25421cde715dc938f6e3b95b30f735ff978f0882361e,0.2819469664245844,0.22550299763679504,0.24331104941666126,0.673533882945776,0.14957902021706104,0.8321669884026051,0.06558280438184738,2.47162370942533,0.0,0.0,8.160680998116732,949.7114652767777,4052.082553273067,201000,201000,589.1072495305888,,589.1072495305888,False,False,ok
BNCI2014_001,resampled_spectral_raw_rooted_s1,resampled,spectral,raw_rooted,8,1788,403,500,500,1.0,22,253,0.0003901549260756289,0.01975233976205424,6.576787555047357,0.6403352260758319,35.966477392416806,35.966477392416806,0.005246882157622258,3.0909763164879696,0.00026224074770122565,0.00011297326327764815,0.0008072390401189159,5.0380837521886996e-05,188.240737610482,5.716247880429664,0.03017952124818757,0.09236224807369398,0.1459989447547685,82791,7ef2b69056a3eadf90a405e20a4543fb1de08fad85750eaee3bebebb2c3c4185,three_row_sha256,9fd2a9fde0f55c712af44f31a48706a68623e5a5107f39cf6c5030f973c94d92,123ea5ce324bb82567913e1514a410f2bb582a6d8528a6ea98fbb2b74646f92c,a789b01b17129967eecd25421cde715dc938f6e3b95b30f735ff978f0882361e,0.2242010086774826,0.2207800280302763,0.2275609876960516,0.558539992198348,0.13205897994339466,0.8620540611445904,0.05832384340465069,2.2835189010947943,0.0,0.0,8.471969980746508,951.9949841778725,4060.5545232538134,201500,201500,589.1072495305888,,589.1072495305888,False,False,ok
BNCI2014_001,resampled_spectral_raw_rooted_s1,resampled,spectral,raw_rooted,8,1788,404,500,500,1.0,22,253,0.00040663253444978557,0.020165131649701313,6.58244581689018,0.6408861309584961,35.9113869041504,35.9113869041504,0.0053113735916169545,3.1289686877868697,0.0002685690689901341,0.00012005416136287181,0.0008683874579381065,6.969175318175807e-05,188.240737610482,5.716247880429664,0.03017952124818757,0.09236224807369398,0.1459989447547685,83194,6e5a8bbb904494066972fad7da56bb611d15b40e37cec4bfa244939c8f4ffc5e,three_row_sha256,68739e7334234c395d92154a1825347ac48f122930d39fe703ecd08f4652a2d6,123ea5ce324bb82567913e1514a410f2bb582a6d8528a6ea98fbb2b74646f92c,a789b01b17129967eecd25421cde715dc938f6e3b95b30f735ff978f0882361e,0.20771706476807594,0.2199350856244564,0.21965405903756618,0.5390909500420094,0.13243104331195354,0.6111608818173409,0.058178091421723366,1.9881671760231256,0.0,0.0,8.556294022127986,953.9831513538957,4069.1108172759414,202000,202000,589.1072495305888,,589.1072495305888,False,False,ok
BNCI2014_001,resampled_spectral_raw_rooted_s1,resampled,spectral,raw_rooted,8,1788,405,500,500,1.0,22,253,0.0004238736758326975,0.02058819263152299,6.587895786772665,0.6414167559281485,35.858324407185144,35.858324407185144,0.0055168093883896825,3.2499924049787756,0.00027003470520150765,0.0001275772443487553,0.0010658140418322137,5.0214058396609994e-05,188.240737610482,5.716247880429665,0.03017952124818757,0.09236224807369398,0.1459989447547685,83598,fbaefcd4afce1ea24265fa799bd4e4e0560b432de85a7ed9e8667475537603af,three_row_sha256,09245ed6eb94f9b3e4606ea6fa654ce071faa21a9189f0ea45f1658848ae5aa0,123ea5ce324bb82567913e1514a410f2bb582a6d8528a6ea98fbb2b74646f92c,a789b01b17129967eecd25421cde715dc938f6e3b95b30f735ff978f0882361e,0.22102496586740017,0.224187970161438,0.2279828768223524,0.5793890450149775,0.13825390487909317,0.7839868776500225,0.060202088207006454,2.23502772860229,0.0,0.0,9.0162199921906,956.218179082498,4078.127037268132,202500,202500,589.1072495305888,,589.1072495305888,False,False,ok
BNCI2014_001,resampled_spectral_raw_rooted_s1,resampled,spectral,raw_rooted,8,1788,406,500,500,1.0,22,253,0.0004026463400826413,0.0200660494388567,6.581402399947958,0.6407845408405248,35.92154591594752,35.92154591594752,0.005288397989328136,3.1154335939161943,0.00026637980366752654,0.00011808088070604246,0.0007772396662235701,6.254695975435923e-05,188.24073761048203,5.716247880429664,0.03017952124818757,0.09236224807369398,0.1459989447547685,84003,faa91e840357c26c1c2ced11cb00db611e2639c1fee5d829870cb4f84967a4b9,three_row_sha256,fcc3d1cbd439ead3f5fdec9828a1fb0917c624e04383380b510547d4c812550e,123ea5ce324bb82567913e1514a410f2bb582a6d8528a6ea98fbb2b74646f92c,a789b01b17129967eecd25421cde715dc938f6e3b95b30f735ff978f0882361e,0.23171515204012394,0.22149295546114445,0.2263218630105257,0.5654168780893087,0.13260799460113049,0.7897419854998589,0.06053084507584572,2.227827673777938,0.0,0.0,9.22064296901226,958.4460067562759,4087.3476802371442,203000,203000,589.1072495305888,,589.1072495305888,False,False,ok
BNCI2014_001,resampled_spectral_raw_rooted_s1,resampled,spectral,raw_rooted,8,1788,407,500,500,1.0,22,253,0.0004011012389984576,0.020027512052136123,6.599266391851751,0.6425238312157405,35.74761687842595,35.74761687842595,0.005385036769855582,3.172364200110708,0.00025871551639740955,0.00012160494016554892,0.0008495626841348966,6.463298086878801e-05,188.240737610482,5.716247880429665,0.03017952124818757,0.09236224807369398,0.1459989447547685,84409,d9464d5b3d11a9f794322a8958939b7bc9062fcf083ee9cee96eaa007def5982,three_row_sha256,281d527b3c0c5090365f5c307833a18430cdffe7240d220430d5678b6625eb17,123ea5ce324bb82567913e1514a410f2bb582a6d8528a6ea98fbb2b74646f92c,a789b01b17129967eecd25421cde715dc938f6e3b95b30f735ff978f0882361e,0.23327907547354698,0.22193393670022488,0.22546504624187946,0.5758029874414206,0.13543292880058289,0.7943750824779272,0.0598288606852293,2.2461179178208113,0.0,0.0,10.563513031229377,960.6921246740967,4097.911193268374,203500,203500,589.1072495305888,,589.1072495305888,False,False,ok
BNCI2014_001,resampled_spectral_raw_rooted_s1,resampled,spectral,raw_rooted,8,1788,408,500,500,1.0,22,253,0.0004070480473577066,0.0201754317762398,6.589681642515178,0.6415906320540001,35.84093679459999,35.84093679459999,0.0054268207173247115,3.196979426478778,0.000265965399363762,0.00011907923238395513,0.0009639482011167433,4.9395271643767624e-05,188.24073761048206,5.716247880429664,0.03017952124818757,0.09236224807369398,0.1459989447547685,84816,8951e8549274c7d3ee8d2381cf45ba8df1b402b5718db12b79563008fb37f4c4,three_row_sha256,d8dda12790e224b0ca2959b8a49e8a82f6dbbc793cdee55839c42c787ad8ee41,123ea5ce324bb82567913e1514a410f2bb582a6d8528a6ea98fbb2b74646f92c,a789b01b17129967eecd25421cde715dc938f6e3b95b30f735ff978f0882361e,0.2622799947857857,0.224769813939929,0.23922394029796124,0.5980690475553274,0.136673916131258,0.8369579445570707,0.06329501047730446,2.3612696677446365,0.0,0.0,8.969170972704887,963.0533943418413,4106.8803642410785,204000,204000,589.1072495305888,,589.1072495305888,False,False,ok
BNCI2014_001,resampled_spectral_raw_rooted_s1,resampled,spectral,raw_rooted,8,1788,409,500,500,1.0,22,253,0.00038958872045293175,0.01973800193669389,6.56791689702321,0.6394715529278412,36.052844707215876,36.052844707215876,0.005300036048351879,3.122289658857546,0.0002632125347538007,0.00011078258183711198,0.0008399673739143681,5.968332134231483e-05,188.24073761048203,5.716247880429664,0.03017952124818757,0.09236224807369398,0.1459989447547685,85224,efff74c5eefd165975b3062b4d3619ec8f7fc0f535e83d5ad976b7a506cc4e02,three_row_sha256,be4c582f19582e4489677232a3463ed52d22917bf87b94ea50613c67bbd9b9d7,123ea5ce324bb82567913e1514a410f2bb582a6d8528a6ea98fbb2b74646f92c,a789b01b17129967eecd25421cde715dc938f6e3b95b30f735ff978f0882361e,0.2161229494959116,0.22019888274371624,0.22040889598429203,0.5606389604508877,0.1356680877506733,0.7583140395581722,0.05814805626869202,2.169499872252345,0.0,0.0,8.385561173781753,965.2228942140937,4115.26592541486,204500,204500,589.1072495305888,,589.1072495305888,False,False,ok
BNCI2014_001,resampled_spectral_raw_rooted_s1,resampled,spectral,raw_rooted,8,1788,410,500,500,1.0,22,253,0.0003836666077178283,0.01958740941824182,6.575887437411274,0.6402475879964243,35.975241200357566,35.975241200357566,0.00531596535407448,3.1316737283387197,0.00025543572719255046,0.00011025470792816203,0.0008129816675438997,6.639768189473799e-05,188.240737610482,5.716247880429664,0.03017952124818757,0.09236224807369398,0.1459989447547685,85633,6ce8b9181dce7b776e58f6148b957782b72e685ecfa5079fde8f403219be2037,three_row_sha256,5efac28e7a5f63068d5d17eed5df5c4ee8d8e84fe96d0cdf88f88fb1ec435dfa,123ea5ce324bb82567913e1514a410f2bb582a6d8528a6ea98fbb2b74646f92c,a789b01b17129967eecd25421cde715dc938f6e3b95b30f735ff978f0882361e,0.21018600091338158,0.22714585065841675,0.2186829224228859,0.5352480802685022,0.1306778285652399,0.8128180634230375,0.058230943977832794,2.1929896902292967,0.0,0.0,9.029560023918748,967.415883904323,4124.295485438779,205000,205000,589.1072495305888,,589.1072495305888,False,False,ok
BNCI2014_001,resampled_spectral_raw_rooted_s1,resampled,spectral,raw_rooted,8,1788,411,500,500,1.0,22,253,0.00038703490307789563,0.019673202664484895,6.5829636772705165,0.6409365513561359,35.90634486438641,35.90634486438641,0.0052115357411127,3.070153486277261,0.0002586784445483128,0.00011450466398592898,0.0006753016471558657,6.967663209904107e-05,188.24073761048203,5.716247880429664,0.03017952124818757,0.09236224807369398,0.1459989447547685,86043,b8eebe8f731497d38d3d53850ca3a0160255fdda8be2143a98689cfabe78fb50,three_row_sha256,67de502965b2df24f2f498b0ebd5be80af99770c4ec306e348d43a7e88aa1a35,123ea5ce324bb82567913e1514a410f2bb582a6d8528a6ea98fbb2b74646f92c,a789b01b17129967eecd25421cde715dc938f6e3b95b30f735ff978f0882361e,0.20987493917346,0.22005289793014526,0.22594002075493336,0.5469529423862696,0.1294109970331192,0.6735757924616337,0.057752011343836784,2.063559601083398,0.0,0.0,8.613359881564975,969.4794435054064,4132.908845320344,205500,205500,589.1072495305888,,589.1072495305888,False,False,ok
BNCI2014_001,resampled_spectral_raw_rooted_s1,resampled,spectral,raw_rooted,8,1788,412,500,500,1.0,22,253,0.0004026535327822193,0.020066228663658234,6.574460136041982,0.6401086217705376,35.98913782294624,35.98913782294624,0.005263299731119337,3.1006480280548003,0.0002635633293465228,0.00012342373041866078,0.0007160346337642464,6.531696521928056e-05,188.24073761048203,5.716247880429664,0.03017952124818757,0.09236224807369398,0.1459989447547685,86454,a93d8b6d3d67031f4307dbe92d65e6913de2a7c165fca87f1ebb6324d105710f,three_row_sha256,a2542a54a0955bfbdfe2ce62e27feff979779926577a2252c5005e71b32e0f9a,123ea5ce324bb82567913e1514a410f2bb582a6d8528a6ea98fbb2b74646f92c,a789b01b17129967eecd25421cde715dc938f6e3b95b30f735ff978f0882361e,0.2173448447138071,0.22331299260258675,0.22833514958620071,0.5566349718719721,0.13246689923107624,0.684686005115509,0.05940510891377926,2.102185972034931,0.0,0.0,8.753537200391293,971.5816294774413,4141.662382520735,206000,206000,589.1072495305888,,589.1072495305888,False,False,ok
BNCI2014_001,resampled_spectral_raw_rooted_s1,resampled,spectral,raw_rooted,8,1788,413,500,500,1.0,22,253,0.00041781617007656703,0.0204405520981349,6.564058530265801,0.6390958910824175,36.090410891758246,36.090410891758246,0.005464214772820208,3.2190085356605236,0.0002647159903919386,0.00012818909131923295,0.0009932230657892771,5.463979999860698e-05,188.24073761048206,5.716247880429665,0.03017952124818757,0.09236224807369398,0.1459989447547685,86866,67ac1f0541bb684cc13a7d4a9a2449adfe166a76e605fc242acc64e744efd4fb,three_row_sha256,7328e44d9fbdf65624c762288cad21dfeb471d07c0aef936112c55b0d75fc10e,123ea5ce324bb82567913e1514a410f2bb582a6d8528a6ea98fbb2b74646f92c,a789b01b17129967eecd25421cde715dc938f6e3b95b30f735ff978f0882361e,0.27448381297290325,0.22809812799096107,0.2386951819062233,0.8373961318284273,0.16022613272070885,0.8434948977082968,0.06797397509217262,2.650368260219693,0.0,0.0,9.14983102120459,974.231997737661,4150.81221354194,206500,206500,589.1072495305888,,589.1072495305888,False,False,ok
BNCI2014_001,resampled_spectral_raw_rooted_s1,resampled,spectral,raw_rooted,8,1788,414,500,500,1.0,22,253,0.0004011530385755605,0.020028805220870277,6.5556033535027085,0.6382726704022922,36.172732959770784,36.172732959770784,0.00544440704801833,3.2073396613830303,0.0002599519744159385,0.00012043331363270086,0.0010009172717352056,4.0785632012050384e-05,188.24073761048203,5.716247880429664,0.03017952124818757,0.09236224807369398,0.1459989447547685,87279,f3e66cec95c2c1232dab3d019e5c8c9121fef4329a65e157f3beadfdf4a0be75,three_row_sha256,1c54d8c0c22e3dc0446737e8080870b1ddb85b9f32a404445c170fe2228b9d89,123ea5ce324bb82567913e1514a410f2bb582a6d8528a6ea98fbb2b74646f92c,a789b01b17129967eecd25421cde715dc938f6e3b95b30f735ff978f0882361e,0.22707111202180386,0.22124918177723885,0.22362195886671543,0.5596459377557039,0.13183988630771637,0.6574729923158884,0.05873292684555054,2.0796339958906174,0.0,0.0,8.402485866099596,976.3116317335516,4159.214699408039,207000,207000,589.1072495305888,,589.1072495305888,False,False,ok
BNCI2014_001,resampled_spectral_raw_rooted_s1,resampled,spectral,raw_rooted,8,1788,415,500,500,1.0,22,253,0.00039436323562474325,0.019858580906619266,6.5742029257198125,0.6400835790230842,35.99164209769158,35.99164209769158,0.005285999504994511,3.1140206294073702,0.00025860925146022,0.00011957844050664108,0.0007821361290408696,4.236279568524411e-05,188.24073761048206,5.716247880429664,0.03017952124818757,0.09236224807369398,0.1459989447547685,87693,7913cccec135a7319b6f3c396f6d3d462009e692de7bac88058c05e0b8d6f266,three_row_sha256,7d6ddd610282668cee46fda0647da41d24a2ab79579c570049b49ace5b0b3e8a,123ea5ce324bb82567913e1514a410f2bb582a6d8528a6ea98fbb2b74646f92c,a789b01b17129967eecd25421cde715dc938f6e3b95b30f735ff978f0882361e,0.20929193124175072,0.22014882415533066,0.21827290765941143,0.5315849557518959,0.1340650487691164,0.6773530039936304,0.06206892430782318,2.0527855958789587,0.0,0.0,8.839651942253113,978.3644173294306,4168.054351350293,207500,207500,589.1072495305888,,589.1072495305888,False,False,ok
BNCI2014_001,resampled_spectral_raw_rooted_s1,resampled,spectral,raw_rooted,8,1788,416,500,500,1.0,22,253,0.00039358861556112177,0.019839067910593023,6.571614189368976,0.6398315320985654,36.01684679014347,36.01684679014347,0.005429148196913172,3.1983505615774743,0.00025723924389059607,0.00011623573245668263,0.0008576845100760032,6.621254631424277e-05,188.240737610482,5.716247880429664,0.03017952124818757,0.09236224807369398,0.1459989447547685,88108,381de3a655043c9df3c9cdc8a6567f6b1cf30b97f4648765a553b0a2ae245405,three_row_sha256,101eb17c96210983c05c2b8ba2d831db30a7c2c1216635d67fb3e386beda4726,123ea5ce324bb82567913e1514a410f2bb582a6d8528a6ea98fbb2b74646f92c,a789b01b17129967eecd25421cde715dc938f6e3b95b30f735ff978f0882361e,0.20572589710354805,0.22376002743840218,0.21899607963860035,0.5409850273281336,0.1313698012381792,0.6606630049645901,0.057006021961569786,2.0385058596730232,0.0,0.0,8.47762287594378,980.4029231891036,4176.531974226236,208000,208000,589.1072495305888,,589.1072495305888,False,False,ok
BNCI2014_001,resampled_spectral_raw_rooted_s1,resampled,spectral,raw_rooted,8,1788,417,500,500,1.0,22,253,0.00039807137988552934,0.019951726238236364,6.545031001826325,0.6372433153951269,36.27566846048731,36.27566846048731,0.005376834582085454,3.167532231833315,0.0002575495528807087,0.0001199426432911929,0.0008425328521402229,5.7964131597712466e-05,188.24073761048203,5.716247880429664,0.03017952124818757,0.09236224807369398,0.1459989447547685,88524,51089006f192dbe06ccd63a0fe22252aeba08def3281fa1770e8424a3beb520d,three_row_sha256,db40626af3f7b34cececab3ab967a8aa4ff81ad45807625ffb14f34bec5e2848,123ea5ce324bb82567913e1514a410f2bb582a6d8528a6ea98fbb2b74646f92c,a789b01b17129967eecd25421cde715dc938f6e3b95b30f735ff978f0882361e,0.21748803555965424,0.2220140304416418,0.2248920500278473,0.5430520977824926,0.14156801626086235,0.7556069176644087,0.06524799391627312,2.16986914165318,0.0,0.0,8.325876900926232,982.5727923307568,4184.857851127163,208500,208500,589.1072495305888,,589.1072495305888,False,False,ok
BNCI2014_001,resampled_spectral_raw_rooted_s1,resampled,spectral,raw_rooted,8,1788,418,500,500,1.0,22,253,0.00039564217255639927,0.01989075595738883,6.54222139471095,0.636969763848517,36.3030236151483,36.3030236151483,0.005169136071118216,3.045175533305806,0.0002672006018116088,0.0001167555039784936,0.0006828949132212706,6.16054727698759e-05,188.240737610482,5.716247880429664,0.03017952124818757,0.09236224807369398,0.1459989447547685,88941,c5ddb171cc9bbc0c7389b0ecccd88d4aa6a49e3237ae673c1047acc032045b96,three_row_sha256,e3323da98c19d4c3b01bb48f2b7ffab77b9540bfa9ac7c8c8a079a9bf9dc7f73,123ea5ce324bb82567913e1514a410f2bb582a6d8528a6ea98fbb2b74646f92c,a789b01b17129967eecd25421cde715dc938f6e3b95b30f735ff978f0882361e,0.22493209689855576,0.22406689822673798,0.2241430338472128,0.5522968713194132,0.1325190532952547,0.7580770179629326,0.05628005601465702,2.172315027564764,0.0,0.0,8.298663888126612,984.7451073583215,4193.156515015289,209000,209000,589.1072495305888,,589.1072495305888,False,False,ok
BNCI2014_001,resampled_spectral_raw_rooted_s1,resampled,spectral,raw_rooted,8,1788,419,500,500,1.0,22,253,0.00039506485744256306,0.019876238513425095,6.5553329627160375,0.6382463443663571,36.175365563364295,36.175365563364295,0.005251965662727218,3.0939710461983267,0.00026172019417375743,0.00011749303774474573,0.000720570412093146,5.9277747378820766e-05,188.24073761048203,5.716247880429665,0.03017952124818757,0.09236224807369398,0.1459989447547685,89359,e508307bb7a4380dd27ff48e9bd2d41ea4b1ae24f3f44e7777da96ac5ca1efbf,three_row_sha256,b0d331a12395437967e60b98ed0f64ac6d2103ef3e97f58309a609fa84939f6d,123ea5ce324bb82567913e1514a410f2bb582a6d8528a6ea98fbb2b74646f92c,a789b01b17129967eecd25421cde715dc938f6e3b95b30f735ff978f0882361e,0.22589717991650105,0.2262289635837078,0.21994789130985737,0.7081120274960995,0.15904195606708527,0.7790680974721909,0.07382105104625225,2.392117166891694,0.0,0.0,9.473530808463693,987.1372245252132,4202.630045823753,209500,209500,589.1072495305888,,589.1072495305888,False,False,ok
BNCI2014_001,resampled_spectral_raw_rooted_s1,resampled,spectral,raw_rooted,8,1788,420,500,500,1.0,22,253,0.0003816728491027559,0.019536449245007546,6.559341652941295,0.6386366421432236,36.13633578567765,36.13633578567765,0.005265335342046163,3.1018472212090167,0.0002560246711765723,0.00011053961616811307,0.0007410452185791744,4.9703081703402854e-05,188.24073761048203,5.716247880429664,0.03017952124818757,0.09236224807369398,0.1459989447547685,89778,25f7f1e6cce61a000eb24b58a264b8d2d43b2924e3b7dda50f911fe40501d612,three_row_sha256,49c1853a7a991ef0cdd031d7fd1916b8f9cb880844319efdd7bc7a7410537a97,123ea5ce324bb82567913e1514a410f2bb582a6d8528a6ea98fbb2b74646f92c,a789b01b17129967eecd25421cde715dc938f6e3b95b30f735ff978f0882361e,0.2318399492651224,0.222817063331604,0.22908509708940983,0.5657679866999388,0.13508182018995285,0.6468300707638264,0.059445155784487724,2.090867143124342,0.0,0.0,8.650379022583365,989.2280916683376,4211.280424846336,210000,210000,589.1072495305888,,589.1072495305888,False,False,ok
BNCI2014_001,resampled_spectral_raw_rooted_s1,resampled,spectral,raw_rooted,8,1788,421,500,500,1.0,22,253,0.0004038336765047778,0.020095613364731563,6.543365986417071,0.6370812046367087,36.291879536329134,36.291879536329134,0.005405553754259472,3.1844509043615457,0.00026215748465494145,0.00012067331448846319,0.0008242920770567292,4.2382151810250475e-05,188.240737610482,5.716247880429664,0.03017952124818757,0.09236224807369398,0.1459989447547685,90198,254a57c92d3a6eb48f6605fd5cfd606b02e1a9c486fac2920dd78b3a489138e8,three_row_sha256,f101b7e7465afd019e693e8ec8cce6836bc89db6fd57b5cd90cfadff0f619582,123ea5ce324bb82567913e1514a410f2bb582a6d8528a6ea98fbb2b74646f92c,a789b01b17129967eecd25421cde715dc938f6e3b95b30f735ff978f0882361e,0.21789385937154293,0.21972996182739735,0.21896092221140862,0.5461249966174364,0.1310629304498434,0.7115539629012346,0.058652833104133606,2.103979466482997,0.0,0.0,8.755466900765896,991.3320711348206,4220.035891747102,210500,210500,589.1072495305888,,589.1072495305888,False,False,ok
BNCI2014_001,resampled_spectral_raw_rooted_s1,resampled,spectral,raw_rooted,8,1788,422,500,500,1.0,22,253,0.0003913031931514788,0.019781385016006306,6.555859298068598,0.6382975899120209,36.17024100879791,36.17024100879791,0.005392021308431051,3.176478842420143,0.00025866815626618156,0.00011326827370683733,0.0009269803123520591,7.216868437463019e-05,188.24073761048203,5.716247880429664,0.03017952124818757,0.09236224807369398,0.1459989447547685,90619,20d22130f7494d749de7399210db4f3a084835a8fe5764a4df3b9b059b4d6cc9,three_row_sha256,1e2cd26aec662c04be0ff5002dd6244d7427fa279bccefb654fcfb0ab3283e43,123ea5ce324bb82567913e1514a410f2bb582a6d8528a6ea98fbb2b74646f92c,a789b01b17129967eecd25421cde715dc938f6e3b95b30f735ff978f0882361e,0.21432200446724892,0.22079003974795341,0.22157607600092888,0.5360778886824846,0.13014604337513447,0.6159269250929356,0.057443976402282715,1.9962829537689686,0.0,0.0,8.46014590933919,993.3283540885895,4228.496037656441,211000,211000,589.1072495305888,,589.1072495305888,False,False,ok
BNCI2014_001,resampled_spectral_raw_rooted_s1,resampled,spectral,raw_rooted,8,1788,423,500,500,1.0,22,253,0.000387452653306599,0.019683817041077144,6.564102193032432,0.6391001422167757,36.08998577832243,36.08998577832243,0.005230125123140324,3.081104625994028,0.00025780097232204545,0.00011570488177386016,0.0006745940475843819,6.0240116683530716e-05,188.24073761048203,5.716247880429664,0.03017952124818757,0.09236224807369398,0.1459989447547685,91041,769f84917b442be014a5ee134374e691dc1c74d55d19036820dcb0cbb90963d1,three_row_sha256,3e0b2d15f5b37b3f27d4ac9df0474bc49f503066e151d5a143b3d0c882fc9500,123ea5ce324bb82567913e1514a410f2bb582a6d8528a6ea98fbb2b74646f92c,a789b01b17129967eecd25421cde715dc938f6e3b95b30f735ff978f0882361e,0.21439301781356335,0.21860911510884762,0.2187080681324005,0.5389479920268059,0.130864093080163,0.593970064073801,0.055897049605846405,1.9713893998414278,0.0,0.0,8.143607061356306,995.299743488431,4236.639644717798,211500,211500,589.1072495305888,,589.1072495305888,False,False,ok
BNCI2014_001,resampled_spectral_raw_rooted_s1,resampled,spectral,raw_rooted,8,1788,424,500,500,1.0,22,253,0.00039358616462362714,0.019839006140016872,6.576169559911335,0.6402750562662058,35.97249437337941,35.97249437337941,0.005308225086070179,3.1271138803440763,0.00026262981719779805,0.00011448667870695266,0.0007999871233524955,5.817423556208391e-05,188.24073761048203,5.716247880429664,0.03017952124818757,0.09236224807369398,0.1459989447547685,91464,45435f9eb37f34fd44a9d4e880e1e17ed680aa3a00ec7eb5f3d078a3db293cfb,three_row_sha256,a621f2b3401e26b68a1caa691dad0c95dfd2b05f4533c5a3643b6cb56def415b,123ea5ce324bb82567913e1514a410f2bb582a6d8528a6ea98fbb2b74646f92c,a789b01b17129967eecd25421cde715dc938f6e3b95b30f735ff978f0882361e,0.2215930726379156,0.22085988894104958,0.22186804562807083,0.5425370763987303,0.1311351079493761,0.6178501062095165,0.06002793088555336,2.0158712286502123,0.0,0.0,8.612717036157846,997.3156147170812,4245.2523617539555,212000,212000,589.1072495305888,,589.1072495305888,False,False,ok
BNCI2014_001,resampled_spectral_raw_rooted_s1,resampled,spectral,raw_rooted,8,1788,425,500,500,1.0,22,253,0.00038482806922685275,0.019617035179324442,6.555275220853275,0.6382407224501196,36.17592775498804,36.17592775498804,0.005210427168054119,3.0695004178518173,0.00025968593865415864,0.00011043966671507675,0.0007397712289125772,6.769960681462167e-05,188.240737610482,5.716247880429664,0.03017952124818757,0.09236224807369398,0.1459989447547685,91888,8ae972bb29f0425d94fc0bbb516edaa3a7a2ab45135b6959d21ad21123c908e1,three_row_sha256,4f9c336b4af51e4ba891ccbf6981b64c7234cb0b6609dd3492b78c3a20e1f257,123ea5ce324bb82567913e1514a410f2bb582a6d8528a6ea98fbb2b74646f92c,a789b01b17129967eecd25421cde715dc938f6e3b95b30f735ff978f0882361e,0.2816789783537388,0.23064506240189075,0.24118716828525066,0.8232670370489359,0.1566680148243904,0.7062118966132402,0.07043802179396152,2.5100961793214083,0.0,0.0,9.406160097569227,999.8257108964026,4254.658521851525,212500,212500,589.1072495305888,,589.1072495305888,False,False,ok
BNCI2014_001,resampled_spectral_raw_rooted_s1,resampled,spectral,raw_rooted,8,1788,426,500,500,1.0,22,253,0.0003999093069078629,0.019997732544162674,6.555235170293934,0.6382368230108029,36.17631769891971,36.17631769891971,0.0053887761696172895,3.174567107619223,0.0002596151924544741,0.00012036887079820145,0.0008758657704905744,5.5930365806499134e-05,188.24073761048203,5.716247880429664,0.03017952124818757,0.09236224807369398,0.1459989447547685,92313,a646831e525bc790172e14d8cad6a293d259842a71efecc24beb8868abe27492,three_row_sha256,89e2a44cf96eb3becfac3cd4afb3c8aa61e599f75b12e928f30d3c5aebff041e,123ea5ce324bb82567913e1514a410f2bb582a6d8528a6ea98fbb2b74646f92c,a789b01b17129967eecd25421cde715dc938f6e3b95b30f735ff978f0882361e,0.22300612181425095,0.2215779386460781,0.22309506312012672,0.5600808653980494,0.14214403927326202,0.6045300979167223,0.05759298801422119,2.0320271141827106,0.0,0.0,8.364971028640866,1001.8577380105853,4263.023492880166,213000,213000,589.1072495305888,,589.1072495305888,False,False,ok
BNCI2014_001,resampled_spectral_raw_rooted_s1,resampled,spectral,raw_rooted,8,1788,427,500,500,1.0,22,253,0.0003979268996954496,0.019948105165540148,6.565897159602794,0.6392749053994102,36.07250946005898,36.07250946005898,0.00535660024451239,3.1556120368795733,0.0002626477180679027,0.00011606560497269501,0.0008497936060675142,6.336799498191193e-05,188.24073761048203,5.716247880429665,0.03017952124818757,0.09236224807369398,0.1459989447547685,92739,c568974fef3fdec75829bc1ecc6b80aa364c300bf858c4623ef89aeab0ba9ee6,three_row_sha256,e7274ad1f2b1a15cbef71616e2432bf2135016d359a8a8eef6ec1e14b2dae4ba,123ea5ce324bb82567913e1514a410f2bb582a6d8528a6ea98fbb2b74646f92c,a789b01b17129967eecd25421cde715dc938f6e3b95b30f735ff978f0882361e,0.20835199393332005,0.22179191000759602,0.21851086057722569,0.5320110358297825,0.1289688516408205,0.7501877844333649,0.05726306699216366,2.1170855034142733,0.0,0.0,8.253492880612612,1003.9748235139996,4271.276985760778,213500,213500,589.1072495305888,,589.1072495305888,False,False,ok
BNCI2014_001,resampled_spectral_raw_rooted_s1,resampled,spectral,raw_rooted,8,1788,428,500,500,1.0,22,253,0.0003897330492344987,0.019741657712423713,6.5700515401203825,0.6396793880082324,36.03206119917675,36.03206119917675,0.005543853706203508,3.2659244086615096,0.0002561893229548943,0.00011052294007106777,0.0011415094931593128,6.864465929736806e-05,188.24073761048203,5.716247880429665,0.03017952124818757,0.09236224807369398,0.1459989447547685,93166,175dd7b7e4d5cc5f1ef5b615ca5a70ffa86258f6bbae4f9232f28041117d670a,three_row_sha256,11f870f027a78521fd06420477e2647000315261881821af92fda45d4f908e74,123ea5ce324bb82567913e1514a410f2bb582a6d8528a6ea98fbb2b74646f92c,a789b01b17129967eecd25421cde715dc938f6e3b95b30f735ff978f0882361e,0.20912615582346916,0.2205150667577982,0.21975277923047543,0.5360899958759546,0.1289800275117159,0.7345930207520723,0.0574369914829731,2.1064940374344587,0.0,0.0,8.58795503154397,1006.081317551434,4279.864940792322,214000,214000,589.1072495305888,,589.1072495305888,False,False,ok
BNCI2014_001,resampled_spectral_raw_rooted_s1,resampled,spectral,raw_rooted,8,1788,429,500,500,1.0,22,253,0.0003833832056518644,0.019580173790134357,6.578104487696355,0.6404634464810776,35.953655351892245,35.953655351892245,0.005197309085426689,3.0617724602760568,0.0002572440916073154,0.00011181162045165216,0.0006779790940662118,7.924449728419648e-05,188.240737610482,5.716247880429664,0.03017952124818757,0.09236224807369398,0.1459989447547685,93594,5e7e464a10b66bd654c3ee69e621f25f03c3cbd72e64e006201e9b9f4ef62152,three_row_sha256,619ca263371816c1707deff277478984a19df0edf68db37d186c648b4022c8e3,123ea5ce324bb82567913e1514a410f2bb582a6d8528a6ea98fbb2b74646f92c,a789b01b17129967eecd25421cde715dc938f6e3b95b30f735ff978f0882361e,0.21858606487512589,0.2216980792582035,0.22233696654438972,0.5575970280915499,0.13291998766362667,0.9514030534774065,0.056585995480418205,2.3611271753907204,0.0,0.0,8.590949000790715,1008.4424447268248,4288.455889793113,214500,214500,589.1072495305888,,589.1072495305888,False,False,ok
BNCI2014_001,resampled_spectral_raw_rooted_s1,resampled,spectral,raw_rooted,8,1788,430,500,500,1.0,22,253,0.0004066118207874526,0.020164618042190947,6.563662255864781,0.6390573086504868,36.09426913495132,36.09426913495132,0.005385863536800335,3.172851254511535,0.0002668275731201039,0.00011959570932084126,0.0009848752977927653,6.27969503444395e-05,188.24073761048203,5.716247880429664,0.03017952124818757,0.09236224807369398,0.1459989447547685,94023,ab120a4b14260965acee3442dd61d6cd00bbc0d3b0b369953f83ef8cbc7bbab2,three_row_sha256,02366baad726943074fcfaeeed60907895215d63b6b961cd794cefaa62d45200,123ea5ce324bb82567913e1514a410f2bb582a6d8528a6ea98fbb2b74646f92c,a789b01b17129967eecd25421cde715dc938f6e3b95b30f735ff978f0882361e,0.2145189791917801,0.2217001747339964,0.22700498811900616,0.5513280630111694,0.1329910010099411,0.6953449919819832,0.057196011766791344,2.1000842098146677,0.0,0.0,8.247287943959236,1010.5425289366394,4296.703177737072,215000,215000,589.1072495305888,,589.1072495305888,False,False,ok
BNCI2014_001,resampled_spectral_raw_rooted_s1,resampled,spectral,raw_rooted,8,1788,431,500,500,1.0,22,253,0.00038580598069335933,0.019641944422418043,6.568667430482028,0.6395446270552944,36.04553729447056,36.04553729447056,0.005298689804363565,3.121496576764393,0.0002584630055301538,0.00011084362853358619,0.0007924900753194887,6.407137640210937e-05,188.240737610482,5.716247880429664,0.03017952124818757,0.09236224807369398,0.1459989447547685,94453,0e48afc9a58880933b82c566f8f4532f4c0c0f17dfebf724ca3292cb36890230,three_row_sha256,7a7e69c8281f798be561b3293d0615bed861415b3de3fca2ecc3b57f4c5d4e96,123ea5ce324bb82567913e1514a410f2bb582a6d8528a6ea98fbb2b74646f92c,a789b01b17129967eecd25421cde715dc938f6e3b95b30f735ff978f0882361e,0.21721399389207363,0.22125104442238808,0.2212009858340025,0.5348559934645891,0.16182614490389824,0.6530170794576406,0.07019005715847015,2.0795552991330624,0.0,0.0,10.18294901587069,1012.6220842357725,4306.886126752943,215500,215500,589.1072495305888,,589.1072495305888,False,False,ok
BNCI2014_001,resampled_spectral_raw_rooted_s1,resampled,spectral,raw_rooted,8,1788,432,500,500,1.0,22,253,0.0003922344428866708,0.019804909565223235,6.541655355143562,0.6369146525846489,36.30853474153512,36.30853474153512,0.005346112923723292,3.149433880174563,0.000263766116576321,0.00011011175974184915,0.0008312976138518962,6.0030413679441044e-05,188.24073761048203,5.716247880429664,0.03017952124818757,0.09236224807369398,0.1459989447547685,94884,f2ec451909f157bc3bdabee2e520594cce3d92a0648be8b6d00020b0e72c330b,three_row_sha256,c3a1a1e3256f5a763b8747df0e382f13cec870843eccfcc22a68f4d0995bf9b5,123ea5ce324bb82567913e1514a410f2bb582a6d8528a6ea98fbb2b74646f92c,a789b01b17129967eecd25421cde715dc938f6e3b95b30f735ff978f0882361e,0.23092213086783886,0.2217879518866539,0.22370205260813236,0.5803192034363747,0.13328599743545055,0.6219041533768177,0.05786796100437641,2.0697894506156445,0.0,0.0,7.860887795686722,1014.6918736863881,4314.7470145486295,216000,216000,589.1072495305888,,589.1072495305888,False,False,ok
BNCI2014_001,resampled_spectral_raw_rooted_s1,resampled,spectral,raw_rooted,8,1788,433,500,500,1.0,22,253,0.0003939276271853144,0.01984761011268899,6.545099940753269,0.6372500274902038,36.274997250979624,36.274997250979624,0.005270985871256553,3.105175988930542,0.00026124813775184384,0.0001155049311508911,0.0007647059682583095,7.249902501231352e-05,188.240737610482,5.716247880429665,0.03017952124818757,0.09236224807369398,0.1459989447547685,95316,53148424f5c2a781f25817f2fa2f85978db7fc3e3a872dc641dac88570c23967,three_row_sha256,e10af45f359ad4e1a54fa3f689c1e101956027220f8fa36c98ff4f2aa5cb41f1,123ea5ce324bb82567913e1514a410f2bb582a6d8528a6ea98fbb2b74646f92c,a789b01b17129967eecd25421cde715dc938f6e3b95b30f735ff978f0882361e,0.23023388348519802,0.22209994494915009,0.2281349152326584,0.5639169830828905,0.1342638861387968,0.7859689649194479,0.058412086218595505,2.223030664026737,0.0,0.0,8.78481101244688,1016.9149043504149,4323.531825561076,216500,216500,589.1072495305888,,589.1072495305888,False,False,ok
BNCI2014_001,resampled_spectral_raw_rooted_s1,resampled,spectral,raw_rooted,8,1788,434,500,500,1.0,22,253,0.00039968347425792575,0.019992085290382437,6.55705709835827,0.6384142112431588,36.15857887568412,36.15857887568412,0.005338226551905976,3.144787961364489,0.0002622835067941387,0.00011831807846260397,0.0009007863382323607,4.870210873333938e-05,188.24073761048203,5.716247880429664,0.03017952124818757,0.09236224807369398,0.1459989447547685,95749,88dcfecdbd59b6850f84d59421afeab08371a43f59375725f26c23f6a50d84b9,three_row_sha256,c1351cf2da5f1cf58b46f670464c409b5e3e4cdeb5372306da00c1b1d4bc280d,123ea5ce324bb82567913e1514a410f2bb582a6d8528a6ea98fbb2b74646f92c,a789b01b17129967eecd25421cde715dc938f6e3b95b30f735ff978f0882361e,0.22001098841428757,0.2214179839938879,0.2206931822001934,0.5463480483740568,0.1314419787377119,0.7602199912071228,0.05903816781938076,2.159170340746641,0.0,0.0,9.711052989587188,1019.0740746911615,4333.242878550664,217000,217000,589.1072495305888,,589.1072495305888,False,False,ok
BNCI2014_001,resampled_spectral_raw_rooted_s1,resampled,spectral,raw_rooted,8,1788,435,500,500,1.0,22,253,0.0003954753102374763,0.01988656104602996,6.554355429711138,0.6381511689007593,36.18488310992407,36.18488310992407,0.00538451297588332,3.1720556292843876,0.00026105267301255536,0.00011511938296643297,0.0009686904958740156,5.8272912327750185e-05,188.240737610482,5.716247880429664,0.03017952124818757,0.09236224807369398,0.1459989447547685,96183,84440da6a25f3471e2b1fb3d9821ce06c02fd2055a01912951e24e8496571189,three_row_sha256,4f8de7cce15d401344b60fd987b654a63061586e8909f3d2a4cbb6ba60e609fd,123ea5ce324bb82567913e1514a410f2bb582a6d8528a6ea98fbb2b74646f92c,a789b01b17129967eecd25421cde715dc938f6e3b95b30f735ff978f0882361e,0.21579698659479618,0.2241278998553753,0.21964102052152157,0.5488300230354071,0.14328607358038425,0.7433299906551838,0.06400095298886299,2.159012947231531,0.0,0.0,8.466311963275075,1021.233087638393,4341.709190513939,217500,217500,589.1072495305888,,589.1072495305888,False,False,ok
BNCI2014_001,resampled_spectral_raw_rooted_s1,resampled,spectral,raw_rooted,8,1788,436,500,500,1.0,22,253,0.00038867693695294233,0.019714891248823623,6.560203717906148,0.6387205753035303,36.12794246964697,36.12794246964697,0.005297403507352913,3.120738809870369,0.0002585732574645806,0.00011414080679415057,0.0008184604066493579,4.8498668356046406e-05,188.24073761048203,5.716247880429665,0.03017952124818757,0.09236224807369398,0.1459989447547685,96618,a68af723c41014922aa7326e4829a0a4d6a2f8ce502931485768e8e446896663,three_row_sha256,9ef7d8f41ca192208355884bd438a11cdd0bec9456ea4326c4185a4d30e0e141,123ea5ce324bb82567913e1514a410f2bb582a6d8528a6ea98fbb2b74646f92c,a789b01b17129967eecd25421cde715dc938f6e3b95b30f735ff978f0882361e,0.2959528937935829,0.2306019887328148,0.23293099366128445,0.696870032697916,0.13197003863751888,0.5940550472587347,0.05751405842602253,2.2398950532078743,0.0,0.0,8.624149020761251,1023.4729826916009,4350.3333395347,218000,218000,589.1072495305888,,589.1072495305888,False,False,ok
BNCI2014_001,resampled_spectral_raw_rooted_s1,resampled,spectral,raw_rooted,8,1788,437,500,500,1.0,22,253,0.0003987325541049986,0.01996828871248106,6.5615165018241095,0.6388483917762171,36.11516082237829,36.11516082237829,0.005346446266074597,3.1496302545702917,0.0002612449231117366,0.00011776937099881385,0.0008284055499292846,6.79014715126444e-05,188.24073761048203,5.716247880429664,0.03017952124818757,0.09236224807369398,0.1459989447547685,97054,8c22c43ad4806a769c306b8229c86ccfa4f6847eafdc2e294fad85cd7a192139,three_row_sha256,677b2de17f6df0a380f9e81a8cbcd58e73936f70f312212b9dabd02c70ac9d66,123ea5ce324bb82567913e1514a410f2bb582a6d8528a6ea98fbb2b74646f92c,a789b01b17129967eecd25421cde715dc938f6e3b95b30f735ff978f0882361e,0.4065579269081354,0.22506015375256538,0.24261698126792908,0.6636150646954775,0.1510409638285637,0.64225890673697,0.06658397614955902,2.3977339733392,0.0,0.0,8.845358854159713,1025.8707166649401,4359.17869838886,218500,218500,589.1072495305888,,589.1072495305888,False,False,ok
BNCI2014_001,resampled_spectral_raw_rooted_s1,resampled,spectral,raw_rooted,8,1788,438,500,500,1.0,22,253,0.00041258859634797635,0.020312276985802857,6.536771697875822,0.636439165463552,36.35608345364481,36.35608345364481,0.005375690727075212,3.1668583785543696,0.0002652237310431801,0.00012588183968155746,0.0008956177342637789,6.274434541534354e-05,188.240737610482,5.716247880429664,0.03017952124818757,0.09236224807369398,0.1459989447547685,97491,a550f6d24d61d3d03ff70f0165f71b306dbdb7e24ed4d250e2c813290464bffc,three_row_sha256,0434c455bb85ee7fb4c0a73b60eda06096da419e77daf944919322f607b19b8a,123ea5ce324bb82567913e1514a410f2bb582a6d8528a6ea98fbb2b74646f92c,a789b01b17129967eecd25421cde715dc938f6e3b95b30f735ff978f0882361e,0.21327100694179535,0.2206019125878811,0.22227410227060318,0.5391070153564215,0.1360890455543995,0.5939560942351818,0.05616107955574989,1.9814602565020323,0.0,0.0,8.049736032262444,1027.8521769214422,4367.228434421122,219000,219000,589.1072495305888,,589.1072495305888,False,False,ok
BNCI2014_001,resampled_spectral_raw_rooted_s1,resampled,spectral,raw_rooted,8,1788,439,500,500,1.0,22,253,0.00039355511354951774,0.019838223548229256,6.553475831620788,0.6380655286641962,36.19344713358039,36.19344713358039,0.005284657020458423,3.1132297620347784,0.00026182870137974614,0.0001154322356960059,0.0008300318169729685,5.400033240056833e-05,188.24073761048203,5.716247880429664,0.03017952124818757,0.09236224807369398,0.1459989447547685,97929,9f7451919e0415e17889062a94a63e15b8e0d9d000e7624e069e7166e22f70dc,three_row_sha256,3d5de803f668670191c6c4063427c53fa2b29add94e343b5520e994ef47701d3,123ea5ce324bb82567913e1514a410f2bb582a6d8528a6ea98fbb2b74646f92c,a789b01b17129967eecd25421cde715dc938f6e3b95b30f735ff978f0882361e,0.2096151001751423,0.22040004841983318,0.21968805231153965,0.542749185115099,0.131228007376194,0.7398778107017279,0.055184122174978256,2.118742326274514,0.0,0.0,8.586133131757379,1029.9709192477167,4375.814567552879,219500,219500,589.1072495305888,,589.1072495305888,False,False,ok
BNCI2014_001,resampled_spectral_raw_rooted_s1,resampled,spectral,raw_rooted,8,1788,440,500,500,1.0,22,253,0.00039715456349028084,0.019928737127331498,6.53196631016342,0.6359712988947372,36.40287011052627,36.40287011052627,0.005408434071774314,3.1861477202904886,0.0002585874363363635,0.00011872972179561497,0.0009037405509724776,6.238240981136888e-05,188.24073761048203,5.716247880429664,0.03017952124818757,0.09236224807369398,0.1459989447547685,98368,4bfdee17a211481ab5a0a8e761fd7eee98421adbc0b8243a37aff8d407d92ecf,three_row_sha256,f3d03ce05fc080b1c4fde1decffc7b9be16f598605e232ad3514293c909521b6,123ea5ce324bb82567913e1514a410f2bb582a6d8528a6ea98fbb2b74646f92c,a789b01b17129967eecd25421cde715dc938f6e3b95b30f735ff978f0882361e,0.24005607701838017,0.22390484809875488,0.23337500169873238,0.5840261001139879,0.13769487850368023,0.7943289820104837,0.05980394780635834,2.2731898352503777,0.0,0.0,8.848344907164574,1032.244109082967,4384.662912460044,220000,220000,589.1072495305888,,589.1072495305888,False,False,ok
BNCI2014_001,resampled_spectral_raw_rooted_s1,resampled,spectral,raw_rooted,8,1788,441,500,500,1.0,22,253,0.00038805632715785356,0.01969914534079724,6.548745977233771,0.6376050162403317,36.23949837596683,36.23949837596683,0.0052796293986360175,3.1102679535713005,0.00025532073267951825,0.00011524180057669083,0.0007629318307868564,6.0382120841598574e-05,188.24073761048203,5.716247880429664,0.03017952124818757,0.09236224807369398,0.1459989447547685,98808,bf309dd34a42435c660e5888650aa94d994fffb2c8536f31e7d139e8d7a43a88,three_row_sha256,f42f566a00c6a14960e1c876acb548b18574ebb9ad9230f33ff49609c2e1bdb5,123ea5ce324bb82567913e1514a410f2bb582a6d8528a6ea98fbb2b74646f92c,a789b01b17129967eecd25421cde715dc938f6e3b95b30f735ff978f0882361e,0.24137902073562145,0.22676796652376652,0.2363699022680521,0.5853748880326748,0.1391521655023098,0.8371230214834213,0.06356392987072468,2.3297308944165707,0.0,0.0,8.599492022767663,1034.5738399773836,4393.262404482812,220500,220500,589.1072495305888,,589.1072495305888,False,False,ok
BNCI2014_001,resampled_spectral_raw_rooted_s1,resampled,spectral,raw_rooted,8,1788,442,500,500,1.0,22,253,0.0003760721873304726,0.01939258072899202,6.542304595201279,0.6369778644910173,36.30221355089826,36.30221355089826,0.005180203036887214,3.0516951630706295,0.0002578894257775053,0.00010757878228143236,0.0006588257769868018,6.6863318369784e-05,188.24073761048203,5.716247880429664,0.03017952124818757,0.09236224807369398,0.1459989447547685,99249,21b6c526a3476402b4ba755051c8504893dc18c88d281fa4a02effdfdb2dbae2,three_row_sha256,5c887306b059d3ff5c3feb7199f9585aff149722d646f84d3069045bd0d531de,123ea5ce324bb82567913e1514a410f2bb582a6d8528a6ea98fbb2b74646f92c,a789b01b17129967eecd25421cde715dc938f6e3b95b30f735ff978f0882361e,0.22729206830263138,0.23033586330711842,0.22352207452058792,0.5707910750061274,0.13412907719612122,0.7644700817763805,0.05849311128258705,2.209033351391554,0.0,0.0,9.50445095077157,1036.7828733287752,4402.766855433583,221000,221000,589.1072495305888,,589.1072495305888,False,False,ok
BNCI2014_001,resampled_spectral_raw_rooted_s1,resampled,spectral,raw_rooted,8,1788,443,500,500,1.0,22,253,0.0003843315853906039,0.01960437668967325,6.540786419461581,0.6368300504712752,36.316994952872484,36.316994952872484,0.005313596278989266,3.1302780890313375,0.00025524741620557733,0.00011214204466148023,0.0008493662189178954,6.0471556146876955e-05,188.24073761048203,5.716247880429664,0.03017952124818757,0.09236224807369398,0.1459989447547685,99691,12338de0c0093480e59a123f73a6a63bad6cdb23bd142917d4e599b5f82fcd20,three_row_sha256,ee48ef56d409f73b5b017157a3432977177193ae2227c1e8b5f9edf36d18f31a,123ea5ce324bb82567913e1514a410f2bb582a6d8528a6ea98fbb2b74646f92c,a789b01b17129967eecd25421cde715dc938f6e3b95b30f735ff978f0882361e,0.32243900932371616,0.23770914413034916,0.26599899865686893,0.9106830693781376,0.16197096556425095,0.9038487914949656,0.07541989907622337,2.8780698776245117,0.0,0.0,9.429967030882835,1039.6609432063997,4412.196822464466,221500,221500,589.1072495305888,,589.1072495305888,False,False,ok
BNCI2014_001,resampled_spectral_raw_rooted_s1,resampled,spectral,raw_rooted,8,1788,444,500,500,1.0,22,253,0.00038436663543480116,0.019605270603457663,6.527740329463312,0.6355598450832304,36.444015491676964,36.444015491676964,0.0051722313099768855,3.0469989609564774,0.0002601590713099563,0.00011222922226933842,0.0006703816061462945,5.2198273807262905e-05,188.24073761048203,5.716247880429664,0.03017952124818757,0.09236224807369398,0.1459989447547685,100134,97d08c0a0acebee1f2e17e935d8bc0e2bdac41a16ace68c0506b74a9693345e4,three_row_sha256,c7a832827840e8e34156ab39f88a8657b25af761bc407a17f39ebe9ad3a9f17f,123ea5ce324bb82567913e1514a410f2bb582a6d8528a6ea98fbb2b74646f92c,a789b01b17129967eecd25421cde715dc938f6e3b95b30f735ff978f0882361e,0.24779606610536575,0.23030093871057034,0.23517711088061333,0.5880480166524649,0.1373779959976673,0.6764188874512911,0.06415089592337608,2.1792699117213488,0.0,0.0,9.270692011341453,1041.840213118121,4421.467514475808,222000,222000,589.1072495305888,,589.1072495305888,False,False,ok
BNCI2014_001,resampled_spectral_raw_rooted_s1,resampled,spectral,raw_rooted,8,1788,445,500,500,1.0,22,253,0.0003903605730233702,0.019757544711410124,6.514202623362202,0.634241774516978,36.5758225483022,36.5758225483022,0.005406435826735261,3.1849705396516446,0.00025897925541366277,0.00011185694996153907,0.0009066459424040333,5.5764977143405506e-05,188.24073761048203,5.716247880429664,0.03017952124818757,0.09236224807369398,0.1459989447547685,100578,fc983669a007ce9095d5669a118e809d2bd434dedd713aa35665699f63acb575,three_row_sha256,8fe4eceb37fd3c0c5e2ce215d5968c6488a97cac7195a7ef5f18dab2acee6dc7,123ea5ce324bb82567913e1514a410f2bb582a6d8528a6ea98fbb2b74646f92c,a789b01b17129967eecd25421cde715dc938f6e3b95b30f735ff978f0882361e,0.23708399385213852,0.22373092360794544,0.2309340052306652,0.5805171094834805,0.13425201177597046,0.8226819336414337,0.06232503801584244,2.2915250156074762,0.0,0.0,8.801760850474238,1044.1317381337285,4430.269275326282,222500,222500,589.1072495305888,,589.1072495305888,False,False,ok
BNCI2014_001,resampled_spectral_raw_rooted_s1,resampled,spectral,raw_rooted,8,1788,446,500,500,1.0,22,253,0.0004158803845644767,0.020393145528938804,6.512383594017012,0.634064668512376,36.5935331487624,36.5935331487624,0.005267144829401348,3.10291320332789,0.00027273801105939235,0.00012707525563280988,0.0008100866185327183,6.977131152592763e-05,188.240737610482,5.716247880429664,0.03017952124818757,0.09236224807369398,0.1459989447547685,101023,e8c430b8e323c5991c5fd04f60fffad21e6ad13e3df74a75d679896b5761ff29,three_row_sha256,297f0392e95cb44f4f1a8eb3a84c7d495e3d47a68293b4bbccbc917f8afb3e1d,123ea5ce324bb82567913e1514a410f2bb582a6d8528a6ea98fbb2b74646f92c,a789b01b17129967eecd25421cde715dc938f6e3b95b30f735ff978f0882361e,0.24574017152190208,0.2257081214338541,0.24002301506698132,0.5852468311786652,0.14946796000003815,1.009610015898943,0.06558699533343315,2.521383110433817,0.0,0.0,9.474800899624825,1046.6531212441623,4439.744076225907,223000,223000,589.1072495305888,,589.1072495305888,False,False,ok
BNCI2014_001,resampled_spectral_raw_rooted_s1,resampled,spectral,raw_rooted,8,1788,447,500,500,1.0,22,253,0.000395826902239892,0.019895399021881716,6.522980378138345,0.6350964023336704,36.490359766632956,36.490359766632956,0.005319188277287351,3.1335723757681015,0.0002627037686094492,0.00011459465936430631,0.0007856582267671061,5.859403718292381e-05,188.24073761048203,5.716247880429664,0.03017952124818757,0.09236224807369398,0.1459989447547685,101469,f1a01db7647adb42f69e21a10a9d9ac92103ad49c1578663423c603d8b9ff56b,three_row_sha256,4f62e554657305cf37e497c4a5fc5c21102c94f47927c70810b10aa53d8638e9,123ea5ce324bb82567913e1514a410f2bb582a6d8528a6ea98fbb2b74646f92c,a789b01b17129967eecd25421cde715dc938f6e3b95b30f735ff978f0882361e,0.23661786690354347,0.22501195780932903,0.23829098790884018,0.5862489342689514,0.13655819930136204,0.6814138032495975,0.06116204895079136,2.165303798392415,0.0,0.0,8.750430075451732,1048.8184250425547,4448.494506301358,223500,223500,589.1072495305888,,589.1072495305888,False,False,ok
BNCI2014_001,resampled_spectral_raw_rooted_s1,resampled,spectral,raw_rooted,8,1788,448,500,500,1.0,22,253,0.00041323617276497814,0.020328211253452137,6.528644780382785,0.6356479050637523,36.43520949362476,36.43520949362476,0.00533000594034206,3.1399451394966102,0.00026754907135614084,0.00012570053283973744,0.0008426609697775712,6.065891694331663e-05,188.24073761048203,5.716247880429664,0.03017952124818757,0.09236224807369398,0.1459989447547685,101916,dbf12f6523cc11bef47f497a865226593fc1681002c50d3ca159150de197818c,three_row_sha256,abb06ea632b7fdac27f50e93248cd49739c4eab2c2d7a9d75bbfd5089b3042f1,123ea5ce324bb82567913e1514a410f2bb582a6d8528a6ea98fbb2b74646f92c,a789b01b17129967eecd25421cde715dc938f6e3b95b30f735ff978f0882361e,0.25124591775238514,0.2255481667816639,0.23436406627297401,0.5860768724232912,0.13599288649857044,0.6497891154140234,0.06479700095951557,2.1478140261024237,0.0,0.0,11.145952856168151,1050.9662390686572,4459.6404591575265,224000,224000,589.1072495305888,,589.1072495305888,False,False,ok
BNCI2014_001,resampled_spectral_raw_rooted_s1,resampled,spectral,raw_rooted,8,1788,449,500,500,1.0,22,253,0.00041457305652116953,0.020361067175400448,6.513812860719408,0.6342038260888282,36.579617391117175,36.579617391117175,0.0053305541386852815,3.1402680871147832,0.00026877763986728117,0.00012523541117790516,0.0008592073323266448,7.222174228072347e-05,188.24073761048203,5.716247880429664,0.03017952124818757,0.09236224807369398,0.1459989447547685,102364,e96fd2568e505c36a10c03fde6c146363e4fba28cdb0db5d1f236b28d110edf0,three_row_sha256,710dfe289ce3f33be9708768808d6521479c5e6861b210af214dd4a9d96fdeb6,123ea5ce324bb82567913e1514a410f2bb582a6d8528a6ea98fbb2b74646f92c,a789b01b17129967eecd25421cde715dc938f6e3b95b30f735ff978f0882361e,0.26258593425154686,0.229779165238142,0.25700521655380726,0.6216550245881081,0.1409691758453846,0.7149649318307638,0.06586313247680664,2.2928225807845592,0.0,0.0,9.238970931619406,1053.2590616494417,4468.879430089146,224500,224500,589.1072495305888,,589.1072495305888,False,False,ok
BNCI2014_001,resampled_spectral_raw_rooted_s1,resampled,spectral,raw_rooted,8,1788,450,500,500,1.0,22,253,0.00035068787058067084,0.018726662024521903,6.506161792616766,0.6334588957741083,36.65411042258917,36.65411042258917,0.005113070147674969,3.0121466913537627,0.0002459633333668551,9.550188052417411e-05,0.0006033605862357278,7.781960912289047e-05,188.240737610482,5.716247880429664,0.03017952124818757,0.09236224807369398,0.1459989447547685,102813,e2c8032ae9c51a82ed41f554232c7730717a24e72b77f360998106596021b285,three_row_sha256,6d7f7daa1189fa7ba5adc94dfd212bb99640e828c0e013df231fda8901beeea4,123ea5ce324bb82567913e1514a410f2bb582a6d8528a6ea98fbb2b74646f92c,a789b01b17129967eecd25421cde715dc938f6e3b95b30f735ff978f0882361e,0.23736502043902874,0.22272602654993534,0.23067998699843884,0.584903173148632,0.13648788444697857,0.8114890661090612,0.06273412145674229,2.286385279148817,0.0,0.0,9.136738022789359,1055.5454469285905,4478.016168111935,225000,225000,589.1072495305888,,589.1072495305888,False,False,ok
BNCI2014_001,resampled_spectral_raw_rooted_s1,resampled,spectral,raw_rooted,8,1788,451,500,500,1.0,22,253,0.0004083310368147024,0.02020720259745773,6.523451598153371,0.6351422816892566,36.48577183107434,36.48577183107434,0.005225788580279855,3.0785499371570255,0.0002677355646573607,0.00012553847681477583,0.0007157653495338442,7.683579302518335e-05,188.24073761048203,5.716247880429664,0.03017952124818757,0.09236224807369398,0.1459989447547685,103263,580d859870e32bf33b89351284bc12dc9c81724597eea6fb854f6fb3e6dfe484,three_row_sha256,d7277ea621eb307cfb9bb94886131da3f7f5846d4c7f3780a3f520646deabe4f,123ea5ce324bb82567913e1514a410f2bb582a6d8528a6ea98fbb2b74646f92c,a789b01b17129967eecd25421cde715dc938f6e3b95b30f735ff978f0882361e,0.24053198285400867,0.22550695575773716,0.23213704116642475,0.5863418336957693,0.1458250917494297,0.8422429673373699,0.06288103759288788,2.3354669101536274,0.0,0.0,9.122901828959584,1057.8809138387442,4487.139069940895,225500,225500,589.1072495305888,,589.1072495305888,False,False,ok
BNCI2014_001,resampled_spectral_raw_rooted_s1,resampled,spectral,raw_rooted,8,1788,452,500,500,1.0,22,253,0.00037916562845746537,0.019472175750477022,6.510597119718451,0.6338907321621027,36.61092678378973,36.61092678378973,0.005271914412883717,3.1057229995345947,0.0002550864352448848,0.00010790818508947058,0.0007712114561593499,8.132957223051653e-05,188.24073761048203,5.716247880429665,0.03017952124818757,0.09236224807369398,0.1459989447547685,103714,f4fc35e2a708daefa0c7327581e587bc5d9c19faa4488e844e461c09e679b52e,three_row_sha256,b21ffab866bc6ce8d9604fef31e94d6e88558454ac579b651c787b7f41431bd8,123ea5ce324bb82567913e1514a410f2bb582a6d8528a6ea98fbb2b74646f92c,a789b01b17129967eecd25421cde715dc938f6e3b95b30f735ff978f0882361e,0.21897186525166035,0.21946290507912636,0.2196847926825285,0.5574140232056379,0.13229507021605968,0.8127519395202398,0.05574105307459831,2.216321649029851,0.0,0.0,8.44962615519762,1060.097235487774,4495.5886960960925,226000,226000,589.1072495305888,,589.1072495305888,False,False,ok
BNCI2014_001,resampled_spectral_raw_rooted_s1,resampled,spectral,raw_rooted,8,1788,453,500,500,1.0,22,253,0.00038214586458423615,0.01954855147023012,6.5118854740663625,0.634016170100569,36.598382989943104,36.598382989943104,0.005340159744084969,3.1459268188918688,0.00025104083808921365,0.0001125703126269627,0.0008037513365925882,5.196995056465512e-05,188.24073761048203,5.716247880429664,0.03017952124818757,0.09236224807369398,0.1459989447547685,104166,6816994876a2fbd89955c4cccd25826e8122ef41fc11ed7ec80999f51e16ef17,three_row_sha256,bcd1fa4c6f2747650dee952700278ab107430eace5bb0ae129df2c2d51d93f46,123ea5ce324bb82567913e1514a410f2bb582a6d8528a6ea98fbb2b74646f92c,a789b01b17129967eecd25421cde715dc938f6e3b95b30f735ff978f0882361e,0.2385629341006279,0.22234604693949223,0.22891000844538212,0.5772269796580076,0.13424200005829334,0.644295010715723,0.062434934079647064,2.1080179139971733,0.0,0.0,8.424228057265282,1062.2052534017712,4504.012924153358,226500,226500,589.1072495305888,,589.1072495305888,False,False,ok
BNCI2014_001,resampled_spectral_raw_rooted_s1,resampled,spectral,raw_rooted,8,1788,454,500,500,1.0,22,253,0.0003854487213752888,0.019632848019971245,6.525161191350004,0.635308732671123,36.46912673288771,36.46912673288771,0.00525732830419226,3.0971302171620168,0.0002609532711294951,0.00010952298614905544,0.0007514450127702005,6.24891389849811e-05,188.24073761048203,5.716247880429664,0.03017952124818757,0.09236224807369398,0.1459989447547685,104619,fff1f173e0f5f2c34391b79c9d5b7a383cb89d3ec1a3d36654885c9fcff27a0c,three_row_sha256,6a99d2c1e0b901384ea4983ba4fad64bc82844709cbdbd10f198d93f0b4452c7,123ea5ce324bb82567913e1514a410f2bb582a6d8528a6ea98fbb2b74646f92c,a789b01b17129967eecd25421cde715dc938f6e3b95b30f735ff978f0882361e,0.2999689895659685,0.2430898603051901,0.251132994890213,0.6973880808800459,0.16374490223824978,0.7372889667749405,0.0837608240544796,2.4763746187090874,0.0,0.0,8.916886057704687,1064.6816280204803,4512.929810211062,227000,227000,589.1072495305888,,589.1072495305888,False,False,ok
BNCI2014_001,resampled_spectral_raw_rooted_s1,resampled,spectral,raw_rooted,8,1788,455,500,500,1.0,22,253,0.0003847068329049472,0.019613944858313106,6.518334918422693,0.6346441068212564,36.53558931787436,36.53558931787436,0.0053735791702563835,3.1656144451246013,0.00025478462481032694,0.00011136993014387717,0.000888164094819201,6.130426037814958e-05,188.240737610482,5.716247880429664,0.03017952124818757,0.09236224807369398,0.1459989447547685,105073,1c1c55a707027fca8b465449e85adb51cbf3b3d8842deb38bd879ce09b2c876b,three_row_sha256,075594320abfd96b6b4b7041e57d06bb92b6b6573b9414ba4db35325f4c2dcbb,123ea5ce324bb82567913e1514a410f2bb582a6d8528a6ea98fbb2b74646f92c,a789b01b17129967eecd25421cde715dc938f6e3b95b30f735ff978f0882361e,0.25632698088884354,0.22577098570764065,0.23574917577207088,0.6087890360504389,0.1385379582643509,0.7752799428999424,0.06598210893571377,2.306436188519001,0.0,0.0,9.845710825175047,1066.9880642089993,4522.7755210362375,227500,227500,589.1072495305888,,589.1072495305888,False,False,ok
BNCI2014_001,resampled_spectral_raw_rooted_s1,resampled,spectral,raw_rooted,8,1788,456,500,500,1.0,22,253,0.00041027641021831017,0.02025528104515734,6.4951045547508635,0.6323823308327331,36.761766916726685,36.761766916726685,0.005277157683671036,3.1088118483666562,0.00026995275409192834,0.00012307624161678275,0.0007528567055788203,8.30368206207037e-05,188.240737610482,5.716247880429664,0.03017952124818757,0.09236224807369398,0.1459989447547685,105528,d9012638ba8cd42e1d1dfe3a60b34ddc341b421266eecd7507c62b1a9b216e4f,three_row_sha256,da223c5e0eca9d155178ce96b3d6b982d9ac708593e44375010fdb3d5bf5fa98,123ea5ce324bb82567913e1514a410f2bb582a6d8528a6ea98fbb2b74646f92c,a789b01b17129967eecd25421cde715dc938f6e3b95b30f735ff978f0882361e,0.24057691916823387,0.22433698177337646,0.23605208843946457,0.5757180042564869,0.1460169441998005,0.6984048523008823,0.1815508585423231,2.3026566486805677,0.0,0.0,8.430416928604245,1069.2907208576798,4531.205937964842,228000,228000,589.1072495305888,,589.1072495305888,False,False,ok
BNCI2014_001,resampled_spectral_raw_rooted_s1,resampled,spectral,raw_rooted,8,1788,457,500,500,1.0,22,253,0.0003880125691593711,0.019698034652202514,6.4955056992562845,0.6324213874322383,36.757861256776174,36.757861256776174,0.00521580901081722,3.0726709004393933,0.0002611755905829163,0.00011312735801106826,0.0007059394403366308,6.879456519345216e-05,188.24073761048203,5.716247880429664,0.03017952124818757,0.09236224807369398,0.1459989447547685,105984,e487fbcb5c5415d567a46cb705ee4c755456540ab672708caa2b228d6d237f5a,three_row_sha256,47f0ef428202e61d290ec62aa2dd2abd40f9a4fb8d33ca8dc70253f7957d9fe4,123ea5ce324bb82567913e1514a410f2bb582a6d8528a6ea98fbb2b74646f92c,a789b01b17129967eecd25421cde715dc938f6e3b95b30f735ff978f0882361e,0.24385889992117882,0.2250010147690773,0.23560109548270702,0.5913428030908108,0.13491208665072918,0.9387871250510216,0.06299419328570366,2.4324972182512283,0.0,0.0,8.787327213212848,1071.723218075931,4539.993265178055,228500,228500,589.1072495305888,,589.1072495305888,False,False,ok
BNCI2014_001,resampled_spectral_raw_rooted_s1,resampled,spectral,raw_rooted,8,1788,458,500,500,1.0,22,253,0.00040102630023232866,0.020025641069197478,6.496952364282586,0.6325622389602706,36.74377610397294,36.74377610397294,0.00527441696319293,3.1071972700640673,0.00026367984529508464,0.00011991203159859005,0.0007284495000340281,7.226210263223842e-05,188.24073761048203,5.716247880429664,0.03017952124818757,0.09236224807369398,0.1459989447547685,106441,63c652d325e1d67f3ecc0ba81fcb61b93553672bcd5b35def9b3c2d3f11fd6a5,three_row_sha256,42f9da7ecf54be8006a1a6386a22cd6ec5bc0852c9c8a4017c4193d89f85b4ec,123ea5ce324bb82567913e1514a410f2bb582a6d8528a6ea98fbb2b74646f92c,a789b01b17129967eecd25421cde715dc938f6e3b95b30f735ff978f0882361e,0.24478393606841564,0.22458285093307495,0.23491401225328445,0.5797029007226229,0.14372984878718853,0.9602617938071489,0.06354181095957756,2.451517153531313,0.0,0.0,9.103325894102454,1074.1747352294624,4549.096591072157,229000,229000,589.1072495305888,,589.1072495305888,False,False,ok
BNCI2014_001,resampled_spectral_raw_rooted_s1,resampled,spectral,raw_rooted,8,1788,459,500,500,1.0,22,253,0.0003989595163808141,0.019973970971762577,6.506420564948317,0.6334840906033528,36.65159093966473,36.65159093966473,0.005240407989839599,3.087162337312528,0.0002654485466067582,0.00011864175815298393,0.0007419766005410948,5.8559116145324274e-05,188.24073761048203,5.716247880429665,0.03017952124818757,0.09236224807369398,0.1459989447547685,106899,e52c23edcce53854593039604aafcf23fc50dc0a0c5a8d4bcc004724f71a7bf8,three_row_sha256,08be7777cdda79c4c3601748372ca88691580ff404048a3fab794bd02f904855,123ea5ce324bb82567913e1514a410f2bb582a6d8528a6ea98fbb2b74646f92c,a789b01b17129967eecd25421cde715dc938f6e3b95b30f735ff978f0882361e,0.23125694133341312,0.23020198568701744,0.23043295368552208,0.5762060172855854,0.1356569118797779,0.965815968811512,0.06477022543549538,2.4343410041183233,0.0,0.0,10.856281965970993,1076.6090762335807,4559.952873038128,229500,229500,589.1072495305888,,589.1072495305888,False,False,ok
BNCI2014_001,resampled_spectral_raw_rooted_s1,resampled,spectral,raw_rooted,8,1788,460,500,500,1.0,22,253,0.0004060796976527245,0.020151419246612,6.507180673866125,0.6335580970254323,36.64419029745677,36.64419029745677,0.005303571870397785,3.1243726372578395,0.000262655413771727,0.00012576859993133414,0.0007704848891856959,5.512103629220806e-05,188.24073761048203,5.716247880429664,0.03017952124818757,0.09236224807369398,0.1459989447547685,107358,b5c537dc00242151f613a79c22308d58d04cfe53ada35df0b63669382bc42549,three_row_sha256,aaf7889f9fadc6cbf35483606d8bd0774a82927f4be9fc9f66b955b5edd1a4da,123ea5ce324bb82567913e1514a410f2bb582a6d8528a6ea98fbb2b74646f92c,a789b01b17129967eecd25421cde715dc938f6e3b95b30f735ff978f0882361e,0.2914569340646267,0.2290958072990179,0.2554061356931925,0.6985948421061039,0.15728408470749855,1.7876839265227318,0.1228521578013897,3.542373888194561,0.0,0.0,12.8338229842484,1080.1514501217753,4572.786696022376,230000,230000,589.1072495305888,,589.1072495305888,False,False,ok
BNCI2014_001,resampled_spectral_raw_rooted_s1,resampled,spectral,raw_rooted,8,1788,461,500,500,1.0,22,253,0.0003980855324240192,0.0199520809046079,6.504779491820768,0.6333243109353399,36.667568906466,36.667568906466,0.005326903884342884,3.1381176958190458,0.0002592124928106878,0.00011936325328170609,0.0008368794691787325,8.036059097851958e-05,188.24073761048203,5.716247880429664,0.03017952124818757,0.09236224807369398,0.1459989447547685,107818,bb9046af42c72fcee287d8eb47ff063e7dc5a94e2494f4af1f7cb7dba71af391,three_row_sha256,4ed35f80ccbcf4b44798c68c71c33adecd9e6d6d5fc3573d1506a7892d53d3f2,123ea5ce324bb82567913e1514a410f2bb582a6d8528a6ea98fbb2b74646f92c,a789b01b17129967eecd25421cde715dc938f6e3b95b30f735ff978f0882361e,0.337105942890048,0.2393911127001047,0.2443899866193533,0.9015959221869707,0.2099340781569481,1.066794851794839,0.09375088848173618,3.09296278283,0.0,0.0,12.61941809207201,1083.2444129046053,4585.406114114448,230500,230500,589.1072495305888,,589.1072495305888,False,False,ok
BNCI2014_001,resampled_spectral_raw_rooted_s1,resampled,spectral,raw_rooted,8,1788,462,500,500,1.0,22,253,0.00040668726585654476,0.020166488684363094,6.504643215192813,0.633311042645215,36.6688957354785,36.6688957354785,0.005329620351934762,3.139717986570536,0.00026768293517538243,0.00012024249598836087,0.0008265327689618673,5.8938541647131116e-05,188.24073761048206,5.716247880429664,0.03017952124818757,0.09236224807369398,0.1459989447547685,108279,ca01d1367fb3e939f895bbc139f00a2f801b9b089a5cf8eddf2325ac81ef4c91,three_row_sha256,6f01928c1339403165a39c454ab2731cbc0901c8be8549d4a5ac296e23471dd0,123ea5ce324bb82567913e1514a410f2bb582a6d8528a6ea98fbb2b74646f92c,a789b01b17129967eecd25421cde715dc938f6e3b95b30f735ff978f0882361e,0.33409101888537407,0.23958086967468262,0.2448901068419218,0.8727021049708128,0.21503400057554245,0.8482031989842653,0.09392295032739639,2.8484242502599955,0.0,0.0,12.474318034946918,1086.0928371548653,4597.880432149395,231000,231000,589.1072495305888,,589.1072495305888,False,False,ok
BNCI2014_001,resampled_spectral_raw_rooted_s1,resampled,spectral,raw_rooted,8,1788,463,500,500,1.0,22,253,0.000386057448712441,0.019648344681230553,6.50947928310878,0.6337818963281673,36.62181036718327,36.62181036718327,0.00539099810156349,3.1758760638366934,0.00025537974644633543,0.00011151552481444458,0.0009148074971098467,6.537918750508753e-05,188.24073761048203,5.716247880429664,0.03017952124818757,0.09236224807369398,0.1459989447547685,108741,0a6aa4b50a322059c2ab3267e123a39a4b46f8e14ab0848a51acd65a7f6f1ff7,three_row_sha256,18c18e4078c07e799a30cf9c14bd7210ec25341a26971689fb5f5a1b5371eb6d,123ea5ce324bb82567913e1514a410f2bb582a6d8528a6ea98fbb2b74646f92c,a789b01b17129967eecd25421cde715dc938f6e3b95b30f735ff978f0882361e,0.34491904079914093,0.24742190726101398,0.2552061341702938,0.923932995647192,0.21209311671555042,0.7181020919233561,0.09819213300943375,2.799867419525981,0.0,0.0,13.428692938759923,1088.8927045743912,4611.309125088155,231500,231500,589.1072495305888,,589.1072495305888,False,False,ok
BNCI2014_001,resampled_spectral_raw_rooted_s1,resampled,spectral,raw_rooted,8,1788,464,500,500,1.0,22,253,0.00038836481369847523,0.019706973732627624,6.506954153092103,0.6335360423019324,36.64639576980676,36.64639576980676,0.005513494078623731,3.248039331961214,0.00025129418426448024,0.00011363123034468531,0.0010416862826293412,6.999760480437725e-05,188.24073761048206,5.716247880429664,0.03017952124818757,0.09236224807369398,0.1459989447547685,109204,c4af8bce1dcdb39c1a28d3641be569714a5bd5d71ebe7c43e8ff1154362c11ba,three_row_sha256,f1523d053d4ae7a74e42bb21f735205b446aa469f6df0eb11e5b1bfbfd072a82,123ea5ce324bb82567913e1514a410f2bb582a6d8528a6ea98fbb2b74646f92c,a789b01b17129967eecd25421cde715dc938f6e3b95b30f735ff978f0882361e,0.3626961261034012,0.24207099340856075,0.2643568441271782,0.9017579723149538,0.20808493718504906,1.0043911170214415,0.09213807061314583,3.0754960607737303,0.0,0.0,12.967410031706095,1091.968200635165,4624.276535119861,232000,232000,589.1072495305888,,589.1072495305888,False,False,ok
BNCI2014_001,resampled_spectral_raw_rooted_s1,resampled,spectral,raw_rooted,8,1788,465,500,500,1.0,22,253,0.00041294699749648583,0.02032109734971234,6.528662456016488,0.6356496260150236,36.43503739849764,36.43503739849764,0.005386405703754652,3.173170648994778,0.0002606562232911739,0.00012989293158443058,0.0008683764899704508,5.960614804448839e-05,188.24073761048203,5.716247880429664,0.03017952124818757,0.09236224807369398,0.1459989447547685,109668,56f033cee6ea7df496559d795d3a143dcdb24805a1f4fa65362fbf4c1c306437,three_row_sha256,1f8fffc1613175c216cceec4c1ec5f091e8e959da0aa500e4a573290b33f0887,123ea5ce324bb82567913e1514a410f2bb582a6d8528a6ea98fbb2b74646f92c,a789b01b17129967eecd25421cde715dc938f6e3b95b30f735ff978f0882361e,0.3373438958078623,0.23844907991588116,0.2485059667378664,0.8821988012641668,0.20482297986745834,0.788726843893528,0.08963583968579769,2.7896834071725607,0.0,0.0,12.032811064273119,1094.7578840423375,4636.3093461841345,232500,232500,589.1072495305888,,589.1072495305888,False,False,ok
BNCI2014_001,resampled_spectral_raw_rooted_s1,resampled,spectral,raw_rooted,8,1788,466,500,500,1.0,22,253,0.00038980289049895406,0.0197434265136261,6.527485525015988,0.6355350365787719,36.44649634212281,36.44649634212281,0.005535299873356008,3.260885283719774,0.0002537384504406606,0.00011330964562328106,0.0012034688919322406,4.918262455281339e-05,188.24073761048203,5.716247880429664,0.03017952124818757,0.09236224807369398,0.1459989447547685,110133,2c8baf9549a868f36b684c6dfb95d62ea10ac03646158f9d34a2e44014af55da,three_row_sha256,4329320ac0068131603c55a3b3dc7a5ef63be2eae35dcbf67ec867e4fb01b138,123ea5ce324bb82567913e1514a410f2bb582a6d8528a6ea98fbb2b74646f92c,a789b01b17129967eecd25421cde715dc938f6e3b95b30f735ff978f0882361e,0.35739713348448277,0.23864791728556156,0.2522601280361414,0.8849720470607281,0.2056080847978592,0.7756759878247976,0.09096902795135975,2.8055303264409304,0.0,0.0,12.982466956600547,1097.5634143687785,4649.291813140735,233000,233000,589.1072495305888,,589.1072495305888,False,False,ok
BNCI2014_001,resampled_spectral_raw_rooted_s1,resampled,spectral,raw_rooted,8,1788,467,500,500,1.0,22,253,0.00038306415431543425,0.019572024788340994,6.5029497446680935,0.6331461614137288,36.68538385862712,36.68538385862712,0.005175657340397105,3.0490172603141406,0.0002599501281214241,0.00011078126575002251,0.00069649884110913,6.879877060105366e-05,188.24073761048203,5.716247880429665,0.03017952124818757,0.09236224807369398,0.1459989447547685,110599,162fdcaa49d4b24a4b55b30f5e3d2d79d69253c6e31fafc7cc45a9cdde4eeaed,three_row_sha256,f122aed7f26999966fe95b0921c183c0879491a8ac6b834981a145f0fd89603d,123ea5ce324bb82567913e1514a410f2bb582a6d8528a6ea98fbb2b74646f92c,a789b01b17129967eecd25421cde715dc938f6e3b95b30f735ff978f0882361e,0.33231894485652447,0.23880298249423504,0.2439720556139946,0.8793820161372423,0.2051719930022955,0.7045459933578968,0.09377510286867619,2.697969088330865,0.0,0.0,12.28702999651432,1100.2613834571093,4661.578843137249,233500,233500,589.1072495305888,,589.1072495305888,False,False,ok
BNCI2014_001,resampled_spectral_raw_rooted_s1,resampled,spectral,raw_rooted,8,1788,468,500,500,1.0,22,253,0.00040288017023157763,0.020071875105021394,6.5026968150204,0.6331215354452326,36.68784645547674,36.68784645547674,0.005400491114029553,3.181468466300335,0.0002612473923965969,0.00012005034363748578,0.000887046927838344,6.37509758063846e-05,188.24073761048203,5.716247880429665,0.03017952124818757,0.09236224807369398,0.1459989447547685,111066,16515ce9338921e13ba59a1eb39b4b737658da9b083ee30c06b08c07783233d0,three_row_sha256,47a21018e0b6ea6807c569273dbac64bbed217713c1ab7bddc07c7e092842c10,123ea5ce324bb82567913e1514a410f2bb582a6d8528a6ea98fbb2b74646f92c,a789b01b17129967eecd25421cde715dc938f6e3b95b30f735ff978f0882361e,0.3568311221897602,0.24258485063910484,0.2657049335539341,0.8964920416474342,0.2058108802884817,0.8501929696649313,0.09920517913997173,2.916821977123618,0.0,0.0,12.99688103608787,1103.178205434233,4674.575724173337,234000,234000,589.1072495305888,,589.1072495305888,False,False,ok
BNCI2014_001,resampled_spectral_raw_rooted_s1,resampled,spectral,raw_rooted,8,1788,469,500,500,1.0,22,253,0.0003953952901494303,0.01988454903057724,6.498255339857868,0.6326891004640954,36.731089953590455,36.731089953590455,0.005285320355975712,3.1136205377968844,0.00026010410453434775,0.0001182777489754861,0.0007652624267394305,7.307536304523996e-05,188.24073761048203,5.716247880429665,0.03017952124818757,0.09236224807369398,0.1459989447547685,111534,ce5c1fc089f56750b51c25cc0479bfaba03031cf08e5e532fcd588642ff6e3fb,three_row_sha256,a118912cfc941aaccba7a34eb1a15bdb6b7a0202e17d68c9b0c11b6ce17fdb18,123ea5ce324bb82567913e1514a410f2bb582a6d8528a6ea98fbb2b74646f92c,a789b01b17129967eecd25421cde715dc938f6e3b95b30f735ff978f0882361e,0.34348899498581886,0.24081114679574966,0.2508540637791157,0.8792509324848652,0.20505511201918125,1.2583511415868998,0.08838390931487083,3.2661953009665012,0.0,0.0,13.046593870967627,1106.4444007351995,4687.622318044305,234500,234500,589.1072495305888,,589.1072495305888,False,False,ok
BNCI2014_001,resampled_spectral_raw_rooted_s1,resampled,spectral,raw_rooted,8,1788,470,500,500,1.0,22,253,0.00040246880581460754,0.020061625203721845,6.494243836158158,0.632298528759147,36.77014712408529,36.77014712408529,0.005242181399250931,3.0882070656531293,0.0002684469504203687,0.00011817197412608498,0.0007844491478004489,6.870284706477902e-05,188.24073761048206,5.716247880429665,0.03017952124818757,0.09236224807369398,0.1459989447547685,112003,6bccde65e3556bec330ed1d6640f376124cdbad50f17526476bd0d7f0da4f558,three_row_sha256,a81380984161d753b98a75cc75f3ee46fadb860d4fbfe86fc31c6dce0df512b5,123ea5ce324bb82567913e1514a410f2bb582a6d8528a6ea98fbb2b74646f92c,a789b01b17129967eecd25421cde715dc938f6e3b95b30f735ff978f0882361e,0.3326868172734976,0.23738504387438297,0.2468449529260397,0.8775668684393167,0.20235986448824406,0.7619119714945555,0.09193806909024715,2.7506935875862837,0.0,0.0,12.783652869984508,1109.1950943227857,4700.405970914289,235000,235000,589.1072495305888,,589.1072495305888,False,False,ok
BNCI2014_001,resampled_spectral_raw_rooted_s1,resampled,spectral,raw_rooted,8,1788,471,500,500,1.0,22,253,0.0004049723876756823,0.020123925752091272,6.484092128230803,0.6313101288547394,36.86898711452606,36.86898711452606,0.005441316522079344,3.205519010147512,0.00026104122341992074,0.00012219620906230136,0.0009956040284732127,4.729331232049429e-05,188.240737610482,5.716247880429664,0.03017952124818757,0.09236224807369398,0.1459989447547685,112473,29ddff6151d0fbb7478acf3869d7bcc4519961a4ef5eb925203e68693f635cfb,three_row_sha256,29122fbafb1d2152af52ab4d165bdccabcefb0625ed903fe9ec4432bcc9a94d4,123ea5ce324bb82567913e1514a410f2bb582a6d8528a6ea98fbb2b74646f92c,a789b01b17129967eecd25421cde715dc938f6e3b95b30f735ff978f0882361e,0.3487768117338419,0.24164398200809956,0.25793607346713543,0.8870151359587908,0.20391703583300114,1.3187110889703035,0.09154900908470154,3.349549137055874,0.0,0.0,12.782397912815213,1112.5446434598416,4713.188368827105,235500,235500,589.1072495305888,,589.1072495305888,False,False,ok
BNCI2014_001,resampled_spectral_raw_rooted_s1,resampled,spectral,raw_rooted,8,1788,472,500,500,1.0,22,253,0.000388802172041284,0.019718067147701978,6.500320096301716,0.6328901311760041,36.710986882399595,36.710986882399595,0.0052959828813631945,3.119901908800954,0.00025899181541871874,0.00011457914256200384,0.0008081620553140436,6.533513882371573e-05,188.240737610482,5.716247880429664,0.03017952124818757,0.09236224807369398,0.1459989447547685,112944,92a54810b828a67515a7afcc02fcf1601180d8494ecf9ed42e4a8868a20cf57f,three_row_sha256,55ee6c5607ad633b5f2692e698474132b6b164d9bc0dede2e4a5f2596a999cf5,123ea5ce324bb82567913e1514a410f2bb582a6d8528a6ea98fbb2b74646f92c,a789b01b17129967eecd25421cde715dc938f6e3b95b30f735ff978f0882361e,0.3623911179602146,0.24366192519664764,0.2662909682840109,0.9003740269690752,0.21169986575841904,0.7990009617060423,0.09929109364748001,2.8827099595218897,0.0,0.0,12.603452894836664,1115.4273534193635,4725.791821721941,236000,236000,589.1072495305888,,589.1072495305888,False,False,ok
BNCI2014_001,resampled_spectral_raw_rooted_s1,resampled,spectral,raw_rooted,8,1788,473,500,500,1.0,22,253,0.00040578942292294215,0.020144215619451213,6.479860745174369,0.6308981490540575,36.91018509459425,36.91018509459425,0.005360714432092187,3.15803573460876,0.00026398063862301827,0.00012316084784688862,0.0009081862266327637,5.4586421562187247e-05,188.24073761048203,5.716247880429664,0.03017952124818757,0.09236224807369398,0.1459989447547685,113416,264f9d8902d2db2959f97b401bd8d16ada939e6ce58f29b23e22fc1c81cb2877,three_row_sha256,38038aa988e7164236bf08abcf5eaac6bd7c8412898260d008f39378dfcd0194,123ea5ce324bb82567913e1514a410f2bb582a6d8528a6ea98fbb2b74646f92c,a789b01b17129967eecd25421cde715dc938f6e3b95b30f735ff978f0882361e,0.34312903881073,0.2447008155286312,0.25584292598068714,0.8905909489840269,0.20729796960949898,0.8214488625526428,0.08955597877502441,2.8525665402412415,0.0,0.0,12.924970127642155,1118.2799199596047,4738.716791849583,236500,236500,589.1072495305888,,589.1072495305888,False,False,ok
BNCI2014_001,resampled_spectral_raw_rooted_s1,resampled,spectral,raw_rooted,8,1788,474,500,500,1.0,22,253,0.0003671637098074549,0.019161516375471303,6.4759727395425575,0.6305196014813418,36.948039851865815,36.948039851865815,0.0051642132921888104,3.0422754885506564,0.00025372518509831797,0.00010251775087148109,0.0006348623377029795,6.0256509778778415e-05,188.24073761048203,5.716247880429664,0.03017952124818757,0.09236224807369398,0.1459989447547685,113889,bc64d1dd3314cf752648160accaa2daa44f11f3f3c1a5f420bd10935c36c4891,three_row_sha256,e9b93d05a6401d195984107745e1189845ffd10bf9eb04045cc5d3eef988bd6a,123ea5ce324bb82567913e1514a410f2bb582a6d8528a6ea98fbb2b74646f92c,a789b01b17129967eecd25421cde715dc938f6e3b95b30f735ff978f0882361e,0.31569204293191433,0.23814896121621132,0.23750588297843933,0.856305006891489,0.20377500914037228,0.8205028716474771,0.08614594116806984,2.7580757159739733,0.0,0.0,12.53619510680437,1121.0379956755787,4751.252986956388,237000,237000,589.1072495305888,,589.1072495305888,False,False,ok
BNCI2014_001,resampled_spectral_raw_rooted_s1,resampled,spectral,raw_rooted,8,1788,475,500,500,1.0,22,253,0.0003746502348441999,0.019355883726768972,6.488127772417271,0.6317030509479155,36.829694905208456,36.829694905208456,0.00525794158900943,3.0974915076938383,0.00025115414975400235,0.00010977823720845895,0.000778363732151683,5.72010998263605e-05,188.24073761048203,5.716247880429664,0.03017952124818757,0.09236224807369398,0.1459989447547685,114363,8019f0e500710d933c1a0e0ba7279a0e0528843b3b64b946703d2871a750f6f1,three_row_sha256,8d173e21605bff7e9c029fd4911e74aab59ebb1ca43de5469307764eb8f29ebe,123ea5ce324bb82567913e1514a410f2bb582a6d8528a6ea98fbb2b74646f92c,a789b01b17129967eecd25421cde715dc938f6e3b95b30f735ff978f0882361e,0.31253695487976074,0.23710611276328564,0.23735384456813335,0.8508788887411356,0.20186207257211208,0.6243260577321053,0.08623721078038216,2.550301142036915,0.0,0.0,13.222770998254418,1123.5882968176156,4764.475757954642,237500,237500,589.1072495305888,,589.1072495305888,False,False,ok
BNCI2014_001,resampled_spectral_raw_rooted_s1,resampled,spectral,raw_rooted,8,1788,476,500,500,1.0,22,253,0.0003828316491247616,0.01956608415408565,6.496452048558458,0.6325135267615509,36.74864732384491,36.74864732384491,0.005117133964420195,3.014540715259139,0.0002579410547064847,0.00011478750488733426,0.000631406626816161,6.336662876578522e-05,188.24073761048206,5.716247880429665,0.03017952124818757,0.09236224807369398,0.1459989447547685,114838,d9494729fec8a4d801fb8c4d281637741a9b564ae109c1a30a4497c66209b6f2,three_row_sha256,bf8aa9a4489f62df4821dd2013a49a814bf2a83265ab59f3ce47d7c12c2db930,123ea5ce324bb82567913e1514a410f2bb582a6d8528a6ea98fbb2b74646f92c,a789b01b17129967eecd25421cde715dc938f6e3b95b30f735ff978f0882361e,0.3268530126661062,0.24585798382759094,0.24147611111402512,0.9051209781318903,0.2182740718126297,1.057063927873969,0.09781098924577236,3.0924570746719837,0.0,0.0,12.078025145456195,1126.6807538922876,4776.553783100098,238000,238000,589.1072495305888,,589.1072495305888,False,False,ok
BNCI2014_001,resampled_spectral_raw_rooted_s1,resampled,spectral,raw_rooted,8,1788,477,500,500,1.0,22,253,0.0003996739793507649,0.0199918478223191,6.487092282480685,0.6316022326263423,36.83977673736577,36.83977673736577,0.005371843906475649,3.164592188651523,0.0002606169779500093,0.00011943018107465114,0.0008428183689254587,6.551876638700477e-05,188.24073761048203,5.716247880429665,0.03017952124818757,0.09236224807369398,0.1459989447547685,115314,3c1552777bc6b008bc0cb22cdedbdb173fb467212e39d22ff57c06c1361bbc30,three_row_sha256,90a48318ed8fa02d6e9f37d98c4a659eb5d1160ac4506204c1a737a39c0a06fe,123ea5ce324bb82567913e1514a410f2bb582a6d8528a6ea98fbb2b74646f92c,a789b01b17129967eecd25421cde715dc938f6e3b95b30f735ff978f0882361e,0.3350179176777601,0.23837783373892307,0.24038716219365597,0.8588458877056837,0.21302001550793648,0.8269248064607382,0.08909287862479687,2.8016665019094944,0.0,0.0,13.03318003192544,1129.482420394197,4789.586963132024,238500,238500,589.1072495305888,,589.1072495305888,False,False,ok
BNCI2014_001,resampled_spectral_raw_rooted_s1,resampled,spectral,raw_rooted,8,1788,478,500,500,1.0,22,253,0.0003945233281886503,0.019862611313436366,6.4967552090493355,0.6325430433515029,36.74569566484971,36.74569566484971,0.005330222786601217,3.140072885199914,0.00025629079348588057,0.00011934587629291802,0.0008202518457327548,5.7348663527236946e-05,188.240737610482,5.716247880429664,0.03017952124818757,0.09236224807369398,0.1459989447547685,115791,7e0bd929b603585f5ec10acc00a23c541627adf560eb37f2febba6b10192fcce,three_row_sha256,610697a94ca6b6baf0f505dcbf3bda74a50238058d8997db0dce7c2b8c27e716,123ea5ce324bb82567913e1514a410f2bb582a6d8528a6ea98fbb2b74646f92c,a789b01b17129967eecd25421cde715dc938f6e3b95b30f735ff978f0882361e,0.3598500043153763,0.24310383014380932,0.27400488033890724,0.9009819477796555,0.20711799152195454,0.8769340347498655,0.09420211426913738,2.9561948031187057,0.0,0.0,13.352657901123166,1132.4386151973158,4802.939621033147,239000,239000,589.1072495305888,,589.1072495305888,False,False,ok
BNCI2014_001,resampled_spectral_raw_rooted_s1,resampled,spectral,raw_rooted,8,1788,479,500,500,1.0,22,253,0.00039194313256517185,0.019797553701535246,6.484545596709017,0.6313542798689062,36.864572013109374,36.864572013109374,0.005261200027027532,3.099411077152449,0.0002616873479531375,0.00011381637688656235,0.0007359109619198457,5.782480629643423e-05,188.240737610482,5.716247880429664,0.03017952124818757,0.09236224807369398,0.1459989447547685,116269,61d9ff5f578d7c707365bad73d0a307e4d53d15104ba49f8974c4991c2735f5b,three_row_sha256,b831a23396fc6fcc5b41ebbe67b690ab8a6df868b156d142092567ce452fcd5c,123ea5ce324bb82567913e1514a410f2bb582a6d8528a6ea98fbb2b74646f92c,a789b01b17129967eecd25421cde715dc938f6e3b95b30f735ff978f0882361e,0.3419858403503895,0.23822300136089325,0.24793297052383423,0.8665260393172503,0.21347589790821075,0.85271499119699,0.09057600982487202,2.85143475048244,0.0,0.0,12.548338854685426,1135.2900499477983,4815.487959887832,239500,239500,589.1072495305888,,589.1072495305888,False,False,ok
BNCI2014_001,resampled_spectral_raw_rooted_s1,resampled,spectral,raw_rooted,8,1788,480,500,500,1.0,22,253,0.0003981984641511391,0.01995491077782958,6.507129626411883,0.6335531268963414,36.64468731036586,36.64468731036586,0.005395412619024547,3.1784766880761812,0.0002591268024656412,0.00011871158753737209,0.0008832589836374428,7.608439224292306e-05,188.24073761048203,5.716247880429665,0.03017952124818757,0.09236224807369398,0.1459989447547685,116748,cddaeccba4e1b3239e983450f73835e1156d165a3dcb6a97d818379a7be581fd,three_row_sha256,2e3bd1bc81a5661918e7b6b25ff253b5d7c84732a4d0003432cf5f85085318b2,123ea5ce324bb82567913e1514a410f2bb582a6d8528a6ea98fbb2b74646f92c,a789b01b17129967eecd25421cde715dc938f6e3b95b30f735ff978f0882361e,0.3508718218654394,0.24149520322680473,0.25509996339678764,0.8867408614605665,0.20644394680857658,1.2913451064378023,0.09907200001180172,3.331068903207779,0.0,0.0,12.882685987278819,1138.621118851006,4828.370645875111,240000,240000,589.1072495305888,,589.1072495305888,False,False,ok
BNCI2014_001,resampled_spectral_raw_rooted_s1,resampled,spectral,raw_rooted,8,1788,481,500,500,1.0,22,253,0.00038798744711339244,0.019697396962883,6.473261686356011,0.6302556454328029,36.97443545671972,36.97443545671972,0.005367935508404792,3.1622897230139295,0.00025949294416713467,0.00011037171230092003,0.0008590549944932135,5.544391780188829e-05,188.24073761048203,5.716247880429664,0.03017952124818757,0.09236224807369398,0.1459989447547685,117228,e2471d7a06c5efeafc670a914b0c8f1d35ff93c70523233a255dd6d1d64bf9fe,three_row_sha256,a60b2b672bf4021acc4e901f4bfc0c86f214ae4b312cd9dcf9ac1b62b412c656,123ea5ce324bb82567913e1514a410f2bb582a6d8528a6ea98fbb2b74646f92c,a789b01b17129967eecd25421cde715dc938f6e3b95b30f735ff978f0882361e,0.3475779667496681,0.2413040492683649,0.25899196043610573,0.8883338887244463,0.20412285812199116,0.64996094442904,0.0916309654712677,2.681922633200884,0.0,0.0,12.72505009546876,1141.303041484207,4841.09569597058,240500,240500,589.1072495305888,,589.1072495305888,False,False,ok
BNCI2014_001,resampled_spectral_raw_rooted_s1,resampled,spectral,raw_rooted,8,1788,482,500,500,1.0,22,253,0.00037163283715771565,0.01927778091891584,6.487712309987145,0.6316626003134843,36.833739968651564,36.833739968651564,0.005172332446651481,3.047058541304675,0.00024997736193083504,0.00011086240959861294,0.0006408001038081079,6.155704615853586e-05,188.240737610482,5.716247880429664,0.03017952124818757,0.09236224807369398,0.1459989447547685,117709,8a89c7ab32899e2f5cc29a2c3d5eff18723c85d2272553280a97698057c54613,three_row_sha256,ce4b22a3ac7c836911acff4f4d7ad3f3de77eb01661ec21873792df7d54875ce,123ea5ce324bb82567913e1514a410f2bb582a6d8528a6ea98fbb2b74646f92c,a789b01b17129967eecd25421cde715dc938f6e3b95b30f735ff978f0882361e,0.3221400547772646,0.2392008900642395,0.24633808061480522,0.8680939208716154,0.20074797794222832,1.0332099627703428,0.09510689415037632,3.004837781190872,0.0,0.0,13.325792970135808,1144.3078792653978,4854.421488940716,241000,241000,589.1072495305888,,589.1072495305888,False,False,ok
BNCI2014_001,resampled_spectral_raw_rooted_s1,resampled,spectral,raw_rooted,8,1788,483,500,500,1.0,22,253,0.00038636417557120074,0.01965614854367968,6.4815579617108305,0.631063395008177,36.893660499182296,36.893660499182296,0.0052382946518810735,3.0859173546004524,0.0002556079343699207,0.00011547804309029043,0.0007405951450911573,7.697807959706956e-05,188.240737610482,5.716247880429664,0.03017952124818757,0.09236224807369398,0.1459989447547685,118191,9ce10a150e0154a259b2139a50dbcead3f8b379c0bac2da4869982f5b3f679e9,three_row_sha256,94602b1bb5c0c7c73a38e670614c8656f5f028095d5a23509d76e42158bb1968,123ea5ce324bb82567913e1514a410f2bb582a6d8528a6ea98fbb2b74646f92c,a789b01b17129967eecd25421cde715dc938f6e3b95b30f735ff978f0882361e,0.36198506131768227,0.2408609725534916,0.2592969685792923,0.8949970360845327,0.2226929645985365,0.6739171221852303,0.10464596562087536,2.758396090939641,0.0,0.0,12.172112939879298,1147.0662753563374,4866.593601880595,241500,241500,589.1072495305888,,589.1072495305888,False,False,ok
BNCI2014_001,resampled_spectral_raw_rooted_s1,resampled,spectral,raw_rooted,8,1788,484,500,500,1.0,22,253,0.0003999239106960027,0.01999809767692924,6.5106919724851124,0.6338999673042257,36.610003269577426,36.610003269577426,0.005295877699263557,3.119839945263536,0.0002632783785848952,0.00011882836431692555,0.0007923474037905786,6.698147177928196e-05,188.24073761048203,5.716247880429664,0.03017952124818757,0.09236224807369398,0.1459989447547685,118674,d2679c823d5b8722b247966c43d1e3f8a52878b92c6ecda43733f5bcdb162bf4,three_row_sha256,17fb9d5c800dedbb108e11874158db59d6bb57a1a4439815c258a1507830ff9f,123ea5ce324bb82567913e1514a410f2bb582a6d8528a6ea98fbb2b74646f92c,a789b01b17129967eecd25421cde715dc938f6e3b95b30f735ff978f0882361e,0.32904790714383125,0.23784814402461052,0.2487951423972845,0.8657958824187517,0.20168418996036053,1.129379030317068,0.09123305790126324,3.10378335416317,0.0,0.0,12.652449076995254,1150.1700587105006,4879.24605095759,242000,242000,589.1072495305888,,589.1072495305888,False,False,ok
BNCI2014_001,resampled_spectral_raw_rooted_s1,resampled,spectral,raw_rooted,8,1788,485,500,500,1.0,22,253,0.00036601735897612037,0.01913158014843835,6.493188087364269,0.6321957379761157,36.78042620238843,36.78042620238843,0.005150347520941382,3.0341070621884634,0.00025029395364700095,0.0001054324407417643,0.0006305622419643372,5.0123020056306247e-05,188.24073761048203,5.716247880429665,0.03017952124818757,0.09236224807369398,0.1459989447547685,119158,f18207fb379cae6bd887e0d6113911a0584016ca809c67e325dab918a590fb75,three_row_sha256,74362c33ca2ffdedb4ff248e8e304609873040d2392f46a02baef11a149c29fc,123ea5ce324bb82567913e1514a410f2bb582a6d8528a6ea98fbb2b74646f92c,a789b01b17129967eecd25421cde715dc938f6e3b95b30f735ff978f0882361e,0.35100989043712616,0.24205096997320652,0.25727110914886,0.8887080475687981,0.20844489336013794,0.6522261537611485,0.09411200881004333,2.6938230730593204,0.0,0.0,12.232291046530008,1152.86388178356,4891.47834200412,242500,242500,589.1072495305888,,589.1072495305888,False,False,ok
BNCI2014_001,resampled_spectral_raw_rooted_s1,resampled,spectral,raw_rooted,8,1788,486,500,500,1.0,22,253,0.0003881682979241688,0.019701987156735455,6.497605241962635,0.6326258050361633,36.73741949638367,36.73741949638367,0.0054356271083179095,3.202167335255071,0.0002587533462977614,0.00010990028654555076,0.0010517043496578189,8.00307479258008e-05,188.24073761048203,5.716247880429664,0.03017952124818757,0.09236224807369398,0.1459989447547685,119643,7a404053645ce247b9d0219dd591573c15bf99ab681a85235cb1972855be54b8,three_row_sha256,9a87ea9d4b0c17294234c2923caa01f5829d7c71870acbe3210d717b79437c90,123ea5ce324bb82567913e1514a410f2bb582a6d8528a6ea98fbb2b74646f92c,a789b01b17129967eecd25421cde715dc938f6e3b95b30f735ff978f0882361e,0.3491679672151804,0.24532806128263474,0.25087897665798664,0.8854679763317108,0.2056499943137169,0.8142790757119656,0.09321304969489574,2.843985101208091,0.0,0.0,12.055324856191874,1155.707866884768,4903.533666860312,243000,243000,589.1072495305888,,589.1072495305888,False,False,ok
BNCI2014_001,resampled_spectral_raw_rooted_s1,resampled,spectral,raw_rooted,8,1788,487,500,500,1.0,22,253,0.00038484001670237734,0.019617339694830625,6.489549576910439,0.631841481981904,36.8158518018096,36.8158518018096,0.0053389234233714,3.1451984933967605,0.0002571852820784303,0.00011094957466295986,0.0007796913275986778,6.012113303534888e-05,188.24073761048203,5.716247880429664,0.03017952124818757,0.09236224807369398,0.1459989447547685,120129,23b8167e3728c1ea080ca691c23ba3721bccd5fa0383eaac39ed3e87cd20f9aa,three_row_sha256,f36014c4ce64f08e5f4ee0262587454a2db9e140255d49b9ccdaf73bd65c88e5,123ea5ce324bb82567913e1514a410f2bb582a6d8528a6ea98fbb2b74646f92c,a789b01b17129967eecd25421cde715dc938f6e3b95b30f735ff978f0882361e,0.29779993928968906,0.23195287212729454,0.23834896273911,0.758480979129672,0.17574080266058445,0.9016541298478842,0.08480087853968143,2.6887785643339157,0.0,0.0,12.517916038632393,1158.396645449102,4916.051582898945,243500,243500,589.1072495305888,,589.1072495305888,False,False,ok
BNCI2014_001,resampled_spectral_raw_rooted_s1,resampled,spectral,raw_rooted,8,1788,488,500,500,1.0,22,253,0.00037681370782848223,0.019411689978682492,6.497692131026292,0.6326342648089254,36.73657351910746,36.73657351910746,0.005245623711258611,3.090234956612,0.00025497639438713414,0.00010736354978738156,0.0008080326387366178,4.940631780573425e-05,188.24073761048203,5.716247880429664,0.03017952124818757,0.09236224807369398,0.1459989447547685,120616,6c977258f67439ae79c97fbd32aca45acffa669d07df9b308ca219a58dce7121,three_row_sha256,48e7521c512b1159a9f7bae78663bf9ebaf16d45ab3d80e826fb2347cff77cb4,123ea5ce324bb82567913e1514a410f2bb582a6d8528a6ea98fbb2b74646f92c,a789b01b17129967eecd25421cde715dc938f6e3b95b30f735ff978f0882361e,0.3307759761810303,0.2365419641137123,0.24735205806791782,0.8527329191565514,0.19930698908865452,0.8381810039281845,0.09805290028452873,2.8029438108205795,0.0,0.0,12.184275081381202,1161.1995892599225,4928.235857980326,244000,244000,589.1072495305888,,589.1072495305888,False,False,ok
BNCI2014_001,resampled_spectral_raw_rooted_s1,resampled,spectral,raw_rooted,8,1788,489,500,500,1.0,22,253,0.0003605081131252491,0.018987051196150736,6.485790574249973,0.6314754945148827,36.85245054851173,36.85245054851173,0.0051371468116574205,3.0263304286503367,0.0002499596465966216,9.876463413959739e-05,0.0006341353521772718,6.669875803263704e-05,188.24073761048203,5.716247880429665,0.03017952124818757,0.09236224807369398,0.1459989447547685,121104,f99eda71e8b5643cb4b775714ccf2b8b7798d93f3f559a369c9aba4f3d8e0140,three_row_sha256,0c3269979daa784b1a57f25cb83508e6c19b34e66a6f1a2cbc9a4d41c28cd167,123ea5ce324bb82567913e1514a410f2bb582a6d8528a6ea98fbb2b74646f92c,a789b01b17129967eecd25421cde715dc938f6e3b95b30f735ff978f0882361e,0.34336489625275135,0.24699699133634567,0.2700788900256157,1.0123068932443857,0.2187970094382763,0.771034974604845,0.09661098010838032,2.9591906350106,0.0,0.0,13.084092177450657,1164.158779894933,4941.3199501577765,244500,244500,589.1072495305888,,589.1072495305888,False,False,ok
BNCI2014_001,resampled_spectral_raw_rooted_s1,resampled,spectral,raw_rooted,8,1788,490,500,500,1.0,22,253,0.00039634903207369987,0.019908516571399786,6.464803129936684,0.6294320956994854,37.056790430051464,37.056790430051464,0.005431669727141176,3.1998360133147017,0.00025907639691715096,0.00011554863584650805,0.0009477305678186232,7.469927928701844e-05,188.24073761048206,5.716247880429664,0.03017952124818757,0.09236224807369398,0.1459989447547685,121593,d39f3b77c233d9262def0ff8e62de72c728ea859f7825a393f0bc4561555ec97,three_row_sha256,16c98143a75857939630abd78a3c7c7386c5aff09266ad14dd985583fe0f7379,123ea5ce324bb82567913e1514a410f2bb582a6d8528a6ea98fbb2b74646f92c,a789b01b17129967eecd25421cde715dc938f6e3b95b30f735ff978f0882361e,0.34163612872362137,0.24117599241435528,0.25549391284585,0.8849450387060642,0.20165788009762764,0.8930710610002279,0.10051182471215725,2.9184918384999037,0.0,0.0,12.875759974122047,1167.077271733433,4954.1957101318985,245000,245000,589.1072495305888,,589.1072495305888,False,False,ok
BNCI2014_001,resampled_spectral_raw_rooted_s1,resampled,spectral,raw_rooted,8,1788,491,500,500,1.0,22,253,0.0004075850117540536,0.020188734773483295,6.4562055164038705,0.6285950069598587,37.14049930401413,37.14049930401413,0.005426702919238802,3.1969100307723877,0.0002660838586876483,0.00011954607172443528,0.0009708583907070298,6.866480798048275e-05,188.24073761048203,5.716247880429664,0.03017952124818757,0.09236224807369398,0.1459989447547685,122083,d4f91063020ed943ca231582e82b7ee6ad2b04ebeeee47b8ac52293274cc49c1,three_row_sha256,0c9675d9506eac13f350b8897116c24e04d4b0bfceab707037c06dffbcb3a15d,123ea5ce324bb82567913e1514a410f2bb582a6d8528a6ea98fbb2b74646f92c,a789b01b17129967eecd25421cde715dc938f6e3b95b30f735ff978f0882361e,0.33680908381938934,0.23936200886964798,0.2511239144951105,0.8786648977547884,0.20297779701650143,1.1430908925831318,0.08919299580156803,3.1412215903401375,0.0,0.0,12.608711142092943,1170.2184933237731,4966.8044212739915,245500,245500,589.1072495305888,,589.1072495305888,False,False,ok
BNCI2014_001,resampled_spectral_raw_rooted_s1,resampled,spectral,raw_rooted,8,1788,492,500,500,1.0,22,253,0.00039412849104371306,0.01985266962007158,6.458969977954468,0.6288641630025564,37.11358369974436,37.11358369974436,0.0052631346764441,3.1005507931490492,0.00026271088991435204,0.00011592758916262635,0.0007664093970593027,6.07601737075716e-05,188.24073761048203,5.716247880429664,0.03017952124818757,0.09236224807369398,0.1459989447547685,122574,f81c2c14bdb08e481f45c07fbc0a5d49cdbab6b80b338ff12b833c139fcca360,three_row_sha256,ac564affefc80019a1ec226fb7ddaf138e767e6eccb8806178300dbeb96d02f2,123ea5ce324bb82567913e1514a410f2bb582a6d8528a6ea98fbb2b74646f92c,a789b01b17129967eecd25421cde715dc938f6e3b95b30f735ff978f0882361e,0.3212220035493374,0.23927399888634682,0.24093594402074814,0.8614079561084509,0.2037759404629469,0.8264640346169472,0.061641912907361984,2.7547217905521393,0.0,0.0,8.848899975419044,1172.9732151143253,4975.6533212494105,246000,246000,589.1072495305888,,589.1072495305888,False,False,ok
BNCI2014_001,resampled_spectral_raw_rooted_s1,resampled,spectral,raw_rooted,8,1788,493,500,500,1.0,22,253,0.00040279316241132064,0.02006970758160967,6.458303519095194,0.6287992746234273,37.120072537657265,37.120072537657265,0.005391661073968574,3.1762666256867673,0.00026085626041755624,0.00012071002510068015,0.0008962279330083679,5.002696462479499e-05,188.24073761048206,5.716247880429664,0.03017952124818757,0.09236224807369398,0.1459989447547685,123066,6574b22fa27d3683d9be0cdf3dd3ec03f7759f13cf6dc9f0cd169e41acbaa246,three_row_sha256,08e0953a6c6312fc402dc7ea17243262a0083026c4988602eeb858f7e036d17b,123ea5ce324bb82567913e1514a410f2bb582a6d8528a6ea98fbb2b74646f92c,a789b01b17129967eecd25421cde715dc938f6e3b95b30f735ff978f0882361e,0.25136093609035015,0.2254578284919262,0.23457501083612442,0.5901360418647528,0.13757008127868176,0.7914530579000711,0.06187497638165951,2.292427932843566,0.0,0.0,12.790001928806305,1175.2656430471689,4988.443323178217,246500,246500,589.1072495305888,,589.1072495305888,False,False,ok
BNCI2014_001,resampled_spectral_raw_rooted_s1,resampled,spectral,raw_rooted,8,1788,494,500,500,1.0,22,253,0.0003879904944740555,0.01969747431713151,6.4465256254272605,0.6276525445304406,37.23474554695594,37.23474554695594,0.00525054584482253,3.0931346211776627,0.00026221805336906133,0.00011169324521703035,0.0007421379546537553,6.467348880794422e-05,188.240737610482,5.716247880429664,0.03017952124818757,0.09236224807369398,0.1459989447547685,123559,15d3f41733e9c368a7dac6ed5a8b94ed9df5ac3d86bbb8dcab7078ffd8527a6a,three_row_sha256,bec75dc38f97cfcefc7cb9d795e707fc6b59f8442eeb40e430aefa3ae3497611,123ea5ce324bb82567913e1514a410f2bb582a6d8528a6ea98fbb2b74646f92c,a789b01b17129967eecd25421cde715dc938f6e3b95b30f735ff978f0882361e,0.2486230805516243,0.2258040476590395,0.2396728377789259,0.5877090152353048,0.1498740166425705,0.7031788118183613,0.061767175793647766,2.216628985479474,0.0,0.0,9.842998115345836,1177.4822720326483,4998.286321293563,247000,247000,589.1072495305888,,589.1072495305888,False,False,ok
BNCI2014_001,resampled_spectral_raw_rooted_s1,resampled,spectral,raw_rooted,8,1788,495,500,500,1.0,22,253,0.0004030518820443443,0.02007615207265437,6.461649171813058,0.6291250171339666,37.08749828660334,37.08749828660334,0.005360191497019658,3.1577276697665,0.00025990770510138784,0.0001234601908715684,0.000882377322611269,4.584714675011215e-05,188.24073761048203,5.716247880429664,0.03017952124818757,0.09236224807369398,0.1459989447547685,124053,440dbdea6e61537af4888c1aa6e0341b783a57faaa9ebdbf2f9fb161978d23a2,three_row_sha256,5ab5faaaf3a84f20233285a0ef51bbb66f106fcca6c712dda0a2f3ebb7982f95,123ea5ce324bb82567913e1514a410f2bb582a6d8528a6ea98fbb2b74646f92c,a789b01b17129967eecd25421cde715dc938f6e3b95b30f735ff978f0882361e,0.3529610112309456,0.24686078540980816,0.2514601219445467,0.99236611276865,0.24516298435628414,0.6374989170581102,0.10218680836260319,2.828496741130948,0.0,0.0,8.51428508758545,1180.3107687737793,5006.800606381148,247500,247500,589.1072495305888,,589.1072495305888,False,False,ok
BNCI2014_001,resampled_spectral_raw_rooted_s1,resampled,spectral,raw_rooted,8,1788,496,500,500,1.0,22,253,0.00038143996613016027,0.019530488118072224,6.439335061686179,0.6269524502640195,37.30475497359806,37.30475497359806,0.005179759615762087,3.0514339404712225,0.00026087671327599507,0.00010850223671327322,0.0006868257346069777,6.284471309566018e-05,188.24073761048203,5.716247880429664,0.03017952124818757,0.09236224807369398,0.1459989447547685,124548,df7dd42a875bc6ec10a2d90d74eb9fb25d1c8dc85fd260eb5a32467421bdf700,three_row_sha256,aa3120b460fb08b636796e6a801b6509a693996e4b6e6904c8e3c12eebb14185,123ea5ce324bb82567913e1514a410f2bb582a6d8528a6ea98fbb2b74646f92c,a789b01b17129967eecd25421cde715dc938f6e3b95b30f735ff978f0882361e,0.2173120155930519,0.2213730476796627,0.22274302318692207,0.5444688722491264,0.131700886413455,0.6053370889276266,0.058167846873402596,2.0011027809232473,0.0,0.0,11.811857111752033,1182.3118715547025,5018.6124634929,248000,248000,589.1072495305888,,589.1072495305888,False,False,ok
BNCI2014_001,resampled_spectral_raw_rooted_s1,resampled,spectral,raw_rooted,8,1788,497,500,500,1.0,22,253,0.0003894046703346004,0.019733339056900643,6.454517077819651,0.6284306156527818,37.156938434721816,37.156938434721816,0.005275508425983005,3.1078402587062937,0.00025811805597049885,0.00011444932590585703,0.0007704064276842012,7.719545969813345e-05,188.24073761048203,5.716247880429664,0.03017952124818757,0.09236224807369398,0.1459989447547685,125044,6fdd4fed67a957871a2abc89cad11950750d2bc53426478f99742fc049d4fef7,three_row_sha256,66516b14581bc223d954545a772090c9235f3830c1d58c3aa46f25f476ad8490,123ea5ce324bb82567913e1514a410f2bb582a6d8528a6ea98fbb2b74646f92c,a789b01b17129967eecd25421cde715dc938f6e3b95b30f735ff978f0882361e,0.23014703765511513,0.2242878545075655,0.22951187565922737,0.5761680658906698,0.13951817527413368,0.8063649293035269,0.062418170273303986,2.2684161085635424,0.0,0.0,10.898842010647058,1184.580287663266,5029.511305503547,248500,248500,589.1072495305888,,589.1072495305888,False,False,ok
BNCI2014_001,resampled_spectral_raw_rooted_s1,resampled,spectral,raw_rooted,8,1788,498,500,500,1.0,22,253,0.0003929021437169906,0.019821759349689185,6.456950021945848,0.62866749419174,37.133250580826,37.133250580826,0.005387097136422473,3.173577976991954,0.0002604661681470617,0.00011375325129374632,0.0009698135792031972,7.488235367573318e-05,188.24073761048203,5.716247880429664,0.03017952124818757,0.09236224807369398,0.1459989447547685,125541,b70858f2415b922f5fc37b267c2288d77be10214c0046a2982daa8f03f5dea99,three_row_sha256,a2eeb42047a9b1d346e1c4a6dc1beee12a02b39e10566d4478fe5759ad776ad1,123ea5ce324bb82567913e1514a410f2bb582a6d8528a6ea98fbb2b74646f92c,a789b01b17129967eecd25421cde715dc938f6e3b95b30f735ff978f0882361e,0.412333058193326,0.2572678495198488,0.2775220200419426,1.1211640667170286,0.2439271192997694,0.7646679878234863,0.1254009548574686,3.2022830564528704,0.0,0.0,8.668677881360054,1187.782570719719,5038.179983384907,249000,249000,589.1072495305888,,589.1072495305888,False,False,ok
BNCI2014_001,resampled_spectral_raw_rooted_s1,resampled,spectral,raw_rooted,8,1788,499,500,500,1.0,22,253,0.0003712836618928765,0.019268722373133006,6.460673920423082,0.629030063813055,37.0969936186945,37.0969936186945,0.005257224814606652,3.097069250696884,0.0002512887558085687,0.00010422481171889442,0.0007112344645589694,6.438595921288545e-05,188.24073761048206,5.716247880429664,0.03017952124818757,0.09236224807369398,0.1459989447547685,126039,59a8a0f6da761cab37d24a83cf2daa893acb90134d06db7de56d985f4338efe8,three_row_sha256,d3f261733df6b5176fd2ba0b893f0b7ad317090415f5401e27f993357cf0439d,123ea5ce324bb82567913e1514a410f2bb582a6d8528a6ea98fbb2b74646f92c,a789b01b17129967eecd25421cde715dc938f6e3b95b30f735ff978f0882361e,0.23085600696504116,0.22438401356339455,0.22828602232038975,0.7812839467078447,0.24425191804766655,0.6550769321620464,0.10294816456735134,2.4670870043337345,0.0,0.0,12.156248092651367,1190.2496577240527,5050.336231477559,249500,249500,589.1072495305888,,589.1072495305888,False,False,ok
BNCI2014_001,resampled_spectral_raw_rooted_s1,resampled,spectral,raw_rooted,8,1788,500,500,500,1.0,22,253,0.00040730614158275774,0.020181827013002508,6.435392261684931,0.6265685677516167,37.34314322483833,37.34314322483833,0.005370586448957261,3.1638514113114637,0.0002685937830924971,0.00012017718274383638,0.0008100313811069304,7.965208983872667e-05,188.24073761048203,5.716247880429664,0.03017952124818757,0.09236224807369398,0.1459989447547685,126538,3725168aa5e9af404c7e229f4cdbbfd17560f54f9bec9c2737c9facf538349c3,three_row_sha256,23c49b64a179be68be89153e0ebdc23fe8a94bacc66d2a115656cc152002ad07,123ea5ce324bb82567913e1514a410f2bb582a6d8528a6ea98fbb2b74646f92c,a789b01b17129967eecd25421cde715dc938f6e3b95b30f735ff978f0882361e,0.23867888376116753,0.2246219664812088,0.2317971084266901,0.5756299942731857,0.13580801896750927,0.6082390900701284,0.06142910569906235,2.076204167678952,0.0,0.0,11.962434044107795,1192.3258618917316,5062.298665521666,250000,250000,589.1072495305888,,589.1072495305888,False,False,ok
