dataset,method,sampling,aggregation,update,subject,seed,epoch,epochs,N_proj,sigma,d,m,objective_power,rooted_distance,lew,relative_lew,lew_reduction_pct,gap_closure,raw_gradient_norm,applied_update_norm,mean_h,std_h,max_h,min_h,spectral_effective_N,spectral_entropy,spectral_max_weight,spectral_top5_mass,spectral_top10_mass,bank_seed,bank_hash,bank_hash_kind,target_projection_hash,initial_source_hash,target_hash,direction_sampling_ms,source_projection_ms,target_projection_ms,wasserstein_1d_ms,sorting_aggregation_ms,backward_ms,optimizer_update_ms,total_epoch_ms,one_time_bank_sampling_ms,one_time_target_projection_ms,evaluation_ms,cumulative_optimization_ms,cumulative_evaluation_ms,cumulative_direct_projection_count,cumulative_direction_draw_count,learning_rate,eta_norm,eta_root,nan,diverged,status
BNCI2014_001,fixed_spectral_normalized_power_s1,fixed,spectral,normalized_power,8,6398,0,500,500,1.0,22,253,0.029477111968222048,0.17168899780772806,10.270850778196136,1.0,0.0,0.0,,0.0,0.011082502765155301,0.014706522693556578,0.10972143812510751,0.00011122269639232416,188.24073761048203,5.716247880429664,0.03017952124818757,0.09236224807369398,0.1459989447547685,6398,2b1b45e4e4a812f6d748c2c175962332f0dbca2acd50b6a4d146c963428b0e9a,full_tensor_sha256,6be8a194f257b1d6a24c9e789f5fb17cdf00dd9fdb0e0ad07b8fe84e0c965627,123ea5ce324bb82567913e1514a410f2bb582a6d8528a6ea98fbb2b74646f92c,a789b01b17129967eecd25421cde715dc938f6e3b95b30f735ff978f0882361e,0.0,0.0,0.0,0.0,0.0,0.0,0.0,0.0,0.25377701967954636,0.271880067884922,19.158857874572277,0.5256570875644684,19.158857874572277,0,500,,2.793683898093503,,False,False,initial
BNCI2014_001,fixed_spectral_normalized_power_s1,fixed,spectral,normalized_power,8,6398,1,500,500,1.0,22,253,0.029477111968222048,0.17168899780772806,9.903834037958456,0.9642661792909293,3.573382070907075,3.573382070907075,0.00311254896492966,2.793683898093503,0.011082502765155301,0.014706522693556578,0.10972143812510751,0.00011122269639232416,188.24073761048203,5.716247880429664,0.03017952124818757,0.09236224807369398,0.1459989447547685,6398,2b1b45e4e4a812f6d748c2c175962332f0dbca2acd50b6a4d146c963428b0e9a,full_tensor_sha256,6be8a194f257b1d6a24c9e789f5fb17cdf00dd9fdb0e0ad07b8fe84e0c965627,123ea5ce324bb82567913e1514a410f2bb582a6d8528a6ea98fbb2b74646f92c,a789b01b17129967eecd25421cde715dc938f6e3b95b30f735ff978f0882361e,0.0,0.2817469649016857,0.0,0.82346610724926,0.20542205311357975,0.7098689675331116,0.24068402126431465,2.2611881140619516,0.25377701967954636,0.271880067884922,16.785525949671865,2.78684520162642,35.94438382424414,500,500,,2.793683898093503,,False,False,ok
BNCI2014_001,fixed_spectral_normalized_power_s1,fixed,spectral,normalized_power,8,6398,2,500,500,1.0,22,253,0.021780468361666902,0.14758207330725132,9.57170319221792,0.9319289510599814,6.807104894001857,6.807104894001857,0.0025172076703792513,2.7936838980935033,0.00887521158591788,0.010651826151055966,0.06668960681490953,0.00015225152340968143,188.24073761048203,5.716247880429664,0.03017952124818757,0.09236224807369398,0.1459989447547685,6398,2b1b45e4e4a812f6d748c2c175962332f0dbca2acd50b6a4d146c963428b0e9a,full_tensor_sha256,6be8a194f257b1d6a24c9e789f5fb17cdf00dd9fdb0e0ad07b8fe84e0c965627,123ea5ce324bb82567913e1514a410f2bb582a6d8528a6ea98fbb2b74646f92c,a789b01b17129967eecd25421cde715dc938f6e3b95b30f735ff978f0882361e,0.0,0.25217002257704735,0.0,0.7755458354949951,0.18767197616398335,0.6313992198556662,0.5729119293391705,2.4196989834308624,0.25377701967954636,0.271880067884922,12.012104038149118,5.2065441850572824,47.95648786239326,1000,500,,2.793683898093503,,False,False,ok
BNCI2014_001,fixed_spectral_normalized_power_s1,fixed,spectral,normalized_power,8,6398,3,500,500,1.0,22,253,0.01583370919203191,0.12583206742333972,9.258887973085802,0.9014723485946639,9.852765140533617,9.852765140533617,0.0019336448936211044,2.793683898093503,0.006993901103092978,0.007629678056434796,0.03993839151886845,0.00014587794042750872,188.240737610482,5.716247880429664,0.03017952124818757,0.09236224807369398,0.1459989447547685,6398,2b1b45e4e4a812f6d748c2c175962332f0dbca2acd50b6a4d146c963428b0e9a,full_tensor_sha256,6be8a194f257b1d6a24c9e789f5fb17cdf00dd9fdb0e0ad07b8fe84e0c965627,123ea5ce324bb82567913e1514a410f2bb582a6d8528a6ea98fbb2b74646f92c,a789b01b17129967eecd25421cde715dc938f6e3b95b30f735ff978f0882361e,0.0,0.2476039808243513,0.0,0.6150179542601109,0.13893702998757362,0.6357210222631693,0.17761602066457272,1.8148960079997778,0.25377701967954636,0.271880067884922,11.031378991901875,7.02144019305706,58.987866854295135,1500,500,,2.793683898093503,,False,False,ok
BNCI2014_001,fixed_spectral_normalized_power_s1,fixed,spectral,normalized_power,8,6398,4,500,500,1.0,22,253,0.01133165354415766,0.10645023975622442,8.972139187987786,0.8735536502034116,12.644634979658838,12.644634979658838,0.001488304729902758,2.793683898093503,0.005403326714505557,0.0054167190028338915,0.022713770003279152,0.00014747963514466728,188.240737610482,5.716247880429664,0.03017952124818757,0.09236224807369398,0.1459989447547685,6398,2b1b45e4e4a812f6d748c2c175962332f0dbca2acd50b6a4d146c963428b0e9a,full_tensor_sha256,6be8a194f257b1d6a24c9e789f5fb17cdf00dd9fdb0e0ad07b8fe84e0c965627,123ea5ce324bb82567913e1514a410f2bb582a6d8528a6ea98fbb2b74646f92c,a789b01b17129967eecd25421cde715dc938f6e3b95b30f735ff978f0882361e,0.0,0.23452402092516422,0.0,0.5903840065002441,0.1340499147772789,0.5661319009959698,0.1652529463171959,1.690342789515853,0.25377701967954636,0.271880067884922,10.989848989993334,8.711782982572913,69.97771584428847,2000,500,,2.793683898093503,,False,False,ok
BNCI2014_001,fixed_spectral_normalized_power_s1,fixed,spectral,normalized_power,8,6398,5,500,500,1.0,22,253,0.008183903935675965,0.09046493207688804,8.714365052010036,0.8484560081925886,15.154399180741136,15.154399180741136,0.0011861510191478971,2.793683898093503,0.004096887781509493,0.003815059589924645,0.016424570659400797,0.00011347593121247162,188.24073761048203,5.716247880429664,0.03017952124818757,0.09236224807369398,0.1459989447547685,6398,2b1b45e4e4a812f6d748c2c175962332f0dbca2acd50b6a4d146c963428b0e9a,full_tensor_sha256,6be8a194f257b1d6a24c9e789f5fb17cdf00dd9fdb0e0ad07b8fe84e0c965627,123ea5ce324bb82567913e1514a410f2bb582a6d8528a6ea98fbb2b74646f92c,a789b01b17129967eecd25421cde715dc938f6e3b95b30f735ff978f0882361e,0.0,0.23046787828207016,0.0,0.5523960571736097,0.14371308498084545,1.0268839541822672,0.18302514217793941,2.136486116796732,0.25377701967954636,0.271880067884922,10.766216088086367,10.848269099369645,80.74393193237484,2500,500,,2.793683898093503,,False,False,ok
BNCI2014_001,fixed_spectral_normalized_power_s1,fixed,spectral,normalized_power,8,6398,6,500,500,1.0,22,253,0.005869039686030785,0.07660965791615823,8.490503502566929,0.8266601945567464,17.333980544325353,17.333980544325353,0.0009587966923942171,2.793683898093503,0.0030389091354539217,0.0026538028214717854,0.011243752519204134,0.00010279037751967654,188.240737610482,5.716247880429664,0.03017952124818757,0.09236224807369398,0.1459989447547685,6398,2b1b45e4e4a812f6d748c2c175962332f0dbca2acd50b6a4d146c963428b0e9a,full_tensor_sha256,6be8a194f257b1d6a24c9e789f5fb17cdf00dd9fdb0e0ad07b8fe84e0c965627,123ea5ce324bb82567913e1514a410f2bb582a6d8528a6ea98fbb2b74646f92c,a789b01b17129967eecd25421cde715dc938f6e3b95b30f735ff978f0882361e,0.0,0.24069193750619888,0.0,0.5558871198445559,0.13142614625394344,0.928312074393034,0.17545605078339577,2.031773328781128,0.25377701967954636,0.271880067884922,10.71735704317689,12.880042428150773,91.46128897555172,3000,500,,2.793683898093503,,False,False,ok
BNCI2014_001,fixed_spectral_normalized_power_s1,fixed,spectral,normalized_power,8,6398,7,500,500,1.0,22,253,0.0043658272196058145,0.06607440669128868,8.310257178171591,0.8091108864918313,19.08891135081687,19.08891135081687,0.0008664476268759931,2.793683898093503,0.0022754147361167825,0.001887599959424189,0.009665890984169803,0.00011900732929350755,188.24073761048203,5.716247880429664,0.03017952124818757,0.09236224807369398,0.1459989447547685,6398,2b1b45e4e4a812f6d748c2c175962332f0dbca2acd50b6a4d146c963428b0e9a,full_tensor_sha256,6be8a194f257b1d6a24c9e789f5fb17cdf00dd9fdb0e0ad07b8fe84e0c965627,123ea5ce324bb82567913e1514a410f2bb582a6d8528a6ea98fbb2b74646f92c,a789b01b17129967eecd25421cde715dc938f6e3b95b30f735ff978f0882361e,0.0,0.23251515813171864,0.0,0.5663458723574877,0.13503897935152054,0.9021500591188669,0.1696369145065546,2.0056869834661484,0.25377701967954636,0.271880067884922,10.85771294310689,14.885729411616921,102.31900191865861,3500,500,,2.793683898093503,,False,False,ok
BNCI2014_001,fixed_spectral_normalized_power_s1,fixed,spectral,normalized_power,8,6398,8,500,500,1.0,22,253,0.0032827598695661575,0.05729537389323991,8.158883283182305,0.7943726823977133,20.562731760228672,20.562731760228672,0.0007509764621654935,2.793683898093503,0.001733775460794816,0.0013914815650318765,0.006511875130984446,0.00010690043550718951,188.24073761048203,5.716247880429664,0.03017952124818757,0.09236224807369398,0.1459989447547685,6398,2b1b45e4e4a812f6d748c2c175962332f0dbca2acd50b6a4d146c963428b0e9a,full_tensor_sha256,6be8a194f257b1d6a24c9e789f5fb17cdf00dd9fdb0e0ad07b8fe84e0c965627,123ea5ce324bb82567913e1514a410f2bb582a6d8528a6ea98fbb2b74646f92c,a789b01b17129967eecd25421cde715dc938f6e3b95b30f735ff978f0882361e,0.0,0.25163101963698864,0.0,0.6010080687701702,0.13891584239900112,0.598682090640068,0.17842696979641914,1.7686639912426472,0.25377701967954636,0.271880067884922,10.408977046608925,16.65439340285957,112.72797896526754,4000,500,,2.793683898093503,,False,False,ok
BNCI2014_001,fixed_spectral_normalized_power_s1,fixed,spectral,normalized_power,8,6398,9,500,500,1.0,22,253,0.0024473006585823314,0.04947019970226855,8.031681241594653,0.781987920479286,21.8012079520714,21.8012079520714,0.0006435391558624356,2.7936838980935024,0.0013078908628301753,0.0010041628862877236,0.005405415153973199,1.701659766027657e-05,188.240737610482,5.716247880429664,0.03017952124818757,0.09236224807369398,0.1459989447547685,6398,2b1b45e4e4a812f6d748c2c175962332f0dbca2acd50b6a4d146c963428b0e9a,full_tensor_sha256,6be8a194f257b1d6a24c9e789f5fb17cdf00dd9fdb0e0ad07b8fe84e0c965627,123ea5ce324bb82567913e1514a410f2bb582a6d8528a6ea98fbb2b74646f92c,a789b01b17129967eecd25421cde715dc938f6e3b95b30f735ff978f0882361e,0.0,0.23763487115502357,0.0,0.583315035328269,0.1355959102511406,0.9468209464102983,0.17411494627594948,2.077481709420681,0.25377701967954636,0.271880067884922,10.14457899145782,18.73187511228025,122.87255795672536,4500,500,,2.793683898093503,,False,False,ok
BNCI2014_001,fixed_spectral_normalized_power_s1,fixed,spectral,normalized_power,8,6398,10,500,500,1.0,22,253,0.0019244537231165042,0.04386859609238144,7.925531118069634,0.7716528347286135,22.83471652713865,22.83471652713865,0.0005779805338393975,2.793683898093503,0.001012335727870603,0.0007763724505252651,0.004918520633411475,4.860062305633152e-05,188.24073761048206,5.716247880429664,0.03017952124818757,0.09236224807369398,0.1459989447547685,6398,2b1b45e4e4a812f6d748c2c175962332f0dbca2acd50b6a4d146c963428b0e9a,full_tensor_sha256,6be8a194f257b1d6a24c9e789f5fb17cdf00dd9fdb0e0ad07b8fe84e0c965627,123ea5ce324bb82567913e1514a410f2bb582a6d8528a6ea98fbb2b74646f92c,a789b01b17129967eecd25421cde715dc938f6e3b95b30f735ff978f0882361e,0.0,0.2320399507880211,0.0,0.5555590614676476,0.13245712034404278,0.9215450845658779,0.16676890663802624,2.0083701238036156,0.25377701967954636,0.271880067884922,10.60786610469222,20.740245236083865,133.48042406141758,5000,500,,2.793683898093503,,False,False,ok
BNCI2014_001,fixed_spectral_normalized_power_s1,fixed,spectral,normalized_power,8,6398,11,500,500,1.0,22,253,0.0014253253796669774,0.03775348168933532,7.8434394514476145,0.763660150539657,23.6339849460343,23.6339849460343,0.0005000764087723131,2.793683898093503,0.0007906102543594022,0.000548511901297911,0.0031824400021601895,8.706240512227423e-05,188.240737610482,5.716247880429664,0.03017952124818757,0.09236224807369398,0.1459989447547685,6398,2b1b45e4e4a812f6d748c2c175962332f0dbca2acd50b6a4d146c963428b0e9a,full_tensor_sha256,6be8a194f257b1d6a24c9e789f5fb17cdf00dd9fdb0e0ad07b8fe84e0c965627,123ea5ce324bb82567913e1514a410f2bb582a6d8528a6ea98fbb2b74646f92c,a789b01b17129967eecd25421cde715dc938f6e3b95b30f735ff978f0882361e,0.0,0.23531797342002392,0.0,0.5812121089547873,0.13523711822926998,0.8515689987689257,0.17292005941271782,1.9762562587857246,0.25377701967954636,0.271880067884922,9.977350011467934,22.71650149486959,143.4577740728855,5500,500,,2.793683898093503,,False,False,ok
BNCI2014_001,fixed_spectral_normalized_power_s1,fixed,spectral,normalized_power,8,6398,12,500,500,1.0,22,253,0.001125353609764734,0.033546290551486224,7.778279187103768,0.7573159570788607,24.268404292113928,24.268404292113928,0.0004585922820139397,2.793683898093503,0.0006164211748671866,0.0004397788468409342,0.00239552646808976,3.883643564213411e-05,188.24073761048203,5.716247880429665,0.03017952124818757,0.09236224807369398,0.1459989447547685,6398,2b1b45e4e4a812f6d748c2c175962332f0dbca2acd50b6a4d146c963428b0e9a,full_tensor_sha256,6be8a194f257b1d6a24c9e789f5fb17cdf00dd9fdb0e0ad07b8fe84e0c965627,123ea5ce324bb82567913e1514a410f2bb582a6d8528a6ea98fbb2b74646f92c,a789b01b17129967eecd25421cde715dc938f6e3b95b30f735ff978f0882361e,0.0,0.23751589469611645,0.0,0.5694539286196232,0.13344292528927326,0.866645947098732,0.16741803847253323,1.9744767341762781,0.25377701967954636,0.271880067884922,10.101200081408024,24.690978229045868,153.55897415429354,6000,500,,2.793683898093503,,False,False,ok
BNCI2014_001,fixed_spectral_normalized_power_s1,fixed,spectral,normalized_power,8,6398,13,500,500,1.0,22,253,0.0009150658195558382,0.03025005486864178,7.728566146574299,0.7524757504004612,24.752424959953874,24.752424959953874,0.0004403992650147964,2.793683898093503,0.0004904615344847529,0.0003565485777351025,0.002294383699398179,2.613205513565079e-05,188.24073761048203,5.716247880429664,0.03017952124818757,0.09236224807369398,0.1459989447547685,6398,2b1b45e4e4a812f6d748c2c175962332f0dbca2acd50b6a4d146c963428b0e9a,full_tensor_sha256,6be8a194f257b1d6a24c9e789f5fb17cdf00dd9fdb0e0ad07b8fe84e0c965627,123ea5ce324bb82567913e1514a410f2bb582a6d8528a6ea98fbb2b74646f92c,a789b01b17129967eecd25421cde715dc938f6e3b95b30f735ff978f0882361e,0.0,0.23608398623764515,0.0,0.5855499766767025,0.13727601617574692,0.6574657745659351,0.2702469937503338,1.8866227474063635,0.25377701967954636,0.271880067884922,9.580095997080207,26.57760097645223,163.13907015137374,6500,500,,2.793683898093503,,False,False,ok
BNCI2014_001,fixed_spectral_normalized_power_s1,fixed,spectral,normalized_power,8,6398,14,500,500,1.0,22,253,0.0007586104976766756,0.027542884701437422,7.693023912634936,0.7490152547991801,25.098474520081993,25.098474520081993,0.00040771659302019656,2.793683898093503,0.00039741233948213737,0.00029646660639460055,0.0022418745488070905,1.3957211956918317e-05,188.24073761048203,5.716247880429664,0.03017952124818757,0.09236224807369398,0.1459989447547685,6398,2b1b45e4e4a812f6d748c2c175962332f0dbca2acd50b6a4d146c963428b0e9a,full_tensor_sha256,6be8a194f257b1d6a24c9e789f5fb17cdf00dd9fdb0e0ad07b8fe84e0c965627,123ea5ce324bb82567913e1514a410f2bb582a6d8528a6ea98fbb2b74646f92c,a789b01b17129967eecd25421cde715dc938f6e3b95b30f735ff978f0882361e,0.0,0.23230095393955708,0.0,0.5625339690595865,0.13401499018073082,0.6180049385875463,0.16513210721313953,1.7119869589805603,0.25377701967954636,0.271880067884922,9.846129920333624,28.28958793543279,172.98520007170737,7000,500,,2.793683898093503,,False,False,ok
BNCI2014_001,fixed_spectral_normalized_power_s1,fixed,spectral,normalized_power,8,6398,15,500,500,1.0,22,253,0.0006167246198196486,0.024833940883791452,7.665013769843321,0.7462881055691399,25.37118944308601,25.37118944308601,0.00041248281412664716,2.793683898093503,0.0003311035610001973,0.00023972157729430844,0.0016284713335482065,1.4704738944566676e-05,188.24073761048203,5.716247880429664,0.03017952124818757,0.09236224807369398,0.1459989447547685,6398,2b1b45e4e4a812f6d748c2c175962332f0dbca2acd50b6a4d146c963428b0e9a,full_tensor_sha256,6be8a194f257b1d6a24c9e789f5fb17cdf00dd9fdb0e0ad07b8fe84e0c965627,123ea5ce324bb82567913e1514a410f2bb582a6d8528a6ea98fbb2b74646f92c,a789b01b17129967eecd25421cde715dc938f6e3b95b30f735ff978f0882361e,0.0,0.2374551258981228,0.0,0.5854659248143435,0.13626692816615105,0.99609000608325,0.17622089944779873,2.131498884409666,0.25377701967954636,0.271880067884922,10.193077847361565,30.421086819842458,183.17827791906893,7500,500,,2.793683898093503,,False,False,ok
BNCI2014_001,fixed_spectral_normalized_power_s1,fixed,spectral,normalized_power,8,6398,16,500,500,1.0,22,253,0.0006159173494386665,0.024817682193119212,7.6521786439066455,0.7450384402576817,25.496155974231833,25.496155974231833,0.00048517472080487147,2.793683898093503,0.00026314748630387947,0.00032875848710206925,0.0066823611754788185,1.1725721901783727e-05,188.24073761048203,5.716247880429664,0.03017952124818757,0.09236224807369398,0.1459989447547685,6398,2b1b45e4e4a812f6d748c2c175962332f0dbca2acd50b6a4d146c963428b0e9a,full_tensor_sha256,6be8a194f257b1d6a24c9e789f5fb17cdf00dd9fdb0e0ad07b8fe84e0c965627,123ea5ce324bb82567913e1514a410f2bb582a6d8528a6ea98fbb2b74646f92c,a789b01b17129967eecd25421cde715dc938f6e3b95b30f735ff978f0882361e,0.0,0.24361908435821533,0.0,0.64316694624722,0.1523531973361969,0.9047789499163628,0.18390407785773277,2.127822255715728,0.25377701967954636,0.271880067884922,9.739950997754931,32.548909075558186,192.91822891682386,8000,500,,2.793683898093503,,False,False,ok
BNCI2014_001,fixed_spectral_normalized_power_s1,fixed,spectral,normalized_power,8,6398,17,500,500,1.0,22,253,0.0005331150983303092,0.023089285357721864,7.636825781342719,0.7435436407619556,25.64563592380445,25.64563592380445,0.0004479764174922768,2.793683898093503,0.00024059991502549418,0.00025254006888336753,0.00470555200500581,1.836353221976012e-05,188.24073761048203,5.716247880429664,0.03017952124818757,0.09236224807369398,0.1459989447547685,6398,2b1b45e4e4a812f6d748c2c175962332f0dbca2acd50b6a4d146c963428b0e9a,full_tensor_sha256,6be8a194f257b1d6a24c9e789f5fb17cdf00dd9fdb0e0ad07b8fe84e0c965627,123ea5ce324bb82567913e1514a410f2bb582a6d8528a6ea98fbb2b74646f92c,a789b01b17129967eecd25421cde715dc938f6e3b95b30f735ff978f0882361e,0.0,0.23985886946320534,0.0,0.5870659369975328,0.13535702601075172,0.9239159990102053,0.17505488358438015,2.0612527150660753,0.25377701967954636,0.271880067884922,9.699717164039612,34.61016179062426,202.61794608086348,8500,500,,2.793683898093503,,False,False,ok
BNCI2014_001,fixed_spectral_normalized_power_s1,fixed,spectral,normalized_power,8,6398,18,500,500,1.0,22,253,0.0005163378672024355,0.022723069053330703,7.62634726158103,0.7425234215037871,25.747657849621287,25.747657849621287,0.0004611672997982462,2.793683898093503,0.0002032544625282377,0.000310888588655939,0.006584315392072381,6.2809082050964e-06,188.240737610482,5.716247880429664,0.03017952124818757,0.09236224807369398,0.1459989447547685,6398,2b1b45e4e4a812f6d748c2c175962332f0dbca2acd50b6a4d146c963428b0e9a,full_tensor_sha256,6be8a194f257b1d6a24c9e789f5fb17cdf00dd9fdb0e0ad07b8fe84e0c965627,123ea5ce324bb82567913e1514a410f2bb582a6d8528a6ea98fbb2b74646f92c,a789b01b17129967eecd25421cde715dc938f6e3b95b30f735ff978f0882361e,0.0,0.23529492318630219,0.0,0.581636093556881,0.13922806829214096,0.9503399487584829,0.16709300689399242,2.0735920406877995,0.25377701967954636,0.271880067884922,10.397502919659019,36.68375383131206,213.0154490005225,9000,500,,2.793683898093503,,False,False,ok
BNCI2014_001,fixed_spectral_normalized_power_s1,fixed,spectral,normalized_power,8,6398,19,500,500,1.0,22,253,0.00045681089043611925,0.021373134782621834,7.616885784239822,0.7416022244631979,25.839777553680207,25.839777553680207,0.0004365259074363519,2.793683898093503,0.00019074316957903113,0.0002500891906685871,0.005119662510798187,7.903094495676848e-06,188.24073761048206,5.716247880429664,0.03017952124818757,0.09236224807369398,0.1459989447547685,6398,2b1b45e4e4a812f6d748c2c175962332f0dbca2acd50b6a4d146c963428b0e9a,full_tensor_sha256,6be8a194f257b1d6a24c9e789f5fb17cdf00dd9fdb0e0ad07b8fe84e0c965627,123ea5ce324bb82567913e1514a410f2bb582a6d8528a6ea98fbb2b74646f92c,a789b01b17129967eecd25421cde715dc938f6e3b95b30f735ff978f0882361e,0.0,0.2513481304049492,0.0,0.5822221282869577,0.13485504314303398,0.5740500055253506,0.17740996554493904,1.7198852729052305,0.25377701967954636,0.271880067884922,9.979567024856806,38.40363910421729,222.9950160253793,9500,500,,2.793683898093503,,False,False,ok
BNCI2014_001,fixed_spectral_normalized_power_s1,fixed,spectral,normalized_power,8,6398,20,500,500,1.0,22,253,0.0004467114711147797,0.021135549936417072,7.611282230382703,0.7410566461096486,25.894335389035138,25.894335389035138,0.0004503895889405951,2.793683898093503,0.0001608731866482474,0.0003057129040671218,0.006654064628981701,1.1157666787955425e-05,188.240737610482,5.716247880429664,0.03017952124818757,0.09236224807369398,0.1459989447547685,6398,2b1b45e4e4a812f6d748c2c175962332f0dbca2acd50b6a4d146c963428b0e9a,full_tensor_sha256,6be8a194f257b1d6a24c9e789f5fb17cdf00dd9fdb0e0ad07b8fe84e0c965627,123ea5ce324bb82567913e1514a410f2bb582a6d8528a6ea98fbb2b74646f92c,a789b01b17129967eecd25421cde715dc938f6e3b95b30f735ff978f0882361e,0.0,0.23385114036500454,0.0,0.5650348030030727,0.13176491484045982,0.8848961442708969,0.16853096894919872,1.9840779714286327,0.25377701967954636,0.271880067884922,9.39085311256349,40.387717075645924,232.3858691379428,10000,500,,2.793683898093503,,False,False,ok
BNCI2014_001,fixed_spectral_normalized_power_s1,fixed,spectral,normalized_power,8,6398,21,500,500,1.0,22,253,0.0004200563305150083,0.02049527580968376,7.6058612927471,0.7405288478042628,25.947115219573725,25.947115219573725,0.0004569332219600027,2.793683898093503,0.00015902703613696723,0.00026237990052650843,0.005594132903664779,1.1448106927002569e-05,188.24073761048203,5.716247880429664,0.03017952124818757,0.09236224807369398,0.1459989447547685,6398,2b1b45e4e4a812f6d748c2c175962332f0dbca2acd50b6a4d146c963428b0e9a,full_tensor_sha256,6be8a194f257b1d6a24c9e789f5fb17cdf00dd9fdb0e0ad07b8fe84e0c965627,123ea5ce324bb82567913e1514a410f2bb582a6d8528a6ea98fbb2b74646f92c,a789b01b17129967eecd25421cde715dc938f6e3b95b30f735ff978f0882361e,0.0,0.24175690487027168,0.0,0.5570829380303621,0.13382709585130215,0.9107880759984255,0.1742001622915268,2.0176551770418882,0.25377701967954636,0.271880067884922,9.454502956941724,42.40537225268781,241.84037209488451,10500,500,,2.793683898093503,,False,False,ok
BNCI2014_001,fixed_spectral_normalized_power_s1,fixed,spectral,normalized_power,8,6398,22,500,500,1.0,22,253,0.0004190761516072616,0.02047134953067974,7.6041260322599635,0.7403598977801011,25.964010221989888,25.964010221989888,0.00046492223630722844,2.793683898093503,0.00013895290342256646,0.00029796955079444297,0.006360955909378307,1.0094426676584096e-05,188.24073761048203,5.716247880429664,0.03017952124818757,0.09236224807369398,0.1459989447547685,6398,2b1b45e4e4a812f6d748c2c175962332f0dbca2acd50b6a4d146c963428b0e9a,full_tensor_sha256,6be8a194f257b1d6a24c9e789f5fb17cdf00dd9fdb0e0ad07b8fe84e0c965627,123ea5ce324bb82567913e1514a410f2bb582a6d8528a6ea98fbb2b74646f92c,a789b01b17129967eecd25421cde715dc938f6e3b95b30f735ff978f0882361e,0.0,0.22748298943042755,0.0,0.5423380061984062,0.1317448914051056,0.84654800593853,0.1621660776436329,1.9102799706161022,0.25377701967954636,0.271880067884922,9.9823959171772,44.315652223303914,251.82276801206172,11000,500,,2.793683898093503,,False,False,ok
BNCI2014_001,fixed_spectral_normalized_power_s1,fixed,spectral,normalized_power,8,6398,23,500,500,1.0,22,253,0.0003968928839497208,0.01992217066360292,7.60083136585123,0.7400391194453864,25.99608805546137,25.99608805546137,0.0004641796408138023,2.793683898093503,0.00013773629001837925,0.0002608061040772984,0.0055004297027778145,1.0082208563793846e-05,188.240737610482,5.716247880429664,0.03017952124818757,0.09236224807369398,0.1459989447547685,6398,2b1b45e4e4a812f6d748c2c175962332f0dbca2acd50b6a4d146c963428b0e9a,full_tensor_sha256,6be8a194f257b1d6a24c9e789f5fb17cdf00dd9fdb0e0ad07b8fe84e0c965627,123ea5ce324bb82567913e1514a410f2bb582a6d8528a6ea98fbb2b74646f92c,a789b01b17129967eecd25421cde715dc938f6e3b95b30f735ff978f0882361e,0.0,0.22789300419390202,0.0,0.542007852345705,0.1342881005257368,0.956416130065918,0.164299039170146,2.024904126301408,0.25377701967954636,0.271880067884922,9.703655960038304,46.34055634960532,261.5264239721,11500,500,,2.793683898093503,,False,False,ok
BNCI2014_001,fixed_spectral_normalized_power_s1,fixed,spectral,normalized_power,8,6398,24,500,500,1.0,22,253,0.0004000635758938896,0.02000158933419766,7.599017483603339,0.7398625145771955,26.01374854228045,26.01374854228045,0.00047053265066993364,2.793683898093503,0.0001258612948052274,0.00028917175092805386,0.006124108642364779,8.958557486281408e-06,188.240737610482,5.716247880429664,0.03017952124818757,0.09236224807369398,0.1459989447547685,6398,2b1b45e4e4a812f6d748c2c175962332f0dbca2acd50b6a4d146c963428b0e9a,full_tensor_sha256,6be8a194f257b1d6a24c9e789f5fb17cdf00dd9fdb0e0ad07b8fe84e0c965627,123ea5ce324bb82567913e1514a410f2bb582a6d8528a6ea98fbb2b74646f92c,a789b01b17129967eecd25421cde715dc938f6e3b95b30f735ff978f0882361e,0.0,0.22826390340924263,0.0,0.536751002073288,0.1307469792664051,0.8259008172899485,0.16338517889380455,1.8850478809326887,0.25377701967954636,0.271880067884922,9.635285008698702,48.22560423053801,271.1617089807987,12000,500,,2.793683898093503,,False,False,ok
BNCI2014_001,fixed_spectral_normalized_power_s1,fixed,spectral,normalized_power,8,6398,25,500,500,1.0,22,253,0.00038095023913761717,0.019517946591217458,7.596918312882724,0.739658133190887,26.03418668091129,26.03418668091129,0.0004658334707277782,2.793683898093503,0.0001242398932620389,0.0002596446854147425,0.00545585073236448,1.1310583971349447e-05,188.24073761048203,5.716247880429664,0.03017952124818757,0.09236224807369398,0.1459989447547685,6398,2b1b45e4e4a812f6d748c2c175962332f0dbca2acd50b6a4d146c963428b0e9a,full_tensor_sha256,6be8a194f257b1d6a24c9e789f5fb17cdf00dd9fdb0e0ad07b8fe84e0c965627,123ea5ce324bb82567913e1514a410f2bb582a6d8528a6ea98fbb2b74646f92c,a789b01b17129967eecd25421cde715dc938f6e3b95b30f735ff978f0882361e,0.0,0.24512899108231068,0.0,0.6103930063545704,0.13932515867054462,0.592186814174056,0.1778199803084135,1.7648539505898952,0.25377701967954636,0.271880067884922,10.057248175144196,49.990458181127906,281.2189571559429,12500,500,,2.793683898093503,,False,False,ok
BNCI2014_001,fixed_spectral_normalized_power_s1,fixed,spectral,normalized_power,8,6398,26,500,500,1.0,22,253,0.00038719718625428417,0.019677326704974032,7.595892857117478,0.7395582918255132,26.04417081744867,26.04417081744867,0.0004727904681584249,2.793683898093503,0.00011585121672408375,0.0002883349006638459,0.006115597052335648,9.681619379149854e-06,188.240737610482,5.716247880429664,0.03017952124818757,0.09236224807369398,0.1459989447547685,6398,2b1b45e4e4a812f6d748c2c175962332f0dbca2acd50b6a4d146c963428b0e9a,full_tensor_sha256,6be8a194f257b1d6a24c9e789f5fb17cdf00dd9fdb0e0ad07b8fe84e0c965627,123ea5ce324bb82567913e1514a410f2bb582a6d8528a6ea98fbb2b74646f92c,a789b01b17129967eecd25421cde715dc938f6e3b95b30f735ff978f0882361e,0.0,0.23495405912399292,0.0,0.5779850762337446,0.13572396710515022,0.8292039856314659,0.1680459827184677,1.9459130708128214,0.25377701967954636,0.271880067884922,9.696405846625566,51.93637125194073,290.9153630025685,13000,500,,2.793683898093503,,False,False,ok
BNCI2014_001,fixed_spectral_normalized_power_s1,fixed,spectral,normalized_power,8,6398,27,500,500,1.0,22,253,0.0003705238936869025,0.01924899721250181,7.594542906023857,0.7394268566481581,26.057314335184188,26.057314335184188,0.000467552784611417,2.793683898093503,0.00011459772905207036,0.0002624029050731495,0.00553331872868141,1.18679911789161e-05,188.24073761048203,5.716247880429664,0.03017952124818757,0.09236224807369398,0.1459989447547685,6398,2b1b45e4e4a812f6d748c2c175962332f0dbca2acd50b6a4d146c963428b0e9a,full_tensor_sha256,6be8a194f257b1d6a24c9e789f5fb17cdf00dd9fdb0e0ad07b8fe84e0c965627,123ea5ce324bb82567913e1514a410f2bb582a6d8528a6ea98fbb2b74646f92c,a789b01b17129967eecd25421cde715dc938f6e3b95b30f735ff978f0882361e,0.0,0.23020803928375244,0.0,0.5452749319374561,0.13140286318957806,0.8771929424256086,0.16277004033327103,1.9468488171696663,0.25377701967954636,0.271880067884922,9.349332889541984,53.88322006911039,300.26469589211047,13500,500,,2.793683898093503,,False,False,ok
BNCI2014_001,fixed_spectral_normalized_power_s1,fixed,spectral,normalized_power,8,6398,28,500,500,1.0,22,253,0.0003785897214754836,0.019457382184545884,7.593817635568258,0.7393562422004106,26.064375779958944,26.064375779958944,0.000474857614645432,2.7936838980935024,0.00010884105967612304,0.00028752616151531406,0.006105389957965805,1.083559560537146e-05,188.24073761048203,5.716247880429664,0.03017952124818757,0.09236224807369398,0.1459989447547685,6398,2b1b45e4e4a812f6d748c2c175962332f0dbca2acd50b6a4d146c963428b0e9a,full_tensor_sha256,6be8a194f257b1d6a24c9e789f5fb17cdf00dd9fdb0e0ad07b8fe84e0c965627,123ea5ce324bb82567913e1514a410f2bb582a6d8528a6ea98fbb2b74646f92c,a789b01b17129967eecd25421cde715dc938f6e3b95b30f735ff978f0882361e,0.0,0.23031607270240784,0.0,0.5443100817501545,0.13070693239569664,0.9600040502846241,0.16437191516160965,2.0297090522944927,0.25377701967954636,0.271880067884922,10.174551047384739,55.912929121404886,310.4392469394952,14000,500,,2.793683898093503,,False,False,ok
BNCI2014_001,fixed_spectral_normalized_power_s1,fixed,spectral,normalized_power,8,6398,29,500,500,1.0,22,253,0.0003634192154700326,0.019063557261697842,7.593178627113776,0.7392940264727866,26.070597352721332,26.070597352721332,0.00046890278911427755,2.7936838980935033,0.00010741852880140614,0.0002648013826055385,0.005593634888508034,1.312519622036399e-05,188.24073761048206,5.716247880429664,0.03017952124818757,0.09236224807369398,0.1459989447547685,6398,2b1b45e4e4a812f6d748c2c175962332f0dbca2acd50b6a4d146c963428b0e9a,full_tensor_sha256,6be8a194f257b1d6a24c9e789f5fb17cdf00dd9fdb0e0ad07b8fe84e0c965627,123ea5ce324bb82567913e1514a410f2bb582a6d8528a6ea98fbb2b74646f92c,a789b01b17129967eecd25421cde715dc938f6e3b95b30f735ff978f0882361e,0.0,0.22964715026319027,0.0,0.5642010364681482,0.13157213106751442,0.697616022080183,0.1678860280662775,1.7909223679453135,0.25377701967954636,0.271880067884922,9.819634957239032,57.7038514893502,320.25888189673424,14500,500,,2.793683898093503,,False,False,ok
BNCI2014_001,fixed_spectral_normalized_power_s1,fixed,spectral,normalized_power,8,6398,30,500,500,1.0,22,253,0.0003726331120142698,0.019303707209089912,7.592815999919354,0.7392587200310661,26.074127996893395,26.074127996893395,0.0004764316481602294,2.793683898093503,0.0001034515758118677,0.00028684304141790215,0.006091176332753946,1.1628064083495366e-05,188.24073761048203,5.716247880429664,0.03017952124818757,0.09236224807369398,0.1459989447547685,6398,2b1b45e4e4a812f6d748c2c175962332f0dbca2acd50b6a4d146c963428b0e9a,full_tensor_sha256,6be8a194f257b1d6a24c9e789f5fb17cdf00dd9fdb0e0ad07b8fe84e0c965627,123ea5ce324bb82567913e1514a410f2bb582a6d8528a6ea98fbb2b74646f92c,a789b01b17129967eecd25421cde715dc938f6e3b95b30f735ff978f0882361e,0.0,0.23321411572396755,0.0,0.5628368817269802,0.13580010272562504,0.9149969555437565,0.1698650885373354,2.0167131442576647,0.25377701967954636,0.271880067884922,9.17140580713749,59.720564633607864,329.4302877038717,15000,500,,2.793683898093503,,False,False,ok
BNCI2014_001,fixed_spectral_normalized_power_s1,fixed,spectral,normalized_power,8,6398,31,500,500,1.0,22,253,0.0003585158664899794,0.018934515216661327,7.592506485810715,0.7392285848343503,26.07714151656497,26.07714151656497,0.00046976153611424134,2.793683898093503,0.000101931174689178,0.0002664925879343097,0.005630546552928667,1.3529460754496902e-05,188.240737610482,5.716247880429664,0.03017952124818757,0.09236224807369398,0.1459989447547685,6398,2b1b45e4e4a812f6d748c2c175962332f0dbca2acd50b6a4d146c963428b0e9a,full_tensor_sha256,6be8a194f257b1d6a24c9e789f5fb17cdf00dd9fdb0e0ad07b8fe84e0c965627,123ea5ce324bb82567913e1514a410f2bb582a6d8528a6ea98fbb2b74646f92c,a789b01b17129967eecd25421cde715dc938f6e3b95b30f735ff978f0882361e,0.0,0.2445010468363762,0.0,0.5952878855168819,0.13706088066101074,0.5378159694373608,0.178932910785079,1.6935986932367086,0.25377701967954636,0.271880067884922,9.533402975648642,61.41416332684457,338.96369067952037,15500,500,,2.793683898093503,,False,False,ok
BNCI2014_001,fixed_spectral_normalized_power_s1,fixed,spectral,normalized_power,8,6398,32,500,500,1.0,22,253,0.0003683901218896325,0.01919349165445497,7.592209359649712,0.7391996557643619,26.080034423563813,26.080034423563813,0.0004772695242748608,2.793683898093503,9.924823575645096e-05,0.0002866394632123013,0.006091344411426253,1.0538373422491967e-05,188.240737610482,5.716247880429664,0.03017952124818757,0.09236224807369398,0.1459989447547685,6398,2b1b45e4e4a812f6d748c2c175962332f0dbca2acd50b6a4d146c963428b0e9a,full_tensor_sha256,6be8a194f257b1d6a24c9e789f5fb17cdf00dd9fdb0e0ad07b8fe84e0c965627,123ea5ce324bb82567913e1514a410f2bb582a6d8528a6ea98fbb2b74646f92c,a789b01b17129967eecd25421cde715dc938f6e3b95b30f735ff978f0882361e,0.0,0.2386930864304304,0.0,0.5864349659532309,0.13703294098377228,0.7114498876035213,0.17340201884508133,1.8470128998160362,0.25377701967954636,0.271880067884922,9.549267124384642,63.26117622666061,348.512957803905,16000,500,,2.793683898093503,,False,False,ok
BNCI2014_001,fixed_spectral_normalized_power_s1,fixed,spectral,normalized_power,8,6398,33,500,500,1.0,22,253,0.00035475893402641605,0.018835045368313187,7.592130406533745,0.7391919686586224,26.080803134137764,26.080803134137764,0.00047019821848977885,2.793683898093503,9.760179216258476e-05,0.0002682416115210662,0.005676220583378935,1.3599400768681904e-05,188.240737610482,5.716247880429665,0.03017952124818757,0.09236224807369398,0.1459989447547685,6398,2b1b45e4e4a812f6d748c2c175962332f0dbca2acd50b6a4d146c963428b0e9a,full_tensor_sha256,6be8a194f257b1d6a24c9e789f5fb17cdf00dd9fdb0e0ad07b8fe84e0c965627,123ea5ce324bb82567913e1514a410f2bb582a6d8528a6ea98fbb2b74646f92c,a789b01b17129967eecd25421cde715dc938f6e3b95b30f735ff978f0882361e,0.0,0.22981991060078144,0.0,0.5592009983956814,0.14153006486594677,0.9692581370472908,0.16694911755621433,2.0667582284659147,0.25377701967954636,0.271880067884922,9.56423394382,65.32793445512652,358.077191747725,16500,500,,2.793683898093503,,False,False,ok
BNCI2014_001,fixed_spectral_normalized_power_s1,fixed,spectral,normalized_power,8,6398,34,500,500,1.0,22,253,0.0003650322374905686,0.01910581684960286,7.591973028813516,0.739176645904585,26.082335409541503,26.082335409541503,0.0004778101078347896,2.793683898093503,9.5876868509708e-05,0.0002864354461772154,0.006086888154690981,1.0515430815607598e-05,188.24073761048203,5.716247880429664,0.03017952124818757,0.09236224807369398,0.1459989447547685,6398,2b1b45e4e4a812f6d748c2c175962332f0dbca2acd50b6a4d146c963428b0e9a,full_tensor_sha256,6be8a194f257b1d6a24c9e789f5fb17cdf00dd9fdb0e0ad07b8fe84e0c965627,123ea5ce324bb82567913e1514a410f2bb582a6d8528a6ea98fbb2b74646f92c,a789b01b17129967eecd25421cde715dc938f6e3b95b30f735ff978f0882361e,0.0,0.228620832785964,0.0,0.5548088811337948,0.13173697516322136,0.9134148713201284,0.16851280815899372,1.9970943685621023,0.25377701967954636,0.271880067884922,10.124313877895474,67.32502882368863,368.2015056256205,17000,500,,2.793683898093503,,False,False,ok
BNCI2014_001,fixed_spectral_normalized_power_s1,fixed,spectral,normalized_power,8,6398,35,500,500,1.0,22,253,0.0003518428217562222,0.018757473757311304,7.592084969560769,0.7391875447823576,26.081245521764234,26.081245521764234,0.0004704523216992961,2.793683898093503,9.415478002717482e-05,0.0002693354853231674,0.005699080792964487,1.310501339923263e-05,188.24073761048203,5.716247880429664,0.03017952124818757,0.09236224807369398,0.1459989447547685,6398,2b1b45e4e4a812f6d748c2c175962332f0dbca2acd50b6a4d146c963428b0e9a,full_tensor_sha256,6be8a194f257b1d6a24c9e789f5fb17cdf00dd9fdb0e0ad07b8fe84e0c965627,123ea5ce324bb82567913e1514a410f2bb582a6d8528a6ea98fbb2b74646f92c,a789b01b17129967eecd25421cde715dc938f6e3b95b30f735ff978f0882361e,0.0,0.2368090208619833,0.0,0.6033810786902905,0.1400511246174574,0.9226279798895121,0.17916481010615826,2.0820340141654015,0.25377701967954636,0.271880067884922,10.570951038971543,69.40706283785403,378.772456664592,17500,500,,2.793683898093503,,False,False,ok
BNCI2014_001,fixed_spectral_normalized_power_s1,fixed,spectral,normalized_power,8,6398,36,500,500,1.0,22,253,0.00036243839991151447,0.019037814998353,7.5919416132057425,0.7391735871893478,26.082641281065218,26.082641281065218,0.00047826889820540394,2.793683898093503,9.316481402799062e-05,0.00028618541766516173,0.00607772295669206,1.1179122497138625e-05,188.240737610482,5.716247880429664,0.03017952124818757,0.09236224807369398,0.1459989447547685,6398,2b1b45e4e4a812f6d748c2c175962332f0dbca2acd50b6a4d146c963428b0e9a,full_tensor_sha256,6be8a194f257b1d6a24c9e789f5fb17cdf00dd9fdb0e0ad07b8fe84e0c965627,123ea5ce324bb82567913e1514a410f2bb582a6d8528a6ea98fbb2b74646f92c,a789b01b17129967eecd25421cde715dc938f6e3b95b30f735ff978f0882361e,0.0,0.23934803903102875,0.0,0.5868070293217897,0.13693608343601227,0.9266389533877373,0.1733431126922369,2.063073217868805,0.25377701967954636,0.271880067884922,9.83914197422564,71.47013605572283,388.61159863881767,18000,500,,2.793683898093503,,False,False,ok
BNCI2014_001,fixed_spectral_normalized_power_s1,fixed,spectral,normalized_power,8,6398,37,500,500,1.0,22,253,0.00034958259104391344,0.01869712788221532,7.592158193720276,0.7391946741001802,26.080532589981974,26.080532589981974,0.0004706457800099008,2.793683898093503,9.13833887242082e-05,0.0002703651035050082,0.005721086438477675,1.2842525284968038e-05,188.24073761048203,5.716247880429665,0.03017952124818757,0.09236224807369398,0.1459989447547685,6398,2b1b45e4e4a812f6d748c2c175962332f0dbca2acd50b6a4d146c963428b0e9a,full_tensor_sha256,6be8a194f257b1d6a24c9e789f5fb17cdf00dd9fdb0e0ad07b8fe84e0c965627,123ea5ce324bb82567913e1514a410f2bb582a6d8528a6ea98fbb2b74646f92c,a789b01b17129967eecd25421cde715dc938f6e3b95b30f735ff978f0882361e,0.0,0.2446488942950964,0.0,0.6122319027781487,0.13947999104857445,0.5615390837192535,0.18057390116155148,1.7384737730026245,0.25377701967954636,0.271880067884922,10.409676935523748,73.20860982872546,399.0212755743414,18500,500,,2.793683898093503,,False,False,ok
BNCI2014_001,fixed_spectral_normalized_power_s1,fixed,spectral,normalized_power,8,6398,38,500,500,1.0,22,253,0.0003603926246132322,0.01898400970852133,7.592017117430842,0.7391809385010093,26.081906149899066,26.081906149899066,0.00047864307684553466,2.793683898093503,9.092328840431367e-05,0.0002859948248197401,0.006069006886618364,1.2177595264345129e-05,188.24073761048203,5.716247880429664,0.03017952124818757,0.09236224807369398,0.1459989447547685,6398,2b1b45e4e4a812f6d748c2c175962332f0dbca2acd50b6a4d146c963428b0e9a,full_tensor_sha256,6be8a194f257b1d6a24c9e789f5fb17cdf00dd9fdb0e0ad07b8fe84e0c965627,123ea5ce324bb82567913e1514a410f2bb582a6d8528a6ea98fbb2b74646f92c,a789b01b17129967eecd25421cde715dc938f6e3b95b30f735ff978f0882361e,0.0,0.23582717403769493,0.0,0.5850428715348244,0.13452209532260895,0.9145878721028566,0.16884482465684414,2.038824837654829,0.25377701967954636,0.271880067884922,9.58138587884605,75.24743466638029,408.60266145318747,19000,500,,2.793683898093503,,False,False,ok
BNCI2014_001,fixed_spectral_normalized_power_s1,fixed,spectral,normalized_power,8,6398,39,500,500,1.0,22,253,0.00034778214683588,0.018648918114353978,7.592292110308215,0.7392077126099231,26.07922873900769,26.07922873900769,0.0004708223797181119,2.793683898093503,8.906881096726044e-05,0.00027125308405804,0.0057389107255490564,1.2656147164091828e-05,188.24073761048203,5.716247880429664,0.03017952124818757,0.09236224807369398,0.1459989447547685,6398,2b1b45e4e4a812f6d748c2c175962332f0dbca2acd50b6a4d146c963428b0e9a,full_tensor_sha256,6be8a194f257b1d6a24c9e789f5fb17cdf00dd9fdb0e0ad07b8fe84e0c965627,123ea5ce324bb82567913e1514a410f2bb582a6d8528a6ea98fbb2b74646f92c,a789b01b17129967eecd25421cde715dc938f6e3b95b30f735ff978f0882361e,0.0,0.22776704281568527,0.0,0.54553197696805,0.13954308815300465,0.8730869740247726,0.17387489788234234,1.959803979843855,0.25377701967954636,0.271880067884922,9.042802033945918,77.20723864622414,417.6454634871334,19500,500,,2.793683898093503,,False,False,ok
BNCI2014_001,fixed_spectral_normalized_power_s1,fixed,spectral,normalized_power,8,6398,40,500,500,1.0,22,253,0.0003587395411427039,0.018940420828025547,7.59215547179418,0.7391944090855135,26.080559091448645,26.080559091448645,0.0004788697001935163,2.793683898093503,8.905856951850996e-05,0.00028592223759682685,0.006063903575387231,1.3329147007495036e-05,188.240737610482,5.716247880429664,0.03017952124818757,0.09236224807369398,0.1459989447547685,6398,2b1b45e4e4a812f6d748c2c175962332f0dbca2acd50b6a4d146c963428b0e9a,full_tensor_sha256,6be8a194f257b1d6a24c9e789f5fb17cdf00dd9fdb0e0ad07b8fe84e0c965627,123ea5ce324bb82567913e1514a410f2bb582a6d8528a6ea98fbb2b74646f92c,a789b01b17129967eecd25421cde715dc938f6e3b95b30f735ff978f0882361e,0.0,0.2354639582335949,0.0,0.535489059984684,0.1314631663262844,0.8114541415125132,0.16206083819270134,1.8759311642497778,0.25377701967954636,0.271880067884922,10.262989904731512,79.08316981047392,427.9084533918649,20000,500,,2.793683898093503,,False,False,ok
BNCI2014_001,fixed_spectral_normalized_power_s1,fixed,spectral,normalized_power,8,6398,41,500,500,1.0,22,253,0.00034631169747944873,0.018609451831782923,7.592468819544024,0.7392249175367228,26.07750824632772,26.07750824632772,0.0004710306873803376,2.793683898093503,8.714752081370364e-05,0.0002718787191195812,0.005750638232041568,1.2716065303332886e-05,188.24073761048203,5.716247880429664,0.03017952124818757,0.09236224807369398,0.1459989447547685,6398,2b1b45e4e4a812f6d748c2c175962332f0dbca2acd50b6a4d146c963428b0e9a,full_tensor_sha256,6be8a194f257b1d6a24c9e789f5fb17cdf00dd9fdb0e0ad07b8fe84e0c965627,123ea5ce324bb82567913e1514a410f2bb582a6d8528a6ea98fbb2b74646f92c,a789b01b17129967eecd25421cde715dc938f6e3b95b30f735ff978f0882361e,0.0,0.2323680091649294,0.0,0.5569679196923971,0.143399927765131,0.9537939913570881,0.1717940904200077,2.0583239383995533,0.25377701967954636,0.271880067884922,9.975245222449303,81.14149374887347,437.8836986143142,20500,500,,2.793683898093503,,False,False,ok
BNCI2014_001,fixed_spectral_normalized_power_s1,fixed,spectral,normalized_power,8,6398,42,500,500,1.0,22,253,0.00035738959357880194,0.01890475055584712,7.59230563557637,0.7392090294694946,26.079097053050535,26.079097053050535,0.0004790784939700803,2.793683898093503,8.749350565240258e-05,0.00028579295539433005,0.00605725216707143,1.352170172829946e-05,188.240737610482,5.716247880429664,0.03017952124818757,0.09236224807369398,0.1459989447547685,6398,2b1b45e4e4a812f6d748c2c175962332f0dbca2acd50b6a4d146c963428b0e9a,full_tensor_sha256,6be8a194f257b1d6a24c9e789f5fb17cdf00dd9fdb0e0ad07b8fe84e0c965627,123ea5ce324bb82567913e1514a410f2bb582a6d8528a6ea98fbb2b74646f92c,a789b01b17129967eecd25421cde715dc938f6e3b95b30f735ff978f0882361e,0.0,0.2411799505352974,0.0,0.579700106754899,0.14390703290700912,0.6584951188415289,0.18239812925457954,1.805680338293314,0.25377701967954636,0.271880067884922,10.150166926905513,82.94717408716679,448.0338655412197,21000,500,,2.793683898093503,,False,False,ok
BNCI2014_001,fixed_spectral_normalized_power_s1,fixed,spectral,normalized_power,8,6398,43,500,500,1.0,22,253,0.000345102755104375,0.018576941489501845,7.5926789813198905,0.7392453795004301,26.07546204995699,26.07546204995699,0.0004711971918766955,2.793683898093503,8.552920636509451e-05,0.00027230204631618356,0.0057567767051243685,1.2969595725266305e-05,188.240737610482,5.716247880429664,0.03017952124818757,0.09236224807369398,0.1459989447547685,6398,2b1b45e4e4a812f6d748c2c175962332f0dbca2acd50b6a4d146c963428b0e9a,full_tensor_sha256,6be8a194f257b1d6a24c9e789f5fb17cdf00dd9fdb0e0ad07b8fe84e0c965627,123ea5ce324bb82567913e1514a410f2bb582a6d8528a6ea98fbb2b74646f92c,a789b01b17129967eecd25421cde715dc938f6e3b95b30f735ff978f0882361e,0.0,0.24353200569748878,0.0,0.5967649631202221,0.15270686708390713,0.553731108084321,0.17832405865192413,1.7250590026378632,0.25377701967954636,0.271880067884922,9.587561013177037,84.67223308980465,457.62142655439675,21500,500,,2.793683898093503,,False,False,ok
BNCI2014_001,fixed_spectral_normalized_power_s1,fixed,spectral,normalized_power,8,6398,44,500,500,1.0,22,253,0.0003562667758775516,0.018875030486797936,7.592547143382018,0.7392325433741228,26.076745662587722,26.076745662587722,0.0004792102832773131,2.793683898093503,8.61510434814487e-05,0.0002856920684773384,0.006051324162491345,1.2922163719829302e-05,188.24073761048203,5.716247880429664,0.03017952124818757,0.09236224807369398,0.1459989447547685,6398,2b1b45e4e4a812f6d748c2c175962332f0dbca2acd50b6a4d146c963428b0e9a,full_tensor_sha256,6be8a194f257b1d6a24c9e789f5fb17cdf00dd9fdb0e0ad07b8fe84e0c965627,123ea5ce324bb82567913e1514a410f2bb582a6d8528a6ea98fbb2b74646f92c,a789b01b17129967eecd25421cde715dc938f6e3b95b30f735ff978f0882361e,0.0,0.23115891963243484,0.0,0.5635141860693693,0.13417284935712814,1.0491260327398777,0.1721731387078762,2.150145126506686,0.25377701967954636,0.271880067884922,9.065920021384954,86.82237821631134,466.6873465757817,22000,500,,2.793683898093503,,False,False,ok
BNCI2014_001,fixed_spectral_normalized_power_s1,fixed,spectral,normalized_power,8,6398,45,500,500,1.0,22,253,0.0003440913645077344,0.018549699849532187,7.592982714913819,0.7392749518893673,26.072504811063272,26.072504811063272,0.00047128967403757007,2.793683898093503,8.412386194984492e-05,0.00027274092792462824,0.005764058398360307,1.3322335950715106e-05,188.240737610482,5.716247880429664,0.03017952124818757,0.09236224807369398,0.1459989447547685,6398,2b1b45e4e4a812f6d748c2c175962332f0dbca2acd50b6a4d146c963428b0e9a,full_tensor_sha256,6be8a194f257b1d6a24c9e789f5fb17cdf00dd9fdb0e0ad07b8fe84e0c965627,123ea5ce324bb82567913e1514a410f2bb582a6d8528a6ea98fbb2b74646f92c,a789b01b17129967eecd25421cde715dc938f6e3b95b30f735ff978f0882361e,0.0,0.2342420630156994,0.0,0.5680869799107313,0.13334793038666248,0.8413989562541246,0.1659539993852377,1.9430299289524555,0.25377701967954636,0.271880067884922,9.75055992603302,88.76540814526379,476.4379065018147,22500,500,,2.793683898093503,,False,False,ok
BNCI2014_001,fixed_spectral_normalized_power_s1,fixed,spectral,normalized_power,8,6398,46,500,500,1.0,22,253,0.0003553263399213745,0.018850101854403188,7.592864775277274,0.7392634689422296,26.073653105777037,26.073653105777037,0.0004793320068867612,2.793683898093503,8.500758017251529e-05,0.00028552763167579283,0.006044141948933596,1.2548613099994846e-05,188.240737610482,5.716247880429664,0.03017952124818757,0.09236224807369398,0.1459989447547685,6398,2b1b45e4e4a812f6d748c2c175962332f0dbca2acd50b6a4d146c963428b0e9a,full_tensor_sha256,6be8a194f257b1d6a24c9e789f5fb17cdf00dd9fdb0e0ad07b8fe84e0c965627,123ea5ce324bb82567913e1514a410f2bb582a6d8528a6ea98fbb2b74646f92c,a789b01b17129967eecd25421cde715dc938f6e3b95b30f735ff978f0882361e,0.0,0.2283740323036909,0.0,0.5521860439330339,0.13340101577341557,0.8648301009088755,0.16455701552331448,1.9433482084423304,0.25377701967954636,0.271880067884922,9.945344179868698,90.70875635370612,486.3832506816834,23000,500,,2.793683898093503,,False,False,ok
BNCI2014_001,fixed_spectral_normalized_power_s1,fixed,spectral,normalized_power,8,6398,47,500,500,1.0,22,253,0.0003432416750451333,0.018526782641493187,7.593330003882099,0.739308764956637,26.069123504336307,26.069123504336307,0.0004713677565804095,2.793683898093503,8.292152179076737e-05,0.00027302485661015436,0.00576755936076034,1.3615141934908453e-05,188.24073761048203,5.716247880429664,0.03017952124818757,0.09236224807369398,0.1459989447547685,6398,2b1b45e4e4a812f6d748c2c175962332f0dbca2acd50b6a4d146c963428b0e9a,full_tensor_sha256,6be8a194f257b1d6a24c9e789f5fb17cdf00dd9fdb0e0ad07b8fe84e0c965627,123ea5ce324bb82567913e1514a410f2bb582a6d8528a6ea98fbb2b74646f92c,a789b01b17129967eecd25421cde715dc938f6e3b95b30f735ff978f0882361e,0.0,0.2300760243088007,0.0,0.5505098961293697,0.13932795263826847,0.8644049521535635,0.17317594029009342,1.9574947655200958,0.25377701967954636,0.271880067884922,8.78572417423129,92.66625111922622,495.1689748559147,23500,500,,2.793683898093503,,False,False,ok
BNCI2014_001,fixed_spectral_normalized_power_s1,fixed,spectral,normalized_power,8,6398,48,500,500,1.0,22,253,0.0003545279896374259,0.01882891366057601,7.593215357980523,0.7392976026971463,26.07023973028537,26.07023973028537,0.00047942815470859923,2.793683898093503,8.402454063630735e-05,0.0002853401145331947,0.006036156237227672,1.239265490551187e-05,188.24073761048203,5.716247880429664,0.03017952124818757,0.09236224807369398,0.1459989447547685,6398,2b1b45e4e4a812f6d748c2c175962332f0dbca2acd50b6a4d146c963428b0e9a,full_tensor_sha256,6be8a194f257b1d6a24c9e789f5fb17cdf00dd9fdb0e0ad07b8fe84e0c965627,123ea5ce324bb82567913e1514a410f2bb582a6d8528a6ea98fbb2b74646f92c,a789b01b17129967eecd25421cde715dc938f6e3b95b30f735ff978f0882361e,0.0,0.23148301988840103,0.0,0.5532740615308285,0.13407086953520775,0.5883111152797937,0.167155172675848,1.674294238910079,0.25377701967954636,0.271880067884922,9.817749029025435,94.3405453581363,504.98672388494015,24000,500,,2.793683898093503,,False,False,ok
BNCI2014_001,fixed_spectral_normalized_power_s1,fixed,spectral,normalized_power,8,6398,49,500,500,1.0,22,253,0.0003425114183526896,0.01850706401222759,7.593691098306632,0.7393439221634089,26.065607783659107,26.065607783659107,0.00047142696617951264,2.793683898093503,8.188864205101752e-05,0.0002731762840147,0.0057670538155662615,1.3977543810376924e-05,188.24073761048203,5.716247880429664,0.03017952124818757,0.09236224807369398,0.1459989447547685,6398,2b1b45e4e4a812f6d748c2c175962332f0dbca2acd50b6a4d146c963428b0e9a,full_tensor_sha256,6be8a194f257b1d6a24c9e789f5fb17cdf00dd9fdb0e0ad07b8fe84e0c965627,123ea5ce324bb82567913e1514a410f2bb582a6d8528a6ea98fbb2b74646f92c,a789b01b17129967eecd25421cde715dc938f6e3b95b30f735ff978f0882361e,0.0,0.24661701172590256,0.0,0.6116139702498913,0.1433978322893381,0.600550090894103,0.1885560341179371,1.790734939277172,0.25377701967954636,0.271880067884922,13.242118060588837,96.13128029741347,518.228841945529,24500,500,,2.793683898093503,,False,False,ok
BNCI2014_001,fixed_spectral_normalized_power_s1,fixed,spectral,normalized_power,8,6398,50,500,500,1.0,22,253,0.000353837818835345,0.018810577312654307,7.593530150195628,0.7393282517857079,26.067174821429198,26.067174821429198,0.00047950170543935804,2.793683898093503,8.31263859019096e-05,0.0002852113594591548,0.006029658581343644,1.2390034647602273e-05,188.240737610482,5.716247880429664,0.03017952124818757,0.09236224807369398,0.1459989447547685,6398,2b1b45e4e4a812f6d748c2c175962332f0dbca2acd50b6a4d146c963428b0e9a,full_tensor_sha256,6be8a194f257b1d6a24c9e789f5fb17cdf00dd9fdb0e0ad07b8fe84e0c965627,123ea5ce324bb82567913e1514a410f2bb582a6d8528a6ea98fbb2b74646f92c,a789b01b17129967eecd25421cde715dc938f6e3b95b30f735ff978f0882361e,0.0,0.29448303394019604,0.0,0.888101989403367,0.22363313473761082,0.7674659136682749,0.2644481137394905,2.4381321854889393,0.25377701967954636,0.271880067884922,14.633879996836185,98.56941248290241,532.8627219423652,25000,500,,2.793683898093503,,False,False,ok
BNCI2014_001,fixed_spectral_normalized_power_s1,fixed,spectral,normalized_power,8,6398,51,500,500,1.0,22,253,0.0003418848208817647,0.01849012765996397,7.594054885595411,0.739379341555301,26.062065844469892,26.062065844469892,0.00047150609063436883,2.793683898093503,8.095915989589231e-05,0.0002734432201043621,0.005770518110156276,1.4445370951588072e-05,188.240737610482,5.716247880429664,0.03017952124818757,0.09236224807369398,0.1459989447547685,6398,2b1b45e4e4a812f6d748c2c175962332f0dbca2acd50b6a4d146c963428b0e9a,full_tensor_sha256,6be8a194f257b1d6a24c9e789f5fb17cdf00dd9fdb0e0ad07b8fe84e0c965627,123ea5ce324bb82567913e1514a410f2bb582a6d8528a6ea98fbb2b74646f92c,a789b01b17129967eecd25421cde715dc938f6e3b95b30f735ff978f0882361e,0.0,0.26140687987208366,0.0,0.8358820341527462,0.20028813742101192,0.5943458527326584,0.2461201511323452,2.1380430553108454,0.25377701967954636,0.271880067884922,14.141213847324252,100.70745553821325,547.0039357896894,25500,500,,2.793683898093503,,False,False,ok
BNCI2014_001,fixed_spectral_normalized_power_s1,fixed,spectral,normalized_power,8,6398,52,500,500,1.0,22,253,0.00035324011865135437,0.018794683254882334,7.593876188428369,0.7393619430777162,26.06380569222838,26.06380569222838,0.00047958345595701396,2.793683898093503,8.234002765750288e-05,0.00028511787954245784,0.006024343444475077,1.2476400093325075e-05,188.240737610482,5.716247880429664,0.03017952124818757,0.09236224807369398,0.1459989447547685,6398,2b1b45e4e4a812f6d748c2c175962332f0dbca2acd50b6a4d146c963428b0e9a,full_tensor_sha256,6be8a194f257b1d6a24c9e789f5fb17cdf00dd9fdb0e0ad07b8fe84e0c965627,123ea5ce324bb82567913e1514a410f2bb582a6d8528a6ea98fbb2b74646f92c,a789b01b17129967eecd25421cde715dc938f6e3b95b30f735ff978f0882361e,0.0,0.28626900166273117,0.0,0.8779419586062431,0.20560389384627342,0.9217290207743645,0.27291011065244675,2.564453985542059,0.25377701967954636,0.271880067884922,14.670549891889095,103.27190952375531,561.6744856815785,26000,500,,2.793683898093503,,False,False,ok
BNCI2014_001,fixed_spectral_normalized_power_s1,fixed,spectral,normalized_power,8,6398,53,500,500,1.0,22,253,0.0003413356328298179,0.018475270845912325,7.594422735128323,0.7394151564591349,26.05848435408651,26.05848435408651,0.0004715492380846289,2.793683898093503,8.012337039288412e-05,0.00027370796378687527,0.005774135355638436,1.492653057541198e-05,188.24073761048203,5.716247880429665,0.03017952124818757,0.09236224807369398,0.1459989447547685,6398,2b1b45e4e4a812f6d748c2c175962332f0dbca2acd50b6a4d146c963428b0e9a,full_tensor_sha256,6be8a194f257b1d6a24c9e789f5fb17cdf00dd9fdb0e0ad07b8fe84e0c965627,123ea5ce324bb82567913e1514a410f2bb582a6d8528a6ea98fbb2b74646f92c,a789b01b17129967eecd25421cde715dc938f6e3b95b30f735ff978f0882361e,0.0,0.2956769894808531,0.0,0.9118008892983198,0.21227006800472736,0.7617338560521603,0.2664080820977688,2.4478898849338293,0.25377701967954636,0.271880067884922,14.003039104864001,105.71979940868914,575.6775247864425,26500,500,,2.793683898093503,,False,False,ok
BNCI2014_001,fixed_spectral_normalized_power_s1,fixed,spectral,normalized_power,8,6398,54,500,500,1.0,22,253,0.0003527194295473967,0.018780826114614787,7.594274917263233,0.7394007644804875,26.05992355195125,26.05992355195125,0.0004796533806382086,2.793683898093503,8.163104396280169e-05,0.0002850535073841161,0.006020360886630728,1.263362452866718e-05,188.240737610482,5.716247880429665,0.03017952124818757,0.09236224807369398,0.1459989447547685,6398,2b1b45e4e4a812f6d748c2c175962332f0dbca2acd50b6a4d146c963428b0e9a,full_tensor_sha256,6be8a194f257b1d6a24c9e789f5fb17cdf00dd9fdb0e0ad07b8fe84e0c965627,123ea5ce324bb82567913e1514a410f2bb582a6d8528a6ea98fbb2b74646f92c,a789b01b17129967eecd25421cde715dc938f6e3b95b30f735ff978f0882361e,0.0,0.2641680184751749,0.0,0.837456900626421,0.20000198855996132,0.7467980030924082,0.25141402147710323,2.2998389322310686,0.25377701967954636,0.271880067884922,14.561525778844953,108.01963834092021,590.2390505652875,27000,500,,2.793683898093503,,False,False,ok
BNCI2014_001,fixed_spectral_normalized_power_s1,fixed,spectral,normalized_power,8,6398,55,500,500,1.0,22,253,0.00034085577993319874,0.018462279922403915,7.594799837096296,0.7394518722070429,26.054812779295712,26.054812779295712,0.00047159416446243085,2.793683898093503,7.93773193538565e-05,0.0002739627199971905,0.005778411286653415,1.5323469282335185e-05,188.24073761048203,5.716247880429664,0.03017952124818757,0.09236224807369398,0.1459989447547685,6398,2b1b45e4e4a812f6d748c2c175962332f0dbca2acd50b6a4d146c963428b0e9a,full_tensor_sha256,6be8a194f257b1d6a24c9e789f5fb17cdf00dd9fdb0e0ad07b8fe84e0c965627,123ea5ce324bb82567913e1514a410f2bb582a6d8528a6ea98fbb2b74646f92c,a789b01b17129967eecd25421cde715dc938f6e3b95b30f735ff978f0882361e,0.0,0.28154393658041954,0.0,0.8728550747036934,0.20257802680134773,0.761806033551693,0.26045809499919415,2.3792411666363478,0.25377701967954636,0.271880067884922,14.437726931646466,110.39887950755656,604.6767774969339,27500,500,,2.793683898093503,,False,False,ok
BNCI2014_001,fixed_spectral_normalized_power_s1,fixed,spectral,normalized_power,8,6398,56,500,500,1.0,22,253,0.0003522639134742663,0.01876869503919402,7.594626769817998,0.739435021871853,26.05649781281471,26.05649781281471,0.0004797204622876205,2.793683898093503,8.100137804022035e-05,0.000285080629789076,0.006019523610000736,1.2920631840479397e-05,188.240737610482,5.716247880429665,0.03017952124818757,0.09236224807369398,0.1459989447547685,6398,2b1b45e4e4a812f6d748c2c175962332f0dbca2acd50b6a4d146c963428b0e9a,full_tensor_sha256,6be8a194f257b1d6a24c9e789f5fb17cdf00dd9fdb0e0ad07b8fe84e0c965627,123ea5ce324bb82567913e1514a410f2bb582a6d8528a6ea98fbb2b74646f92c,a789b01b17129967eecd25421cde715dc938f6e3b95b30f735ff978f0882361e,0.0,0.27715996839106083,0.0,0.8619900327175856,0.21386519074440002,0.6915491539984941,0.27563003823161125,2.320194384083152,0.25377701967954636,0.271880067884922,15.235883882269263,112.71907389163971,619.9126613792032,28000,500,,2.793683898093503,,False,False,ok
BNCI2014_001,fixed_spectral_normalized_power_s1,fixed,spectral,normalized_power,8,6398,57,500,500,1.0,22,253,0.0003404341369632844,0.018450857350358667,7.595164548556411,0.7394873815789529,26.05126184210471,26.05126184210471,0.00047163113633908225,2.793683898093503,7.872730491513602e-05,0.00027413130737402813,0.005780616439962671,1.5223421655814173e-05,188.24073761048203,5.716247880429664,0.03017952124818757,0.09236224807369398,0.1459989447547685,6398,2b1b45e4e4a812f6d748c2c175962332f0dbca2acd50b6a4d146c963428b0e9a,full_tensor_sha256,6be8a194f257b1d6a24c9e789f5fb17cdf00dd9fdb0e0ad07b8fe84e0c965627,123ea5ce324bb82567913e1514a410f2bb582a6d8528a6ea98fbb2b74646f92c,a789b01b17129967eecd25421cde715dc938f6e3b95b30f735ff978f0882361e,0.0,0.2962760627269745,0.0,0.8938051760196686,0.22425688803195953,0.7944831158965826,0.2690018154680729,2.477823058143258,0.25377701967954636,0.271880067884922,14.494881965219975,115.19689694978297,634.4075433444232,28500,500,,2.793683898093503,,False,False,ok
BNCI2014_001,fixed_spectral_normalized_power_s1,fixed,spectral,normalized_power,8,6398,58,500,500,1.0,22,253,0.0003518605896485448,0.018757947373008187,7.59500021102841,0.7394713811977235,26.052861880227656,26.052861880227656,0.00047977513937385696,2.793683898093503,8.043578131686674e-05,0.0002850276206352227,0.006016048503191766,1.3277432839855568e-05,188.240737610482,5.716247880429664,0.03017952124818757,0.09236224807369398,0.1459989447547685,6398,2b1b45e4e4a812f6d748c2c175962332f0dbca2acd50b6a4d146c963428b0e9a,full_tensor_sha256,6be8a194f257b1d6a24c9e789f5fb17cdf00dd9fdb0e0ad07b8fe84e0c965627,123ea5ce324bb82567913e1514a410f2bb582a6d8528a6ea98fbb2b74646f92c,a789b01b17129967eecd25421cde715dc938f6e3b95b30f735ff978f0882361e,0.0,0.2699480392038822,0.0,0.8562591392546892,0.20248093642294407,0.8112408686429262,0.2518189139664173,2.391747897490859,0.25377701967954636,0.271880067884922,15.06435894407332,117.58864484727383,649.4719022884965,29000,500,,2.793683898093503,,False,False,ok
BNCI2014_001,fixed_spectral_normalized_power_s1,fixed,spectral,normalized_power,8,6398,59,500,500,1.0,22,253,0.0003400572264815606,0.018440640620150935,7.595521978139343,0.7395221819660532,26.047781803394678,26.047781803394678,0.00047165198546507783,2.793683898093503,7.814544129181786e-05,0.0002742399843090809,0.0057809060231232634,1.5171991808279982e-05,188.24073761048203,5.716247880429664,0.03017952124818757,0.09236224807369398,0.1459989447547685,6398,2b1b45e4e4a812f6d748c2c175962332f0dbca2acd50b6a4d146c963428b0e9a,full_tensor_sha256,6be8a194f257b1d6a24c9e789f5fb17cdf00dd9fdb0e0ad07b8fe84e0c965627,123ea5ce324bb82567913e1514a410f2bb582a6d8528a6ea98fbb2b74646f92c,a789b01b17129967eecd25421cde715dc938f6e3b95b30f735ff978f0882361e,0.0,0.25746901519596577,0.0,0.8032738696783781,0.19811606034636497,0.641537131741643,0.2372278831899166,2.1376239601522684,0.25377701967954636,0.271880067884922,15.295097138732672,119.7262688074261,664.7669994272292,29500,500,,2.793683898093503,,False,False,ok
BNCI2014_001,fixed_spectral_normalized_power_s1,fixed,spectral,normalized_power,8,6398,60,500,500,1.0,22,253,0.0003514991982589543,0.018748311877578586,7.595370142767742,0.7395073988312497,26.049260116875033,26.049260116875033,0.000479822267870993,2.793683898093503,7.99118839014832e-05,0.00028500847083447824,0.006013600021065023,1.36013341363952e-05,188.240737610482,5.716247880429664,0.03017952124818757,0.09236224807369398,0.1459989447547685,6398,2b1b45e4e4a812f6d748c2c175962332f0dbca2acd50b6a4d146c963428b0e9a,full_tensor_sha256,6be8a194f257b1d6a24c9e789f5fb17cdf00dd9fdb0e0ad07b8fe84e0c965627,123ea5ce324bb82567913e1514a410f2bb582a6d8528a6ea98fbb2b74646f92c,a789b01b17129967eecd25421cde715dc938f6e3b95b30f735ff978f0882361e,0.0,0.29105599969625473,0.0,0.8667060174047947,0.20615896210074425,0.7674158550798893,0.25960104539990425,2.390937879681587,0.25377701967954636,0.271880067884922,14.723117928951979,122.11720668710768,679.4901173561811,30000,500,,2.793683898093503,,False,False,ok
BNCI2014_001,fixed_spectral_normalized_power_s1,fixed,spectral,normalized_power,8,6398,61,500,500,1.0,22,253,0.0003397231987393935,0.01843158155827637,7.595919116449131,0.7395608485106623,26.04391514893377,26.04391514893377,0.00047168020572317356,2.793683898093503,7.761113888944775e-05,0.00027441772211772537,0.005784373952515056,1.5169916651072289e-05,188.24073761048203,5.716247880429664,0.03017952124818757,0.09236224807369398,0.1459989447547685,6398,2b1b45e4e4a812f6d748c2c175962332f0dbca2acd50b6a4d146c963428b0e9a,full_tensor_sha256,6be8a194f257b1d6a24c9e789f5fb17cdf00dd9fdb0e0ad07b8fe84e0c965627,123ea5ce324bb82567913e1514a410f2bb582a6d8528a6ea98fbb2b74646f92c,a789b01b17129967eecd25421cde715dc938f6e3b95b30f735ff978f0882361e,0.0,0.2991149667650461,0.0,0.8873718325048685,0.2198438160121441,0.7386850193142891,0.2679058816283941,2.412921516224742,0.25377701967954636,0.271880067884922,14.766331994906068,124.53012820333242,694.2564493510872,30500,500,,2.793683898093503,,False,False,ok
BNCI2014_001,fixed_spectral_normalized_power_s1,fixed,spectral,normalized_power,8,6398,62,500,500,1.0,22,253,0.0003511767856805753,0.018739711462041654,7.5957497876897895,0.7395443621685863,26.04556378314137,26.04556378314137,0.00047987361863531715,2.793683898093503,7.944399438066463e-05,0.0002850233588187283,0.006012836351497013,1.4056975327793556e-05,188.24073761048203,5.716247880429664,0.03017952124818757,0.09236224807369398,0.1459989447547685,6398,2b1b45e4e4a812f6d748c2c175962332f0dbca2acd50b6a4d146c963428b0e9a,full_tensor_sha256,6be8a194f257b1d6a24c9e789f5fb17cdf00dd9fdb0e0ad07b8fe84e0c965627,123ea5ce324bb82567913e1514a410f2bb582a6d8528a6ea98fbb2b74646f92c,a789b01b17129967eecd25421cde715dc938f6e3b95b30f735ff978f0882361e,0.0,0.2683501224964857,0.0,0.9785781148821115,0.20872894674539566,0.6602858193218708,0.257725827395916,2.3736688308417797,0.25377701967954636,0.271880067884922,13.87304300442338,126.9037970341742,708.1294923555106,31000,500,,2.793683898093503,,False,False,ok
BNCI2014_001,fixed_spectral_normalized_power_s1,fixed,spectral,normalized_power,8,6398,63,500,500,1.0,22,253,0.00033942380758502126,0.018423458078900966,7.596280116815143,0.7395959965596222,26.04040034403778,26.04040034403778,0.0004717065408554629,2.793683898093503,7.712694157436796e-05,0.00027453814252257984,0.0057859534527395125,1.5178408645107142e-05,188.24073761048203,5.716247880429664,0.03017952124818757,0.09236224807369398,0.1459989447547685,6398,2b1b45e4e4a812f6d748c2c175962332f0dbca2acd50b6a4d146c963428b0e9a,full_tensor_sha256,6be8a194f257b1d6a24c9e789f5fb17cdf00dd9fdb0e0ad07b8fe84e0c965627,123ea5ce324bb82567913e1514a410f2bb582a6d8528a6ea98fbb2b74646f92c,a789b01b17129967eecd25421cde715dc938f6e3b95b30f735ff978f0882361e,0.0,0.2734130248427391,0.0,1.2961020693182945,0.4116420168429613,0.8127198088914156,0.27958210557699203,3.0734590254724026,0.25377701967954636,0.271880067884922,13.11910804361105,129.9772560596466,721.2486003991216,31500,500,,2.793683898093503,,False,False,ok
BNCI2014_001,fixed_spectral_normalized_power_s1,fixed,spectral,normalized_power,8,6398,64,500,500,1.0,22,253,0.000350889700242245,0.01873205008113754,7.59609763816054,0.7395782299053748,26.042177009462517,26.042177009462517,0.0004799191704741114,2.793683898093503,7.902009638714654e-05,0.0002849849677384523,0.006010174621407035,1.4430900427133712e-05,188.24073761048206,5.716247880429664,0.03017952124818757,0.09236224807369398,0.1459989447547685,6398,2b1b45e4e4a812f6d748c2c175962332f0dbca2acd50b6a4d146c963428b0e9a,full_tensor_sha256,6be8a194f257b1d6a24c9e789f5fb17cdf00dd9fdb0e0ad07b8fe84e0c965627,123ea5ce324bb82567913e1514a410f2bb582a6d8528a6ea98fbb2b74646f92c,a789b01b17129967eecd25421cde715dc938f6e3b95b30f735ff978f0882361e,0.0,0.2823520917445421,0.0,1.0530760046094656,0.25908579118549824,0.8417901117354631,0.2506799064576626,2.6869839057326317,0.25377701967954636,0.271880067884922,13.536697952076793,132.66423996537924,734.7852983511984,32000,500,,2.793683898093503,,False,False,ok
BNCI2014_001,fixed_spectral_normalized_power_s1,fixed,spectral,normalized_power,8,6398,65,500,500,1.0,22,253,0.0003391561326749366,0.018416192132874175,7.596614113411622,0.739628515442789,26.037148455721102,26.037148455721102,0.0004717250594149057,2.793683898093503,7.669410205398367e-05,0.000274654880212168,0.005787347813929361,1.524909727029348e-05,188.240737610482,5.716247880429664,0.03017952124818757,0.09236224807369398,0.1459989447547685,6398,2b1b45e4e4a812f6d748c2c175962332f0dbca2acd50b6a4d146c963428b0e9a,full_tensor_sha256,6be8a194f257b1d6a24c9e789f5fb17cdf00dd9fdb0e0ad07b8fe84e0c965627,123ea5ce324bb82567913e1514a410f2bb582a6d8528a6ea98fbb2b74646f92c,a789b01b17129967eecd25421cde715dc938f6e3b95b30f735ff978f0882361e,0.0,0.26677106507122517,0.0,0.6749529857188463,0.1462909858673811,0.9045859333127737,0.1958890352398157,2.188490005210042,0.25377701967954636,0.271880067884922,10.446871863678098,134.85272997058928,745.2321702148765,32500,500,,2.793683898093503,,False,False,ok
BNCI2014_001,fixed_spectral_normalized_power_s1,fixed,spectral,normalized_power,8,6398,66,500,500,1.0,22,253,0.0003506310429190349,0.01872514467017638,7.596420521356488,0.7396096667554393,26.039033324456078,26.039033324456078,0.00047994944233259153,2.793683898093503,7.862479099740908e-05,0.00028500026092800873,0.006009306259186676,1.4949929221160967e-05,188.24073761048203,5.716247880429665,0.03017952124818757,0.09236224807369398,0.1459989447547685,6398,2b1b45e4e4a812f6d748c2c175962332f0dbca2acd50b6a4d146c963428b0e9a,full_tensor_sha256,6be8a194f257b1d6a24c9e789f5fb17cdf00dd9fdb0e0ad07b8fe84e0c965627,123ea5ce324bb82567913e1514a410f2bb582a6d8528a6ea98fbb2b74646f92c,a789b01b17129967eecd25421cde715dc938f6e3b95b30f735ff978f0882361e,0.0,0.24182582274079323,0.0,0.6110088434070349,0.13784505426883698,0.7788939401507378,0.17540599219501019,1.944979652762413,0.25377701967954636,0.271880067884922,10.215839836746454,136.7977096233517,755.448010051623,33000,500,,2.793683898093503,,False,False,ok
BNCI2014_001,fixed_spectral_normalized_power_s1,fixed,spectral,normalized_power,8,6398,67,500,500,1.0,22,253,0.0003389140913087296,0.01840961953188413,7.596935281291938,0.7396597852847185,26.034021471528145,26.034021471528145,0.0004717502572036546,2.793683898093503,7.629599988352908e-05,0.0002747759710910549,0.005789478072769759,1.5393122683144744e-05,188.240737610482,5.716247880429664,0.03017952124818757,0.09236224807369398,0.1459989447547685,6398,2b1b45e4e4a812f6d748c2c175962332f0dbca2acd50b6a4d146c963428b0e9a,full_tensor_sha256,6be8a194f257b1d6a24c9e789f5fb17cdf00dd9fdb0e0ad07b8fe84e0c965627,123ea5ce324bb82567913e1514a410f2bb582a6d8528a6ea98fbb2b74646f92c,a789b01b17129967eecd25421cde715dc938f6e3b95b30f735ff978f0882361e,0.0,0.2507469616830349,0.0,0.6212091539055109,0.1415349543094635,0.6398020777851343,0.1826088409870863,1.83590198867023,0.25377701967954636,0.271880067884922,10.972608113661408,138.63361161202192,766.4206181652844,33500,500,,2.793683898093503,,False,False,ok
BNCI2014_001,fixed_spectral_normalized_power_s1,fixed,spectral,normalized_power,8,6398,68,500,500,1.0,22,253,0.0003503968205569279,0.018718889405008193,7.596720123355951,0.7396388368802841,26.036116311971593,26.036116311971593,0.0004799777895593821,2.793683898093503,7.826057161300435e-05,0.0002849989878796558,0.0060075657332768605,1.5365658413671917e-05,188.240737610482,5.716247880429664,0.03017952124818757,0.09236224807369398,0.1459989447547685,6398,2b1b45e4e4a812f6d748c2c175962332f0dbca2acd50b6a4d146c963428b0e9a,full_tensor_sha256,6be8a194f257b1d6a24c9e789f5fb17cdf00dd9fdb0e0ad07b8fe84e0c965627,123ea5ce324bb82567913e1514a410f2bb582a6d8528a6ea98fbb2b74646f92c,a789b01b17129967eecd25421cde715dc938f6e3b95b30f735ff978f0882361e,0.0,0.25931699201464653,0.0,0.6351221818476915,0.14312309212982655,0.758039066568017,0.18587498925626278,1.9814763218164444,0.25377701967954636,0.271880067884922,11.44723198376596,140.61508793383837,777.8678501490504,34000,500,,2.793683898093503,,False,False,ok
BNCI2014_001,fixed_spectral_normalized_power_s1,fixed,spectral,normalized_power,8,6398,69,500,500,1.0,22,253,0.00033869337632993005,0.018403623999906377,7.59722890301249,0.7396883731521594,26.031162684784064,26.031162684784064,0.0004717658231140076,2.793683898093503,7.594525971034753e-05,0.00027480333483480626,0.00578837533778782,1.5347013127536995e-05,188.240737610482,5.716247880429664,0.03017952124818757,0.09236224807369398,0.1459989447547685,6398,2b1b45e4e4a812f6d748c2c175962332f0dbca2acd50b6a4d146c963428b0e9a,full_tensor_sha256,6be8a194f257b1d6a24c9e789f5fb17cdf00dd9fdb0e0ad07b8fe84e0c965627,123ea5ce324bb82567913e1514a410f2bb582a6d8528a6ea98fbb2b74646f92c,a789b01b17129967eecd25421cde715dc938f6e3b95b30f735ff978f0882361e,0.0,0.2810531295835972,0.0,1.0821151081472635,0.25064987130463123,0.8530428167432547,0.32926001586019993,2.7961209416389465,0.25377701967954636,0.271880067884922,12.34878203831613,143.4112088754773,790.2166321873665,34500,500,,2.793683898093503,,False,False,ok
BNCI2014_001,fixed_spectral_normalized_power_s1,fixed,spectral,normalized_power,8,6398,70,500,500,1.0,22,253,0.000350182234050211,0.018713156709925,7.5970088782835195,0.7396669509025597,26.03330490974402,26.03330490974402,0.00048000056690721926,2.793683898093503,7.792120078171455e-05,0.0002850289271034697,0.00600715010789649,1.5830959924205996e-05,188.24073761048203,5.716247880429664,0.03017952124818757,0.09236224807369398,0.1459989447547685,6398,2b1b45e4e4a812f6d748c2c175962332f0dbca2acd50b6a4d146c963428b0e9a,full_tensor_sha256,6be8a194f257b1d6a24c9e789f5fb17cdf00dd9fdb0e0ad07b8fe84e0c965627,123ea5ce324bb82567913e1514a410f2bb582a6d8528a6ea98fbb2b74646f92c,a789b01b17129967eecd25421cde715dc938f6e3b95b30f735ff978f0882361e,0.0,0.2769939601421356,0.0,0.7396738510578871,0.1712399534881115,4.343017935752869,0.1964331604540348,5.727358860895038,0.25377701967954636,0.271880067884922,10.060182074084878,149.13856773637235,800.2768142614514,35000,500,,2.793683898093503,,False,False,ok
BNCI2014_001,fixed_spectral_normalized_power_s1,fixed,spectral,normalized_power,8,6398,71,500,500,1.0,22,253,0.00033849122486231053,0.01839813101546759,7.597524964883723,0.7397171985997903,26.02828014002096,26.02828014002096,0.0004717845450146026,2.793683898093503,7.561356225352324e-05,0.00027488669690401893,0.005789759233146419,1.5160913173920502e-05,188.240737610482,5.716247880429664,0.03017952124818757,0.09236224807369398,0.1459989447547685,6398,2b1b45e4e4a812f6d748c2c175962332f0dbca2acd50b6a4d146c963428b0e9a,full_tensor_sha256,6be8a194f257b1d6a24c9e789f5fb17cdf00dd9fdb0e0ad07b8fe84e0c965627,123ea5ce324bb82567913e1514a410f2bb582a6d8528a6ea98fbb2b74646f92c,a789b01b17129967eecd25421cde715dc938f6e3b95b30f735ff978f0882361e,0.0,0.24842889979481697,0.0,0.6090940441936255,0.13846298679709435,0.7037431932985783,0.1788788940757513,1.8786080181598663,0.25377701967954636,0.271880067884922,9.64392488822341,151.01717575453222,809.9207391496748,35500,500,,2.793683898093503,,False,False,ok
BNCI2014_001,fixed_spectral_normalized_power_s1,fixed,spectral,normalized_power,8,6398,72,500,500,1.0,22,253,0.00034998383635994994,0.01870785493743069,7.597310860966647,0.7396963528177125,26.030364718228743,26.030364718228743,0.0004800202735087229,2.793683898093503,7.76119785368199e-05,0.00028503699527907716,0.006006303713424193,1.6097307153731674e-05,188.24073761048203,5.716247880429665,0.03017952124818757,0.09236224807369398,0.1459989447547685,6398,2b1b45e4e4a812f6d748c2c175962332f0dbca2acd50b6a4d146c963428b0e9a,full_tensor_sha256,6be8a194f257b1d6a24c9e789f5fb17cdf00dd9fdb0e0ad07b8fe84e0c965627,123ea5ce324bb82567913e1514a410f2bb582a6d8528a6ea98fbb2b74646f92c,a789b01b17129967eecd25421cde715dc938f6e3b95b30f735ff978f0882361e,0.0,0.2551339566707611,0.0,0.6164421793073416,0.14117686077952385,0.7126119453459978,0.19269087351858616,1.9180558156222105,0.25377701967954636,0.271880067884922,9.871151996776462,152.93523157015443,819.7918911464512,36000,500,,2.793683898093503,,False,False,ok
BNCI2014_001,fixed_spectral_normalized_power_s1,fixed,spectral,normalized_power,8,6398,73,500,500,1.0,22,253,0.0003383052223781191,0.01839307539206315,7.597821464341911,0.7397460666521641,26.02539333478358,26.02539333478358,0.0004718004341409575,2.793683898093503,7.531039275329993e-05,0.00027496024084372884,0.005790454790962348,1.5139450843514609e-05,188.24073761048203,5.716247880429664,0.03017952124818757,0.09236224807369398,0.1459989447547685,6398,2b1b45e4e4a812f6d748c2c175962332f0dbca2acd50b6a4d146c963428b0e9a,full_tensor_sha256,6be8a194f257b1d6a24c9e789f5fb17cdf00dd9fdb0e0ad07b8fe84e0c965627,123ea5ce324bb82567913e1514a410f2bb582a6d8528a6ea98fbb2b74646f92c,a789b01b17129967eecd25421cde715dc938f6e3b95b30f735ff978f0882361e,0.0,0.26129093021154404,0.0,0.6161369383335114,0.1554971095174551,0.8482900448143482,0.19034813158214092,2.0715631544589996,0.25377701967954636,0.271880067884922,11.15521090105176,155.00679472461343,830.947102047503,36500,500,,2.793683898093503,,False,False,ok
BNCI2014_001,fixed_spectral_normalized_power_s1,fixed,spectral,normalized_power,8,6398,74,500,500,1.0,22,253,0.0003498027831168286,0.01870301534824876,7.597598691613071,0.7397243768492792,26.027562315072082,26.027562315072082,0.0004800380031749477,2.7936838980935033,7.732301691386181e-05,0.0002850442004853286,0.006005576404856687,1.6201354769042685e-05,188.24073761048203,5.716247880429664,0.03017952124818757,0.09236224807369398,0.1459989447547685,6398,2b1b45e4e4a812f6d748c2c175962332f0dbca2acd50b6a4d146c963428b0e9a,full_tensor_sha256,6be8a194f257b1d6a24c9e789f5fb17cdf00dd9fdb0e0ad07b8fe84e0c965627,123ea5ce324bb82567913e1514a410f2bb582a6d8528a6ea98fbb2b74646f92c,a789b01b17129967eecd25421cde715dc938f6e3b95b30f735ff978f0882361e,0.0,0.28006499633193016,0.0,1.060641836374998,0.24610385298728943,0.7679399568587542,0.31071598641574383,2.6654666289687157,0.25377701967954636,0.271880067884922,12.052810052409768,157.67226135358214,842.9999120999128,37000,500,,2.793683898093503,,False,False,ok
BNCI2014_001,fixed_spectral_normalized_power_s1,fixed,spectral,normalized_power,8,6398,75,500,500,1.0,22,253,0.0003381351850283343,0.018388452491396177,7.598096383133169,0.7397728335478376,26.022716645216242,26.022716645216242,0.0004718108880996435,2.793683898093503,7.502561417669448e-05,0.000275010670646795,0.005790706304443376,1.5129665438676967e-05,188.240737610482,5.716247880429664,0.03017952124818757,0.09236224807369398,0.1459989447547685,6398,2b1b45e4e4a812f6d748c2c175962332f0dbca2acd50b6a4d146c963428b0e9a,full_tensor_sha256,6be8a194f257b1d6a24c9e789f5fb17cdf00dd9fdb0e0ad07b8fe84e0c965627,123ea5ce324bb82567913e1514a410f2bb582a6d8528a6ea98fbb2b74646f92c,a789b01b17129967eecd25421cde715dc938f6e3b95b30f735ff978f0882361e,0.0,0.3365159500390291,0.0,0.799315981566906,0.1677018590271473,0.7514420431107283,0.22866996005177498,2.2836457937955856,0.25377701967954636,0.271880067884922,10.371990967541933,159.95590714737773,853.3719030674547,37500,500,,2.793683898093503,,False,False,ok
BNCI2014_001,fixed_spectral_normalized_power_s1,fixed,spectral,normalized_power,8,6398,76,500,500,1.0,22,253,0.00034963622199209404,0.018698562030062472,7.597879341907367,0.7397517017808118,26.02482982191882,26.02482982191882,0.000480055163942328,2.793683898093503,7.705426768570203e-05,0.0002850622155286274,0.006005048309619331,1.6318768624966627e-05,188.240737610482,5.716247880429664,0.03017952124818757,0.09236224807369398,0.1459989447547685,6398,2b1b45e4e4a812f6d748c2c175962332f0dbca2acd50b6a4d146c963428b0e9a,full_tensor_sha256,6be8a194f257b1d6a24c9e789f5fb17cdf00dd9fdb0e0ad07b8fe84e0c965627,123ea5ce324bb82567913e1514a410f2bb582a6d8528a6ea98fbb2b74646f92c,a789b01b17129967eecd25421cde715dc938f6e3b95b30f735ff978f0882361e,0.0,0.25467295199632645,0.0,0.6041631568223238,0.13760407455265522,0.6747201550751925,0.1810148824006319,1.8521752208471298,0.25377701967954636,0.271880067884922,9.865336120128632,161.80808236822486,863.2372391875833,38000,500,,2.793683898093503,,False,False,ok
BNCI2014_001,fixed_spectral_normalized_power_s1,fixed,spectral,normalized_power,8,6398,77,500,500,1.0,22,253,0.0003379780662096912,0.018384179780716114,7.5983870705605465,0.7398011357239334,26.01988642760666,26.01988642760666,0.00047182038715232405,2.793683898093503,7.475978171068065e-05,0.0002751154610063005,0.0057928840145266445,1.5153827344268706e-05,188.24073761048203,5.716247880429664,0.03017952124818757,0.09236224807369398,0.1459989447547685,6398,2b1b45e4e4a812f6d748c2c175962332f0dbca2acd50b6a4d146c963428b0e9a,full_tensor_sha256,6be8a194f257b1d6a24c9e789f5fb17cdf00dd9fdb0e0ad07b8fe84e0c965627,123ea5ce324bb82567913e1514a410f2bb582a6d8528a6ea98fbb2b74646f92c,a789b01b17129967eecd25421cde715dc938f6e3b95b30f735ff978f0882361e,0.0,0.24774903431534767,0.0,0.6105620414018631,0.13864412903785706,0.7690910715609789,0.18158485181629658,1.9476311281323433,0.25377701967954636,0.271880067884922,9.624626021832228,163.7557134963572,872.8618652094156,38500,500,,2.793683898093503,,False,False,ok
BNCI2014_001,fixed_spectral_normalized_power_s1,fixed,spectral,normalized_power,8,6398,78,500,500,1.0,22,253,0.0003494824576977517,0.018694449916960693,7.598182593700115,0.7397812272601803,26.021877273981975,26.021877273981975,0.0004800687705628313,2.793683898093503,7.68016606109987e-05,0.00028507652725199905,0.006004400044481974,1.6313881183881984e-05,188.24073761048203,5.716247880429664,0.03017952124818757,0.09236224807369398,0.1459989447547685,6398,2b1b45e4e4a812f6d748c2c175962332f0dbca2acd50b6a4d146c963428b0e9a,full_tensor_sha256,6be8a194f257b1d6a24c9e789f5fb17cdf00dd9fdb0e0ad07b8fe84e0c965627,123ea5ce324bb82567913e1514a410f2bb582a6d8528a6ea98fbb2b74646f92c,a789b01b17129967eecd25421cde715dc938f6e3b95b30f735ff978f0882361e,0.0,0.23601902648806572,0.0,0.5801981315016747,0.1451538410037756,0.598411075770855,0.16687600873410702,1.726658083498478,0.25377701967954636,0.271880067884922,10.230090003460646,165.48237157985568,883.0919552128762,39000,500,,2.793683898093503,,False,False,ok
BNCI2014_001,fixed_spectral_normalized_power_s1,fixed,spectral,normalized_power,8,6398,79,500,500,1.0,22,253,0.0003378323760567632,0.01838021697523626,7.598696976059574,0.7398313090275593,26.016869097244065,26.016869097244065,0.0004718288099064694,2.793683898093503,7.452004140759808e-05,0.000275139090577777,0.005792654057502089,1.5333134653811468e-05,188.240737610482,5.716247880429664,0.03017952124818757,0.09236224807369398,0.1459989447547685,6398,2b1b45e4e4a812f6d748c2c175962332f0dbca2acd50b6a4d146c963428b0e9a,full_tensor_sha256,6be8a194f257b1d6a24c9e789f5fb17cdf00dd9fdb0e0ad07b8fe84e0c965627,123ea5ce324bb82567913e1514a410f2bb582a6d8528a6ea98fbb2b74646f92c,a789b01b17129967eecd25421cde715dc938f6e3b95b30f735ff978f0882361e,0.0,0.23569189943373203,0.0,0.5768388509750366,0.1433060970157385,0.711329048499465,0.1836959272623062,1.8508618231862783,0.25377701967954636,0.271880067884922,14.682023087516427,167.33323340304196,897.7739783003926,39500,500,,2.793683898093503,,False,False,ok
BNCI2014_001,fixed_spectral_normalized_power_s1,fixed,spectral,normalized_power,8,6398,80,500,500,1.0,22,253,0.00034933960201626274,0.018690628721802344,7.598483530690741,0.7398105273636599,26.018947263634,26.018947263634,0.0004800885147513741,2.793683898093503,7.656414105650127e-05,0.0002850709404697608,0.006003120789021526,1.631278780684241e-05,188.240737610482,5.716247880429664,0.03017952124818757,0.09236224807369398,0.1459989447547685,6398,2b1b45e4e4a812f6d748c2c175962332f0dbca2acd50b6a4d146c963428b0e9a,full_tensor_sha256,6be8a194f257b1d6a24c9e789f5fb17cdf00dd9fdb0e0ad07b8fe84e0c965627,123ea5ce324bb82567913e1514a410f2bb582a6d8528a6ea98fbb2b74646f92c,a789b01b17129967eecd25421cde715dc938f6e3b95b30f735ff978f0882361e,0.0,0.2514070365577936,0.0,0.6237861234694719,0.14013401232659817,0.7470999844372272,0.1898531336337328,1.9522802904248238,0.25377701967954636,0.271880067884922,11.920934077352285,169.28551369346678,909.6949123777449,40000,500,,2.793683898093503,,False,False,ok
BNCI2014_001,fixed_spectral_normalized_power_s1,fixed,spectral,normalized_power,8,6398,81,500,500,1.0,22,253,0.0003376970002302714,0.01837653395584356,7.5989860016287665,0.7398594494002932,26.01405505997068,26.01405505997068,0.00047183622089294077,2.793683898093503,7.429601240265388e-05,0.00027520159986506033,0.005793586329296465,1.5531541773645814e-05,188.24073761048203,5.716247880429664,0.03017952124818757,0.09236224807369398,0.1459989447547685,6398,2b1b45e4e4a812f6d748c2c175962332f0dbca2acd50b6a4d146c963428b0e9a,full_tensor_sha256,6be8a194f257b1d6a24c9e789f5fb17cdf00dd9fdb0e0ad07b8fe84e0c965627,123ea5ce324bb82567913e1514a410f2bb582a6d8528a6ea98fbb2b74646f92c,a789b01b17129967eecd25421cde715dc938f6e3b95b30f735ff978f0882361e,0.0,0.262704910710454,0.0,0.6463108584284782,0.1427321694791317,0.7477430626749992,0.19710790365934372,1.9965989049524069,0.25377701967954636,0.271880067884922,9.860181948170066,171.2821125984192,919.555094325915,40500,500,,2.793683898093503,,False,False,ok
BNCI2014_001,fixed_spectral_normalized_power_s1,fixed,spectral,normalized_power,8,6398,82,500,500,1.0,22,253,0.00034920693501536636,0.01868707936022551,7.598769936227781,0.7398384126424188,26.016158735758122,26.016158735758122,0.00048010109422851884,2.793683898093503,7.633465006746071e-05,0.0002851816255762088,0.006005692728025606,1.6331931744817846e-05,188.24073761048203,5.716247880429664,0.03017952124818757,0.09236224807369398,0.1459989447547685,6398,2b1b45e4e4a812f6d748c2c175962332f0dbca2acd50b6a4d146c963428b0e9a,full_tensor_sha256,6be8a194f257b1d6a24c9e789f5fb17cdf00dd9fdb0e0ad07b8fe84e0c965627,123ea5ce324bb82567913e1514a410f2bb582a6d8528a6ea98fbb2b74646f92c,a789b01b17129967eecd25421cde715dc938f6e3b95b30f735ff978f0882361e,0.0,0.2458279486745596,0.0,0.6145171355456114,0.13719499111175537,0.6484109908342361,0.1811860129237175,1.82713707908988,0.25377701967954636,0.271880067884922,9.565925924107432,173.10924967750907,929.1210202500224,41000,500,,2.793683898093503,,False,False,ok
BNCI2014_001,fixed_spectral_normalized_power_s1,fixed,spectral,normalized_power,8,6398,83,500,500,1.0,22,253,0.0003375713804122679,0.018373115696916183,7.599277270622244,0.7398878081993613,26.011219180063872,26.011219180063872,0.00047184266841926475,2.793683898093503,7.407731688727501e-05,0.00027522190642140503,0.005792801077146092,1.573697888491869e-05,188.24073761048206,5.716247880429664,0.03017952124818757,0.09236224807369398,0.1459989447547685,6398,2b1b45e4e4a812f6d748c2c175962332f0dbca2acd50b6a4d146c963428b0e9a,full_tensor_sha256,6be8a194f257b1d6a24c9e789f5fb17cdf00dd9fdb0e0ad07b8fe84e0c965627,123ea5ce324bb82567913e1514a410f2bb582a6d8528a6ea98fbb2b74646f92c,a789b01b17129967eecd25421cde715dc938f6e3b95b30f735ff978f0882361e,0.0,0.2436379436403513,0.0,0.6021088920533657,0.13851607218384743,0.6453120149672031,0.18492992967367172,1.8145048525184393,0.25377701967954636,0.271880067884922,9.966834913939238,174.9237545300275,939.0878551639616,41500,500,,2.793683898093503,,False,False,ok
BNCI2014_001,fixed_spectral_normalized_power_s1,fixed,spectral,normalized_power,8,6398,84,500,500,1.0,22,253,0.0003490841111000876,0.01868379273863012,7.599057249125904,0.7398663862645001,26.013361373549987,26.013361373549987,0.00048011595622171534,2.793683898093503,7.612954143865997e-05,0.0002851255060212402,0.006002921902335028,1.636157261991283e-05,188.24073761048203,5.716247880429664,0.03017952124818757,0.09236224807369398,0.1459989447547685,6398,2b1b45e4e4a812f6d748c2c175962332f0dbca2acd50b6a4d146c963428b0e9a,full_tensor_sha256,6be8a194f257b1d6a24c9e789f5fb17cdf00dd9fdb0e0ad07b8fe84e0c965627,123ea5ce324bb82567913e1514a410f2bb582a6d8528a6ea98fbb2b74646f92c,a789b01b17129967eecd25421cde715dc938f6e3b95b30f735ff978f0882361e,0.0,0.2591300290077925,0.0,0.7619359530508518,0.14654197730123997,0.761660048738122,0.25135790929198265,2.180625917389989,0.25377701967954636,0.271880067884922,14.985623070970178,177.1043804474175,954.0734782349318,42000,500,,2.793683898093503,,False,False,ok
BNCI2014_001,fixed_spectral_normalized_power_s1,fixed,spectral,normalized_power,8,6398,85,500,500,1.0,22,253,0.0003374549467094215,0.018369946834692296,7.599573792591263,0.7399166784434553,26.00833215565447,26.00833215565447,0.00047185349678078773,2.793683898093503,7.389181271168139e-05,0.000275238600681543,0.0057928391262686545,1.593495516014875e-05,188.240737610482,5.716247880429664,0.03017952124818757,0.09236224807369398,0.1459989447547685,6398,2b1b45e4e4a812f6d748c2c175962332f0dbca2acd50b6a4d146c963428b0e9a,full_tensor_sha256,6be8a194f257b1d6a24c9e789f5fb17cdf00dd9fdb0e0ad07b8fe84e0c965627,123ea5ce324bb82567913e1514a410f2bb582a6d8528a6ea98fbb2b74646f92c,a789b01b17129967eecd25421cde715dc938f6e3b95b30f735ff978f0882361e,0.0,0.2605491317808628,0.0,0.6139329634606838,0.15483214519917965,0.7383399643003941,0.19865715876221657,1.966311363503337,0.25377701967954636,0.271880067884922,12.186174048110843,179.07069181092083,966.2596522830427,42500,500,,2.793683898093503,,False,False,ok
BNCI2014_001,fixed_spectral_normalized_power_s1,fixed,spectral,normalized_power,8,6398,86,500,500,1.0,22,253,0.00034897010439057636,0.01868074153749193,7.599362275316586,0.7398960845044287,26.010391549557127,26.010391549557127,0.0004801241152365323,2.793683898093503,7.593424576587511e-05,0.00028519244559984953,0.006004236702609082,1.6418866690157807e-05,188.240737610482,5.716247880429664,0.03017952124818757,0.09236224807369398,0.1459989447547685,6398,2b1b45e4e4a812f6d748c2c175962332f0dbca2acd50b6a4d146c963428b0e9a,full_tensor_sha256,6be8a194f257b1d6a24c9e789f5fb17cdf00dd9fdb0e0ad07b8fe84e0c965627,123ea5ce324bb82567913e1514a410f2bb582a6d8528a6ea98fbb2b74646f92c,a789b01b17129967eecd25421cde715dc938f6e3b95b30f735ff978f0882361e,0.0,0.28383987955749035,0.0,0.6949470844119787,0.14199689030647278,0.766645185649395,0.19076606258749962,2.0781951025128365,0.25377701967954636,0.271880067884922,9.504531975835562,181.14888691343367,975.7641842588782,43000,500,,2.793683898093503,,False,False,ok
BNCI2014_001,fixed_spectral_normalized_power_s1,fixed,spectral,normalized_power,8,6398,87,500,500,1.0,22,253,0.0003373475681618885,0.018367023933176775,7.599879567651758,0.739946449595534,26.005355040446606,26.005355040446606,0.0004718601617804479,2.793683898093503,7.369823364080428e-05,0.00027531413816249547,0.005794171569276744,1.614961347108808e-05,188.24073761048206,5.716247880429665,0.03017952124818757,0.09236224807369398,0.1459989447547685,6398,2b1b45e4e4a812f6d748c2c175962332f0dbca2acd50b6a4d146c963428b0e9a,full_tensor_sha256,6be8a194f257b1d6a24c9e789f5fb17cdf00dd9fdb0e0ad07b8fe84e0c965627,123ea5ce324bb82567913e1514a410f2bb582a6d8528a6ea98fbb2b74646f92c,a789b01b17129967eecd25421cde715dc938f6e3b95b30f735ff978f0882361e,0.0,0.24080602452158928,0.0,0.5778090562671423,0.13519194908440113,0.6547300145030022,0.16895984299480915,1.777496887370944,0.25377701967954636,0.271880067884922,9.943221928551793,182.92638380080462,985.70740618743,43500,500,,2.793683898093503,,False,False,ok
BNCI2014_001,fixed_spectral_normalized_power_s1,fixed,spectral,normalized_power,8,6398,88,500,500,1.0,22,253,0.00034886420739647494,0.018677906932964276,7.599672560399448,0.7399262947654444,26.007370523455567,26.007370523455567,0.0004801381389386112,2.793683898093503,7.575808785947222e-05,0.00028514659618569235,0.006002106489588688,1.650446733245821e-05,188.24073761048203,5.716247880429664,0.03017952124818757,0.09236224807369398,0.1459989447547685,6398,2b1b45e4e4a812f6d748c2c175962332f0dbca2acd50b6a4d146c963428b0e9a,full_tensor_sha256,6be8a194f257b1d6a24c9e789f5fb17cdf00dd9fdb0e0ad07b8fe84e0c965627,123ea5ce324bb82567913e1514a410f2bb582a6d8528a6ea98fbb2b74646f92c,a789b01b17129967eecd25421cde715dc938f6e3b95b30f735ff978f0882361e,0.0,0.23421994410455227,0.0,0.5790789145976305,0.13418402522802353,0.7164478302001953,0.16768695786595345,1.831617671996355,0.25377701967954636,0.271880067884922,9.673028951510787,184.75800147280097,995.3804351389408,44000,500,,2.793683898093503,,False,False,ok
BNCI2014_001,fixed_spectral_normalized_power_s1,fixed,spectral,normalized_power,8,6398,89,500,500,1.0,22,253,0.0003372472451201639,0.01836429266593636,7.600186230913072,0.739976307225436,26.002369277456406,26.002369277456406,0.00047186896040698464,2.793683898093503,7.353270596944955e-05,0.0002753276570761879,0.005793905892990782,1.622415470825108e-05,188.24073761048203,5.716247880429664,0.03017952124818757,0.09236224807369398,0.1459989447547685,6398,2b1b45e4e4a812f6d748c2c175962332f0dbca2acd50b6a4d146c963428b0e9a,full_tensor_sha256,6be8a194f257b1d6a24c9e789f5fb17cdf00dd9fdb0e0ad07b8fe84e0c965627,123ea5ce324bb82567913e1514a410f2bb582a6d8528a6ea98fbb2b74646f92c,a789b01b17129967eecd25421cde715dc938f6e3b95b30f735ff978f0882361e,0.0,0.2345019020140171,0.0,0.5679649766534567,0.14486885629594326,0.6120740436017513,0.175827881321311,1.7352376598864794,0.25377701967954636,0.271880067884922,12.6923150382936,186.49323913268745,1008.0727501772344,44500,500,,2.793683898093503,,False,False,ok
BNCI2014_001,fixed_spectral_normalized_power_s1,fixed,spectral,normalized_power,8,6398,90,500,500,1.0,22,253,0.00034876456757773524,0.0186752394249106,7.599968766855619,0.7399551342902868,26.00448657097132,26.00448657097132,0.00048014443043502833,2.793683898093503,7.558123823323492e-05,0.0002852231422578309,0.0060036625366333704,1.6598837315205214e-05,188.24073761048203,5.716247880429664,0.03017952124818757,0.09236224807369398,0.1459989447547685,6398,2b1b45e4e4a812f6d748c2c175962332f0dbca2acd50b6a4d146c963428b0e9a,full_tensor_sha256,6be8a194f257b1d6a24c9e789f5fb17cdf00dd9fdb0e0ad07b8fe84e0c965627,123ea5ce324bb82567913e1514a410f2bb582a6d8528a6ea98fbb2b74646f92c,a789b01b17129967eecd25421cde715dc938f6e3b95b30f735ff978f0882361e,0.0,0.27369381859898567,0.0,1.0208289604634047,0.2385170664638281,0.6834759842604399,0.28957403264939785,2.506089862436056,0.25377701967954636,0.271880067884922,11.539963074028492,188.9993289951235,1019.6127132512629,45000,500,,2.793683898093503,,False,False,ok
BNCI2014_001,fixed_spectral_normalized_power_s1,fixed,spectral,normalized_power,8,6398,91,500,500,1.0,22,253,0.00033715194629690135,0.01836169780540191,7.600478180944073,0.7400047323323045,25.999526766769556,25.999526766769556,0.0004718787158613485,2.793683898093503,7.336690344941495e-05,0.00027536717371780506,0.00579434838206315,1.6299885365254483e-05,188.240737610482,5.716247880429665,0.03017952124818757,0.09236224807369398,0.1459989447547685,6398,2b1b45e4e4a812f6d748c2c175962332f0dbca2acd50b6a4d146c963428b0e9a,full_tensor_sha256,6be8a194f257b1d6a24c9e789f5fb17cdf00dd9fdb0e0ad07b8fe84e0c965627,123ea5ce324bb82567913e1514a410f2bb582a6d8528a6ea98fbb2b74646f92c,a789b01b17129967eecd25421cde715dc938f6e3b95b30f735ff978f0882361e,0.0,0.2553081139922142,0.0,0.705864978954196,0.14417804777622223,0.8039430249482393,0.188375823199749,2.0976699888706207,0.25377701967954636,0.271880067884922,10.572533123195171,191.09699898399413,1030.185246374458,45500,500,,2.793683898093503,,False,False,ok
BNCI2014_001,fixed_spectral_normalized_power_s1,fixed,spectral,normalized_power,8,6398,92,500,500,1.0,22,253,0.0003486700341249902,0.018672708269691096,7.600253815977865,0.7399828875045436,26.001711249545643,26.001711249545643,0.00048015385201147855,2.793683898093503,7.541700488550725e-05,0.0002852261658278172,0.006003010880314397,1.6659637264961223e-05,188.24073761048203,5.716247880429664,0.03017952124818757,0.09236224807369398,0.1459989447547685,6398,2b1b45e4e4a812f6d748c2c175962332f0dbca2acd50b6a4d146c963428b0e9a,full_tensor_sha256,6be8a194f257b1d6a24c9e789f5fb17cdf00dd9fdb0e0ad07b8fe84e0c965627,123ea5ce324bb82567913e1514a410f2bb582a6d8528a6ea98fbb2b74646f92c,a789b01b17129967eecd25421cde715dc938f6e3b95b30f735ff978f0882361e,0.0,0.24499697610735893,0.0,0.5894529167562723,0.14457502402365208,0.6639219354838133,0.18333294428884983,1.8262797966599464,0.25377701967954636,0.271880067884922,9.78989596478641,192.92327878065407,1039.9751423392445,46000,500,,2.793683898093503,,False,False,ok
BNCI2014_001,fixed_spectral_normalized_power_s1,fixed,spectral,normalized_power,8,6398,93,500,500,1.0,22,253,0.00033706158117439457,0.018359236944230403,7.600757488515866,0.7400319265324564,25.99680734675436,25.99680734675436,0.000471883148107971,2.793683898093503,7.321324195743981e-05,0.00027537584839289425,0.0057937790179556515,1.6370848241350675e-05,188.240737610482,5.716247880429664,0.03017952124818757,0.09236224807369398,0.1459989447547685,6398,2b1b45e4e4a812f6d748c2c175962332f0dbca2acd50b6a4d146c963428b0e9a,full_tensor_sha256,6be8a194f257b1d6a24c9e789f5fb17cdf00dd9fdb0e0ad07b8fe84e0c965627,123ea5ce324bb82567913e1514a410f2bb582a6d8528a6ea98fbb2b74646f92c,a789b01b17129967eecd25421cde715dc938f6e3b95b30f735ff978f0882361e,0.0,0.2676830627024174,0.0,0.6381301209330559,0.14332681894302368,0.7213340140879154,0.20024878904223442,1.9707228057086468,0.25377701967954636,0.271880067884922,10.275629116222262,194.89400158636272,1050.2507714554667,46500,500,,2.793683898093503,,False,False,ok
BNCI2014_001,fixed_spectral_normalized_power_s1,fixed,spectral,normalized_power,8,6398,94,500,500,1.0,22,253,0.00034858129290998244,0.01867033189072927,7.60053460190874,0.7400102256420493,25.99897743579507,25.99897743579507,0.0004801615271512237,2.793683898093503,7.526125615907901e-05,0.00028516163185339743,0.0060001926265489045,1.6837824114932443e-05,188.24073761048203,5.716247880429665,0.03017952124818757,0.09236224807369398,0.1459989447547685,6398,2b1b45e4e4a812f6d748c2c175962332f0dbca2acd50b6a4d146c963428b0e9a,full_tensor_sha256,6be8a194f257b1d6a24c9e789f5fb17cdf00dd9fdb0e0ad07b8fe84e0c965627,123ea5ce324bb82567913e1514a410f2bb582a6d8528a6ea98fbb2b74646f92c,a789b01b17129967eecd25421cde715dc938f6e3b95b30f735ff978f0882361e,0.0,0.253504142165184,0.0,0.6086190696805716,0.14837109483778477,0.7572609465569258,0.19060401245951653,1.9583592656999826,0.25377701967954636,0.271880067884922,13.743977062404156,196.8523608520627,1063.994748517871,47000,500,,2.793683898093503,,False,False,ok
BNCI2014_001,fixed_spectral_normalized_power_s1,fixed,spectral,normalized_power,8,6398,95,500,500,1.0,22,253,0.00033697751218387086,0.01835694724576695,7.601038064795988,0.7400592442577532,25.994075574224688,25.994075574224688,0.0004718955835763194,2.793683898093503,7.308017643639372e-05,0.00027535461435464865,0.0057927091673854285,1.6474502170472237e-05,188.24073761048203,5.716247880429664,0.03017952124818757,0.09236224807369398,0.1459989447547685,6398,2b1b45e4e4a812f6d748c2c175962332f0dbca2acd50b6a4d146c963428b0e9a,full_tensor_sha256,6be8a194f257b1d6a24c9e789f5fb17cdf00dd9fdb0e0ad07b8fe84e0c965627,123ea5ce324bb82567913e1514a410f2bb582a6d8528a6ea98fbb2b74646f92c,a789b01b17129967eecd25421cde715dc938f6e3b95b30f735ff978f0882361e,0.0,0.2667310182005167,0.0,0.6290192250162363,0.15261606313288212,0.7108000572770834,0.20922278054058552,1.968389144167304,0.25377701967954636,0.271880067884922,12.929456075653434,198.82074999623,1076.9242045935243,47500,500,,2.793683898093503,,False,False,ok
BNCI2014_001,fixed_spectral_normalized_power_s1,fixed,spectral,normalized_power,8,6398,96,500,500,1.0,22,253,0.0003484985631355625,0.01866811621818234,7.60082109871618,0.7400381198071605,25.99618801928395,25.99618801928395,0.0004801705476442607,2.793683898093503,7.511302492259212e-05,0.0002852067693276603,0.006000958032495649,1.6931310467878936e-05,188.24073761048203,5.716247880429664,0.03017952124818757,0.09236224807369398,0.1459989447547685,6398,2b1b45e4e4a812f6d748c2c175962332f0dbca2acd50b6a4d146c963428b0e9a,full_tensor_sha256,6be8a194f257b1d6a24c9e789f5fb17cdf00dd9fdb0e0ad07b8fe84e0c965627,123ea5ce324bb82567913e1514a410f2bb582a6d8528a6ea98fbb2b74646f92c,a789b01b17129967eecd25421cde715dc938f6e3b95b30f735ff978f0882361e,0.0,0.27597788721323013,0.0,0.6727050058543682,0.14653592370450497,0.7551379967480898,0.24451897479593754,2.0948757883161306,0.25377701967954636,0.271880067884922,11.246902169659734,200.91562578454614,1088.171106763184,48000,500,,2.793683898093503,,False,False,ok
BNCI2014_001,fixed_spectral_normalized_power_s1,fixed,spectral,normalized_power,8,6398,97,500,500,1.0,22,253,0.0003368982403007978,0.018354787939412368,7.601316257442069,0.7400863299054846,25.991367009451537,25.991367009451537,0.00047189590611064,2.793683898093503,7.294479326059167e-05,0.0002754515961873469,0.0057951541130130966,1.653366817245937e-05,188.240737610482,5.716247880429664,0.03017952124818757,0.09236224807369398,0.1459989447547685,6398,2b1b45e4e4a812f6d748c2c175962332f0dbca2acd50b6a4d146c963428b0e9a,full_tensor_sha256,6be8a194f257b1d6a24c9e789f5fb17cdf00dd9fdb0e0ad07b8fe84e0c965627,123ea5ce324bb82567913e1514a410f2bb582a6d8528a6ea98fbb2b74646f92c,a789b01b17129967eecd25421cde715dc938f6e3b95b30f735ff978f0882361e,0.0,0.2659689635038376,0.0,0.8079139515757561,0.1707009505480528,0.9316338691860437,0.24833204224705696,2.424549777060747,0.25377701967954636,0.271880067884922,11.138812871649861,203.34017556160688,1099.309919634834,48500,500,,2.793683898093503,,False,False,ok
BNCI2014_001,fixed_spectral_normalized_power_s1,fixed,spectral,normalized_power,8,6398,98,500,500,1.0,22,253,0.00034842045268682466,0.018666024019239467,7.601102553083136,0.7400655230255534,25.993447697444658,25.993447697444658,0.00048017348954820777,2.793683898093503,7.497219256387301e-05,0.0002852663925727431,0.006002316765502417,1.7076010443914465e-05,188.24073761048203,5.716247880429664,0.03017952124818757,0.09236224807369398,0.1459989447547685,6398,2b1b45e4e4a812f6d748c2c175962332f0dbca2acd50b6a4d146c963428b0e9a,full_tensor_sha256,6be8a194f257b1d6a24c9e789f5fb17cdf00dd9fdb0e0ad07b8fe84e0c965627,123ea5ce324bb82567913e1514a410f2bb582a6d8528a6ea98fbb2b74646f92c,a789b01b17129967eecd25421cde715dc938f6e3b95b30f735ff978f0882361e,0.0,0.27888896875083447,0.0,0.8012130856513977,0.16328413039445877,0.8818800561130047,0.23090210743248463,2.3561683483421803,0.25377701967954636,0.271880067884922,10.745926992967725,205.69634390994906,1110.0558466278017,49000,500,,2.793683898093503,,False,False,ok
BNCI2014_001,fixed_spectral_normalized_power_s1,fixed,spectral,normalized_power,8,6398,99,500,500,1.0,22,253,0.0003368222077346611,0.01835271663091492,7.601598954848589,0.7401138541498364,25.988614585016364,25.988614585016364,0.000471903862455746,2.793683898093503,7.281705814226126e-05,0.0002754515101203627,0.0057947355802607115,1.6570815797202502e-05,188.24073761048203,5.716247880429664,0.03017952124818757,0.09236224807369398,0.1459989447547685,6398,2b1b45e4e4a812f6d748c2c175962332f0dbca2acd50b6a4d146c963428b0e9a,full_tensor_sha256,6be8a194f257b1d6a24c9e789f5fb17cdf00dd9fdb0e0ad07b8fe84e0c965627,123ea5ce324bb82567913e1514a410f2bb582a6d8528a6ea98fbb2b74646f92c,a789b01b17129967eecd25421cde715dc938f6e3b95b30f735ff978f0882361e,0.0,0.2680609468370676,0.0,0.7394140120595694,0.16667204909026623,0.7338719442486763,0.22394908592104912,2.1319680381566286,0.25377701967954636,0.271880067884922,11.77780912257731,207.8283119481057,1121.833655750379,49500,500,,2.793683898093503,,False,False,ok
BNCI2014_001,fixed_spectral_normalized_power_s1,fixed,spectral,normalized_power,8,6398,100,500,500,1.0,22,253,0.00034834539301477764,0.018664013314793195,7.601379086416137,0.7400924471177219,25.990755288227806,25.990755288227806,0.0004801768059062932,2.793683898093503,7.483794005826248e-05,0.0002852762193645978,0.0060019150650848585,1.7171833051315164e-05,188.240737610482,5.716247880429664,0.03017952124818757,0.09236224807369398,0.1459989447547685,6398,2b1b45e4e4a812f6d748c2c175962332f0dbca2acd50b6a4d146c963428b0e9a,full_tensor_sha256,6be8a194f257b1d6a24c9e789f5fb17cdf00dd9fdb0e0ad07b8fe84e0c965627,123ea5ce324bb82567913e1514a410f2bb582a6d8528a6ea98fbb2b74646f92c,a789b01b17129967eecd25421cde715dc938f6e3b95b30f735ff978f0882361e,0.0,0.2666208893060684,0.0,0.645746011286974,0.14381203800439835,0.7283620070666075,0.19751698710024357,1.9820579327642918,0.25377701967954636,0.271880067884922,13.530466007068753,209.81036988086998,1135.3641217574477,50000,500,,2.793683898093503,,False,False,ok
BNCI2014_001,fixed_spectral_normalized_power_s1,fixed,spectral,normalized_power,8,6398,101,500,500,1.0,22,253,0.000336751311587797,0.018350785040095616,7.601854465726819,0.7401387314344692,25.986126856553074,25.986126856553074,0.000471909581212547,2.793683898093503,7.268859295195523e-05,0.00027546823029181905,0.005794435745419025,1.6660209168219488e-05,188.24073761048203,5.716247880429664,0.03017952124818757,0.09236224807369398,0.1459989447547685,6398,2b1b45e4e4a812f6d748c2c175962332f0dbca2acd50b6a4d146c963428b0e9a,full_tensor_sha256,6be8a194f257b1d6a24c9e789f5fb17cdf00dd9fdb0e0ad07b8fe84e0c965627,123ea5ce324bb82567913e1514a410f2bb582a6d8528a6ea98fbb2b74646f92c,a789b01b17129967eecd25421cde715dc938f6e3b95b30f735ff978f0882361e,0.0,0.26920903474092484,0.0,0.6463329773396254,0.14252099208533764,0.447216909378767,0.20508305169641972,1.7103629652410746,0.25377701967954636,0.271880067884922,11.954074027016759,211.52073284611106,1147.3181957844645,50500,500,,2.793683898093503,,False,False,ok
BNCI2014_001,fixed_spectral_normalized_power_s1,fixed,spectral,normalized_power,8,6398,102,500,500,1.0,22,253,0.0003482750975753674,0.018662130038539743,7.601638210432577,0.7401176761880331,25.98823238119668,25.98823238119668,0.00048018614062352846,2.793683898093503,7.470375659845383e-05,0.0002852964239057104,0.006001771743217083,1.7265302621698193e-05,188.24073761048203,5.716247880429664,0.03017952124818757,0.09236224807369398,0.1459989447547685,6398,2b1b45e4e4a812f6d748c2c175962332f0dbca2acd50b6a4d146c963428b0e9a,full_tensor_sha256,6be8a194f257b1d6a24c9e789f5fb17cdf00dd9fdb0e0ad07b8fe84e0c965627,123ea5ce324bb82567913e1514a410f2bb582a6d8528a6ea98fbb2b74646f92c,a789b01b17129967eecd25421cde715dc938f6e3b95b30f735ff978f0882361e,0.0,0.2607288770377636,0.0,0.616967910900712,0.15866104513406754,4.465573932975531,0.22626598365604877,5.7281977497041225,0.25377701967954636,0.271880067884922,10.732431896030903,217.24893059581518,1158.0506276804954,51000,500,,2.793683898093503,,False,False,ok
BNCI2014_001,fixed_spectral_normalized_power_s1,fixed,spectral,normalized_power,8,6398,103,500,500,1.0,22,253,0.00033668352161041686,0.018348937887802032,7.602112535902646,0.7401638578997835,25.98361421002165,25.98361421002165,0.0004719195026676436,2.793683898093503,7.257168381619392e-05,0.00027547603482711106,0.00579425515043375,1.676774169360231e-05,188.24073761048203,5.716247880429664,0.03017952124818757,0.09236224807369398,0.1459989447547685,6398,2b1b45e4e4a812f6d748c2c175962332f0dbca2acd50b6a4d146c963428b0e9a,full_tensor_sha256,6be8a194f257b1d6a24c9e789f5fb17cdf00dd9fdb0e0ad07b8fe84e0c965627,123ea5ce324bb82567913e1514a410f2bb582a6d8528a6ea98fbb2b74646f92c,a789b01b17129967eecd25421cde715dc938f6e3b95b30f735ff978f0882361e,0.0,0.2626790665090084,0.0,0.6406218744814396,0.14240690506994724,0.9668329730629921,0.19813398830592632,2.2106748074293137,0.25377701967954636,0.271880067884922,12.691885000094771,219.4596054032445,1170.7425126805902,51500,500,,2.793683898093503,,False,False,ok
BNCI2014_001,fixed_spectral_normalized_power_s1,fixed,spectral,normalized_power,8,6398,104,500,500,1.0,22,253,0.00034820788362801435,0.01866032914039874,7.601886389274949,0.7401418396042615,25.98581603957385,25.98581603957385,0.0004801909968496123,2.793683898093503,7.459050696711091e-05,0.0002852674840304985,0.0060004971676915625,1.739484751403187e-05,188.240737610482,5.716247880429664,0.03017952124818757,0.09236224807369398,0.1459989447547685,6398,2b1b45e4e4a812f6d748c2c175962332f0dbca2acd50b6a4d146c963428b0e9a,full_tensor_sha256,6be8a194f257b1d6a24c9e789f5fb17cdf00dd9fdb0e0ad07b8fe84e0c965627,123ea5ce324bb82567913e1514a410f2bb582a6d8528a6ea98fbb2b74646f92c,a789b01b17129967eecd25421cde715dc938f6e3b95b30f735ff978f0882361e,0.0,0.26607909239828587,0.0,0.6386691238731146,0.14244508929550648,0.6573670543730259,0.19549601711332798,1.9000563770532608,0.25377701967954636,0.271880067884922,15.057086944580078,221.35966178029776,1185.7995996251702,52000,500,,2.793683898093503,,False,False,ok
BNCI2014_001,fixed_spectral_normalized_power_s1,fixed,spectral,normalized_power,8,6398,105,500,500,1.0,22,253,0.0003366195514242897,0.018347194647255743,7.6023582889115655,0.7401877851297888,25.981221487021124,25.981221487021124,0.00047192314894470327,2.793683898093503,7.246280258804686e-05,0.000275488633186574,0.005794100875916931,1.6907214177140005e-05,188.24073761048203,5.716247880429664,0.03017952124818757,0.09236224807369398,0.1459989447547685,6398,2b1b45e4e4a812f6d748c2c175962332f0dbca2acd50b6a4d146c963428b0e9a,full_tensor_sha256,6be8a194f257b1d6a24c9e789f5fb17cdf00dd9fdb0e0ad07b8fe84e0c965627,123ea5ce324bb82567913e1514a410f2bb582a6d8528a6ea98fbb2b74646f92c,a789b01b17129967eecd25421cde715dc938f6e3b95b30f735ff978f0882361e,0.0,0.25713187642395496,0.0,0.6272010505199432,0.1424369402229786,0.5976669490337372,0.1901669893413782,1.8146038055419922,0.25377701967954636,0.271880067884922,12.513776076957583,223.17426558583975,1198.3133757021278,52500,500,,2.793683898093503,,False,False,ok
BNCI2014_001,fixed_spectral_normalized_power_s1,fixed,spectral,normalized_power,8,6398,106,500,500,1.0,22,253,0.00034814443002016595,0.018658628835478933,7.602126825741758,0.7401652492002143,25.98347507997857,25.98347507997857,0.00048019726688643995,2.793683898093503,7.447493567049977e-05,0.00028530197329993057,0.006000929083898769,1.7500873700697455e-05,188.24073761048203,5.716247880429664,0.03017952124818757,0.09236224807369398,0.1459989447547685,6398,2b1b45e4e4a812f6d748c2c175962332f0dbca2acd50b6a4d146c963428b0e9a,full_tensor_sha256,6be8a194f257b1d6a24c9e789f5fb17cdf00dd9fdb0e0ad07b8fe84e0c965627,123ea5ce324bb82567913e1514a410f2bb582a6d8528a6ea98fbb2b74646f92c,a789b01b17129967eecd25421cde715dc938f6e3b95b30f735ff978f0882361e,0.0,0.26163714937865734,0.0,0.6395177915692329,0.14499900862574577,0.6189760752022266,0.20764488726854324,1.872774912044406,0.25377701967954636,0.271880067884922,10.051429970189929,225.04704049788415,1208.3648056723177,53000,500,,2.793683898093503,,False,False,ok
BNCI2014_001,fixed_spectral_normalized_power_s1,fixed,spectral,normalized_power,8,6398,107,500,500,1.0,22,253,0.00033655957809517373,0.018345560173926925,7.60258091135248,0.7402094603002028,25.979053969979716,25.979053969979716,0.00047193065888052627,2.793683898093503,7.235818989048559e-05,0.0002755221560918971,0.005794790309129076,1.6996219777261878e-05,188.240737610482,5.716247880429665,0.03017952124818757,0.09236224807369398,0.1459989447547685,6398,2b1b45e4e4a812f6d748c2c175962332f0dbca2acd50b6a4d146c963428b0e9a,full_tensor_sha256,6be8a194f257b1d6a24c9e789f5fb17cdf00dd9fdb0e0ad07b8fe84e0c965627,123ea5ce324bb82567913e1514a410f2bb582a6d8528a6ea98fbb2b74646f92c,a789b01b17129967eecd25421cde715dc938f6e3b95b30f735ff978f0882361e,0.0,0.24862191639840603,0.0,0.5972019862383604,0.1466639805585146,0.8862200193107128,0.17903605476021767,2.0577439572662115,0.25377701967954636,0.271880067884922,9.639199124649167,227.10478445515037,1218.004004796967,53500,500,,2.793683898093503,,False,False,ok
BNCI2014_001,fixed_spectral_normalized_power_s1,fixed,spectral,normalized_power,8,6398,108,500,500,1.0,22,253,0.0003480845093083581,0.0186570230558993,7.6023571053814285,0.7401876698978413,25.981233010215867,25.981233010215867,0.00048019829573911667,2.793683898093503,7.436220127241729e-05,0.00028532919029977417,0.00600135542957249,1.764641757919963e-05,188.24073761048203,5.716247880429664,0.03017952124818757,0.09236224807369398,0.1459989447547685,6398,2b1b45e4e4a812f6d748c2c175962332f0dbca2acd50b6a4d146c963428b0e9a,full_tensor_sha256,6be8a194f257b1d6a24c9e789f5fb17cdf00dd9fdb0e0ad07b8fe84e0c965627,123ea5ce324bb82567913e1514a410f2bb582a6d8528a6ea98fbb2b74646f92c,a789b01b17129967eecd25421cde715dc938f6e3b95b30f735ff978f0882361e,0.0,0.245298957452178,0.0,0.5894610658288002,0.13473909348249435,0.7376770954579115,0.17292890697717667,1.8801051191985607,0.25377701967954636,0.271880067884922,10.065761161968112,228.98488957434893,1228.069765958935,54000,500,,2.793683898093503,,False,False,ok
BNCI2014_001,fixed_spectral_normalized_power_s1,fixed,spectral,normalized_power,8,6398,109,500,500,1.0,22,253,0.00033650309129896973,0.01834402058707332,7.602810078714542,0.7402317727032365,25.976822729676346,25.976822729676346,0.00047193644142223324,2.793683898093503,7.225907661186751e-05,0.0002755394053019537,0.0057949238186861774,1.7083352992482702e-05,188.24073761048203,5.716247880429665,0.03017952124818757,0.09236224807369398,0.1459989447547685,6398,2b1b45e4e4a812f6d748c2c175962332f0dbca2acd50b6a4d146c963428b0e9a,full_tensor_sha256,6be8a194f257b1d6a24c9e789f5fb17cdf00dd9fdb0e0ad07b8fe84e0c965627,123ea5ce324bb82567913e1514a410f2bb582a6d8528a6ea98fbb2b74646f92c,a789b01b17129967eecd25421cde715dc938f6e3b95b30f735ff978f0882361e,0.0,0.24101603776216507,0.0,0.5980930291116238,0.13466295786201954,1.1924239806830883,0.17988611944019794,2.3460821248590946,0.25377701967954636,0.271880067884922,11.536380043253303,231.33097169920802,1239.6061460021883,54500,500,,2.793683898093503,,False,False,ok
BNCI2014_001,fixed_spectral_normalized_power_s1,fixed,spectral,normalized_power,8,6398,110,500,500,1.0,22,253,0.00034802896211149866,0.01865553435609655,7.602583673472815,0.740209729228298,25.979027077170205,25.979027077170205,0.00048020135894876273,2.793683898093503,7.425942123697727e-05,0.00028534473529363114,0.006001253459157373,1.7773957253506545e-05,188.24073761048203,5.716247880429664,0.03017952124818757,0.09236224807369398,0.1459989447547685,6398,2b1b45e4e4a812f6d748c2c175962332f0dbca2acd50b6a4d146c963428b0e9a,full_tensor_sha256,6be8a194f257b1d6a24c9e789f5fb17cdf00dd9fdb0e0ad07b8fe84e0c965627,123ea5ce324bb82567913e1514a410f2bb582a6d8528a6ea98fbb2b74646f92c,a789b01b17129967eecd25421cde715dc938f6e3b95b30f735ff978f0882361e,0.0,0.28490019030869007,0.0,1.0432898998260498,0.2565609756857157,0.7268199697136879,0.30677393078804016,2.6183449663221836,0.25377701967954636,0.271880067884922,11.192993959411979,233.9493166655302,1250.7991399616003,55000,500,,2.793683898093503,,False,False,ok
BNCI2014_001,fixed_spectral_normalized_power_s1,fixed,spectral,normalized_power,8,6398,111,500,500,1.0,22,253,0.00033644990739105173,0.01834257090462108,7.603035183268154,0.740253689539385,25.974631046061496,25.974631046061496,0.0004719418827306246,2.793683898093503,7.216182156626448e-05,0.00027554377893150507,0.005794510977566789,1.7191021798248196e-05,188.240737610482,5.716247880429664,0.03017952124818757,0.09236224807369398,0.1459989447547685,6398,2b1b45e4e4a812f6d748c2c175962332f0dbca2acd50b6a4d146c963428b0e9a,full_tensor_sha256,6be8a194f257b1d6a24c9e789f5fb17cdf00dd9fdb0e0ad07b8fe84e0c965627,123ea5ce324bb82567913e1514a410f2bb582a6d8528a6ea98fbb2b74646f92c,a789b01b17129967eecd25421cde715dc938f6e3b95b30f735ff978f0882361e,0.0,0.26055099442601204,0.0,0.7188110612332821,0.15894602984189987,0.7512860465794802,0.2156500704586506,2.1052442025393248,0.25377701967954636,0.271880067884922,13.366559986025095,236.05456086806953,1264.1656999476254,55500,500,,2.793683898093503,,False,False,ok
BNCI2014_001,fixed_spectral_normalized_power_s1,fixed,spectral,normalized_power,8,6398,112,500,500,1.0,22,253,0.0003479761167489326,0.018654117956873023,7.602816691364101,0.7402324165300919,25.97675834699081,25.97675834699081,0.00048020729169752715,2.793683898093503,7.416686630170131e-05,0.0002853366184796616,0.006000501497005235,1.7953623800617795e-05,188.24073761048203,5.716247880429664,0.03017952124818757,0.09236224807369398,0.1459989447547685,6398,2b1b45e4e4a812f6d748c2c175962332f0dbca2acd50b6a4d146c963428b0e9a,full_tensor_sha256,6be8a194f257b1d6a24c9e789f5fb17cdf00dd9fdb0e0ad07b8fe84e0c965627,123ea5ce324bb82567913e1514a410f2bb582a6d8528a6ea98fbb2b74646f92c,a789b01b17129967eecd25421cde715dc938f6e3b95b30f735ff978f0882361e,0.0,0.2761757932603359,0.0,0.7200678810477257,0.16327807679772377,0.7083951495587826,0.21918094716966152,2.0870978478342295,0.25377701967954636,0.271880067884922,11.762947076931596,238.14165871590376,1275.928647024557,56000,500,,2.793683898093503,,False,False,ok
BNCI2014_001,fixed_spectral_normalized_power_s1,fixed,spectral,normalized_power,8,6398,113,500,500,1.0,22,253,0.00033639946392960223,0.018341195815147992,7.603266729905572,0.7402762335956097,25.972376640439034,25.972376640439034,0.00047194507879298834,2.793683898093503,7.207060848647817e-05,0.0002755620587874069,0.005794562968344354,1.7293058962880404e-05,188.24073761048203,5.716247880429664,0.03017952124818757,0.09236224807369398,0.1459989447547685,6398,2b1b45e4e4a812f6d748c2c175962332f0dbca2acd50b6a4d146c963428b0e9a,full_tensor_sha256,6be8a194f257b1d6a24c9e789f5fb17cdf00dd9fdb0e0ad07b8fe84e0c965627,123ea5ce324bb82567913e1514a410f2bb582a6d8528a6ea98fbb2b74646f92c,a789b01b17129967eecd25421cde715dc938f6e3b95b30f735ff978f0882361e,0.0,0.27104420587420464,0.0,0.7412570994347334,0.15746289864182472,0.7133530452847481,0.21710805594921112,2.100225305184722,0.25377701967954636,0.271880067884922,11.273839045315981,240.24188402108848,1287.202486069873,56500,500,,2.793683898093503,,False,False,ok
BNCI2014_001,fixed_spectral_normalized_power_s1,fixed,spectral,normalized_power,8,6398,114,500,500,1.0,22,253,0.00034792551664187545,0.018652761635797405,7.603029331750909,0.7402531198185925,25.97468801814075,25.97468801814075,0.0004802105013338766,2.793683898093503,7.406861370684857e-05,0.00028538113677731536,0.006001363129915222,1.8058429870112256e-05,188.240737610482,5.716247880429664,0.03017952124818757,0.09236224807369398,0.1459989447547685,6398,2b1b45e4e4a812f6d748c2c175962332f0dbca2acd50b6a4d146c963428b0e9a,full_tensor_sha256,6be8a194f257b1d6a24c9e789f5fb17cdf00dd9fdb0e0ad07b8fe84e0c965627,123ea5ce324bb82567913e1514a410f2bb582a6d8528a6ea98fbb2b74646f92c,a789b01b17129967eecd25421cde715dc938f6e3b95b30f735ff978f0882361e,0.0,0.25692000053822994,0.0,0.625580083578825,0.14051212929189205,0.7604979909956455,0.18853112123906612,1.9720413256436586,0.25377701967954636,0.271880067884922,13.822896173223853,242.21392534673214,1301.0253822430968,57000,500,,2.793683898093503,,False,False,ok
BNCI2014_001,fixed_spectral_normalized_power_s1,fixed,spectral,normalized_power,8,6398,115,500,500,1.0,22,253,0.00033635124034031355,0.018339881143025805,7.603483316843116,0.7402973211318051,25.970267886819485,25.970267886819485,0.0004719530169984734,2.793683898093503,7.198410969634866e-05,0.0002755684930395248,0.005794406349370884,1.7416339254970562e-05,188.24073761048203,5.716247880429664,0.03017952124818757,0.09236224807369398,0.1459989447547685,6398,2b1b45e4e4a812f6d748c2c175962332f0dbca2acd50b6a4d146c963428b0e9a,full_tensor_sha256,6be8a194f257b1d6a24c9e789f5fb17cdf00dd9fdb0e0ad07b8fe84e0c965627,123ea5ce324bb82567913e1514a410f2bb582a6d8528a6ea98fbb2b74646f92c,a789b01b17129967eecd25421cde715dc938f6e3b95b30f735ff978f0882361e,0.0,0.2595481928437948,0.0,0.6352178752422333,0.14060107059776783,1.0453108698129654,0.20215986296534538,2.2828378714621067,0.25377701967954636,0.271880067884922,11.739425826817751,244.49676321819425,1312.7648080699146,57500,500,,2.793683898093503,,False,False,ok
BNCI2014_001,fixed_spectral_normalized_power_s1,fixed,spectral,normalized_power,8,6398,116,500,500,1.0,22,253,0.00034787744732378523,0.01865147306042569,7.603249922752782,0.7402745972021741,25.97254027978259,25.97254027978259,0.0004802109666991563,2.793683898093503,7.399194824186714e-05,0.0002853503423320852,0.006000181692356616,1.8219262858135618e-05,188.240737610482,5.716247880429664,0.03017952124818757,0.09236224807369398,0.1459989447547685,6398,2b1b45e4e4a812f6d748c2c175962332f0dbca2acd50b6a4d146c963428b0e9a,full_tensor_sha256,6be8a194f257b1d6a24c9e789f5fb17cdf00dd9fdb0e0ad07b8fe84e0c965627,123ea5ce324bb82567913e1514a410f2bb582a6d8528a6ea98fbb2b74646f92c,a789b01b17129967eecd25421cde715dc938f6e3b95b30f735ff978f0882361e,0.0,0.2681699115782976,0.0,0.642659142613411,0.14220993034541607,0.6282110698521137,0.19650999456644058,1.877760048955679,0.25377701967954636,0.271880067884922,9.709067875519395,246.37452326714993,1322.473875945434,58000,500,,2.793683898093503,,False,False,ok
BNCI2014_001,fixed_spectral_normalized_power_s1,fixed,spectral,normalized_power,8,6398,117,500,500,1.0,22,253,0.0003363049813555665,0.018338619941412344,7.603710778332861,0.7403194674461326,25.968053255386735,25.968053255386735,0.00047195761037768346,2.793683898093503,7.190186558093013e-05,0.0002755764085301845,0.005794309741608756,1.7537552663833173e-05,188.24073761048203,5.716247880429664,0.03017952124818757,0.09236224807369398,0.1459989447547685,6398,2b1b45e4e4a812f6d748c2c175962332f0dbca2acd50b6a4d146c963428b0e9a,full_tensor_sha256,6be8a194f257b1d6a24c9e789f5fb17cdf00dd9fdb0e0ad07b8fe84e0c965627,123ea5ce324bb82567913e1514a410f2bb582a6d8528a6ea98fbb2b74646f92c,a789b01b17129967eecd25421cde715dc938f6e3b95b30f735ff978f0882361e,0.0,0.24498510174453259,0.0,0.6077929865568876,0.1391950063407421,0.9514437988400459,0.17661508172750473,2.120031975209713,0.25377701967954636,0.271880067884922,10.292242979630828,248.49455524235964,1332.7661189250648,58500,500,,2.793683898093503,,False,False,ok
BNCI2014_001,fixed_spectral_normalized_power_s1,fixed,spectral,normalized_power,8,6398,118,500,500,1.0,22,253,0.00034783148065452806,0.018650240766663793,7.60348125829568,0.7402971207056204,25.970287929437962,25.970287929437962,0.000480216056093085,2.793683898093503,7.390268370524174e-05,0.0002853875258841066,0.006000899449709234,1.836320523620148e-05,188.24073761048203,5.716247880429664,0.03017952124818757,0.09236224807369398,0.1459989447547685,6398,2b1b45e4e4a812f6d748c2c175962332f0dbca2acd50b6a4d146c963428b0e9a,full_tensor_sha256,6be8a194f257b1d6a24c9e789f5fb17cdf00dd9fdb0e0ad07b8fe84e0c965627,123ea5ce324bb82567913e1514a410f2bb582a6d8528a6ea98fbb2b74646f92c,a789b01b17129967eecd25421cde715dc938f6e3b95b30f735ff978f0882361e,0.0,0.2459450624883175,0.0,0.5879299715161324,0.13618683442473412,0.9134691208600998,0.18086982890963554,2.0644008181989193,0.25377701967954636,0.271880067884922,10.213213041424751,250.55895606055856,1342.9793319664896,59000,500,,2.793683898093503,,False,False,ok
BNCI2014_001,fixed_spectral_normalized_power_s1,fixed,spectral,normalized_power,8,6398,119,500,500,1.0,22,253,0.0003362608325095577,0.018337416189571465,7.6039301809453885,0.7403408291246601,25.965917087533985,25.965917087533985,0.0004719603792426708,2.793683898093503,7.182840080318753e-05,0.0002755614462842365,0.0057936498241051276,1.768253601661536e-05,188.240737610482,5.716247880429664,0.03017952124818757,0.09236224807369398,0.1459989447547685,6398,2b1b45e4e4a812f6d748c2c175962332f0dbca2acd50b6a4d146c963428b0e9a,full_tensor_sha256,6be8a194f257b1d6a24c9e789f5fb17cdf00dd9fdb0e0ad07b8fe84e0c965627,123ea5ce324bb82567913e1514a410f2bb582a6d8528a6ea98fbb2b74646f92c,a789b01b17129967eecd25421cde715dc938f6e3b95b30f735ff978f0882361e,0.0,0.2376760821789503,0.0,0.5780470091849566,0.14306697994470596,0.8365998510271311,0.17070304602384567,1.9660929683595896,0.25377701967954636,0.271880067884922,13.406893005594611,252.52504902891815,1356.3862249720842,59500,500,,2.793683898093503,,False,False,ok
BNCI2014_001,fixed_spectral_normalized_power_s1,fixed,spectral,normalized_power,8,6398,120,500,500,1.0,22,253,0.00034778785303451955,0.01864907110379816,7.603697813883076,0.740318205189474,25.968179481052598,25.968179481052598,0.0004802200233468271,2.7936838980935033,7.382612830512836e-05,0.00028537645549021895,0.006000115491772872,1.8506496737984447e-05,188.24073761048203,5.716247880429664,0.03017952124818757,0.09236224807369398,0.1459989447547685,6398,2b1b45e4e4a812f6d748c2c175962332f0dbca2acd50b6a4d146c963428b0e9a,full_tensor_sha256,6be8a194f257b1d6a24c9e789f5fb17cdf00dd9fdb0e0ad07b8fe84e0c965627,123ea5ce324bb82567913e1514a410f2bb582a6d8528a6ea98fbb2b74646f92c,a789b01b17129967eecd25421cde715dc938f6e3b95b30f735ff978f0882361e,0.0,0.2853758633136749,0.0,1.0467339307069778,0.25300984270870686,0.8892768528312445,0.19365502521395683,2.668051514774561,0.25377701967954636,0.271880067884922,11.3784559071064,255.1931005436927,1367.7646808791906,60000,500,,2.793683898093503,,False,False,ok
BNCI2014_001,fixed_spectral_normalized_power_s1,fixed,spectral,normalized_power,8,6398,121,500,500,1.0,22,253,0.0003362187266316931,0.018336268067185673,7.604132613864345,0.7403605385843075,25.963946141569252,25.963946141569252,0.0004719633650585407,2.793683898093503,7.17423868688325e-05,0.0002756065277720918,0.005794432109465715,1.7782100446715114e-05,188.24073761048203,5.716247880429664,0.03017952124818757,0.09236224807369398,0.1459989447547685,6398,2b1b45e4e4a812f6d748c2c175962332f0dbca2acd50b6a4d146c963428b0e9a,full_tensor_sha256,6be8a194f257b1d6a24c9e789f5fb17cdf00dd9fdb0e0ad07b8fe84e0c965627,123ea5ce324bb82567913e1514a410f2bb582a6d8528a6ea98fbb2b74646f92c,a789b01b17129967eecd25421cde715dc938f6e3b95b30f735ff978f0882361e,0.0,0.26716897264122963,0.0,0.71889185346663,0.15745614655315876,0.6669447757303715,0.2150558866560459,2.0255176350474358,0.25377701967954636,0.271880067884922,10.480312863364816,257.21861817874014,1378.2449937425554,60500,500,,2.793683898093503,,False,False,ok
BNCI2014_001,fixed_spectral_normalized_power_s1,fixed,spectral,normalized_power,8,6398,122,500,500,1.0,22,253,0.00034774567395560877,0.018647940206779106,7.6038941004259835,0.7403373162200153,25.966268377998468,25.966268377998468,0.0004802213412101205,2.793683898093503,7.374530660646025e-05,0.00028540493345834047,0.0060006227160283926,1.8629190345882452e-05,188.240737610482,5.716247880429664,0.03017952124818757,0.09236224807369398,0.1459989447547685,6398,2b1b45e4e4a812f6d748c2c175962332f0dbca2acd50b6a4d146c963428b0e9a,full_tensor_sha256,6be8a194f257b1d6a24c9e789f5fb17cdf00dd9fdb0e0ad07b8fe84e0c965627,123ea5ce324bb82567913e1514a410f2bb582a6d8528a6ea98fbb2b74646f92c,a789b01b17129967eecd25421cde715dc938f6e3b95b30f735ff978f0882361e,0.0,0.247179064899683,0.0,0.5942131392657757,0.13709906488656998,0.9443820454180241,0.18294807523488998,2.1058213897049427,0.25377701967954636,0.271880067884922,10.164721868932247,259.3244395684451,1388.4097156114876,61000,500,,2.793683898093503,,False,False,ok
BNCI2014_001,fixed_spectral_normalized_power_s1,fixed,spectral,normalized_power,8,6398,123,500,500,1.0,22,253,0.00033617844025743394,0.018335169490829202,7.604327131745877,0.7403794774128167,25.962052258718334,25.962052258718334,0.00047196487187744536,2.793683898093503,7.167201972739856e-05,0.00027561175234931136,0.005794530407733392,1.7937349404267354e-05,188.24073761048203,5.716247880429664,0.03017952124818757,0.09236224807369398,0.1459989447547685,6398,2b1b45e4e4a812f6d748c2c175962332f0dbca2acd50b6a4d146c963428b0e9a,full_tensor_sha256,6be8a194f257b1d6a24c9e789f5fb17cdf00dd9fdb0e0ad07b8fe84e0c965627,123ea5ce324bb82567913e1514a410f2bb582a6d8528a6ea98fbb2b74646f92c,a789b01b17129967eecd25421cde715dc938f6e3b95b30f735ff978f0882361e,0.0,0.24512200616300106,0.0,0.5938599351793528,0.14690007083117962,0.7887550164014101,0.19148108549416065,1.9661181140691042,0.25377701967954636,0.271880067884922,10.860414011403918,261.2905576825142,1399.2701296228915,61500,500,,2.793683898093503,,False,False,ok
BNCI2014_001,fixed_spectral_normalized_power_s1,fixed,spectral,normalized_power,8,6398,124,500,500,1.0,22,253,0.00034770440508163295,0.018646833647609797,7.604085764137336,0.740355977158188,25.964402284181197,25.964402284181197,0.0004802259674598367,2.793683898093503,7.366850127322208e-05,0.0002854075028280031,0.00600019683540885,1.869476892000228e-05,188.24073761048203,5.716247880429664,0.03017952124818757,0.09236224807369398,0.1459989447547685,6398,2b1b45e4e4a812f6d748c2c175962332f0dbca2acd50b6a4d146c963428b0e9a,full_tensor_sha256,6be8a194f257b1d6a24c9e789f5fb17cdf00dd9fdb0e0ad07b8fe84e0c965627,123ea5ce324bb82567913e1514a410f2bb582a6d8528a6ea98fbb2b74646f92c,a789b01b17129967eecd25421cde715dc938f6e3b95b30f735ff978f0882361e,0.0,0.24309800937771797,0.0,0.5888519808650017,0.13707205653190613,0.8900649845600128,0.18699606880545616,2.0460831001400948,0.25377701967954636,0.271880067884922,12.052945792675018,263.3366407826543,1411.3230754155666,62000,500,,2.793683898093503,,False,False,ok
BNCI2014_001,fixed_spectral_normalized_power_s1,fixed,spectral,normalized_power,8,6398,125,500,500,1.0,22,253,0.0003361395242749694,0.018334108221426244,7.604508739273819,0.7403971592516306,25.960284074836935,25.960284074836935,0.00047196970914576867,2.793683898093503,7.159694248650661e-05,0.0002756275450646856,0.005794655767175751,1.8042298293990092e-05,188.24073761048203,5.716247880429664,0.03017952124818757,0.09236224807369398,0.1459989447547685,6398,2b1b45e4e4a812f6d748c2c175962332f0dbca2acd50b6a4d146c963428b0e9a,full_tensor_sha256,6be8a194f257b1d6a24c9e789f5fb17cdf00dd9fdb0e0ad07b8fe84e0c965627,123ea5ce324bb82567913e1514a410f2bb582a6d8528a6ea98fbb2b74646f92c,a789b01b17129967eecd25421cde715dc938f6e3b95b30f735ff978f0882361e,0.0,0.2736758906394243,0.0,0.9953859262168407,0.2612289972603321,0.9754870552569628,0.31265197321772575,2.8184298425912857,0.25377701967954636,0.271880067884922,11.035185074433684,266.15507062524557,1422.3582604900002,62500,500,,2.793683898093503,,False,False,ok
BNCI2014_001,fixed_spectral_normalized_power_s1,fixed,spectral,normalized_power,8,6398,126,500,500,1.0,22,253,0.00034766549978959484,0.018645790403991856,7.60426382054288,0.7403733132493638,25.962668675063618,25.962668675063618,0.0004802309148770439,2.793683898093503,7.359666953562588e-05,0.0002854338877494091,0.0060008194828263615,1.8803211571666595e-05,188.240737610482,5.716247880429664,0.03017952124818757,0.09236224807369398,0.1459989447547685,6398,2b1b45e4e4a812f6d748c2c175962332f0dbca2acd50b6a4d146c963428b0e9a,full_tensor_sha256,6be8a194f257b1d6a24c9e789f5fb17cdf00dd9fdb0e0ad07b8fe84e0c965627,123ea5ce324bb82567913e1514a410f2bb582a6d8528a6ea98fbb2b74646f92c,a789b01b17129967eecd25421cde715dc938f6e3b95b30f735ff978f0882361e,0.0,0.2818559296429157,0.0,0.7211288902908564,0.1681030262261629,0.7538150530308485,0.21828501485288143,2.143187914043665,0.25377701967954636,0.271880067884922,10.517705930396914,268.29825853928924,1432.8759664203972,63000,500,,2.793683898093503,,False,False,ok
BNCI2014_001,fixed_spectral_normalized_power_s1,fixed,spectral,normalized_power,8,6398,127,500,500,1.0,22,253,0.0003361022978466064,0.018333092969998445,7.6046998530298655,0.74041576664455,25.958423335545,25.958423335545,0.0004719713695231454,2.793683898093503,7.153092282087993e-05,0.0002756296206908866,0.0057943226603937754,1.814666428554486e-05,188.24073761048203,5.716247880429665,0.03017952124818757,0.09236224807369398,0.1459989447547685,6398,2b1b45e4e4a812f6d748c2c175962332f0dbca2acd50b6a4d146c963428b0e9a,full_tensor_sha256,6be8a194f257b1d6a24c9e789f5fb17cdf00dd9fdb0e0ad07b8fe84e0c965627,123ea5ce324bb82567913e1514a410f2bb582a6d8528a6ea98fbb2b74646f92c,a789b01b17129967eecd25421cde715dc938f6e3b95b30f735ff978f0882361e,0.0,0.24635996669530869,0.0,0.5984341260045767,0.13793585821986198,0.8082191925495863,0.17951219342648983,1.9704613368958235,0.25377701967954636,0.271880067884922,10.050615994259715,270.26871987618506,1442.9265824146569,63500,500,,2.793683898093503,,False,False,ok
BNCI2014_001,fixed_spectral_normalized_power_s1,fixed,spectral,normalized_power,8,6398,128,500,500,1.0,22,253,0.0003476279113256006,0.01864478241561431,7.604457575226758,0.7403921777707225,25.960782222927744,25.960782222927744,0.000480233250386868,2.793683898093503,7.353068809447397e-05,0.00028541244091467096,0.005999731802469413,1.8922470454716836e-05,188.240737610482,5.716247880429664,0.03017952124818757,0.09236224807369398,0.1459989447547685,6398,2b1b45e4e4a812f6d748c2c175962332f0dbca2acd50b6a4d146c963428b0e9a,full_tensor_sha256,6be8a194f257b1d6a24c9e789f5fb17cdf00dd9fdb0e0ad07b8fe84e0c965627,123ea5ce324bb82567913e1514a410f2bb582a6d8528a6ea98fbb2b74646f92c,a789b01b17129967eecd25421cde715dc938f6e3b95b30f735ff978f0882361e,0.0,0.25670696049928665,0.0,0.6234808824956417,0.14130910858511925,0.9453021921217442,0.2061440609395504,2.172943204641342,0.25377701967954636,0.271880067884922,10.30202698893845,272.4416630808264,1453.2286094035953,64000,500,,2.793683898093503,,False,False,ok
BNCI2014_001,fixed_spectral_normalized_power_s1,fixed,spectral,normalized_power,8,6398,129,500,500,1.0,22,253,0.00033606669287413794,0.018332121886844903,7.604877910659383,0.7404331028548955,25.956689714510453,25.956689714510453,0.0004719759934516806,2.793683898093503,7.146809155105233e-05,0.0002756450675897572,0.0057946438557704245,1.8268964242637045e-05,188.240737610482,5.716247880429664,0.03017952124818757,0.09236224807369398,0.1459989447547685,6398,2b1b45e4e4a812f6d748c2c175962332f0dbca2acd50b6a4d146c963428b0e9a,full_tensor_sha256,6be8a194f257b1d6a24c9e789f5fb17cdf00dd9fdb0e0ad07b8fe84e0c965627,123ea5ce324bb82567913e1514a410f2bb582a6d8528a6ea98fbb2b74646f92c,a789b01b17129967eecd25421cde715dc938f6e3b95b30f735ff978f0882361e,0.0,0.25029899552464485,0.0,0.6157890893518925,0.13947812840342522,0.9016019757837057,0.17981394194066525,2.0869821310043335,0.25377701967954636,0.271880067884922,9.667614940553904,274.52864521183074,1462.8962243441492,64500,500,,2.793683898093503,,False,False,ok
BNCI2014_001,fixed_spectral_normalized_power_s1,fixed,spectral,normalized_power,8,6398,130,500,500,1.0,22,253,0.00034759207392598407,0.01864382133378198,7.604634063498437,0.7404093611838097,25.959063881619024,25.959063881619024,0.0004802371629055758,2.793683898093503,7.346195810467484e-05,0.0002854495052156291,0.006000572485880991,1.9032665345924707e-05,188.240737610482,5.716247880429664,0.03017952124818757,0.09236224807369398,0.1459989447547685,6398,2b1b45e4e4a812f6d748c2c175962332f0dbca2acd50b6a4d146c963428b0e9a,full_tensor_sha256,6be8a194f257b1d6a24c9e789f5fb17cdf00dd9fdb0e0ad07b8fe84e0c965627,123ea5ce324bb82567913e1514a410f2bb582a6d8528a6ea98fbb2b74646f92c,a789b01b17129967eecd25421cde715dc938f6e3b95b30f735ff978f0882361e,0.0,0.2447310835123062,0.0,0.5870962049812078,0.14297617599368095,0.8516400121152401,0.23764604702591896,2.064089523628354,0.25377701967954636,0.271880067884922,13.046249048784375,276.5927347354591,1475.9424733929336,65000,500,,2.793683898093503,,False,False,ok
BNCI2014_001,fixed_spectral_normalized_power_s1,fixed,spectral,normalized_power,8,6398,131,500,500,1.0,22,253,0.0003360323902503185,0.018331186275042828,7.60505809012047,0.7404506456529536,25.95493543470464,25.95493543470464,0.0004719784833539912,2.793683898093503,7.140207771955542e-05,0.00027565281848472085,0.005794459035041895,1.8390453092935816e-05,188.240737610482,5.716247880429665,0.03017952124818757,0.09236224807369398,0.1459989447547685,6398,2b1b45e4e4a812f6d748c2c175962332f0dbca2acd50b6a4d146c963428b0e9a,full_tensor_sha256,6be8a194f257b1d6a24c9e789f5fb17cdf00dd9fdb0e0ad07b8fe84e0c965627,123ea5ce324bb82567913e1514a410f2bb582a6d8528a6ea98fbb2b74646f92c,a789b01b17129967eecd25421cde715dc938f6e3b95b30f735ff978f0882361e,0.0,0.2531560603529215,0.0,0.6232571322470903,0.13743597082793713,0.9268871508538723,0.1898319460451603,2.1305682603269815,0.25377701967954636,0.271880067884922,12.466388987377286,278.72330299578607,1488.408862380311,65500,500,,2.793683898093503,,False,False,ok
BNCI2014_001,fixed_spectral_normalized_power_s1,fixed,spectral,normalized_power,8,6398,132,500,500,1.0,22,253,0.0003475579059190864,0.01864290497532738,7.604816057625893,0.7404270806630804,25.957291933691955,25.957291933691955,0.00048024053910019477,2.793683898093503,7.340134748919897e-05,0.0002854303292887411,0.005999640997415069,1.9160844515904432e-05,188.24073761048203,5.716247880429664,0.03017952124818757,0.09236224807369398,0.1459989447547685,6398,2b1b45e4e4a812f6d748c2c175962332f0dbca2acd50b6a4d146c963428b0e9a,full_tensor_sha256,6be8a194f257b1d6a24c9e789f5fb17cdf00dd9fdb0e0ad07b8fe84e0c965627,123ea5ce324bb82567913e1514a410f2bb582a6d8528a6ea98fbb2b74646f92c,a789b01b17129967eecd25421cde715dc938f6e3b95b30f735ff978f0882361e,0.0,0.26680505834519863,0.0,0.6288851145654917,0.15482003800570965,0.6405620370060205,0.21619489416480064,1.9072671420872211,0.25377701967954636,0.271880067884922,10.321989888325334,280.6305701378733,1498.7308522686362,66000,500,,2.793683898093503,,False,False,ok
BNCI2014_001,fixed_spectral_normalized_power_s1,fixed,spectral,normalized_power,8,6398,133,500,500,1.0,22,253,0.000336000066803452,0.018330304602036815,7.605228015775883,0.7404671901105728,25.953280988942716,25.953280988942716,0.0004719804758935419,2.793683898093503,7.134319853084069e-05,0.0002756597282732198,0.005794442286165328,1.8503120100843288e-05,188.240737610482,5.716247880429664,0.03017952124818757,0.09236224807369398,0.1459989447547685,6398,2b1b45e4e4a812f6d748c2c175962332f0dbca2acd50b6a4d146c963428b0e9a,full_tensor_sha256,6be8a194f257b1d6a24c9e789f5fb17cdf00dd9fdb0e0ad07b8fe84e0c965627,123ea5ce324bb82567913e1514a410f2bb582a6d8528a6ea98fbb2b74646f92c,a789b01b17129967eecd25421cde715dc938f6e3b95b30f735ff978f0882361e,0.0,0.2570140641182661,0.0,0.6346921436488628,0.14012306928634644,0.9727641008794308,0.19724294543266296,2.201836323365569,0.25377701967954636,0.271880067884922,10.376411955803633,282.83240646123886,1509.1072642244399,66500,500,,2.793683898093503,,False,False,ok
BNCI2014_001,fixed_spectral_normalized_power_s1,fixed,spectral,normalized_power,8,6398,134,500,500,1.0,22,253,0.0003475255157486283,0.018642036255426292,7.604985145624693,0.7404435435640077,25.955645643599233,25.955645643599233,0.000480241719968454,2.793683898093503,7.333802779832791e-05,0.0002854707952133062,0.006000673547297135,1.9256184629119464e-05,188.24073761048203,5.716247880429665,0.03017952124818757,0.09236224807369398,0.1459989447547685,6398,2b1b45e4e4a812f6d748c2c175962332f0dbca2acd50b6a4d146c963428b0e9a,full_tensor_sha256,6be8a194f257b1d6a24c9e789f5fb17cdf00dd9fdb0e0ad07b8fe84e0c965627,123ea5ce324bb82567913e1514a410f2bb582a6d8528a6ea98fbb2b74646f92c,a789b01b17129967eecd25421cde715dc938f6e3b95b30f735ff978f0882361e,0.0,0.2650718670338392,0.0,0.6262429524213076,0.1526030246168375,0.7833568379282951,0.20177708938717842,2.029051771387458,0.25377701967954636,0.271880067884922,10.634978068992496,284.8614582326263,1519.7422422934324,67000,500,,2.793683898093503,,False,False,ok
BNCI2014_001,fixed_spectral_normalized_power_s1,fixed,spectral,normalized_power,8,6398,135,500,500,1.0,22,253,0.00033596852395123637,0.018329444180095487,7.605399738840982,0.7404839095692436,25.951609043075646,25.951609043075646,0.00047198098529023963,2.793683898093503,7.12833876891122e-05,0.0002756690338754234,0.005794433730374053,1.8607048008574573e-05,188.240737610482,5.716247880429664,0.03017952124818757,0.09236224807369398,0.1459989447547685,6398,2b1b45e4e4a812f6d748c2c175962332f0dbca2acd50b6a4d146c963428b0e9a,full_tensor_sha256,6be8a194f257b1d6a24c9e789f5fb17cdf00dd9fdb0e0ad07b8fe84e0c965627,123ea5ce324bb82567913e1514a410f2bb582a6d8528a6ea98fbb2b74646f92c,a789b01b17129967eecd25421cde715dc938f6e3b95b30f735ff978f0882361e,0.0,0.2723878715187311,0.0,0.6662539672106504,0.1838181633502245,0.7063711527734995,0.353178009390831,2.1820091642439365,0.25377701967954636,0.271880067884922,13.670651940628886,287.04346739687026,1533.4128942340612,67500,500,,2.793683898093503,,False,False,ok
BNCI2014_001,fixed_spectral_normalized_power_s1,fixed,spectral,normalized_power,8,6398,136,500,500,1.0,22,253,0.00034749405865026407,0.018641192522214453,7.605157589088283,0.7404603331627775,25.953966683722253,25.953966683722253,0.00048024503126626656,2.793683898093503,7.328130951301104e-05,0.0002854651625373126,0.0060001677237352165,1.935930275044673e-05,188.24073761048203,5.716247880429664,0.03017952124818757,0.09236224807369398,0.1459989447547685,6398,2b1b45e4e4a812f6d748c2c175962332f0dbca2acd50b6a4d146c963428b0e9a,full_tensor_sha256,6be8a194f257b1d6a24c9e789f5fb17cdf00dd9fdb0e0ad07b8fe84e0c965627,123ea5ce324bb82567913e1514a410f2bb582a6d8528a6ea98fbb2b74646f92c,a789b01b17129967eecd25421cde715dc938f6e3b95b30f735ff978f0882361e,0.0,0.2912480849772692,0.0,0.6396209355443716,0.1530880108475685,0.8081870619207621,0.2103499136865139,2.1024940069764853,0.25377701967954636,0.271880067884922,12.146173976361752,289.14596140384674,1545.559068210423,68000,500,,2.793683898093503,,False,False,ok
BNCI2014_001,fixed_spectral_normalized_power_s1,fixed,spectral,normalized_power,8,6398,137,500,500,1.0,22,253,0.00033593843915368405,0.018328623493150925,7.605570007357404,0.7405004874088109,25.949951259118908,25.949951259118908,0.00047198332027883393,2.793683898093503,7.122678814870175e-05,0.00027570379689189945,0.00579529982901968,1.8733898387570728e-05,188.240737610482,5.716247880429664,0.03017952124818757,0.09236224807369398,0.1459989447547685,6398,2b1b45e4e4a812f6d748c2c175962332f0dbca2acd50b6a4d146c963428b0e9a,full_tensor_sha256,6be8a194f257b1d6a24c9e789f5fb17cdf00dd9fdb0e0ad07b8fe84e0c965627,123ea5ce324bb82567913e1514a410f2bb582a6d8528a6ea98fbb2b74646f92c,a789b01b17129967eecd25421cde715dc938f6e3b95b30f735ff978f0882361e,0.0,0.2520638518035412,0.0,0.7060361094772816,0.15513296239078045,0.6752270273864269,0.2008348237723112,1.9892947748303413,0.25377701967954636,0.271880067884922,12.324484996497631,291.1352561786771,1557.8835532069206,68500,500,,2.793683898093503,,False,False,ok
BNCI2014_001,fixed_spectral_normalized_power_s1,fixed,spectral,normalized_power,8,6398,138,500,500,1.0,22,253,0.0003474641352504365,0.01864038988997914,7.605330489969374,0.7404771672970497,25.952283270295023,25.952283270295023,0.00048024857274906927,2.793683898093503,7.322402482884672e-05,0.0002854785102047291,0.006000331336069907,1.944329007472967e-05,188.240737610482,5.716247880429664,0.03017952124818757,0.09236224807369398,0.1459989447547685,6398,2b1b45e4e4a812f6d748c2c175962332f0dbca2acd50b6a4d146c963428b0e9a,full_tensor_sha256,6be8a194f257b1d6a24c9e789f5fb17cdf00dd9fdb0e0ad07b8fe84e0c965627,123ea5ce324bb82567913e1514a410f2bb582a6d8528a6ea98fbb2b74646f92c,a789b01b17129967eecd25421cde715dc938f6e3b95b30f735ff978f0882361e,0.0,0.2579709980636835,0.0,0.6232268642634153,0.14273705892264843,0.660513062030077,0.19303197041153908,1.8774799536913633,0.25377701967954636,0.271880067884922,9.527229936793447,293.01273613236845,1567.410783143714,69000,500,,2.793683898093503,,False,False,ok
BNCI2014_001,fixed_spectral_normalized_power_s1,fixed,spectral,normalized_power,8,6398,139,500,500,1.0,22,253,0.0003359098214761034,0.018327842793850656,7.6057287233092845,0.7405159404569867,25.948405954301343,25.948405954301343,0.0004719895311018275,2.793683898093503,7.11733518961282e-05,0.00027568507723616377,0.005794538070648855,1.8830090618687658e-05,188.240737610482,5.716247880429664,0.03017952124818757,0.09236224807369398,0.1459989447547685,6398,2b1b45e4e4a812f6d748c2c175962332f0dbca2acd50b6a4d146c963428b0e9a,full_tensor_sha256,6be8a194f257b1d6a24c9e789f5fb17cdf00dd9fdb0e0ad07b8fe84e0c965627,123ea5ce324bb82567913e1514a410f2bb582a6d8528a6ea98fbb2b74646f92c,a789b01b17129967eecd25421cde715dc938f6e3b95b30f735ff978f0882361e,0.0,0.2427021972835064,0.0,0.6097899749875069,0.1400369219481945,0.7432959973812103,0.17810077406466007,1.9139258656650782,0.25377701967954636,0.271880067884922,10.048886993899941,294.9266619980335,1577.459670137614,69500,500,,2.793683898093503,,False,False,ok
BNCI2014_001,fixed_spectral_normalized_power_s1,fixed,spectral,normalized_power,8,6398,140,500,500,1.0,22,253,0.00034743517864889727,0.018639613157168722,7.605482655375311,0.7404919825649592,25.950801743504083,25.950801743504083,0.0004802539017427651,2.793683898093503,7.316994642316219e-05,0.0002854983980010403,0.006000734231619906,1.9555471968032126e-05,188.24073761048203,5.716247880429664,0.03017952124818757,0.09236224807369398,0.1459989447547685,6398,2b1b45e4e4a812f6d748c2c175962332f0dbca2acd50b6a4d146c963428b0e9a,full_tensor_sha256,6be8a194f257b1d6a24c9e789f5fb17cdf00dd9fdb0e0ad07b8fe84e0c965627,123ea5ce324bb82567913e1514a410f2bb582a6d8528a6ea98fbb2b74646f92c,a789b01b17129967eecd25421cde715dc938f6e3b95b30f735ff978f0882361e,0.0,0.23529794998466969,0.0,0.5693179555237293,0.14425511471927166,0.6085641216486692,0.27828989550471306,1.835725037381053,0.25377701967954636,0.271880067884922,12.945324881002307,296.7623870354146,1590.4049950186163,70000,500,,2.793683898093503,,False,False,ok
BNCI2014_001,fixed_spectral_normalized_power_s1,fixed,spectral,normalized_power,8,6398,141,500,500,1.0,22,253,0.000335881968755213,0.01832708293087618,7.605875169258123,0.7405301988618648,25.94698011381352,25.94698011381352,0.0004719891111145031,2.793683898093503,7.111859064214925e-05,0.00027572991711506786,0.00579578775506338,1.89673594990248e-05,188.24073761048203,5.716247880429664,0.03017952124818757,0.09236224807369398,0.1459989447547685,6398,2b1b45e4e4a812f6d748c2c175962332f0dbca2acd50b6a4d146c963428b0e9a,full_tensor_sha256,6be8a194f257b1d6a24c9e789f5fb17cdf00dd9fdb0e0ad07b8fe84e0c965627,123ea5ce324bb82567913e1514a410f2bb582a6d8528a6ea98fbb2b74646f92c,a789b01b17129967eecd25421cde715dc938f6e3b95b30f735ff978f0882361e,0.0,0.2376928459852934,0.0,0.6105820648372173,0.1453941222280264,0.5767690017819405,0.17128698527812958,1.7417250201106071,0.25377701967954636,0.271880067884922,12.700304854661226,298.5041120555252,1603.1052998732775,70500,500,,2.793683898093503,,False,False,ok
BNCI2014_001,fixed_spectral_normalized_power_s1,fixed,spectral,normalized_power,8,6398,142,500,500,1.0,22,253,0.00034740753636989554,0.018638871649590154,7.605625136397344,0.7405058549329947,25.949414506700528,25.949414506700528,0.0004802566661685424,2.793683898093503,7.311513141054085e-05,0.00028551538376202847,0.006000903886719945,1.9658742824358363e-05,188.240737610482,5.716247880429665,0.03017952124818757,0.09236224807369398,0.1459989447547685,6398,2b1b45e4e4a812f6d748c2c175962332f0dbca2acd50b6a4d146c963428b0e9a,full_tensor_sha256,6be8a194f257b1d6a24c9e789f5fb17cdf00dd9fdb0e0ad07b8fe84e0c965627,123ea5ce324bb82567913e1514a410f2bb582a6d8528a6ea98fbb2b74646f92c,a789b01b17129967eecd25421cde715dc938f6e3b95b30f735ff978f0882361e,0.0,0.26207207702100277,0.0,0.644332030788064,0.14092819765210152,0.6822750438004732,0.19389204680919647,1.923499396070838,0.25377701967954636,0.271880067884922,9.89558594301343,300.427611451596,1613.000885816291,71000,500,,2.793683898093503,,False,False,ok
BNCI2014_001,fixed_spectral_normalized_power_s1,fixed,spectral,normalized_power,8,6398,143,500,500,1.0,22,253,0.00033585558122967705,0.01832636301151096,7.606008286049363,0.7405431595010673,25.945684049893266,25.945684049893266,0.0004719952186957171,2.793683898093503,7.106637357253781e-05,0.0002757200431488983,0.005795212644910144,1.908893489212322e-05,188.240737610482,5.716247880429664,0.03017952124818757,0.09236224807369398,0.1459989447547685,6398,2b1b45e4e4a812f6d748c2c175962332f0dbca2acd50b6a4d146c963428b0e9a,full_tensor_sha256,6be8a194f257b1d6a24c9e789f5fb17cdf00dd9fdb0e0ad07b8fe84e0c965627,123ea5ce324bb82567913e1514a410f2bb582a6d8528a6ea98fbb2b74646f92c,a789b01b17129967eecd25421cde715dc938f6e3b95b30f735ff978f0882361e,0.0,0.2399529330432415,0.0,0.5932408384978771,0.13647088780999184,0.8789331186562777,0.16980315558612347,2.0184009335935116,0.25377701967954636,0.271880067884922,11.182008078321815,302.44601238518953,1624.1828938946128,71500,500,,2.793683898093503,,False,False,ok
BNCI2014_001,fixed_spectral_normalized_power_s1,fixed,spectral,normalized_power,8,6398,144,500,500,1.0,22,253,0.0003473811708112148,0.01863816436270522,7.605754701151443,0.7405184697354972,25.94815302645028,25.94815302645028,0.0004802596237800448,2.793683898093503,7.306666638132652e-05,0.0002855110536451604,0.0060005578563421345,1.981545097800901e-05,188.24073761048203,5.716247880429664,0.03017952124818757,0.09236224807369398,0.1459989447547685,6398,2b1b45e4e4a812f6d748c2c175962332f0dbca2acd50b6a4d146c963428b0e9a,full_tensor_sha256,6be8a194f257b1d6a24c9e789f5fb17cdf00dd9fdb0e0ad07b8fe84e0c965627,123ea5ce324bb82567913e1514a410f2bb582a6d8528a6ea98fbb2b74646f92c,a789b01b17129967eecd25421cde715dc938f6e3b95b30f735ff978f0882361e,0.0,0.23183505982160568,0.0,0.5607099737972021,0.1325029879808426,0.7142128888517618,0.1741228625178337,1.813383772969246,0.25377701967954636,0.271880067884922,10.239167837426066,304.2593961581588,1634.4220617320389,72000,500,,2.793683898093503,,False,False,ok
BNCI2014_001,fixed_spectral_normalized_power_s1,fixed,spectral,normalized_power,8,6398,145,500,500,1.0,22,253,0.00033582980094843925,0.01832565963201432,7.606141980581032,0.7405561763907639,25.944382360923612,25.944382360923612,0.00047199198397913634,2.793683898093503,7.10157764935159e-05,0.00027574503881123394,0.005795742491763395,1.927874038358335e-05,188.24073761048206,5.716247880429665,0.03017952124818757,0.09236224807369398,0.1459989447547685,6398,2b1b45e4e4a812f6d748c2c175962332f0dbca2acd50b6a4d146c963428b0e9a,full_tensor_sha256,6be8a194f257b1d6a24c9e789f5fb17cdf00dd9fdb0e0ad07b8fe84e0c965627,123ea5ce324bb82567913e1514a410f2bb582a6d8528a6ea98fbb2b74646f92c,a789b01b17129967eecd25421cde715dc938f6e3b95b30f735ff978f0882361e,0.0,0.2528820186853409,0.0,0.6368861068040133,0.14063692651689053,0.7612078916281462,0.18750294111669064,1.9791158847510815,0.25377701967954636,0.271880067884922,14.415565878152847,306.23851204290986,1648.8376276101917,72500,500,,2.793683898093503,,False,False,ok
BNCI2014_001,fixed_spectral_normalized_power_s1,fixed,spectral,normalized_power,8,6398,146,500,500,1.0,22,253,0.00034735493204004873,0.018637460450395292,7.605892586204638,0.7405318946265965,25.946810537340355,25.946810537340355,0.0004802618577426304,2.793683898093503,7.301693030168449e-05,0.00028552043456108595,0.006000565357851863,1.9901272416993526e-05,188.240737610482,5.716247880429664,0.03017952124818757,0.09236224807369398,0.1459989447547685,6398,2b1b45e4e4a812f6d748c2c175962332f0dbca2acd50b6a4d146c963428b0e9a,full_tensor_sha256,6be8a194f257b1d6a24c9e789f5fb17cdf00dd9fdb0e0ad07b8fe84e0c965627,123ea5ce324bb82567913e1514a410f2bb582a6d8528a6ea98fbb2b74646f92c,a789b01b17129967eecd25421cde715dc938f6e3b95b30f735ff978f0882361e,0.0,0.2448901068419218,0.0,0.5888580344617367,0.14754687435925007,0.7227519527077675,0.18516811542212963,1.8892150837928057,0.25377701967954636,0.271880067884922,12.508464977145195,308.12772712670267,1661.346092587337,73000,500,,2.793683898093503,,False,False,ok
BNCI2014_001,fixed_spectral_normalized_power_s1,fixed,spectral,normalized_power,8,6398,147,500,500,1.0,22,253,0.00033580433517291084,0.01832496480686691,7.606273494355611,0.7405689809555871,25.94310190444129,25.94310190444129,0.00047199590209430747,2.793683898093503,7.096932415295104e-05,0.00027573700009442584,0.0057953354625750715,1.936243851904994e-05,188.24073761048203,5.716247880429664,0.03017952124818757,0.09236224807369398,0.1459989447547685,6398,2b1b45e4e4a812f6d748c2c175962332f0dbca2acd50b6a4d146c963428b0e9a,full_tensor_sha256,6be8a194f257b1d6a24c9e789f5fb17cdf00dd9fdb0e0ad07b8fe84e0c965627,123ea5ce324bb82567913e1514a410f2bb582a6d8528a6ea98fbb2b74646f92c,a789b01b17129967eecd25421cde715dc938f6e3b95b30f735ff978f0882361e,0.0,0.2553218510001898,0.0,0.6332851480692625,0.1426120288670063,0.7541810628026724,0.18574809655547142,1.9711481872946024,0.25377701967954636,0.271880067884922,10.369501076638699,310.09887531399727,1671.7155936639756,73500,500,,2.793683898093503,,False,False,ok
BNCI2014_001,fixed_spectral_normalized_power_s1,fixed,spectral,normalized_power,8,6398,148,500,500,1.0,22,253,0.00034732984476394473,0.018636787404591616,7.6060217489833875,0.7405444702916061,25.945552970839397,25.945552970839397,0.00048026453348580994,2.793683898093503,7.297038122876216e-05,0.0002855291156165405,0.00600063847122845,2.0008491561922442e-05,188.240737610482,5.716247880429664,0.03017952124818757,0.09236224807369398,0.1459989447547685,6398,2b1b45e4e4a812f6d748c2c175962332f0dbca2acd50b6a4d146c963428b0e9a,full_tensor_sha256,6be8a194f257b1d6a24c9e789f5fb17cdf00dd9fdb0e0ad07b8fe84e0c965627,123ea5ce324bb82567913e1514a410f2bb582a6d8528a6ea98fbb2b74646f92c,a789b01b17129967eecd25421cde715dc938f6e3b95b30f735ff978f0882361e,0.0,0.2363608218729496,0.0,0.5863350816071033,0.13594282791018486,0.6063529290258884,0.174062792211771,1.7390544526278973,0.25377701967954636,0.271880067884922,9.94191993959248,311.83792976662517,1681.657513603568,74000,500,,2.793683898093503,,False,False,ok
BNCI2014_001,fixed_spectral_normalized_power_s1,fixed,spectral,normalized_power,8,6398,149,500,500,1.0,22,253,0.0003357803778767265,0.018324311116020883,7.606406049953285,0.7405818869553467,25.941811304465336,25.941811304465336,0.0004719955575882591,2.793683898093503,7.092069979735688e-05,0.00027575407194848164,0.005795560154137422,1.9513746130355472e-05,188.240737610482,5.716247880429665,0.03017952124818757,0.09236224807369398,0.1459989447547685,6398,2b1b45e4e4a812f6d748c2c175962332f0dbca2acd50b6a4d146c963428b0e9a,full_tensor_sha256,6be8a194f257b1d6a24c9e789f5fb17cdf00dd9fdb0e0ad07b8fe84e0c965627,123ea5ce324bb82567913e1514a410f2bb582a6d8528a6ea98fbb2b74646f92c,a789b01b17129967eecd25421cde715dc938f6e3b95b30f735ff978f0882361e,0.0,0.23649795912206173,0.0,0.5811350420117378,0.13300497084856033,0.8710548281669617,0.17047091387212276,1.9921637140214443,0.25377701967954636,0.271880067884922,9.823975153267384,313.8300934806466,1691.4814887568355,74500,500,,2.793683898093503,,False,False,ok
BNCI2014_001,fixed_spectral_normalized_power_s1,fixed,spectral,normalized_power,8,6398,150,500,500,1.0,22,253,0.00034730576136118873,0.018636141268009016,7.606162119708733,0.7405581371949986,25.944186280500134,25.944186280500134,0.0004802684026483023,2.793683898093503,7.291911164168708e-05,0.0002855484929564155,0.006000962796554918,2.0133564702192076e-05,188.24073761048203,5.716247880429665,0.03017952124818757,0.09236224807369398,0.1459989447547685,6398,2b1b45e4e4a812f6d748c2c175962332f0dbca2acd50b6a4d146c963428b0e9a,full_tensor_sha256,6be8a194f257b1d6a24c9e789f5fb17cdf00dd9fdb0e0ad07b8fe84e0c965627,123ea5ce324bb82567913e1514a410f2bb582a6d8528a6ea98fbb2b74646f92c,a789b01b17129967eecd25421cde715dc938f6e3b95b30f735ff978f0882361e,0.0,0.22998498752713203,0.0,0.5720460321754217,0.13290299102663994,0.9517341386526823,0.16544992104172707,2.052118070423603,0.25377701967954636,0.271880067884922,13.534838100895286,315.8822115510702,1705.0163268577307,75000,500,,2.793683898093503,,False,False,ok
BNCI2014_001,fixed_spectral_normalized_power_s1,fixed,spectral,normalized_power,8,6398,151,500,500,1.0,22,253,0.0003357569823071521,0.018323672729754593,7.606541522986385,0.7405950770051317,25.940492299486827,25.940492299486827,0.00047199669873819233,2.793683898093503,7.08754617846313e-05,0.0002757740910024529,0.0057961418317659654,1.9634211299659775e-05,188.24073761048203,5.716247880429664,0.03017952124818757,0.09236224807369398,0.1459989447547685,6398,2b1b45e4e4a812f6d748c2c175962332f0dbca2acd50b6a4d146c963428b0e9a,full_tensor_sha256,6be8a194f257b1d6a24c9e789f5fb17cdf00dd9fdb0e0ad07b8fe84e0c965627,123ea5ce324bb82567913e1514a410f2bb582a6d8528a6ea98fbb2b74646f92c,a789b01b17129967eecd25421cde715dc938f6e3b95b30f735ff978f0882361e,0.0,0.2578338608145714,0.0,1.007620943710208,0.23640692234039307,0.7196508813649416,0.18924009054899216,2.410752698779106,0.25377701967954636,0.271880067884922,12.138526188209653,318.2929642498493,1717.1548530459404,75500,500,,2.793683898093503,,False,False,ok
BNCI2014_001,fixed_spectral_normalized_power_s1,fixed,spectral,normalized_power,8,6398,152,500,500,1.0,22,253,0.00034728252035179423,0.01863551771086047,7.606304116036563,0.7405719623717923,25.942803762820766,25.942803762820766,0.0004802713750912784,2.793683898093503,7.287602623226485e-05,0.0002855621983697484,0.006001266874497339,2.02294594709459e-05,188.24073761048203,5.716247880429664,0.03017952124818757,0.09236224807369398,0.1459989447547685,6398,2b1b45e4e4a812f6d748c2c175962332f0dbca2acd50b6a4d146c963428b0e9a,full_tensor_sha256,6be8a194f257b1d6a24c9e789f5fb17cdf00dd9fdb0e0ad07b8fe84e0c965627,123ea5ce324bb82567913e1514a410f2bb582a6d8528a6ea98fbb2b74646f92c,a789b01b17129967eecd25421cde715dc938f6e3b95b30f735ff978f0882361e,0.0,0.2600438892841339,0.0,0.7199740502983332,0.1555369235575199,0.7110191509127617,0.2131420187652111,2.05971603281796,0.25377701967954636,0.271880067884922,11.629446875303984,320.3526802826673,1728.7842999212444,76000,500,,2.793683898093503,,False,False,ok
BNCI2014_001,fixed_spectral_normalized_power_s1,fixed,spectral,normalized_power,8,6398,153,500,500,1.0,22,253,0.00033573438072980507,0.018323055987738646,7.606674834556454,0.7406080566085695,25.93919433914305,25.93919433914305,0.00047199666586688395,2.793683898093503,7.083419623630969e-05,0.00027576510889435325,0.00579556799249039,1.977270418682668e-05,188.240737610482,5.716247880429664,0.03017952124818757,0.09236224807369398,0.1459989447547685,6398,2b1b45e4e4a812f6d748c2c175962332f0dbca2acd50b6a4d146c963428b0e9a,full_tensor_sha256,6be8a194f257b1d6a24c9e789f5fb17cdf00dd9fdb0e0ad07b8fe84e0c965627,123ea5ce324bb82567913e1514a410f2bb582a6d8528a6ea98fbb2b74646f92c,a789b01b17129967eecd25421cde715dc938f6e3b95b30f735ff978f0882361e,0.0,0.24495110847055912,0.0,0.6839931011199951,0.16534794121980667,0.6869270000606775,0.21371408365666866,1.994933234527707,0.25377701967954636,0.271880067884922,12.473311042413116,322.347613517195,1741.2576109636575,76500,500,,2.793683898093503,,False,False,ok
BNCI2014_001,fixed_spectral_normalized_power_s1,fixed,spectral,normalized_power,8,6398,154,500,500,1.0,22,253,0.00034726022038390677,0.018634919382275492,7.606429754530068,0.7405841949021074,25.94158050978927,25.94158050978927,0.0004802721923506847,2.793683898093503,7.283324296543884e-05,0.00028556403695285823,0.006001037904607076,2.0267044203513728e-05,188.24073761048206,5.716247880429664,0.03017952124818757,0.09236224807369398,0.1459989447547685,6398,2b1b45e4e4a812f6d748c2c175962332f0dbca2acd50b6a4d146c963428b0e9a,full_tensor_sha256,6be8a194f257b1d6a24c9e789f5fb17cdf00dd9fdb0e0ad07b8fe84e0c965627,123ea5ce324bb82567913e1514a410f2bb582a6d8528a6ea98fbb2b74646f92c,a789b01b17129967eecd25421cde715dc938f6e3b95b30f735ff978f0882361e,0.0,0.24595693685114384,0.0,0.6930611561983824,0.1503278035670519,0.6493888795375824,0.20091491751372814,1.9396496936678886,0.25377701967954636,0.271880067884922,12.702317908406258,324.2872632108629,1753.9599288720638,77000,500,,2.793683898093503,,False,False,ok
BNCI2014_001,fixed_spectral_normalized_power_s1,fixed,spectral,normalized_power,8,6398,155,500,500,1.0,22,253,0.0003357125050194068,0.018322459033093968,7.606792667714748,0.7406195291886739,25.938047081132606,25.938047081132606,0.00047199879786008036,2.793683898093503,7.078974599672058e-05,0.00027578521143415763,0.005796066902152152,1.982737957647904e-05,188.24073761048203,5.716247880429665,0.03017952124818757,0.09236224807369398,0.1459989447547685,6398,2b1b45e4e4a812f6d748c2c175962332f0dbca2acd50b6a4d146c963428b0e9a,full_tensor_sha256,6be8a194f257b1d6a24c9e789f5fb17cdf00dd9fdb0e0ad07b8fe84e0c965627,123ea5ce324bb82567913e1514a410f2bb582a6d8528a6ea98fbb2b74646f92c,a789b01b17129967eecd25421cde715dc938f6e3b95b30f735ff978f0882361e,0.0,0.23438199423253536,0.0,0.6684300024062395,0.1485229004174471,0.6112509872764349,0.20220805890858173,1.8647939432412386,0.25377701967954636,0.271880067884922,11.639901902526617,326.1520571541041,1765.5998307745904,77500,500,,2.793683898093503,,False,False,ok
BNCI2014_001,fixed_spectral_normalized_power_s1,fixed,spectral,normalized_power,8,6398,156,500,500,1.0,22,253,0.0003472382173163643,0.018634329000969268,7.606546023513159,0.7405955151895501,25.94044848104499,25.94044848104499,0.00048027582603496385,2.793683898093503,7.27878755315641e-05,0.0002855764562475741,0.006001295296837858,2.039249160352327e-05,188.24073761048203,5.716247880429664,0.03017952124818757,0.09236224807369398,0.1459989447547685,6398,2b1b45e4e4a812f6d748c2c175962332f0dbca2acd50b6a4d146c963428b0e9a,full_tensor_sha256,6be8a194f257b1d6a24c9e789f5fb17cdf00dd9fdb0e0ad07b8fe84e0c965627,123ea5ce324bb82567913e1514a410f2bb582a6d8528a6ea98fbb2b74646f92c,a789b01b17129967eecd25421cde715dc938f6e3b95b30f735ff978f0882361e,0.0,0.25755399838089943,0.0,0.6019980646669865,0.13784202747046947,0.6352609489113092,0.17966586165130138,1.812320901080966,0.25377701967954636,0.271880067884922,13.461921131238341,327.9643780551851,1779.0617519058287,78000,500,,2.793683898093503,,False,False,ok
BNCI2014_001,fixed_spectral_normalized_power_s1,fixed,spectral,normalized_power,8,6398,157,500,500,1.0,22,253,0.00033569137629356526,0.01832188244404939,7.606907568083732,0.7406307162238539,25.936928377614606,25.936928377614606,0.0004719977452187256,2.793683898093503,7.074831013638323e-05,0.00027577621204630015,0.005795614859510401,1.996891710451332e-05,188.240737610482,5.716247880429664,0.03017952124818757,0.09236224807369398,0.1459989447547685,6398,2b1b45e4e4a812f6d748c2c175962332f0dbca2acd50b6a4d146c963428b0e9a,full_tensor_sha256,6be8a194f257b1d6a24c9e789f5fb17cdf00dd9fdb0e0ad07b8fe84e0c965627,123ea5ce324bb82567913e1514a410f2bb582a6d8528a6ea98fbb2b74646f92c,a789b01b17129967eecd25421cde715dc938f6e3b95b30f735ff978f0882361e,0.0,0.23817596957087517,0.0,0.6011109799146652,0.1368229277431965,0.6207511760294437,0.1873320434242487,1.7841930966824293,0.25377701967954636,0.271880067884922,12.945845955982804,329.7485711518675,1792.0075978618115,78500,500,,2.793683898093503,,False,False,ok
BNCI2014_001,fixed_spectral_normalized_power_s1,fixed,spectral,normalized_power,8,6398,158,500,500,1.0,22,253,0.0003472172961976967,0.018633767632921065,7.6066624804289145,0.7406068537746654,25.93931462253346,25.93931462253346,0.0004802766456811678,2.793683898093503,7.275184095666537e-05,0.0002855681301645422,0.006000816235967053,2.046482473799174e-05,188.24073761048203,5.716247880429664,0.03017952124818757,0.09236224807369398,0.1459989447547685,6398,2b1b45e4e4a812f6d748c2c175962332f0dbca2acd50b6a4d146c963428b0e9a,full_tensor_sha256,6be8a194f257b1d6a24c9e789f5fb17cdf00dd9fdb0e0ad07b8fe84e0c965627,123ea5ce324bb82567913e1514a410f2bb582a6d8528a6ea98fbb2b74646f92c,a789b01b17129967eecd25421cde715dc938f6e3b95b30f735ff978f0882361e,0.0,0.25023682974278927,0.0,0.6116251461207867,0.14797900803387165,0.6235060282051563,0.18496112897992134,1.8183081410825253,0.25377701967954636,0.271880067884922,9.901616023853421,331.56687929295003,1801.909213885665,79000,500,,2.793683898093503,,False,False,ok
BNCI2014_001,fixed_spectral_normalized_power_s1,fixed,spectral,normalized_power,8,6398,159,500,500,1.0,22,253,0.00033567100090514494,0.01832132639590117,7.607022692648117,0.7406419250873524,25.935807491264764,25.935807491264764,0.0004720000790646363,2.793683898093503,7.071039784343005e-05,0.00027579853839978353,0.005796108234888643,2.0061093843220145e-05,188.24073761048203,5.716247880429664,0.03017952124818757,0.09236224807369398,0.1459989447547685,6398,2b1b45e4e4a812f6d748c2c175962332f0dbca2acd50b6a4d146c963428b0e9a,full_tensor_sha256,6be8a194f257b1d6a24c9e789f5fb17cdf00dd9fdb0e0ad07b8fe84e0c965627,123ea5ce324bb82567913e1514a410f2bb582a6d8528a6ea98fbb2b74646f92c,a789b01b17129967eecd25421cde715dc938f6e3b95b30f735ff978f0882361e,0.0,0.2422730904072523,0.0,0.586578855291009,0.1360960304737091,0.5895851645618677,0.16945507377386093,1.723988214507699,0.25377701967954636,0.271880067884922,9.772968012839556,333.29086750745773,1811.6821818985045,79500,500,,2.793683898093503,,False,False,ok
BNCI2014_001,fixed_spectral_normalized_power_s1,fixed,spectral,normalized_power,8,6398,160,500,500,1.0,22,253,0.0003471967002205645,0.018633214972745966,7.606776406455885,0.740617945945064,25.938205405493594,25.938205405493594,0.0004802799770710559,2.793683898093503,7.270752816558335e-05,0.00028559607780046447,0.006001504868056609,2.054205817599412e-05,188.240737610482,5.716247880429664,0.03017952124818757,0.09236224807369398,0.1459989447547685,6398,2b1b45e4e4a812f6d748c2c175962332f0dbca2acd50b6a4d146c963428b0e9a,full_tensor_sha256,6be8a194f257b1d6a24c9e789f5fb17cdf00dd9fdb0e0ad07b8fe84e0c965627,123ea5ce324bb82567913e1514a410f2bb582a6d8528a6ea98fbb2b74646f92c,a789b01b17129967eecd25421cde715dc938f6e3b95b30f735ff978f0882361e,0.0,0.2289989497512579,0.0,0.5649479571729898,0.13442314229905605,0.6811569910496473,0.1740199513733387,1.7835469916462898,0.25377701967954636,0.271880067884922,10.006463853642344,335.074414499104,1821.6886457521468,80000,500,,2.793683898093503,,False,False,ok
BNCI2014_001,fixed_spectral_normalized_power_s1,fixed,spectral,normalized_power,8,6398,161,500,500,1.0,22,253,0.0003356507255976747,0.018320773062228426,7.607138532676912,0.7406532036105533,25.934679638944676,25.934679638944676,0.00047199532782996376,2.793683898093503,7.067150847578139e-05,0.0002757975377931705,0.005795934931560888,2.0163263965596848e-05,188.240737610482,5.716247880429664,0.03017952124818757,0.09236224807369398,0.1459989447547685,6398,2b1b45e4e4a812f6d748c2c175962332f0dbca2acd50b6a4d146c963428b0e9a,full_tensor_sha256,6be8a194f257b1d6a24c9e789f5fb17cdf00dd9fdb0e0ad07b8fe84e0c965627,123ea5ce324bb82567913e1514a410f2bb582a6d8528a6ea98fbb2b74646f92c,a789b01b17129967eecd25421cde715dc938f6e3b95b30f735ff978f0882361e,0.0,0.24051684886217117,0.0,0.5691470578312874,0.13547996059060097,0.5982201546430588,0.17436803318560123,1.7177320551127195,0.25377701967954636,0.271880067884922,13.88638000935316,336.79214655421674,1835.5750257615,80500,500,,2.793683898093503,,False,False,ok
BNCI2014_001,fixed_spectral_normalized_power_s1,fixed,spectral,normalized_power,8,6398,162,500,500,1.0,22,253,0.0003471763684157463,0.018632669385134977,7.606907414752685,0.7406307012950958,25.936929870490417,25.936929870490417,0.00048028031408127203,2.793683898093503,7.26729388739032e-05,0.0002855790205871033,0.006000721794356076,2.062463296427884e-05,188.240737610482,5.716247880429664,0.03017952124818757,0.09236224807369398,0.1459989447547685,6398,2b1b45e4e4a812f6d748c2c175962332f0dbca2acd50b6a4d146c963428b0e9a,full_tensor_sha256,6be8a194f257b1d6a24c9e789f5fb17cdf00dd9fdb0e0ad07b8fe84e0c965627,123ea5ce324bb82567913e1514a410f2bb582a6d8528a6ea98fbb2b74646f92c,a789b01b17129967eecd25421cde715dc938f6e3b95b30f735ff978f0882361e,0.0,0.23819808848202229,0.0,0.5893090274184942,0.13396400026977062,0.7378340233117342,0.17512589693069458,1.874431036412716,0.25377701967954636,0.271880067884922,11.90002798102796,338.66657759062946,1847.475053742528,81000,500,,2.793683898093503,,False,False,ok
BNCI2014_001,fixed_spectral_normalized_power_s1,fixed,spectral,normalized_power,8,6398,163,500,500,1.0,22,253,0.0003356312334118447,0.018320241084981516,7.607272392878858,0.7406662366303913,25.93337633696087,25.93337633696087,0.0004719993947426419,2.793683898093503,7.063450689832407e-05,0.00027578227860877605,0.005795240535492534,2.0257686770410248e-05,188.24073761048203,5.716247880429664,0.03017952124818757,0.09236224807369398,0.1459989447547685,6398,2b1b45e4e4a812f6d748c2c175962332f0dbca2acd50b6a4d146c963428b0e9a,full_tensor_sha256,6be8a194f257b1d6a24c9e789f5fb17cdf00dd9fdb0e0ad07b8fe84e0c965627,123ea5ce324bb82567913e1514a410f2bb582a6d8528a6ea98fbb2b74646f92c,a789b01b17129967eecd25421cde715dc938f6e3b95b30f735ff978f0882361e,0.0,0.251017976552248,0.0,0.6169260013848543,0.1393021084368229,0.7471819408237934,0.1863660290837288,1.9407940562814474,0.25377701967954636,0.271880067884922,10.195143055170774,340.6073716469109,1857.6701967976987,81500,500,,2.793683898093503,,False,False,ok
BNCI2014_001,fixed_spectral_normalized_power_s1,fixed,spectral,normalized_power,8,6398,164,500,500,1.0,22,253,0.00034715701199543813,0.01863214995633725,7.607022173219438,0.7406418745142606,25.93581254857395,25.93581254857395,0.00048028568472753444,2.793683898093503,7.263254560465636e-05,0.00028558817780642435,0.006000773382713168,2.06175075606034e-05,188.240737610482,5.716247880429664,0.03017952124818757,0.09236224807369398,0.1459989447547685,6398,2b1b45e4e4a812f6d748c2c175962332f0dbca2acd50b6a4d146c963428b0e9a,full_tensor_sha256,6be8a194f257b1d6a24c9e789f5fb17cdf00dd9fdb0e0ad07b8fe84e0c965627,123ea5ce324bb82567913e1514a410f2bb582a6d8528a6ea98fbb2b74646f92c,a789b01b17129967eecd25421cde715dc938f6e3b95b30f735ff978f0882361e,0.0,0.23122294805943966,0.0,0.5662881303578615,0.13260194100439548,0.7044200319796801,0.162636861205101,1.7971699126064777,0.25377701967954636,0.271880067884922,10.066427057608962,342.4045415595174,1867.7366238553077,82000,500,,2.793683898093503,,False,False,ok
BNCI2014_001,fixed_spectral_normalized_power_s1,fixed,spectral,normalized_power,8,6398,165,500,500,1.0,22,253,0.0003356126449631269,0.01831973375797604,7.6073751975133375,0.740676245989567,25.932375401043295,25.932375401043295,0.00047199475402497526,2.793683898093503,7.05954755065947e-05,0.0002758138659696323,0.005796119975578643,2.0377688349907542e-05,188.240737610482,5.716247880429664,0.03017952124818757,0.09236224807369398,0.1459989447547685,6398,2b1b45e4e4a812f6d748c2c175962332f0dbca2acd50b6a4d146c963428b0e9a,full_tensor_sha256,6be8a194f257b1d6a24c9e789f5fb17cdf00dd9fdb0e0ad07b8fe84e0c965627,123ea5ce324bb82567913e1514a410f2bb582a6d8528a6ea98fbb2b74646f92c,a789b01b17129967eecd25421cde715dc938f6e3b95b30f735ff978f0882361e,0.0,0.2351580187678337,0.0,0.5907898303121328,0.1342720352113247,0.7266539614647627,0.17240899614989758,1.8592828419059515,0.25377701967954636,0.271880067884922,10.016981977969408,344.26382440142334,1877.753605833277,82500,500,,2.793683898093503,,False,False,ok
BNCI2014_001,fixed_spectral_normalized_power_s1,fixed,spectral,normalized_power,8,6398,166,500,500,1.0,22,253,0.0003471383544600137,0.01863164926838238,7.607126281584606,0.7406520108084602,25.93479891915398,25.93479891915398,0.00048028664784081004,2.793683898093503,7.259046578509537e-05,0.00028561410414339796,0.006001323476140641,2.0701683631644258e-05,188.24073761048206,5.716247880429664,0.03017952124818757,0.09236224807369398,0.1459989447547685,6398,2b1b45e4e4a812f6d748c2c175962332f0dbca2acd50b6a4d146c963428b0e9a,full_tensor_sha256,6be8a194f257b1d6a24c9e789f5fb17cdf00dd9fdb0e0ad07b8fe84e0c965627,123ea5ce324bb82567913e1514a410f2bb582a6d8528a6ea98fbb2b74646f92c,a789b01b17129967eecd25421cde715dc938f6e3b95b30f735ff978f0882361e,0.0,0.2287400420755148,0.0,0.5593178793787956,0.13560219667851925,0.8361500222235918,0.16516493633389473,1.9249750766903162,0.25377701967954636,0.271880067884922,12.441836996003985,346.18879947811365,1890.195442829281,83000,500,,2.793683898093503,,False,False,ok
BNCI2014_001,fixed_spectral_normalized_power_s1,fixed,spectral,normalized_power,8,6398,167,500,500,1.0,22,253,0.00033559478450402764,0.01831924628646134,7.607474181893731,0.7406858833976583,25.931411660234172,25.931411660234172,0.0004719993661073846,2.793683898093503,7.055887668198624e-05,0.00027582445708126274,0.005796265582117342,2.0460346610440203e-05,188.24073761048203,5.716247880429664,0.03017952124818757,0.09236224807369398,0.1459989447547685,6398,2b1b45e4e4a812f6d748c2c175962332f0dbca2acd50b6a4d146c963428b0e9a,full_tensor_sha256,6be8a194f257b1d6a24c9e789f5fb17cdf00dd9fdb0e0ad07b8fe84e0c965627,123ea5ce324bb82567913e1514a410f2bb582a6d8528a6ea98fbb2b74646f92c,a789b01b17129967eecd25421cde715dc938f6e3b95b30f735ff978f0882361e,0.0,0.27044094167649746,0.0,1.0192140471190214,0.24197506718337536,1.1892970651388168,0.3044020850211382,3.0253292061388493,0.25377701967954636,0.271880067884922,11.084042955189943,349.2141286842525,1901.279485784471,83500,500,,2.793683898093503,,False,False,ok
BNCI2014_001,fixed_spectral_normalized_power_s1,fixed,spectral,normalized_power,8,6398,168,500,500,1.0,22,253,0.0003471199970980736,0.018631156622659625,7.607245243806093,0.7406635933174515,25.933640668254846,25.933640668254846,0.00048028820749005047,2.793683898093503,7.255660711959009e-05,0.0002856074756410382,0.0060009285672708995,2.0741319436507438e-05,188.24073761048203,5.716247880429664,0.03017952124818757,0.09236224807369398,0.1459989447547685,6398,2b1b45e4e4a812f6d748c2c175962332f0dbca2acd50b6a4d146c963428b0e9a,full_tensor_sha256,6be8a194f257b1d6a24c9e789f5fb17cdf00dd9fdb0e0ad07b8fe84e0c965627,123ea5ce324bb82567913e1514a410f2bb582a6d8528a6ea98fbb2b74646f92c,a789b01b17129967eecd25421cde715dc938f6e3b95b30f735ff978f0882361e,0.0,0.2569069620221853,0.0,0.7058358751237392,0.15564006753265858,0.691103981807828,0.20636594854295254,2.0158528350293636,0.25377701967954636,0.271880067884922,9.800245054066181,351.22998151928186,1911.0797308385372,84000,500,,2.793683898093503,,False,False,ok
BNCI2014_001,fixed_spectral_normalized_power_s1,fixed,spectral,normalized_power,8,6398,169,500,500,1.0,22,253,0.0003355770878594395,0.018318763273197224,7.607587437563684,0.7406969103001416,25.930308969985834,25.930308969985834,0.0004719981606525763,2.793683898093503,7.052492672811228e-05,0.00027580172104864,0.005795341519043136,2.0552846941331848e-05,188.240737610482,5.716247880429664,0.03017952124818757,0.09236224807369398,0.1459989447547685,6398,2b1b45e4e4a812f6d748c2c175962332f0dbca2acd50b6a4d146c963428b0e9a,full_tensor_sha256,6be8a194f257b1d6a24c9e789f5fb17cdf00dd9fdb0e0ad07b8fe84e0c965627,123ea5ce324bb82567913e1514a410f2bb582a6d8528a6ea98fbb2b74646f92c,a789b01b17129967eecd25421cde715dc938f6e3b95b30f735ff978f0882361e,0.0,0.23368210531771183,0.0,0.5776169709861279,0.13622990809381008,0.6070749368518591,0.17022504471242428,1.7248289659619331,0.25377701967954636,0.271880067884922,10.095648001879454,352.9548104852438,1921.1753788404167,84500,500,,2.793683898093503,,False,False,ok
BNCI2014_001,fixed_spectral_normalized_power_s1,fixed,spectral,normalized_power,8,6398,170,500,500,1.0,22,253,0.00034710233952448834,0.018630682744453793,7.6073435031531265,0.7406731601341793,25.93268398658207,25.93268398658207,0.00048028982361055856,2.793683898093503,7.252084204670111e-05,0.00028560899132127905,0.006000788604715994,2.072036198571055e-05,188.24073761048203,5.716247880429665,0.03017952124818757,0.09236224807369398,0.1459989447547685,6398,2b1b45e4e4a812f6d748c2c175962332f0dbca2acd50b6a4d146c963428b0e9a,full_tensor_sha256,6be8a194f257b1d6a24c9e789f5fb17cdf00dd9fdb0e0ad07b8fe84e0c965627,123ea5ce324bb82567913e1514a410f2bb582a6d8528a6ea98fbb2b74646f92c,a789b01b17129967eecd25421cde715dc938f6e3b95b30f735ff978f0882361e,0.0,0.23247720673680305,0.0,0.5664271302521229,0.13397797010838985,0.5573038943111897,0.1643530558794737,1.6545392572879791,0.25377701967954636,0.271880067884922,9.99749405309558,354.6093497425318,1931.1728728935122,85000,500,,2.793683898093503,,False,False,ok
BNCI2014_001,fixed_spectral_normalized_power_s1,fixed,spectral,normalized_power,8,6398,171,500,500,1.0,22,253,0.0003355602778336999,0.01831830444756555,7.607678072106177,0.7407057347436518,25.929426525634824,25.929426525634824,0.00047199557756258083,2.793683898093503,7.048859494219826e-05,0.0002758322146466322,0.0057961497575484515,2.0595684344684973e-05,188.24073761048206,5.716247880429664,0.03017952124818757,0.09236224807369398,0.1459989447547685,6398,2b1b45e4e4a812f6d748c2c175962332f0dbca2acd50b6a4d146c963428b0e9a,full_tensor_sha256,6be8a194f257b1d6a24c9e789f5fb17cdf00dd9fdb0e0ad07b8fe84e0c965627,123ea5ce324bb82567913e1514a410f2bb582a6d8528a6ea98fbb2b74646f92c,a789b01b17129967eecd25421cde715dc938f6e3b95b30f735ff978f0882361e,0.0,0.22949790582060814,0.0,0.5525050219148397,0.13146502897143364,0.8647390641272068,0.16531720757484436,1.9435242284089327,0.25377701967954636,0.271880067884922,10.318963089957833,356.5528739709407,1941.49183598347,85500,500,,2.793683898093503,,False,False,ok
BNCI2014_001,fixed_spectral_normalized_power_s1,fixed,spectral,normalized_power,8,6398,172,500,500,1.0,22,253,0.00034708504625052166,0.01863021863131299,7.607443312945679,0.7406828779068066,25.93171220931933,25.93171220931933,0.0004802915423367664,2.793683898093503,7.248250357017716e-05,0.00028563857116704335,0.006001647584677242,2.0860799179418633e-05,188.240737610482,5.716247880429664,0.03017952124818757,0.09236224807369398,0.1459989447547685,6398,2b1b45e4e4a812f6d748c2c175962332f0dbca2acd50b6a4d146c963428b0e9a,full_tensor_sha256,6be8a194f257b1d6a24c9e789f5fb17cdf00dd9fdb0e0ad07b8fe84e0c965627,123ea5ce324bb82567913e1514a410f2bb582a6d8528a6ea98fbb2b74646f92c,a789b01b17129967eecd25421cde715dc938f6e3b95b30f735ff978f0882361e,0.0,0.2315230667591095,0.0,0.70409313775599,0.24329498410224915,0.9490051306784153,0.29154797084629536,2.4194642901420593,0.25377701967954636,0.271880067884922,12.453949078917503,358.97233826108277,1953.9457850623876,86000,500,,2.793683898093503,,False,False,ok
BNCI2014_001,fixed_spectral_normalized_power_s1,fixed,spectral,normalized_power,8,6398,173,500,500,1.0,22,253,0.0003355438120303991,0.018317855006260944,7.607785134006092,0.7407161586026122,25.92838413973878,25.92838413973878,0.00047199710151282315,2.793683898093503,7.045599577397005e-05,0.00027584209692913447,0.005796385898631299,2.0620043614268775e-05,188.240737610482,5.716247880429664,0.03017952124818757,0.09236224807369398,0.1459989447547685,6398,2b1b45e4e4a812f6d748c2c175962332f0dbca2acd50b6a4d146c963428b0e9a,full_tensor_sha256,6be8a194f257b1d6a24c9e789f5fb17cdf00dd9fdb0e0ad07b8fe84e0c965627,123ea5ce324bb82567913e1514a410f2bb582a6d8528a6ea98fbb2b74646f92c,a789b01b17129967eecd25421cde715dc938f6e3b95b30f735ff978f0882361e,0.0,0.23603904992341995,0.0,0.5723291542381048,0.14503300189971924,0.7065238896757364,0.18624006770551205,1.8461651634424925,0.25377701967954636,0.271880067884922,11.657095979899168,360.81850342452526,1965.6028810422868,86500,500,,2.793683898093503,,False,False,ok
BNCI2014_001,fixed_spectral_normalized_power_s1,fixed,spectral,normalized_power,8,6398,174,500,500,1.0,22,253,0.0003470682409145457,0.01862976760226884,7.607557852270379,0.7406940297896617,25.930597021033833,25.930597021033833,0.0004802957974691247,2.793683898093503,7.245253341818215e-05,0.0002856273601763029,0.006001004031105951,2.07603608201378e-05,188.240737610482,5.716247880429664,0.03017952124818757,0.09236224807369398,0.1459989447547685,6398,2b1b45e4e4a812f6d748c2c175962332f0dbca2acd50b6a4d146c963428b0e9a,full_tensor_sha256,6be8a194f257b1d6a24c9e789f5fb17cdf00dd9fdb0e0ad07b8fe84e0c965627,123ea5ce324bb82567913e1514a410f2bb582a6d8528a6ea98fbb2b74646f92c,a789b01b17129967eecd25421cde715dc938f6e3b95b30f735ff978f0882361e,0.0,0.25153602473437786,0.0,0.6222811061888933,0.14006812125444412,0.7442010100930929,0.18185912631452084,1.939945388585329,0.25377701967954636,0.271880067884922,10.36074198782444,362.7584488131106,1975.9636230301112,87000,500,,2.793683898093503,,False,False,ok
BNCI2014_001,fixed_spectral_normalized_power_s1,fixed,spectral,normalized_power,8,6398,175,500,500,1.0,22,253,0.00033552784681144964,0.01831741921809537,7.607882837459774,0.7407256712959412,25.927432870405873,25.927432870405873,0.00047200072167376153,2.793683898093503,7.042257691339973e-05,0.00027583305946548767,0.005795825435374391,2.064507709488625e-05,188.240737610482,5.716247880429664,0.03017952124818757,0.09236224807369398,0.1459989447547685,6398,2b1b45e4e4a812f6d748c2c175962332f0dbca2acd50b6a4d146c963428b0e9a,full_tensor_sha256,6be8a194f257b1d6a24c9e789f5fb17cdf00dd9fdb0e0ad07b8fe84e0c965627,123ea5ce324bb82567913e1514a410f2bb582a6d8528a6ea98fbb2b74646f92c,a789b01b17129967eecd25421cde715dc938f6e3b95b30f735ff978f0882361e,0.0,0.26306090876460075,0.0,0.628175912424922,0.15162606723606586,0.7598178926855326,0.21488801576197147,2.0175687968730927,0.25377701967954636,0.271880067884922,10.695327073335648,364.7760176099837,1986.6589501034468,87500,500,,2.793683898093503,,False,False,ok
BNCI2014_001,fixed_spectral_normalized_power_s1,fixed,spectral,normalized_power,8,6398,176,500,500,1.0,22,253,0.0003470519478277869,0.01862933031077035,7.607644386591014,0.7407024550236081,25.929754497639188,25.929754497639188,0.0004802992112868498,2.793683898093503,7.242018034097207e-05,0.00028562539594313756,0.006000844588631028,2.0963384726734326e-05,188.240737610482,5.716247880429665,0.03017952124818757,0.09236224807369398,0.1459989447547685,6398,2b1b45e4e4a812f6d748c2c175962332f0dbca2acd50b6a4d146c963428b0e9a,full_tensor_sha256,6be8a194f257b1d6a24c9e789f5fb17cdf00dd9fdb0e0ad07b8fe84e0c965627,123ea5ce324bb82567913e1514a410f2bb582a6d8528a6ea98fbb2b74646f92c,a789b01b17129967eecd25421cde715dc938f6e3b95b30f735ff978f0882361e,0.0,0.23449002765119076,0.0,0.5829241126775742,0.13460288755595684,0.8293699938803911,0.16797101125121117,1.949358033016324,0.25377701967954636,0.271880067884922,9.590717032551765,366.725375643,1996.2496671359986,88000,500,,2.793683898093503,,False,False,ok
BNCI2014_001,fixed_spectral_normalized_power_s1,fixed,spectral,normalized_power,8,6398,177,500,500,1.0,22,253,0.0003355119339455199,0.018316984848645804,7.607967322491854,0.7407338970051746,25.92661029948254,25.92661029948254,0.00047198932880555193,2.793683898093503,7.039274069414736e-05,0.00027584266953465763,0.0057961082235272465,2.0697303553743474e-05,188.24073761048203,5.716247880429664,0.03017952124818757,0.09236224807369398,0.1459989447547685,6398,2b1b45e4e4a812f6d748c2c175962332f0dbca2acd50b6a4d146c963428b0e9a,full_tensor_sha256,6be8a194f257b1d6a24c9e789f5fb17cdf00dd9fdb0e0ad07b8fe84e0c965627,123ea5ce324bb82567913e1514a410f2bb582a6d8528a6ea98fbb2b74646f92c,a789b01b17129967eecd25421cde715dc938f6e3b95b30f735ff978f0882361e,0.0,0.23288000375032425,0.0,0.5841141100972891,0.13633607886731625,0.6093038246035576,0.1807140652090311,1.7433480825275183,0.25377701967954636,0.271880067884922,13.364373939111829,368.4687237255275,2009.6140410751104,88500,500,,2.793683898093503,,False,False,ok
BNCI2014_001,fixed_spectral_normalized_power_s1,fixed,spectral,normalized_power,8,6398,178,500,500,1.0,22,253,0.00034703593870682835,0.01862890063065527,7.607729200832544,0.740710712785634,25.928928721436595,25.928928721436595,0.0004802926098900137,2.793683898093503,7.238349059215525e-05,0.000285637435334209,0.006000967035758148,2.084814707091262e-05,188.240737610482,5.716247880429664,0.03017952124818757,0.09236224807369398,0.1459989447547685,6398,2b1b45e4e4a812f6d748c2c175962332f0dbca2acd50b6a4d146c963428b0e9a,full_tensor_sha256,6be8a194f257b1d6a24c9e789f5fb17cdf00dd9fdb0e0ad07b8fe84e0c965627,123ea5ce324bb82567913e1514a410f2bb582a6d8528a6ea98fbb2b74646f92c,a789b01b17129967eecd25421cde715dc938f6e3b95b30f735ff978f0882361e,0.0,0.24372991174459457,0.0,0.5918389651924372,0.13613211922347546,1.0685687884688377,0.1760509330779314,2.2163207177072763,0.25377701967954636,0.271880067884922,11.996490880846977,370.6850444432348,2021.6105319559574,89000,500,,2.793683898093503,,False,False,ok
BNCI2014_001,fixed_spectral_normalized_power_s1,fixed,spectral,normalized_power,8,6398,179,500,500,1.0,22,253,0.0003354961750978244,0.018316554673240937,7.608057826785265,0.740742708767254,25.925729123274596,25.925729123274596,0.000471998307850114,2.793683898093503,7.035750126401239e-05,0.0002758545227131136,0.0057962531742146535,2.0733020387149084e-05,188.24073761048203,5.716247880429664,0.03017952124818757,0.09236224807369398,0.1459989447547685,6398,2b1b45e4e4a812f6d748c2c175962332f0dbca2acd50b6a4d146c963428b0e9a,full_tensor_sha256,6be8a194f257b1d6a24c9e789f5fb17cdf00dd9fdb0e0ad07b8fe84e0c965627,123ea5ce324bb82567913e1514a410f2bb582a6d8528a6ea98fbb2b74646f92c,a789b01b17129967eecd25421cde715dc938f6e3b95b30f735ff978f0882361e,0.0,0.2529898192733526,0.0,0.6154701113700867,0.1407279632985592,0.751894898712635,0.23866607807576656,1.9997488707304,0.25377701967954636,0.271880067884922,10.37212903611362,372.6847933139652,2031.982660992071,89500,500,,2.793683898093503,,False,False,ok
BNCI2014_001,fixed_spectral_normalized_power_s1,fixed,spectral,normalized_power,8,6398,180,500,500,1.0,22,253,0.00034702016826231887,0.018628477346855778,7.60782545676134,0.7407200845437166,25.927991545628338,25.927991545628338,0.00048030802869145105,2.793683898093503,7.235090515478818e-05,0.0002856511661338238,0.0060012356070366394,2.103935550157585e-05,188.24073761048206,5.716247880429664,0.03017952124818757,0.09236224807369398,0.1459989447547685,6398,2b1b45e4e4a812f6d748c2c175962332f0dbca2acd50b6a4d146c963428b0e9a,full_tensor_sha256,6be8a194f257b1d6a24c9e789f5fb17cdf00dd9fdb0e0ad07b8fe84e0c965627,123ea5ce324bb82567913e1514a410f2bb582a6d8528a6ea98fbb2b74646f92c,a789b01b17129967eecd25421cde715dc938f6e3b95b30f735ff978f0882361e,0.0,0.23689609952270985,0.0,0.6047789938747883,0.1382790505886078,0.7293941453099251,0.1735929399728775,1.8829412292689085,0.25377701967954636,0.271880067884922,9.82569414190948,374.5677345432341,2041.8083551339805,90000,500,,2.793683898093503,,False,False,ok
BNCI2014_001,fixed_spectral_normalized_power_s1,fixed,spectral,normalized_power,8,6398,181,500,500,1.0,22,253,0.0003354813263056988,0.01831614933073267,7.6081524513427405,0.7407519216902649,25.92480783097351,25.92480783097351,0.0004719946991977899,2.793683898093503,7.032873367730529e-05,0.00027586083261066613,0.005796376919347666,2.0698790842537904e-05,188.24073761048203,5.716247880429664,0.03017952124818757,0.09236224807369398,0.1459989447547685,6398,2b1b45e4e4a812f6d748c2c175962332f0dbca2acd50b6a4d146c963428b0e9a,full_tensor_sha256,6be8a194f257b1d6a24c9e789f5fb17cdf00dd9fdb0e0ad07b8fe84e0c965627,123ea5ce324bb82567913e1514a410f2bb582a6d8528a6ea98fbb2b74646f92c,a789b01b17129967eecd25421cde715dc938f6e3b95b30f735ff978f0882361e,0.0,0.23778993636369705,0.0,0.569421099498868,0.1340559683740139,0.723463948816061,0.16592000611126423,1.8306509591639042,0.25377701967954636,0.271880067884922,9.37517685815692,376.398385502398,2051.1835319921374,90500,500,,2.793683898093503,,False,False,ok
BNCI2014_001,fixed_spectral_normalized_power_s1,fixed,spectral,normalized_power,8,6398,182,500,500,1.0,22,253,0.000347004776940698,0.01862806422956229,7.607917216169042,0.7407290185073857,25.927098149261433,25.927098149261433,0.0004802995431726277,2.793683898093503,7.232545123920436e-05,0.000285630340811724,0.0060004777004140555,2.0898437800765058e-05,188.240737610482,5.716247880429664,0.03017952124818757,0.09236224807369398,0.1459989447547685,6398,2b1b45e4e4a812f6d748c2c175962332f0dbca2acd50b6a4d146c963428b0e9a,full_tensor_sha256,6be8a194f257b1d6a24c9e789f5fb17cdf00dd9fdb0e0ad07b8fe84e0c965627,123ea5ce324bb82567913e1514a410f2bb582a6d8528a6ea98fbb2b74646f92c,a789b01b17129967eecd25421cde715dc938f6e3b95b30f735ff978f0882361e,0.0,0.2284578513354063,0.0,0.5490081384778023,0.14111492782831192,0.5926580633968115,0.16954587772488594,1.680784858763218,0.25377701967954636,0.271880067884922,12.637272011488676,378.07917036116123,2063.820804003626,91000,500,,2.793683898093503,,False,False,ok
BNCI2014_001,fixed_spectral_normalized_power_s1,fixed,spectral,normalized_power,8,6398,183,500,500,1.0,22,253,0.0003354666164760462,0.018315747772778654,7.608234463055255,0.7407599065898887,25.92400934101114,25.92400934101114,0.00047198514772204674,2.793683898093503,7.029843602750555e-05,0.0002758405256696847,0.005795507950768198,2.079403864846301e-05,188.24073761048203,5.716247880429664,0.03017952124818757,0.09236224807369398,0.1459989447547685,6398,2b1b45e4e4a812f6d748c2c175962332f0dbca2acd50b6a4d146c963428b0e9a,full_tensor_sha256,6be8a194f257b1d6a24c9e789f5fb17cdf00dd9fdb0e0ad07b8fe84e0c965627,123ea5ce324bb82567913e1514a410f2bb582a6d8528a6ea98fbb2b74646f92c,a789b01b17129967eecd25421cde715dc938f6e3b95b30f735ff978f0882361e,0.0,0.2635619603097439,0.0,1.013678964227438,0.24766800925135612,0.9307821746915579,0.28418400324881077,2.7398751117289066,0.25377701967954636,0.271880067884922,11.034741066396236,380.81904547289014,2074.8555450700223,91500,500,,2.793683898093503,,False,False,ok
BNCI2014_001,fixed_spectral_normalized_power_s1,fixed,spectral,normalized_power,8,6398,184,500,500,1.0,22,253,0.00034699008674495625,0.01862766992258979,7.60799151447625,0.7407362524073626,25.926374759263734,25.926374759263734,0.0004802962072325405,2.793683898093503,7.22869444712861e-05,0.00028565998010020267,0.006001230210110412,2.10987513109672e-05,188.24073761048203,5.716247880429664,0.03017952124818757,0.09236224807369398,0.1459989447547685,6398,2b1b45e4e4a812f6d748c2c175962332f0dbca2acd50b6a4d146c963428b0e9a,full_tensor_sha256,6be8a194f257b1d6a24c9e789f5fb17cdf00dd9fdb0e0ad07b8fe84e0c965627,123ea5ce324bb82567913e1514a410f2bb582a6d8528a6ea98fbb2b74646f92c,a789b01b17129967eecd25421cde715dc938f6e3b95b30f735ff978f0882361e,0.0,0.2617631107568741,0.0,0.6924171466380358,0.1650010235607624,0.6805609446018934,0.2136840485036373,2.013426274061203,0.25377701967954636,0.271880067884922,10.122543899342418,382.83247174695134,2084.9780889693648,92000,500,,2.793683898093503,,False,False,ok
BNCI2014_001,fixed_spectral_normalized_power_s1,fixed,spectral,normalized_power,8,6398,185,500,500,1.0,22,253,0.00033545244041394996,0.01831536077760823,7.608327230349756,0.7407689386843572,25.92310613156428,25.92310613156428,0.0004719942250810934,2.793683898093503,7.026704746580171e-05,0.0002758533716704311,0.005795880972907686,2.0789860145935184e-05,188.240737610482,5.716247880429664,0.03017952124818757,0.09236224807369398,0.1459989447547685,6398,2b1b45e4e4a812f6d748c2c175962332f0dbca2acd50b6a4d146c963428b0e9a,full_tensor_sha256,6be8a194f257b1d6a24c9e789f5fb17cdf00dd9fdb0e0ad07b8fe84e0c965627,123ea5ce324bb82567913e1514a410f2bb582a6d8528a6ea98fbb2b74646f92c,a789b01b17129967eecd25421cde715dc938f6e3b95b30f735ff978f0882361e,0.0,0.2363128587603569,0.0,0.5649449303746223,0.142392935231328,0.5877050571143627,0.1699740532785654,1.7013298347592354,0.25377701967954636,0.271880067884922,10.066583985462785,384.5338015817106,2095.0446729548275,92500,500,,2.793683898093503,,False,False,ok
BNCI2014_001,fixed_spectral_normalized_power_s1,fixed,spectral,normalized_power,8,6398,186,500,500,1.0,22,253,0.0003469753646591025,0.018627274751264678,7.608090788886243,0.7407459180535819,25.92540819464181,25.92540819464181,0.0004803081087205113,2.793683898093503,7.225949125270686e-05,0.0002856420198106465,0.0060005075340446145,2.0975451480132883e-05,188.240737610482,5.716247880429665,0.03017952124818757,0.09236224807369398,0.1459989447547685,6398,2b1b45e4e4a812f6d748c2c175962332f0dbca2acd50b6a4d146c963428b0e9a,full_tensor_sha256,6be8a194f257b1d6a24c9e789f5fb17cdf00dd9fdb0e0ad07b8fe84e0c965627,123ea5ce324bb82567913e1514a410f2bb582a6d8528a6ea98fbb2b74646f92c,a789b01b17129967eecd25421cde715dc938f6e3b95b30f735ff978f0882361e,0.0,0.23200782015919685,0.0,0.5565742030739784,0.13381801545619965,0.5738751497119665,0.1649737823754549,1.6612489707767963,0.25377701967954636,0.271880067884922,10.274793952703476,386.1950505524874,2105.319466907531,93000,500,,2.793683898093503,,False,False,ok
BNCI2014_001,fixed_spectral_normalized_power_s1,fixed,spectral,normalized_power,8,6398,187,500,500,1.0,22,253,0.0003354386199817279,0.018314983482977207,7.608423949396611,0.7407783555329653,25.922164446703466,25.922164446703466,0.0004719953644863242,2.793683898093503,7.023758139068726e-05,0.00027586158036070775,0.005795958059855892,2.0778347374417395e-05,188.24073761048203,5.716247880429664,0.03017952124818757,0.09236224807369398,0.1459989447547685,6398,2b1b45e4e4a812f6d748c2c175962332f0dbca2acd50b6a4d146c963428b0e9a,full_tensor_sha256,6be8a194f257b1d6a24c9e789f5fb17cdf00dd9fdb0e0ad07b8fe84e0c965627,123ea5ce324bb82567913e1514a410f2bb582a6d8528a6ea98fbb2b74646f92c,a789b01b17129967eecd25421cde715dc938f6e3b95b30f735ff978f0882361e,0.0,0.2300830092281103,0.0,0.5573721136897802,0.13173907063901424,0.5593090318143368,0.1615800429135561,1.6400832682847977,0.25377701967954636,0.271880067884922,9.759287815541029,387.83513382077217,2115.078754723072,93500,500,,2.793683898093503,,False,False,ok
BNCI2014_001,fixed_spectral_normalized_power_s1,fixed,spectral,normalized_power,8,6398,188,500,500,1.0,22,253,0.0003469614469500779,0.018626901163373306,7.608195113513246,0.7407560754036647,25.924392459633523,25.924392459633523,0.0004803071427957725,2.793683898093503,7.223315682445168e-05,0.0002856632519045858,0.0060010758923739835,2.1108796498375822e-05,188.240737610482,5.716247880429664,0.03017952124818757,0.09236224807369398,0.1459989447547685,6398,2b1b45e4e4a812f6d748c2c175962332f0dbca2acd50b6a4d146c963428b0e9a,full_tensor_sha256,6be8a194f257b1d6a24c9e789f5fb17cdf00dd9fdb0e0ad07b8fe84e0c965627,123ea5ce324bb82567913e1514a410f2bb582a6d8528a6ea98fbb2b74646f92c,a789b01b17129967eecd25421cde715dc938f6e3b95b30f735ff978f0882361e,0.0,0.22941897623240948,0.0,0.5410751327872276,0.13938616029918194,0.848689116537571,0.2876219805330038,2.046191366389394,0.25377701967954636,0.271880067884922,14.049726072698832,389.88132518716156,2129.128480795771,94000,500,,2.793683898093503,,False,False,ok
BNCI2014_001,fixed_spectral_normalized_power_s1,fixed,spectral,normalized_power,8,6398,189,500,500,1.0,22,253,0.000335425388520708,0.018314622259842216,7.608515796227554,0.7407872980084161,25.92127019915839,25.92127019915839,0.0004719877105439511,2.793683898093503,7.020892259473688e-05,0.00027588431658171365,0.0057965551364174295,2.085892547137823e-05,188.24073761048203,5.716247880429664,0.03017952124818757,0.09236224807369398,0.1459989447547685,6398,2b1b45e4e4a812f6d748c2c175962332f0dbca2acd50b6a4d146c963428b0e9a,full_tensor_sha256,6be8a194f257b1d6a24c9e789f5fb17cdf00dd9fdb0e0ad07b8fe84e0c965627,123ea5ce324bb82567913e1514a410f2bb582a6d8528a6ea98fbb2b74646f92c,a789b01b17129967eecd25421cde715dc938f6e3b95b30f735ff978f0882361e,0.0,0.2464759163558483,0.0,0.6125029176473618,0.13982015661895275,0.7796280551701784,0.17837597988545895,1.9568030256778002,0.25377701967954636,0.271880067884922,11.52956997975707,391.83812821283937,2140.658050775528,94500,500,,2.793683898093503,,False,False,ok
BNCI2014_001,fixed_spectral_normalized_power_s1,fixed,spectral,normalized_power,8,6398,190,500,500,1.0,22,253,0.00034694820948633477,0.01862654582810068,7.608280781466709,0.7407644162855754,25.92355837144246,25.92355837144246,0.0004803015683913961,2.793683898093503,7.220070040290358e-05,0.00028564314714448396,0.006000072176484291,2.0968971410010136e-05,188.240737610482,5.716247880429664,0.03017952124818757,0.09236224807369398,0.1459989447547685,6398,2b1b45e4e4a812f6d748c2c175962332f0dbca2acd50b6a4d146c963428b0e9a,full_tensor_sha256,6be8a194f257b1d6a24c9e789f5fb17cdf00dd9fdb0e0ad07b8fe84e0c965627,123ea5ce324bb82567913e1514a410f2bb582a6d8528a6ea98fbb2b74646f92c,a789b01b17129967eecd25421cde715dc938f6e3b95b30f735ff978f0882361e,0.0,0.24558790028095245,0.0,0.6143150385469198,0.14199386350810528,0.7663790602236986,0.176216010004282,1.9444918725639582,0.25377701967954636,0.271880067884922,9.79135395027697,393.7826200854033,2150.449404725805,95000,500,,2.793683898093503,,False,False,ok
BNCI2014_001,fixed_spectral_normalized_power_s1,fixed,spectral,normalized_power,8,6398,191,500,500,1.0,22,253,0.0003354128491369258,0.018314279924062694,7.608605477583377,0.7407960296468908,25.920397035310913,25.920397035310913,0.00047198738638860416,2.793683898093503,7.018419686919624e-05,0.0002758450210756142,0.005795133679207451,2.085383220151332e-05,188.24073761048203,5.716247880429664,0.03017952124818757,0.09236224807369398,0.1459989447547685,6398,2b1b45e4e4a812f6d748c2c175962332f0dbca2acd50b6a4d146c963428b0e9a,full_tensor_sha256,6be8a194f257b1d6a24c9e789f5fb17cdf00dd9fdb0e0ad07b8fe84e0c965627,123ea5ce324bb82567913e1514a410f2bb582a6d8528a6ea98fbb2b74646f92c,a789b01b17129967eecd25421cde715dc938f6e3b95b30f735ff978f0882361e,0.0,0.23008789867162704,0.0,0.5689081735908985,0.13205013237893581,0.6007910706102848,0.16458402387797832,1.6964212991297245,0.25377701967954636,0.271880067884922,10.090945987030864,395.47904138453305,2160.540350712836,95500,500,,2.793683898093503,,False,False,ok
BNCI2014_001,fixed_spectral_normalized_power_s1,fixed,spectral,normalized_power,8,6398,192,500,500,1.0,22,253,0.00034693512484332213,0.018626194588356532,7.608373157855887,0.7407734103203611,25.92265896796389,25.92265896796389,0.0004803125545666617,2.793683898093503,7.21704182800647e-05,0.0002856801791828375,0.0060012406477080085,2.1166707330243537e-05,188.24073761048203,5.716247880429664,0.03017952124818757,0.09236224807369398,0.1459989447547685,6398,2b1b45e4e4a812f6d748c2c175962332f0dbca2acd50b6a4d146c963428b0e9a,full_tensor_sha256,6be8a194f257b1d6a24c9e789f5fb17cdf00dd9fdb0e0ad07b8fe84e0c965627,123ea5ce324bb82567913e1514a410f2bb582a6d8528a6ea98fbb2b74646f92c,a789b01b17129967eecd25421cde715dc938f6e3b95b30f735ff978f0882361e,0.0,0.233484897762537,0.0,0.5681528709828854,0.13328995555639267,0.570863950997591,0.17157196998596191,1.677363645285368,0.25377701967954636,0.271880067884922,9.95758781209588,397.1564050298184,2170.4979385249317,96000,500,,2.793683898093503,,False,False,ok
BNCI2014_001,fixed_spectral_normalized_power_s1,fixed,spectral,normalized_power,8,6398,193,500,500,1.0,22,253,0.00033540078598253635,0.01831395058370903,7.608713982041337,0.7408065939575116,25.91934060424884,25.91934060424884,0.0004719957781918738,2.793683898093503,7.015062262342666e-05,0.0002759008634370155,0.005796803831577047,2.0842054415512906e-05,188.240737610482,5.716247880429664,0.03017952124818757,0.09236224807369398,0.1459989447547685,6398,2b1b45e4e4a812f6d748c2c175962332f0dbca2acd50b6a4d146c963428b0e9a,full_tensor_sha256,6be8a194f257b1d6a24c9e789f5fb17cdf00dd9fdb0e0ad07b8fe84e0c965627,123ea5ce324bb82567913e1514a410f2bb582a6d8528a6ea98fbb2b74646f92c,a789b01b17129967eecd25421cde715dc938f6e3b95b30f735ff978f0882361e,0.0,0.23249699734151363,0.0,0.5623518954962492,0.1326119527220726,0.6942769978195429,0.1656471285969019,1.7873849719762802,0.25377701967954636,0.271880067884922,14.603307005017996,398.9437900017947,2185.1012455299497,96500,500,,2.793683898093503,,False,False,ok
BNCI2014_001,fixed_spectral_normalized_power_s1,fixed,spectral,normalized_power,8,6398,194,500,500,1.0,22,253,0.0003469220930406939,0.018625844760458355,7.60848557580366,0.7407843556597689,25.921564434023118,25.921564434023118,0.0004803086988793737,2.793683898093503,7.214819351537991e-05,0.0002856739757472415,0.006000934762388806,2.1019840083083423e-05,188.240737610482,5.716247880429664,0.03017952124818757,0.09236224807369398,0.1459989447547685,6398,2b1b45e4e4a812f6d748c2c175962332f0dbca2acd50b6a4d146c963428b0e9a,full_tensor_sha256,6be8a194f257b1d6a24c9e789f5fb17cdf00dd9fdb0e0ad07b8fe84e0c965627,123ea5ce324bb82567913e1514a410f2bb582a6d8528a6ea98fbb2b74646f92c,a789b01b17129967eecd25421cde715dc938f6e3b95b30f735ff978f0882361e,0.0,0.2724879886955023,0.0,0.6836340762674809,0.14292588457465172,0.6745869759470224,0.19238400273025036,1.9660189282149076,0.25377701967954636,0.271880067884922,12.662085937336087,400.9098089300096,2197.7633314672858,97000,500,,2.793683898093503,,False,False,ok
BNCI2014_001,fixed_spectral_normalized_power_s1,fixed,spectral,normalized_power,8,6398,195,500,500,1.0,22,253,0.0003353883885075602,0.018313612109782173,7.608798516813551,0.7408148245095895,25.918517549041056,25.918517549041056,0.00047198915170866573,2.793683898093503,7.013107752764172e-05,0.00027586885958537897,0.005795662863390677,2.0936359731285447e-05,188.240737610482,5.716247880429664,0.03017952124818757,0.09236224807369398,0.1459989447547685,6398,2b1b45e4e4a812f6d748c2c175962332f0dbca2acd50b6a4d146c963428b0e9a,full_tensor_sha256,6be8a194f257b1d6a24c9e789f5fb17cdf00dd9fdb0e0ad07b8fe84e0c965627,123ea5ce324bb82567913e1514a410f2bb582a6d8528a6ea98fbb2b74646f92c,a789b01b17129967eecd25421cde715dc938f6e3b95b30f735ff978f0882361e,0.0,0.26140687987208366,0.0,0.6335319485515356,0.14312495477497578,0.6368090398609638,0.19982806406915188,1.8747008871287107,0.25377701967954636,0.271880067884922,10.157055919989944,402.7845098171383,2207.9203873872757,97500,500,,2.793683898093503,,False,False,ok
BNCI2014_001,fixed_spectral_normalized_power_s1,fixed,spectral,normalized_power,8,6398,196,500,500,1.0,22,253,0.0003469095468791558,0.01862550796298334,7.608566908258164,0.7407922744248507,25.920772557514923,25.920772557514923,0.00048030187456442054,2.793683898093503,7.21179810531738e-05,0.00028567291014153733,0.0060006757121873686,2.114726161158391e-05,188.240737610482,5.716247880429664,0.03017952124818757,0.09236224807369398,0.1459989447547685,6398,2b1b45e4e4a812f6d748c2c175962332f0dbca2acd50b6a4d146c963428b0e9a,full_tensor_sha256,6be8a194f257b1d6a24c9e789f5fb17cdf00dd9fdb0e0ad07b8fe84e0c965627,123ea5ce324bb82567913e1514a410f2bb582a6d8528a6ea98fbb2b74646f92c,a789b01b17129967eecd25421cde715dc938f6e3b95b30f735ff978f0882361e,0.0,0.23530004546046257,0.0,0.5648848600685596,0.14601903967559338,0.5796640180051327,0.16785901971161366,1.693726982921362,0.25377701967954636,0.271880067884922,9.428940014913678,404.4782368000597,2217.3493274021894,98000,500,,2.793683898093503,,False,False,ok
BNCI2014_001,fixed_spectral_normalized_power_s1,fixed,spectral,normalized_power,8,6398,197,500,500,1.0,22,253,0.0003353767414070532,0.018313294116762642,7.608890397654576,0.740823770296361,25.917622970363897,25.917622970363897,0.0004719879465671071,2.793683898093503,7.01022127259172e-05,0.0002758789448799355,0.005795898640265943,2.085541393703739e-05,188.240737610482,5.716247880429664,0.03017952124818757,0.09236224807369398,0.1459989447547685,6398,2b1b45e4e4a812f6d748c2c175962332f0dbca2acd50b6a4d146c963428b0e9a,full_tensor_sha256,6be8a194f257b1d6a24c9e789f5fb17cdf00dd9fdb0e0ad07b8fe84e0c965627,123ea5ce324bb82567913e1514a410f2bb582a6d8528a6ea98fbb2b74646f92c,a789b01b17129967eecd25421cde715dc938f6e3b95b30f735ff978f0882361e,0.0,0.23154891096055508,0.0,0.560171902179718,0.13369088992476463,0.7723900489509106,0.16484688967466354,1.8626486416906118,0.25377701967954636,0.271880067884922,9.708811063319445,406.3408854417503,2227.058138465509,98500,500,,2.793683898093503,,False,False,ok
BNCI2014_001,fixed_spectral_normalized_power_s1,fixed,spectral,normalized_power,8,6398,198,500,500,1.0,22,253,0.00034689704143661145,0.018625172252535314,7.608659202241046,0.7408012604363191,25.919873956368093,25.919873956368093,0.0004803208542635822,2.793683898093503,7.208890531861464e-05,0.00028566809849221844,0.0060003302533718425,2.1023059076700683e-05,188.240737610482,5.716247880429664,0.03017952124818757,0.09236224807369398,0.1459989447547685,6398,2b1b45e4e4a812f6d748c2c175962332f0dbca2acd50b6a4d146c963428b0e9a,full_tensor_sha256,6be8a194f257b1d6a24c9e789f5fb17cdf00dd9fdb0e0ad07b8fe84e0c965627,123ea5ce324bb82567913e1514a410f2bb582a6d8528a6ea98fbb2b74646f92c,a789b01b17129967eecd25421cde715dc938f6e3b95b30f735ff978f0882361e,0.0,0.2394779585301876,0.0,0.5755850579589605,0.13502920046448708,1.0341398883610964,0.19105197861790657,2.175284083932638,0.25377701967954636,0.271880067884922,13.93047603778541,408.5161695256829,2240.9886145032942,99000,500,,2.793683898093503,,False,False,ok
BNCI2014_001,fixed_spectral_normalized_power_s1,fixed,spectral,normalized_power,8,6398,199,500,500,1.0,22,253,0.00033536535605536207,0.018312983264759514,7.608980557609058,0.7408325485325977,25.916745146740226,25.916745146740226,0.0004719979950429987,2.793683898093503,7.007197567525034e-05,0.0002758984373836783,0.005796227516265366,2.0969681245574718e-05,188.240737610482,5.716247880429664,0.03017952124818757,0.09236224807369398,0.1459989447547685,6398,2b1b45e4e4a812f6d748c2c175962332f0dbca2acd50b6a4d146c963428b0e9a,full_tensor_sha256,6be8a194f257b1d6a24c9e789f5fb17cdf00dd9fdb0e0ad07b8fe84e0c965627,123ea5ce324bb82567913e1514a410f2bb582a6d8528a6ea98fbb2b74646f92c,a789b01b17129967eecd25421cde715dc938f6e3b95b30f735ff978f0882361e,0.0,0.2554610837250948,0.0,0.6423580925911665,0.14499109238386154,0.7291680667549372,0.18527591601014137,1.9572542514652014,0.25377701967954636,0.271880067884922,12.470491928979754,410.4734237771481,2253.459106432274,99500,500,,2.793683898093503,,False,False,ok
BNCI2014_001,fixed_spectral_normalized_power_s1,fixed,spectral,normalized_power,8,6398,200,500,500,1.0,22,253,0.00034688435257553994,0.01862483161200498,7.6087468859516285,0.7408097975782244,25.919020242177556,25.919020242177556,0.0004803124536277435,2.793683898093503,7.206887269491459e-05,0.0002857027038484621,0.006001599313687419,2.1068555203613304e-05,188.240737610482,5.716247880429664,0.03017952124818757,0.09236224807369398,0.1459989447547685,6398,2b1b45e4e4a812f6d748c2c175962332f0dbca2acd50b6a4d146c963428b0e9a,full_tensor_sha256,6be8a194f257b1d6a24c9e789f5fb17cdf00dd9fdb0e0ad07b8fe84e0c965627,123ea5ce324bb82567913e1514a410f2bb582a6d8528a6ea98fbb2b74646f92c,a789b01b17129967eecd25421cde715dc938f6e3b95b30f735ff978f0882361e,0.0,0.2582329325377941,0.0,0.6048730574548244,0.1434660516679287,0.5814889445900917,0.18208706751465797,1.770148053765297,0.25377701967954636,0.271880067884922,9.775874903425574,412.2435718309134,2263.2349813356996,100000,500,,2.793683898093503,,False,False,ok
BNCI2014_001,fixed_spectral_normalized_power_s1,fixed,spectral,normalized_power,8,6398,201,500,500,1.0,22,253,0.00033535401178516134,0.018312673529148095,7.609053468168769,0.7408396473174292,25.91603526825708,25.91603526825708,0.0004719852506408194,2.793683898093503,7.00524760661286e-05,0.0002758966784564817,0.005796260621219547,2.0845255039839035e-05,188.24073761048203,5.716247880429664,0.03017952124818757,0.09236224807369398,0.1459989447547685,6398,2b1b45e4e4a812f6d748c2c175962332f0dbca2acd50b6a4d146c963428b0e9a,full_tensor_sha256,6be8a194f257b1d6a24c9e789f5fb17cdf00dd9fdb0e0ad07b8fe84e0c965627,123ea5ce324bb82567913e1514a410f2bb582a6d8528a6ea98fbb2b74646f92c,a789b01b17129967eecd25421cde715dc938f6e3b95b30f735ff978f0882361e,0.0,0.23457990027964115,0.0,0.5684499628841877,0.13409717939794064,0.4458199255168438,0.16678799875080585,1.5497349668294191,0.25377701967954636,0.271880067884922,10.253445943817496,413.79330679774284,2273.488427279517,100500,500,,2.793683898093503,,False,False,ok
BNCI2014_001,fixed_spectral_normalized_power_s1,fixed,spectral,normalized_power,8,6398,202,500,500,1.0,22,253,0.0003468720478801087,0.01862450127869492,7.608811816175327,0.7408161193742567,25.918388062574326,25.918388062574326,0.0004803062356031735,2.793683898093503,7.203361245595433e-05,0.00028566455351898616,0.005999775650961014,2.1003362337129788e-05,188.240737610482,5.716247880429664,0.03017952124818757,0.09236224807369398,0.1459989447547685,6398,2b1b45e4e4a812f6d748c2c175962332f0dbca2acd50b6a4d146c963428b0e9a,full_tensor_sha256,6be8a194f257b1d6a24c9e789f5fb17cdf00dd9fdb0e0ad07b8fe84e0c965627,123ea5ce324bb82567913e1514a410f2bb582a6d8528a6ea98fbb2b74646f92c,a789b01b17129967eecd25421cde715dc938f6e3b95b30f735ff978f0882361e,0.0,0.2285628579556942,0.0,0.5431328900158405,0.12902682647109032,0.9030750952661037,0.16341404989361763,1.9672117196023464,0.25377701967954636,0.271880067884922,10.102204978466034,415.7605185173452,2283.590632257983,101000,500,,2.793683898093503,,False,False,ok
BNCI2014_001,fixed_spectral_normalized_power_s1,fixed,spectral,normalized_power,8,6398,203,500,500,1.0,22,253,0.0003353426618524167,0.018312363633687944,7.609128920830495,0.7408469936087302,25.915300639126983,25.915300639126983,0.00047199621986109024,2.7936838980935033,7.002000275563918e-05,0.0002758919076044903,0.005795688486761132,2.100403963312943e-05,188.24073761048203,5.716247880429664,0.03017952124818757,0.09236224807369398,0.1459989447547685,6398,2b1b45e4e4a812f6d748c2c175962332f0dbca2acd50b6a4d146c963428b0e9a,full_tensor_sha256,6be8a194f257b1d6a24c9e789f5fb17cdf00dd9fdb0e0ad07b8fe84e0c965627,123ea5ce324bb82567913e1514a410f2bb582a6d8528a6ea98fbb2b74646f92c,a789b01b17129967eecd25421cde715dc938f6e3b95b30f735ff978f0882361e,0.0,0.23081200197339058,0.0,0.5639588925987482,0.1345318742096424,0.9154998697340488,0.16987184062600136,2.0146744791418314,0.25377701967954636,0.271880067884922,14.682095032185316,417.775192996487,2298.2727272901684,101500,500,,2.793683898093503,,False,False,ok
BNCI2014_001,fixed_spectral_normalized_power_s1,fixed,spectral,normalized_power,8,6398,204,500,500,1.0,22,253,0.00034686006035087864,0.018624179454431775,7.608892836753042,0.7408240077741045,25.917599222589548,25.917599222589548,0.00048032455871048507,2.793683898093503,7.200928255738006e-05,0.0002857338154948301,0.006002249226571892,2.099021921077759e-05,188.240737610482,5.716247880429664,0.03017952124818757,0.09236224807369398,0.1459989447547685,6398,2b1b45e4e4a812f6d748c2c175962332f0dbca2acd50b6a4d146c963428b0e9a,full_tensor_sha256,6be8a194f257b1d6a24c9e789f5fb17cdf00dd9fdb0e0ad07b8fe84e0c965627,123ea5ce324bb82567913e1514a410f2bb582a6d8528a6ea98fbb2b74646f92c,a789b01b17129967eecd25421cde715dc938f6e3b95b30f735ff978f0882361e,0.0,0.258120009675622,0.0,0.6358770187944174,0.1425000373274088,4.082946106791496,0.23584510199725628,5.355288274586201,0.25377701967954636,0.271880067884922,10.29010396450758,423.1304812710732,2308.562831254676,102000,500,,2.793683898093503,,False,False,ok
BNCI2014_001,fixed_spectral_normalized_power_s1,fixed,spectral,normalized_power,8,6398,205,500,500,1.0,22,253,0.00033533184703923,0.01831206834410657,7.609205314404585,0.7408544315100044,25.91455684899956,25.91455684899956,0.0004719944803975868,2.793683898093503,6.999966959083916e-05,0.0002759147351547194,0.00579663764161239,2.0838021158913027e-05,188.240737610482,5.716247880429665,0.03017952124818757,0.09236224807369398,0.1459989447547685,6398,2b1b45e4e4a812f6d748c2c175962332f0dbca2acd50b6a4d146c963428b0e9a,full_tensor_sha256,6be8a194f257b1d6a24c9e789f5fb17cdf00dd9fdb0e0ad07b8fe84e0c965627,123ea5ce324bb82567913e1514a410f2bb582a6d8528a6ea98fbb2b74646f92c,a789b01b17129967eecd25421cde715dc938f6e3b95b30f735ff978f0882361e,0.0,0.24676299653947353,0.0,0.6064390763640404,0.13864808715879917,0.5345169920474291,0.18225982785224915,1.7086269799619913,0.25377701967954636,0.271880067884922,10.097518097609282,424.8391082510352,2318.6603493522853,102500,500,,2.793683898093503,,False,False,ok
BNCI2014_001,fixed_spectral_normalized_power_s1,fixed,spectral,normalized_power,8,6398,206,500,500,1.0,22,253,0.00034684786886376756,0.01862385214889142,7.608975991980558,0.7408321040096854,25.916789599031464,25.916789599031464,0.000480306424164282,2.793683898093503,7.198474199372305e-05,0.0002856781778985503,0.0060000008327381485,2.0939776714980765e-05,188.24073761048203,5.716247880429664,0.03017952124818757,0.09236224807369398,0.1459989447547685,6398,2b1b45e4e4a812f6d748c2c175962332f0dbca2acd50b6a4d146c963428b0e9a,full_tensor_sha256,6be8a194f257b1d6a24c9e789f5fb17cdf00dd9fdb0e0ad07b8fe84e0c965627,123ea5ce324bb82567913e1514a410f2bb582a6d8528a6ea98fbb2b74646f92c,a789b01b17129967eecd25421cde715dc938f6e3b95b30f735ff978f0882361e,0.0,0.24484493769705296,0.0,0.5872778128832579,0.13522780500352383,0.7851650007069111,0.17860694788396358,1.9311225041747093,0.25377701967954636,0.271880067884922,9.964965051040053,426.7702307552099,2328.6253144033253,103000,500,,2.793683898093503,,False,False,ok
BNCI2014_001,fixed_spectral_normalized_power_s1,fixed,spectral,normalized_power,8,6398,207,500,500,1.0,22,253,0.0003353212950902044,0.018311780227225436,7.6092823590735215,0.7408619328037727,25.91380671962274,25.91380671962274,0.00047199341771514316,2.793683898093503,6.9974229594198e-05,0.0002758845182723217,0.00579516930141079,2.0950347527286294e-05,188.24073761048203,5.716247880429664,0.03017952124818757,0.09236224807369398,0.1459989447547685,6398,2b1b45e4e4a812f6d748c2c175962332f0dbca2acd50b6a4d146c963428b0e9a,full_tensor_sha256,6be8a194f257b1d6a24c9e789f5fb17cdf00dd9fdb0e0ad07b8fe84e0c965627,123ea5ce324bb82567913e1514a410f2bb582a6d8528a6ea98fbb2b74646f92c,a789b01b17129967eecd25421cde715dc938f6e3b95b30f735ff978f0882361e,0.0,0.2337160985916853,0.0,0.5692162085324526,0.13414793647825718,0.7440680637955666,0.164414057508111,1.8455623649060726,0.25377701967954636,0.271880067884922,10.350801050662994,428.615793120116,2338.9761154539883,103500,500,,2.793683898093503,,False,False,ok
BNCI2014_001,fixed_spectral_normalized_power_s1,fixed,spectral,normalized_power,8,6398,208,500,500,1.0,22,253,0.0003468358411701029,0.018623529235086,7.609025704028831,0.7408369441197548,25.916305588024525,25.916305588024525,0.00048031493687062646,2.793683898093503,7.195895463062224e-05,0.00028570853370532003,0.006000990982268289,2.090279446219232e-05,188.240737610482,5.716247880429664,0.03017952124818757,0.09236224807369398,0.1459989447547685,6398,2b1b45e4e4a812f6d748c2c175962332f0dbca2acd50b6a4d146c963428b0e9a,full_tensor_sha256,6be8a194f257b1d6a24c9e789f5fb17cdf00dd9fdb0e0ad07b8fe84e0c965627,123ea5ce324bb82567913e1514a410f2bb582a6d8528a6ea98fbb2b74646f92c,a789b01b17129967eecd25421cde715dc938f6e3b95b30f735ff978f0882361e,0.0,0.2455750945955515,0.0,0.5734609439969063,0.13507716357707977,0.5319290794432163,0.17197895795106888,1.6580212395638227,0.25377701967954636,0.271880067884922,13.534381985664368,430.2738143596798,2352.5104974396527,104000,500,,2.793683898093503,,False,False,ok
BNCI2014_001,fixed_spectral_normalized_power_s1,fixed,spectral,normalized_power,8,6398,209,500,500,1.0,22,253,0.0003353109805992725,0.01831149858966416,7.609355099580521,0.7408690150317759,25.913098496822407,25.913098496822407,0.00047199424340871055,2.793683898093503,6.994983615560285e-05,0.0002759224214923567,0.005796572544719808,2.0862122441467065e-05,188.240737610482,5.716247880429664,0.03017952124818757,0.09236224807369398,0.1459989447547685,6398,2b1b45e4e4a812f6d748c2c175962332f0dbca2acd50b6a4d146c963428b0e9a,full_tensor_sha256,6be8a194f257b1d6a24c9e789f5fb17cdf00dd9fdb0e0ad07b8fe84e0c965627,123ea5ce324bb82567913e1514a410f2bb582a6d8528a6ea98fbb2b74646f92c,a789b01b17129967eecd25421cde715dc938f6e3b95b30f735ff978f0882361e,0.0,0.24367403239011765,0.0,0.6001070141792297,0.1382739283144474,0.6021908484399319,0.1912370789796114,1.775482902303338,0.25377701967954636,0.271880067884922,12.507901061326265,432.04929726198316,2365.018398500979,104500,500,,2.793683898093503,,False,False,ok
BNCI2014_001,fixed_spectral_normalized_power_s1,fixed,spectral,normalized_power,8,6398,210,500,500,1.0,22,253,0.00034682447993162236,0.018623224208810418,7.609130493964339,0.7408471467736314,25.915285322636862,25.915285322636862,0.00048031678764680504,2.793683898093503,7.192915083475759e-05,0.00028570894137532174,0.006000740345907557,2.0846911497809078e-05,188.240737610482,5.716247880429664,0.03017952124818757,0.09236224807369398,0.1459989447547685,6398,2b1b45e4e4a812f6d748c2c175962332f0dbca2acd50b6a4d146c963428b0e9a,full_tensor_sha256,6be8a194f257b1d6a24c9e789f5fb17cdf00dd9fdb0e0ad07b8fe84e0c965627,123ea5ce324bb82567913e1514a410f2bb582a6d8528a6ea98fbb2b74646f92c,a789b01b17129967eecd25421cde715dc938f6e3b95b30f735ff978f0882361e,0.0,0.2556650433689356,0.0,0.6219130009412766,0.14117197133600712,0.6529791280627251,0.18740305677056313,1.8591322004795074,0.25377701967954636,0.271880067884922,9.706745157018304,433.90842946246266,2374.7251436579973,105000,500,,2.793683898093503,,False,False,ok
BNCI2014_001,fixed_spectral_normalized_power_s1,fixed,spectral,normalized_power,8,6398,211,500,500,1.0,22,253,0.0003353010798342423,0.018311228244829517,7.609451347202102,0.7408783859810438,25.912161401895617,25.912161401895617,0.0004719984485669756,2.793683898093503,6.992572749649098e-05,0.0002759001052221442,0.005795541492896672,2.090440654635464e-05,188.240737610482,5.716247880429664,0.03017952124818757,0.09236224807369398,0.1459989447547685,6398,2b1b45e4e4a812f6d748c2c175962332f0dbca2acd50b6a4d146c963428b0e9a,full_tensor_sha256,6be8a194f257b1d6a24c9e789f5fb17cdf00dd9fdb0e0ad07b8fe84e0c965627,123ea5ce324bb82567913e1514a410f2bb582a6d8528a6ea98fbb2b74646f92c,a789b01b17129967eecd25421cde715dc938f6e3b95b30f735ff978f0882361e,0.0,0.23442506790161133,0.0,0.5644001066684723,0.14329585246741772,0.9308280423283577,0.16984110698103905,2.042790176346898,0.25377701967954636,0.271880067884922,10.262155206874013,435.95121963880956,2384.9872988648713,105500,500,,2.793683898093503,,False,False,ok
BNCI2014_001,fixed_spectral_normalized_power_s1,fixed,spectral,normalized_power,8,6398,212,500,500,1.0,22,253,0.00034681281062612227,0.018622910906357315,7.609201932299355,0.7408541022183709,25.914589778162906,25.914589778162906,0.0004803098574127412,2.793683898093503,7.191824408636208e-05,0.00028570233913420453,0.00600085875428176,2.0822350930551733e-05,188.24073761048203,5.716247880429665,0.03017952124818757,0.09236224807369398,0.1459989447547685,6398,2b1b45e4e4a812f6d748c2c175962332f0dbca2acd50b6a4d146c963428b0e9a,full_tensor_sha256,6be8a194f257b1d6a24c9e789f5fb17cdf00dd9fdb0e0ad07b8fe84e0c965627,123ea5ce324bb82567913e1514a410f2bb582a6d8528a6ea98fbb2b74646f92c,a789b01b17129967eecd25421cde715dc938f6e3b95b30f735ff978f0882361e,0.0,0.2296101301908493,0.0,0.5528819747269154,0.13108202256262302,0.9426139295101166,0.16647810116410255,2.022666158154607,0.25377701967954636,0.271880067884922,10.052085155621171,437.97388579696417,2395.0393840204924,106000,500,,2.793683898093503,,False,False,ok
BNCI2014_001,fixed_spectral_normalized_power_s1,fixed,spectral,normalized_power,8,6398,213,500,500,1.0,22,253,0.0003352913307534145,0.01831096203789999,7.609516749743167,0.7408847537632732,25.91152462367268,25.91152462367268,0.00047199166193978554,2.793683898093503,6.990448740520281e-05,0.00027593336476800813,0.0057967487993959834,2.0798687285682908e-05,188.240737610482,5.716247880429664,0.03017952124818757,0.09236224807369398,0.1459989447547685,6398,2b1b45e4e4a812f6d748c2c175962332f0dbca2acd50b6a4d146c963428b0e9a,full_tensor_sha256,6be8a194f257b1d6a24c9e789f5fb17cdf00dd9fdb0e0ad07b8fe84e0c965627,123ea5ce324bb82567913e1514a410f2bb582a6d8528a6ea98fbb2b74646f92c,a789b01b17129967eecd25421cde715dc938f6e3b95b30f735ff978f0882361e,0.0,0.22892584092915058,0.0,0.5569411441683769,0.13500405475497246,0.8890209719538689,0.1657349057495594,1.9756269175559282,0.25377701967954636,0.271880067884922,13.771035009995103,439.9495127145201,2408.8104190304875,106500,500,,2.793683898093503,,False,False,ok
BNCI2014_001,fixed_spectral_normalized_power_s1,fixed,spectral,normalized_power,8,6398,214,500,500,1.0,22,253,0.0003468014235973823,0.018622605177508928,7.609299365988448,0.7408635886466325,25.91364113533675,25.91364113533675,0.00048031586225264714,2.793683898093503,7.187763673733989e-05,0.00028570345104716663,0.006000217495003191,2.0757838204414787e-05,188.24073761048203,5.716247880429664,0.03017952124818757,0.09236224807369398,0.1459989447547685,6398,2b1b45e4e4a812f6d748c2c175962332f0dbca2acd50b6a4d146c963428b0e9a,full_tensor_sha256,6be8a194f257b1d6a24c9e789f5fb17cdf00dd9fdb0e0ad07b8fe84e0c965627,123ea5ce324bb82567913e1514a410f2bb582a6d8528a6ea98fbb2b74646f92c,a789b01b17129967eecd25421cde715dc938f6e3b95b30f735ff978f0882361e,0.0,0.23613288067281246,0.0,0.5731009878218174,0.14447001740336418,1.0181721299886703,0.17644604668021202,2.1483220625668764,0.25377701967954636,0.271880067884922,12.055787025019526,442.097834777087,2420.866206055507,107000,500,,2.793683898093503,,False,False,ok
BNCI2014_001,fixed_spectral_normalized_power_s1,fixed,spectral,normalized_power,8,6398,215,500,500,1.0,22,253,0.00033528198545568666,0.018310706852977757,7.609623803808575,0.7408951768594431,25.91048231405569,25.91048231405569,0.00047200443457816793,2.793683898093503,6.988046772479603e-05,0.0002759126143097567,0.005795772832315771,2.0828336440092502e-05,188.24073761048203,5.716247880429664,0.03017952124818757,0.09236224807369398,0.1459989447547685,6398,2b1b45e4e4a812f6d748c2c175962332f0dbca2acd50b6a4d146c963428b0e9a,full_tensor_sha256,6be8a194f257b1d6a24c9e789f5fb17cdf00dd9fdb0e0ad07b8fe84e0c965627,123ea5ce324bb82567913e1514a410f2bb582a6d8528a6ea98fbb2b74646f92c,a789b01b17129967eecd25421cde715dc938f6e3b95b30f735ff978f0882361e,0.0,0.26211701333522797,0.0,0.6419969722628593,0.14268700033426285,0.6104081403464079,0.19896798767149448,1.8561771139502525,0.25377701967954636,0.271880067884922,10.722385020926595,443.9540118910372,2431.5885910764337,107500,500,,2.793683898093503,,False,False,ok
BNCI2014_001,fixed_spectral_normalized_power_s1,fixed,spectral,normalized_power,8,6398,216,500,500,1.0,22,253,0.0003467897358697588,0.018622291370015635,7.609379845344459,0.7408714243515561,25.912857564844398,25.912857564844398,0.0004803086707991546,2.793683898093503,7.187126277201067e-05,0.0002857096202967029,0.006000846280395279,2.071749547272988e-05,188.24073761048203,5.716247880429664,0.03017952124818757,0.09236224807369398,0.1459989447547685,6398,2b1b45e4e4a812f6d748c2c175962332f0dbca2acd50b6a4d146c963428b0e9a,full_tensor_sha256,6be8a194f257b1d6a24c9e789f5fb17cdf00dd9fdb0e0ad07b8fe84e0c965627,123ea5ce324bb82567913e1514a410f2bb582a6d8528a6ea98fbb2b74646f92c,a789b01b17129967eecd25421cde715dc938f6e3b95b30f735ff978f0882361e,0.0,0.2526210155338049,0.0,0.5900610703974962,0.1376450527459383,0.7238669786602259,0.17409888096153736,1.8782929982990026,0.25377701967954636,0.271880067884922,9.957608068361878,445.8323048893362,2441.5461991447955,108000,500,,2.793683898093503,,False,False,ok
BNCI2014_001,fixed_spectral_normalized_power_s1,fixed,spectral,normalized_power,8,6398,217,500,500,1.0,22,253,0.00033527302550834676,0.018310462187185413,7.6096835895517865,0.7409009977738447,25.90990022261553,25.90990022261553,0.00047198851607502533,2.793683898093503,6.985925801258593e-05,0.0002759381859398021,0.005796585333554561,2.0753002208641543e-05,188.240737610482,5.716247880429664,0.03017952124818757,0.09236224807369398,0.1459989447547685,6398,2b1b45e4e4a812f6d748c2c175962332f0dbca2acd50b6a4d146c963428b0e9a,full_tensor_sha256,6be8a194f257b1d6a24c9e789f5fb17cdf00dd9fdb0e0ad07b8fe84e0c965627,123ea5ce324bb82567913e1514a410f2bb582a6d8528a6ea98fbb2b74646f92c,a789b01b17129967eecd25421cde715dc938f6e3b95b30f735ff978f0882361e,0.0,0.23191398940980434,0.0,0.5703689530491829,0.13177888467907906,0.660233898088336,0.16465387307107449,1.7589495982974768,0.25377701967954636,0.271880067884922,10.01461991108954,447.5912544876337,2451.560819055885,108500,500,,2.793683898093503,,False,False,ok
BNCI2014_001,fixed_spectral_normalized_power_s1,fixed,spectral,normalized_power,8,6398,218,500,500,1.0,22,253,0.0003467787970982944,0.018621997666692324,7.609449069408578,0.7408781642084202,25.912183579157976,25.912183579157976,0.00048031406265505895,2.793683898093503,7.182754667631059e-05,0.00028571613965682873,0.006000378951401412,2.0691442951746634e-05,188.24073761048203,5.716247880429665,0.03017952124818757,0.09236224807369398,0.1459989447547685,6398,2b1b45e4e4a812f6d748c2c175962332f0dbca2acd50b6a4d146c963428b0e9a,full_tensor_sha256,6be8a194f257b1d6a24c9e789f5fb17cdf00dd9fdb0e0ad07b8fe84e0c965627,123ea5ce324bb82567913e1514a410f2bb582a6d8528a6ea98fbb2b74646f92c,a789b01b17129967eecd25421cde715dc938f6e3b95b30f735ff978f0882361e,0.0,0.23069605231285095,0.0,0.5711200647056103,0.13325386680662632,0.658906064927578,0.27804006822407246,1.872016116976738,0.25377701967954636,0.271880067884922,13.160956092178822,449.46327060461044,2464.721775148064,109000,500,,2.793683898093503,,False,False,ok
BNCI2014_001,fixed_spectral_normalized_power_s1,fixed,spectral,normalized_power,8,6398,219,500,500,1.0,22,253,0.0003352638721657583,0.018310212237048436,7.609765884870557,0.740909010286201,25.909098971379898,25.909098971379898,0.0004720048190760012,2.793683898093503,6.983602382358728e-05,0.00027592311427070425,0.005795892143497966,2.0757716651638835e-05,188.24073761048203,5.716247880429664,0.03017952124818757,0.09236224807369398,0.1459989447547685,6398,2b1b45e4e4a812f6d748c2c175962332f0dbca2acd50b6a4d146c963428b0e9a,full_tensor_sha256,6be8a194f257b1d6a24c9e789f5fb17cdf00dd9fdb0e0ad07b8fe84e0c965627,123ea5ce324bb82567913e1514a410f2bb582a6d8528a6ea98fbb2b74646f92c,a789b01b17129967eecd25421cde715dc938f6e3b95b30f735ff978f0882361e,0.0,0.23656105622649193,0.0,0.5888701416552067,0.1603288110345602,0.7863899227231741,0.2109429333359003,1.9830928649753332,0.25377701967954636,0.271880067884922,11.858871905133128,451.4463634695858,2476.580647053197,109500,500,,2.793683898093503,,False,False,ok
BNCI2014_001,fixed_spectral_normalized_power_s1,fixed,spectral,normalized_power,8,6398,220,500,500,1.0,22,253,0.0003467685174614904,0.018621721656750495,7.609535645493481,0.7408865935086577,25.911340649134235,25.911340649134235,0.00048030554157625557,2.793683898093503,7.182487859725883e-05,0.000285725616462887,0.006001143278824447,2.0630045607631587e-05,188.240737610482,5.716247880429665,0.03017952124818757,0.09236224807369398,0.1459989447547685,6398,2b1b45e4e4a812f6d748c2c175962332f0dbca2acd50b6a4d146c963428b0e9a,full_tensor_sha256,6be8a194f257b1d6a24c9e789f5fb17cdf00dd9fdb0e0ad07b8fe84e0c965627,123ea5ce324bb82567913e1514a410f2bb582a6d8528a6ea98fbb2b74646f92c,a789b01b17129967eecd25421cde715dc938f6e3b95b30f735ff978f0882361e,0.0,0.24613598361611366,0.0,0.6158628966659307,0.13788091018795967,0.6245600525289774,0.1732830423861742,1.7977228853851557,0.25377701967954636,0.271880067884922,9.735916974022985,453.24408635497093,2486.31656402722,110000,500,,2.793683898093503,,False,False,ok
BNCI2014_001,fixed_spectral_normalized_power_s1,fixed,spectral,normalized_power,8,6398,221,500,500,1.0,22,253,0.0003352552421026893,0.018309976572969427,7.609845942382972,0.7409168049192011,25.908319508079888,25.908319508079888,0.00047199232288829923,2.793683898093503,6.980852588866895e-05,0.00027595313051332487,0.005796697445540577,2.068741808335384e-05,188.240737610482,5.716247880429664,0.03017952124818757,0.09236224807369398,0.1459989447547685,6398,2b1b45e4e4a812f6d748c2c175962332f0dbca2acd50b6a4d146c963428b0e9a,full_tensor_sha256,6be8a194f257b1d6a24c9e789f5fb17cdf00dd9fdb0e0ad07b8fe84e0c965627,123ea5ce324bb82567913e1514a410f2bb582a6d8528a6ea98fbb2b74646f92c,a789b01b17129967eecd25421cde715dc938f6e3b95b30f735ff978f0882361e,0.0,0.23583904840052128,0.0,0.5675011780112982,0.14360598288476467,0.6977829616516829,0.17814594320952892,1.822875114157796,0.25377701967954636,0.271880067884922,10.550588136538863,455.0669614691287,2496.867152163759,110500,500,,2.793683898093503,,False,False,ok
BNCI2014_001,fixed_spectral_normalized_power_s1,fixed,spectral,normalized_power,8,6398,222,500,500,1.0,22,253,0.00034675741286472575,0.01862142349190109,7.609634467253631,0.7408962150835675,25.91037849164325,25.91037849164325,0.00048032126162302465,2.793683898093503,7.178570166766679e-05,0.0002857118989655766,0.006000092692023493,2.0649055171749068e-05,188.240737610482,5.716247880429664,0.03017952124818757,0.09236224807369398,0.1459989447547685,6398,2b1b45e4e4a812f6d748c2c175962332f0dbca2acd50b6a4d146c963428b0e9a,full_tensor_sha256,6be8a194f257b1d6a24c9e789f5fb17cdf00dd9fdb0e0ad07b8fe84e0c965627,123ea5ce324bb82567913e1514a410f2bb582a6d8528a6ea98fbb2b74646f92c,a789b01b17129967eecd25421cde715dc938f6e3b95b30f735ff978f0882361e,0.0,0.244928989559412,0.0,0.6097191944718361,0.13938499614596367,0.7077699992805719,0.1762609463185072,1.878064125776291,0.25377701967954636,0.271880067884922,9.451949037611485,456.945025594905,2506.3191012013704,111000,500,,2.793683898093503,,False,False,ok
BNCI2014_001,fixed_spectral_normalized_power_s1,fixed,spectral,normalized_power,8,6398,223,500,500,1.0,22,253,0.0003352472929707985,0.01830975950062694,7.609933833019572,0.7409253622080274,25.907463779197258,25.907463779197258,0.00047201394007070273,2.793683898093503,6.979740249580484e-05,0.0002759280480645814,0.005795962399038048,2.0674986790795217e-05,188.240737610482,5.716247880429664,0.03017952124818757,0.09236224807369398,0.1459989447547685,6398,2b1b45e4e4a812f6d748c2c175962332f0dbca2acd50b6a4d146c963428b0e9a,full_tensor_sha256,6be8a194f257b1d6a24c9e789f5fb17cdf00dd9fdb0e0ad07b8fe84e0c965627,123ea5ce324bb82567913e1514a410f2bb582a6d8528a6ea98fbb2b74646f92c,a789b01b17129967eecd25421cde715dc938f6e3b95b30f735ff978f0882361e,0.0,0.23411400616168976,0.0,0.5810090806335211,0.13639102689921856,0.6821679417043924,0.262188958004117,1.8958710134029388,0.25377701967954636,0.271880067884922,14.190772082656622,458.84089660830796,2520.509873284027,111500,500,,2.793683898093503,,False,False,ok
BNCI2014_001,fixed_spectral_normalized_power_s1,fixed,spectral,normalized_power,8,6398,224,500,500,1.0,22,253,0.00034674625951427345,0.0186211240131812,7.6096942151812765,0.7409020323161353,25.909796768386474,25.909796768386474,0.00048030446845145956,2.793683898093503,7.178068569134797e-05,0.0002857314932903905,0.006001153220856791,2.0577776889592977e-05,188.240737610482,5.716247880429664,0.03017952124818757,0.09236224807369398,0.1459989447547685,6398,2b1b45e4e4a812f6d748c2c175962332f0dbca2acd50b6a4d146c963428b0e9a,full_tensor_sha256,6be8a194f257b1d6a24c9e789f5fb17cdf00dd9fdb0e0ad07b8fe84e0c965627,123ea5ce324bb82567913e1514a410f2bb582a6d8528a6ea98fbb2b74646f92c,a789b01b17129967eecd25421cde715dc938f6e3b95b30f735ff978f0882361e,0.0,0.259605934843421,0.0,0.7098889909684658,0.1724821049720049,0.8217550348490477,0.3944879863411188,2.358220051974058,0.25377701967954636,0.271880067884922,11.07478910125792,461.199116660282,2531.584662385285,112000,500,,2.793683898093503,,False,False,ok
BNCI2014_001,fixed_spectral_normalized_power_s1,fixed,spectral,normalized_power,8,6398,225,500,500,1.0,22,253,0.0003352395426669616,0.018309547855339343,7.610019298420658,0.7409336833688477,25.90663166311524,25.90663166311524,0.0004719860138191488,2.793683898093503,6.976604579883143e-05,0.0002759705251437238,0.005797089862698907,2.0589850113643345e-05,188.24073761048203,5.716247880429664,0.03017952124818757,0.09236224807369398,0.1459989447547685,6398,2b1b45e4e4a812f6d748c2c175962332f0dbca2acd50b6a4d146c963428b0e9a,full_tensor_sha256,6be8a194f257b1d6a24c9e789f5fb17cdf00dd9fdb0e0ad07b8fe84e0c965627,123ea5ce324bb82567913e1514a410f2bb582a6d8528a6ea98fbb2b74646f92c,a789b01b17129967eecd25421cde715dc938f6e3b95b30f735ff978f0882361e,0.0,0.2406539861112833,0.0,0.6137578748166561,0.13738498091697693,0.7490860298275948,0.17212098464369774,1.9130038563162088,0.25377701967954636,0.271880067884922,9.9614760838449,463.1121205165982,2541.54613846913,112500,500,,2.793683898093503,,False,False,ok
BNCI2014_001,fixed_spectral_normalized_power_s1,fixed,spectral,normalized_power,8,6398,226,500,500,1.0,22,253,0.0003467354426544521,0.018620833564973724,7.609803892479986,0.7409127108179535,25.908728918204652,25.908728918204652,0.0004803152511988605,2.793683898093503,7.174056338007359e-05,0.0002857130851283297,0.00599989125107892,2.05745223063861e-05,188.240737610482,5.716247880429664,0.03017952124818757,0.09236224807369398,0.1459989447547685,6398,2b1b45e4e4a812f6d748c2c175962332f0dbca2acd50b6a4d146c963428b0e9a,full_tensor_sha256,6be8a194f257b1d6a24c9e789f5fb17cdf00dd9fdb0e0ad07b8fe84e0c965627,123ea5ce324bb82567913e1514a410f2bb582a6d8528a6ea98fbb2b74646f92c,a789b01b17129967eecd25421cde715dc938f6e3b95b30f735ff978f0882361e,0.0,0.2315901219844818,0.0,0.5652059335261583,0.13044290244579315,0.8647989016026258,0.16285781748592854,1.9548956770449877,0.25377701967954636,0.271880067884922,9.81866312213242,465.0670161936432,2551.364801591262,113000,500,,2.793683898093503,,False,False,ok
BNCI2014_001,fixed_spectral_normalized_power_s1,fixed,spectral,normalized_power,8,6398,227,500,500,1.0,22,253,0.00033523182056639973,0.01830933697779359,7.610090873349983,0.7409406521128077,25.905934788719236,25.905934788719236,0.0004720251159217624,2.793683898093503,6.975081182797317e-05,0.0002759323147868672,0.005795537675229211,2.055151925556659e-05,188.24073761048203,5.716247880429664,0.03017952124818757,0.09236224807369398,0.1459989447547685,6398,2b1b45e4e4a812f6d748c2c175962332f0dbca2acd50b6a4d146c963428b0e9a,full_tensor_sha256,6be8a194f257b1d6a24c9e789f5fb17cdf00dd9fdb0e0ad07b8fe84e0c965627,123ea5ce324bb82567913e1514a410f2bb582a6d8528a6ea98fbb2b74646f92c,a789b01b17129967eecd25421cde715dc938f6e3b95b30f735ff978f0882361e,0.0,0.22700289264321327,0.0,0.5489198956638575,0.13194885104894638,0.9015400428324938,0.16246014274656773,1.9718718249350786,0.25377701967954636,0.271880067884922,10.497500887140632,467.0388880185783,2561.862302478403,113500,500,,2.793683898093503,,False,False,ok
BNCI2014_001,fixed_spectral_normalized_power_s1,fixed,spectral,normalized_power,8,6398,228,500,500,1.0,22,253,0.0003467246748749612,0.01862054443014385,7.609860410057699,0.7409182135342263,25.908178646577372,25.908178646577372,0.0004803107081827922,2.793683898093503,7.173698885826485e-05,0.0002857275098287136,0.0060006967609542005,2.049670502340605e-05,188.24073761048203,5.716247880429664,0.03017952124818757,0.09236224807369398,0.1459989447547685,6398,2b1b45e4e4a812f6d748c2c175962332f0dbca2acd50b6a4d146c963428b0e9a,full_tensor_sha256,6be8a194f257b1d6a24c9e789f5fb17cdf00dd9fdb0e0ad07b8fe84e0c965627,123ea5ce324bb82567913e1514a410f2bb582a6d8528a6ea98fbb2b74646f92c,a789b01b17129967eecd25421cde715dc938f6e3b95b30f735ff978f0882361e,0.0,0.22712280042469501,0.0,0.5425040144473314,0.12912997044622898,0.8142068982124329,0.16371393576264381,1.876677619293332,0.25377701967954636,0.271880067884922,9.87340696156025,468.9155656378716,2571.735709439963,114000,500,,2.793683898093503,,False,False,ok
BNCI2014_001,fixed_spectral_normalized_power_s1,fixed,spectral,normalized_power,8,6398,229,500,500,1.0,22,253,0.0003352239417332575,0.018309121817642087,7.610167632134824,0.7409481255720661,25.905187442793384,25.905187442793384,0.0004719864516819288,2.793683898093503,6.972684791445615e-05,0.00027598136868484986,0.005797229698537334,2.057884620572042e-05,188.240737610482,5.716247880429664,0.03017952124818757,0.09236224807369398,0.1459989447547685,6398,2b1b45e4e4a812f6d748c2c175962332f0dbca2acd50b6a4d146c963428b0e9a,full_tensor_sha256,6be8a194f257b1d6a24c9e789f5fb17cdf00dd9fdb0e0ad07b8fe84e0c965627,123ea5ce324bb82567913e1514a410f2bb582a6d8528a6ea98fbb2b74646f92c,a789b01b17129967eecd25421cde715dc938f6e3b95b30f735ff978f0882361e,0.0,0.22903294302523136,0.0,0.5730148404836655,0.16072881408035755,1.0664148721843958,0.20378222689032555,2.2329736966639757,0.25377701967954636,0.271880067884922,10.46835002489388,471.1485393345356,2582.204059464857,114500,500,,2.793683898093503,,False,False,ok
BNCI2014_001,fixed_spectral_normalized_power_s1,fixed,spectral,normalized_power,8,6398,230,500,500,1.0,22,253,0.00034671381059915834,0.018620252699659,7.609951852938744,0.7409271166799364,25.907288332006356,25.907288332006356,0.0004803063107006885,2.793683898093503,7.169603561484534e-05,0.0002857190884835258,0.005999826431535469,2.0506461073117372e-05,188.240737610482,5.716247880429664,0.03017952124818757,0.09236224807369398,0.1459989447547685,6398,2b1b45e4e4a812f6d748c2c175962332f0dbca2acd50b6a4d146c963428b0e9a,full_tensor_sha256,6be8a194f257b1d6a24c9e789f5fb17cdf00dd9fdb0e0ad07b8fe84e0c965627,123ea5ce324bb82567913e1514a410f2bb582a6d8528a6ea98fbb2b74646f92c,a789b01b17129967eecd25421cde715dc938f6e3b95b30f735ff978f0882361e,0.0,0.24352199397981167,0.0,0.5819250363856554,0.14026393182575703,0.60445093549788,0.1728530041873455,1.7430149018764496,0.25377701967954636,0.271880067884922,10.237916139885783,472.89155423641205,2592.4419756047428,115000,500,,2.793683898093503,,False,False,ok
BNCI2014_001,fixed_spectral_normalized_power_s1,fixed,spectral,normalized_power,8,6398,231,500,500,1.0,22,253,0.00033521683094126864,0.018308927629472695,7.610248331836236,0.7409559827304608,25.904401726953918,25.904401726953918,0.0004720235972668818,2.793683898093503,6.971279285139046e-05,0.00027592885926781884,0.005795194298419626,2.0353958755867835e-05,188.24073761048203,5.716247880429664,0.03017952124818757,0.09236224807369398,0.1459989447547685,6398,2b1b45e4e4a812f6d748c2c175962332f0dbca2acd50b6a4d146c963428b0e9a,full_tensor_sha256,6be8a194f257b1d6a24c9e789f5fb17cdf00dd9fdb0e0ad07b8fe84e0c965627,123ea5ce324bb82567913e1514a410f2bb582a6d8528a6ea98fbb2b74646f92c,a789b01b17129967eecd25421cde715dc938f6e3b95b30f735ff978f0882361e,0.0,0.23074308410286903,0.0,0.5550170317292213,0.1314838882535696,0.7279280107468367,0.16416003927588463,1.8093320541083813,0.25377701967954636,0.271880067884922,9.70579101704061,474.70088629052043,2602.1477666217834,115500,500,,2.793683898093503,,False,False,ok
BNCI2014_001,fixed_spectral_normalized_power_s1,fixed,spectral,normalized_power,8,6398,232,500,500,1.0,22,253,0.00034670336702330635,0.018619972261614846,7.610028022334619,0.7409345327545654,25.906546724543453,25.906546724543453,0.00048031707421682064,2.793683898093503,7.169108159793262e-05,0.0002857315109601715,0.006000594131888054,2.0404467936823116e-05,188.240737610482,5.716247880429664,0.03017952124818757,0.09236224807369398,0.1459989447547685,6398,2b1b45e4e4a812f6d748c2c175962332f0dbca2acd50b6a4d146c963428b0e9a,full_tensor_sha256,6be8a194f257b1d6a24c9e789f5fb17cdf00dd9fdb0e0ad07b8fe84e0c965627,123ea5ce324bb82567913e1514a410f2bb582a6d8528a6ea98fbb2b74646f92c,a789b01b17129967eecd25421cde715dc938f6e3b95b30f735ff978f0882361e,0.0,0.2292159479111433,0.0,0.5594431422650814,0.13017002493143082,0.5569560453295708,0.16283709555864334,1.6386222559958696,0.25377701967954636,0.271880067884922,9.66194598004222,476.3395085465163,2611.8097126018256,116000,500,,2.793683898093503,,False,False,ok
BNCI2014_001,fixed_spectral_normalized_power_s1,fixed,spectral,normalized_power,8,6398,233,500,500,1.0,22,253,0.00033520949562304016,0.018308727307572204,7.610323989711049,0.7409633490019067,25.903665099809327,25.903665099809327,0.00047199351776905764,2.793683898093503,6.968572563297734e-05,0.00027600290493065,0.005797730184513044,2.053692612350934e-05,188.240737610482,5.716247880429664,0.03017952124818757,0.09236224807369398,0.1459989447547685,6398,2b1b45e4e4a812f6d748c2c175962332f0dbca2acd50b6a4d146c963428b0e9a,full_tensor_sha256,6be8a194f257b1d6a24c9e789f5fb17cdf00dd9fdb0e0ad07b8fe84e0c965627,123ea5ce324bb82567913e1514a410f2bb582a6d8528a6ea98fbb2b74646f92c,a789b01b17129967eecd25421cde715dc938f6e3b95b30f735ff978f0882361e,0.0,0.22584106773138046,0.0,0.5407491698861122,0.12741400860249996,0.5853171460330486,0.1590140163898468,1.638335408642888,0.25377701967954636,0.271880067884922,10.123643092811108,477.9778439551592,2621.9333556946367,116500,500,,2.793683898093503,,False,False,ok
BNCI2014_001,fixed_spectral_normalized_power_s1,fixed,spectral,normalized_power,8,6398,234,500,500,1.0,22,253,0.00034669353599043527,0.018619708268134475,7.610110869101844,0.7409425989575523,25.905740104244764,25.905740104244764,0.0004802976088955732,2.793683898093503,7.165801812601932e-05,0.0002857375742617939,0.006000441442343553,2.0434427642037085e-05,188.240737610482,5.716247880429664,0.03017952124818757,0.09236224807369398,0.1459989447547685,6398,2b1b45e4e4a812f6d748c2c175962332f0dbca2acd50b6a4d146c963428b0e9a,full_tensor_sha256,6be8a194f257b1d6a24c9e789f5fb17cdf00dd9fdb0e0ad07b8fe84e0c965627,123ea5ce324bb82567913e1514a410f2bb582a6d8528a6ea98fbb2b74646f92c,a789b01b17129967eecd25421cde715dc938f6e3b95b30f735ff978f0882361e,0.0,0.23006112314760685,0.0,0.5619709845632315,0.13443594798445702,0.7010879926383495,0.16170600429177284,1.7892620526254177,0.25377701967954636,0.271880067884922,9.851963957771659,479.7671060077846,2631.7853196524084,117000,500,,2.793683898093503,,False,False,ok
BNCI2014_001,fixed_spectral_normalized_power_s1,fixed,spectral,normalized_power,8,6398,235,500,500,1.0,22,253,0.0003352023517110511,0.018308532210722168,7.610385180750752,0.7409693067400751,25.903069325992487,25.903069325992487,0.00047201783047517385,2.793683898093503,6.967438041654328e-05,0.0002759359606100444,0.0057952825406091075,2.037956091074701e-05,188.240737610482,5.716247880429664,0.03017952124818757,0.09236224807369398,0.1459989447547685,6398,2b1b45e4e4a812f6d748c2c175962332f0dbca2acd50b6a4d146c963428b0e9a,full_tensor_sha256,6be8a194f257b1d6a24c9e789f5fb17cdf00dd9fdb0e0ad07b8fe84e0c965627,123ea5ce324bb82567913e1514a410f2bb582a6d8528a6ea98fbb2b74646f92c,a789b01b17129967eecd25421cde715dc938f6e3b95b30f735ff978f0882361e,0.0,0.2548058982938528,0.0,0.702054938301444,0.15301909297704697,0.8386780973523855,0.20736106671392918,2.1559190936386585,0.25377701967954636,0.271880067884922,10.312454774975777,481.92302510142326,2642.097774427384,117500,500,,2.793683898093503,,False,False,ok
BNCI2014_001,fixed_spectral_normalized_power_s1,fixed,spectral,normalized_power,8,6398,236,500,500,1.0,22,253,0.0003466837597157171,0.0186194457413672,7.6101656874007855,0.7409479362270858,25.90520637729142,25.90520637729142,0.0004803157410541393,2.7936838980935024,7.165191362986715e-05,0.00028572719708024134,0.006000243657388172,2.0370508911141116e-05,188.240737610482,5.716247880429664,0.03017952124818757,0.09236224807369398,0.1459989447547685,6398,2b1b45e4e4a812f6d748c2c175962332f0dbca2acd50b6a4d146c963428b0e9a,full_tensor_sha256,6be8a194f257b1d6a24c9e789f5fb17cdf00dd9fdb0e0ad07b8fe84e0c965627,123ea5ce324bb82567913e1514a410f2bb582a6d8528a6ea98fbb2b74646f92c,a789b01b17129967eecd25421cde715dc938f6e3b95b30f735ff978f0882361e,0.0,0.23181992582976818,0.0,0.5786388646811247,0.13275397941470146,0.6632921285927296,0.16828789375722408,1.774792792275548,0.25377701967954636,0.271880067884922,11.703553143888712,483.6978178936988,2653.801327571273,118000,500,,2.793683898093503,,False,False,ok
BNCI2014_001,fixed_spectral_normalized_power_s1,fixed,spectral,normalized_power,8,6398,237,500,500,1.0,22,253,0.00033519545741582044,0.018308343928816185,7.610476299040906,0.740978178282669,25.9021821717331,25.9021821717331,0.0004720070706849572,2.793683898093503,6.964954505610448e-05,0.0002760024289285825,0.005797554705122669,2.04238867356644e-05,188.240737610482,5.716247880429664,0.03017952124818757,0.09236224807369398,0.1459989447547685,6398,2b1b45e4e4a812f6d748c2c175962332f0dbca2acd50b6a4d146c963428b0e9a,full_tensor_sha256,6be8a194f257b1d6a24c9e789f5fb17cdf00dd9fdb0e0ad07b8fe84e0c965627,123ea5ce324bb82567913e1514a410f2bb582a6d8528a6ea98fbb2b74646f92c,a789b01b17129967eecd25421cde715dc938f6e3b95b30f735ff978f0882361e,0.0,0.2539090346544981,0.0,0.6114370189607143,0.14041084796190262,0.7505910471081734,0.1831080298870802,1.9394559785723686,0.25377701967954636,0.271880067884922,12.104602996259928,485.6372738722712,2665.905930567533,118500,500,,2.793683898093503,,False,False,ok
BNCI2014_001,fixed_spectral_normalized_power_s1,fixed,spectral,normalized_power,8,6398,238,500,500,1.0,22,253,0.0003466737005236432,0.018619175613427227,7.610268892162005,0.7409579845437685,25.904201545623152,25.904201545623152,0.0004803058996724996,2.793683898093503,7.16148915691737e-05,0.00028575851995431766,0.006000899655647938,2.0412204979539077e-05,188.24073761048203,5.716247880429664,0.03017952124818757,0.09236224807369398,0.1459989447547685,6398,2b1b45e4e4a812f6d748c2c175962332f0dbca2acd50b6a4d146c963428b0e9a,full_tensor_sha256,6be8a194f257b1d6a24c9e789f5fb17cdf00dd9fdb0e0ad07b8fe84e0c965627,123ea5ce324bb82567913e1514a410f2bb582a6d8528a6ea98fbb2b74646f92c,a789b01b17129967eecd25421cde715dc938f6e3b95b30f735ff978f0882361e,0.0,0.24292618036270142,0.0,0.601516105234623,0.13722502626478672,0.6370020564645529,0.17924699932336807,1.797916367650032,0.25377701967954636,0.271880067884922,12.068690033629537,487.4351902399212,2677.9746206011623,119000,500,,2.793683898093503,,False,False,ok
BNCI2014_001,fixed_spectral_normalized_power_s1,fixed,spectral,normalized_power,8,6398,239,500,500,1.0,22,253,0.0003351889918725209,0.01830816735428538,7.610534397131276,0.7409838348822657,25.901616511773433,25.901616511773433,0.0004720174320261613,2.793683898093503,6.963743312897452e-05,0.0002759522017463091,0.00579560189535591,2.0403764932756914e-05,188.24073761048203,5.716247880429664,0.03017952124818757,0.09236224807369398,0.1459989447547685,6398,2b1b45e4e4a812f6d748c2c175962332f0dbca2acd50b6a4d146c963428b0e9a,full_tensor_sha256,6be8a194f257b1d6a24c9e789f5fb17cdf00dd9fdb0e0ad07b8fe84e0c965627,123ea5ce324bb82567913e1514a410f2bb582a6d8528a6ea98fbb2b74646f92c,a789b01b17129967eecd25421cde715dc938f6e3b95b30f735ff978f0882361e,0.0,0.2447059378027916,0.0,0.6033559329807758,0.13863109052181244,0.5932499188929796,0.19313115626573563,1.7730740364640951,0.25377701967954636,0.271880067884922,11.758612003177404,489.2082642763853,2689.7332326043397,119500,500,,2.793683898093503,,False,False,ok
BNCI2014_001,fixed_spectral_normalized_power_s1,fixed,spectral,normalized_power,8,6398,240,500,500,1.0,22,253,0.0003466643490173496,0.01861892448605315,7.610317917710361,0.740962757814203,25.903724218579708,25.903724218579708,0.00048030034031045984,2.793683898093503,7.161492177621214e-05,0.00028572709044830395,0.005999968516867805,2.0285213010794895e-05,188.24073761048203,5.716247880429664,0.03017952124818757,0.09236224807369398,0.1459989447547685,6398,2b1b45e4e4a812f6d748c2c175962332f0dbca2acd50b6a4d146c963428b0e9a,full_tensor_sha256,6be8a194f257b1d6a24c9e789f5fb17cdf00dd9fdb0e0ad07b8fe84e0c965627,123ea5ce324bb82567913e1514a410f2bb582a6d8528a6ea98fbb2b74646f92c,a789b01b17129967eecd25421cde715dc938f6e3b95b30f735ff978f0882361e,0.0,0.24394900538027287,0.0,0.5901488475501537,0.1365069765597582,0.578099861741066,0.17827400006353855,1.7269786912947893,0.25377701967954636,0.271880067884922,11.373728048056364,490.9352429676801,2701.106960652396,120000,500,,2.793683898093503,,False,False,ok
BNCI2014_001,fixed_spectral_normalized_power_s1,fixed,spectral,normalized_power,8,6398,241,500,500,1.0,22,253,0.0003351823478233521,0.018307985902970104,7.610627188776613,0.7409928693476027,25.900713065239735,25.900713065239735,0.00047201011367333195,2.793683898093503,6.961619945335897e-05,0.00027600046060501733,0.005797279757174122,2.0345637526320715e-05,188.24073761048203,5.716247880429664,0.03017952124818757,0.09236224807369398,0.1459989447547685,6398,2b1b45e4e4a812f6d748c2c175962332f0dbca2acd50b6a4d146c963428b0e9a,full_tensor_sha256,6be8a194f257b1d6a24c9e789f5fb17cdf00dd9fdb0e0ad07b8fe84e0c965627,123ea5ce324bb82567913e1514a410f2bb582a6d8528a6ea98fbb2b74646f92c,a789b01b17129967eecd25421cde715dc938f6e3b95b30f735ff978f0882361e,0.0,0.2633640542626381,0.0,0.6094528362154961,0.1410241238772869,0.6644111126661301,0.1873299479484558,1.865582074970007,0.25377701967954636,0.271880067884922,11.704779928550124,492.8008250426501,2712.811740580946,120500,500,,2.793683898093503,,False,False,ok
BNCI2014_001,fixed_spectral_normalized_power_s1,fixed,spectral,normalized_power,8,6398,242,500,500,1.0,22,253,0.0003466554983496941,0.01861868680518833,7.610419296393719,0.7409726283386168,25.902737166138323,25.902737166138323,0.00048031375474247556,2.793683898093503,7.157560280265873e-05,0.00028575637237454815,0.0060005768363193355,2.0352964058226323e-05,188.240737610482,5.716247880429664,0.03017952124818757,0.09236224807369398,0.1459989447547685,6398,2b1b45e4e4a812f6d748c2c175962332f0dbca2acd50b6a4d146c963428b0e9a,full_tensor_sha256,6be8a194f257b1d6a24c9e789f5fb17cdf00dd9fdb0e0ad07b8fe84e0c965627,123ea5ce324bb82567913e1514a410f2bb582a6d8528a6ea98fbb2b74646f92c,a789b01b17129967eecd25421cde715dc938f6e3b95b30f735ff978f0882361e,0.0,0.23752101697027683,0.0,0.6025710608810186,0.13487390242516994,0.6504061166197062,0.1708311028778553,1.7962031997740269,0.25377701967954636,0.271880067884922,11.893486138433218,494.59702824242413,2724.7052267193794,121000,500,,2.793683898093503,,False,False,ok
BNCI2014_001,fixed_spectral_normalized_power_s1,fixed,spectral,normalized_power,8,6398,243,500,500,1.0,22,253,0.0003351760186917045,0.018307813050490344,7.6107097807297395,0.7410009107411455,25.899908925885452,25.899908925885452,0.0004720262675732656,2.793683898093503,6.959983578571166e-05,0.0002759863442514112,0.005796626856268538,2.0297067157152905e-05,188.240737610482,5.716247880429664,0.03017952124818757,0.09236224807369398,0.1459989447547685,6398,2b1b45e4e4a812f6d748c2c175962332f0dbca2acd50b6a4d146c963428b0e9a,full_tensor_sha256,6be8a194f257b1d6a24c9e789f5fb17cdf00dd9fdb0e0ad07b8fe84e0c965627,123ea5ce324bb82567913e1514a410f2bb582a6d8528a6ea98fbb2b74646f92c,a789b01b17129967eecd25421cde715dc938f6e3b95b30f735ff978f0882361e,0.0,0.2438160590827465,0.0,0.6001188885420561,0.13898499310016632,0.6394640076905489,0.18799002282321453,1.8103739712387323,0.25377701967954636,0.271880067884922,9.761131834238768,496.40740221366286,2734.466358553618,121500,500,,2.793683898093503,,False,False,ok
BNCI2014_001,fixed_spectral_normalized_power_s1,fixed,spectral,normalized_power,8,6398,244,500,500,1.0,22,253,0.00034664699878895144,0.01861845855029227,7.610483939148353,0.7409789221458223,25.902107785417773,25.902107785417773,0.0004803013335572499,2.793683898093503,7.157936135161444e-05,0.0002857414494267802,0.0060004541982828456,2.0221699264672074e-05,188.240737610482,5.716247880429664,0.03017952124818757,0.09236224807369398,0.1459989447547685,6398,2b1b45e4e4a812f6d748c2c175962332f0dbca2acd50b6a4d146c963428b0e9a,full_tensor_sha256,6be8a194f257b1d6a24c9e789f5fb17cdf00dd9fdb0e0ad07b8fe84e0c965627,123ea5ce324bb82567913e1514a410f2bb582a6d8528a6ea98fbb2b74646f92c,a789b01b17129967eecd25421cde715dc938f6e3b95b30f735ff978f0882361e,0.0,0.2298140898346901,0.0,0.5555530078709126,0.13274815864861012,0.6129469256848097,0.16418704763054848,1.695249229669571,0.25377701967954636,0.271880067884922,10.281366063281894,498.10265144333243,2744.7477246169,122000,500,,2.793683898093503,,False,False,ok
BNCI2014_001,fixed_spectral_normalized_power_s1,fixed,spectral,normalized_power,8,6398,245,500,500,1.0,22,253,0.00033517030372335596,0.018307656969786056,7.610764023113537,0.7410061919379002,25.899380806209987,25.899380806209987,0.00047200204816144007,2.793683898093503,6.958287199104449e-05,0.00027600824403358626,0.005797294695937401,2.0290388143717525e-05,188.240737610482,5.716247880429664,0.03017952124818757,0.09236224807369398,0.1459989447547685,6398,2b1b45e4e4a812f6d748c2c175962332f0dbca2acd50b6a4d146c963428b0e9a,full_tensor_sha256,6be8a194f257b1d6a24c9e789f5fb17cdf00dd9fdb0e0ad07b8fe84e0c965627,123ea5ce324bb82567913e1514a410f2bb582a6d8528a6ea98fbb2b74646f92c,a789b01b17129967eecd25421cde715dc938f6e3b95b30f735ff978f0882361e,0.0,0.2658229786902666,0.0,0.7250418420881033,0.15794998034834862,0.83404709585011,0.21009985357522964,2.192961750552058,0.25377701967954636,0.271880067884922,10.891111101955175,500.2956131938845,2755.6388357188553,122500,500,,2.793683898093503,,False,False,ok
BNCI2014_001,fixed_spectral_normalized_power_s1,fixed,spectral,normalized_power,8,6398,246,500,500,1.0,22,253,0.00034663828476077656,0.018618224532988545,7.610560633093185,0.7409863892920684,25.901361070793165,25.901361070793165,0.00048030367952147263,2.793683898093503,7.154029326070811e-05,0.00028575302960807253,0.0060003048909354805,2.0278253309129604e-05,188.240737610482,5.716247880429664,0.03017952124818757,0.09236224807369398,0.1459989447547685,6398,2b1b45e4e4a812f6d748c2c175962332f0dbca2acd50b6a4d146c963428b0e9a,full_tensor_sha256,6be8a194f257b1d6a24c9e789f5fb17cdf00dd9fdb0e0ad07b8fe84e0c965627,123ea5ce324bb82567913e1514a410f2bb582a6d8528a6ea98fbb2b74646f92c,a789b01b17129967eecd25421cde715dc938f6e3b95b30f735ff978f0882361e,0.0,0.23765605874359608,0.0,0.590896001085639,0.13659801334142685,0.6880289874970913,0.18657604232430458,1.8397551029920578,0.25377701967954636,0.271880067884922,9.949148166924715,502.13536829687655,2765.58798388578,123000,500,,2.793683898093503,,False,False,ok
BNCI2014_001,fixed_spectral_normalized_power_s1,fixed,spectral,normalized_power,8,6398,247,500,500,1.0,22,253,0.00033516433283401517,0.018307493898237825,7.610845864548186,0.7410141602587741,25.89858397412259,25.89858397412259,0.0004720339404959165,2.793683898093503,6.956759103729089e-05,0.00027597654745418777,0.005796049438260047,2.0264624706100517e-05,188.240737610482,5.716247880429664,0.03017952124818757,0.09236224807369398,0.1459989447547685,6398,2b1b45e4e4a812f6d748c2c175962332f0dbca2acd50b6a4d146c963428b0e9a,full_tensor_sha256,6be8a194f257b1d6a24c9e789f5fb17cdf00dd9fdb0e0ad07b8fe84e0c965627,123ea5ce324bb82567913e1514a410f2bb582a6d8528a6ea98fbb2b74646f92c,a789b01b17129967eecd25421cde715dc938f6e3b95b30f735ff978f0882361e,0.0,0.2325940877199173,0.0,0.563957029953599,0.1317600253969431,0.6079638842493296,0.1638669054955244,1.7001419328153133,0.25377701967954636,0.271880067884922,10.050764074549079,503.83551022969186,2775.638747960329,123500,500,,2.793683898093503,,False,False,ok
BNCI2014_001,fixed_spectral_normalized_power_s1,fixed,spectral,normalized_power,8,6398,248,500,500,1.0,22,253,0.0003466301196507059,0.01861800525434199,7.610643734224878,0.740994480260722,25.9005519739278,25.9005519739278,0.000480307657453657,2.793683898093503,7.154073481350981e-05,0.0002857562017119264,0.006000773060460235,2.0193911590501823e-05,188.240737610482,5.716247880429664,0.03017952124818757,0.09236224807369398,0.1459989447547685,6398,2b1b45e4e4a812f6d748c2c175962332f0dbca2acd50b6a4d146c963428b0e9a,full_tensor_sha256,6be8a194f257b1d6a24c9e789f5fb17cdf00dd9fdb0e0ad07b8fe84e0c965627,123ea5ce324bb82567913e1514a410f2bb582a6d8528a6ea98fbb2b74646f92c,a789b01b17129967eecd25421cde715dc938f6e3b95b30f735ff978f0882361e,0.0,0.24148798547685146,0.0,0.5884738638997078,0.13421406038105488,0.6156489253044128,0.17463811673223972,1.7544629517942667,0.25377701967954636,0.271880067884922,9.680669056251645,505.58997318148613,2785.3194170165807,124000,500,,2.793683898093503,,False,False,ok
BNCI2014_001,fixed_spectral_normalized_power_s1,fixed,spectral,normalized_power,8,6398,249,500,500,1.0,22,253,0.0003351581601485831,0.018307325313889605,7.6109116462193125,0.7410205649542123,25.897943504578766,25.897943504578766,0.0004720085133922577,2.793683898093503,6.954447554991383e-05,0.0002760200658904094,0.005797458898942178,2.0263370631344475e-05,188.240737610482,5.716247880429664,0.03017952124818757,0.09236224807369398,0.1459989447547685,6398,2b1b45e4e4a812f6d748c2c175962332f0dbca2acd50b6a4d146c963428b0e9a,full_tensor_sha256,6be8a194f257b1d6a24c9e789f5fb17cdf00dd9fdb0e0ad07b8fe84e0c965627,123ea5ce324bb82567913e1514a410f2bb582a6d8528a6ea98fbb2b74646f92c,a789b01b17129967eecd25421cde715dc938f6e3b95b30f735ff978f0882361e,0.0,0.23531890474259853,0.0,0.5526870954781771,0.12990296818315983,0.5641400348395109,0.1635721419006586,1.645621145144105,0.25377701967954636,0.271880067884922,9.373521897941828,507.23559432663023,2794.6929389145225,124500,500,,2.793683898093503,,False,False,ok
BNCI2014_001,fixed_spectral_normalized_power_s1,fixed,spectral,normalized_power,8,6398,250,500,500,1.0,22,253,0.00034662190405228136,0.018617784617195498,7.610709493698485,0.741000882794945,25.899911720505504,25.899911720505504,0.00048029616466685644,2.793683898093503,7.150955224927936e-05,0.00028575728054531304,0.006000367713705343,2.0199314005625864e-05,188.240737610482,5.716247880429664,0.03017952124818757,0.09236224807369398,0.1459989447547685,6398,2b1b45e4e4a812f6d748c2c175962332f0dbca2acd50b6a4d146c963428b0e9a,full_tensor_sha256,6be8a194f257b1d6a24c9e789f5fb17cdf00dd9fdb0e0ad07b8fe84e0c965627,123ea5ce324bb82567913e1514a410f2bb582a6d8528a6ea98fbb2b74646f92c,a789b01b17129967eecd25421cde715dc938f6e3b95b30f735ff978f0882361e,0.0,0.23116101510822773,0.0,0.5479529500007629,0.12904801405966282,0.5666289944201708,0.1636100932955742,1.6384010668843985,0.25377701967954636,0.271880067884922,11.54615799896419,508.87399539351463,2806.2390969134867,125000,500,,2.793683898093503,,False,False,ok
BNCI2014_001,fixed_spectral_normalized_power_s1,fixed,spectral,normalized_power,8,6398,251,500,500,1.0,22,253,0.00033515198330281634,0.018307156614363038,7.610977917009059,0.7410270172716666,25.89729827283334,25.89729827283334,0.0004720313185481747,2.7936838980935024,6.953775271614096e-05,0.00027597645522413946,0.005795884274099251,2.018444130108448e-05,188.240737610482,5.716247880429664,0.03017952124818757,0.09236224807369398,0.1459989447547685,6398,2b1b45e4e4a812f6d748c2c175962332f0dbca2acd50b6a4d146c963428b0e9a,full_tensor_sha256,6be8a194f257b1d6a24c9e789f5fb17cdf00dd9fdb0e0ad07b8fe84e0c965627,123ea5ce324bb82567913e1514a410f2bb582a6d8528a6ea98fbb2b74646f92c,a789b01b17129967eecd25421cde715dc938f6e3b95b30f735ff978f0882361e,0.0,0.2524610608816147,0.0,0.6908620707690716,0.1531899906694889,0.673897098749876,0.20325882360339165,1.9736690446734428,0.25377701967954636,0.271880067884922,10.889000026509166,510.8476644381881,2817.128096939996,125500,500,,2.793683898093503,,False,False,ok
BNCI2014_001,fixed_spectral_normalized_power_s1,fixed,spectral,normalized_power,8,6398,252,500,500,1.0,22,253,0.0003466137445934372,0.018617565485138952,7.610771019275244,0.7410068731046173,25.899312689538267,25.899312689538267,0.0004803101399202168,2.793683898093503,7.15044072553421e-05,0.00028574885574370534,0.006000218097643404,2.017153438568223e-05,188.24073761048203,5.716247880429665,0.03017952124818757,0.09236224807369398,0.1459989447547685,6398,2b1b45e4e4a812f6d748c2c175962332f0dbca2acd50b6a4d146c963428b0e9a,full_tensor_sha256,6be8a194f257b1d6a24c9e789f5fb17cdf00dd9fdb0e0ad07b8fe84e0c965627,123ea5ce324bb82567913e1514a410f2bb582a6d8528a6ea98fbb2b74646f92c,a789b01b17129967eecd25421cde715dc938f6e3b95b30f735ff978f0882361e,0.0,0.2388728316873312,0.0,0.5794328171759844,0.1364478375762701,0.5917479284107685,0.18030800856649876,1.726809423416853,0.25377701967954636,0.271880067884922,9.690705919638276,512.5744738616049,2826.818802859634,126000,500,,2.793683898093503,,False,False,ok
BNCI2014_001,fixed_spectral_normalized_power_s1,fixed,spectral,normalized_power,8,6398,253,500,500,1.0,22,253,0.0003351465567320021,0.018307008404761335,7.6110576552069205,0.7410347808152701,25.896521918472985,25.896521918472985,0.00047201869185970813,2.793683898093503,6.95157981098693e-05,0.0002760098917866457,0.005796926878160644,2.0211510759235938e-05,188.240737610482,5.716247880429664,0.03017952124818757,0.09236224807369398,0.1459989447547685,6398,2b1b45e4e4a812f6d748c2c175962332f0dbca2acd50b6a4d146c963428b0e9a,full_tensor_sha256,6be8a194f257b1d6a24c9e789f5fb17cdf00dd9fdb0e0ad07b8fe84e0c965627,123ea5ce324bb82567913e1514a410f2bb582a6d8528a6ea98fbb2b74646f92c,a789b01b17129967eecd25421cde715dc938f6e3b95b30f735ff978f0882361e,0.0,0.22848905064165592,0.0,0.552820973098278,0.12954301200807095,0.5608131177723408,0.16101705841720104,1.6326832119375467,0.25377701967954636,0.271880067884922,10.056616039946675,514.2071570735425,2836.875418899581,126500,500,,2.793683898093503,,False,False,ok
BNCI2014_001,fixed_spectral_normalized_power_s1,fixed,spectral,normalized_power,8,6398,254,500,500,1.0,22,253,0.00034660523346130383,0.018617336905725906,7.610854658998739,0.7410150165121403,25.89849834878597,25.89849834878597,0.000480304447411095,2.793683898093503,7.147831482604781e-05,0.00028576378047747325,0.006000524419150095,2.0130738011992893e-05,188.24073761048203,5.716247880429664,0.03017952124818757,0.09236224807369398,0.1459989447547685,6398,2b1b45e4e4a812f6d748c2c175962332f0dbca2acd50b6a4d146c963428b0e9a,full_tensor_sha256,6be8a194f257b1d6a24c9e789f5fb17cdf00dd9fdb0e0ad07b8fe84e0c965627,123ea5ce324bb82567913e1514a410f2bb582a6d8528a6ea98fbb2b74646f92c,a789b01b17129967eecd25421cde715dc938f6e3b95b30f735ff978f0882361e,0.0,0.22961199283599854,0.0,0.5560650024563074,0.1842279452830553,0.5593490786850452,0.1741859596222639,1.7034399788826704,0.25377701967954636,0.271880067884922,9.735201019793749,515.9105970524251,2846.6106199193746,127000,500,,2.793683898093503,,False,False,ok
BNCI2014_001,fixed_spectral_normalized_power_s1,fixed,spectral,normalized_power,8,6398,255,500,500,1.0,22,253,0.0003351411796709233,0.018306861546177795,7.611126530259493,0.7410414866913518,25.895851330864815,25.895851330864815,0.00047202850903141905,2.793683898093503,6.950466641726555e-05,0.00027597926577147377,0.005795710082514727,2.016662449307371e-05,188.24073761048203,5.716247880429664,0.03017952124818757,0.09236224807369398,0.1459989447547685,6398,2b1b45e4e4a812f6d748c2c175962332f0dbca2acd50b6a4d146c963428b0e9a,full_tensor_sha256,6be8a194f257b1d6a24c9e789f5fb17cdf00dd9fdb0e0ad07b8fe84e0c965627,123ea5ce324bb82567913e1514a410f2bb582a6d8528a6ea98fbb2b74646f92c,a789b01b17129967eecd25421cde715dc938f6e3b95b30f735ff978f0882361e,0.0,0.2258489839732647,0.0,0.538103049620986,0.12864498421549797,0.5468740127980709,0.1599579118192196,1.5994289424270391,0.25377701967954636,0.271880067884922,10.06620517000556,517.5100259948522,2856.67682508938,127500,500,,2.793683898093503,,False,False,ok
BNCI2014_001,fixed_spectral_normalized_power_s1,fixed,spectral,normalized_power,8,6398,256,500,500,1.0,22,253,0.00034659754315418485,0.018617130368404924,7.610905354669014,0.7410199523905179,25.89800476094822,25.89800476094822,0.00048029504252233694,2.793683898093503,7.146889090160328e-05,0.0002857566125071343,0.0060001511986762755,2.0097665895014674e-05,188.240737610482,5.716247880429664,0.03017952124818757,0.09236224807369398,0.1459989447547685,6398,2b1b45e4e4a812f6d748c2c175962332f0dbca2acd50b6a4d146c963428b0e9a,full_tensor_sha256,6be8a194f257b1d6a24c9e789f5fb17cdf00dd9fdb0e0ad07b8fe84e0c965627,123ea5ce324bb82567913e1514a410f2bb582a6d8528a6ea98fbb2b74646f92c,a789b01b17129967eecd25421cde715dc938f6e3b95b30f735ff978f0882361e,0.0,0.22642803378403187,0.0,0.533941900357604,0.14484301209449768,0.5441028624773026,0.16041100025177002,1.6097268089652061,0.25377701967954636,0.271880067884922,11.381963966414332,519.1197528038174,2868.0587890557945,128000,500,,2.793683898093503,,False,False,ok
BNCI2014_001,fixed_spectral_normalized_power_s1,fixed,spectral,normalized_power,8,6398,257,500,500,1.0,22,253,0.0003351355278973396,0.0183067071833615,7.611199862799367,0.7410486265614034,25.89513734385967,25.89513734385967,0.0004720236838055164,2.793683898093503,6.948253404815761e-05,0.00027602098801910965,0.00579704457118174,2.008869458901601e-05,188.240737610482,5.716247880429664,0.03017952124818757,0.09236224807369398,0.1459989447547685,6398,2b1b45e4e4a812f6d748c2c175962332f0dbca2acd50b6a4d146c963428b0e9a,full_tensor_sha256,6be8a194f257b1d6a24c9e789f5fb17cdf00dd9fdb0e0ad07b8fe84e0c965627,123ea5ce324bb82567913e1514a410f2bb582a6d8528a6ea98fbb2b74646f92c,a789b01b17129967eecd25421cde715dc938f6e3b95b30f735ff978f0882361e,0.0,0.24725100956857204,0.0,0.6055079866200686,0.13735098764300346,0.6037899293005466,0.18715602345764637,1.781055936589837,0.25377701967954636,0.271880067884922,9.960596915334463,520.9008087404072,2878.019385971129,128500,500,,2.793683898093503,,False,False,ok
BNCI2014_001,fixed_spectral_normalized_power_s1,fixed,spectral,normalized_power,8,6398,258,500,500,1.0,22,253,0.00034658988460717485,0.018616924681782835,7.610999197165421,0.7410290891697812,25.89709108302188,25.89709108302188,0.00048031149051717265,2.793683898093503,7.144723819466164e-05,0.000285760516068345,0.0060002911677616835,2.0068158095925757e-05,188.24073761048203,5.716247880429664,0.03017952124818757,0.09236224807369398,0.1459989447547685,6398,2b1b45e4e4a812f6d748c2c175962332f0dbca2acd50b6a4d146c963428b0e9a,full_tensor_sha256,6be8a194f257b1d6a24c9e789f5fb17cdf00dd9fdb0e0ad07b8fe84e0c965627,123ea5ce324bb82567913e1514a410f2bb582a6d8528a6ea98fbb2b74646f92c,a789b01b17129967eecd25421cde715dc938f6e3b95b30f735ff978f0882361e,0.0,0.23898109793663025,0.0,0.5506637971848249,0.13199611566960812,0.5749380216002464,0.1635989174246788,1.6601779498159885,0.25377701967954636,0.271880067884922,9.94145404547453,522.5609866902232,2887.9608400166035,129000,500,,2.793683898093503,,False,False,ok
BNCI2014_001,fixed_spectral_normalized_power_s1,fixed,spectral,normalized_power,8,6398,259,500,500,1.0,22,253,0.0003351301115908389,0.018306559250466453,7.611273702931153,0.7410558158520844,25.894418414791566,25.894418414791566,0.00047203860817346583,2.793683898093503,6.947416600643813e-05,0.00027598732585303455,0.005795903646962364,2.009734900231679e-05,188.240737610482,5.716247880429664,0.03017952124818757,0.09236224807369398,0.1459989447547685,6398,2b1b45e4e4a812f6d748c2c175962332f0dbca2acd50b6a4d146c963428b0e9a,full_tensor_sha256,6be8a194f257b1d6a24c9e789f5fb17cdf00dd9fdb0e0ad07b8fe84e0c965627,123ea5ce324bb82567913e1514a410f2bb582a6d8528a6ea98fbb2b74646f92c,a789b01b17129967eecd25421cde715dc938f6e3b95b30f735ff978f0882361e,0.0,0.22985413670539856,0.0,0.5573760718107224,0.13091694563627243,0.5546158645302057,0.16225292347371578,1.6350159421563148,0.25377701967954636,0.271880067884922,9.77294915355742,524.1960026323795,2897.733789170161,129500,500,,2.793683898093503,,False,False,ok
BNCI2014_001,fixed_spectral_normalized_power_s1,fixed,spectral,normalized_power,8,6398,260,500,500,1.0,22,253,0.00034658245407329113,0.01861672511676775,7.611067543758465,0.7410357435935013,25.896425640649873,25.896425640649873,0.00048029468587037485,2.793683898093503,7.143963613804253e-05,0.0002857718205709784,0.006000704407488942,2.0063453402134574e-05,188.24073761048203,5.716247880429664,0.03017952124818757,0.09236224807369398,0.1459989447547685,6398,2b1b45e4e4a812f6d748c2c175962332f0dbca2acd50b6a4d146c963428b0e9a,full_tensor_sha256,6be8a194f257b1d6a24c9e789f5fb17cdf00dd9fdb0e0ad07b8fe84e0c965627,123ea5ce324bb82567913e1514a410f2bb582a6d8528a6ea98fbb2b74646f92c,a789b01b17129967eecd25421cde715dc938f6e3b95b30f735ff978f0882361e,0.0,0.23085507564246655,0.0,0.5484230350703001,0.13133208267390728,0.7640579715371132,0.1744539476931095,1.8491221126168966,0.25377701967954636,0.271880067884922,10.29839413240552,526.0451247449964,2908.0321833025664,130000,500,,2.793683898093503,,False,False,ok
BNCI2014_001,fixed_spectral_normalized_power_s1,fixed,spectral,normalized_power,8,6398,261,500,500,1.0,22,253,0.00033512497837040684,0.018306419048257548,7.611335434094325,0.7410618261782497,25.893817382175033,25.893817382175033,0.00047202022363401584,2.793683898093503,6.945254677423709e-05,0.00027604237006449364,0.005797639631771397,2.002090094759539e-05,188.240737610482,5.716247880429664,0.03017952124818757,0.09236224807369398,0.1459989447547685,6398,2b1b45e4e4a812f6d748c2c175962332f0dbca2acd50b6a4d146c963428b0e9a,full_tensor_sha256,6be8a194f257b1d6a24c9e789f5fb17cdf00dd9fdb0e0ad07b8fe84e0c965627,123ea5ce324bb82567913e1514a410f2bb582a6d8528a6ea98fbb2b74646f92c,a789b01b17129967eecd25421cde715dc938f6e3b95b30f735ff978f0882361e,0.0,0.2633598633110523,0.0,0.647048931568861,0.14656595885753632,0.8746189996600151,0.19639404490590096,2.1279877983033657,0.25377701967954636,0.271880067884922,10.355570819228888,528.1731125432998,2918.3877541217953,130500,500,,2.793683898093503,,False,False,ok
BNCI2014_001,fixed_spectral_normalized_power_s1,fixed,spectral,normalized_power,8,6398,262,500,500,1.0,22,253,0.00034657458431597467,0.01861651375300904,7.6111317571753245,0.7410419955991283,25.89580044008717,25.89580044008717,0.00048030274816447243,2.793683898093503,7.142039321069345e-05,0.0002857548353521915,0.006000018641889445,2.0048120476809296e-05,188.24073761048203,5.716247880429664,0.03017952124818757,0.09236224807369398,0.1459989447547685,6398,2b1b45e4e4a812f6d748c2c175962332f0dbca2acd50b6a4d146c963428b0e9a,full_tensor_sha256,6be8a194f257b1d6a24c9e789f5fb17cdf00dd9fdb0e0ad07b8fe84e0c965627,123ea5ce324bb82567913e1514a410f2bb582a6d8528a6ea98fbb2b74646f92c,a789b01b17129967eecd25421cde715dc938f6e3b95b30f735ff978f0882361e,0.0,0.2813891042023897,0.0,0.8766332175582647,0.192748149856925,0.7865349762141705,0.22717192769050598,2.364477375522256,0.25377701967954636,0.271880067884922,10.902321198955178,530.537589918822,2929.2900753207505,131000,500,,2.793683898093503,,False,False,ok
BNCI2014_001,fixed_spectral_normalized_power_s1,fixed,spectral,normalized_power,8,6398,263,500,500,1.0,22,253,0.00033511953117127633,0.018306270269262286,7.611410326675089,0.741069117938434,25.893088206156598,25.893088206156598,0.00047203962990646043,2.793683898093503,6.944346334930454e-05,0.00027599465258408275,0.005795892032412129,2.0002651561585118e-05,188.240737610482,5.716247880429664,0.03017952124818757,0.09236224807369398,0.1459989447547685,6398,2b1b45e4e4a812f6d748c2c175962332f0dbca2acd50b6a4d146c963428b0e9a,full_tensor_sha256,6be8a194f257b1d6a24c9e789f5fb17cdf00dd9fdb0e0ad07b8fe84e0c965627,123ea5ce324bb82567913e1514a410f2bb582a6d8528a6ea98fbb2b74646f92c,a789b01b17129967eecd25421cde715dc938f6e3b95b30f735ff978f0882361e,0.0,0.2658811863511801,0.0,0.6394209340214729,0.14283298514783382,0.9342748671770096,0.198442954570055,2.1808529272675514,0.25377701967954636,0.271880067884922,9.766620118170977,532.7184428460896,2939.0566954389215,131500,500,,2.793683898093503,,False,False,ok
BNCI2014_001,fixed_spectral_normalized_power_s1,fixed,spectral,normalized_power,8,6398,264,500,500,1.0,22,253,0.00034656739557634077,0.01861632067773707,7.61121905488154,0.7410504951585223,25.894950484147774,25.894950484147774,0.000480299096194544,2.793683898093503,7.140476227688198e-05,0.0002857819186490264,0.006000803753949496,1.9994925459615174e-05,188.240737610482,5.716247880429664,0.03017952124818757,0.09236224807369398,0.1459989447547685,6398,2b1b45e4e4a812f6d748c2c175962332f0dbca2acd50b6a4d146c963428b0e9a,full_tensor_sha256,6be8a194f257b1d6a24c9e789f5fb17cdf00dd9fdb0e0ad07b8fe84e0c965627,123ea5ce324bb82567913e1514a410f2bb582a6d8528a6ea98fbb2b74646f92c,a789b01b17129967eecd25421cde715dc938f6e3b95b30f735ff978f0882361e,0.0,0.24344795383512974,0.0,0.5925130099058151,0.13875518925487995,0.5621928721666336,0.1766309142112732,1.7135399393737316,0.25377701967954636,0.271880067884922,9.427350014448166,534.4319827854633,2948.4840454533696,132000,500,,2.793683898093503,,False,False,ok
BNCI2014_001,fixed_spectral_normalized_power_s1,fixed,spectral,normalized_power,8,6398,265,500,500,1.0,22,253,0.0003351140196720254,0.01830611973281136,7.611493580347369,0.7410772237588843,25.892277624111575,25.892277624111575,0.0004720252648267685,2.793683898093503,6.942329358753402e-05,0.00027604136474730737,0.005797386396368091,2.0055415522514912e-05,188.240737610482,5.716247880429664,0.03017952124818757,0.09236224807369398,0.1459989447547685,6398,2b1b45e4e4a812f6d748c2c175962332f0dbca2acd50b6a4d146c963428b0e9a,full_tensor_sha256,6be8a194f257b1d6a24c9e789f5fb17cdf00dd9fdb0e0ad07b8fe84e0c965627,123ea5ce324bb82567913e1514a410f2bb582a6d8528a6ea98fbb2b74646f92c,a789b01b17129967eecd25421cde715dc938f6e3b95b30f735ff978f0882361e,0.0,0.2269779797643423,0.0,0.5480290856212378,0.13211695477366447,1.0513120796531439,0.1605721190571785,2.119008218869567,0.25377701967954636,0.271880067884922,9.776753839105368,536.5509910043329,2958.260799292475,132500,500,,2.793683898093503,,False,False,ok
BNCI2014_001,fixed_spectral_normalized_power_s1,fixed,spectral,normalized_power,8,6398,266,500,500,1.0,22,253,0.00034656019171716904,0.018616127194375554,7.611297574417826,0.7410581400496788,25.894185995032114,25.894185995032114,0.0004803001057028628,2.793683898093503,7.139242831503898e-05,0.00028575355040045533,0.005999784516684214,1.997222149452341e-05,188.240737610482,5.716247880429664,0.03017952124818757,0.09236224807369398,0.1459989447547685,6398,2b1b45e4e4a812f6d748c2c175962332f0dbca2acd50b6a4d146c963428b0e9a,full_tensor_sha256,6be8a194f257b1d6a24c9e789f5fb17cdf00dd9fdb0e0ad07b8fe84e0c965627,123ea5ce324bb82567913e1514a410f2bb582a6d8528a6ea98fbb2b74646f92c,a789b01b17129967eecd25421cde715dc938f6e3b95b30f735ff978f0882361e,0.0,0.23291120305657387,0.0,0.5545339081436396,0.13872189447283745,0.7909100968390703,0.17354218289256096,1.8906192854046822,0.25377701967954636,0.271880067884922,9.239799110218883,538.4416102897376,2967.500598402694,133000,500,,2.793683898093503,,False,False,ok
BNCI2014_001,fixed_spectral_normalized_power_s1,fixed,spectral,normalized_power,8,6398,267,500,500,1.0,22,253,0.0003351085239359599,0.018305969625670198,7.61156407961839,0.7410840877736132,25.89159122263867,25.89159122263867,0.00047203990455299425,2.793683898093503,6.941528962133459e-05,0.0002760080998323448,0.005796256482176239,1.9972864282008752e-05,188.240737610482,5.716247880429664,0.03017952124818757,0.09236224807369398,0.1459989447547685,6398,2b1b45e4e4a812f6d748c2c175962332f0dbca2acd50b6a4d146c963428b0e9a,full_tensor_sha256,6be8a194f257b1d6a24c9e789f5fb17cdf00dd9fdb0e0ad07b8fe84e0c965627,123ea5ce324bb82567913e1514a410f2bb582a6d8528a6ea98fbb2b74646f92c,a789b01b17129967eecd25421cde715dc938f6e3b95b30f735ff978f0882361e,0.0,0.22716587409377098,0.0,0.542765948921442,0.14047697186470032,0.5541390273720026,0.16080215573310852,1.6253499779850245,0.25377701967954636,0.271880067884922,11.9310871232301,540.0669602677226,2979.431685525924,133500,500,,2.793683898093503,,False,False,ok
BNCI2014_001,fixed_spectral_normalized_power_s1,fixed,spectral,normalized_power,8,6398,268,500,500,1.0,22,253,0.00034655306572349516,0.018615935800369937,7.611366495128328,0.7410648503711499,25.893514962885014,25.893514962885014,0.0004802998583762673,2.793683898093503,7.137581936715685e-05,0.0002857746304376933,0.006000430967110551,1.993982522750837e-05,188.240737610482,5.716247880429664,0.03017952124818757,0.09236224807369398,0.1459989447547685,6398,2b1b45e4e4a812f6d748c2c175962332f0dbca2acd50b6a4d146c963428b0e9a,full_tensor_sha256,6be8a194f257b1d6a24c9e789f5fb17cdf00dd9fdb0e0ad07b8fe84e0c965627,123ea5ce324bb82567913e1514a410f2bb582a6d8528a6ea98fbb2b74646f92c,a789b01b17129967eecd25421cde715dc938f6e3b95b30f735ff978f0882361e,0.0,0.23726187646389008,0.0,0.6382130086421967,0.14755688607692719,0.7010248955339193,0.1875429879873991,1.9115996547043324,0.25377701967954636,0.271880067884922,11.959170922636986,541.9785599224269,2991.390856448561,134000,500,,2.793683898093503,,False,False,ok
BNCI2014_001,fixed_spectral_normalized_power_s1,fixed,spectral,normalized_power,8,6398,269,500,500,1.0,22,253,0.00033510352613766664,0.018305833117825222,7.611658150827331,0.7410932468209963,25.89067531790037,25.89067531790037,0.0004720314593792246,2.793683898093503,6.9394627359295e-05,0.0002760426667873082,0.005797314127644032,1.9983392787161942e-05,188.240737610482,5.716247880429664,0.03017952124818757,0.09236224807369398,0.1459989447547685,6398,2b1b45e4e4a812f6d748c2c175962332f0dbca2acd50b6a4d146c963428b0e9a,full_tensor_sha256,6be8a194f257b1d6a24c9e789f5fb17cdf00dd9fdb0e0ad07b8fe84e0c965627,123ea5ce324bb82567913e1514a410f2bb582a6d8528a6ea98fbb2b74646f92c,a789b01b17129967eecd25421cde715dc938f6e3b95b30f735ff978f0882361e,0.0,0.2620129380375147,0.0,0.7038251496851444,0.15352200716733932,0.8053851779550314,0.2128290943801403,2.13757436722517,0.25377701967954636,0.271880067884922,9.573493152856827,544.1161342896521,3000.964349601418,134500,500,,2.793683898093503,,False,False,ok
BNCI2014_001,fixed_spectral_normalized_power_s1,fixed,spectral,normalized_power,8,6398,270,500,500,1.0,22,253,0.0003465456610074946,0.018615736918196246,7.611457281780026,0.741073689624456,25.892631037554402,25.892631037554402,0.00048030209797057067,2.793683898093503,7.136117685460451e-05,0.00028577454428872057,0.00600049574929577,1.9962792267602356e-05,188.24073761048203,5.716247880429664,0.03017952124818757,0.09236224807369398,0.1459989447547685,6398,2b1b45e4e4a812f6d748c2c175962332f0dbca2acd50b6a4d146c963428b0e9a,full_tensor_sha256,6be8a194f257b1d6a24c9e789f5fb17cdf00dd9fdb0e0ad07b8fe84e0c965627,123ea5ce324bb82567913e1514a410f2bb582a6d8528a6ea98fbb2b74646f92c,a789b01b17129967eecd25421cde715dc938f6e3b95b30f735ff978f0882361e,0.0,0.22862618789076805,0.0,0.563854118809104,0.1308938954025507,0.5711459089070559,0.1634550280869007,1.6579751390963793,0.25377701967954636,0.271880067884922,9.31216380558908,545.7741094287485,3010.276513407007,135000,500,,2.793683898093503,,False,False,ok
BNCI2014_001,fixed_spectral_normalized_power_s1,fixed,spectral,normalized_power,8,6398,271,500,500,1.0,22,253,0.00033509818784602425,0.018305687308758013,7.61172444236543,0.7410997011585707,25.890029884142926,25.890029884142926,0.00047204812829969463,2.793683898093503,6.938470408928512e-05,0.0002760273786691534,0.00579661655412245,1.997569913398707e-05,188.240737610482,5.716247880429664,0.03017952124818757,0.09236224807369398,0.1459989447547685,6398,2b1b45e4e4a812f6d748c2c175962332f0dbca2acd50b6a4d146c963428b0e9a,full_tensor_sha256,6be8a194f257b1d6a24c9e789f5fb17cdf00dd9fdb0e0ad07b8fe84e0c965627,123ea5ce324bb82567913e1514a410f2bb582a6d8528a6ea98fbb2b74646f92c,a789b01b17129967eecd25421cde715dc938f6e3b95b30f735ff978f0882361e,0.0,0.2326339017599821,0.0,0.5757128819823265,0.13202102854847908,0.6073589902371168,0.16725598834455013,1.7149827908724546,0.25377701967954636,0.271880067884922,9.281260892748833,547.4890922196209,3019.5577742997557,135500,500,,2.793683898093503,,False,False,ok
BNCI2014_001,fixed_spectral_normalized_power_s1,fixed,spectral,normalized_power,8,6398,272,500,500,1.0,22,253,0.00034653871575539513,0.018615550374764513,7.61152178570978,0.741079969915266,25.89200300847339,25.89200300847339,0.0004802929610398038,2.793683898093503,7.135121081850777e-05,0.00028576049505237277,0.005999716340878487,1.9912503149669527e-05,188.24073761048203,5.716247880429664,0.03017952124818757,0.09236224807369398,0.1459989447547685,6398,2b1b45e4e4a812f6d748c2c175962332f0dbca2acd50b6a4d146c963428b0e9a,full_tensor_sha256,6be8a194f257b1d6a24c9e789f5fb17cdf00dd9fdb0e0ad07b8fe84e0c965627,123ea5ce324bb82567913e1514a410f2bb582a6d8528a6ea98fbb2b74646f92c,a789b01b17129967eecd25421cde715dc938f6e3b95b30f735ff978f0882361e,0.0,0.23173680528998375,0.0,0.5614110268652439,0.13213581405580044,0.5737128667533398,0.1660690177232027,1.6650655306875706,0.25377701967954636,0.271880067884922,11.396734975278378,549.1541577503085,3030.954509275034,136000,500,,2.793683898093503,,False,False,ok
BNCI2014_001,fixed_spectral_normalized_power_s1,fixed,spectral,normalized_power,8,6398,273,500,500,1.0,22,253,0.00033509277003597855,0.018305539326553003,7.6118063460635454,0.7411076755415974,25.889232445840257,25.889232445840257,0.000472026276654903,2.793683898093503,6.936510601390864e-05,0.00027604677567589624,0.005797090791237797,1.9928371842401403e-05,188.24073761048203,5.716247880429664,0.03017952124818757,0.09236224807369398,0.1459989447547685,6398,2b1b45e4e4a812f6d748c2c175962332f0dbca2acd50b6a4d146c963428b0e9a,full_tensor_sha256,6be8a194f257b1d6a24c9e789f5fb17cdf00dd9fdb0e0ad07b8fe84e0c965627,123ea5ce324bb82567913e1514a410f2bb582a6d8528a6ea98fbb2b74646f92c,a789b01b17129967eecd25421cde715dc938f6e3b95b30f735ff978f0882361e,0.0,0.24651712737977505,0.0,0.601205974817276,0.13803294859826565,0.6042260210961103,0.17800298519432545,1.7679850570857525,0.25377701967954636,0.271880067884922,10.472063906490803,550.9221428073943,3041.426573181525,136500,500,,2.793683898093503,,False,False,ok
BNCI2014_001,fixed_spectral_normalized_power_s1,fixed,spectral,normalized_power,8,6398,274,500,500,1.0,22,253,0.00034653117751076094,0.0186153479019534,7.611606319586384,0.7410882003801448,25.89117996198552,25.89117996198552,0.00048030484141868476,2.793683898093503,7.133264934895196e-05,0.0002857686584903702,0.0060001550741964355,1.9863449032826932e-05,188.240737610482,5.716247880429664,0.03017952124818757,0.09236224807369398,0.1459989447547685,6398,2b1b45e4e4a812f6d748c2c175962332f0dbca2acd50b6a4d146c963428b0e9a,full_tensor_sha256,6be8a194f257b1d6a24c9e789f5fb17cdf00dd9fdb0e0ad07b8fe84e0c965627,123ea5ce324bb82567913e1514a410f2bb582a6d8528a6ea98fbb2b74646f92c,a789b01b17129967eecd25421cde715dc938f6e3b95b30f735ff978f0882361e,0.0,0.23817690089344978,0.0,0.5833311006426811,0.1359879970550537,0.6174640730023384,0.17738016322255135,1.7523402348160744,0.25377701967954636,0.271880067884922,9.959524031728506,552.6744830422103,3051.3860972132534,137000,500,,2.793683898093503,,False,False,ok
BNCI2014_001,fixed_spectral_normalized_power_s1,fixed,spectral,normalized_power,8,6398,275,500,500,1.0,22,253,0.00033508812399113695,0.018305412423410102,7.611878424172528,0.7411146932765971,25.88853067234029,25.88853067234029,0.00047205270720195356,2.793683898093503,6.935921072303628e-05,0.00027602829143056793,0.005796626593214598,1.9931887747402116e-05,188.240737610482,5.716247880429664,0.03017952124818757,0.09236224807369398,0.1459989447547685,6398,2b1b45e4e4a812f6d748c2c175962332f0dbca2acd50b6a4d146c963428b0e9a,full_tensor_sha256,6be8a194f257b1d6a24c9e789f5fb17cdf00dd9fdb0e0ad07b8fe84e0c965627,123ea5ce324bb82567913e1514a410f2bb582a6d8528a6ea98fbb2b74646f92c,a789b01b17129967eecd25421cde715dc938f6e3b95b30f735ff978f0882361e,0.0,0.23157987743616104,0.0,0.5660969763994217,0.1324398908764124,0.5751601420342922,0.16507692635059357,1.670353813096881,0.25377701967954636,0.271880067884922,9.353037923574448,554.3448368553072,3060.739135136828,137500,500,,2.793683898093503,,False,False,ok
BNCI2014_001,fixed_spectral_normalized_power_s1,fixed,spectral,normalized_power,8,6398,276,500,500,1.0,22,253,0.0003465236236866664,0.01861514500847808,7.611679052131602,0.7410952818329658,25.89047181670342,25.89047181670342,0.0004802976113426249,2.793683898093503,7.132052064140281e-05,0.00028577275416693783,0.006000023858243683,1.9907188002111408e-05,188.24073761048203,5.716247880429664,0.03017952124818757,0.09236224807369398,0.1459989447547685,6398,2b1b45e4e4a812f6d748c2c175962332f0dbca2acd50b6a4d146c963428b0e9a,full_tensor_sha256,6be8a194f257b1d6a24c9e789f5fb17cdf00dd9fdb0e0ad07b8fe84e0c965627,123ea5ce324bb82567913e1514a410f2bb582a6d8528a6ea98fbb2b74646f92c,a789b01b17129967eecd25421cde715dc938f6e3b95b30f735ff978f0882361e,0.0,0.2263430505990982,0.0,0.5442849360406399,0.13068714179098606,0.5515650846064091,0.1670890487730503,1.6199692618101835,0.25377701967954636,0.271880067884922,9.21737588942051,555.9648061171174,3069.9565110262483,138000,500,,2.793683898093503,,False,False,ok
BNCI2014_001,fixed_spectral_normalized_power_s1,fixed,spectral,normalized_power,8,6398,277,500,500,1.0,22,253,0.0003350841444396355,0.01830530372432087,7.6119416643851645,0.7411208505282213,25.887914947177865,25.887914947177865,0.00047202544328063843,2.793683898093503,6.93402308841305e-05,0.00027605076670218,0.005797073823225936,1.9821838683927806e-05,188.240737610482,5.716247880429665,0.03017952124818757,0.09236224807369398,0.1459989447547685,6398,2b1b45e4e4a812f6d748c2c175962332f0dbca2acd50b6a4d146c963428b0e9a,full_tensor_sha256,6be8a194f257b1d6a24c9e789f5fb17cdf00dd9fdb0e0ad07b8fe84e0c965627,123ea5ce324bb82567913e1514a410f2bb582a6d8528a6ea98fbb2b74646f92c,a789b01b17129967eecd25421cde715dc938f6e3b95b30f735ff978f0882361e,0.0,0.2276578452438116,0.0,0.5388171412050724,0.1384718343615532,0.6954949349164963,0.17017987556755543,1.770621631294489,0.25377701967954636,0.271880067884922,10.614254977554083,557.7354277484119,3080.5707660038024,138500,500,,2.793683898093503,,False,False,ok
BNCI2014_001,fixed_spectral_normalized_power_s1,fixed,spectral,normalized_power,8,6398,278,500,500,1.0,22,253,0.0003465162898968302,0.018614948022941943,7.611732518230331,0.7411004874483411,25.889951255165883,25.889951255165883,0.00048028952538044787,2.793683898093503,7.130271571657683e-05,0.00028577512171758604,0.0060002397669817065,1.9840469568002428e-05,188.24073761048203,5.716247880429664,0.03017952124818757,0.09236224807369398,0.1459989447547685,6398,2b1b45e4e4a812f6d748c2c175962332f0dbca2acd50b6a4d146c963428b0e9a,full_tensor_sha256,6be8a194f257b1d6a24c9e789f5fb17cdf00dd9fdb0e0ad07b8fe84e0c965627,123ea5ce324bb82567913e1514a410f2bb582a6d8528a6ea98fbb2b74646f92c,a789b01b17129967eecd25421cde715dc938f6e3b95b30f735ff978f0882361e,0.0,0.26140687987208366,0.0,0.7092079613357782,0.15401304699480534,0.8005551062524319,0.20595500245690346,2.1311379969120026,0.25377701967954636,0.271880067884922,9.542471030727029,559.8665657453239,3090.1132370345294,139000,500,,2.793683898093503,,False,False,ok
BNCI2014_001,fixed_spectral_normalized_power_s1,fixed,spectral,normalized_power,8,6398,279,500,500,1.0,22,253,0.0003350798213674558,0.018305185641436576,7.612012304327034,0.7411277282390746,25.88722717609254,25.88722717609254,0.0004720591740680476,2.793683898093503,6.933205493693676e-05,0.0002760462243347972,0.005797034018830188,1.9887292799142396e-05,188.24073761048203,5.716247880429664,0.03017952124818757,0.09236224807369398,0.1459989447547685,6398,2b1b45e4e4a812f6d748c2c175962332f0dbca2acd50b6a4d146c963428b0e9a,full_tensor_sha256,6be8a194f257b1d6a24c9e789f5fb17cdf00dd9fdb0e0ad07b8fe84e0c965627,123ea5ce324bb82567913e1514a410f2bb582a6d8528a6ea98fbb2b74646f92c,a789b01b17129967eecd25421cde715dc938f6e3b95b30f735ff978f0882361e,0.0,0.23439014330506325,0.0,0.5850978195667267,0.1353370025753975,0.7523070089519024,0.17052888870239258,1.8776608631014824,0.25377701967954636,0.271880067884922,9.506403934210539,561.7442266084254,3099.61964096874,139500,500,,2.793683898093503,,False,False,ok
BNCI2014_001,fixed_spectral_normalized_power_s1,fixed,spectral,normalized_power,8,6398,280,500,500,1.0,22,253,0.0003465096598660839,0.018614769938575224,7.61181118053816,0.7411081462401519,25.889185375984813,25.889185375984813,0.0004802992232053419,2.793683898093503,7.129585200966706e-05,0.00028577462771088336,0.006000119013475861,1.9848528527655503e-05,188.240737610482,5.716247880429665,0.03017952124818757,0.09236224807369398,0.1459989447547685,6398,2b1b45e4e4a812f6d748c2c175962332f0dbca2acd50b6a4d146c963428b0e9a,full_tensor_sha256,6be8a194f257b1d6a24c9e789f5fb17cdf00dd9fdb0e0ad07b8fe84e0c965627,123ea5ce324bb82567913e1514a410f2bb582a6d8528a6ea98fbb2b74646f92c,a789b01b17129967eecd25421cde715dc938f6e3b95b30f735ff978f0882361e,0.0,0.22913003340363503,0.0,0.5643072072416544,0.13232510536909103,0.7519398350268602,0.1633309293538332,1.841033110395074,0.25377701967954636,0.271880067884922,9.611025918275118,563.5852597188205,3109.230666887015,140000,500,,2.793683898093503,,False,False,ok
BNCI2014_001,fixed_spectral_normalized_power_s1,fixed,spectral,normalized_power,8,6398,281,500,500,1.0,22,253,0.000335075174893074,0.018305058724108862,7.612074402799479,0.7411337743275425,25.886622567245755,25.886622567245755,0.0004720280531613518,2.793683898093503,6.931062299625094e-05,0.0002760584473821116,0.005797149087583657,1.9722335495337412e-05,188.24073761048203,5.716247880429664,0.03017952124818757,0.09236224807369398,0.1459989447547685,6398,2b1b45e4e4a812f6d748c2c175962332f0dbca2acd50b6a4d146c963428b0e9a,full_tensor_sha256,6be8a194f257b1d6a24c9e789f5fb17cdf00dd9fdb0e0ad07b8fe84e0c965627,123ea5ce324bb82567913e1514a410f2bb582a6d8528a6ea98fbb2b74646f92c,a789b01b17129967eecd25421cde715dc938f6e3b95b30f735ff978f0882361e,0.0,0.22781314328312874,0.0,0.55102095939219,0.1382769551128149,0.7217908278107643,0.17216498963534832,1.8110668752342463,0.25377701967954636,0.271880067884922,9.500063955783844,565.3963265940547,3118.730730842799,140500,500,,2.793683898093503,,False,False,ok
BNCI2014_001,fixed_spectral_normalized_power_s1,fixed,spectral,normalized_power,8,6398,282,500,500,1.0,22,253,0.00034650337949275933,0.018614601244527355,7.611864877541386,0.7411133743370628,25.88866256629372,25.88866256629372,0.0004802899207810783,2.793683898093503,7.127437048770835e-05,0.0002857792497723879,0.006000119098049987,1.978795916814322e-05,188.240737610482,5.716247880429664,0.03017952124818757,0.09236224807369398,0.1459989447547685,6398,2b1b45e4e4a812f6d748c2c175962332f0dbca2acd50b6a4d146c963428b0e9a,full_tensor_sha256,6be8a194f257b1d6a24c9e789f5fb17cdf00dd9fdb0e0ad07b8fe84e0c965627,123ea5ce324bb82567913e1514a410f2bb582a6d8528a6ea98fbb2b74646f92c,a789b01b17129967eecd25421cde715dc938f6e3b95b30f735ff978f0882361e,0.0,0.22820080630481243,0.0,0.5521329585462809,0.13313419185578823,0.8071481715887785,0.16223895363509655,1.8828550819307566,0.25377701967954636,0.271880067884922,10.41660807095468,567.2791816759855,3129.1473389137536,141000,500,,2.793683898093503,,False,False,ok
BNCI2014_001,fixed_spectral_normalized_power_s1,fixed,spectral,normalized_power,8,6398,283,500,500,1.0,22,253,0.0003350708837553505,0.018304941511934708,7.612136943558832,0.7411398634783543,25.88601365216458,25.88601365216458,0.00047205780085559604,2.793683898093503,6.930509933783e-05,0.0002760552865586898,0.0057970584672910755,1.9839362201516295e-05,188.240737610482,5.716247880429664,0.03017952124818757,0.09236224807369398,0.1459989447547685,6398,2b1b45e4e4a812f6d748c2c175962332f0dbca2acd50b6a4d146c963428b0e9a,full_tensor_sha256,6be8a194f257b1d6a24c9e789f5fb17cdf00dd9fdb0e0ad07b8fe84e0c965627,123ea5ce324bb82567913e1514a410f2bb582a6d8528a6ea98fbb2b74646f92c,a789b01b17129967eecd25421cde715dc938f6e3b95b30f735ff978f0882361e,0.0,0.23995991796255112,0.0,0.5834719631820917,0.13462617062032223,0.7312369998544455,0.1704520545899868,1.8597471062093973,0.25377701967954636,0.271880067884922,9.824500186368823,569.1389287821949,3138.9718391001225,141500,500,,2.793683898093503,,False,False,ok
BNCI2014_001,fixed_spectral_normalized_power_s1,fixed,spectral,normalized_power,8,6398,284,500,500,1.0,22,253,0.0003464967270625159,0.01861442255517253,7.611924631940622,0.7411191921997234,25.888080780027654,25.888080780027654,0.0004802997051092835,2.793683898093503,7.127345691110801e-05,0.00028576015795711486,0.005999561081719851,1.9802897183154183e-05,188.24073761048203,5.716247880429664,0.03017952124818757,0.09236224807369398,0.1459989447547685,6398,2b1b45e4e4a812f6d748c2c175962332f0dbca2acd50b6a4d146c963428b0e9a,full_tensor_sha256,6be8a194f257b1d6a24c9e789f5fb17cdf00dd9fdb0e0ad07b8fe84e0c965627,123ea5ce324bb82567913e1514a410f2bb582a6d8528a6ea98fbb2b74646f92c,a789b01b17129967eecd25421cde715dc938f6e3b95b30f735ff978f0882361e,0.0,0.23169093765318394,0.0,0.6754831410944462,0.15660608187317848,1.459481893107295,0.22018607705831528,2.743448130786419,0.25377701967954636,0.271880067884922,11.281066806986928,571.8823769129813,3150.2529059071094,142000,500,,2.793683898093503,,False,False,ok
BNCI2014_001,fixed_spectral_normalized_power_s1,fixed,spectral,normalized_power,8,6398,285,500,500,1.0,22,253,0.0003350669769119152,0.018304834796083663,7.612221983131567,0.7411481431792837,25.885185682071633,25.885185682071633,0.00047203573820785676,2.793683898093503,6.928925795529149e-05,0.0002760565495761124,0.005797018579696383,1.9813832006628654e-05,188.24073761048203,5.716247880429664,0.03017952124818757,0.09236224807369398,0.1459989447547685,6398,2b1b45e4e4a812f6d748c2c175962332f0dbca2acd50b6a4d146c963428b0e9a,full_tensor_sha256,6be8a194f257b1d6a24c9e789f5fb17cdf00dd9fdb0e0ad07b8fe84e0c965627,123ea5ce324bb82567913e1514a410f2bb582a6d8528a6ea98fbb2b74646f92c,a789b01b17129967eecd25421cde715dc938f6e3b95b30f735ff978f0882361e,0.0,0.2394921611994505,0.0,0.5883991252630949,0.13430300168693066,0.6003030575811863,0.17228093929588795,1.7347782850265503,0.25377701967954636,0.271880067884922,9.864633902907372,573.6171551980078,3160.1175398100168,142500,500,,2.793683898093503,,False,False,ok
BNCI2014_001,fixed_spectral_normalized_power_s1,fixed,spectral,normalized_power,8,6398,286,500,500,1.0,22,253,0.00034648969042266756,0.018614233543787603,7.612000783048687,0.741126606493798,25.887339350620195,25.887339350620195,0.0004802882086925435,2.793683898093503,7.124723282053007e-05,0.00028577693441082986,0.005999990898687944,1.97344913746941e-05,188.240737610482,5.716247880429664,0.03017952124818757,0.09236224807369398,0.1459989447547685,6398,2b1b45e4e4a812f6d748c2c175962332f0dbca2acd50b6a4d146c963428b0e9a,full_tensor_sha256,6be8a194f257b1d6a24c9e789f5fb17cdf00dd9fdb0e0ad07b8fe84e0c965627,123ea5ce324bb82567913e1514a410f2bb582a6d8528a6ea98fbb2b74646f92c,a789b01b17129967eecd25421cde715dc938f6e3b95b30f735ff978f0882361e,0.0,0.23280014283955097,0.0,0.5545071326196194,0.130475964397192,0.5758770275861025,0.16394094564020634,1.6576012130826712,0.25377701967954636,0.271880067884922,9.53234895132482,575.2747564110905,3169.6498887613416,143000,500,,2.793683898093503,,False,False,ok
BNCI2014_001,fixed_spectral_normalized_power_s1,fixed,spectral,normalized_power,8,6398,287,500,500,1.0,22,253,0.00033506296635055005,0.018304725246519,7.6122748427078415,0.7411532897418631,25.884671025813685,25.884671025813685,0.0004720569919828531,2.793683898093503,6.927942665100708e-05,0.0002760399708161782,0.00579644165087463,1.975332267206856e-05,188.24073761048203,5.716247880429664,0.03017952124818757,0.09236224807369398,0.1459989447547685,6398,2b1b45e4e4a812f6d748c2c175962332f0dbca2acd50b6a4d146c963428b0e9a,full_tensor_sha256,6be8a194f257b1d6a24c9e789f5fb17cdf00dd9fdb0e0ad07b8fe84e0c965627,123ea5ce324bb82567913e1514a410f2bb582a6d8528a6ea98fbb2b74646f92c,a789b01b17129967eecd25421cde715dc938f6e3b95b30f735ff978f0882361e,0.0,0.23109512403607368,0.0,0.5443680565804243,0.12926501221954823,0.5607320927083492,0.16216794028878212,1.6276282258331776,0.25377701967954636,0.271880067884922,9.673328837379813,576.9023846369237,3179.3232175987214,143500,500,,2.793683898093503,,False,False,ok
BNCI2014_001,fixed_spectral_normalized_power_s1,fixed,spectral,normalized_power,8,6398,288,500,500,1.0,22,253,0.0003464833298255461,0.01861406268995423,7.61205373005971,0.7411317615692797,25.886823843072026,25.886823843072026,0.00048028964971243816,2.793683898093503,7.124394188524957e-05,0.00028578322679258624,0.006000149544972947,1.9779345162043527e-05,188.24073761048203,5.716247880429665,0.03017952124818757,0.09236224807369398,0.1459989447547685,6398,2b1b45e4e4a812f6d748c2c175962332f0dbca2acd50b6a4d146c963428b0e9a,full_tensor_sha256,6be8a194f257b1d6a24c9e789f5fb17cdf00dd9fdb0e0ad07b8fe84e0c965627,123ea5ce324bb82567913e1514a410f2bb582a6d8528a6ea98fbb2b74646f92c,a789b01b17129967eecd25421cde715dc938f6e3b95b30f735ff978f0882361e,0.0,0.23400899954140186,0.0,0.5684620700776577,0.13373186811804771,1.0529370047152042,0.16786600463092327,2.157005947083235,0.25377701967954636,0.271880067884922,9.782771114259958,579.0593905840069,3189.1059887129813,144000,500,,2.793683898093503,,False,False,ok
BNCI2014_001,fixed_spectral_normalized_power_s1,fixed,spectral,normalized_power,8,6398,289,500,500,1.0,22,253,0.00033505893267125604,0.018304615064820565,7.612343892877068,0.7411600126678133,25.883998733218668,25.883998733218668,0.00047204301293832934,2.793683898093503,6.926545384514554e-05,0.0002760803783898329,0.005797683667990399,1.9732943790828523e-05,188.24073761048203,5.716247880429664,0.03017952124818757,0.09236224807369398,0.1459989447547685,6398,2b1b45e4e4a812f6d748c2c175962332f0dbca2acd50b6a4d146c963428b0e9a,full_tensor_sha256,6be8a194f257b1d6a24c9e789f5fb17cdf00dd9fdb0e0ad07b8fe84e0c965627,123ea5ce324bb82567913e1514a410f2bb582a6d8528a6ea98fbb2b74646f92c,a789b01b17129967eecd25421cde715dc938f6e3b95b30f735ff978f0882361e,0.0,0.2405580598860979,0.0,0.5842121317982674,0.1347060315310955,0.9734458290040493,0.1727899070829153,2.1057119593024254,0.25377701967954636,0.271880067884922,11.682703159749508,581.1651025433093,3200.788691872731,144500,500,,2.793683898093503,,False,False,ok
BNCI2014_001,fixed_spectral_normalized_power_s1,fixed,spectral,normalized_power,8,6398,290,500,500,1.0,22,253,0.0003464766606299063,0.018613883545082855,7.61212120292532,0.7411383309243476,25.88616690756525,25.88616690756525,0.0004802901672892974,2.793683898093503,7.122307185887752e-05,0.00028577446231090986,0.005999899689649364,1.9686146969347873e-05,188.240737610482,5.716247880429664,0.03017952124818757,0.09236224807369398,0.1459989447547685,6398,2b1b45e4e4a812f6d748c2c175962332f0dbca2acd50b6a4d146c963428b0e9a,full_tensor_sha256,6be8a194f257b1d6a24c9e789f5fb17cdf00dd9fdb0e0ad07b8fe84e0c965627,123ea5ce324bb82567913e1514a410f2bb582a6d8528a6ea98fbb2b74646f92c,a789b01b17129967eecd25421cde715dc938f6e3b95b30f735ff978f0882361e,0.0,0.27354410849511623,0.0,0.7465758826583624,0.15947804786264896,0.8069961331784725,0.21469593048095703,2.201290102675557,0.25377701967954636,0.271880067884922,9.513913188129663,583.3663926459849,3210.3026050608605,145000,500,,2.793683898093503,,False,False,ok
BNCI2014_001,fixed_spectral_normalized_power_s1,fixed,spectral,normalized_power,8,6398,291,500,500,1.0,22,253,0.00033505484911623045,0.018304503520069328,7.612399882815401,0.7411654640115766,25.883453598842348,25.883453598842348,0.0004720600976833756,2.793683898093503,6.92547041975059e-05,0.00027604416549721584,0.00579643444199314,1.975213683716651e-05,188.24073761048203,5.716247880429664,0.03017952124818757,0.09236224807369398,0.1459989447547685,6398,2b1b45e4e4a812f6d748c2c175962332f0dbca2acd50b6a4d146c963428b0e9a,full_tensor_sha256,6be8a194f257b1d6a24c9e789f5fb17cdf00dd9fdb0e0ad07b8fe84e0c965627,123ea5ce324bb82567913e1514a410f2bb582a6d8528a6ea98fbb2b74646f92c,a789b01b17129967eecd25421cde715dc938f6e3b95b30f735ff978f0882361e,0.0,0.24266308173537254,0.0,0.5857250653207302,0.13422383926808834,0.6151411216706038,0.16587902791798115,1.743632135912776,0.25377701967954636,0.271880067884922,9.498019004240632,585.1100247818977,3219.800624065101,145500,500,,2.793683898093503,,False,False,ok
BNCI2014_001,fixed_spectral_normalized_power_s1,fixed,spectral,normalized_power,8,6398,292,500,500,1.0,22,253,0.00034647032237079107,0.018613713288078527,7.61218429951595,0.7411444741925142,25.885552580748588,25.885552580748588,0.0004802932813242876,2.793683898093503,7.12169624304829e-05,0.0002857881163041417,0.006000182220021567,1.9727628269327408e-05,188.240737610482,5.716247880429664,0.03017952124818757,0.09236224807369398,0.1459989447547685,6398,2b1b45e4e4a812f6d748c2c175962332f0dbca2acd50b6a4d146c963428b0e9a,full_tensor_sha256,6be8a194f257b1d6a24c9e789f5fb17cdf00dd9fdb0e0ad07b8fe84e0c965627,123ea5ce324bb82567913e1514a410f2bb582a6d8528a6ea98fbb2b74646f92c,a789b01b17129967eecd25421cde715dc938f6e3b95b30f735ff978f0882361e,0.0,0.22909999825060368,0.0,0.5497878883033991,0.13815704733133316,0.9673440363258123,0.16425014473497868,2.048639114946127,0.25377701967954636,0.271880067884922,9.654235793277621,587.1586638968438,3229.4548598583788,146000,500,,2.793683898093503,,False,False,ok
BNCI2014_001,fixed_spectral_normalized_power_s1,fixed,spectral,normalized_power,8,6398,293,500,500,1.0,22,253,0.0003350509814195803,0.018304397870992105,7.612443607737229,0.7411697211975461,25.883027880245393,25.883027880245393,0.00047204410757381137,2.793683898093503,6.92392479892032e-05,0.0002760938344516585,0.005797905505495159,1.971227043316643e-05,188.24073761048203,5.716247880429664,0.03017952124818757,0.09236224807369398,0.1459989447547685,6398,2b1b45e4e4a812f6d748c2c175962332f0dbca2acd50b6a4d146c963428b0e9a,full_tensor_sha256,6be8a194f257b1d6a24c9e789f5fb17cdf00dd9fdb0e0ad07b8fe84e0c965627,123ea5ce324bb82567913e1514a410f2bb582a6d8528a6ea98fbb2b74646f92c,a789b01b17129967eecd25421cde715dc938f6e3b95b30f735ff978f0882361e,0.0,0.22936915047466755,0.0,0.5420888774096966,0.13099797070026398,0.9429058991372585,0.16278005205094814,2.0081419497728348,0.25377701967954636,0.271880067884922,9.519015904515982,589.1668058466166,3238.9738757628947,146500,500,,2.793683898093503,,False,False,ok
BNCI2014_001,fixed_spectral_normalized_power_s1,fixed,spectral,normalized_power,8,6398,294,500,500,1.0,22,253,0.00034646404123591333,0.018613544563997296,7.612220088331227,0.7411479586959939,25.885204130400602,25.885204130400602,0.0004802859664211704,2.793683898093503,7.12022093262691e-05,0.0002857692795474527,0.005999599114620774,1.9640310143122015e-05,188.240737610482,5.716247880429664,0.03017952124818757,0.09236224807369398,0.1459989447547685,6398,2b1b45e4e4a812f6d748c2c175962332f0dbca2acd50b6a4d146c963428b0e9a,full_tensor_sha256,6be8a194f257b1d6a24c9e789f5fb17cdf00dd9fdb0e0ad07b8fe84e0c965627,123ea5ce324bb82567913e1514a410f2bb582a6d8528a6ea98fbb2b74646f92c,a789b01b17129967eecd25421cde715dc938f6e3b95b30f735ff978f0882361e,0.0,0.24268985725939274,0.0,0.5826980341225863,0.13364898040890694,0.94066490419209,0.17769006080925465,2.0773918367922306,0.25377701967954636,0.271880067884922,9.888475062325597,591.2441976834089,3248.8623508252203,147000,500,,2.793683898093503,,False,False,ok
BNCI2014_001,fixed_spectral_normalized_power_s1,fixed,spectral,normalized_power,8,6398,295,500,500,1.0,22,253,0.0003350472527249655,0.018304296018283945,7.612504868684333,0.7411756857421029,25.882431425789708,25.882431425789708,0.00047205759431442304,2.793683898093503,6.923051117861522e-05,0.00027605919836516126,0.005796780380642119,1.9717488919374175e-05,188.240737610482,5.716247880429664,0.03017952124818757,0.09236224807369398,0.1459989447547685,6398,2b1b45e4e4a812f6d748c2c175962332f0dbca2acd50b6a4d146c963428b0e9a,full_tensor_sha256,6be8a194f257b1d6a24c9e789f5fb17cdf00dd9fdb0e0ad07b8fe84e0c965627,123ea5ce324bb82567913e1514a410f2bb582a6d8528a6ea98fbb2b74646f92c,a789b01b17129967eecd25421cde715dc938f6e3b95b30f735ff978f0882361e,0.0,0.23366115055978298,0.0,0.5739801563322544,0.13302592560648918,0.6090090610086918,0.17419294454157352,1.7238692380487919,0.25377701967954636,0.271880067884922,12.150607071816921,592.9680669214576,3261.0129578970373,147500,500,,2.793683898093503,,False,False,ok
BNCI2014_001,fixed_spectral_normalized_power_s1,fixed,spectral,normalized_power,8,6398,296,500,500,1.0,22,253,0.00034645811693398155,0.018613385423774515,7.612297612439347,0.7411555066693599,25.884449333064005,25.884449333064005,0.00048029402114395186,2.793683898093503,7.119045437354823e-05,0.0002857863586719083,0.006000027563724331,1.9694583191282472e-05,188.24073761048206,5.716247880429664,0.03017952124818757,0.09236224807369398,0.1459989447547685,6398,2b1b45e4e4a812f6d748c2c175962332f0dbca2acd50b6a4d146c963428b0e9a,full_tensor_sha256,6be8a194f257b1d6a24c9e789f5fb17cdf00dd9fdb0e0ad07b8fe84e0c965627,123ea5ce324bb82567913e1514a410f2bb582a6d8528a6ea98fbb2b74646f92c,a789b01b17129967eecd25421cde715dc938f6e3b95b30f735ff978f0882361e,0.0,0.2545011229813099,0.0,0.6202110089361668,0.14190399087965488,0.6324518471956253,0.19106012769043446,1.8401280976831913,0.25377701967954636,0.271880067884922,9.382643038406968,594.8081950191408,3270.3956009354442,148000,500,,2.793683898093503,,False,False,ok
BNCI2014_001,fixed_spectral_normalized_power_s1,fixed,spectral,normalized_power,8,6398,297,500,500,1.0,22,253,0.0003350435903281525,0.01830419597600923,7.612549412561553,0.741180022663959,25.881997733604095,25.881997733604095,0.00047205080242099386,2.793683898093503,6.921608593815062e-05,0.00027608101423930165,0.00579734858585077,1.9654120568524774e-05,188.24073761048203,5.716247880429665,0.03017952124818757,0.09236224807369398,0.1459989447547685,6398,2b1b45e4e4a812f6d748c2c175962332f0dbca2acd50b6a4d146c963428b0e9a,full_tensor_sha256,6be8a194f257b1d6a24c9e789f5fb17cdf00dd9fdb0e0ad07b8fe84e0c965627,123ea5ce324bb82567913e1514a410f2bb582a6d8528a6ea98fbb2b74646f92c,a789b01b17129967eecd25421cde715dc938f6e3b95b30f735ff978f0882361e,0.0,0.23715803399682045,0.0,0.574503093957901,0.13309018686413765,0.9510770905762911,0.16693095676600933,2.0627593621611595,0.25377701967954636,0.271880067884922,9.598999982699752,596.870954381302,3279.994600918144,148500,500,,2.793683898093503,,False,False,ok
BNCI2014_001,fixed_spectral_normalized_power_s1,fixed,spectral,normalized_power,8,6398,298,500,500,1.0,22,253,0.00034645224028650865,0.01861322756231462,7.612335314646369,0.7411591774662429,25.884082253375706,25.884082253375706,0.00048028528194519945,2.793683898093503,7.117802243146736e-05,0.00028579631810476844,0.006000382199330549,1.9569591665683036e-05,188.240737610482,5.716247880429664,0.03017952124818757,0.09236224807369398,0.1459989447547685,6398,2b1b45e4e4a812f6d748c2c175962332f0dbca2acd50b6a4d146c963428b0e9a,full_tensor_sha256,6be8a194f257b1d6a24c9e789f5fb17cdf00dd9fdb0e0ad07b8fe84e0c965627,123ea5ce324bb82567913e1514a410f2bb582a6d8528a6ea98fbb2b74646f92c,a789b01b17129967eecd25421cde715dc938f6e3b95b30f735ff978f0882361e,0.0,0.23383600637316704,0.0,0.5628019571304321,0.13235816732048988,0.9205380920320749,0.16798102296888828,2.0175152458250523,0.25377701967954636,0.271880067884922,9.939320851117373,598.888469627127,3289.9339217692614,149000,500,,2.793683898093503,,False,False,ok
BNCI2014_001,fixed_spectral_normalized_power_s1,fixed,spectral,normalized_power,8,6398,299,500,500,1.0,22,253,0.0003350399741165035,0.018304097194795036,7.612613863969247,0.741186297841068,25.881370215893195,25.881370215893195,0.0004720610641165201,2.793683898093503,6.920611919573122e-05,0.0002760829429244265,0.00579737558660805,1.966289634678565e-05,188.240737610482,5.716247880429665,0.03017952124818757,0.09236224807369398,0.1459989447547685,6398,2b1b45e4e4a812f6d748c2c175962332f0dbca2acd50b6a4d146c963428b0e9a,full_tensor_sha256,6be8a194f257b1d6a24c9e789f5fb17cdf00dd9fdb0e0ad07b8fe84e0c965627,123ea5ce324bb82567913e1514a410f2bb582a6d8528a6ea98fbb2b74646f92c,a789b01b17129967eecd25421cde715dc938f6e3b95b30f735ff978f0882361e,0.0,0.24508684873580933,0.0,0.5981861613690853,0.14529703184962273,0.6101508624851704,0.23107393644750118,1.829794840887189,0.25377701967954636,0.271880067884922,10.10626507923007,600.7182644680142,3300.0401868484914,149500,500,,2.793683898093503,,False,False,ok
BNCI2014_001,fixed_spectral_normalized_power_s1,fixed,spectral,normalized_power,8,6398,300,500,500,1.0,22,253,0.00034644649562597487,0.018613073245060174,7.612405581944143,0.7411660188953798,25.88339811046202,25.88339811046202,0.00048028809330185105,2.793683898093503,7.117110666130677e-05,0.0002857740690829074,0.005999548018926706,1.96495302881824e-05,188.240737610482,5.716247880429664,0.03017952124818757,0.09236224807369398,0.1459989447547685,6398,2b1b45e4e4a812f6d748c2c175962332f0dbca2acd50b6a4d146c963428b0e9a,full_tensor_sha256,6be8a194f257b1d6a24c9e789f5fb17cdf00dd9fdb0e0ad07b8fe84e0c965627,123ea5ce324bb82567913e1514a410f2bb582a6d8528a6ea98fbb2b74646f92c,a789b01b17129967eecd25421cde715dc938f6e3b95b30f735ff978f0882361e,0.0,0.25162193924188614,0.0,0.5853089969605207,0.1359628513455391,0.8847550489008427,0.18089893274009228,2.038547769188881,0.25377701967954636,0.271880067884922,10.057528968900442,602.7568122372031,3310.097715817392,150000,500,,2.793683898093503,,False,False,ok
BNCI2014_001,fixed_spectral_normalized_power_s1,fixed,spectral,normalized_power,8,6398,301,500,500,1.0,22,253,0.0003350365053117531,0.018304002439678408,7.61266867431016,0.7411916343357846,25.880836566421532,25.880836566421532,0.000472056495686253,2.793683898093503,6.919494596370148e-05,0.0002760743651395343,0.005797052490565934,1.9523899533663396e-05,188.240737610482,5.716247880429664,0.03017952124818757,0.09236224807369398,0.1459989447547685,6398,2b1b45e4e4a812f6d748c2c175962332f0dbca2acd50b6a4d146c963428b0e9a,full_tensor_sha256,6be8a194f257b1d6a24c9e789f5fb17cdf00dd9fdb0e0ad07b8fe84e0c965627,123ea5ce324bb82567913e1514a410f2bb582a6d8528a6ea98fbb2b74646f92c,a789b01b17129967eecd25421cde715dc938f6e3b95b30f735ff978f0882361e,0.0,0.2612210810184479,0.0,0.7202171254903078,0.15299604274332523,0.6496468558907509,0.2064681611955166,1.9905492663383484,0.25377701967954636,0.271880067884922,10.278737870976329,604.7473615035415,3320.376453688368,150500,500,,2.793683898093503,,False,False,ok
BNCI2014_001,fixed_spectral_normalized_power_s1,fixed,spectral,normalized_power,8,6398,302,500,500,1.0,22,253,0.00034644055045152957,0.018612913540107835,7.612442556167631,0.7411696188136617,25.883038118633827,25.883038118633827,0.0004802872393650353,2.793683898093503,7.115335479916352e-05,0.0002857946166685536,0.006000338921597406,1.960356798272299e-05,188.24073761048203,5.716247880429664,0.03017952124818757,0.09236224807369398,0.1459989447547685,6398,2b1b45e4e4a812f6d748c2c175962332f0dbca2acd50b6a4d146c963428b0e9a,full_tensor_sha256,6be8a194f257b1d6a24c9e789f5fb17cdf00dd9fdb0e0ad07b8fe84e0c965627,123ea5ce324bb82567913e1514a410f2bb582a6d8528a6ea98fbb2b74646f92c,a789b01b17129967eecd25421cde715dc938f6e3b95b30f735ff978f0882361e,0.0,0.23792008869349957,0.0,0.5574389360845089,0.1308610662817955,1.335581997409463,0.17043785192072392,2.432239940389991,0.25377701967954636,0.271880067884922,9.694359032437205,607.1796014439315,3330.0708127208054,151000,500,,2.793683898093503,,False,False,ok
BNCI2014_001,fixed_spectral_normalized_power_s1,fixed,spectral,normalized_power,8,6398,303,500,500,1.0,22,253,0.00033503305956855185,0.018303908314033696,7.612722987761035,0.7411969224518374,25.88030775481626,25.88030775481626,0.00047205916814950174,2.793683898093503,6.918291735549315e-05,0.00027609188172682535,0.005797544241432675,1.9660696104778472e-05,188.240737610482,5.716247880429665,0.03017952124818757,0.09236224807369398,0.1459989447547685,6398,2b1b45e4e4a812f6d748c2c175962332f0dbca2acd50b6a4d146c963428b0e9a,full_tensor_sha256,6be8a194f257b1d6a24c9e789f5fb17cdf00dd9fdb0e0ad07b8fe84e0c965627,123ea5ce324bb82567913e1514a410f2bb582a6d8528a6ea98fbb2b74646f92c,a789b01b17129967eecd25421cde715dc938f6e3b95b30f735ff978f0882361e,0.0,0.22780895233154297,0.0,0.5492779891937971,0.13127503916621208,0.6237609777599573,0.16321404837071896,1.6953370068222284,0.25377701967954636,0.271880067884922,9.661728981882334,608.8749384507537,3339.7325417026877,151500,500,,2.793683898093503,,False,False,ok
BNCI2014_001,fixed_spectral_normalized_power_s1,fixed,spectral,normalized_power,8,6398,304,500,500,1.0,22,253,0.00034643486500835234,0.018612760811022967,7.612501321327392,0.7411753403610807,25.882465963891924,25.882465963891924,0.00048028423009231536,2.793683898093503,7.11449571706987e-05,0.0002857950062875746,0.005999942762512472,1.961482896474346e-05,188.240737610482,5.716247880429664,0.03017952124818757,0.09236224807369398,0.1459989447547685,6398,2b1b45e4e4a812f6d748c2c175962332f0dbca2acd50b6a4d146c963428b0e9a,full_tensor_sha256,6be8a194f257b1d6a24c9e789f5fb17cdf00dd9fdb0e0ad07b8fe84e0c965627,123ea5ce324bb82567913e1514a410f2bb582a6d8528a6ea98fbb2b74646f92c,a789b01b17129967eecd25421cde715dc938f6e3b95b30f735ff978f0882361e,0.0,0.23214798420667648,0.0,0.5544659215956926,0.13044592924416065,0.5529290065169334,0.16961200162768364,1.6396008431911469,0.25377701967954636,0.271880067884922,9.658174822106957,610.5145392939448,3349.3907165247947,152000,500,,2.793683898093503,,False,False,ok
BNCI2014_001,fixed_spectral_normalized_power_s1,fixed,spectral,normalized_power,8,6398,305,500,500,1.0,22,253,0.00033502972540547086,0.018303817235906582,7.612777838323831,0.7412022628626739,25.879773713732614,25.879773713732614,0.0004720597212486696,2.793683898093503,6.917442356468808e-05,0.00027609194944424735,0.005797465725977718,1.9507946867895856e-05,188.240737610482,5.716247880429664,0.03017952124818757,0.09236224807369398,0.1459989447547685,6398,2b1b45e4e4a812f6d748c2c175962332f0dbca2acd50b6a4d146c963428b0e9a,full_tensor_sha256,6be8a194f257b1d6a24c9e789f5fb17cdf00dd9fdb0e0ad07b8fe84e0c965627,123ea5ce324bb82567913e1514a410f2bb582a6d8528a6ea98fbb2b74646f92c,a789b01b17129967eecd25421cde715dc938f6e3b95b30f735ff978f0882361e,0.0,0.2326869871467352,0.0,0.5651360843330622,0.13081403449177742,0.7094868924468756,0.16563315875828266,1.803757157176733,0.25377701967954636,0.271880067884922,9.568389970809221,612.3182964511216,3358.959106495604,152500,500,,2.793683898093503,,False,False,ok
BNCI2014_001,fixed_spectral_normalized_power_s1,fixed,spectral,normalized_power,8,6398,306,500,500,1.0,22,253,0.00034642931010108607,0.018612611587337388,7.612563452742921,0.7411813896569833,25.88186103430166,25.88186103430166,0.00048028983223153115,2.793683898093503,7.113563773292325e-05,0.00028578209522406507,0.00599989988949561,1.9547104055492393e-05,188.24073761048203,5.716247880429664,0.03017952124818757,0.09236224807369398,0.1459989447547685,6398,2b1b45e4e4a812f6d748c2c175962332f0dbca2acd50b6a4d146c963428b0e9a,full_tensor_sha256,6be8a194f257b1d6a24c9e789f5fb17cdf00dd9fdb0e0ad07b8fe84e0c965627,123ea5ce324bb82567913e1514a410f2bb582a6d8528a6ea98fbb2b74646f92c,a789b01b17129967eecd25421cde715dc938f6e3b95b30f735ff978f0882361e,0.0,0.25209691375494003,0.0,0.8630380034446716,0.15407497994601727,0.6267130374908447,0.20264694467186928,2.098569879308343,0.25377701967954636,0.271880067884922,10.575622087344527,614.4168663304299,3369.5347285829484,153000,500,,2.793683898093503,,False,False,ok
BNCI2014_001,fixed_spectral_normalized_power_s1,fixed,spectral,normalized_power,8,6398,307,500,500,1.0,22,253,0.0003350260355255869,0.0183037164402639,7.61282392724021,0.7412067502140505,25.87932497859495,25.87932497859495,0.00047206656258695244,2.793683898093503,6.915935319481592e-05,0.0002760965197232986,0.00579749425315591,1.9642340086574414e-05,188.24073761048203,5.716247880429664,0.03017952124818757,0.09236224807369398,0.1459989447547685,6398,2b1b45e4e4a812f6d748c2c175962332f0dbca2acd50b6a4d146c963428b0e9a,full_tensor_sha256,6be8a194f257b1d6a24c9e789f5fb17cdf00dd9fdb0e0ad07b8fe84e0c965627,123ea5ce324bb82567913e1514a410f2bb582a6d8528a6ea98fbb2b74646f92c,a789b01b17129967eecd25421cde715dc938f6e3b95b30f735ff978f0882361e,0.0,0.2376579213887453,0.0,0.5676359869539738,0.1327930949628353,1.163003034889698,0.1701880246400833,2.2712780628353357,0.25377701967954636,0.271880067884922,10.54386398755014,616.6881443932652,3380.0785925704986,153500,500,,2.793683898093503,,False,False,ok
BNCI2014_001,fixed_spectral_normalized_power_s1,fixed,spectral,normalized_power,8,6398,308,500,500,1.0,22,253,0.0003464240799195413,0.018612471085794634,7.612609154891849,0.7411858393515525,25.881416064844757,25.881416064844757,0.0004802835168390945,2.793683898093503,7.112455205765888e-05,0.0002857954417311742,0.005999996679786571,1.9538075499023146e-05,188.24073761048203,5.716247880429664,0.03017952124818757,0.09236224807369398,0.1459989447547685,6398,2b1b45e4e4a812f6d748c2c175962332f0dbca2acd50b6a4d146c963428b0e9a,full_tensor_sha256,6be8a194f257b1d6a24c9e789f5fb17cdf00dd9fdb0e0ad07b8fe84e0c965627,123ea5ce324bb82567913e1514a410f2bb582a6d8528a6ea98fbb2b74646f92c,a789b01b17129967eecd25421cde715dc938f6e3b95b30f735ff978f0882361e,0.0,0.22910907864570618,0.0,0.5729428958147764,0.13245991431176662,0.7953071035444736,0.16783596947789192,1.8976549617946148,0.25377701967954636,0.271880067884922,10.160563047975302,618.5857993550599,3390.239155618474,154000,500,,2.793683898093503,,False,False,ok
BNCI2014_001,fixed_spectral_normalized_power_s1,fixed,spectral,normalized_power,8,6398,309,500,500,1.0,22,253,0.00033502276836314013,0.01830362719143777,7.612882932615038,0.7412124951495093,25.87875048504907,25.87875048504907,0.0004720579727944772,2.793683898093503,6.915191386898086e-05,0.000276110620797846,0.0057978614164353555,1.9513865577156582e-05,188.24073761048203,5.716247880429664,0.03017952124818757,0.09236224807369398,0.1459989447547685,6398,2b1b45e4e4a812f6d748c2c175962332f0dbca2acd50b6a4d146c963428b0e9a,full_tensor_sha256,6be8a194f257b1d6a24c9e789f5fb17cdf00dd9fdb0e0ad07b8fe84e0c965627,123ea5ce324bb82567913e1514a410f2bb582a6d8528a6ea98fbb2b74646f92c,a789b01b17129967eecd25421cde715dc938f6e3b95b30f735ff978f0882361e,0.0,0.2563050948083401,0.0,0.6150880362838507,0.13628206215798855,0.6342858541756868,0.1849699765443802,1.8269310239702463,0.25377701967954636,0.271880067884922,9.9940390791744,620.4127303790301,3400.2331946976483,154500,500,,2.793683898093503,,False,False,ok
BNCI2014_001,fixed_spectral_normalized_power_s1,fixed,spectral,normalized_power,8,6398,310,500,500,1.0,22,253,0.00034641851033638494,0.018612321465534196,7.612653177423452,0.741190125513678,25.880987448632197,25.880987448632197,0.000480284568804744,2.793683898093503,7.111621637730495e-05,0.00028577998969245093,0.005999728892096182,1.9525325443603226e-05,188.24073761048203,5.716247880429664,0.03017952124818757,0.09236224807369398,0.1459989447547685,6398,2b1b45e4e4a812f6d748c2c175962332f0dbca2acd50b6a4d146c963428b0e9a,full_tensor_sha256,6be8a194f257b1d6a24c9e789f5fb17cdf00dd9fdb0e0ad07b8fe84e0c965627,123ea5ce324bb82567913e1514a410f2bb582a6d8528a6ea98fbb2b74646f92c,a789b01b17129967eecd25421cde715dc938f6e3b95b30f735ff978f0882361e,0.0,0.24490617215633392,0.0,0.5961249116808176,0.1338778529316187,0.6046670023351908,0.17185811884701252,1.7514340579509735,0.25377701967954636,0.271880067884922,10.387927992269397,622.1641644369811,3410.6211226899177,155000,500,,2.793683898093503,,False,False,ok
BNCI2014_001,fixed_spectral_normalized_power_s1,fixed,spectral,normalized_power,8,6398,311,500,500,1.0,22,253,0.0003350194978588151,0.01830353785088596,7.6129182175383185,0.7412159305925942,25.878406940740586,25.878406940740586,0.00047206766842295485,2.793683898093503,6.914388880229257e-05,0.00027607871452346803,0.005796938063293945,1.959416028684791e-05,188.24073761048203,5.716247880429665,0.03017952124818757,0.09236224807369398,0.1459989447547685,6398,2b1b45e4e4a812f6d748c2c175962332f0dbca2acd50b6a4d146c963428b0e9a,full_tensor_sha256,6be8a194f257b1d6a24c9e789f5fb17cdf00dd9fdb0e0ad07b8fe84e0c965627,123ea5ce324bb82567913e1514a410f2bb582a6d8528a6ea98fbb2b74646f92c,a789b01b17129967eecd25421cde715dc938f6e3b95b30f735ff978f0882361e,0.0,0.23748911917209625,0.0,0.5917081143707037,0.13381894677877426,0.9634201414883137,0.17529097385704517,2.101727295666933,0.25377701967954636,0.271880067884922,11.97939901612699,624.265891732648,3422.6005217060447,155500,500,,2.793683898093503,,False,False,ok
BNCI2014_001,fixed_spectral_normalized_power_s1,fixed,spectral,normalized_power,8,6398,312,500,500,1.0,22,253,0.0003464130520519161,0.018612174834014325,7.6127138348178605,0.7411960312945834,25.880396870541656,25.880396870541656,0.00048028917670413446,2.793683898093503,7.110220564210962e-05,0.00028579518600140274,0.0059999273763796535,1.9480035838773152e-05,188.24073761048203,5.716247880429664,0.03017952124818757,0.09236224807369398,0.1459989447547685,6398,2b1b45e4e4a812f6d748c2c175962332f0dbca2acd50b6a4d146c963428b0e9a,full_tensor_sha256,6be8a194f257b1d6a24c9e789f5fb17cdf00dd9fdb0e0ad07b8fe84e0c965627,123ea5ce324bb82567913e1514a410f2bb582a6d8528a6ea98fbb2b74646f92c,a789b01b17129967eecd25421cde715dc938f6e3b95b30f735ff978f0882361e,0.0,0.2527011092752218,0.0,0.6060199812054634,0.1391409896314144,0.576856080442667,0.18112501129508018,1.7558431718498468,0.25377701967954636,0.271880067884922,10.26248000562191,626.0217349044979,3432.8630017116666,156000,500,,2.793683898093503,,False,False,ok
BNCI2014_001,fixed_spectral_normalized_power_s1,fixed,spectral,normalized_power,8,6398,313,500,500,1.0,22,253,0.00033501630908474623,0.01830345074254432,7.612973657179751,0.7412213283578455,25.877867164215452,25.877867164215452,0.0004720585332181834,2.793683898093503,6.912662095823453e-05,0.0002761205844354555,0.0057980056721281675,1.942484194161975e-05,188.240737610482,5.716247880429664,0.03017952124818757,0.09236224807369398,0.1459989447547685,6398,2b1b45e4e4a812f6d748c2c175962332f0dbca2acd50b6a4d146c963428b0e9a,full_tensor_sha256,6be8a194f257b1d6a24c9e789f5fb17cdf00dd9fdb0e0ad07b8fe84e0c965627,123ea5ce324bb82567913e1514a410f2bb582a6d8528a6ea98fbb2b74646f92c,a789b01b17129967eecd25421cde715dc938f6e3b95b30f735ff978f0882361e,0.0,0.2487821038812399,0.0,0.6076379213482141,0.13714516535401344,0.6956590805202723,0.18289685249328613,1.8721211235970259,0.25377701967954636,0.271880067884922,9.849012829363346,627.8938560280949,3442.71201454103,156500,500,,2.793683898093503,,False,False,ok
BNCI2014_001,fixed_spectral_normalized_power_s1,fixed,spectral,normalized_power,8,6398,314,500,500,1.0,22,253,0.00034640771615128115,0.018612031489100837,7.61273202426577,0.741197802272305,25.880219772769493,25.880219772769493,0.0004802804006079463,2.793683898093503,7.109545149928103e-05,0.00028578642802605574,0.005999795570817697,1.9494748611928978e-05,188.240737610482,5.716247880429664,0.03017952124818757,0.09236224807369398,0.1459989447547685,6398,2b1b45e4e4a812f6d748c2c175962332f0dbca2acd50b6a4d146c963428b0e9a,full_tensor_sha256,6be8a194f257b1d6a24c9e789f5fb17cdf00dd9fdb0e0ad07b8fe84e0c965627,123ea5ce324bb82567913e1514a410f2bb582a6d8528a6ea98fbb2b74646f92c,a789b01b17129967eecd25421cde715dc938f6e3b95b30f735ff978f0882361e,0.0,0.25393813848495483,0.0,0.6169029511511326,0.1395039726048708,0.8779119234532118,0.18851296044886112,2.076769946143031,0.25377701967954636,0.271880067884922,9.820147883147001,629.9706259742379,3452.532162424177,157000,500,,2.793683898093503,,False,False,ok
BNCI2014_001,fixed_spectral_normalized_power_s1,fixed,spectral,normalized_power,8,6398,315,500,500,1.0,22,253,0.0003350129923619298,0.018303360138562805,7.613011478662096,0.7412250107677218,25.877498923227808,25.877498923227808,0.000472071158573051,2.793683898093503,6.91258748940023e-05,0.0002761001530991551,0.005797524603725511,1.9561135733519664e-05,188.240737610482,5.716247880429664,0.03017952124818757,0.09236224807369398,0.1459989447547685,6398,2b1b45e4e4a812f6d748c2c175962332f0dbca2acd50b6a4d146c963428b0e9a,full_tensor_sha256,6be8a194f257b1d6a24c9e789f5fb17cdf00dd9fdb0e0ad07b8fe84e0c965627,123ea5ce324bb82567913e1514a410f2bb582a6d8528a6ea98fbb2b74646f92c,a789b01b17129967eecd25421cde715dc938f6e3b95b30f735ff978f0882361e,0.0,0.24793390184640884,0.0,0.6111010443419218,0.1398799940943718,0.9942320175468922,0.1900610513985157,2.1832080092281103,0.25377701967954636,0.271880067884922,10.424265870824456,632.153833983466,3462.9564282950014,157500,500,,2.793683898093503,,False,False,ok
BNCI2014_001,fixed_spectral_normalized_power_s1,fixed,spectral,normalized_power,8,6398,316,500,500,1.0,22,253,0.00034640259389259997,0.018611893882477408,7.612801545898601,0.7412045711013273,25.879542889867267,25.879542889867267,0.0004802894565004087,2.793683898093503,7.107989892663151e-05,0.000285800212640552,0.005999983935077845,1.9471566357366916e-05,188.240737610482,5.716247880429664,0.03017952124818757,0.09236224807369398,0.1459989447547685,6398,2b1b45e4e4a812f6d748c2c175962332f0dbca2acd50b6a4d146c963428b0e9a,full_tensor_sha256,6be8a194f257b1d6a24c9e789f5fb17cdf00dd9fdb0e0ad07b8fe84e0c965627,123ea5ce324bb82567913e1514a410f2bb582a6d8528a6ea98fbb2b74646f92c,a789b01b17129967eecd25421cde715dc938f6e3b95b30f735ff978f0882361e,0.0,0.25990093126893044,0.0,0.6271691527217627,0.14131702482700348,0.6419471465051174,0.19214698113501072,1.8624812364578247,0.25377701967954636,0.271880067884922,12.073877034708858,634.0163152199239,3475.0303053297102,158000,500,,2.793683898093503,,False,False,ok
BNCI2014_001,fixed_spectral_normalized_power_s1,fixed,spectral,normalized_power,8,6398,317,500,500,1.0,22,253,0.00033500986452099737,0.018303274693917407,7.613063794707884,0.7412301044105873,25.87698955894127,25.87698955894127,0.00047205969772275185,2.793683898093503,6.911188583408233e-05,0.00027610157688949516,0.005797341755582764,1.941508397949693e-05,188.240737610482,5.716247880429664,0.03017952124818757,0.09236224807369398,0.1459989447547685,6398,2b1b45e4e4a812f6d748c2c175962332f0dbca2acd50b6a4d146c963428b0e9a,full_tensor_sha256,6be8a194f257b1d6a24c9e789f5fb17cdf00dd9fdb0e0ad07b8fe84e0c965627,123ea5ce324bb82567913e1514a410f2bb582a6d8528a6ea98fbb2b74646f92c,a789b01b17129967eecd25421cde715dc938f6e3b95b30f735ff978f0882361e,0.0,0.26239408180117607,0.0,0.6361680570989847,0.1417009625583887,0.632384093478322,0.19105407409369946,1.863701269030571,0.25377701967954636,0.271880067884922,10.023033013567328,635.8800164889544,3485.0533383432776,158500,500,,2.793683898093503,,False,False,ok
BNCI2014_001,fixed_spectral_normalized_power_s1,fixed,spectral,normalized_power,8,6398,318,500,500,1.0,22,253,0.0003463970232608683,0.018611744229407094,7.612836042854118,0.7412079298255715,25.87920701744285,25.87920701744285,0.00048028219738447786,2.793683898093503,7.106992803030551e-05,0.00028579509023137173,0.005999936584912753,1.9439506467909916e-05,188.240737610482,5.716247880429664,0.03017952124818757,0.09236224807369398,0.1459989447547685,6398,2b1b45e4e4a812f6d748c2c175962332f0dbca2acd50b6a4d146c963428b0e9a,full_tensor_sha256,6be8a194f257b1d6a24c9e789f5fb17cdf00dd9fdb0e0ad07b8fe84e0c965627,123ea5ce324bb82567913e1514a410f2bb582a6d8528a6ea98fbb2b74646f92c,a789b01b17129967eecd25421cde715dc938f6e3b95b30f735ff978f0882361e,0.0,0.24602515622973442,0.0,0.6081289611756802,0.13820710591971874,0.7684989832341671,0.17752102576196194,1.9383812323212624,0.25377701967954636,0.271880067884922,9.256371995434165,637.8183977212757,3494.3097103387117,159000,500,,2.793683898093503,,False,False,ok
BNCI2014_001,fixed_spectral_normalized_power_s1,fixed,spectral,normalized_power,8,6398,319,500,500,1.0,22,253,0.0003350063910111009,0.018303179806009144,7.6131019248185625,0.7412338168694188,25.87661831305812,25.87661831305812,0.0004720752452896919,2.793683898093503,6.91041492990449e-05,0.00027612229649840353,0.005798060338555469,1.951666764406095e-05,188.24073761048203,5.716247880429664,0.03017952124818757,0.09236224807369398,0.1459989447547685,6398,2b1b45e4e4a812f6d748c2c175962332f0dbca2acd50b6a4d146c963428b0e9a,full_tensor_sha256,6be8a194f257b1d6a24c9e789f5fb17cdf00dd9fdb0e0ad07b8fe84e0c965627,123ea5ce324bb82567913e1514a410f2bb582a6d8528a6ea98fbb2b74646f92c,a789b01b17129967eecd25421cde715dc938f6e3b95b30f735ff978f0882361e,0.0,0.23569399490952492,0.0,0.5980751011520624,0.1348771620541811,0.7550390437245369,0.17092004418373108,1.8946053460240364,0.25377701967954636,0.271880067884922,9.915600996464491,639.7130030672997,3504.2253113351762,159500,500,,2.793683898093503,,False,False,ok
BNCI2014_001,fixed_spectral_normalized_power_s1,fixed,spectral,normalized_power,8,6398,320,500,500,1.0,22,253,0.00034639168110088244,0.01861160071301989,7.6128764435897125,0.74121186335907,25.878813664093,25.878813664093,0.000480284713695073,2.793683898093503,7.106535189116894e-05,0.00028579178063360987,0.005999696665877657,1.9451830980855538e-05,188.24073761048203,5.716247880429665,0.03017952124818757,0.09236224807369398,0.1459989447547685,6398,2b1b45e4e4a812f6d748c2c175962332f0dbca2acd50b6a4d146c963428b0e9a,full_tensor_sha256,6be8a194f257b1d6a24c9e789f5fb17cdf00dd9fdb0e0ad07b8fe84e0c965627,123ea5ce324bb82567913e1514a410f2bb582a6d8528a6ea98fbb2b74646f92c,a789b01b17129967eecd25421cde715dc938f6e3b95b30f735ff978f0882361e,0.0,0.23567699827253819,0.0,0.5844631232321262,0.13387808576226234,0.7387320511043072,0.17297989688813686,1.8657301552593708,0.25377701967954636,0.271880067884922,9.188607102259994,641.5787332225591,3513.413918437436,160000,500,,2.793683898093503,,False,False,ok
BNCI2014_001,fixed_spectral_normalized_power_s1,fixed,spectral,normalized_power,8,6398,321,500,500,1.0,22,253,0.000335003187803631,0.0183030923016749,7.613142899304693,0.7412378062649436,25.87621937350564,25.87621937350564,0.0004720625925549237,2.793683898093503,6.909326663227238e-05,0.00027609828792558904,0.0057971478016802785,1.9435951768608675e-05,188.24073761048203,5.716247880429664,0.03017952124818757,0.09236224807369398,0.1459989447547685,6398,2b1b45e4e4a812f6d748c2c175962332f0dbca2acd50b6a4d146c963428b0e9a,full_tensor_sha256,6be8a194f257b1d6a24c9e789f5fb17cdf00dd9fdb0e0ad07b8fe84e0c965627,123ea5ce324bb82567913e1514a410f2bb582a6d8528a6ea98fbb2b74646f92c,a789b01b17129967eecd25421cde715dc938f6e3b95b30f735ff978f0882361e,0.0,0.23500388488173485,0.0,0.5844971165060997,0.13509998098015785,0.6140011828392744,0.18308707512915134,1.7516892403364182,0.25377701967954636,0.271880067884922,9.698736947029829,643.3304224628955,3523.112655384466,160500,500,,2.793683898093503,,False,False,ok
BNCI2014_001,fixed_spectral_normalized_power_s1,fixed,spectral,normalized_power,8,6398,322,500,500,1.0,22,253,0.0003463863531442055,0.018611457577100338,7.612917408774704,0.7412158518490088,25.878414815099116,25.878414815099116,0.00048027770294381214,2.793683898093503,7.10471578753337e-05,0.0002857903947665245,0.005999691026888649,1.9372986666011165e-05,188.240737610482,5.716247880429664,0.03017952124818757,0.09236224807369398,0.1459989447547685,6398,2b1b45e4e4a812f6d748c2c175962332f0dbca2acd50b6a4d146c963428b0e9a,full_tensor_sha256,6be8a194f257b1d6a24c9e789f5fb17cdf00dd9fdb0e0ad07b8fe84e0c965627,123ea5ce324bb82567913e1514a410f2bb582a6d8528a6ea98fbb2b74646f92c,a789b01b17129967eecd25421cde715dc938f6e3b95b30f735ff978f0882361e,0.0,0.23971591144800186,0.0,0.5872300826013088,0.1377540174871683,0.6053159013390541,0.1708820927888155,1.7408980056643486,0.25377701967954636,0.271880067884922,11.683819117024541,645.0713204685599,3534.7964745014906,161000,500,,2.793683898093503,,False,False,ok
BNCI2014_001,fixed_spectral_normalized_power_s1,fixed,spectral,normalized_power,8,6398,323,500,500,1.0,22,253,0.0003349997266890394,0.01830299775143513,7.613183396588147,0.7412417491986234,25.87582508013766,25.87582508013766,0.00047207927752833536,2.793683898093503,6.90811759078736e-05,0.00027611458134013835,0.005797592632239767,1.9488199627984147e-05,188.240737610482,5.716247880429664,0.03017952124818757,0.09236224807369398,0.1459989447547685,6398,2b1b45e4e4a812f6d748c2c175962332f0dbca2acd50b6a4d146c963428b0e9a,full_tensor_sha256,6be8a194f257b1d6a24c9e789f5fb17cdf00dd9fdb0e0ad07b8fe84e0c965627,123ea5ce324bb82567913e1514a410f2bb582a6d8528a6ea98fbb2b74646f92c,a789b01b17129967eecd25421cde715dc938f6e3b95b30f735ff978f0882361e,0.0,0.25351601652801037,0.0,0.616417033597827,0.14032702893018723,0.7808029185980558,0.17963186837732792,1.9706948660314083,0.25377701967954636,0.271880067884922,10.108503047376871,647.0420153345913,3544.9049775488675,161500,500,,2.793683898093503,,False,False,ok
BNCI2014_001,fixed_spectral_normalized_power_s1,fixed,spectral,normalized_power,8,6398,324,500,500,1.0,22,253,0.0003463812038293805,0.018611319239360238,7.6129439790256015,0.7412184388061627,25.87815611938373,25.87815611938373,0.0004802845333579763,2.793683898093503,7.10452842428085e-05,0.0002857942310133539,0.005999685365226621,1.9439032960700556e-05,188.240737610482,5.716247880429664,0.03017952124818757,0.09236224807369398,0.1459989447547685,6398,2b1b45e4e4a812f6d748c2c175962332f0dbca2acd50b6a4d146c963428b0e9a,full_tensor_sha256,6be8a194f257b1d6a24c9e789f5fb17cdf00dd9fdb0e0ad07b8fe84e0c965627,123ea5ce324bb82567913e1514a410f2bb582a6d8528a6ea98fbb2b74646f92c,a789b01b17129967eecd25421cde715dc938f6e3b95b30f735ff978f0882361e,0.0,0.23667188361287117,0.0,0.5923500284552574,0.1376061700284481,0.6678979843854904,0.18816697411239147,1.8226930405944586,0.25377701967954636,0.271880067884922,9.86319500952959,648.8647083751857,3554.768172558397,162000,500,,2.793683898093503,,False,False,ok
BNCI2014_001,fixed_spectral_normalized_power_s1,fixed,spectral,normalized_power,8,6398,325,500,500,1.0,22,253,0.00033499637907317265,0.01830290630127283,7.61320931166671,0.7412442723662872,25.87557276337128,25.87557276337128,0.0004720626406965492,2.793683898093503,6.907016210533968e-05,0.00027612979286390535,0.005798053914064887,1.934307956089564e-05,188.240737610482,5.716247880429664,0.03017952124818757,0.09236224807369398,0.1459989447547685,6398,2b1b45e4e4a812f6d748c2c175962332f0dbca2acd50b6a4d146c963428b0e9a,full_tensor_sha256,6be8a194f257b1d6a24c9e789f5fb17cdf00dd9fdb0e0ad07b8fe84e0c965627,123ea5ce324bb82567913e1514a410f2bb582a6d8528a6ea98fbb2b74646f92c,a789b01b17129967eecd25421cde715dc938f6e3b95b30f735ff978f0882361e,0.0,0.2464870922267437,0.0,0.5940699484199286,0.13494398444890976,0.7706610485911369,0.1748770009726286,1.9210390746593475,0.25377701967954636,0.271880067884922,9.512734832242131,650.7857474498451,3564.280907390639,162500,500,,2.793683898093503,,False,False,ok
BNCI2014_001,fixed_spectral_normalized_power_s1,fixed,spectral,normalized_power,8,6398,326,500,500,1.0,22,253,0.0003463758325476616,0.018611174937323588,7.612983595565525,0.7412222959880825,25.877770401191746,25.877770401191746,0.0004802754503657851,2.793683898093503,7.102791140193265e-05,0.00028579376297400776,0.005999700864461761,1.932608837743824e-05,188.24073761048203,5.716247880429664,0.03017952124818757,0.09236224807369398,0.1459989447547685,6398,2b1b45e4e4a812f6d748c2c175962332f0dbca2acd50b6a4d146c963428b0e9a,full_tensor_sha256,6be8a194f257b1d6a24c9e789f5fb17cdf00dd9fdb0e0ad07b8fe84e0c965627,123ea5ce324bb82567913e1514a410f2bb582a6d8528a6ea98fbb2b74646f92c,a789b01b17129967eecd25421cde715dc938f6e3b95b30f735ff978f0882361e,0.0,0.23361388593912125,0.0,0.5837799981236458,0.13691489584743977,0.7369520608335733,0.16664620488882065,1.8579070456326008,0.25377701967954636,0.271880067884922,9.70129994675517,652.6436544954777,3573.9822073373944,163000,500,,2.793683898093503,,False,False,ok
BNCI2014_001,fixed_spectral_normalized_power_s1,fixed,spectral,normalized_power,8,6398,327,500,500,1.0,22,253,0.000334993318231116,0.0183028226847969,7.613243106404163,0.7412475627205317,25.87524372794683,25.87524372794683,0.0004720823682892108,2.793683898093503,6.906233369817719e-05,0.00027610500397796397,0.005797210109357125,1.939604341724976e-05,188.24073761048203,5.716247880429664,0.03017952124818757,0.09236224807369398,0.1459989447547685,6398,2b1b45e4e4a812f6d748c2c175962332f0dbca2acd50b6a4d146c963428b0e9a,full_tensor_sha256,6be8a194f257b1d6a24c9e789f5fb17cdf00dd9fdb0e0ad07b8fe84e0c965627,123ea5ce324bb82567913e1514a410f2bb582a6d8528a6ea98fbb2b74646f92c,a789b01b17129967eecd25421cde715dc938f6e3b95b30f735ff978f0882361e,0.0,0.23543788120150566,0.0,0.5759201012551785,0.13596704229712486,0.6973829586058855,0.1702960580587387,1.8150040414184332,0.25377701967954636,0.271880067884922,11.274702847003937,654.4586585368961,3585.2569101843983,163500,500,,2.793683898093503,,False,False,ok
BNCI2014_001,fixed_spectral_normalized_power_s1,fixed,spectral,normalized_power,8,6398,328,500,500,1.0,22,253,0.000346370997316763,0.018611045035590103,7.613011499022455,0.7412250127500658,25.877498724993416,25.877498724993416,0.0004802875826624285,2.793683898093503,7.102567129440155e-05,0.00028579071227185105,0.005999600217813564,1.9420087727784564e-05,188.240737610482,5.716247880429664,0.03017952124818757,0.09236224807369398,0.1459989447547685,6398,2b1b45e4e4a812f6d748c2c175962332f0dbca2acd50b6a4d146c963428b0e9a,full_tensor_sha256,6be8a194f257b1d6a24c9e789f5fb17cdf00dd9fdb0e0ad07b8fe84e0c965627,123ea5ce324bb82567913e1514a410f2bb582a6d8528a6ea98fbb2b74646f92c,a789b01b17129967eecd25421cde715dc938f6e3b95b30f735ff978f0882361e,0.0,0.26015215553343296,0.0,0.7139791268855333,0.15877210535109043,0.801261980086565,0.18869992345571518,2.122865291312337,0.25377701967954636,0.271880067884922,10.276061948388815,656.5815238282084,3595.532972132787,164000,500,,2.793683898093503,,False,False,ok
BNCI2014_001,fixed_spectral_normalized_power_s1,fixed,spectral,normalized_power,8,6398,329,500,500,1.0,22,253,0.00033499014271694055,0.01830273593528958,7.6132729622390025,0.7412504695717249,25.874953042827507,25.874953042827507,0.0004720659158030763,2.793683898093503,6.90502958181715e-05,0.0002761383249177756,0.005798156199588922,1.9244296532570136e-05,188.240737610482,5.716247880429664,0.03017952124818757,0.09236224807369398,0.1459989447547685,6398,2b1b45e4e4a812f6d748c2c175962332f0dbca2acd50b6a4d146c963428b0e9a,full_tensor_sha256,6be8a194f257b1d6a24c9e789f5fb17cdf00dd9fdb0e0ad07b8fe84e0c965627,123ea5ce324bb82567913e1514a410f2bb582a6d8528a6ea98fbb2b74646f92c,a789b01b17129967eecd25421cde715dc938f6e3b95b30f735ff978f0882361e,0.0,0.240325927734375,0.0,0.6038220599293709,0.13692909851670265,0.7670600898563862,0.17550820484757423,1.923645380884409,0.25377701967954636,0.271880067884922,9.160110028460622,658.5051692090929,3604.6930821612477,164500,500,,2.793683898093503,,False,False,ok
BNCI2014_001,fixed_spectral_normalized_power_s1,fixed,spectral,normalized_power,8,6398,330,500,500,1.0,22,253,0.0003463660144987636,0.018610911167881158,7.613042326593165,0.7412280142122987,25.87719857877013,25.87719857877013,0.0004802744707903162,2.793683898093503,7.100434569631931e-05,0.00028582407550768827,0.006000556077312814,1.9288379185476647e-05,188.240737610482,5.716247880429664,0.03017952124818757,0.09236224807369398,0.1459989447547685,6398,2b1b45e4e4a812f6d748c2c175962332f0dbca2acd50b6a4d146c963428b0e9a,full_tensor_sha256,6be8a194f257b1d6a24c9e789f5fb17cdf00dd9fdb0e0ad07b8fe84e0c965627,123ea5ce324bb82567913e1514a410f2bb582a6d8528a6ea98fbb2b74646f92c,a789b01b17129967eecd25421cde715dc938f6e3b95b30f735ff978f0882361e,0.0,0.2282049972563982,0.0,0.5671021062880754,0.13131508603692055,1.1239189188927412,0.16838894225656986,2.2189300507307053,0.25377701967954636,0.271880067884922,9.322123136371374,660.7240992598236,3614.015205297619,165000,500,,2.793683898093503,,False,False,ok
BNCI2014_001,fixed_spectral_normalized_power_s1,fixed,spectral,normalized_power,8,6398,331,500,500,1.0,22,253,0.0003349868236658042,0.018302645264163434,7.613300935730436,0.7412531931524718,25.874680684752818,25.874680684752818,0.00047207968763247134,2.793683898093503,6.90446279220028e-05,0.0002761104843968644,0.005797292680897574,1.9373044072964796e-05,188.240737610482,5.716247880429664,0.03017952124818757,0.09236224807369398,0.1459989447547685,6398,2b1b45e4e4a812f6d748c2c175962332f0dbca2acd50b6a4d146c963428b0e9a,full_tensor_sha256,6be8a194f257b1d6a24c9e789f5fb17cdf00dd9fdb0e0ad07b8fe84e0c965627,123ea5ce324bb82567913e1514a410f2bb582a6d8528a6ea98fbb2b74646f92c,a789b01b17129967eecd25421cde715dc938f6e3b95b30f735ff978f0882361e,0.0,0.23156218230724335,0.0,0.54905004799366,0.1389931421726942,0.8783040102571249,0.16811396926641464,1.966023351997137,0.25377701967954636,0.271880067884922,9.403857868164778,662.6901226118207,3623.419063165784,165500,500,,2.793683898093503,,False,False,ok
BNCI2014_001,fixed_spectral_normalized_power_s1,fixed,spectral,normalized_power,8,6398,332,500,500,1.0,22,253,0.00034636117538924626,0.018610781160103042,7.613083425817158,0.7412320157526657,25.876798424733423,25.876798424733423,0.0004802855832741956,2.793683898093503,7.100913153967902e-05,0.0002857772583566841,0.005999062514705691,1.9325415623948285e-05,188.240737610482,5.716247880429664,0.03017952124818757,0.09236224807369398,0.1459989447547685,6398,2b1b45e4e4a812f6d748c2c175962332f0dbca2acd50b6a4d146c963428b0e9a,full_tensor_sha256,6be8a194f257b1d6a24c9e789f5fb17cdf00dd9fdb0e0ad07b8fe84e0c965627,123ea5ce324bb82567913e1514a410f2bb582a6d8528a6ea98fbb2b74646f92c,a789b01b17129967eecd25421cde715dc938f6e3b95b30f735ff978f0882361e,0.0,0.23573916405439377,0.0,0.5647127982228994,0.1321819145232439,0.8927250746637583,0.17002481035888195,1.9953837618231773,0.25377701967954636,0.271880067884922,9.567348985001445,664.6855063736439,3632.9864121507853,166000,500,,2.793683898093503,,False,False,ok
BNCI2014_001,fixed_spectral_normalized_power_s1,fixed,spectral,normalized_power,8,6398,333,500,500,1.0,22,253,0.00033498375591594167,0.01830256145778349,7.613345054413034,0.7412574886761388,25.874251132386117,25.874251132386117,0.00047207307529589104,2.793683898093503,6.903111187679222e-05,0.00027613899675352866,0.005798036727691844,1.9283023078583842e-05,188.24073761048203,5.716247880429664,0.03017952124818757,0.09236224807369398,0.1459989447547685,6398,2b1b45e4e4a812f6d748c2c175962332f0dbca2acd50b6a4d146c963428b0e9a,full_tensor_sha256,6be8a194f257b1d6a24c9e789f5fb17cdf00dd9fdb0e0ad07b8fe84e0c965627,123ea5ce324bb82567913e1514a410f2bb582a6d8528a6ea98fbb2b74646f92c,a789b01b17129967eecd25421cde715dc938f6e3b95b30f735ff978f0882361e,0.0,0.23311609402298927,0.0,0.5721859633922577,0.1333670224994421,0.6014520768076181,0.17019500955939293,1.7103161662817001,0.25377701967954636,0.271880067884922,11.375924805179238,666.3958225399256,3644.3623369559646,166500,500,,2.793683898093503,,False,False,ok
BNCI2014_001,fixed_spectral_normalized_power_s1,fixed,spectral,normalized_power,8,6398,334,500,500,1.0,22,253,0.00034635623464777184,0.018610648420938264,7.613111415223268,0.741234740882912,25.8765259117088,25.8765259117088,0.0004802777880402706,2.793683898093503,7.098491384371055e-05,0.0002858305968619986,0.0060007194097258226,1.9337219408003096e-05,188.240737610482,5.716247880429664,0.03017952124818757,0.09236224807369398,0.1459989447547685,6398,2b1b45e4e4a812f6d748c2c175962332f0dbca2acd50b6a4d146c963428b0e9a,full_tensor_sha256,6be8a194f257b1d6a24c9e789f5fb17cdf00dd9fdb0e0ad07b8fe84e0c965627,123ea5ce324bb82567913e1514a410f2bb582a6d8528a6ea98fbb2b74646f92c,a789b01b17129967eecd25421cde715dc938f6e3b95b30f735ff978f0882361e,0.0,0.2569439820945263,0.0,0.6244308315217495,0.15342212282121181,0.69264299236238,0.2032080665230751,1.9306479953229427,0.25377701967954636,0.271880067884922,9.8062539473176,668.3264705352485,3654.168590903282,167000,500,,2.793683898093503,,False,False,ok
BNCI2014_001,fixed_spectral_normalized_power_s1,fixed,spectral,normalized_power,8,6398,335,500,500,1.0,22,253,0.00033498024574620764,0.018302465564677555,7.61338892176712,0.7412617597297285,25.873824027027148,25.873824027027148,0.0004720794588777373,2.793683898093503,6.902554766764341e-05,0.00027612480601802217,0.005797643873530097,1.937979348190973e-05,188.240737610482,5.716247880429664,0.03017952124818757,0.09236224807369398,0.1459989447547685,6398,2b1b45e4e4a812f6d748c2c175962332f0dbca2acd50b6a4d146c963428b0e9a,full_tensor_sha256,6be8a194f257b1d6a24c9e789f5fb17cdf00dd9fdb0e0ad07b8fe84e0c965627,123ea5ce324bb82567913e1514a410f2bb582a6d8528a6ea98fbb2b74646f92c,a789b01b17129967eecd25421cde715dc938f6e3b95b30f735ff978f0882361e,0.0,0.2575051039457321,0.0,0.6091599352657795,0.1405759248882532,1.0196559596806765,0.18994580022990704,2.2168427240103483,0.25377701967954636,0.271880067884922,9.559059049934149,670.5433132592589,3663.7276499532163,167500,500,,2.793683898093503,,False,False,ok
BNCI2014_001,fixed_spectral_normalized_power_s1,fixed,spectral,normalized_power,8,6398,336,500,500,1.0,22,253,0.0003463517951331854,0.01861052914704967,7.613165799680289,0.7412400359123302,25.87599640876698,25.87599640876698,0.0004802789137807545,2.793683898093503,7.09853471932973e-05,0.0002857852430881912,0.005998998941512195,1.929310520903752e-05,188.240737610482,5.716247880429665,0.03017952124818757,0.09236224807369398,0.1459989447547685,6398,2b1b45e4e4a812f6d748c2c175962332f0dbca2acd50b6a4d146c963428b0e9a,full_tensor_sha256,6be8a194f257b1d6a24c9e789f5fb17cdf00dd9fdb0e0ad07b8fe84e0c965627,123ea5ce324bb82567913e1514a410f2bb582a6d8528a6ea98fbb2b74646f92c,a789b01b17129967eecd25421cde715dc938f6e3b95b30f735ff978f0882361e,0.0,0.2401340752840042,0.0,0.5970688071101904,0.1372240949422121,0.9907099884003401,0.16920198686420918,2.134338952600956,0.25377701967954636,0.271880067884922,9.767750045284629,672.6776522118598,3673.495399998501,168000,500,,2.793683898093503,,False,False,ok
BNCI2014_001,fixed_spectral_normalized_power_s1,fixed,spectral,normalized_power,8,6398,337,500,500,1.0,22,253,0.00033497710919740923,0.018302379877966943,7.6134232308153065,0.7412651001587668,25.873489984123324,25.873489984123324,0.0004720787758480417,2.7936838980935024,6.901663795590626e-05,0.0002761177850845973,0.005797198524323763,1.9258625833978063e-05,188.240737610482,5.716247880429665,0.03017952124818757,0.09236224807369398,0.1459989447547685,6398,2b1b45e4e4a812f6d748c2c175962332f0dbca2acd50b6a4d146c963428b0e9a,full_tensor_sha256,6be8a194f257b1d6a24c9e789f5fb17cdf00dd9fdb0e0ad07b8fe84e0c965627,123ea5ce324bb82567913e1514a410f2bb582a6d8528a6ea98fbb2b74646f92c,a789b01b17129967eecd25421cde715dc938f6e3b95b30f735ff978f0882361e,0.0,0.24205096997320652,0.0,0.5974159575998783,0.13415003195405006,0.9013079106807709,0.18153106793761253,2.0564559381455183,0.25377701967954636,0.271880067884922,9.98570304363966,674.7341081500053,3683.4811030421406,168500,500,,2.793683898093503,,False,False,ok
BNCI2014_001,fixed_spectral_normalized_power_s1,fixed,spectral,normalized_power,8,6398,338,500,500,1.0,22,253,0.0003463474801324208,0.018610413217669854,7.613196887498525,0.7412430627130215,25.875693728697847,25.875693728697847,0.0004802784761132931,2.793683898093503,7.096894324191928e-05,0.0002858034241091358,0.005999738614112083,1.92873335599151e-05,188.240737610482,5.716247880429664,0.03017952124818757,0.09236224807369398,0.1459989447547685,6398,2b1b45e4e4a812f6d748c2c175962332f0dbca2acd50b6a4d146c963428b0e9a,full_tensor_sha256,6be8a194f257b1d6a24c9e789f5fb17cdf00dd9fdb0e0ad07b8fe84e0c965627,123ea5ce324bb82567913e1514a410f2bb582a6d8528a6ea98fbb2b74646f92c,a789b01b17129967eecd25421cde715dc938f6e3b95b30f735ff978f0882361e,0.0,0.24222093634307384,0.0,0.6031962111592293,0.13530883006751537,0.6170100532472134,0.1781289465725422,1.775864977389574,0.25377701967954636,0.271880067884922,11.7923179641366,676.5099731273949,3695.273421006277,169000,500,,2.793683898093503,,False,False,ok
BNCI2014_001,fixed_spectral_normalized_power_s1,fixed,spectral,normalized_power,8,6398,339,500,500,1.0,22,253,0.00033497389427963317,0.018302292049894548,7.613472506622616,0.7412698977951431,25.873010220485693,25.873010220485693,0.00047207742391583977,2.793683898093503,6.900183886668926e-05,0.0002761406380646341,0.005797971634758573,1.9342192290631455e-05,188.24073761048203,5.716247880429664,0.03017952124818757,0.09236224807369398,0.1459989447547685,6398,2b1b45e4e4a812f6d748c2c175962332f0dbca2acd50b6a4d146c963428b0e9a,full_tensor_sha256,6be8a194f257b1d6a24c9e789f5fb17cdf00dd9fdb0e0ad07b8fe84e0c965627,123ea5ce324bb82567913e1514a410f2bb582a6d8528a6ea98fbb2b74646f92c,a789b01b17129967eecd25421cde715dc938f6e3b95b30f735ff978f0882361e,0.0,0.2548159100115299,0.0,0.629127025604248,0.13948814012110233,0.7806590292602777,0.18433784134685993,1.988427946344018,0.25377701967954636,0.271880067884922,10.125337867066264,678.4984010737389,3705.3987588733435,169500,500,,2.793683898093503,,False,False,ok
BNCI2014_001,fixed_spectral_normalized_power_s1,fixed,spectral,normalized_power,8,6398,340,500,500,1.0,22,253,0.0003463431381613402,0.01861029656296052,7.6132417916710935,0.741247434714284,25.8752565285716,25.8752565285716,0.0004802833254419391,2.793683898093503,7.09673200309287e-05,0.00028579716250887025,0.0059993157711747,1.9289648394020595e-05,188.24073761048203,5.716247880429664,0.03017952124818757,0.09236224807369398,0.1459989447547685,6398,2b1b45e4e4a812f6d748c2c175962332f0dbca2acd50b6a4d146c963428b0e9a,full_tensor_sha256,6be8a194f257b1d6a24c9e789f5fb17cdf00dd9fdb0e0ad07b8fe84e0c965627,123ea5ce324bb82567913e1514a410f2bb582a6d8528a6ea98fbb2b74646f92c,a789b01b17129967eecd25421cde715dc938f6e3b95b30f735ff978f0882361e,0.0,0.2372991293668747,0.0,0.595092074945569,0.13578706420958042,0.7546599954366684,0.17230212688446045,1.895140390843153,0.25377701967954636,0.271880067884922,9.584629209712148,680.3935414645821,3714.9833880830556,170000,500,,2.793683898093503,,False,False,ok
BNCI2014_001,fixed_spectral_normalized_power_s1,fixed,spectral,normalized_power,8,6398,341,500,500,1.0,22,253,0.00033497112010869403,0.018302216262209722,7.61351131218968,0.7412736760183791,25.872632398162082,25.872632398162082,0.00047207794600145686,2.793683898093503,6.900247634970191e-05,0.0002761173045046919,0.00579711736698784,1.9206062201699377e-05,188.24073761048203,5.716247880429664,0.03017952124818757,0.09236224807369398,0.1459989447547685,6398,2b1b45e4e4a812f6d748c2c175962332f0dbca2acd50b6a4d146c963428b0e9a,full_tensor_sha256,6be8a194f257b1d6a24c9e789f5fb17cdf00dd9fdb0e0ad07b8fe84e0c965627,123ea5ce324bb82567913e1514a410f2bb582a6d8528a6ea98fbb2b74646f92c,a789b01b17129967eecd25421cde715dc938f6e3b95b30f735ff978f0882361e,0.0,0.23476500064134598,0.0,0.5770670250058174,0.13274908997118473,1.056985929608345,0.17258082516491413,2.1741478703916073,0.25377701967954636,0.271880067884922,9.73250693641603,682.5676893349737,3724.7158950194716,170500,500,,2.793683898093503,,False,False,ok
BNCI2014_001,fixed_spectral_normalized_power_s1,fixed,spectral,normalized_power,8,6398,342,500,500,1.0,22,253,0.00034633879528267204,0.01861017988313579,7.613278588849674,0.7412510173949572,25.87489826050428,25.87489826050428,0.0004802755652245315,2.793683898093503,7.095392626905509e-05,0.0002857880233481564,0.005999199772772565,1.9253800843679552e-05,188.240737610482,5.716247880429665,0.03017952124818757,0.09236224807369398,0.1459989447547685,6398,2b1b45e4e4a812f6d748c2c175962332f0dbca2acd50b6a4d146c963428b0e9a,full_tensor_sha256,6be8a194f257b1d6a24c9e789f5fb17cdf00dd9fdb0e0ad07b8fe84e0c965627,123ea5ce324bb82567913e1514a410f2bb582a6d8528a6ea98fbb2b74646f92c,a789b01b17129967eecd25421cde715dc938f6e3b95b30f735ff978f0882361e,0.0,0.23553799837827682,0.0,0.5855399649590254,0.13536098413169384,0.9078921284526587,0.1691908109933138,2.0335218869149685,0.25377701967954636,0.271880067884922,9.9135038908571,684.6012112218887,3734.6293989103287,171000,500,,2.793683898093503,,False,False,ok
BNCI2014_001,fixed_spectral_normalized_power_s1,fixed,spectral,normalized_power,8,6398,343,500,500,1.0,22,253,0.0003349682256165282,0.018302137187130037,7.6135541956484225,0.7412778512770475,25.872214872295256,25.872214872295256,0.0004720835726121429,2.793683898093503,6.89879997749562e-05,0.0002761243173719,0.005797390591374356,1.9280649028171103e-05,188.24073761048203,5.716247880429664,0.03017952124818757,0.09236224807369398,0.1459989447547685,6398,2b1b45e4e4a812f6d748c2c175962332f0dbca2acd50b6a4d146c963428b0e9a,full_tensor_sha256,6be8a194f257b1d6a24c9e789f5fb17cdf00dd9fdb0e0ad07b8fe84e0c965627,123ea5ce324bb82567913e1514a410f2bb582a6d8528a6ea98fbb2b74646f92c,a789b01b17129967eecd25421cde715dc938f6e3b95b30f735ff978f0882361e,0.0,0.24026189930737019,0.0,0.589326024055481,0.13579591177403927,0.6054160185158253,0.1748648937791586,1.7456647474318743,0.25377701967954636,0.271880067884922,9.47233708575368,686.3468759693205,3744.1017359960824,171500,500,,2.793683898093503,,False,False,ok
BNCI2014_001,fixed_spectral_normalized_power_s1,fixed,spectral,normalized_power,8,6398,344,500,500,1.0,22,253,0.00034633449065950327,0.018610064230397037,7.613321895686016,0.7412552338749039,25.874476612509604,25.874476612509604,0.00048028071873603486,2.793683898093503,7.094885128467585e-05,0.000285798066792386,0.005999263654556288,1.9253954725333588e-05,188.240737610482,5.716247880429664,0.03017952124818757,0.09236224807369398,0.1459989447547685,6398,2b1b45e4e4a812f6d748c2c175962332f0dbca2acd50b6a4d146c963428b0e9a,full_tensor_sha256,6be8a194f257b1d6a24c9e789f5fb17cdf00dd9fdb0e0ad07b8fe84e0c965627,123ea5ce324bb82567913e1514a410f2bb582a6d8528a6ea98fbb2b74646f92c,a789b01b17129967eecd25421cde715dc938f6e3b95b30f735ff978f0882361e,0.0,0.24070381186902523,0.0,0.587116926908493,0.1345288474112749,0.6327868904918432,0.21755998022854328,1.8126964569091797,0.25377701967954636,0.271880067884922,11.057770112529397,688.1595724262297,3755.159506108612,172000,500,,2.793683898093503,,False,False,ok
BNCI2014_001,fixed_spectral_normalized_power_s1,fixed,spectral,normalized_power,8,6398,345,500,500,1.0,22,253,0.0003349656340463161,0.018302066387332228,7.613599179677513,0.7412822310533739,25.87177689466262,25.87177689466262,0.0004720772811367794,2.793683898093503,6.89809131036363e-05,0.0002761387433750333,0.005797629433994898,1.9188660746034807e-05,188.24073761048203,5.716247880429665,0.03017952124818757,0.09236224807369398,0.1459989447547685,6398,2b1b45e4e4a812f6d748c2c175962332f0dbca2acd50b6a4d146c963428b0e9a,full_tensor_sha256,6be8a194f257b1d6a24c9e789f5fb17cdf00dd9fdb0e0ad07b8fe84e0c965627,123ea5ce324bb82567913e1514a410f2bb582a6d8528a6ea98fbb2b74646f92c,a789b01b17129967eecd25421cde715dc938f6e3b95b30f735ff978f0882361e,0.0,0.2470649778842926,0.0,0.6122151389718056,0.1386611256748438,0.6370039191097021,0.1783459447324276,1.8132911063730717,0.25377701967954636,0.271880067884922,9.736549807712436,689.9728635326028,3764.8960559163243,172500,500,,2.793683898093503,,False,False,ok
BNCI2014_001,fixed_spectral_normalized_power_s1,fixed,spectral,normalized_power,8,6398,346,500,500,1.0,22,253,0.0003463304183247594,0.018609954817912895,7.61336266507955,0.7412592033020151,25.87407966979849,25.87407966979849,0.0004802699636261011,2.793683898093503,7.093727012594123e-05,0.00028579335331877566,0.005999283644995199,1.9227924343290227e-05,188.24073761048203,5.716247880429664,0.03017952124818757,0.09236224807369398,0.1459989447547685,6398,2b1b45e4e4a812f6d748c2c175962332f0dbca2acd50b6a4d146c963428b0e9a,full_tensor_sha256,6be8a194f257b1d6a24c9e789f5fb17cdf00dd9fdb0e0ad07b8fe84e0c965627,123ea5ce324bb82567913e1514a410f2bb582a6d8528a6ea98fbb2b74646f92c,a789b01b17129967eecd25421cde715dc938f6e3b95b30f735ff978f0882361e,0.0,0.23986888118088245,0.0,0.592540018260479,0.13633188791573048,0.6136519368737936,0.17341598868370056,1.755808712914586,0.25377701967954636,0.271880067884922,10.100387036800385,691.7286722455174,3774.9964429531246,173000,500,,2.793683898093503,,False,False,ok
BNCI2014_001,fixed_spectral_normalized_power_s1,fixed,spectral,normalized_power,8,6398,347,500,500,1.0,22,253,0.0003349629276126827,0.018301992449257613,7.613629345424798,0.7412851680785469,25.871483192145305,25.871483192145305,0.00047208632083199317,2.793683898093503,6.896718132054618e-05,0.00027613646388601756,0.005797562480685685,1.9249250223233692e-05,188.24073761048203,5.716247880429665,0.03017952124818757,0.09236224807369398,0.1459989447547685,6398,2b1b45e4e4a812f6d748c2c175962332f0dbca2acd50b6a4d146c963428b0e9a,full_tensor_sha256,6be8a194f257b1d6a24c9e789f5fb17cdf00dd9fdb0e0ad07b8fe84e0c965627,123ea5ce324bb82567913e1514a410f2bb582a6d8528a6ea98fbb2b74646f92c,a789b01b17129967eecd25421cde715dc938f6e3b95b30f735ff978f0882361e,0.0,0.257343053817749,0.0,0.6351969204843044,0.14114589430391788,0.7914130110293627,0.18998095765709877,2.015079837292433,0.25377701967954636,0.271880067884922,10.209742933511734,693.7437520828098,3785.2061858866364,173500,500,,2.793683898093503,,False,False,ok
BNCI2014_001,fixed_spectral_normalized_power_s1,fixed,spectral,normalized_power,8,6398,348,500,500,1.0,22,253,0.0003463263363323541,0.01860984514530828,7.613404205210523,0.7412632477703722,25.87367522296277,25.87367522296277,0.00048028294831619576,2.793683898093503,7.093208241442693e-05,0.00028579651462958997,0.005999255531704081,1.9206384494385117e-05,188.24073761048203,5.716247880429664,0.03017952124818757,0.09236224807369398,0.1459989447547685,6398,2b1b45e4e4a812f6d748c2c175962332f0dbca2acd50b6a4d146c963428b0e9a,full_tensor_sha256,6be8a194f257b1d6a24c9e789f5fb17cdf00dd9fdb0e0ad07b8fe84e0c965627,123ea5ce324bb82567913e1514a410f2bb582a6d8528a6ea98fbb2b74646f92c,a789b01b17129967eecd25421cde715dc938f6e3b95b30f735ff978f0882361e,0.0,0.2523090224713087,0.0,0.6205020472407341,0.1374729909002781,0.7615711074322462,0.1832321286201477,1.9550872966647148,0.25377701967954636,0.271880067884922,9.837045101448894,695.6988393794745,3795.0432309880853,174000,500,,2.793683898093503,,False,False,ok
BNCI2014_001,fixed_spectral_normalized_power_s1,fixed,spectral,normalized_power,8,6398,349,500,500,1.0,22,253,0.0003349601035281518,0.01830191529671558,7.61368609113143,0.741290693006117,25.870930699388296,25.870930699388296,0.00047208454827156693,2.793683898093503,6.896154907397889e-05,0.00027615022075741736,0.005797920264323298,1.916099247810799e-05,188.24073761048203,5.716247880429664,0.03017952124818757,0.09236224807369398,0.1459989447547685,6398,2b1b45e4e4a812f6d748c2c175962332f0dbca2acd50b6a4d146c963428b0e9a,full_tensor_sha256,6be8a194f257b1d6a24c9e789f5fb17cdf00dd9fdb0e0ad07b8fe84e0c965627,123ea5ce324bb82567913e1514a410f2bb582a6d8528a6ea98fbb2b74646f92c,a789b01b17129967eecd25421cde715dc938f6e3b95b30f735ff978f0882361e,0.0,0.23886701092123985,0.0,0.6087259389460087,0.13582082465291023,0.5911760963499546,0.17544091679155827,1.7500307876616716,0.25377701967954636,0.271880067884922,12.173416092991829,697.4488701671362,3807.216647081077,174500,500,,2.793683898093503,,False,False,ok
BNCI2014_001,fixed_spectral_normalized_power_s1,fixed,spectral,normalized_power,8,6398,350,500,500,1.0,22,253,0.0003463222325650513,0.01860973488701683,7.613444458926214,0.741267166989584,25.873283301041603,25.873283301041603,0.0004802752348340459,2.793683898093503,7.092272885237442e-05,0.0002858054274475925,0.005999696644975195,1.9169073940957475e-05,188.24073761048203,5.716247880429664,0.03017952124818757,0.09236224807369398,0.1459989447547685,6398,2b1b45e4e4a812f6d748c2c175962332f0dbca2acd50b6a4d146c963428b0e9a,full_tensor_sha256,6be8a194f257b1d6a24c9e789f5fb17cdf00dd9fdb0e0ad07b8fe84e0c965627,123ea5ce324bb82567913e1514a410f2bb582a6d8528a6ea98fbb2b74646f92c,a789b01b17129967eecd25421cde715dc938f6e3b95b30f735ff978f0882361e,0.0,0.26089209131896496,0.0,0.6341598927974701,0.1404639333486557,0.6703520193696022,0.19095884636044502,1.896826783195138,0.25377701967954636,0.271880067884922,9.675781009718776,699.3456969503313,3816.892428090796,175000,500,,2.793683898093503,,False,False,ok
BNCI2014_001,fixed_spectral_normalized_power_s1,fixed,spectral,normalized_power,8,6398,351,500,500,1.0,22,253,0.00033495755730196313,0.01830184573484224,7.613711006773142,0.7412931188656928,25.870688113430713,25.870688113430713,0.00047208183442396906,2.793683898093503,6.895679432157758e-05,0.0002761375885917543,0.005797720776973452,1.9217074743546587e-05,188.240737610482,5.716247880429664,0.03017952124818757,0.09236224807369398,0.1459989447547685,6398,2b1b45e4e4a812f6d748c2c175962332f0dbca2acd50b6a4d146c963428b0e9a,full_tensor_sha256,6be8a194f257b1d6a24c9e789f5fb17cdf00dd9fdb0e0ad07b8fe84e0c965627,123ea5ce324bb82567913e1514a410f2bb582a6d8528a6ea98fbb2b74646f92c,a789b01b17129967eecd25421cde715dc938f6e3b95b30f735ff978f0882361e,0.0,0.25956891477108,0.0,0.6221279036253691,0.15022815205156803,1.03291985578835,0.19373884424567223,2.2585836704820395,0.25377701967954636,0.271880067884922,9.98528697527945,701.6042806208134,3826.8777150660753,175500,500,,2.793683898093503,,False,False,ok
BNCI2014_001,fixed_spectral_normalized_power_s1,fixed,spectral,normalized_power,8,6398,352,500,500,1.0,22,253,0.0003463182725674516,0.01860962849084988,7.613494669975644,0.741272055683862,25.872794431613798,25.872794431613798,0.000480273285580748,2.793683898093503,7.09149547205798e-05,0.0002857909321064546,0.005999038572881848,1.9205011698233728e-05,188.240737610482,5.716247880429664,0.03017952124818757,0.09236224807369398,0.1459989447547685,6398,2b1b45e4e4a812f6d748c2c175962332f0dbca2acd50b6a4d146c963428b0e9a,full_tensor_sha256,6be8a194f257b1d6a24c9e789f5fb17cdf00dd9fdb0e0ad07b8fe84e0c965627,123ea5ce324bb82567913e1514a410f2bb582a6d8528a6ea98fbb2b74646f92c,a789b01b17129967eecd25421cde715dc938f6e3b95b30f735ff978f0882361e,0.0,0.24840189144015312,0.0,0.6061890162527561,0.13668998144567013,0.895666191354394,0.18531503155827522,2.0722621120512486,0.25377701967954636,0.271880067884922,9.833361022174358,703.6765427328646,3836.7110760882497,176000,500,,2.793683898093503,,False,False,ok
BNCI2014_001,fixed_spectral_normalized_power_s1,fixed,spectral,normalized_power,8,6398,353,500,500,1.0,22,253,0.00033495509379027373,0.018301778432444037,7.613759919173949,0.7412978811197518,25.870211888024823,25.870211888024823,0.0004720865312200618,2.793683898093503,6.894614531002986e-05,0.0002761465058145247,0.005797749399155205,1.9128190630151662e-05,188.24073761048203,5.716247880429664,0.03017952124818757,0.09236224807369398,0.1459989447547685,6398,2b1b45e4e4a812f6d748c2c175962332f0dbca2acd50b6a4d146c963428b0e9a,full_tensor_sha256,6be8a194f257b1d6a24c9e789f5fb17cdf00dd9fdb0e0ad07b8fe84e0c965627,123ea5ce324bb82567913e1514a410f2bb582a6d8528a6ea98fbb2b74646f92c,a789b01b17129967eecd25421cde715dc938f6e3b95b30f735ff978f0882361e,0.0,0.2523020375519991,0.0,0.6161869969218969,0.1374951098114252,0.9492479730397463,0.1828249078243971,2.1380570251494646,0.25377701967954636,0.271880067884922,9.739398024976254,705.8145997580141,3846.450474113226,176500,500,,2.793683898093503,,False,False,ok
BNCI2014_001,fixed_spectral_normalized_power_s1,fixed,spectral,normalized_power,8,6398,354,500,500,1.0,22,253,0.00034631448462911816,0.01860952671695651,7.613514274173754,0.7412739644057911,25.87260355942089,25.87260355942089,0.0004802809901290532,2.793683898093503,7.090333172024374e-05,0.00028581449675259556,0.005999979584710162,1.9118522418701945e-05,188.24073761048203,5.716247880429664,0.03017952124818757,0.09236224807369398,0.1459989447547685,6398,2b1b45e4e4a812f6d748c2c175962332f0dbca2acd50b6a4d146c963428b0e9a,full_tensor_sha256,6be8a194f257b1d6a24c9e789f5fb17cdf00dd9fdb0e0ad07b8fe84e0c965627,123ea5ce324bb82567913e1514a410f2bb582a6d8528a6ea98fbb2b74646f92c,a789b01b17129967eecd25421cde715dc938f6e3b95b30f735ff978f0882361e,0.0,0.2498989924788475,0.0,0.6092800758779049,0.14175591059029102,0.6345650181174278,0.1918028574436903,1.8273028545081615,0.25377701967954636,0.271880067884922,10.864848969504237,707.6419026125222,3857.31532308273,177000,500,,2.793683898093503,,False,False,ok
BNCI2014_001,fixed_spectral_normalized_power_s1,fixed,spectral,normalized_power,8,6398,355,500,500,1.0,22,253,0.0003349522005143213,0.018301699388699435,7.613795600169943,0.7413013551256316,25.86986448743685,25.86986448743685,0.0004720859735360993,2.793683898093503,6.89388817114211e-05,0.0002761505100601123,0.005798011971093147,1.92453396345868e-05,188.240737610482,5.716247880429664,0.03017952124818757,0.09236224807369398,0.1459989447547685,6398,2b1b45e4e4a812f6d748c2c175962332f0dbca2acd50b6a4d146c963428b0e9a,full_tensor_sha256,6be8a194f257b1d6a24c9e789f5fb17cdf00dd9fdb0e0ad07b8fe84e0c965627,123ea5ce324bb82567913e1514a410f2bb582a6d8528a6ea98fbb2b74646f92c,a789b01b17129967eecd25421cde715dc938f6e3b95b30f735ff978f0882361e,0.0,0.2706421073526144,0.0,0.7299799472093582,0.15838700346648693,0.6738950032740831,0.21372479386627674,2.0466288551688194,0.25377701967954636,0.271880067884922,9.947390062734485,709.6885314676911,3867.2627131454647,177500,500,,2.793683898093503,,False,False,ok
BNCI2014_001,fixed_spectral_normalized_power_s1,fixed,spectral,normalized_power,8,6398,356,500,500,1.0,22,253,0.00034631100661400115,0.01860943326955448,7.61357139112272,0.741279525478598,25.872047452140205,25.872047452140205,0.00048026593449366714,2.793683898093503,7.089672513770579e-05,0.0002858136163775662,0.005999622246477,1.917776528779504e-05,188.240737610482,5.716247880429664,0.03017952124818757,0.09236224807369398,0.1459989447547685,6398,2b1b45e4e4a812f6d748c2c175962332f0dbca2acd50b6a4d146c963428b0e9a,full_tensor_sha256,6be8a194f257b1d6a24c9e789f5fb17cdf00dd9fdb0e0ad07b8fe84e0c965627,123ea5ce324bb82567913e1514a410f2bb582a6d8528a6ea98fbb2b74646f92c,a789b01b17129967eecd25421cde715dc938f6e3b95b30f735ff978f0882361e,0.0,0.24063698947429657,0.0,0.6006071344017982,0.14509190805256367,0.6665419787168503,0.185282900929451,1.8381609115749598,0.25377701967954636,0.271880067884922,10.163275990635157,711.526692379266,3877.4259891361,178000,500,,2.793683898093503,,False,False,ok
BNCI2014_001,fixed_spectral_normalized_power_s1,fixed,spectral,normalized_power,8,6398,357,500,500,1.0,22,253,0.00033494947479588335,0.01830162492228172,7.613830005224678,0.7413047049021474,25.869529509785263,25.869529509785263,0.00047208022419341025,2.793683898093503,6.893377831042669e-05,0.00027614219346120826,0.005797521984207968,1.9106151374588404e-05,188.24073761048203,5.716247880429664,0.03017952124818757,0.09236224807369398,0.1459989447547685,6398,2b1b45e4e4a812f6d748c2c175962332f0dbca2acd50b6a4d146c963428b0e9a,full_tensor_sha256,6be8a194f257b1d6a24c9e789f5fb17cdf00dd9fdb0e0ad07b8fe84e0c965627,123ea5ce324bb82567913e1514a410f2bb582a6d8528a6ea98fbb2b74646f92c,a789b01b17129967eecd25421cde715dc938f6e3b95b30f735ff978f0882361e,0.0,0.2370199654251337,0.0,0.5683109629899263,0.1421729102730751,0.7309240754693747,0.17539714463055134,1.8538250587880611,0.25377701967954636,0.271880067884922,9.542547864839435,713.3805174380541,3886.9685370009392,178500,500,,2.793683898093503,,False,False,ok
BNCI2014_001,fixed_spectral_normalized_power_s1,fixed,spectral,normalized_power,8,6398,358,500,500,1.0,22,253,0.00034630736361700176,0.01860933538891171,7.613596051173469,0.7412819264530919,25.871807354690816,25.871807354690816,0.00048028166003162554,2.793683898093503,7.088852683262896e-05,0.000285801450362504,0.005999458127394755,1.912163598349629e-05,188.24073761048203,5.716247880429664,0.03017952124818757,0.09236224807369398,0.1459989447547685,6398,2b1b45e4e4a812f6d748c2c175962332f0dbca2acd50b6a4d146c963428b0e9a,full_tensor_sha256,6be8a194f257b1d6a24c9e789f5fb17cdf00dd9fdb0e0ad07b8fe84e0c965627,123ea5ce324bb82567913e1514a410f2bb582a6d8528a6ea98fbb2b74646f92c,a789b01b17129967eecd25421cde715dc938f6e3b95b30f735ff978f0882361e,0.0,0.23355684243142605,0.0,0.5634711124002934,0.1321390736848116,0.7418380118906498,0.16569392755627632,1.836698967963457,0.25377701967954636,0.271880067884922,10.380638064816594,715.2172164060175,3897.349175065756,179000,500,,2.793683898093503,,False,False,ok
BNCI2014_001,fixed_spectral_normalized_power_s1,fixed,spectral,normalized_power,8,6398,359,500,500,1.0,22,253,0.00033494679838814295,0.01830155180273364,7.6138790071318,0.7413094758708023,25.869052412919768,25.869052412919768,0.0004720955743298778,2.793683898093503,6.892435719862844e-05,0.00027615623543175943,0.005798108042701186,1.9189104510089116e-05,188.24073761048203,5.716247880429664,0.03017952124818757,0.09236224807369398,0.1459989447547685,6398,2b1b45e4e4a812f6d748c2c175962332f0dbca2acd50b6a4d146c963428b0e9a,full_tensor_sha256,6be8a194f257b1d6a24c9e789f5fb17cdf00dd9fdb0e0ad07b8fe84e0c965627,123ea5ce324bb82567913e1514a410f2bb582a6d8528a6ea98fbb2b74646f92c,a789b01b17129967eecd25421cde715dc938f6e3b95b30f735ff978f0882361e,0.0,0.23308605886995792,0.0,0.5623640026897192,0.13092998415231705,0.6673829630017281,0.165172154083848,1.7589351627975702,0.25377701967954636,0.271880067884922,9.720254922285676,716.9761515688151,3907.0694299880415,179500,500,,2.793683898093503,,False,False,ok
BNCI2014_001,fixed_spectral_normalized_power_s1,fixed,spectral,normalized_power,8,6398,360,500,500,1.0,22,253,0.00034630344121218024,0.018609230000518028,7.6136536370977,0.7412875331866988,25.871246681330113,25.871246681330113,0.00048027428559447015,2.793683898093503,7.088156576832606e-05,0.000285811200436322,0.0059995047165671365,1.9137336074262295e-05,188.24073761048203,5.716247880429665,0.03017952124818757,0.09236224807369398,0.1459989447547685,6398,2b1b45e4e4a812f6d748c2c175962332f0dbca2acd50b6a4d146c963428b0e9a,full_tensor_sha256,6be8a194f257b1d6a24c9e789f5fb17cdf00dd9fdb0e0ad07b8fe84e0c965627,123ea5ce324bb82567913e1514a410f2bb582a6d8528a6ea98fbb2b74646f92c,a789b01b17129967eecd25421cde715dc938f6e3b95b30f735ff978f0882361e,0.0,0.26433891616761684,0.0,0.8294209837913513,0.15611806884407997,0.7207819726318121,0.21538697183132172,2.186046913266182,0.25377701967954636,0.271880067884922,10.20723907276988,719.1621984820813,3917.2766690608114,180000,500,,2.793683898093503,,False,False,ok
BNCI2014_001,fixed_spectral_normalized_power_s1,fixed,spectral,normalized_power,8,6398,361,500,500,1.0,22,253,0.00033494461762674434,0.018301492224044036,7.613920253548062,0.7413134917422382,25.868650825776182,25.868650825776182,0.0004720750998760487,2.793683898093503,6.891907733890402e-05,0.0002761428090950408,0.005797506581208065,1.906316138179424e-05,188.240737610482,5.716247880429664,0.03017952124818757,0.09236224807369398,0.1459989447547685,6398,2b1b45e4e4a812f6d748c2c175962332f0dbca2acd50b6a4d146c963428b0e9a,full_tensor_sha256,6be8a194f257b1d6a24c9e789f5fb17cdf00dd9fdb0e0ad07b8fe84e0c965627,123ea5ce324bb82567913e1514a410f2bb582a6d8528a6ea98fbb2b74646f92c,a789b01b17129967eecd25421cde715dc938f6e3b95b30f735ff978f0882361e,0.0,0.23769214749336243,0.0,0.5708569660782814,0.13337587006390095,0.7164850831031799,0.17116498202085495,1.8295750487595797,0.25377701967954636,0.271880067884922,9.714774088934064,720.9917735308409,3926.9914431497455,180500,500,,2.793683898093503,,False,False,ok
BNCI2014_001,fixed_spectral_normalized_power_s1,fixed,spectral,normalized_power,8,6398,362,500,500,1.0,22,253,0.0003462996464959131,0.018609128042332158,7.613663748398681,0.7412885176524651,25.8711482347535,25.8711482347535,0.0004802655649388469,2.793683898093503,7.08725531376647e-05,0.0002858146859265874,0.005999742824222271,1.9106810827566455e-05,188.240737610482,5.716247880429664,0.03017952124818757,0.09236224807369398,0.1459989447547685,6398,2b1b45e4e4a812f6d748c2c175962332f0dbca2acd50b6a4d146c963428b0e9a,full_tensor_sha256,6be8a194f257b1d6a24c9e789f5fb17cdf00dd9fdb0e0ad07b8fe84e0c965627,123ea5ce324bb82567913e1514a410f2bb582a6d8528a6ea98fbb2b74646f92c,a789b01b17129967eecd25421cde715dc938f6e3b95b30f735ff978f0882361e,0.0,0.24283584207296371,0.0,0.6023230962455273,0.13703713193535805,0.9281190577894449,0.17825583927333355,2.0885709673166275,0.25377701967954636,0.271880067884922,9.584218030795455,723.0803444981575,3936.575661180541,181000,500,,2.793683898093503,,False,False,ok
BNCI2014_001,fixed_spectral_normalized_power_s1,fixed,spectral,normalized_power,8,6398,363,500,500,1.0,22,253,0.0003349420121881542,0.018301421042863152,7.613949264173953,0.7413163163014219,25.868368369857805,25.868368369857805,0.00047209724199095396,2.793683898093503,6.890911202253758e-05,0.0002761599178767632,0.005798073434640746,1.9145235490444704e-05,188.240737610482,5.716247880429664,0.03017952124818757,0.09236224807369398,0.1459989447547685,6398,2b1b45e4e4a812f6d748c2c175962332f0dbca2acd50b6a4d146c963428b0e9a,full_tensor_sha256,6be8a194f257b1d6a24c9e789f5fb17cdf00dd9fdb0e0ad07b8fe84e0c965627,123ea5ce324bb82567913e1514a410f2bb582a6d8528a6ea98fbb2b74646f92c,a789b01b17129967eecd25421cde715dc938f6e3b95b30f735ff978f0882361e,0.0,0.24177087470889091,0.0,0.5624128971248865,0.13405410572886467,0.7085830438882113,0.16834400594234467,1.815164927393198,0.25377701967954636,0.271880067884922,9.9116750061512,724.8955094255507,3946.487336186692,181500,500,,2.793683898093503,,False,False,ok
BNCI2014_001,fixed_spectral_normalized_power_s1,fixed,spectral,normalized_power,8,6398,364,500,500,1.0,22,253,0.0003462960774896595,0.0186090321481172,7.61371861643748,0.7412938597648162,25.870614023518378,25.870614023518378,0.0004802823621077055,2.793683898093503,7.087099918610802e-05,0.0002857947403380633,0.005998963425020119,1.9061180964262593e-05,188.24073761048203,5.716247880429664,0.03017952124818757,0.09236224807369398,0.1459989447547685,6398,2b1b45e4e4a812f6d748c2c175962332f0dbca2acd50b6a4d146c963428b0e9a,full_tensor_sha256,6be8a194f257b1d6a24c9e789f5fb17cdf00dd9fdb0e0ad07b8fe84e0c965627,123ea5ce324bb82567913e1514a410f2bb582a6d8528a6ea98fbb2b74646f92c,a789b01b17129967eecd25421cde715dc938f6e3b95b30f735ff978f0882361e,0.0,0.23368606343865395,0.0,0.5657400470227003,0.13141613453626633,0.9164740331470966,0.16770302318036556,2.015019301325083,0.25377701967954636,0.271880067884922,9.838487021625042,726.9105287268758,3956.325823208317,182000,500,,2.793683898093503,,False,False,ok
BNCI2014_001,fixed_spectral_normalized_power_s1,fixed,spectral,normalized_power,8,6398,365,500,500,1.0,22,253,0.000334939560532147,0.018301354062804944,7.614000232827967,0.7413212787582928,25.867872124170717,25.867872124170717,0.00047208064900730546,2.793683898093503,6.890111684603625e-05,0.0002761540603386246,0.0057977118886293685,1.903284204346391e-05,188.240737610482,5.716247880429665,0.03017952124818757,0.09236224807369398,0.1459989447547685,6398,2b1b45e4e4a812f6d748c2c175962332f0dbca2acd50b6a4d146c963428b0e9a,full_tensor_sha256,6be8a194f257b1d6a24c9e789f5fb17cdf00dd9fdb0e0ad07b8fe84e0c965627,123ea5ce324bb82567913e1514a410f2bb582a6d8528a6ea98fbb2b74646f92c,a789b01b17129967eecd25421cde715dc938f6e3b95b30f735ff978f0882361e,0.0,0.23418688215315342,0.0,0.5675998982042074,0.1327330246567726,0.916152959689498,0.16944296658039093,2.0201157312840223,0.25377701967954636,0.271880067884922,11.918314965441823,728.9306444581598,3968.244138173759,182500,500,,2.793683898093503,,False,False,ok
BNCI2014_001,fixed_spectral_normalized_power_s1,fixed,spectral,normalized_power,8,6398,366,500,500,1.0,22,253,0.0003462923973523481,0.01860893326744841,7.613756992460606,0.7412975961664011,25.870240383359892,25.870240383359892,0.00048026686860467823,2.793683898093503,7.085385209632997e-05,0.000285831691237959,0.006000173573780685,1.9111073891325937e-05,188.240737610482,5.716247880429664,0.03017952124818757,0.09236224807369398,0.1459989447547685,6398,2b1b45e4e4a812f6d748c2c175962332f0dbca2acd50b6a4d146c963428b0e9a,full_tensor_sha256,6be8a194f257b1d6a24c9e789f5fb17cdf00dd9fdb0e0ad07b8fe84e0c965627,123ea5ce324bb82567913e1514a410f2bb582a6d8528a6ea98fbb2b74646f92c,a789b01b17129967eecd25421cde715dc938f6e3b95b30f735ff978f0882361e,0.0,0.2551330253481865,0.0,0.6205621175467968,0.14095380902290344,0.6318909581750631,0.184925040230155,1.8334649503231049,0.25377701967954636,0.271880067884922,9.258996928110719,730.7641094084829,3977.5031351018697,183000,500,,2.793683898093503,,False,False,ok
BNCI2014_001,fixed_spectral_normalized_power_s1,fixed,spectral,normalized_power,8,6398,367,500,500,1.0,22,253,0.00033493686253172235,0.018301280352251925,7.6140340864568685,0.7413245748463807,25.867542515361933,25.867542515361933,0.0004720910717772362,2.793683898093503,6.889464559505415e-05,0.0002761628150752869,0.005798028311286442,1.9125510587873736e-05,188.240737610482,5.716247880429664,0.03017952124818757,0.09236224807369398,0.1459989447547685,6398,2b1b45e4e4a812f6d748c2c175962332f0dbca2acd50b6a4d146c963428b0e9a,full_tensor_sha256,6be8a194f257b1d6a24c9e789f5fb17cdf00dd9fdb0e0ad07b8fe84e0c965627,123ea5ce324bb82567913e1514a410f2bb582a6d8528a6ea98fbb2b74646f92c,a789b01b17129967eecd25421cde715dc938f6e3b95b30f735ff978f0882361e,0.0,0.2349081914871931,0.0,0.5728548858314753,0.13359705917537212,0.9317509829998016,0.17036614008247852,2.0434772595763206,0.25377701967954636,0.271880067884922,9.539330843836069,732.8075866680592,3987.0424659457058,183500,500,,2.793683898093503,,False,False,ok
BNCI2014_001,fixed_spectral_normalized_power_s1,fixed,spectral,normalized_power,8,6398,368,500,500,1.0,22,253,0.0003462889042761593,0.01860883941239107,7.61379586395761,0.7413013808087685,25.86986191912315,25.86986191912315,0.00048027677665655913,2.793683898093503,7.0856269983372e-05,0.0002857920535348871,0.005998741698267217,1.9043004269187848e-05,188.24073761048203,5.716247880429664,0.03017952124818757,0.09236224807369398,0.1459989447547685,6398,2b1b45e4e4a812f6d748c2c175962332f0dbca2acd50b6a4d146c963428b0e9a,full_tensor_sha256,6be8a194f257b1d6a24c9e789f5fb17cdf00dd9fdb0e0ad07b8fe84e0c965627,123ea5ce324bb82567913e1514a410f2bb582a6d8528a6ea98fbb2b74646f92c,a789b01b17129967eecd25421cde715dc938f6e3b95b30f735ff978f0882361e,0.0,0.23459596559405327,0.0,0.5599148571491241,0.14035520143806934,0.8780010975897312,0.17159315757453442,1.9844602793455124,0.25377701967954636,0.271880067884922,8.838325971737504,734.7920469474047,3995.8807919174433,184000,500,,2.793683898093503,,False,False,ok
BNCI2014_001,fixed_spectral_normalized_power_s1,fixed,spectral,normalized_power,8,6398,369,500,500,1.0,22,253,0.0003349342041635279,0.018301207724178422,7.614074871410073,0.7413285457884268,25.86714542115732,25.86714542115732,0.0004720903103879379,2.793683898093503,6.888733700096345e-05,0.0002761542200566176,0.005797630477703696,1.9045256808503863e-05,188.24073761048203,5.716247880429664,0.03017952124818757,0.09236224807369398,0.1459989447547685,6398,2b1b45e4e4a812f6d748c2c175962332f0dbca2acd50b6a4d146c963428b0e9a,full_tensor_sha256,6be8a194f257b1d6a24c9e789f5fb17cdf00dd9fdb0e0ad07b8fe84e0c965627,123ea5ce324bb82567913e1514a410f2bb582a6d8528a6ea98fbb2b74646f92c,a789b01b17129967eecd25421cde715dc938f6e3b95b30f735ff978f0882361e,0.0,0.23528188467025757,0.0,0.5587239284068346,0.13462197966873646,0.8072950877249241,0.16811792738735676,1.9040408078581095,0.25377701967954636,0.271880067884922,10.082975029945374,736.6960877552629,4005.9637669473886,184500,500,,2.793683898093503,,False,False,ok
BNCI2014_001,fixed_spectral_normalized_power_s1,fixed,spectral,normalized_power,8,6398,370,500,500,1.0,22,253,0.00034628525709950607,0.01860874141632115,7.613847083041615,0.741306367648234,25.8693632351766,25.8693632351766,0.0004802702179965335,2.793683898093503,7.084385216407462e-05,0.0002858171252560299,0.005999827267898347,1.9066144832439692e-05,188.240737610482,5.716247880429664,0.03017952124818757,0.09236224807369398,0.1459989447547685,6398,2b1b45e4e4a812f6d748c2c175962332f0dbca2acd50b6a4d146c963428b0e9a,full_tensor_sha256,6be8a194f257b1d6a24c9e789f5fb17cdf00dd9fdb0e0ad07b8fe84e0c965627,123ea5ce324bb82567913e1514a410f2bb582a6d8528a6ea98fbb2b74646f92c,a789b01b17129967eecd25421cde715dc938f6e3b95b30f735ff978f0882361e,0.0,0.23605790920555592,0.0,0.563671113923192,0.13335701078176498,0.8744830265641212,0.17074309289455414,1.9783121533691883,0.25377701967954636,0.271880067884922,11.196024948731065,738.674399908632,4017.1597918961197,185000,500,,2.793683898093503,,False,False,ok
BNCI2014_001,fixed_spectral_normalized_power_s1,fixed,spectral,normalized_power,8,6398,371,500,500,1.0,22,253,0.00033493128731006247,0.018301128033814267,7.614128663729147,0.7413337831655668,25.866621683443324,25.866621683443324,0.00047208495523020884,2.793683898093503,6.887717756024233e-05,0.00027616271164265875,0.005797965424081313,1.9126638018574333e-05,188.240737610482,5.716247880429664,0.03017952124818757,0.09236224807369398,0.1459989447547685,6398,2b1b45e4e4a812f6d748c2c175962332f0dbca2acd50b6a4d146c963428b0e9a,full_tensor_sha256,6be8a194f257b1d6a24c9e789f5fb17cdf00dd9fdb0e0ad07b8fe84e0c965627,123ea5ce324bb82567913e1514a410f2bb582a6d8528a6ea98fbb2b74646f92c,a789b01b17129967eecd25421cde715dc938f6e3b95b30f735ff978f0882361e,0.0,0.2640760503709316,0.0,0.7169339805841446,0.1562309917062521,0.6169460248202085,0.21067890338599682,1.9648659508675337,0.25377701967954636,0.271880067884922,9.997749933972955,740.6392658594996,4027.1575418300927,185500,500,,2.793683898093503,,False,False,ok
BNCI2014_001,fixed_spectral_normalized_power_s1,fixed,spectral,normalized_power,8,6398,372,500,500,1.0,22,253,0.0003462817114784253,0.018608646148455435,7.613885114482907,0.7413100705003262,25.868992949967385,25.868992949967385,0.00048027243002853184,2.793683898093503,7.083661636594168e-05,0.00028582092114859723,0.005999591459106571,1.905840694667844e-05,188.240737610482,5.716247880429665,0.03017952124818757,0.09236224807369398,0.1459989447547685,6398,2b1b45e4e4a812f6d748c2c175962332f0dbca2acd50b6a4d146c963428b0e9a,full_tensor_sha256,6be8a194f257b1d6a24c9e789f5fb17cdf00dd9fdb0e0ad07b8fe84e0c965627,123ea5ce324bb82567913e1514a410f2bb582a6d8528a6ea98fbb2b74646f92c,a789b01b17129967eecd25421cde715dc938f6e3b95b30f735ff978f0882361e,0.0,0.24694809690117836,0.0,0.6016299594193697,0.13568508438766003,0.9455089457333088,0.1773450057953596,2.1071170922368765,0.25377701967954636,0.271880067884922,9.562230901792645,742.7463829517365,4036.7197727318853,186000,500,,2.793683898093503,,False,False,ok
BNCI2014_001,fixed_spectral_normalized_power_s1,fixed,spectral,normalized_power,8,6398,373,500,500,1.0,22,253,0.00033492854673127176,0.01830105315907453,7.614170320473193,0.741337838987713,25.86621610122871,25.86621610122871,0.00047209292461621125,2.793683898093503,6.887358381099407e-05,0.0002761745753955698,0.005798265080692155,1.8971816614242114e-05,188.240737610482,5.716247880429665,0.03017952124818757,0.09236224807369398,0.1459989447547685,6398,2b1b45e4e4a812f6d748c2c175962332f0dbca2acd50b6a4d146c963428b0e9a,full_tensor_sha256,6be8a194f257b1d6a24c9e789f5fb17cdf00dd9fdb0e0ad07b8fe84e0c965627,123ea5ce324bb82567913e1514a410f2bb582a6d8528a6ea98fbb2b74646f92c,a789b01b17129967eecd25421cde715dc938f6e3b95b30f735ff978f0882361e,0.0,0.23424113169312477,0.0,0.565859954804182,0.13103801757097244,0.8900889661163092,0.16855401918292046,1.9897820893675089,0.25377701967954636,0.271880067884922,10.029672179371119,744.736165041104,4046.7494449112564,186500,500,,2.793683898093503,,False,False,ok
BNCI2014_001,fixed_spectral_normalized_power_s1,fixed,spectral,normalized_power,8,6398,374,500,500,1.0,22,253,0.00034627820365948586,0.018608551895821605,7.613928623612226,0.7413143066761073,25.868569332389264,25.868569332389264,0.0004802738635564184,2.793683898093503,7.082892628481952e-05,0.00028580898139004613,0.0059994670850447695,1.8999085010582516e-05,188.240737610482,5.716247880429664,0.03017952124818757,0.09236224807369398,0.1459989447547685,6398,2b1b45e4e4a812f6d748c2c175962332f0dbca2acd50b6a4d146c963428b0e9a,full_tensor_sha256,6be8a194f257b1d6a24c9e789f5fb17cdf00dd9fdb0e0ad07b8fe84e0c965627,123ea5ce324bb82567913e1514a410f2bb582a6d8528a6ea98fbb2b74646f92c,a789b01b17129967eecd25421cde715dc938f6e3b95b30f735ff978f0882361e,0.0,0.23487000726163387,0.0,0.5743519868701696,0.13239309191703796,0.8885730057954788,0.1740981824696064,2.0042862743139267,0.25377701967954636,0.271880067884922,9.623480029404163,746.7404513154179,4056.3729249406606,187000,500,,2.793683898093503,,False,False,ok
BNCI2014_001,fixed_spectral_normalized_power_s1,fixed,spectral,normalized_power,8,6398,375,500,500,1.0,22,253,0.00033492587490976803,0.018300980162542335,7.614216694493431,0.7413423540976332,25.865764590236687,25.865764590236687,0.0004720909241863686,2.793683898093503,6.886654635043163e-05,0.0002761439863236974,0.005797358328497135,1.905940875145393e-05,188.24073761048203,5.716247880429664,0.03017952124818757,0.09236224807369398,0.1459989447547685,6398,2b1b45e4e4a812f6d748c2c175962332f0dbca2acd50b6a4d146c963428b0e9a,full_tensor_sha256,6be8a194f257b1d6a24c9e789f5fb17cdf00dd9fdb0e0ad07b8fe84e0c965627,123ea5ce324bb82567913e1514a410f2bb582a6d8528a6ea98fbb2b74646f92c,a789b01b17129967eecd25421cde715dc938f6e3b95b30f735ff978f0882361e,0.0,0.2370078582316637,0.0,0.7108740974217653,0.14243507757782936,0.6192801520228386,0.1779007725417614,1.8874979577958584,0.25377701967954636,0.271880067884922,10.110785020515323,748.6279492732137,4066.483709961176,187500,500,,2.793683898093503,,False,False,ok
BNCI2014_001,fixed_spectral_normalized_power_s1,fixed,spectral,normalized_power,8,6398,376,500,500,1.0,22,253,0.00034627471356128746,0.018608458118857873,7.6139717676926315,0.7413185073096612,25.868149269033886,25.868149269033886,0.0004802714101184207,2.793683898093503,7.082353222826241e-05,0.0002858206071244783,0.005999663178046151,1.9041729849521815e-05,188.24073761048203,5.716247880429664,0.03017952124818757,0.09236224807369398,0.1459989447547685,6398,2b1b45e4e4a812f6d748c2c175962332f0dbca2acd50b6a4d146c963428b0e9a,full_tensor_sha256,6be8a194f257b1d6a24c9e789f5fb17cdf00dd9fdb0e0ad07b8fe84e0c965627,123ea5ce324bb82567913e1514a410f2bb582a6d8528a6ea98fbb2b74646f92c,a789b01b17129967eecd25421cde715dc938f6e3b95b30f735ff978f0882361e,0.0,0.24680397473275661,0.0,0.6176969036459923,0.1603348646312952,0.7465369999408722,0.2153380773961544,1.9867108203470707,0.25377701967954636,0.271880067884922,10.833641048520803,750.6146600935608,4077.3173510096967,188000,500,,2.793683898093503,,False,False,ok
BNCI2014_001,fixed_spectral_normalized_power_s1,fixed,spectral,normalized_power,8,6398,377,500,500,1.0,22,253,0.0003349234931593212,0.018300915090763117,7.614250034595749,0.7413456001872744,25.865439981272566,25.865439981272566,0.0004720851976569532,2.793683898093503,6.885809517087147e-05,0.00027616862529186817,0.0057979627775554664,1.901574420041049e-05,188.240737610482,5.716247880429664,0.03017952124818757,0.09236224807369398,0.1459989447547685,6398,2b1b45e4e4a812f6d748c2c175962332f0dbca2acd50b6a4d146c963428b0e9a,full_tensor_sha256,6be8a194f257b1d6a24c9e789f5fb17cdf00dd9fdb0e0ad07b8fe84e0c965627,123ea5ce324bb82567913e1514a410f2bb582a6d8528a6ea98fbb2b74646f92c,a789b01b17129967eecd25421cde715dc938f6e3b95b30f735ff978f0882361e,0.0,0.24346588179469109,0.0,0.6009410135447979,0.13824296183884144,0.7525600958615541,0.17357291653752327,1.9087828695774078,0.25377701967954636,0.271880067884922,9.700371883809566,752.5234429631382,4087.0177228935063,188500,500,,2.793683898093503,,False,False,ok
BNCI2014_001,fixed_spectral_normalized_power_s1,fixed,spectral,normalized_power,8,6398,378,500,500,1.0,22,253,0.00034627098433082266,0.018608357916023183,7.61400413605241,0.7413216587876134,25.867834121238662,25.867834121238662,0.0004802697439274607,2.793683898093503,7.081310459738516e-05,0.0002858143876894435,0.005999439054696864,1.897633219647397e-05,188.24073761048203,5.716247880429664,0.03017952124818757,0.09236224807369398,0.1459989447547685,6398,2b1b45e4e4a812f6d748c2c175962332f0dbca2acd50b6a4d146c963428b0e9a,full_tensor_sha256,6be8a194f257b1d6a24c9e789f5fb17cdf00dd9fdb0e0ad07b8fe84e0c965627,123ea5ce324bb82567913e1514a410f2bb582a6d8528a6ea98fbb2b74646f92c,a789b01b17129967eecd25421cde715dc938f6e3b95b30f735ff978f0882361e,0.0,0.2385140396654606,0.0,0.5704960785806179,0.13473792932927608,0.8011481259018183,0.176604138687253,1.9215003121644258,0.25377701967954636,0.271880067884922,10.348517913371325,754.4449432753026,4097.366240806878,189000,500,,2.793683898093503,,False,False,ok
BNCI2014_001,fixed_spectral_normalized_power_s1,fixed,spectral,normalized_power,8,6398,379,500,500,1.0,22,253,0.0003349211637166618,0.01830085144786061,7.614296836005051,0.7413501569090409,25.8649843090959,25.8649843090959,0.00047209985048168125,2.793683898093503,6.884757112825809e-05,0.00027616809419747017,0.005797891480523409,1.9037145411071622e-05,188.24073761048203,5.716247880429664,0.03017952124818757,0.09236224807369398,0.1459989447547685,6398,2b1b45e4e4a812f6d748c2c175962332f0dbca2acd50b6a4d146c963428b0e9a,full_tensor_sha256,6be8a194f257b1d6a24c9e789f5fb17cdf00dd9fdb0e0ad07b8fe84e0c965627,123ea5ce324bb82567913e1514a410f2bb582a6d8528a6ea98fbb2b74646f92c,a789b01b17129967eecd25421cde715dc938f6e3b95b30f735ff978f0882361e,0.0,0.25125895626842976,0.0,0.6160910706967115,0.1397209707647562,0.6075890269130468,0.18522702157497406,1.7998870462179184,0.25377701967954636,0.271880067884922,10.124802123755217,756.2448303215206,4107.491042930633,189500,500,,2.793683898093503,,False,False,ok
BNCI2014_001,fixed_spectral_normalized_power_s1,fixed,spectral,normalized_power,8,6398,380,500,500,1.0,22,253,0.00034626752103278916,0.018608264858196454,7.614059482179521,0.7413270474480377,25.867295255196236,25.867295255196236,0.0004802731821805486,2.793683898093503,7.081312453660655e-05,0.0002858073166989151,0.0059992628978206165,1.8996530454867124e-05,188.240737610482,5.716247880429664,0.03017952124818757,0.09236224807369398,0.1459989447547685,6398,2b1b45e4e4a812f6d748c2c175962332f0dbca2acd50b6a4d146c963428b0e9a,full_tensor_sha256,6be8a194f257b1d6a24c9e789f5fb17cdf00dd9fdb0e0ad07b8fe84e0c965627,123ea5ce324bb82567913e1514a410f2bb582a6d8528a6ea98fbb2b74646f92c,a789b01b17129967eecd25421cde715dc938f6e3b95b30f735ff978f0882361e,0.0,0.23727817460894585,0.0,0.5684727802872658,0.14063413254916668,0.7184979040175676,0.17966306768357754,1.8445460591465235,0.25377701967954636,0.271880067884922,9.44761699065566,758.0893763806671,4116.9386599212885,190000,500,,2.793683898093503,,False,False,ok
BNCI2014_001,fixed_spectral_normalized_power_s1,fixed,spectral,normalized_power,8,6398,381,500,500,1.0,22,253,0.00033491874743963554,0.018300785432315073,7.614319615629575,0.7413523747997509,25.86476252002491,25.86476252002491,0.0004720864569865403,2.793683898093503,6.884349098511155e-05,0.0002761585866173618,0.005797534067804998,1.8992881639740065e-05,188.240737610482,5.716247880429664,0.03017952124818757,0.09236224807369398,0.1459989447547685,6398,2b1b45e4e4a812f6d748c2c175962332f0dbca2acd50b6a4d146c963428b0e9a,full_tensor_sha256,6be8a194f257b1d6a24c9e789f5fb17cdf00dd9fdb0e0ad07b8fe84e0c965627,123ea5ce324bb82567913e1514a410f2bb582a6d8528a6ea98fbb2b74646f92c,a789b01b17129967eecd25421cde715dc938f6e3b95b30f735ff978f0882361e,0.0,0.2432290930300951,0.0,0.6082390900701284,0.16824295744299889,0.8484951686114073,0.2557351253926754,2.123941434547305,0.25377701967954636,0.271880067884922,11.144299060106277,760.2133178152144,4128.082958981395,190500,500,,2.793683898093503,,False,False,ok
BNCI2014_001,fixed_spectral_normalized_power_s1,fixed,spectral,normalized_power,8,6398,382,500,500,1.0,22,253,0.00034626430695362267,0.018608178496392996,7.61408041356576,0.7413290853888753,25.867091461112473,25.867091461112473,0.0004802662506132779,2.793683898093503,7.079932341752238e-05,0.00028582954626645354,0.005999938869612443,1.8964198431885554e-05,188.240737610482,5.716247880429664,0.03017952124818757,0.09236224807369398,0.1459989447547685,6398,2b1b45e4e4a812f6d748c2c175962332f0dbca2acd50b6a4d146c963428b0e9a,full_tensor_sha256,6be8a194f257b1d6a24c9e789f5fb17cdf00dd9fdb0e0ad07b8fe84e0c965627,123ea5ce324bb82567913e1514a410f2bb582a6d8528a6ea98fbb2b74646f92c,a789b01b17129967eecd25421cde715dc938f6e3b95b30f735ff978f0882361e,0.0,0.2591449301689863,0.0,0.6131499540060759,0.14798692427575588,0.6573700811713934,0.18437905237078667,1.8620309419929981,0.25377701967954636,0.271880067884922,11.535671073943377,762.0753487572074,4139.618630055338,191000,500,,2.793683898093503,,False,False,ok
BNCI2014_001,fixed_spectral_normalized_power_s1,fixed,spectral,normalized_power,8,6398,383,500,500,1.0,22,253,0.0003349162002801019,0.018300715840646832,7.614363688747312,0.74135666588709,25.864333411290996,25.864333411290996,0.00047209239280006,2.793683898093503,6.88307660358861e-05,0.00027619479213671154,0.005798651331795664,1.9002963779050543e-05,188.24073761048203,5.716247880429664,0.03017952124818757,0.09236224807369398,0.1459989447547685,6398,2b1b45e4e4a812f6d748c2c175962332f0dbca2acd50b6a4d146c963428b0e9a,full_tensor_sha256,6be8a194f257b1d6a24c9e789f5fb17cdf00dd9fdb0e0ad07b8fe84e0c965627,123ea5ce324bb82567913e1514a410f2bb582a6d8528a6ea98fbb2b74646f92c,a789b01b17129967eecd25421cde715dc938f6e3b95b30f735ff978f0882361e,0.0,0.2615009434521198,0.0,0.7070791907608509,0.14048605225980282,0.6369980983436108,0.18372107297182083,1.9297853577882051,0.25377701967954636,0.271880067884922,10.187388863414526,764.0051341149956,4149.806018918753,191500,500,,2.793683898093503,,False,False,ok
BNCI2014_001,fixed_spectral_normalized_power_s1,fixed,spectral,normalized_power,8,6398,384,500,500,1.0,22,253,0.0003462611232817073,0.018608092951232464,7.6141277606348,0.7413336952376661,25.86663047623339,25.86663047623339,0.0004802768691254206,2.793683898093503,7.0799982558664e-05,0.0002857919827744683,0.005998584901942671,1.8986174690556404e-05,188.24073761048203,5.716247880429664,0.03017952124818757,0.09236224807369398,0.1459989447547685,6398,2b1b45e4e4a812f6d748c2c175962332f0dbca2acd50b6a4d146c963428b0e9a,full_tensor_sha256,6be8a194f257b1d6a24c9e789f5fb17cdf00dd9fdb0e0ad07b8fe84e0c965627,123ea5ce324bb82567913e1514a410f2bb582a6d8528a6ea98fbb2b74646f92c,a789b01b17129967eecd25421cde715dc938f6e3b95b30f735ff978f0882361e,0.0,0.25400007143616676,0.0,0.6232880987226963,0.13877102173864841,0.6372309289872646,0.18770690076053143,1.8409970216453075,0.25377701967954636,0.271880067884922,10.436349082738161,765.8461311366409,4160.242368001491,192000,500,,2.793683898093503,,False,False,ok
BNCI2014_001,fixed_spectral_normalized_power_s1,fixed,spectral,normalized_power,8,6398,385,500,500,1.0,22,253,0.0003349141163463947,0.01830065890470599,7.614392930175489,0.7413595129178578,25.864048708214213,25.864048708214213,0.0004720961843201686,2.793683898093503,6.88327961946613e-05,0.00027614723466259017,0.00579714936495236,1.8947034574538924e-05,188.240737610482,5.716247880429664,0.03017952124818757,0.09236224807369398,0.1459989447547685,6398,2b1b45e4e4a812f6d748c2c175962332f0dbca2acd50b6a4d146c963428b0e9a,full_tensor_sha256,6be8a194f257b1d6a24c9e789f5fb17cdf00dd9fdb0e0ad07b8fe84e0c965627,123ea5ce324bb82567913e1514a410f2bb582a6d8528a6ea98fbb2b74646f92c,a789b01b17129967eecd25421cde715dc938f6e3b95b30f735ff978f0882361e,0.0,0.25425199419260025,0.0,0.6101680919528008,0.14635897241532803,0.601690961048007,0.18511293455958366,1.7975829541683197,0.25377701967954636,0.271880067884922,9.648857871070504,767.6437140908092,4169.891225872561,192500,500,,2.793683898093503,,False,False,ok
BNCI2014_001,fixed_spectral_normalized_power_s1,fixed,spectral,normalized_power,8,6398,386,500,500,1.0,22,253,0.0003462576599142627,0.01860799989021557,7.614142992784637,0.7413351782842185,25.866482171578152,25.866482171578152,0.00048027288514300003,2.793683898093503,7.078412679895459e-05,0.0002858334906017657,0.0060000763222848984,1.8956210473609904e-05,188.240737610482,5.716247880429664,0.03017952124818757,0.09236224807369398,0.1459989447547685,6398,2b1b45e4e4a812f6d748c2c175962332f0dbca2acd50b6a4d146c963428b0e9a,full_tensor_sha256,6be8a194f257b1d6a24c9e789f5fb17cdf00dd9fdb0e0ad07b8fe84e0c965627,123ea5ce324bb82567913e1514a410f2bb582a6d8528a6ea98fbb2b74646f92c,a789b01b17129967eecd25421cde715dc938f6e3b95b30f735ff978f0882361e,0.0,0.25073904544115067,0.0,0.6066509522497654,0.13845786452293396,0.5633069667965174,0.18302188254892826,1.7421767115592957,0.25377701967954636,0.271880067884922,10.137329110875726,769.3858908023685,4180.028554983437,193000,500,,2.793683898093503,,False,False,ok
BNCI2014_001,fixed_spectral_normalized_power_s1,fixed,spectral,normalized_power,8,6398,387,500,500,1.0,22,253,0.0003349120455996326,0.018300602328875207,7.614433892558036,0.7413635011349425,25.863649886505748,25.863649886505748,0.0004720858173025211,2.793683898093503,6.882015977096964e-05,0.00027619685191612064,0.005798727710869175,1.8989268894979085e-05,188.24073761048203,5.716247880429664,0.03017952124818757,0.09236224807369398,0.1459989447547685,6398,2b1b45e4e4a812f6d748c2c175962332f0dbca2acd50b6a4d146c963428b0e9a,full_tensor_sha256,6be8a194f257b1d6a24c9e789f5fb17cdf00dd9fdb0e0ad07b8fe84e0c965627,123ea5ce324bb82567913e1514a410f2bb582a6d8528a6ea98fbb2b74646f92c,a789b01b17129967eecd25421cde715dc938f6e3b95b30f735ff978f0882361e,0.0,0.25654397904872894,0.0,0.7184899877756834,0.14519109390676022,0.7453069556504488,0.1922480296343565,2.057780046015978,0.25377701967954636,0.271880067884922,9.429655969142914,771.4436708483845,4189.45821095258,193500,500,,2.793683898093503,,False,False,ok
BNCI2014_001,fixed_spectral_normalized_power_s1,fixed,spectral,normalized_power,8,6398,388,500,500,1.0,22,253,0.0003462544698749183,0.018607914173139298,7.614193390065341,0.7413400851105167,25.86599148894832,25.86599148894832,0.0004802594408562854,2.793683898093503,7.077777907037003e-05,0.0002858260791354806,0.005999468776249531,1.897406033160874e-05,188.240737610482,5.716247880429664,0.03017952124818757,0.09236224807369398,0.1459989447547685,6398,2b1b45e4e4a812f6d748c2c175962332f0dbca2acd50b6a4d146c963428b0e9a,full_tensor_sha256,6be8a194f257b1d6a24c9e789f5fb17cdf00dd9fdb0e0ad07b8fe84e0c965627,123ea5ce324bb82567913e1514a410f2bb582a6d8528a6ea98fbb2b74646f92c,a789b01b17129967eecd25421cde715dc938f6e3b95b30f735ff978f0882361e,0.0,0.2552708610892296,0.0,0.6019289139658213,0.14196708798408508,0.5874540656805038,0.17484999261796474,1.7614709213376045,0.25377701967954636,0.271880067884922,10.460715042427182,773.2051417697221,4199.918925995007,194000,500,,2.793683898093503,,False,False,ok
BNCI2014_001,fixed_spectral_normalized_power_s1,fixed,spectral,normalized_power,8,6398,389,500,500,1.0,22,253,0.0003349098381613963,0.01830054201824078,7.6144549159966015,0.7413655480382633,25.86344519617367,25.86344519617367,0.00047209641773657024,2.793683898093503,6.881827308141701e-05,0.00027616086610665673,0.005797445905988313,1.891171139707541e-05,188.240737610482,5.716247880429664,0.03017952124818757,0.09236224807369398,0.1459989447547685,6398,2b1b45e4e4a812f6d748c2c175962332f0dbca2acd50b6a4d146c963428b0e9a,full_tensor_sha256,6be8a194f257b1d6a24c9e789f5fb17cdf00dd9fdb0e0ad07b8fe84e0c965627,123ea5ce324bb82567913e1514a410f2bb582a6d8528a6ea98fbb2b74646f92c,a789b01b17129967eecd25421cde715dc938f6e3b95b30f735ff978f0882361e,0.0,0.278267078101635,0.0,0.6451758090406656,0.14057708904147148,0.6732391193509102,0.18778094090521336,1.9250400364398956,0.25377701967954636,0.271880067884922,11.258908081799746,775.130181806162,4211.177834076807,194500,500,,2.793683898093503,,False,False,ok
BNCI2014_001,fixed_spectral_normalized_power_s1,fixed,spectral,normalized_power,8,6398,390,500,500,1.0,22,253,0.00034625147308498064,0.01860783364835844,7.6142210498707525,0.7413427781498773,25.86572218501227,25.86572218501227,0.00048027998297011477,2.793683898093503,7.07737179752696e-05,0.00028580681723911893,0.00599911867984645,1.8888554834831436e-05,188.24073761048203,5.716247880429664,0.03017952124818757,0.09236224807369398,0.1459989447547685,6398,2b1b45e4e4a812f6d748c2c175962332f0dbca2acd50b6a4d146c963428b0e9a,full_tensor_sha256,6be8a194f257b1d6a24c9e789f5fb17cdf00dd9fdb0e0ad07b8fe84e0c965627,123ea5ce324bb82567913e1514a410f2bb582a6d8528a6ea98fbb2b74646f92c,a789b01b17129967eecd25421cde715dc938f6e3b95b30f735ff978f0882361e,0.0,0.24483096785843372,0.0,0.6248110439628363,0.14339596964418888,1.2313600163906813,0.34567900002002716,2.5900769978761673,0.25377701967954636,0.271880067884922,12.083658948540688,777.7202588040382,4223.261493025348,195000,500,,2.793683898093503,,False,False,ok
BNCI2014_001,fixed_spectral_normalized_power_s1,fixed,spectral,normalized_power,8,6398,391,500,500,1.0,22,253,0.0003349071809036761,0.01830046941757714,7.614499890809835,0.741369926917307,25.8630073082693,25.8630073082693,0.0004721015098609192,2.793683898093503,6.881036287680095e-05,0.00027618181167857626,0.005798225392671501,1.8993479498301646e-05,188.24073761048203,5.716247880429664,0.03017952124818757,0.09236224807369398,0.1459989447547685,6398,2b1b45e4e4a812f6d748c2c175962332f0dbca2acd50b6a4d146c963428b0e9a,full_tensor_sha256,6be8a194f257b1d6a24c9e789f5fb17cdf00dd9fdb0e0ad07b8fe84e0c965627,123ea5ce324bb82567913e1514a410f2bb582a6d8528a6ea98fbb2b74646f92c,a789b01b17129967eecd25421cde715dc938f6e3b95b30f735ff978f0882361e,0.0,0.25638099759817123,0.0,0.9957440197467804,0.26580016128718853,0.7865300867706537,0.3168520051985979,2.621307270601392,0.25377701967954636,0.271880067884922,12.25223089568317,780.3415660746396,4235.513723921031,195500,500,,2.793683898093503,,False,False,ok
BNCI2014_001,fixed_spectral_normalized_power_s1,fixed,spectral,normalized_power,8,6398,392,500,500,1.0,22,253,0.00034624825901779854,0.018607747284875686,7.614264290794162,0.7413469882123486,25.865301178765147,25.865301178765147,0.0004802627234028379,2.793683898093503,7.076775468223255e-05,0.0002858177930965958,0.005999208072827328,1.895240028037863e-05,188.24073761048203,5.716247880429665,0.03017952124818757,0.09236224807369398,0.1459989447547685,6398,2b1b45e4e4a812f6d748c2c175962332f0dbca2acd50b6a4d146c963428b0e9a,full_tensor_sha256,6be8a194f257b1d6a24c9e789f5fb17cdf00dd9fdb0e0ad07b8fe84e0c965627,123ea5ce324bb82567913e1514a410f2bb582a6d8528a6ea98fbb2b74646f92c,a789b01b17129967eecd25421cde715dc938f6e3b95b30f735ff978f0882361e,0.0,0.24794600903987885,0.0,0.6047149654477835,0.1404311042279005,0.6666788831353188,0.2002438995987177,1.8600148614495993,0.25377701967954636,0.271880067884922,12.702774023637176,782.2015809360892,4248.216497944668,196000,500,,2.793683898093503,,False,False,ok
BNCI2014_001,fixed_spectral_normalized_power_s1,fixed,spectral,normalized_power,8,6398,393,500,500,1.0,22,253,0.00033490485037446346,0.018300405743438136,7.614514044752331,0.7413713049864468,25.86286950135533,25.86286950135533,0.0004720792261847775,2.793683898093503,6.88022454211481e-05,0.0002761682897550333,0.005797509113260177,1.8870240863180465e-05,188.240737610482,5.716247880429664,0.03017952124818757,0.09236224807369398,0.1459989447547685,6398,2b1b45e4e4a812f6d748c2c175962332f0dbca2acd50b6a4d146c963428b0e9a,full_tensor_sha256,6be8a194f257b1d6a24c9e789f5fb17cdf00dd9fdb0e0ad07b8fe84e0c965627,123ea5ce324bb82567913e1514a410f2bb582a6d8528a6ea98fbb2b74646f92c,a789b01b17129967eecd25421cde715dc938f6e3b95b30f735ff978f0882361e,0.0,0.24061393924057484,0.0,0.598912825807929,0.13743597082793713,0.6158319301903248,0.17400598153471947,1.7668006476014853,0.25377701967954636,0.271880067884922,13.227646006271243,783.9683815836906,4261.444143950939,196500,500,,2.793683898093503,,False,False,ok
BNCI2014_001,fixed_spectral_normalized_power_s1,fixed,spectral,normalized_power,8,6398,394,500,500,1.0,22,253,0.00034624483949438086,0.01860765540024806,7.614273434987213,0.7413478785176649,25.86521214823351,25.86521214823351,0.00048027263232566135,2.793683898093503,7.075530172138161e-05,0.0002858244635795904,0.0059994906347756016,1.8872081113920595e-05,188.24073761048203,5.716247880429664,0.03017952124818757,0.09236224807369398,0.1459989447547685,6398,2b1b45e4e4a812f6d748c2c175962332f0dbca2acd50b6a4d146c963428b0e9a,full_tensor_sha256,6be8a194f257b1d6a24c9e789f5fb17cdf00dd9fdb0e0ad07b8fe84e0c965627,123ea5ce324bb82567913e1514a410f2bb582a6d8528a6ea98fbb2b74646f92c,a789b01b17129967eecd25421cde715dc938f6e3b95b30f735ff978f0882361e,0.0,0.24842610582709312,0.0,0.612861942499876,0.13901619240641594,0.7426431402564049,0.18351105973124504,1.926458440721035,0.25377701967954636,0.271880067884922,13.225925853475928,785.8948400244117,4274.670069804415,197000,500,,2.793683898093503,,False,False,ok
BNCI2014_001,fixed_spectral_normalized_power_s1,fixed,spectral,normalized_power,8,6398,395,500,500,1.0,22,253,0.00033490258336158044,0.018300343804463905,7.614558950375006,0.7413756771288957,25.86243228711043,25.86243228711043,0.00047211304014507983,2.793683898093503,6.879940357592923e-05,0.00027617527308709583,0.005797977396305786,1.8952154404086394e-05,188.240737610482,5.716247880429664,0.03017952124818757,0.09236224807369398,0.1459989447547685,6398,2b1b45e4e4a812f6d748c2c175962332f0dbca2acd50b6a4d146c963428b0e9a,full_tensor_sha256,6be8a194f257b1d6a24c9e789f5fb17cdf00dd9fdb0e0ad07b8fe84e0c965627,123ea5ce324bb82567913e1514a410f2bb582a6d8528a6ea98fbb2b74646f92c,a789b01b17129967eecd25421cde715dc938f6e3b95b30f735ff978f0882361e,0.0,0.25885901413857937,0.0,0.625039916485548,0.14197197742760181,0.6338581442832947,0.19448297098279,1.8542120233178139,0.25377701967954636,0.271880067884922,13.020709855481982,787.7490520477295,4287.690779659897,197500,500,,2.793683898093503,,False,False,ok
BNCI2014_001,fixed_spectral_normalized_power_s1,fixed,spectral,normalized_power,8,6398,396,500,500,1.0,22,253,0.00034624128855689654,0.018607559983966102,7.614319639264333,0.7413523771008999,25.86476228991001,25.86476228991001,0.00048026904790563786,2.793683898093503,7.075543459145992e-05,0.0002858120750595741,0.0059991264696233025,1.8881671289279336e-05,188.240737610482,5.716247880429664,0.03017952124818757,0.09236224807369398,0.1459989447547685,6398,2b1b45e4e4a812f6d748c2c175962332f0dbca2acd50b6a4d146c963428b0e9a,full_tensor_sha256,6be8a194f257b1d6a24c9e789f5fb17cdf00dd9fdb0e0ad07b8fe84e0c965627,123ea5ce324bb82567913e1514a410f2bb582a6d8528a6ea98fbb2b74646f92c,a789b01b17129967eecd25421cde715dc938f6e3b95b30f735ff978f0882361e,0.0,0.24249684065580368,0.0,0.5953649524599314,0.13633817434310913,0.777869950979948,0.1713631208986044,1.9234330393373966,0.25377701967954636,0.271880067884922,12.381518026813865,789.6724850870669,4300.072297686711,198000,500,,2.793683898093503,,False,False,ok
BNCI2014_001,fixed_spectral_normalized_power_s1,fixed,spectral,normalized_power,8,6398,397,500,500,1.0,22,253,0.0003349005902104126,0.018300289347723785,7.614584220279944,0.7413781374805729,25.862186251942713,25.862186251942713,0.00047207857075041407,2.793683898093503,6.878575838627544e-05,0.0002761749225068061,0.005797655748377259,1.8828962276854733e-05,188.240737610482,5.716247880429665,0.03017952124818757,0.09236224807369398,0.1459989447547685,6398,2b1b45e4e4a812f6d748c2c175962332f0dbca2acd50b6a4d146c963428b0e9a,full_tensor_sha256,6be8a194f257b1d6a24c9e789f5fb17cdf00dd9fdb0e0ad07b8fe84e0c965627,123ea5ce324bb82567913e1514a410f2bb582a6d8528a6ea98fbb2b74646f92c,a789b01b17129967eecd25421cde715dc938f6e3b95b30f735ff978f0882361e,0.0,0.266574090346694,0.0,0.6321500986814499,0.1390310935676098,0.5882489494979382,0.17651799134910107,1.802522223442793,0.25377701967954636,0.271880067884922,12.748990906402469,791.4750073105097,4312.821288593113,198500,500,,2.793683898093503,,False,False,ok
BNCI2014_001,fixed_spectral_normalized_power_s1,fixed,spectral,normalized_power,8,6398,398,500,500,1.0,22,253,0.0003462379177876384,0.018607469408483207,7.614331303751538,0.7413535127894088,25.864648721059126,25.864648721059126,0.00048026310317008725,2.793683898093503,7.074130005052386e-05,0.00028582890296241666,0.005999595464850813,1.887686886203273e-05,188.24073761048203,5.716247880429665,0.03017952124818757,0.09236224807369398,0.1459989447547685,6398,2b1b45e4e4a812f6d748c2c175962332f0dbca2acd50b6a4d146c963428b0e9a,full_tensor_sha256,6be8a194f257b1d6a24c9e789f5fb17cdf00dd9fdb0e0ad07b8fe84e0c965627,123ea5ce324bb82567913e1514a410f2bb582a6d8528a6ea98fbb2b74646f92c,a789b01b17129967eecd25421cde715dc938f6e3b95b30f735ff978f0882361e,0.0,0.27033803053200245,0.0,1.0236231610178947,0.24018296971917152,0.8364019449800253,0.19905087538063526,2.5695969816297293,0.25377701967954636,0.271880067884922,11.95180811919272,794.0446042921394,4324.773096712306,199000,500,,2.793683898093503,,False,False,ok
BNCI2014_001,fixed_spectral_normalized_power_s1,fixed,spectral,normalized_power,8,6398,399,500,500,1.0,22,253,0.00033489836457211976,0.018300228538794802,7.614607117029381,0.7413803667749062,25.86196332250939,25.86196332250939,0.0004721118925387046,2.793683898093503,6.878244356060023e-05,0.00027620181528624434,0.005798629839164827,1.8885306022863198e-05,188.240737610482,5.716247880429664,0.03017952124818757,0.09236224807369398,0.1459989447547685,6398,2b1b45e4e4a812f6d748c2c175962332f0dbca2acd50b6a4d146c963428b0e9a,full_tensor_sha256,6be8a194f257b1d6a24c9e789f5fb17cdf00dd9fdb0e0ad07b8fe84e0c965627,123ea5ce324bb82567913e1514a410f2bb582a6d8528a6ea98fbb2b74646f92c,a789b01b17129967eecd25421cde715dc938f6e3b95b30f735ff978f0882361e,0.0,0.2883600536733866,0.0,1.0568869765847921,0.26569305919110775,0.6515670102089643,0.33816415816545486,2.6006712578237057,0.25377701967954636,0.271880067884922,10.877308901399374,796.6452755499631,4335.6504056137055,199500,500,,2.793683898093503,,False,False,ok
BNCI2014_001,fixed_spectral_normalized_power_s1,fixed,spectral,normalized_power,8,6398,400,500,500,1.0,22,253,0.0003462348232123559,0.01860738625418293,7.614380400619856,0.7413582930037628,25.864170699623724,25.864170699623724,0.0004802782062366627,2.793683898093503,7.074444582160233e-05,0.0002858033072453874,0.005998682382938341,1.8868311465021698e-05,188.24073761048203,5.716247880429664,0.03017952124818757,0.09236224807369398,0.1459989447547685,6398,2b1b45e4e4a812f6d748c2c175962332f0dbca2acd50b6a4d146c963428b0e9a,full_tensor_sha256,6be8a194f257b1d6a24c9e789f5fb17cdf00dd9fdb0e0ad07b8fe84e0c965627,123ea5ce324bb82567913e1514a410f2bb582a6d8528a6ea98fbb2b74646f92c,a789b01b17129967eecd25421cde715dc938f6e3b95b30f735ff978f0882361e,0.0,0.2610741648823023,0.0,1.0040050838142633,0.2624110784381628,0.8352769073098898,0.2916299272328615,2.6543971616774797,0.25377701967954636,0.271880067884922,10.76401094906032,799.2996727116406,4346.414416562766,200000,500,,2.793683898093503,,False,False,ok
BNCI2014_001,fixed_spectral_normalized_power_s1,fixed,spectral,normalized_power,8,6398,401,500,500,1.0,22,253,0.0003348960713201185,0.01830016588231152,7.614644467651198,0.7413840033404276,25.86159966595724,25.86159966595724,0.0004720895136743579,2.793683898093503,6.877688654438323e-05,0.00027615869863043403,0.005797003565937511,1.8822993756565654e-05,188.240737610482,5.716247880429665,0.03017952124818757,0.09236224807369398,0.1459989447547685,6398,2b1b45e4e4a812f6d748c2c175962332f0dbca2acd50b6a4d146c963428b0e9a,full_tensor_sha256,6be8a194f257b1d6a24c9e789f5fb17cdf00dd9fdb0e0ad07b8fe84e0c965627,123ea5ce324bb82567913e1514a410f2bb582a6d8528a6ea98fbb2b74646f92c,a789b01b17129967eecd25421cde715dc938f6e3b95b30f735ff978f0882361e,0.0,0.23777596652507782,0.0,0.5741289351135492,0.13873586431145668,0.4833380226045847,0.29163388535380363,1.725612673908472,0.25377701967954636,0.271880067884922,13.09561007656157,801.0252853855491,4359.510026639327,200500,500,,2.793683898093503,,False,False,ok
BNCI2014_001,fixed_spectral_normalized_power_s1,fixed,spectral,normalized_power,8,6398,402,500,500,1.0,22,253,0.00034623171751983273,0.018607302800777784,7.614391307929199,0.7413593549712257,25.86406450287743,25.86406450287743,0.0004802604429918443,2.793683898093503,7.072503870731671e-05,0.00028583022486671487,0.005999473029242293,1.8844187220985064e-05,188.240737610482,5.716247880429665,0.03017952124818757,0.09236224807369398,0.1459989447547685,6398,2b1b45e4e4a812f6d748c2c175962332f0dbca2acd50b6a4d146c963428b0e9a,full_tensor_sha256,6be8a194f257b1d6a24c9e789f5fb17cdf00dd9fdb0e0ad07b8fe84e0c965627,123ea5ce324bb82567913e1514a410f2bb582a6d8528a6ea98fbb2b74646f92c,a789b01b17129967eecd25421cde715dc938f6e3b95b30f735ff978f0882361e,0.0,0.26339292526245117,0.0,0.6494231056421995,0.1638599205762148,0.7708349730819464,0.3352819476276636,2.1827928721904755,0.25377701967954636,0.271880067884922,14.263879042118788,803.2080782577395,4373.773905681446,201000,500,,2.793683898093503,,False,False,ok
BNCI2014_001,fixed_spectral_normalized_power_s1,fixed,spectral,normalized_power,8,6398,403,500,500,1.0,22,253,0.00033489378740992866,0.018300103480853015,7.614673972135973,0.7413868759831533,25.86131240168466,25.86131240168466,0.00047209969922647524,2.793683898093503,6.876797475750564e-05,0.00027619297891778925,0.005798223547490733,1.8892801314546606e-05,188.24073761048203,5.716247880429664,0.03017952124818757,0.09236224807369398,0.1459989447547685,6398,2b1b45e4e4a812f6d748c2c175962332f0dbca2acd50b6a4d146c963428b0e9a,full_tensor_sha256,6be8a194f257b1d6a24c9e789f5fb17cdf00dd9fdb0e0ad07b8fe84e0c965627,123ea5ce324bb82567913e1514a410f2bb582a6d8528a6ea98fbb2b74646f92c,a789b01b17129967eecd25421cde715dc938f6e3b95b30f735ff978f0882361e,0.0,0.3009478095918894,0.0,1.09459413215518,0.2619039732962847,0.7751879747956991,0.3605589736253023,2.7931928634643555,0.25377701967954636,0.271880067884922,11.344447964802384,806.0012711212039,4385.118353646249,201500,500,,2.793683898093503,,False,False,ok
BNCI2014_001,fixed_spectral_normalized_power_s1,fixed,spectral,normalized_power,8,6398,404,500,500,1.0,22,253,0.0003462288065608213,0.018607224579738412,7.614422668030578,0.7413624082821982,25.863759171780174,25.863759171780174,0.0004802709763035117,2.793683898093503,7.072897062620509e-05,0.0002858219079679969,0.005999203038577847,1.8877466968645784e-05,188.240737610482,5.716247880429664,0.03017952124818757,0.09236224807369398,0.1459989447547685,6398,2b1b45e4e4a812f6d748c2c175962332f0dbca2acd50b6a4d146c963428b0e9a,full_tensor_sha256,6be8a194f257b1d6a24c9e789f5fb17cdf00dd9fdb0e0ad07b8fe84e0c965627,123ea5ce324bb82567913e1514a410f2bb582a6d8528a6ea98fbb2b74646f92c,a789b01b17129967eecd25421cde715dc938f6e3b95b30f735ff978f0882361e,0.0,0.2740789204835892,0.0,1.025620847940445,0.2572447992861271,0.6966651417315006,0.3140578046441078,2.5676675140857697,0.25377701967954636,0.271880067884922,11.104393983259797,808.5689386352897,4396.222747629508,202000,500,,2.793683898093503,,False,False,ok
BNCI2014_001,fixed_spectral_normalized_power_s1,fixed,spectral,normalized_power,8,6398,405,500,500,1.0,22,253,0.00033489145756027214,0.01830003982400782,7.614696139695535,0.7413890342814327,25.861096571856734,25.861096571856734,0.0004721010534722541,2.793683898093503,6.876526759246581e-05,0.0002761744546458657,0.005797498800234011,1.8858472345263456e-05,188.24073761048203,5.716247880429664,0.03017952124818757,0.09236224807369398,0.1459989447547685,6398,2b1b45e4e4a812f6d748c2c175962332f0dbca2acd50b6a4d146c963428b0e9a,full_tensor_sha256,6be8a194f257b1d6a24c9e789f5fb17cdf00dd9fdb0e0ad07b8fe84e0c965627,123ea5ce324bb82567913e1514a410f2bb582a6d8528a6ea98fbb2b74646f92c,a789b01b17129967eecd25421cde715dc938f6e3b95b30f735ff978f0882361e,0.0,0.2777429763227701,0.0,0.8864020928740501,0.2261779736727476,0.6504131015390158,0.286544905975461,2.3272810503840446,0.25377701967954636,0.271880067884922,11.826368980109692,810.8962196856737,4408.049116609618,202500,500,,2.793683898093503,,False,False,ok
BNCI2014_001,fixed_spectral_normalized_power_s1,fixed,spectral,normalized_power,8,6398,406,500,500,1.0,22,253,0.00034622589948296513,0.018607146462662275,7.614437061545558,0.741363809676814,25.8636190323186,25.8636190323186,0.0004802685499574441,2.793683898093503,7.071611166169052e-05,0.00028582562054644346,0.0059994034356479885,1.881804464789776e-05,188.240737610482,5.716247880429664,0.03017952124818757,0.09236224807369398,0.1459989447547685,6398,2b1b45e4e4a812f6d748c2c175962332f0dbca2acd50b6a4d146c963428b0e9a,full_tensor_sha256,6be8a194f257b1d6a24c9e789f5fb17cdf00dd9fdb0e0ad07b8fe84e0c965627,123ea5ce324bb82567913e1514a410f2bb582a6d8528a6ea98fbb2b74646f92c,a789b01b17129967eecd25421cde715dc938f6e3b95b30f735ff978f0882361e,0.0,0.26502995751798153,0.0,0.6452121306210756,0.14421087689697742,0.787622993811965,0.1885781530290842,2.030654111877084,0.25377701967954636,0.271880067884922,13.099781004711986,812.9268737975508,4421.14889761433,203000,500,,2.793683898093503,,False,False,ok
BNCI2014_001,fixed_spectral_normalized_power_s1,fixed,spectral,normalized_power,8,6398,407,500,500,1.0,22,253,0.00033488922277718266,0.018299978764391576,7.61473213418439,0.7413925388098922,25.860746119010784,25.860746119010784,0.0004720953544614685,2.793683898093503,6.875345097400477e-05,0.00027618137895712037,0.005797813569534811,1.8874037237609852e-05,188.24073761048203,5.716247880429664,0.03017952124818757,0.09236224807369398,0.1459989447547685,6398,2b1b45e4e4a812f6d748c2c175962332f0dbca2acd50b6a4d146c963428b0e9a,full_tensor_sha256,6be8a194f257b1d6a24c9e789f5fb17cdf00dd9fdb0e0ad07b8fe84e0c965627,123ea5ce324bb82567913e1514a410f2bb582a6d8528a6ea98fbb2b74646f92c,a789b01b17129967eecd25421cde715dc938f6e3b95b30f735ff978f0882361e,0.0,0.2567810006439686,0.0,0.7989308796823025,0.15465100295841694,0.9538959711790085,0.3024179022759199,2.4666767567396164,0.25377701967954636,0.271880067884922,15.268961200490594,815.3935505542904,4436.417858814821,203500,500,,2.793683898093503,,False,False,ok
BNCI2014_001,fixed_spectral_normalized_power_s1,fixed,spectral,normalized_power,8,6398,408,500,500,1.0,22,253,0.00034622349464559824,0.018607081841212993,7.6144712236124334,0.741367135795323,25.863286420467706,25.863286420467706,0.00048026480132106885,2.793683898093503,7.071613879055304e-05,0.00028583656656028174,0.0059996814728980295,1.8832347064856474e-05,188.24073761048203,5.716247880429664,0.03017952124818757,0.09236224807369398,0.1459989447547685,6398,2b1b45e4e4a812f6d748c2c175962332f0dbca2acd50b6a4d146c963428b0e9a,full_tensor_sha256,6be8a194f257b1d6a24c9e789f5fb17cdf00dd9fdb0e0ad07b8fe84e0c965627,123ea5ce324bb82567913e1514a410f2bb582a6d8528a6ea98fbb2b74646f92c,a789b01b17129967eecd25421cde715dc938f6e3b95b30f735ff978f0882361e,0.0,0.2678970340639353,0.0,1.076467800885439,0.25460985489189625,0.6660721264779568,0.25436095893383026,2.5194077752530575,0.25377701967954636,0.271880067884922,13.536843005567789,817.9129583295435,4449.954701820388,204000,500,,2.793683898093503,,False,False,ok
BNCI2014_001,fixed_spectral_normalized_power_s1,fixed,spectral,normalized_power,8,6398,409,500,500,1.0,22,253,0.0003348870887939262,0.01829992045867758,7.614732280442221,0.7413925530499813,25.860744695001866,25.860744695001866,0.000472099331327894,2.793683898093503,6.875128713062393e-05,0.0002762034761804865,0.005798464215677112,1.8788663878008086e-05,188.24073761048203,5.716247880429664,0.03017952124818757,0.09236224807369398,0.1459989447547685,6398,2b1b45e4e4a812f6d748c2c175962332f0dbca2acd50b6a4d146c963428b0e9a,full_tensor_sha256,6be8a194f257b1d6a24c9e789f5fb17cdf00dd9fdb0e0ad07b8fe84e0c965627,123ea5ce324bb82567913e1514a410f2bb582a6d8528a6ea98fbb2b74646f92c,a789b01b17129967eecd25421cde715dc938f6e3b95b30f735ff978f0882361e,0.0,0.27240184135735035,0.0,1.0374251287430525,0.2176300622522831,0.616302015259862,0.2937060780823231,2.437465125694871,0.25377701967954636,0.271880067884922,13.62405507825315,820.3504234552383,4463.578756898642,204500,500,,2.793683898093503,,False,False,ok
BNCI2014_001,fixed_spectral_normalized_power_s1,fixed,spectral,normalized_power,8,6398,410,500,500,1.0,22,253,0.00034622070136059986,0.018607006781333743,7.614491055324918,0.7413690666687154,25.863093333128468,25.863093333128468,0.00048026812476779674,2.793683898093503,7.071132968387244e-05,0.0002858084028006623,0.0059988337022434425,1.8801804591315067e-05,188.24073761048203,5.716247880429664,0.03017952124818757,0.09236224807369398,0.1459989447547685,6398,2b1b45e4e4a812f6d748c2c175962332f0dbca2acd50b6a4d146c963428b0e9a,full_tensor_sha256,6be8a194f257b1d6a24c9e789f5fb17cdf00dd9fdb0e0ad07b8fe84e0c965627,123ea5ce324bb82567913e1514a410f2bb582a6d8528a6ea98fbb2b74646f92c,a789b01b17129967eecd25421cde715dc938f6e3b95b30f735ff978f0882361e,0.0,0.2446488942950964,0.0,0.9614471346139908,0.24875300005078316,0.7716550026088953,0.22575887851417065,2.4522629100829363,0.25377701967954636,0.271880067884922,10.642880806699395,822.8026863653213,4474.221637705341,205000,500,,2.793683898093503,,False,False,ok
BNCI2014_001,fixed_spectral_normalized_power_s1,fixed,spectral,normalized_power,8,6398,411,500,500,1.0,22,253,0.00033488484218097223,0.018299859075440232,7.614762336255918,0.7413954793716996,25.860452062830042,25.860452062830042,0.00047210332183431726,2.793683898093503,6.874455285753593e-05,0.0002761664009139107,0.005797238615210034,1.8863065649556028e-05,188.240737610482,5.716247880429664,0.03017952124818757,0.09236224807369398,0.1459989447547685,6398,2b1b45e4e4a812f6d748c2c175962332f0dbca2acd50b6a4d146c963428b0e9a,full_tensor_sha256,6be8a194f257b1d6a24c9e789f5fb17cdf00dd9fdb0e0ad07b8fe84e0c965627,123ea5ce324bb82567913e1514a410f2bb582a6d8528a6ea98fbb2b74646f92c,a789b01b17129967eecd25421cde715dc938f6e3b95b30f735ff978f0882361e,0.0,0.24282303638756275,0.0,0.5955370143055916,0.14977715909481049,0.7485488895326853,0.24130195379257202,1.9779880531132221,0.25377701967954636,0.271880067884922,10.159920901060104,824.7806744184345,4484.381558606401,205500,500,,2.793683898093503,,False,False,ok
BNCI2014_001,fixed_spectral_normalized_power_s1,fixed,spectral,normalized_power,8,6398,412,500,500,1.0,22,253,0.00034621800815339487,0.018606934410412557,7.614519711346825,0.7413718567026205,25.862814329737944,25.862814329737944,0.0004802668135739498,2.793683898093503,7.07032475650693e-05,0.00028582792448702746,0.005999360013228978,1.882194973613616e-05,188.24073761048203,5.716247880429664,0.03017952124818757,0.09236224807369398,0.1459989447547685,6398,2b1b45e4e4a812f6d748c2c175962332f0dbca2acd50b6a4d146c963428b0e9a,full_tensor_sha256,6be8a194f257b1d6a24c9e789f5fb17cdf00dd9fdb0e0ad07b8fe84e0c965627,123ea5ce324bb82567913e1514a410f2bb582a6d8528a6ea98fbb2b74646f92c,a789b01b17129967eecd25421cde715dc938f6e3b95b30f735ff978f0882361e,0.0,0.25062402710318565,0.0,0.6216731853783131,0.13992004096508026,0.7667769677937031,0.18092594109475613,1.9599201623350382,0.25377701967954636,0.271880067884922,10.584757896140218,826.7405945807695,4494.966316502541,206000,500,,2.793683898093503,,False,False,ok
BNCI2014_001,fixed_spectral_normalized_power_s1,fixed,spectral,normalized_power,8,6398,413,500,500,1.0,22,253,0.00033488304965524325,0.018299810098884723,7.614773166810568,0.7413965338661016,25.86034661338984,25.86034661338984,0.00047209212794952453,2.793683898093503,6.873725454246907e-05,0.0002762045578512297,0.005798332932543495,1.8786443254578196e-05,188.240737610482,5.716247880429665,0.03017952124818757,0.09236224807369398,0.1459989447547685,6398,2b1b45e4e4a812f6d748c2c175962332f0dbca2acd50b6a4d146c963428b0e9a,full_tensor_sha256,6be8a194f257b1d6a24c9e789f5fb17cdf00dd9fdb0e0ad07b8fe84e0c965627,123ea5ce324bb82567913e1514a410f2bb582a6d8528a6ea98fbb2b74646f92c,a789b01b17129967eecd25421cde715dc938f6e3b95b30f735ff978f0882361e,0.0,0.24336599744856358,0.0,0.5951859056949615,0.1374699641019106,0.7605610881000757,0.17885607667267323,1.9154390320181847,0.25377701967954636,0.271880067884922,9.823178872466087,828.6560336127877,4504.789495375007,206500,500,,2.793683898093503,,False,False,ok
BNCI2014_001,fixed_spectral_normalized_power_s1,fixed,spectral,normalized_power,8,6398,414,500,500,1.0,22,253,0.0003462151727622372,0.0186068582184698,7.614528179267283,0.741372681164064,25.862731883593604,25.862731883593604,0.0004802647314903271,2.793683898093503,7.069704463253327e-05,0.0002858265393333929,0.005999346397346304,1.8761135159266665e-05,188.240737610482,5.716247880429664,0.03017952124818757,0.09236224807369398,0.1459989447547685,6398,2b1b45e4e4a812f6d748c2c175962332f0dbca2acd50b6a4d146c963428b0e9a,full_tensor_sha256,6be8a194f257b1d6a24c9e789f5fb17cdf00dd9fdb0e0ad07b8fe84e0c965627,123ea5ce324bb82567913e1514a410f2bb582a6d8528a6ea98fbb2b74646f92c,a789b01b17129967eecd25421cde715dc938f6e3b95b30f735ff978f0882361e,0.0,0.24466612376272678,0.0,0.6161050405353308,0.13853400014340878,0.7622530683875084,0.1767061185091734,1.9382643513381481,0.25377701967954636,0.271880067884922,10.176274925470352,830.5942979641259,4514.965770300478,207000,500,,2.793683898093503,,False,False,ok
BNCI2014_001,fixed_spectral_normalized_power_s1,fixed,spectral,normalized_power,8,6398,415,500,500,1.0,22,253,0.00033488121028725184,0.018299759842338146,7.614806953320029,0.7413998234192448,25.860017658075517,25.860017658075517,0.0004721084963765799,2.793683898093503,6.873173396704344e-05,0.0002761985828591568,0.0057981948388007905,1.8814945120442666e-05,188.240737610482,5.716247880429664,0.03017952124818757,0.09236224807369398,0.1459989447547685,6398,2b1b45e4e4a812f6d748c2c175962332f0dbca2acd50b6a4d146c963428b0e9a,full_tensor_sha256,6be8a194f257b1d6a24c9e789f5fb17cdf00dd9fdb0e0ad07b8fe84e0c965627,123ea5ce324bb82567913e1514a410f2bb582a6d8528a6ea98fbb2b74646f92c,a789b01b17129967eecd25421cde715dc938f6e3b95b30f735ff978f0882361e,0.0,0.23378501646220684,0.0,0.589251983910799,0.13473303988575935,0.7383520714938641,0.1686320174485445,1.8647541292011738,0.25377701967954636,0.271880067884922,9.613897884264588,832.459052093327,4524.579668184742,207500,500,,2.793683898093503,,False,False,ok
BNCI2014_001,fixed_spectral_normalized_power_s1,fixed,spectral,normalized_power,8,6398,416,500,500,1.0,22,253,0.00034621221704304005,0.01860677879276905,7.614567768010638,0.7413765356396289,25.862346436037107,25.862346436037107,0.00048027088980563286,2.793683898093503,7.069302267604032e-05,0.00028581842952287383,0.0059990258891474205,1.879168853267881e-05,188.240737610482,5.716247880429664,0.03017952124818757,0.09236224807369398,0.1459989447547685,6398,2b1b45e4e4a812f6d748c2c175962332f0dbca2acd50b6a4d146c963428b0e9a,full_tensor_sha256,6be8a194f257b1d6a24c9e789f5fb17cdf00dd9fdb0e0ad07b8fe84e0c965627,123ea5ce324bb82567913e1514a410f2bb582a6d8528a6ea98fbb2b74646f92c,a789b01b17129967eecd25421cde715dc938f6e3b95b30f735ff978f0882361e,0.0,0.23829704150557518,0.0,0.6064008921384811,0.13887882232666016,0.7392861880362034,0.2279318869113922,1.950794830918312,0.25377701967954636,0.271880067884922,11.329954024404287,834.4098469242454,4535.909622209147,208000,500,,2.793683898093503,,False,False,ok
BNCI2014_001,fixed_spectral_normalized_power_s1,fixed,spectral,normalized_power,8,6398,417,500,500,1.0,22,253,0.0003348792779759511,0.018299707046178393,7.61483083280894,0.7414021483959606,25.859785160403938,25.859785160403938,0.000472097018347371,2.793683898093503,6.873403190204352e-05,0.0002761714315200745,0.005797356973597909,1.8775243775823294e-05,188.240737610482,5.716247880429664,0.03017952124818757,0.09236224807369398,0.1459989447547685,6398,2b1b45e4e4a812f6d748c2c175962332f0dbca2acd50b6a4d146c963428b0e9a,full_tensor_sha256,6be8a194f257b1d6a24c9e789f5fb17cdf00dd9fdb0e0ad07b8fe84e0c965627,123ea5ce324bb82567913e1514a410f2bb582a6d8528a6ea98fbb2b74646f92c,a789b01b17129967eecd25421cde715dc938f6e3b95b30f735ff978f0882361e,0.0,0.2634411212056875,0.0,0.7275119423866272,0.1570219174027443,0.7949168793857098,0.20727701485157013,2.150168875232339,0.25377701967954636,0.271880067884922,9.069679072126746,836.5600157994777,4544.979301281273,208500,500,,2.793683898093503,,False,False,ok
BNCI2014_001,fixed_spectral_normalized_power_s1,fixed,spectral,normalized_power,8,6398,418,500,500,1.0,22,253,0.0003462093135002049,0.018606700768814575,7.614577203833778,0.7413774543389016,25.862254566109836,25.862254566109836,0.0004802657954326141,2.793683898093503,7.068158250433522e-05,0.00028583404839693604,0.005999497999168317,1.8745709714869496e-05,188.24073761048203,5.716247880429664,0.03017952124818757,0.09236224807369398,0.1459989447547685,6398,2b1b45e4e4a812f6d748c2c175962332f0dbca2acd50b6a4d146c963428b0e9a,full_tensor_sha256,6be8a194f257b1d6a24c9e789f5fb17cdf00dd9fdb0e0ad07b8fe84e0c965627,123ea5ce324bb82567913e1514a410f2bb582a6d8528a6ea98fbb2b74646f92c,a789b01b17129967eecd25421cde715dc938f6e3b95b30f735ff978f0882361e,0.0,0.24281907826662064,0.0,0.6112828850746155,0.15092594549059868,0.8095088414847851,0.18483796156942844,1.9993747118860483,0.25377701967954636,0.271880067884922,9.768729098141193,838.5593905113637,4554.748030379415,209000,500,,2.793683898093503,,False,False,ok
BNCI2014_001,fixed_spectral_normalized_power_s1,fixed,spectral,normalized_power,8,6398,419,500,500,1.0,22,253,0.00033487747975025404,0.018299657913476253,7.6148711218325325,0.7414060710528527,25.859392894714723,25.859392894714723,0.0004721030986679353,2.793683898093503,6.872097174478141e-05,0.0002762056837356818,0.005798318140860198,1.8780378425671533e-05,188.24073761048203,5.716247880429664,0.03017952124818757,0.09236224807369398,0.1459989447547685,6398,2b1b45e4e4a812f6d748c2c175962332f0dbca2acd50b6a4d146c963428b0e9a,full_tensor_sha256,6be8a194f257b1d6a24c9e789f5fb17cdf00dd9fdb0e0ad07b8fe84e0c965627,123ea5ce324bb82567913e1514a410f2bb582a6d8528a6ea98fbb2b74646f92c,a789b01b17129967eecd25421cde715dc938f6e3b95b30f735ff978f0882361e,0.0,0.23558689281344414,0.0,0.583902932703495,0.13685901649296284,0.630880007520318,0.17886608839035034,1.7660949379205704,0.25377701967954636,0.271880067884922,9.583404986187816,840.3254854492843,4564.331435365602,209500,500,,2.793683898093503,,False,False,ok
BNCI2014_001,fixed_spectral_normalized_power_s1,fixed,spectral,normalized_power,8,6398,420,500,500,1.0,22,253,0.00034620646550662223,0.01860662423726083,7.614623122243991,0.7413819250893005,25.86180749106996,25.86180749106996,0.0004802658432007119,2.793683898093503,7.068260265245322e-05,0.00028582343325798303,0.0059990754443328175,1.878306330164943e-05,188.24073761048203,5.716247880429664,0.03017952124818757,0.09236224807369398,0.1459989447547685,6398,2b1b45e4e4a812f6d748c2c175962332f0dbca2acd50b6a4d146c963428b0e9a,full_tensor_sha256,6be8a194f257b1d6a24c9e789f5fb17cdf00dd9fdb0e0ad07b8fe84e0c965627,123ea5ce324bb82567913e1514a410f2bb582a6d8528a6ea98fbb2b74646f92c,a789b01b17129967eecd25421cde715dc938f6e3b95b30f735ff978f0882361e,0.0,0.23617083206772804,0.0,0.5940590053796768,0.14016986824572086,0.6624979432672262,0.18317694775760174,1.8160745967179537,0.25377701967954636,0.271880067884922,10.429292917251587,842.1415600460023,4574.760728282854,210000,500,,2.793683898093503,,False,False,ok
BNCI2014_001,fixed_spectral_normalized_power_s1,fixed,spectral,normalized_power,8,6398,421,500,500,1.0,22,253,0.00033487568482992784,0.018299608870954807,7.614890778556423,0.741407984888845,25.8592015111155,25.8592015111155,0.0004721002771723612,2.793683898093503,6.871999978511218e-05,0.00027618011058086104,0.00579747683432196,1.877154488917553e-05,188.240737610482,5.716247880429664,0.03017952124818757,0.09236224807369398,0.1459989447547685,6398,2b1b45e4e4a812f6d748c2c175962332f0dbca2acd50b6a4d146c963428b0e9a,full_tensor_sha256,6be8a194f257b1d6a24c9e789f5fb17cdf00dd9fdb0e0ad07b8fe84e0c965627,123ea5ce324bb82567913e1514a410f2bb582a6d8528a6ea98fbb2b74646f92c,a789b01b17129967eecd25421cde715dc938f6e3b95b30f735ff978f0882361e,0.0,0.23286603391170502,0.0,0.6443359889090061,0.13970793224871159,0.6056230049580336,0.17396081238985062,1.796493772417307,0.25377701967954636,0.271880067884922,10.02327399328351,843.9380538184196,4584.7840022761375,210500,500,,2.793683898093503,,False,False,ok
BNCI2014_001,fixed_spectral_normalized_power_s1,fixed,spectral,normalized_power,8,6398,422,500,500,1.0,22,253,0.0003462035130586212,0.01860654489846573,7.614640805394915,0.7413836467724702,25.86163532275298,25.86163532275298,0.0004802715932086616,2.7936838980935033,7.06718294477062e-05,0.0002858244188690811,0.005999202395022484,1.8742917391105865e-05,188.24073761048203,5.716247880429665,0.03017952124818757,0.09236224807369398,0.1459989447547685,6398,2b1b45e4e4a812f6d748c2c175962332f0dbca2acd50b6a4d146c963428b0e9a,full_tensor_sha256,6be8a194f257b1d6a24c9e789f5fb17cdf00dd9fdb0e0ad07b8fe84e0c965627,123ea5ce324bb82567913e1514a410f2bb582a6d8528a6ea98fbb2b74646f92c,a789b01b17129967eecd25421cde715dc938f6e3b95b30f735ff978f0882361e,0.0,0.2510249614715576,0.0,0.6160680204629898,0.14195917174220085,0.6027610506862402,0.19241683185100555,1.804230036213994,0.25377701967954636,0.271880067884922,11.948580853641033,845.7422838546336,4596.7325831297785,211000,500,,2.793683898093503,,False,False,ok
BNCI2014_001,fixed_spectral_normalized_power_s1,fixed,spectral,normalized_power,8,6398,423,500,500,1.0,22,253,0.00033487381553419645,0.01829955779613804,7.6149287181590575,0.7414116787992575,25.85883212007425,25.85883212007425,0.0004721041022469208,2.793683898093503,6.871004129498345e-05,0.00027620824802599943,0.005798429909285623,1.8815078932521488e-05,188.24073761048203,5.716247880429664,0.03017952124818757,0.09236224807369398,0.1459989447547685,6398,2b1b45e4e4a812f6d748c2c175962332f0dbca2acd50b6a4d146c963428b0e9a,full_tensor_sha256,6be8a194f257b1d6a24c9e789f5fb17cdf00dd9fdb0e0ad07b8fe84e0c965627,123ea5ce324bb82567913e1514a410f2bb582a6d8528a6ea98fbb2b74646f92c,a789b01b17129967eecd25421cde715dc938f6e3b95b30f735ff978f0882361e,0.0,0.26046507991850376,0.0,0.6290560122579336,0.15162606723606586,0.6321929395198822,0.2023600973188877,1.8757001962512732,0.25377701967954636,0.271880067884922,10.857861023396254,847.6179840508848,4607.590444153175,211500,500,,2.793683898093503,,False,False,ok
BNCI2014_001,fixed_spectral_normalized_power_s1,fixed,spectral,normalized_power,8,6398,424,500,500,1.0,22,253,0.0003462010380894927,0.018606478390321278,7.614677142801587,0.7413871846884089,25.86128153115911,25.86128153115911,0.00048025737658986497,2.793683898093503,7.067031884894764e-05,0.0002858377969903306,0.005999496542710998,1.8768786113585855e-05,188.240737610482,5.716247880429664,0.03017952124818757,0.09236224807369398,0.1459989447547685,6398,2b1b45e4e4a812f6d748c2c175962332f0dbca2acd50b6a4d146c963428b0e9a,full_tensor_sha256,6be8a194f257b1d6a24c9e789f5fb17cdf00dd9fdb0e0ad07b8fe84e0c965627,123ea5ce324bb82567913e1514a410f2bb582a6d8528a6ea98fbb2b74646f92c,a789b01b17129967eecd25421cde715dc938f6e3b95b30f735ff978f0882361e,0.0,0.2567819319665432,0.0,0.6148740649223328,0.13812794350087643,0.8172790985554457,0.19355001859366894,2.020613057538867,0.25377701967954636,0.271880067884922,10.252013802528381,849.6385971084237,4617.842457955703,212000,500,,2.793683898093503,,False,False,ok
BNCI2014_001,fixed_spectral_normalized_power_s1,fixed,spectral,normalized_power,8,6398,425,500,500,1.0,22,253,0.0003348720435218467,0.018299509379266065,7.614943626461678,0.7414131303151,25.858686968489998,25.858686968489998,0.000472096214843077,2.793683898093503,6.870507255133694e-05,0.00027620280531567143,0.005798057057407591,1.8726687776341566e-05,188.240737610482,5.716247880429664,0.03017952124818757,0.09236224807369398,0.1459989447547685,6398,2b1b45e4e4a812f6d748c2c175962332f0dbca2acd50b6a4d146c963428b0e9a,full_tensor_sha256,6be8a194f257b1d6a24c9e789f5fb17cdf00dd9fdb0e0ad07b8fe84e0c965627,123ea5ce324bb82567913e1514a410f2bb582a6d8528a6ea98fbb2b74646f92c,a789b01b17129967eecd25421cde715dc938f6e3b95b30f735ff978f0882361e,0.0,0.2366101834923029,0.0,0.588107155635953,0.1442220527678728,1.0226580779999495,0.17750589177012444,2.1691033616662025,0.25377701967954636,0.271880067884922,10.03138697706163,851.8077004700899,4627.873844932765,212500,500,,2.793683898093503,,False,False,ok
BNCI2014_001,fixed_spectral_normalized_power_s1,fixed,spectral,normalized_power,8,6398,426,500,500,1.0,22,253,0.00034619861963035124,0.018606413400501218,7.614696865268792,0.7413891049253621,25.861089507463795,25.861089507463795,0.0004802740028613529,2.793683898093503,7.066113268320299e-05,0.000285828130209573,0.00599929542347091,1.8708426294406335e-05,188.240737610482,5.716247880429664,0.03017952124818757,0.09236224807369398,0.1459989447547685,6398,2b1b45e4e4a812f6d748c2c175962332f0dbca2acd50b6a4d146c963428b0e9a,full_tensor_sha256,6be8a194f257b1d6a24c9e789f5fb17cdf00dd9fdb0e0ad07b8fe84e0c965627,123ea5ce324bb82567913e1514a410f2bb582a6d8528a6ea98fbb2b74646f92c,a789b01b17129967eecd25421cde715dc938f6e3b95b30f735ff978f0882361e,0.0,0.23907702416181564,0.0,0.600429018959403,0.13800919987261295,0.9917509742081165,0.1776090357452631,2.1468752529472113,0.25377701967954636,0.271880067884922,9.710831101983786,853.9545757230371,4637.584676034749,213000,500,,2.793683898093503,,False,False,ok
BNCI2014_001,fixed_spectral_normalized_power_s1,fixed,spectral,normalized_power,8,6398,427,500,500,1.0,22,253,0.0003348701675679349,0.018299458122248726,7.614986035221212,0.7414172593556683,25.858274064433175,25.858274064433175,0.0004721125250445304,2.793683898093503,6.870565443214219e-05,0.00027618366537560357,0.005797634974353774,1.8791238125173517e-05,188.240737610482,5.716247880429664,0.03017952124818757,0.09236224807369398,0.1459989447547685,6398,2b1b45e4e4a812f6d748c2c175962332f0dbca2acd50b6a4d146c963428b0e9a,full_tensor_sha256,6be8a194f257b1d6a24c9e789f5fb17cdf00dd9fdb0e0ad07b8fe84e0c965627,123ea5ce324bb82567913e1514a410f2bb582a6d8528a6ea98fbb2b74646f92c,a789b01b17129967eecd25421cde715dc938f6e3b95b30f735ff978f0882361e,0.0,0.23772288113832474,0.0,0.5981188733130693,0.13943295925855637,0.7263768929988146,0.178823946043849,1.880475552752614,0.25377701967954636,0.271880067884922,12.407216941937804,855.8350512757897,4649.991892976686,213500,500,,2.793683898093503,,False,False,ok
BNCI2014_001,fixed_spectral_normalized_power_s1,fixed,spectral,normalized_power,8,6398,428,500,500,1.0,22,253,0.0003461960207597363,0.018606343562337452,7.614733668713378,0.7413926882161119,25.86073117838881,25.86073117838881,0.0004802608748790655,2.793683898093503,7.066205304859824e-05,0.00028581582826784626,0.005998723819965248,1.8742927072571168e-05,188.240737610482,5.716247880429664,0.03017952124818757,0.09236224807369398,0.1459989447547685,6398,2b1b45e4e4a812f6d748c2c175962332f0dbca2acd50b6a4d146c963428b0e9a,full_tensor_sha256,6be8a194f257b1d6a24c9e789f5fb17cdf00dd9fdb0e0ad07b8fe84e0c965627,123ea5ce324bb82567913e1514a410f2bb582a6d8528a6ea98fbb2b74646f92c,a789b01b17129967eecd25421cde715dc938f6e3b95b30f735ff978f0882361e,0.0,0.2745869569480419,0.0,0.733397901058197,0.14331401325762272,0.6762058474123478,0.2006830181926489,2.0281877368688583,0.25377701967954636,0.271880067884922,10.099424980580807,857.8632390126586,4660.091317957267,214000,500,,2.793683898093503,,False,False,ok
BNCI2014_001,fixed_spectral_normalized_power_s1,fixed,spectral,normalized_power,8,6398,429,500,500,1.0,22,253,0.00033486868643813257,0.018299417652978267,7.61500181040971,0.7414187952740492,25.858120472595076,25.858120472595076,0.0004720872087227347,2.793683898093503,6.869375353916443e-05,0.000276201889812596,0.005797922980910152,1.8696208382579406e-05,188.24073761048203,5.716247880429664,0.03017952124818757,0.09236224807369398,0.1459989447547685,6398,2b1b45e4e4a812f6d748c2c175962332f0dbca2acd50b6a4d146c963428b0e9a,full_tensor_sha256,6be8a194f257b1d6a24c9e789f5fb17cdf00dd9fdb0e0ad07b8fe84e0c965627,123ea5ce324bb82567913e1514a410f2bb582a6d8528a6ea98fbb2b74646f92c,a789b01b17129967eecd25421cde715dc938f6e3b95b30f735ff978f0882361e,0.0,0.2534340601414442,0.0,0.6196838803589344,0.1421179622411728,0.6898329593241215,0.19027898088097572,1.8953478429466486,0.25377701967954636,0.271880067884922,10.711722075939178,859.7585868556052,4670.803040033206,214500,500,,2.793683898093503,,False,False,ok
BNCI2014_001,fixed_spectral_normalized_power_s1,fixed,spectral,normalized_power,8,6398,430,500,500,1.0,22,253,0.00034619339853773803,0.01860627309639784,7.614747809896041,0.741394065042917,25.860593495708294,25.860593495708294,0.0004802664819826795,2.793683898093503,7.064962142696613e-05,0.00028583390637137795,0.005999406984383502,1.8690130582489184e-05,188.240737610482,5.716247880429664,0.03017952124818757,0.09236224807369398,0.1459989447547685,6398,2b1b45e4e4a812f6d748c2c175962332f0dbca2acd50b6a4d146c963428b0e9a,full_tensor_sha256,6be8a194f257b1d6a24c9e789f5fb17cdf00dd9fdb0e0ad07b8fe84e0c965627,123ea5ce324bb82567913e1514a410f2bb582a6d8528a6ea98fbb2b74646f92c,a789b01b17129967eecd25421cde715dc938f6e3b95b30f735ff978f0882361e,0.0,0.26232399977743626,0.0,0.6417201366275549,0.14279596507549286,0.7864129729568958,0.18872786313295364,2.0219809375703335,0.25377701967954636,0.271880067884922,10.134607087820768,861.7805677931756,4680.937647121027,215000,500,,2.793683898093503,,False,False,ok
BNCI2014_001,fixed_spectral_normalized_power_s1,fixed,spectral,normalized_power,8,6398,431,500,500,1.0,22,253,0.0003348673239100666,0.01829938042421291,7.615026322408368,0.7414211818337595,25.85788181662405,25.85788181662405,0.00047211628964761505,2.793683898093503,6.869187640709365e-05,0.0002762157898737569,0.005798601168151103,1.8757721027393028e-05,188.24073761048203,5.716247880429664,0.03017952124818757,0.09236224807369398,0.1459989447547685,6398,2b1b45e4e4a812f6d748c2c175962332f0dbca2acd50b6a4d146c963428b0e9a,full_tensor_sha256,6be8a194f257b1d6a24c9e789f5fb17cdf00dd9fdb0e0ad07b8fe84e0c965627,123ea5ce324bb82567913e1514a410f2bb582a6d8528a6ea98fbb2b74646f92c,a789b01b17129967eecd25421cde715dc938f6e3b95b30f735ff978f0882361e,0.0,0.24055922403931618,0.0,0.5929898470640182,0.136832008138299,0.6810859777033329,0.17447886057198048,1.8259459175169468,0.25377701967954636,0.271880067884922,10.269019054248929,863.6065137106925,4691.206666175276,215500,500,,2.793683898093503,,False,False,ok
BNCI2014_001,fixed_spectral_normalized_power_s1,fixed,spectral,normalized_power,8,6398,432,500,500,1.0,22,253,0.00034619085953116604,0.018606204866419323,7.614787143010027,0.7413978946296607,25.86021053703394,25.86021053703394,0.0004802676325571943,2.793683898093503,7.065367800386208e-05,0.00028581565363916187,0.005998761843549551,1.8727951163670747e-05,188.24073761048206,5.716247880429664,0.03017952124818757,0.09236224807369398,0.1459989447547685,6398,2b1b45e4e4a812f6d748c2c175962332f0dbca2acd50b6a4d146c963428b0e9a,full_tensor_sha256,6be8a194f257b1d6a24c9e789f5fb17cdf00dd9fdb0e0ad07b8fe84e0c965627,123ea5ce324bb82567913e1514a410f2bb582a6d8528a6ea98fbb2b74646f92c,a789b01b17129967eecd25421cde715dc938f6e3b95b30f735ff978f0882361e,0.0,0.2420439850538969,0.0,0.5920669063925743,0.13655913062393665,0.6442260928452015,0.17837900668382645,1.7932751215994358,0.25377701967954636,0.271880067884922,10.669131996110082,865.399788832292,4701.875798171386,216000,500,,2.793683898093503,,False,False,ok
BNCI2014_001,fixed_spectral_normalized_power_s1,fixed,spectral,normalized_power,8,6398,433,500,500,1.0,22,253,0.0003348657994324216,0.018299338770360572,7.615054119540042,0.7414238882436056,25.85761117563944,25.85761117563944,0.0004720922334811186,2.793683898093503,6.868346612416248e-05,0.00027619592506093857,0.005797670834350174,1.868688831770629e-05,188.24073761048203,5.716247880429664,0.03017952124818757,0.09236224807369398,0.1459989447547685,6398,2b1b45e4e4a812f6d748c2c175962332f0dbca2acd50b6a4d146c963428b0e9a,full_tensor_sha256,6be8a194f257b1d6a24c9e789f5fb17cdf00dd9fdb0e0ad07b8fe84e0c965627,123ea5ce324bb82567913e1514a410f2bb582a6d8528a6ea98fbb2b74646f92c,a789b01b17129967eecd25421cde715dc938f6e3b95b30f735ff978f0882361e,0.0,0.2830380108207464,0.0,0.7635010406374931,0.1762700267136097,1.287001185119152,0.23213587701320648,2.741946140304208,0.25377701967954636,0.271880067884922,11.438323883339763,868.1417349725962,4713.314122054726,216500,500,,2.793683898093503,,False,False,ok
BNCI2014_001,fixed_spectral_normalized_power_s1,fixed,spectral,normalized_power,8,6398,434,500,500,1.0,22,253,0.00034618843363222354,0.018606139675715207,7.614791670774381,0.7413983354660093,25.860166453399078,25.860166453399078,0.00048025870682360166,2.793683898093503,7.063515364067461e-05,0.00028584801794194026,0.005999715505259424,1.868725044493309e-05,188.24073761048203,5.716247880429664,0.03017952124818757,0.09236224807369398,0.1459989447547685,6398,2b1b45e4e4a812f6d748c2c175962332f0dbca2acd50b6a4d146c963428b0e9a,full_tensor_sha256,6be8a194f257b1d6a24c9e789f5fb17cdf00dd9fdb0e0ad07b8fe84e0c965627,123ea5ce324bb82567913e1514a410f2bb582a6d8528a6ea98fbb2b74646f92c,a789b01b17129967eecd25421cde715dc938f6e3b95b30f735ff978f0882361e,0.0,0.2552431542426348,0.0,0.6325410213321447,0.1413789577782154,0.976834911853075,0.18881005235016346,2.1948080975562334,0.25377701967954636,0.271880067884922,10.146611137315631,870.3365430701524,4723.4607331920415,217000,500,,2.793683898093503,,False,False,ok
BNCI2014_001,fixed_spectral_normalized_power_s1,fixed,spectral,normalized_power,8,6398,435,500,500,1.0,22,253,0.00033486410166518076,0.01829929238154254,7.615072895429988,0.741425716319035,25.8574283680965,25.8574283680965,0.00047211350124427886,2.793683898093503,6.86791636646243e-05,0.00027623249262511204,0.005798948356429221,1.8729457463601474e-05,188.24073761048203,5.716247880429664,0.03017952124818757,0.09236224807369398,0.1459989447547685,6398,2b1b45e4e4a812f6d748c2c175962332f0dbca2acd50b6a4d146c963428b0e9a,full_tensor_sha256,6be8a194f257b1d6a24c9e789f5fb17cdf00dd9fdb0e0ad07b8fe84e0c965627,123ea5ce324bb82567913e1514a410f2bb582a6d8528a6ea98fbb2b74646f92c,a789b01b17129967eecd25421cde715dc938f6e3b95b30f735ff978f0882361e,0.0,0.23715803399682045,0.0,0.6204380188137293,0.14213682152330875,0.617943936958909,0.18138508312404156,1.799061894416809,0.25377701967954636,0.271880067884922,10.354842990636826,872.1356049645692,4733.815576182678,217500,500,,2.793683898093503,,False,False,ok
BNCI2014_001,fixed_spectral_normalized_power_s1,fixed,spectral,normalized_power,8,6398,436,500,500,1.0,22,253,0.00034618594790985233,0.018606072877150954,7.614833557587368,0.7414024136883388,25.85975863116612,25.85975863116612,0.00048026914695784343,2.793683898093503,7.064440461678093e-05,0.000285809831009207,0.005998479345133956,1.8692465125912893e-05,188.240737610482,5.716247880429664,0.03017952124818757,0.09236224807369398,0.1459989447547685,6398,2b1b45e4e4a812f6d748c2c175962332f0dbca2acd50b6a4d146c963428b0e9a,full_tensor_sha256,6be8a194f257b1d6a24c9e789f5fb17cdf00dd9fdb0e0ad07b8fe84e0c965627,123ea5ce324bb82567913e1514a410f2bb582a6d8528a6ea98fbb2b74646f92c,a789b01b17129967eecd25421cde715dc938f6e3b95b30f735ff978f0882361e,0.0,0.26452005840837955,0.0,0.6423110608011484,0.14262390322983265,0.6789290346205235,0.20035402849316597,1.92873808555305,0.25377701967954636,0.271880067884922,10.649342089891434,874.0643430501223,4744.46491827257,218000,500,,2.793683898093503,,False,False,ok
BNCI2014_001,fixed_spectral_normalized_power_s1,fixed,spectral,normalized_power,8,6398,437,500,500,1.0,22,253,0.00033486233545943053,0.018299244122625135,7.615090044904137,0.7414273860418767,25.85726139581233,25.85726139581233,0.0004721029066142892,2.793683898093503,6.867916796373635e-05,0.0002761853820505241,0.0057974211761819185,1.8664657711506856e-05,188.240737610482,5.716247880429664,0.03017952124818757,0.09236224807369398,0.1459989447547685,6398,2b1b45e4e4a812f6d748c2c175962332f0dbca2acd50b6a4d146c963428b0e9a,full_tensor_sha256,6be8a194f257b1d6a24c9e789f5fb17cdf00dd9fdb0e0ad07b8fe84e0c965627,123ea5ce324bb82567913e1514a410f2bb582a6d8528a6ea98fbb2b74646f92c,a789b01b17129967eecd25421cde715dc938f6e3b95b30f735ff978f0882361e,0.0,0.2679359167814255,0.0,0.6487569771707058,0.14405697584152222,0.7356428541243076,0.19617704674601555,1.9925697706639767,0.25377701967954636,0.271880067884922,11.854625074192882,876.0569128207862,4756.319543346763,218500,500,,2.793683898093503,,False,False,ok
BNCI2014_001,fixed_spectral_normalized_power_s1,fixed,spectral,normalized_power,8,6398,438,500,500,1.0,22,253,0.00034618358594489706,0.018606009404084935,7.614830747366983,0.7414021400770824,25.859785992291755,25.859785992291755,0.0004802611480158267,2.793683898093503,7.062754123543402e-05,0.00028583163588220215,0.005999196561812259,1.8675135223950073e-05,188.24073761048203,5.716247880429664,0.03017952124818757,0.09236224807369398,0.1459989447547685,6398,2b1b45e4e4a812f6d748c2c175962332f0dbca2acd50b6a4d146c963428b0e9a,full_tensor_sha256,6be8a194f257b1d6a24c9e789f5fb17cdf00dd9fdb0e0ad07b8fe84e0c965627,123ea5ce324bb82567913e1514a410f2bb582a6d8528a6ea98fbb2b74646f92c,a789b01b17129967eecd25421cde715dc938f6e3b95b30f735ff978f0882361e,0.0,0.27357996441423893,0.0,0.7443418726325035,0.15883799642324448,0.8543860167264938,0.2013780176639557,2.2325238678604364,0.25377701967954636,0.271880067884922,10.354619938880205,878.2894366886467,4766.674163285643,219000,500,,2.793683898093503,,False,False,ok
BNCI2014_001,fixed_spectral_normalized_power_s1,fixed,spectral,normalized_power,8,6398,439,500,500,1.0,22,253,0.0003348606355851267,0.018299197675994614,7.615121092028187,0.7414304088804634,25.85695911195366,25.85695911195366,0.0004721026739475135,2.793683898093503,6.866801971659853e-05,0.00027621702511344175,0.005798390967258239,1.8690712605553727e-05,188.240737610482,5.716247880429664,0.03017952124818757,0.09236224807369398,0.1459989447547685,6398,2b1b45e4e4a812f6d748c2c175962332f0dbca2acd50b6a4d146c963428b0e9a,full_tensor_sha256,6be8a194f257b1d6a24c9e789f5fb17cdf00dd9fdb0e0ad07b8fe84e0c965627,123ea5ce324bb82567913e1514a410f2bb582a6d8528a6ea98fbb2b74646f92c,a789b01b17129967eecd25421cde715dc938f6e3b95b30f735ff978f0882361e,0.0,0.25014206767082214,0.0,0.6275731138885021,0.14250515960156918,1.1180168949067593,0.18370896577835083,2.3219462018460035,0.25377701967954636,0.271880067884922,10.01334609463811,880.6113828904927,4776.687509380281,219500,500,,2.793683898093503,,False,False,ok
BNCI2014_001,fixed_spectral_normalized_power_s1,fixed,spectral,normalized_power,8,6398,440,500,500,1.0,22,253,0.0003461813199462753,0.018605948509717942,7.6148623742405634,0.741405219361775,25.859478063822504,25.859478063822504,0.00048026367761297753,2.793683898093503,7.062937290429702e-05,0.0002858410804524745,0.005999364949651214,1.867101181507729e-05,188.240737610482,5.716247880429664,0.03017952124818757,0.09236224807369398,0.1459989447547685,6398,2b1b45e4e4a812f6d748c2c175962332f0dbca2acd50b6a4d146c963428b0e9a,full_tensor_sha256,6be8a194f257b1d6a24c9e789f5fb17cdf00dd9fdb0e0ad07b8fe84e0c965627,123ea5ce324bb82567913e1514a410f2bb582a6d8528a6ea98fbb2b74646f92c,a789b01b17129967eecd25421cde715dc938f6e3b95b30f735ff978f0882361e,0.0,0.24516391567885876,0.0,0.6174209993332624,0.13987300917506218,0.6400467827916145,0.18865615129470825,1.8311608582735062,0.25377701967954636,0.271880067884922,9.886177023872733,882.4425437487662,4786.573686404154,220000,500,,2.793683898093503,,False,False,ok
BNCI2014_001,fixed_spectral_normalized_power_s1,fixed,spectral,normalized_power,8,6398,441,500,500,1.0,22,253,0.0003348590842978026,0.018299155289187602,7.615123134432704,0.7414306077349264,25.85693922650735,25.85693922650735,0.0004721057412868164,2.793683898093503,6.866652589752081e-05,0.00027621534252136377,0.0057982601304646265,1.868453547546591e-05,188.240737610482,5.716247880429664,0.03017952124818757,0.09236224807369398,0.1459989447547685,6398,2b1b45e4e4a812f6d748c2c175962332f0dbca2acd50b6a4d146c963428b0e9a,full_tensor_sha256,6be8a194f257b1d6a24c9e789f5fb17cdf00dd9fdb0e0ad07b8fe84e0c965627,123ea5ce324bb82567913e1514a410f2bb582a6d8528a6ea98fbb2b74646f92c,a789b01b17129967eecd25421cde715dc938f6e3b95b30f735ff978f0882361e,0.0,0.25765085592865944,0.0,0.637491000816226,0.14072516933083534,0.6754121277481318,0.1878670882433653,1.8991462420672178,0.25377701967954636,0.271880067884922,10.922297136858106,884.3416899908334,4797.495983541012,220500,500,,2.793683898093503,,False,False,ok
BNCI2014_001,fixed_spectral_normalized_power_s1,fixed,spectral,normalized_power,8,6398,442,500,500,1.0,22,253,0.00034617893042836905,0.018605884295791186,7.614862001609937,0.7414051830813698,25.859481691863014,25.859481691863014,0.00048026645743219995,2.793683898093503,7.061876001380515e-05,0.00028583559747155597,0.005999256446115771,1.8647056620581832e-05,188.240737610482,5.716247880429665,0.03017952124818757,0.09236224807369398,0.1459989447547685,6398,2b1b45e4e4a812f6d748c2c175962332f0dbca2acd50b6a4d146c963428b0e9a,full_tensor_sha256,6be8a194f257b1d6a24c9e789f5fb17cdf00dd9fdb0e0ad07b8fe84e0c965627,123ea5ce324bb82567913e1514a410f2bb582a6d8528a6ea98fbb2b74646f92c,a789b01b17129967eecd25421cde715dc938f6e3b95b30f735ff978f0882361e,0.0,0.26677106507122517,0.0,0.6405799649655819,0.14548096805810928,0.6666991394013166,0.1973048783838749,1.9168360158801079,0.25377701967954636,0.271880067884922,12.871067970991135,886.2585260067135,4810.367051512003,221000,500,,2.793683898093503,,False,False,ok
BNCI2014_001,fixed_spectral_normalized_power_s1,fixed,spectral,normalized_power,8,6398,443,500,500,1.0,22,253,0.0003348573842941129,0.0182991088387963,7.615160552968367,0.7414342509127382,25.856574908726177,25.856574908726177,0.0004721057966285115,2.793683898093503,6.866366603915738e-05,0.00027618936837437433,0.00579756585521843,1.867020779417463e-05,188.240737610482,5.716247880429664,0.03017952124818757,0.09236224807369398,0.1459989447547685,6398,2b1b45e4e4a812f6d748c2c175962332f0dbca2acd50b6a4d146c963428b0e9a,full_tensor_sha256,6be8a194f257b1d6a24c9e789f5fb17cdf00dd9fdb0e0ad07b8fe84e0c965627,123ea5ce324bb82567913e1514a410f2bb582a6d8528a6ea98fbb2b74646f92c,a789b01b17129967eecd25421cde715dc938f6e3b95b30f735ff978f0882361e,0.0,0.2764039672911167,0.0,0.7552560418844223,0.1614810898900032,0.8671819232404232,0.20985607989132404,2.2701791021972895,0.25377701967954636,0.271880067884922,10.417859070003033,888.5287051089108,4820.784910582006,221500,500,,2.793683898093503,,False,False,ok
BNCI2014_001,fixed_spectral_normalized_power_s1,fixed,spectral,normalized_power,8,6398,444,500,500,1.0,22,253,0.0003461767345072023,0.01860582528422758,7.614894561341323,0.7414083531918203,25.859164680817972,25.859164680817972,0.00048025933918440807,2.793683898093503,7.062128263857348e-05,0.000285825260666055,0.005998881458398578,1.8674740699171846e-05,188.24073761048203,5.716247880429664,0.03017952124818757,0.09236224807369398,0.1459989447547685,6398,2b1b45e4e4a812f6d748c2c175962332f0dbca2acd50b6a4d146c963428b0e9a,full_tensor_sha256,6be8a194f257b1d6a24c9e789f5fb17cdf00dd9fdb0e0ad07b8fe84e0c965627,123ea5ce324bb82567913e1514a410f2bb582a6d8528a6ea98fbb2b74646f92c,a789b01b17129967eecd25421cde715dc938f6e3b95b30f735ff978f0882361e,0.0,0.2709918189793825,0.0,0.6729438900947571,0.14701206237077713,0.9125950746238232,0.21186890080571175,2.2154117468744516,0.25377701967954636,0.271880067884922,10.813239961862564,890.7441168557853,4831.5981505438685,222000,500,,2.793683898093503,,False,False,ok
BNCI2014_001,fixed_spectral_normalized_power_s1,fixed,spectral,normalized_power,8,6398,445,500,500,1.0,22,253,0.0003348557988541857,0.018299065518604652,7.615157907194169,0.7414339933124424,25.856600668755757,25.856600668755757,0.00047210186150926974,2.7936838980935024,6.86546155475709e-05,0.0002762258735156148,0.00579852204542742,1.8624663508272363e-05,188.240737610482,5.716247880429664,0.03017952124818757,0.09236224807369398,0.1459989447547685,6398,2b1b45e4e4a812f6d748c2c175962332f0dbca2acd50b6a4d146c963428b0e9a,full_tensor_sha256,6be8a194f257b1d6a24c9e789f5fb17cdf00dd9fdb0e0ad07b8fe84e0c965627,123ea5ce324bb82567913e1514a410f2bb582a6d8528a6ea98fbb2b74646f92c,a789b01b17129967eecd25421cde715dc938f6e3b95b30f735ff978f0882361e,0.0,0.26249815709888935,0.0,0.6447189953178167,0.14175311662256718,0.6674220785498619,0.19907020032405853,1.9154625479131937,0.25377701967954636,0.271880067884922,10.545535944402218,892.6595794036984,4842.143686488271,222500,500,,2.793683898093503,,False,False,ok
BNCI2014_001,fixed_spectral_normalized_power_s1,fixed,spectral,normalized_power,8,6398,446,500,500,1.0,22,253,0.000346174414959555,0.018605762950213975,7.6149007370732615,0.7414089544791013,25.85910455208987,25.85910455208987,0.000480265043023532,2.793683898093503,7.061038447442283e-05,0.00028584034250860957,0.005999437116926296,1.8643042986959845e-05,188.24073761048203,5.716247880429664,0.03017952124818757,0.09236224807369398,0.1459989447547685,6398,2b1b45e4e4a812f6d748c2c175962332f0dbca2acd50b6a4d146c963428b0e9a,full_tensor_sha256,6be8a194f257b1d6a24c9e789f5fb17cdf00dd9fdb0e0ad07b8fe84e0c965627,123ea5ce324bb82567913e1514a410f2bb582a6d8528a6ea98fbb2b74646f92c,a789b01b17129967eecd25421cde715dc938f6e3b95b30f735ff978f0882361e,0.0,0.26895711198449135,0.0,0.6232950836420059,0.14975899830460548,0.6435061804950237,0.18995394930243492,1.8754713237285614,0.25377701967954636,0.271880067884922,9.703646879643202,894.535050727427,4851.847333367914,223000,500,,2.793683898093503,,False,False,ok
BNCI2014_001,fixed_spectral_normalized_power_s1,fixed,spectral,normalized_power,8,6398,447,500,500,1.0,22,253,0.0003348541430496508,0.01829902027567735,7.615186771059393,0.7414368035825796,25.856319641742047,25.856319641742047,0.00047211283829859315,2.793683898093503,6.865262892673539e-05,0.00027620297865730425,0.005797945359801609,1.8710644326907965e-05,188.240737610482,5.716247880429664,0.03017952124818757,0.09236224807369398,0.1459989447547685,6398,2b1b45e4e4a812f6d748c2c175962332f0dbca2acd50b6a4d146c963428b0e9a,full_tensor_sha256,6be8a194f257b1d6a24c9e789f5fb17cdf00dd9fdb0e0ad07b8fe84e0c965627,123ea5ce324bb82567913e1514a410f2bb582a6d8528a6ea98fbb2b74646f92c,a789b01b17129967eecd25421cde715dc938f6e3b95b30f735ff978f0882361e,0.0,0.2431781031191349,0.0,0.6034329999238253,0.13718800619244576,0.6189390551298857,0.17940602265298367,1.7821441870182753,0.25377701967954636,0.271880067884922,12.757136020809412,896.3171949144453,4864.604469388723,223500,500,,2.793683898093503,,False,False,ok
BNCI2014_001,fixed_spectral_normalized_power_s1,fixed,spectral,normalized_power,8,6398,448,500,500,1.0,22,253,0.00034617201167214974,0.018605698365612343,7.614931333599982,0.7414119334462171,25.85880665537828,25.85880665537828,0.0004802634285014688,2.793683898093503,7.061140699644075e-05,0.0002858212722083195,0.005998744054682925,1.8658124339546454e-05,188.24073761048203,5.716247880429664,0.03017952124818757,0.09236224807369398,0.1459989447547685,6398,2b1b45e4e4a812f6d748c2c175962332f0dbca2acd50b6a4d146c963428b0e9a,full_tensor_sha256,6be8a194f257b1d6a24c9e789f5fb17cdf00dd9fdb0e0ad07b8fe84e0c965627,123ea5ce324bb82567913e1514a410f2bb582a6d8528a6ea98fbb2b74646f92c,a789b01b17129967eecd25421cde715dc938f6e3b95b30f735ff978f0882361e,0.0,0.26167999021708965,0.0,0.6508121732622385,0.1457610633224249,0.6510971579700708,0.19438914023339748,1.9037395250052214,0.25377701967954636,0.271880067884922,9.562343126162887,898.2209344394505,4874.166812514886,224000,500,,2.793683898093503,,False,False,ok
BNCI2014_001,fixed_spectral_normalized_power_s1,fixed,spectral,normalized_power,8,6398,449,500,500,1.0,22,253,0.0003348527142272433,0.01829898123468198,7.615194113137783,0.7414375184287543,25.85624815712457,25.85624815712457,0.0004720969708507346,2.793683898093503,6.864864858828293e-05,0.0002762016769814367,0.005797730189427416,1.8617092757478857e-05,188.240737610482,5.716247880429664,0.03017952124818757,0.09236224807369398,0.1459989447547685,6398,2b1b45e4e4a812f6d748c2c175962332f0dbca2acd50b6a4d146c963428b0e9a,full_tensor_sha256,6be8a194f257b1d6a24c9e789f5fb17cdf00dd9fdb0e0ad07b8fe84e0c965627,123ea5ce324bb82567913e1514a410f2bb582a6d8528a6ea98fbb2b74646f92c,a789b01b17129967eecd25421cde715dc938f6e3b95b30f735ff978f0882361e,0.0,0.23379502817988396,0.0,0.5801238585263491,0.13508391566574574,0.7346959318965673,0.16578193753957748,1.8494806718081236,0.25377701967954636,0.271880067884922,10.185240069404244,900.0704151112586,4884.3520525842905,224500,500,,2.793683898093503,,False,False,ok
BNCI2014_001,fixed_spectral_normalized_power_s1,fixed,spectral,normalized_power,8,6398,450,500,500,1.0,22,253,0.0003461696601800361,0.018605635172711413,7.614932039164903,0.7414120021420766,25.85879978579234,25.85879978579234,0.00048025952008442444,2.793683898093503,7.059959371756253e-05,0.000285850305952753,0.005999689658413982,1.8602407797890392e-05,188.240737610482,5.716247880429664,0.03017952124818757,0.09236224807369398,0.1459989447547685,6398,2b1b45e4e4a812f6d748c2c175962332f0dbca2acd50b6a4d146c963428b0e9a,full_tensor_sha256,6be8a194f257b1d6a24c9e789f5fb17cdf00dd9fdb0e0ad07b8fe84e0c965627,123ea5ce324bb82567913e1514a410f2bb582a6d8528a6ea98fbb2b74646f92c,a789b01b17129967eecd25421cde715dc938f6e3b95b30f735ff978f0882361e,0.0,0.23902114480733871,0.0,0.6123420316725969,0.14379899948835373,0.7729120552539825,0.17844815738499165,1.9465223886072636,0.25377701967954636,0.271880067884922,9.321292163804173,902.0169374998659,4893.673344748095,225000,500,,2.793683898093503,,False,False,ok
BNCI2014_001,fixed_spectral_normalized_power_s1,fixed,spectral,normalized_power,8,6398,451,500,500,1.0,22,253,0.00033485106264542416,0.01829893610692775,7.615215316024862,0.741439582803706,25.856041719629403,25.856041719629403,0.0004721188608772291,2.793683898093503,6.864160217831894e-05,0.00027622429443725923,0.005798582949397439,1.8667768923562567e-05,188.24073761048203,5.716247880429664,0.03017952124818757,0.09236224807369398,0.1459989447547685,6398,2b1b45e4e4a812f6d748c2c175962332f0dbca2acd50b6a4d146c963428b0e9a,full_tensor_sha256,6be8a194f257b1d6a24c9e789f5fb17cdf00dd9fdb0e0ad07b8fe84e0c965627,123ea5ce324bb82567913e1514a410f2bb582a6d8528a6ea98fbb2b74646f92c,a789b01b17129967eecd25421cde715dc938f6e3b95b30f735ff978f0882361e,0.0,0.23341085761785507,0.0,0.5751808639615774,0.13450696133077145,0.7449209224432707,0.1698979176580906,1.8579175230115652,0.25377701967954636,0.271880067884922,9.91221982985735,903.8748550228775,4903.585564577952,225500,500,,2.793683898093503,,False,False,ok
BNCI2014_001,fixed_spectral_normalized_power_s1,fixed,spectral,normalized_power,8,6398,452,500,500,1.0,22,253,0.00034616725838434667,0.018605570627754114,7.614970266097345,0.7414157240277575,25.858427597224253,25.858427597224253,0.00048026488053921814,2.793683898093503,7.060398731410679e-05,0.0002858182986698264,0.005998587317331739,1.864294262671547e-05,188.240737610482,5.716247880429664,0.03017952124818757,0.09236224807369398,0.1459989447547685,6398,2b1b45e4e4a812f6d748c2c175962332f0dbca2acd50b6a4d146c963428b0e9a,full_tensor_sha256,6be8a194f257b1d6a24c9e789f5fb17cdf00dd9fdb0e0ad07b8fe84e0c965627,123ea5ce324bb82567913e1514a410f2bb582a6d8528a6ea98fbb2b74646f92c,a789b01b17129967eecd25421cde715dc938f6e3b95b30f735ff978f0882361e,0.0,0.2383170649409294,0.0,0.5944641306996346,0.13772794045507908,0.7677101530134678,0.17591100186109543,1.9141302909702063,0.25377701967954636,0.271880067884922,10.18680282868445,905.7889853138477,4913.7723674066365,226000,500,,2.793683898093503,,False,False,ok
BNCI2014_001,fixed_spectral_normalized_power_s1,fixed,spectral,normalized_power,8,6398,453,500,500,1.0,22,253,0.0003348494522058196,0.018298892103234543,7.6152337208380905,0.7414413747500234,25.855862524997665,25.855862524997665,0.00047209654129050344,2.793683898093503,6.86405375131047e-05,0.00027618727650236056,0.005797207236961475,1.863370183348452e-05,188.24073761048203,5.716247880429664,0.03017952124818757,0.09236224807369398,0.1459989447547685,6398,2b1b45e4e4a812f6d748c2c175962332f0dbca2acd50b6a4d146c963428b0e9a,full_tensor_sha256,6be8a194f257b1d6a24c9e789f5fb17cdf00dd9fdb0e0ad07b8fe84e0c965627,123ea5ce324bb82567913e1514a410f2bb582a6d8528a6ea98fbb2b74646f92c,a789b01b17129967eecd25421cde715dc938f6e3b95b30f735ff978f0882361e,0.0,0.2698460593819618,0.0,0.9000061545521021,0.15779398381710052,0.717859948053956,0.21659093908965588,2.2620970848947763,0.25377701967954636,0.271880067884922,10.0534379016608,908.0510823987424,4923.825805308297,226500,500,,2.793683898093503,,False,False,ok
BNCI2014_001,fixed_spectral_normalized_power_s1,fixed,spectral,normalized_power,8,6398,454,500,500,1.0,22,253,0.0003461649010607506,0.018605507277705453,7.614959985105886,0.7414147230404312,25.85852769595688,25.85852769595688,0.0004802628521916342,2.793683898093503,7.058731833082574e-05,0.0002858456118228189,0.005999450052865521,1.8569859553156738e-05,188.240737610482,5.716247880429664,0.03017952124818757,0.09236224807369398,0.1459989447547685,6398,2b1b45e4e4a812f6d748c2c175962332f0dbca2acd50b6a4d146c963428b0e9a,full_tensor_sha256,6be8a194f257b1d6a24c9e789f5fb17cdf00dd9fdb0e0ad07b8fe84e0c965627,123ea5ce324bb82567913e1514a410f2bb582a6d8528a6ea98fbb2b74646f92c,a789b01b17129967eecd25421cde715dc938f6e3b95b30f735ff978f0882361e,0.0,0.24586613290011883,0.0,0.6056840065866709,0.13875006698071957,0.7429090328514576,0.1802679616957903,1.9134772010147572,0.25377701967954636,0.271880067884922,10.013498133048415,909.9645595997572,4933.839303441346,227000,500,,2.793683898093503,,False,False,ok
BNCI2014_001,fixed_spectral_normalized_power_s1,fixed,spectral,normalized_power,8,6398,455,500,500,1.0,22,253,0.00033484801227914716,0.018298852758551483,7.615251982971693,0.741443152804636,25.85568471953639,25.85568471953639,0.0004721157694207052,2.793683898093503,6.862904268976472e-05,0.00027623940084292863,0.005798856511676154,1.8640816852932213e-05,188.24073761048203,5.716247880429664,0.03017952124818757,0.09236224807369398,0.1459989447547685,6398,2b1b45e4e4a812f6d748c2c175962332f0dbca2acd50b6a4d146c963428b0e9a,full_tensor_sha256,6be8a194f257b1d6a24c9e789f5fb17cdf00dd9fdb0e0ad07b8fe84e0c965627,123ea5ce324bb82567913e1514a410f2bb582a6d8528a6ea98fbb2b74646f92c,a789b01b17129967eecd25421cde715dc938f6e3b95b30f735ff978f0882361e,0.0,0.2297959290444851,0.0,0.5771028809249401,0.13303500600159168,0.5862750113010406,0.30840421095490456,1.834613038226962,0.25377701967954636,0.271880067884922,11.143055045977235,911.7991726379842,4944.982358487323,227500,500,,2.793683898093503,,False,False,ok
BNCI2014_001,fixed_spectral_normalized_power_s1,fixed,spectral,normalized_power,8,6398,456,500,500,1.0,22,253,0.00034616264549621975,0.01860544666209924,7.6149987506016386,0.7414184973622074,25.858150263779255,25.858150263779255,0.00048026128900491494,2.793683898093503,7.059630998332895e-05,0.00028582251698694525,0.0059986742856187976,1.8637935939758053e-05,188.24073761048203,5.716247880429664,0.03017952124818757,0.09236224807369398,0.1459989447547685,6398,2b1b45e4e4a812f6d748c2c175962332f0dbca2acd50b6a4d146c963428b0e9a,full_tensor_sha256,6be8a194f257b1d6a24c9e789f5fb17cdf00dd9fdb0e0ad07b8fe84e0c965627,123ea5ce324bb82567913e1514a410f2bb582a6d8528a6ea98fbb2b74646f92c,a789b01b17129967eecd25421cde715dc938f6e3b95b30f735ff978f0882361e,0.0,0.2487830352038145,0.0,0.6316280923783779,0.14204508624970913,0.8114019874483347,0.1898889895528555,2.0237471908330917,0.25377701967954636,0.271880067884922,12.753067072480917,913.8229198288172,4957.735425559804,228000,500,,2.793683898093503,,False,False,ok
BNCI2014_001,fixed_spectral_normalized_power_s1,fixed,spectral,normalized_power,8,6398,457,500,500,1.0,22,253,0.0003348464906446749,0.018298811181185377,7.615268526269335,0.7414447635083644,25.855523649163555,25.855523649163555,0.00047210414303627775,2.793683898093503,6.862734089869903e-05,0.0002762030190096,0.005797521287642396,1.8590308340483147e-05,188.24073761048206,5.716247880429664,0.03017952124818757,0.09236224807369398,0.1459989447547685,6398,2b1b45e4e4a812f6d748c2c175962332f0dbca2acd50b6a4d146c963428b0e9a,full_tensor_sha256,6be8a194f257b1d6a24c9e789f5fb17cdf00dd9fdb0e0ad07b8fe84e0c965627,123ea5ce324bb82567913e1514a410f2bb582a6d8528a6ea98fbb2b74646f92c,a789b01b17129967eecd25421cde715dc938f6e3b95b30f735ff978f0882361e,0.0,0.239859102293849,0.0,0.6084330379962921,0.13937405310571194,0.7613340858370066,0.1821338664740324,1.931134145706892,0.25377701967954636,0.271880067884922,13.761339010670781,915.7540539745241,4971.496764570475,228500,500,,2.793683898093503,,False,False,ok
BNCI2014_001,fixed_spectral_normalized_power_s1,fixed,spectral,normalized_power,8,6398,458,500,500,1.0,22,253,0.00034616032050006326,0.018605384180394213,7.6149876526212195,0.7414174168304523,25.858258316954778,25.858258316954778,0.0004802673053161508,2.793683898093503,7.057915412455443e-05,0.00028583029805642144,0.005998864883981013,1.8553574090049516e-05,188.240737610482,5.716247880429664,0.03017952124818757,0.09236224807369398,0.1459989447547685,6398,2b1b45e4e4a812f6d748c2c175962332f0dbca2acd50b6a4d146c963428b0e9a,full_tensor_sha256,6be8a194f257b1d6a24c9e789f5fb17cdf00dd9fdb0e0ad07b8fe84e0c965627,123ea5ce324bb82567913e1514a410f2bb582a6d8528a6ea98fbb2b74646f92c,a789b01b17129967eecd25421cde715dc938f6e3b95b30f735ff978f0882361e,0.0,0.26831915602087975,0.0,0.6470759399235249,0.146122882142663,0.6512592080980539,0.20097894594073296,1.9137561321258545,0.25377701967954636,0.271880067884922,13.218107866123319,917.66781010665,4984.714872436598,229000,500,,2.793683898093503,,False,False,ok
BNCI2014_001,fixed_spectral_normalized_power_s1,fixed,spectral,normalized_power,8,6398,459,500,500,1.0,22,253,0.0003348449824744686,0.01829876997162565,7.6152944211846405,0.7414472847128746,25.85527152871254,25.85527152871254,0.0004721143518948395,2.793683898093503,6.86233956256798e-05,0.00027622414250877517,0.005798411909060686,1.8654369875749072e-05,188.240737610482,5.716247880429665,0.03017952124818757,0.09236224807369398,0.1459989447547685,6398,2b1b45e4e4a812f6d748c2c175962332f0dbca2acd50b6a4d146c963428b0e9a,full_tensor_sha256,6be8a194f257b1d6a24c9e789f5fb17cdf00dd9fdb0e0ad07b8fe84e0c965627,123ea5ce324bb82567913e1514a410f2bb582a6d8528a6ea98fbb2b74646f92c,a789b01b17129967eecd25421cde715dc938f6e3b95b30f735ff978f0882361e,0.0,0.24431385099887848,0.0,0.600096071138978,0.13832608237862587,0.780356815084815,0.21060090512037277,1.9736937247216702,0.25377701967954636,0.271880067884922,10.430756025016308,919.6415038313717,4995.145628461614,229500,500,,2.793683898093503,,False,False,ok
BNCI2014_001,fixed_spectral_normalized_power_s1,fixed,spectral,normalized_power,8,6398,460,500,500,1.0,22,253,0.00034615812277846703,0.018605325118859574,7.615032764164123,0.7414218090218956,25.857819097810438,25.857819097810438,0.00048025544490935,2.793683898093503,7.058187214771727e-05,0.00028584439681329386,0.005999243900651142,1.860220484203645e-05,188.24073761048203,5.716247880429664,0.03017952124818757,0.09236224807369398,0.1459989447547685,6398,2b1b45e4e4a812f6d748c2c175962332f0dbca2acd50b6a4d146c963428b0e9a,full_tensor_sha256,6be8a194f257b1d6a24c9e789f5fb17cdf00dd9fdb0e0ad07b8fe84e0c965627,123ea5ce324bb82567913e1514a410f2bb582a6d8528a6ea98fbb2b74646f92c,a789b01b17129967eecd25421cde715dc938f6e3b95b30f735ff978f0882361e,0.0,0.2380909863859415,0.0,0.6051680538803339,0.13511884026229382,0.753119820728898,0.16940990462899208,1.9009076058864594,0.25377701967954636,0.271880067884922,9.816338075324893,921.5424114372581,5004.961966536939,230000,500,,2.793683898093503,,False,False,ok
BNCI2014_001,fixed_spectral_normalized_power_s1,fixed,spectral,normalized_power,8,6398,461,500,500,1.0,22,253,0.00033484349062457393,0.018298729207914245,7.61529928099943,0.7414477578786225,25.855224212137752,25.855224212137752,0.00047210102290562867,2.793683898093503,6.861670809822477e-05,0.00027622381703873406,0.005798110204158263,1.8501322283457884e-05,188.24073761048203,5.716247880429664,0.03017952124818757,0.09236224807369398,0.1459989447547685,6398,2b1b45e4e4a812f6d748c2c175962332f0dbca2acd50b6a4d146c963428b0e9a,full_tensor_sha256,6be8a194f257b1d6a24c9e789f5fb17cdf00dd9fdb0e0ad07b8fe84e0c965627,123ea5ce324bb82567913e1514a410f2bb582a6d8528a6ea98fbb2b74646f92c,a789b01b17129967eecd25421cde715dc938f6e3b95b30f735ff978f0882361e,0.0,0.229664146900177,0.0,0.5640320014208555,0.13131601735949516,0.7427169475704432,0.16663107089698315,1.834360184147954,0.25377701967954636,0.271880067884922,10.076232952997088,923.3767716214061,5015.038199489936,230500,500,,2.793683898093503,,False,False,ok
BNCI2014_001,fixed_spectral_normalized_power_s1,fixed,spectral,normalized_power,8,6398,462,500,500,1.0,22,253,0.0003461558754095893,0.018605264722910804,7.615030675416886,0.74142160565537,25.857839434462996,25.857839434462996,0.00048026700169273204,2.793683898093503,7.05747689420451e-05,0.0002858287329908978,0.005998914833513211,1.8551666841293765e-05,188.24073761048203,5.716247880429664,0.03017952124818757,0.09236224807369398,0.1459989447547685,6398,2b1b45e4e4a812f6d748c2c175962332f0dbca2acd50b6a4d146c963428b0e9a,full_tensor_sha256,6be8a194f257b1d6a24c9e789f5fb17cdf00dd9fdb0e0ad07b8fe84e0c965627,123ea5ce324bb82567913e1514a410f2bb582a6d8528a6ea98fbb2b74646f92c,a789b01b17129967eecd25421cde715dc938f6e3b95b30f735ff978f0882361e,0.0,0.2691310364753008,0.0,0.6357771344482899,0.14043995179235935,0.8103079162538052,0.18385914154350758,2.0395151805132627,0.25377701967954636,0.271880067884922,11.739511042833328,925.4162868019193,5026.77771053277,231000,500,,2.793683898093503,,False,False,ok
BNCI2014_001,fixed_spectral_normalized_power_s1,fixed,spectral,normalized_power,8,6398,463,500,500,1.0,22,253,0.00033484213866135965,0.018298692266426025,7.615336129176164,0.7414513455246248,25.85486544753753,25.85486544753753,0.00047212359474713307,2.793683898093503,6.862116284954742e-05,0.0002761950457521524,0.005797476064178414,1.8632342919928446e-05,188.24073761048203,5.716247880429664,0.03017952124818757,0.09236224807369398,0.1459989447547685,6398,2b1b45e4e4a812f6d748c2c175962332f0dbca2acd50b6a4d146c963428b0e9a,full_tensor_sha256,6be8a194f257b1d6a24c9e789f5fb17cdf00dd9fdb0e0ad07b8fe84e0c965627,123ea5ce324bb82567913e1514a410f2bb582a6d8528a6ea98fbb2b74646f92c,a789b01b17129967eecd25421cde715dc938f6e3b95b30f735ff978f0882361e,0.0,0.2563709858804941,0.0,0.7087241392582655,0.14071608893573284,0.8234761189669371,0.18555880524218082,2.1148461382836103,0.25377701967954636,0.271880067884922,9.914495050907135,927.531132940203,5036.692205583677,231500,500,,2.793683898093503,,False,False,ok
BNCI2014_001,fixed_spectral_normalized_power_s1,fixed,spectral,normalized_power,8,6398,464,500,500,1.0,22,253,0.0003461535222768487,0.018605201484446457,7.615082506657164,0.7414266520961564,25.857334790384353,25.857334790384353,0.0004802600923560531,2.793683898093503,7.057286429340237e-05,0.00028583567934446227,0.005999024899652576,1.8583412458889174e-05,188.24073761048203,5.716247880429664,0.03017952124818757,0.09236224807369398,0.1459989447547685,6398,2b1b45e4e4a812f6d748c2c175962332f0dbca2acd50b6a4d146c963428b0e9a,full_tensor_sha256,6be8a194f257b1d6a24c9e789f5fb17cdf00dd9fdb0e0ad07b8fe84e0c965627,123ea5ce324bb82567913e1514a410f2bb582a6d8528a6ea98fbb2b74646f92c,a789b01b17129967eecd25421cde715dc938f6e3b95b30f735ff978f0882361e,0.0,0.23310980759561062,0.0,0.5823478568345308,0.1334880944341421,0.770671060308814,0.1668201293796301,1.8864369485527277,0.25377701967954636,0.271880067884922,10.025318944826722,929.4175698887557,5046.717524528503,232000,500,,2.793683898093503,,False,False,ok
BNCI2014_001,fixed_spectral_normalized_power_s1,fixed,spectral,normalized_power,8,6398,465,500,500,1.0,22,253,0.00033484101020775885,0.01829866143213101,7.615356344642231,0.7414533137613856,25.854668623861443,25.854668623861443,0.0004720959086468442,2.793683898093503,6.860758984435983e-05,0.0002762370547735835,0.005798624542534924,1.853619282952391e-05,188.240737610482,5.716247880429664,0.03017952124818757,0.09236224807369398,0.1459989447547685,6398,2b1b45e4e4a812f6d748c2c175962332f0dbca2acd50b6a4d146c963428b0e9a,full_tensor_sha256,6be8a194f257b1d6a24c9e789f5fb17cdf00dd9fdb0e0ad07b8fe84e0c965627,123ea5ce324bb82567913e1514a410f2bb582a6d8528a6ea98fbb2b74646f92c,a789b01b17129967eecd25421cde715dc938f6e3b95b30f735ff978f0882361e,0.0,0.24189194664359093,0.0,0.6065389607101679,0.1367491204291582,0.789727782830596,0.17909007146954536,1.9539978820830584,0.25377701967954636,0.271880067884922,9.651117026805878,931.3715677708387,5056.368641555309,232500,500,,2.793683898093503,,False,False,ok
BNCI2014_001,fixed_spectral_normalized_power_s1,fixed,spectral,normalized_power,8,6398,466,500,500,1.0,22,253,0.00034615130284489743,0.01860514183888146,7.615081699020045,0.74142657346225,25.857342653775,25.857342653775,0.00048025720557575254,2.793683898093503,7.056304778756223e-05,0.0002858434613508436,0.005999330537284152,1.8562695198241875e-05,188.24073761048203,5.716247880429665,0.03017952124818757,0.09236224807369398,0.1459989447547685,6398,2b1b45e4e4a812f6d748c2c175962332f0dbca2acd50b6a4d146c963428b0e9a,full_tensor_sha256,6be8a194f257b1d6a24c9e789f5fb17cdf00dd9fdb0e0ad07b8fe84e0c965627,123ea5ce324bb82567913e1514a410f2bb582a6d8528a6ea98fbb2b74646f92c,a789b01b17129967eecd25421cde715dc938f6e3b95b30f735ff978f0882361e,0.0,0.23566489107906818,0.0,0.577244907617569,0.14184392057359219,0.759531045332551,0.18515507690608501,1.8994398415088654,0.25377701967954636,0.271880067884922,9.660667972639203,933.2710076123476,5066.0293095279485,233000,500,,2.793683898093503,,False,False,ok
BNCI2014_001,fixed_spectral_normalized_power_s1,fixed,spectral,normalized_power,8,6398,467,500,500,1.0,22,253,0.00033483948265928534,0.018298619692733255,7.615373374202024,0.7414549718090158,25.85450281909842,25.85450281909842,0.0004721225504296556,2.793683898093503,6.860647089495644e-05,0.00027622299861779014,0.0057981464646255235,1.8612101424613327e-05,188.240737610482,5.716247880429664,0.03017952124818757,0.09236224807369398,0.1459989447547685,6398,2b1b45e4e4a812f6d748c2c175962332f0dbca2acd50b6a4d146c963428b0e9a,full_tensor_sha256,6be8a194f257b1d6a24c9e789f5fb17cdf00dd9fdb0e0ad07b8fe84e0c965627,123ea5ce324bb82567913e1514a410f2bb582a6d8528a6ea98fbb2b74646f92c,a789b01b17129967eecd25421cde715dc938f6e3b95b30f735ff978f0882361e,0.0,0.2597309648990631,0.0,0.6338080856949091,0.14373497106134892,0.8329958654940128,0.18596788868308067,2.0562377758324146,0.25377701967954636,0.271880067884922,11.452005943283439,935.32724538818,5077.481315471232,233500,500,,2.793683898093503,,False,False,ok
BNCI2014_001,fixed_spectral_normalized_power_s1,fixed,spectral,normalized_power,8,6398,468,500,500,1.0,22,253,0.0003461492678583968,0.01860508714998123,7.615135256753658,0.741431787999465,25.8568212000535,25.8568212000535,0.00048027108353806215,2.793683898093503,7.056515585776806e-05,0.0002858375752835644,0.005998966822226051,1.8540555102953507e-05,188.240737610482,5.716247880429664,0.03017952124818757,0.09236224807369398,0.1459989447547685,6398,2b1b45e4e4a812f6d748c2c175962332f0dbca2acd50b6a4d146c963428b0e9a,full_tensor_sha256,6be8a194f257b1d6a24c9e789f5fb17cdf00dd9fdb0e0ad07b8fe84e0c965627,123ea5ce324bb82567913e1514a410f2bb582a6d8528a6ea98fbb2b74646f92c,a789b01b17129967eecd25421cde715dc938f6e3b95b30f735ff978f0882361e,0.0,0.2617589198052883,0.0,0.7208338938653469,0.15423703007400036,0.7796960417181253,0.20795618183910847,2.1244820673018694,0.25377701967954636,0.271880067884922,9.735499043017626,937.4517274554819,5087.21681451425,234000,500,,2.793683898093503,,False,False,ok
BNCI2014_001,fixed_spectral_normalized_power_s1,fixed,spectral,normalized_power,8,6398,469,500,500,1.0,22,253,0.00033483792141477265,0.018298577032511917,7.615395324683925,0.7414571089719807,25.854289102801932,25.854289102801932,0.0004721057232893211,2.793683898093503,6.860393547280974e-05,0.00027620072235642873,0.005797384504366223,1.8565891539578456e-05,188.24073761048203,5.716247880429664,0.03017952124818757,0.09236224807369398,0.1459989447547685,6398,2b1b45e4e4a812f6d748c2c175962332f0dbca2acd50b6a4d146c963428b0e9a,full_tensor_sha256,6be8a194f257b1d6a24c9e789f5fb17cdf00dd9fdb0e0ad07b8fe84e0c965627,123ea5ce324bb82567913e1514a410f2bb582a6d8528a6ea98fbb2b74646f92c,a789b01b17129967eecd25421cde715dc938f6e3b95b30f735ff978f0882361e,0.0,0.23277383297681808,0.0,0.5907509475946426,0.1371221151202917,0.6562471389770508,0.18118787556886673,1.79808191023767,0.25377701967954636,0.271880067884922,10.219063144177198,939.2498093657196,5097.435877658427,234500,500,,2.793683898093503,,False,False,ok
BNCI2014_001,fixed_spectral_normalized_power_s1,fixed,spectral,normalized_power,8,6398,470,500,500,1.0,22,253,0.00034614719912686717,0.018605031554041158,7.615142161341973,0.7414324602503296,25.85675397496704,25.85675397496704,0.0004802538660029456,2.7936838980935024,7.055313571055675e-05,0.000285839104733132,0.005999031788214667,1.8547865106842713e-05,188.24073761048203,5.716247880429664,0.03017952124818757,0.09236224807369398,0.1459989447547685,6398,2b1b45e4e4a812f6d748c2c175962332f0dbca2acd50b6a4d146c963428b0e9a,full_tensor_sha256,6be8a194f257b1d6a24c9e789f5fb17cdf00dd9fdb0e0ad07b8fe84e0c965627,123ea5ce324bb82567913e1514a410f2bb582a6d8528a6ea98fbb2b74646f92c,a789b01b17129967eecd25421cde715dc938f6e3b95b30f735ff978f0882361e,0.0,0.23210002109408379,0.0,0.5784379318356514,0.1346510834991932,0.751744955778122,0.16928184777498245,1.8662158399820328,0.25377701967954636,0.271880067884922,9.8764318972826,941.1160252057016,5107.312309555709,235000,500,,2.793683898093503,,False,False,ok
BNCI2014_001,fixed_spectral_normalized_power_s1,fixed,spectral,normalized_power,8,6398,471,500,500,1.0,22,253,0.0003348362146164388,0.0182985303949918,7.615419475021298,0.741459460319293,25.854053968070698,25.854053968070698,0.0004721116050500824,2.793683898093503,6.859344577359651e-05,0.0002762400442114388,0.005798574180352418,1.858499761180741e-05,188.240737610482,5.716247880429664,0.03017952124818757,0.09236224807369398,0.1459989447547685,6398,2b1b45e4e4a812f6d748c2c175962332f0dbca2acd50b6a4d146c963428b0e9a,full_tensor_sha256,6be8a194f257b1d6a24c9e789f5fb17cdf00dd9fdb0e0ad07b8fe84e0c965627,123ea5ce324bb82567913e1514a410f2bb582a6d8528a6ea98fbb2b74646f92c,a789b01b17129967eecd25421cde715dc938f6e3b95b30f735ff978f0882361e,0.0,0.24078809656202793,0.0,0.5675139836966991,0.13402500189840794,0.6130170077085495,0.16975705511868,1.7251011449843645,0.25377701967954636,0.271880067884922,9.400506969541311,942.841126350686,5116.712816525251,235500,500,,2.793683898093503,,False,False,ok
BNCI2014_001,fixed_spectral_normalized_power_s1,fixed,spectral,normalized_power,8,6398,472,500,500,1.0,22,253,0.0003461452026005951,0.01860497789841727,7.615179731642002,0.7414361182043627,25.856388179563723,25.856388179563723,0.00048026527169984894,2.793683898093503,7.055663391780758e-05,0.00028583260801675383,0.005998829513446545,1.8501957334958206e-05,188.240737610482,5.716247880429664,0.03017952124818757,0.09236224807369398,0.1459989447547685,6398,2b1b45e4e4a812f6d748c2c175962332f0dbca2acd50b6a4d146c963428b0e9a,full_tensor_sha256,6be8a194f257b1d6a24c9e789f5fb17cdf00dd9fdb0e0ad07b8fe84e0c965627,123ea5ce324bb82567913e1514a410f2bb582a6d8528a6ea98fbb2b74646f92c,a789b01b17129967eecd25421cde715dc938f6e3b95b30f735ff978f0882361e,0.0,0.23109395988285542,0.0,0.5631269887089729,0.13922806829214096,0.6566841620951891,0.16770698130130768,1.757840160280466,0.25377701967954636,0.271880067884922,9.288300992920995,944.5989665109664,5126.001117518172,236000,500,,2.793683898093503,,False,False,ok
BNCI2014_001,fixed_spectral_normalized_power_s1,fixed,spectral,normalized_power,8,6398,473,500,500,1.0,22,253,0.0003348347149788862,0.018298489417951588,7.6154532191393844,0.7414627457450883,25.853725425491167,25.853725425491167,0.0004721135811401884,2.793683898093503,6.85969625563951e-05,0.0002762051654473343,0.005797489131242898,1.8534296953991073e-05,188.240737610482,5.716247880429664,0.03017952124818757,0.09236224807369398,0.1459989447547685,6398,2b1b45e4e4a812f6d748c2c175962332f0dbca2acd50b6a4d146c963428b0e9a,full_tensor_sha256,6be8a194f257b1d6a24c9e789f5fb17cdf00dd9fdb0e0ad07b8fe84e0c965627,123ea5ce324bb82567913e1514a410f2bb582a6d8528a6ea98fbb2b74646f92c,a789b01b17129967eecd25421cde715dc938f6e3b95b30f735ff978f0882361e,0.0,0.2484428696334362,0.0,0.863686902448535,0.1623930875211954,0.8176290430128574,0.20472216419875622,2.2968740668147802,0.25377701967954636,0.271880067884922,10.359616950154305,946.8958405777812,5136.360734468326,236500,500,,2.793683898093503,,False,False,ok
BNCI2014_001,fixed_spectral_normalized_power_s1,fixed,spectral,normalized_power,8,6398,474,500,500,1.0,22,253,0.00034614311012424114,0.01860492166401786,7.6151840057549665,0.741436534344472,25.8563465655528,25.8563465655528,0.0004802580808121287,2.793683898093503,7.054372150995633e-05,0.00028584182154904706,0.005999152549096893,1.853706397746573e-05,188.24073761048203,5.716247880429664,0.03017952124818757,0.09236224807369398,0.1459989447547685,6398,2b1b45e4e4a812f6d748c2c175962332f0dbca2acd50b6a4d146c963428b0e9a,full_tensor_sha256,6be8a194f257b1d6a24c9e789f5fb17cdf00dd9fdb0e0ad07b8fe84e0c965627,123ea5ce324bb82567913e1514a410f2bb582a6d8528a6ea98fbb2b74646f92c,a789b01b17129967eecd25421cde715dc938f6e3b95b30f735ff978f0882361e,0.0,0.23177312687039375,0.0,0.5600270815193653,0.1317418646067381,0.5934361834079027,0.16976892948150635,1.6867471858859062,0.25377701967954636,0.271880067884922,9.23260604031384,948.5825877636671,5145.59334050864,237000,500,,2.793683898093503,,False,False,ok
BNCI2014_001,fixed_spectral_normalized_power_s1,fixed,spectral,normalized_power,8,6398,475,500,500,1.0,22,253,0.0003348332479666832,0.018298449332298166,7.615490611650268,0.7414663863890516,25.853361361094844,25.853361361094844,0.00047210800955390606,2.793683898093503,6.858517543446366e-05,0.0002762386388437576,0.005798605310072927,1.853967956539712e-05,188.240737610482,5.716247880429664,0.03017952124818757,0.09236224807369398,0.1459989447547685,6398,2b1b45e4e4a812f6d748c2c175962332f0dbca2acd50b6a4d146c963428b0e9a,full_tensor_sha256,6be8a194f257b1d6a24c9e789f5fb17cdf00dd9fdb0e0ad07b8fe84e0c965627,123ea5ce324bb82567913e1514a410f2bb582a6d8528a6ea98fbb2b74646f92c,a789b01b17129967eecd25421cde715dc938f6e3b95b30f735ff978f0882361e,0.0,0.23483694531023502,0.0,0.5609910003840923,0.13123592361807823,0.6778000388294458,0.16540708020329475,1.7702709883451462,0.25377701967954636,0.271880067884922,9.59617318585515,950.3528587520123,5155.189513694495,237500,500,,2.793683898093503,,False,False,ok
BNCI2014_001,fixed_spectral_normalized_power_s1,fixed,spectral,normalized_power,8,6398,476,500,500,1.0,22,253,0.0003461410186348155,0.018604865455971873,7.6152396728254,0.7414419542528745,25.855804574712554,25.855804574712554,0.0004802597317197679,2.793683898093503,7.054508582630919e-05,0.0002858502367414725,0.005999390708024316,1.850456626469693e-05,188.240737610482,5.716247880429664,0.03017952124818757,0.09236224807369398,0.1459989447547685,6398,2b1b45e4e4a812f6d748c2c175962332f0dbca2acd50b6a4d146c963428b0e9a,full_tensor_sha256,6be8a194f257b1d6a24c9e789f5fb17cdf00dd9fdb0e0ad07b8fe84e0c965627,123ea5ce324bb82567913e1514a410f2bb582a6d8528a6ea98fbb2b74646f92c,a789b01b17129967eecd25421cde715dc938f6e3b95b30f735ff978f0882361e,0.0,0.23202085867524147,0.0,0.5671901162713766,0.14153611846268177,0.7733330130577087,0.18044700846076012,1.8945271149277687,0.25377701967954636,0.271880067884922,9.679024806246161,952.24738586694,5164.868538500741,238000,500,,2.793683898093503,,False,False,ok
BNCI2014_001,fixed_spectral_normalized_power_s1,fixed,spectral,normalized_power,8,6398,477,500,500,1.0,22,253,0.00033483207423914567,0.018298417260494027,7.615499315539223,0.7414672338250764,25.85327661749235,25.85327661749235,0.0004721112499320012,2.793683898093503,6.858775782060617e-05,0.0002762285653810335,0.005798262722985243,1.853335055399814e-05,188.240737610482,5.716247880429664,0.03017952124818757,0.09236224807369398,0.1459989447547685,6398,2b1b45e4e4a812f6d748c2c175962332f0dbca2acd50b6a4d146c963428b0e9a,full_tensor_sha256,6be8a194f257b1d6a24c9e789f5fb17cdf00dd9fdb0e0ad07b8fe84e0c965627,123ea5ce324bb82567913e1514a410f2bb582a6d8528a6ea98fbb2b74646f92c,a789b01b17129967eecd25421cde715dc938f6e3b95b30f735ff978f0882361e,0.0,0.23341202177107334,0.0,0.582363922148943,0.13609393499791622,0.7536951452493668,0.16999803483486176,1.875563059002161,0.25377701967954636,0.271880067884922,11.796917067840695,954.1229489259422,5176.665455568582,238500,500,,2.793683898093503,,False,False,ok
BNCI2014_001,fixed_spectral_normalized_power_s1,fixed,spectral,normalized_power,8,6398,478,500,500,1.0,22,253,0.0003461388041390281,0.018604805941987896,7.615244055841511,0.7414423809961118,25.855761900388824,25.855761900388824,0.0004802595214059091,2.793683898093503,7.05379140841531e-05,0.0002858354924261205,0.0059989243503390105,1.8507840885466154e-05,188.24073761048203,5.716247880429665,0.03017952124818757,0.09236224807369398,0.1459989447547685,6398,2b1b45e4e4a812f6d748c2c175962332f0dbca2acd50b6a4d146c963428b0e9a,full_tensor_sha256,6be8a194f257b1d6a24c9e789f5fb17cdf00dd9fdb0e0ad07b8fe84e0c965627,123ea5ce324bb82567913e1514a410f2bb582a6d8528a6ea98fbb2b74646f92c,a789b01b17129967eecd25421cde715dc938f6e3b95b30f735ff978f0882361e,0.0,0.2509199548512697,0.0,0.6120807956904173,0.1404180657118559,0.7199130486696959,0.18131989054381847,1.9046517554670572,0.25377701967954636,0.271880067884922,12.059316970407963,956.0276006814092,5188.72477253899,239000,500,,2.793683898093503,,False,False,ok
BNCI2014_001,fixed_spectral_normalized_power_s1,fixed,spectral,normalized_power,8,6398,479,500,500,1.0,22,253,0.0003348309435757191,0.018298386365352522,7.615549813603929,0.7414721504639992,25.852784953600082,25.852784953600082,0.0004721152437483475,2.793683898093503,6.857901480340555e-05,0.00027622467143580555,0.005798088128342578,1.853780080157202e-05,188.240737610482,5.716247880429665,0.03017952124818757,0.09236224807369398,0.1459989447547685,6398,2b1b45e4e4a812f6d748c2c175962332f0dbca2acd50b6a4d146c963428b0e9a,full_tensor_sha256,6be8a194f257b1d6a24c9e789f5fb17cdf00dd9fdb0e0ad07b8fe84e0c965627,123ea5ce324bb82567913e1514a410f2bb582a6d8528a6ea98fbb2b74646f92c,a789b01b17129967eecd25421cde715dc938f6e3b95b30f735ff978f0882361e,0.0,0.2538939006626606,0.0,0.6112228147685528,0.13873516581952572,0.6696991622447968,0.1834810245782137,1.8570320680737495,0.25377701967954636,0.271880067884922,10.87815291248262,957.884632749483,5199.602925451472,239500,500,,2.793683898093503,,False,False,ok
BNCI2014_001,fixed_spectral_normalized_power_s1,fixed,spectral,normalized_power,8,6398,480,500,500,1.0,22,253,0.00034613649508351,0.018604743886533617,7.615307315648141,0.7414485401554645,25.855145984453554,25.855145984453554,0.00048025576470476686,2.793683898093503,7.053845615763549e-05,0.00028583162185997325,0.00599885622907337,1.851043026670527e-05,188.240737610482,5.716247880429665,0.03017952124818757,0.09236224807369398,0.1459989447547685,6398,2b1b45e4e4a812f6d748c2c175962332f0dbca2acd50b6a4d146c963428b0e9a,full_tensor_sha256,6be8a194f257b1d6a24c9e789f5fb17cdf00dd9fdb0e0ad07b8fe84e0c965627,123ea5ce324bb82567913e1514a410f2bb582a6d8528a6ea98fbb2b74646f92c,a789b01b17129967eecd25421cde715dc938f6e3b95b30f735ff978f0882361e,0.0,0.2311989665031433,0.0,0.5688010714948177,0.14301296323537827,0.6464871112257242,0.16422895714640617,1.7537290696054697,0.25377701967954636,0.271880067884922,10.06817095912993,959.6383618190885,5209.671096410602,240000,500,,2.793683898093503,,False,False,ok
BNCI2014_001,fixed_spectral_normalized_power_s1,fixed,spectral,normalized_power,8,6398,481,500,500,1.0,22,253,0.000334829736674659,0.01829835338697608,7.615554762965126,0.7414726323482466,25.85273676517534,25.85273676517534,0.00047210770218334433,2.793683898093503,6.857657831205024e-05,0.00027623840431392825,0.005798508095166906,1.8513508626578393e-05,188.24073761048203,5.716247880429664,0.03017952124818757,0.09236224807369398,0.1459989447547685,6398,2b1b45e4e4a812f6d748c2c175962332f0dbca2acd50b6a4d146c963428b0e9a,full_tensor_sha256,6be8a194f257b1d6a24c9e789f5fb17cdf00dd9fdb0e0ad07b8fe84e0c965627,123ea5ce324bb82567913e1514a410f2bb582a6d8528a6ea98fbb2b74646f92c,a789b01b17129967eecd25421cde715dc938f6e3b95b30f735ff978f0882361e,0.0,0.24290801957249641,0.0,0.592841999605298,0.13505807146430016,0.7690219208598137,0.17302087508141994,1.9128508865833282,0.25377701967954636,0.271880067884922,9.836844867095351,961.5512127056718,5219.507941277698,240500,500,,2.793683898093503,,False,False,ok
BNCI2014_001,fixed_spectral_normalized_power_s1,fixed,spectral,normalized_power,8,6398,482,500,500,1.0,22,253,0.00034613421125284676,0.0186046825087892,7.615298862501429,0.741447717132436,25.855228286756404,25.855228286756404,0.0004802587883092227,2.793683898093503,7.052923193433078e-05,0.00028584690850659003,0.005999151092852345,1.848680105936579e-05,188.240737610482,5.716247880429664,0.03017952124818757,0.09236224807369398,0.1459989447547685,6398,2b1b45e4e4a812f6d748c2c175962332f0dbca2acd50b6a4d146c963428b0e9a,full_tensor_sha256,6be8a194f257b1d6a24c9e789f5fb17cdf00dd9fdb0e0ad07b8fe84e0c965627,123ea5ce324bb82567913e1514a410f2bb582a6d8528a6ea98fbb2b74646f92c,a789b01b17129967eecd25421cde715dc938f6e3b95b30f735ff978f0882361e,0.0,0.22859382443130016,0.0,0.5584298633038998,0.13227504678070545,0.7468271069228649,0.16307691112160683,1.8292027525603771,0.25377701967954636,0.271880067884922,10.005319025367498,963.3804154582322,5229.513260303065,241000,500,,2.793683898093503,,False,False,ok
BNCI2014_001,fixed_spectral_normalized_power_s1,fixed,spectral,normalized_power,8,6398,483,500,500,1.0,22,253,0.000334828648763281,0.01829832365992254,7.615603488267988,0.7414773763859036,25.852262361409636,25.852262361409636,0.0004721201927166982,2.793683898093503,6.857180326845423e-05,0.0002762297204381801,0.005798195843314438,1.8578543204611992e-05,188.240737610482,5.716247880429664,0.03017952124818757,0.09236224807369398,0.1459989447547685,6398,2b1b45e4e4a812f6d748c2c175962332f0dbca2acd50b6a4d146c963428b0e9a,full_tensor_sha256,6be8a194f257b1d6a24c9e789f5fb17cdf00dd9fdb0e0ad07b8fe84e0c965627,123ea5ce324bb82567913e1514a410f2bb582a6d8528a6ea98fbb2b74646f92c,a789b01b17129967eecd25421cde715dc938f6e3b95b30f735ff978f0882361e,0.0,0.23582298308610916,0.0,0.5768148694187403,0.13378309085965157,0.8197941351681948,0.16925204545259476,1.9354671239852905,0.25377701967954636,0.271880067884922,12.136571109294891,965.3158825822175,5241.64983141236,241500,500,,2.793683898093503,,False,False,ok
BNCI2014_001,fixed_spectral_normalized_power_s1,fixed,spectral,normalized_power,8,6398,484,500,500,1.0,22,253,0.0003461320152888389,0.01860462349226232,7.615357011520037,0.7414533786905546,25.85466213094454,25.85466213094454,0.00048025775286306594,2.793683898093503,7.053082873175086e-05,0.00028582534226426833,0.0059985791460860855,1.8487842251219212e-05,188.24073761048203,5.716247880429665,0.03017952124818757,0.09236224807369398,0.1459989447547685,6398,2b1b45e4e4a812f6d748c2c175962332f0dbca2acd50b6a4d146c963428b0e9a,full_tensor_sha256,6be8a194f257b1d6a24c9e789f5fb17cdf00dd9fdb0e0ad07b8fe84e0c965627,123ea5ce324bb82567913e1514a410f2bb582a6d8528a6ea98fbb2b74646f92c,a789b01b17129967eecd25421cde715dc938f6e3b95b30f735ff978f0882361e,0.0,0.261818990111351,0.0,0.6399580743163824,0.14299503527581692,0.7105888798832893,0.19269296899437904,1.9480539485812187,0.25377701967954636,0.271880067884922,9.89538012072444,967.2639365307987,5251.5452115330845,242000,500,,2.793683898093503,,False,False,ok
BNCI2014_001,fixed_spectral_normalized_power_s1,fixed,spectral,normalized_power,8,6398,485,500,500,1.0,22,253,0.00033482752947399546,0.01829829307542087,7.615612314823123,0.7414782357650657,25.852176423493432,25.852176423493432,0.00047210620311140565,2.793683898093503,6.857085235163598e-05,0.0002762201306415178,0.0057978796044259335,1.8481745631872724e-05,188.24073761048203,5.716247880429664,0.03017952124818757,0.09236224807369398,0.1459989447547685,6398,2b1b45e4e4a812f6d748c2c175962332f0dbca2acd50b6a4d146c963428b0e9a,full_tensor_sha256,6be8a194f257b1d6a24c9e789f5fb17cdf00dd9fdb0e0ad07b8fe84e0c965627,123ea5ce324bb82567913e1514a410f2bb582a6d8528a6ea98fbb2b74646f92c,a789b01b17129967eecd25421cde715dc938f6e3b95b30f735ff978f0882361e,0.0,0.23336801677942276,0.0,0.5791480652987957,0.13557705096900463,0.7815440185368061,0.16926811076700687,1.898905262351036,0.25377701967954636,0.271880067884922,9.811949916183949,969.1628417931497,5261.3571614492685,242500,500,,2.793683898093503,,False,False,ok
BNCI2014_001,fixed_spectral_normalized_power_s1,fixed,spectral,normalized_power,8,6398,486,500,500,1.0,22,253,0.00034612970712662785,0.01860456146020722,7.61535567252594,0.7414532483221824,25.854675167781764,25.854675167781764,0.0004802556310425176,2.793683898093503,7.051719483963104e-05,0.00028585512289805545,0.005999352638827196,1.849809630222328e-05,188.240737610482,5.716247880429664,0.03017952124818757,0.09236224807369398,0.1459989447547685,6398,2b1b45e4e4a812f6d748c2c175962332f0dbca2acd50b6a4d146c963428b0e9a,full_tensor_sha256,6be8a194f257b1d6a24c9e789f5fb17cdf00dd9fdb0e0ad07b8fe84e0c965627,123ea5ce324bb82567913e1514a410f2bb582a6d8528a6ea98fbb2b74646f92c,a789b01b17129967eecd25421cde715dc938f6e3b95b30f735ff978f0882361e,0.0,0.2293901052325964,0.0,0.5524419248104095,0.1392480917274952,0.7254278752952814,0.1694138627499342,1.8159218598157167,0.25377701967954636,0.271880067884922,9.42037790082395,970.9787636529654,5270.777539350092,243000,500,,2.793683898093503,,False,False,ok
BNCI2014_001,fixed_spectral_normalized_power_s1,fixed,spectral,normalized_power,8,6398,487,500,500,1.0,22,253,0.0003348262048028393,0.018298256878807862,7.6156564056390215,0.7414825285755495,25.85174714244505,25.85174714244505,0.00047212215679092877,2.793683898093503,6.856272031129357e-05,0.0002762508793939768,0.005798880169694478,1.8536841919957053e-05,188.240737610482,5.716247880429664,0.03017952124818757,0.09236224807369398,0.1459989447547685,6398,2b1b45e4e4a812f6d748c2c175962332f0dbca2acd50b6a4d146c963428b0e9a,full_tensor_sha256,6be8a194f257b1d6a24c9e789f5fb17cdf00dd9fdb0e0ad07b8fe84e0c965627,123ea5ce324bb82567913e1514a410f2bb582a6d8528a6ea98fbb2b74646f92c,a789b01b17129967eecd25421cde715dc938f6e3b95b30f735ff978f0882361e,0.0,0.24046888574957848,0.0,0.5908100865781307,0.13337098062038422,0.6287118885666132,0.1775030978024006,1.7708649393171072,0.25377701967954636,0.271880067884922,10.225896956399083,972.7496285922825,5281.0034363064915,243500,500,,2.793683898093503,,False,False,ok
BNCI2014_001,fixed_spectral_normalized_power_s1,fixed,spectral,normalized_power,8,6398,488,500,500,1.0,22,253,0.00034612758147141095,0.01860450433286012,7.615409950676818,0.7414585330013244,25.854146699867567,25.854146699867567,0.00048025956134691445,2.793683898093503,7.052217586658212e-05,0.0002858408416262715,0.0059991072322799315,1.8464259206785083e-05,188.240737610482,5.716247880429664,0.03017952124818757,0.09236224807369398,0.1459989447547685,6398,2b1b45e4e4a812f6d748c2c175962332f0dbca2acd50b6a4d146c963428b0e9a,full_tensor_sha256,6be8a194f257b1d6a24c9e789f5fb17cdf00dd9fdb0e0ad07b8fe84e0c965627,123ea5ce324bb82567913e1514a410f2bb582a6d8528a6ea98fbb2b74646f92c,a789b01b17129967eecd25421cde715dc938f6e3b95b30f735ff978f0882361e,0.0,0.2572478260844946,0.0,0.6255968473851681,0.1389109529554844,0.8141491562128067,0.18893787637352943,2.024842659011483,0.25377701967954636,0.271880067884922,9.454550920054317,974.774471251294,5290.457987226546,244000,500,,2.793683898093503,,False,False,ok
BNCI2014_001,fixed_spectral_normalized_power_s1,fixed,spectral,normalized_power,8,6398,489,500,500,1.0,22,253,0.00033482497911067075,0.018298223386729946,7.615672792649609,0.7414841240627142,25.851587593728574,25.851587593728574,0.00047210772777837406,2.793683898093503,6.856340169161735e-05,0.00027621979738186943,0.005797815678364676,1.8495499513116144e-05,188.24073761048203,5.716247880429665,0.03017952124818757,0.09236224807369398,0.1459989447547685,6398,2b1b45e4e4a812f6d748c2c175962332f0dbca2acd50b6a4d146c963428b0e9a,full_tensor_sha256,6be8a194f257b1d6a24c9e789f5fb17cdf00dd9fdb0e0ad07b8fe84e0c965627,123ea5ce324bb82567913e1514a410f2bb582a6d8528a6ea98fbb2b74646f92c,a789b01b17129967eecd25421cde715dc938f6e3b95b30f735ff978f0882361e,0.0,0.2466319128870964,0.0,0.74202218092978,0.17126789316534996,0.9054781403392553,0.2121159341186285,2.27751606144011,0.25377701967954636,0.271880067884922,10.821623029187322,977.0519873127341,5301.279610255733,244500,500,,2.793683898093503,,False,False,ok
BNCI2014_001,fixed_spectral_normalized_power_s1,fixed,spectral,normalized_power,8,6398,490,500,500,1.0,22,253,0.0003461254017503899,0.01860444575230313,7.615406215233788,0.7414581693076917,25.854183069230825,25.854183069230825,0.00048025715673939804,2.793683898093503,7.05100433049707e-05,0.000285840575462303,0.005998864761093433,1.8479228745671063e-05,188.240737610482,5.716247880429664,0.03017952124818757,0.09236224807369398,0.1459989447547685,6398,2b1b45e4e4a812f6d748c2c175962332f0dbca2acd50b6a4d146c963428b0e9a,full_tensor_sha256,6be8a194f257b1d6a24c9e789f5fb17cdf00dd9fdb0e0ad07b8fe84e0c965627,123ea5ce324bb82567913e1514a410f2bb582a6d8528a6ea98fbb2b74646f92c,a789b01b17129967eecd25421cde715dc938f6e3b95b30f735ff978f0882361e,0.0,0.2375519834458828,0.0,0.5918778479099274,0.14425115659832954,0.7941978983581066,0.1870589330792427,1.954937819391489,0.25377701967954636,0.271880067884922,10.274456115439534,979.0069251321256,5311.554066371173,245000,500,,2.793683898093503,,False,False,ok
BNCI2014_001,fixed_spectral_normalized_power_s1,fixed,spectral,normalized_power,8,6398,491,500,500,1.0,22,253,0.0003348239843733475,0.01829819620545554,7.615719726281682,0.7414886936580756,25.85113063419244,25.85113063419244,0.00047211725950469327,2.793683898093503,6.855515995274558e-05,0.0002762483489058822,0.005798745778485367,1.8512571031564117e-05,188.240737610482,5.716247880429664,0.03017952124818757,0.09236224807369398,0.1459989447547685,6398,2b1b45e4e4a812f6d748c2c175962332f0dbca2acd50b6a4d146c963428b0e9a,full_tensor_sha256,6be8a194f257b1d6a24c9e789f5fb17cdf00dd9fdb0e0ad07b8fe84e0c965627,123ea5ce324bb82567913e1514a410f2bb582a6d8528a6ea98fbb2b74646f92c,a789b01b17129967eecd25421cde715dc938f6e3b95b30f735ff978f0882361e,0.0,0.23979810066521168,0.0,0.5981482099741697,0.13500801287591457,0.6445450708270073,0.17539504915475845,1.7928944434970617,0.25377701967954636,0.271880067884922,9.452770929783583,980.7998195756227,5321.006837300956,245500,500,,2.793683898093503,,False,False,ok
BNCI2014_001,fixed_spectral_normalized_power_s1,fixed,spectral,normalized_power,8,6398,492,500,500,1.0,22,253,0.0003461233536559529,0.018604390709075987,7.615458915382448,0.7414633003479335,25.853669965206652,25.853669965206652,0.00048025597070404564,2.793683898093503,7.051316356716304e-05,0.00028585294657125444,0.005999470737151169,1.8437765099535776e-05,188.240737610482,5.716247880429665,0.03017952124818757,0.09236224807369398,0.1459989447547685,6398,2b1b45e4e4a812f6d748c2c175962332f0dbca2acd50b6a4d146c963428b0e9a,full_tensor_sha256,6be8a194f257b1d6a24c9e789f5fb17cdf00dd9fdb0e0ad07b8fe84e0c965627,123ea5ce324bb82567913e1514a410f2bb582a6d8528a6ea98fbb2b74646f92c,a789b01b17129967eecd25421cde715dc938f6e3b95b30f735ff978f0882361e,0.0,0.22922991774976254,0.0,0.5564489401876926,0.13014022260904312,0.5823720712214708,0.16319099813699722,1.6613821499049664,0.25377701967954636,0.271880067884922,9.485810063779354,982.4612017255276,5330.492647364736,246000,500,,2.793683898093503,,False,False,ok
BNCI2014_001,fixed_spectral_normalized_power_s1,fixed,spectral,normalized_power,8,6398,493,500,500,1.0,22,253,0.00033482291994641313,0.01829816711986239,7.615728606170947,0.7414895582300041,25.851044176999586,25.851044176999586,0.0004721104931110198,2.793683898093503,6.855228734164857e-05,0.000276239549243781,0.0057983320002977234,1.8480699804336034e-05,188.240737610482,5.716247880429664,0.03017952124818757,0.09236224807369398,0.1459989447547685,6398,2b1b45e4e4a812f6d748c2c175962332f0dbca2acd50b6a4d146c963428b0e9a,full_tensor_sha256,6be8a194f257b1d6a24c9e789f5fb17cdf00dd9fdb0e0ad07b8fe84e0c965627,123ea5ce324bb82567913e1514a410f2bb582a6d8528a6ea98fbb2b74646f92c,a789b01b17129967eecd25421cde715dc938f6e3b95b30f735ff978f0882361e,0.0,0.22706505842506886,0.0,0.55091199465096,0.13010087423026562,0.6232310552150011,0.16496004536747932,1.6962690278887749,0.25377701967954636,0.271880067884922,10.419773869216442,984.1574707534164,5340.912421233952,246500,500,,2.793683898093503,,False,False,ok
BNCI2014_001,fixed_spectral_normalized_power_s1,fixed,spectral,normalized_power,8,6398,494,500,500,1.0,22,253,0.0003461211703970162,0.018604332033078107,7.615461639404173,0.7414635655666367,25.853643443336328,25.853643443336328,0.0004802583548921821,2.793683898093503,7.050667973179893e-05,0.0002858256827764686,0.0059984263143017125,1.8475684563682066e-05,188.24073761048203,5.716247880429664,0.03017952124818757,0.09236224807369398,0.1459989447547685,6398,2b1b45e4e4a812f6d748c2c175962332f0dbca2acd50b6a4d146c963428b0e9a,full_tensor_sha256,6be8a194f257b1d6a24c9e789f5fb17cdf00dd9fdb0e0ad07b8fe84e0c965627,123ea5ce324bb82567913e1514a410f2bb582a6d8528a6ea98fbb2b74646f92c,a789b01b17129967eecd25421cde715dc938f6e3b95b30f735ff978f0882361e,0.0,0.24647312238812447,0.0,0.6035349797457457,0.13719312846660614,0.7415160071104765,0.17721299082040787,1.9059302285313606,0.25377701967954636,0.271880067884922,11.653374880552292,986.0634009819478,5352.565796114504,247000,500,,2.793683898093503,,False,False,ok
BNCI2014_001,fixed_spectral_normalized_power_s1,fixed,spectral,normalized_power,8,6398,495,500,500,1.0,22,253,0.0003348218174492447,0.018298136993946806,7.615773945332171,0.7414939725830312,25.85060274169688,25.85060274169688,0.0004721192005265862,2.793683898093503,6.854950282103914e-05,0.0002762346240498438,0.00579822629487234,1.849029779096074e-05,188.24073761048203,5.716247880429664,0.03017952124818757,0.09236224807369398,0.1459989447547685,6398,2b1b45e4e4a812f6d748c2c175962332f0dbca2acd50b6a4d146c963428b0e9a,full_tensor_sha256,6be8a194f257b1d6a24c9e789f5fb17cdf00dd9fdb0e0ad07b8fe84e0c965627,123ea5ce324bb82567913e1514a410f2bb582a6d8528a6ea98fbb2b74646f92c,a789b01b17129967eecd25421cde715dc938f6e3b95b30f735ff978f0882361e,0.0,0.26574498042464256,0.0,0.7281301077455282,0.1564419362694025,0.6739019881933928,0.18997490406036377,2.01419391669333,0.25377701967954636,0.271880067884922,10.218929033726454,988.0775948986411,5362.784725148231,247500,500,,2.793683898093503,,False,False,ok
BNCI2014_001,fixed_spectral_normalized_power_s1,fixed,spectral,normalized_power,8,6398,496,500,500,1.0,22,253,0.00034611908227365315,0.018604275913715457,7.615514012101689,0.7414686647252796,25.853133527472032,25.853133527472032,0.00048025284902194267,2.793683898093503,7.050506623527972e-05,0.00028584350125439057,0.005999077239463734,1.841733148697443e-05,188.240737610482,5.716247880429664,0.03017952124818757,0.09236224807369398,0.1459989447547685,6398,2b1b45e4e4a812f6d748c2c175962332f0dbca2acd50b6a4d146c963428b0e9a,full_tensor_sha256,6be8a194f257b1d6a24c9e789f5fb17cdf00dd9fdb0e0ad07b8fe84e0c965627,123ea5ce324bb82567913e1514a410f2bb582a6d8528a6ea98fbb2b74646f92c,a789b01b17129967eecd25421cde715dc938f6e3b95b30f735ff978f0882361e,0.0,0.23318897001445293,0.0,0.568656949326396,0.13446994125843048,0.5795210599899292,0.1654461957514286,1.6812831163406372,0.25377701967954636,0.271880067884922,9.403442032635212,989.7588780149817,5372.188167180866,248000,500,,2.793683898093503,,False,False,ok
BNCI2014_001,fixed_spectral_normalized_power_s1,fixed,spectral,normalized_power,8,6398,497,500,500,1.0,22,253,0.00033482058436644943,0.018298103299698835,7.615781959602903,0.7414947528758137,25.850524712418625,25.850524712418625,0.0004721109190919963,2.793683898093503,6.854240716267834e-05,0.0002762579135247929,0.0057988676943612144,1.8458334518516686e-05,188.240737610482,5.716247880429664,0.03017952124818757,0.09236224807369398,0.1459989447547685,6398,2b1b45e4e4a812f6d748c2c175962332f0dbca2acd50b6a4d146c963428b0e9a,full_tensor_sha256,6be8a194f257b1d6a24c9e789f5fb17cdf00dd9fdb0e0ad07b8fe84e0c965627,123ea5ce324bb82567913e1514a410f2bb582a6d8528a6ea98fbb2b74646f92c,a789b01b17129967eecd25421cde715dc938f6e3b95b30f735ff978f0882361e,0.0,0.22720289416611195,0.0,0.544627895578742,0.1293690875172615,0.6367240566760302,0.15890086069703102,1.6968247946351767,0.25377701967954636,0.271880067884922,10.147714987397194,991.4557028096169,5382.335882168263,248500,500,,2.793683898093503,,False,False,ok
BNCI2014_001,fixed_spectral_normalized_power_s1,fixed,spectral,normalized_power,8,6398,498,500,500,1.0,22,253,0.00034611687961729344,0.018604216716037614,7.615517082467307,0.741468963665035,25.853103633496502,25.853103633496502,0.0004802590723476962,2.793683898093503,7.049772609579685e-05,0.0002858369372091687,0.005998764036438004,1.8467125820536943e-05,188.240737610482,5.716247880429665,0.03017952124818757,0.09236224807369398,0.1459989447547685,6398,2b1b45e4e4a812f6d748c2c175962332f0dbca2acd50b6a4d146c963428b0e9a,full_tensor_sha256,6be8a194f257b1d6a24c9e789f5fb17cdf00dd9fdb0e0ad07b8fe84e0c965627,123ea5ce324bb82567913e1514a410f2bb582a6d8528a6ea98fbb2b74646f92c,a789b01b17129967eecd25421cde715dc938f6e3b95b30f735ff978f0882361e,0.0,0.22763200104236603,0.0,0.5434639751911163,0.13015908189117908,0.5792079027742147,0.16345595940947533,1.6439189203083515,0.25377701967954636,0.271880067884922,9.811159921810031,993.0996217299253,5392.147042090073,249000,500,,2.793683898093503,,False,False,ok
BNCI2014_001,fixed_spectral_normalized_power_s1,fixed,spectral,normalized_power,8,6398,499,500,500,1.0,22,253,0.0003348192298788192,0.018298066287966583,7.615823415069813,0.7414987891010306,25.85012108989694,25.85012108989694,0.000472121524443614,2.793683898093503,6.8543838846914e-05,0.00027622213089402393,0.005797757589171846,1.848854104270466e-05,188.24073761048203,5.716247880429664,0.03017952124818757,0.09236224807369398,0.1459989447547685,6398,2b1b45e4e4a812f6d748c2c175962332f0dbca2acd50b6a4d146c963428b0e9a,full_tensor_sha256,6be8a194f257b1d6a24c9e789f5fb17cdf00dd9fdb0e0ad07b8fe84e0c965627,123ea5ce324bb82567913e1514a410f2bb582a6d8528a6ea98fbb2b74646f92c,a789b01b17129967eecd25421cde715dc938f6e3b95b30f735ff978f0882361e,0.0,0.22796494886279106,0.0,0.5495580844581127,0.1294019166380167,0.618326012045145,0.16689812764525414,1.6921490896493196,0.25377701967954636,0.271880067884922,10.88090892881155,994.7917708195746,5403.027951018885,249500,500,,2.793683898093503,,False,False,ok
BNCI2014_001,fixed_spectral_normalized_power_s1,fixed,spectral,normalized_power,8,6398,500,500,500,1.0,22,253,0.00034611488449138146,0.018604163095699344,7.615571873181286,0.7414742982488159,25.8525701751184,25.8525701751184,0.00048025372850188163,2.793683898093503,7.0493408039664e-05,0.0002858454146296345,0.005998984950451671,1.8400320139484007e-05,188.240737610482,5.716247880429664,0.03017952124818757,0.09236224807369398,0.1459989447547685,6398,2b1b45e4e4a812f6d748c2c175962332f0dbca2acd50b6a4d146c963428b0e9a,full_tensor_sha256,6be8a194f257b1d6a24c9e789f5fb17cdf00dd9fdb0e0ad07b8fe84e0c965627,123ea5ce324bb82567913e1514a410f2bb582a6d8528a6ea98fbb2b74646f92c,a789b01b17129967eecd25421cde715dc938f6e3b95b30f735ff978f0882361e,0.0,0.26752310805022717,0.0,0.7272050715982914,0.16295001842081547,0.7333089597523212,0.21736696362495422,2.1083541214466095,0.25377701967954636,0.271880067884922,9.57972020842135,996.9001249410212,5412.607671227306,250000,500,,2.793683898093503,,False,False,ok
