dataset,phase,control,method,sampling,aggregation,reference,subject,seed,epoch,k,sigma,training_power_loss,rooted_distance,lew,relative_lew,lew_reduction_pct,gap_closure,raw_gradient_norm,applied_update_norm,mean_h,std_h,max_h,min_h,spectral_entropy,spectral_ess,spectral_max_weight,spectral_top5_weight,bank_seed,bank_hash,bank_hash_kind,target_projection_hash,direction_sampling_ms,source_projection_ms,target_projection_ms,wasserstein_1d_ms,sorting_aggregation_ms,backward_ms,optimizer_update_ms,total_optimization_epoch_ms,one_time_fixed_bank_sampling_ms,one_time_fixed_target_projection_ms,cumulative_optimization_ms,cumulative_evaluation_ms,cumulative_ambient_projection_count,cumulative_direction_draw_count,learning_rate,normalized_step_target,nan,diverged,status
Schirrmeister2017,development,normalized_update,fixed_spdsw_k40,fixed,uniform,False,2,6398,0,40,0.0,,,92.15362001420182,1.0,0.0,0.0,,,,,,,,,,,6398,346310c81af8a1637413a81c7ade937200c1c5f9bdeacce3d835fc535a2a280c,full_tensor_sha256,cb8e9199ffc4501e753bbedf6ed380330e9ce652c0dd95f3972f712c3c9392c9,0.0,0.0,0.0,0.0,0.0,0.0,0.0,0.0,79.53036483377218,46.359195141121745,125.88955997489393,168.9881149213761,40,40,,7.3473173386245945,False,False,initial
Schirrmeister2017,development,normalized_update,fixed_spdsw_k40,fixed,uniform,False,2,6398,1,40,0.0,0.002459739110766904,0.04959575698350519,,,,,0.0005510929894004216,7.347317338624594,0.002459739110766904,0.00361071401159667,0.016375585198938877,7.339846729932162e-05,3.6888794541139367,39.99999999999999,0.025,0.125,6398,346310c81af8a1637413a81c7ade937200c1c5f9bdeacce3d835fc535a2a280c,full_tensor_sha256,cb8e9199ffc4501e753bbedf6ed380330e9ce652c0dd95f3972f712c3c9392c9,0.0,1.0488028638064861,0.0,70.41867403313518,13.907259097322822,3.428341820836067,0.4186369478702545,89.2217147629708,79.53036483377218,46.359195141121745,215.11127473786473,168.9881149213761,80,40,,7.3473173386245945,False,False,ok
Schirrmeister2017,development,normalized_update,fixed_spdsw_k40,fixed,uniform,False,2,6398,2,40,0.0,8.353276897022353e-05,0.009139626303641934,,,,,9.949319184063929e-05,7.3473173386245945,8.353276897022353e-05,0.00010962936332606806,0.0005647112799609854,3.7322189292913687e-06,3.6888794541139367,39.99999999999999,0.025,0.125,6398,346310c81af8a1637413a81c7ade937200c1c5f9bdeacce3d835fc535a2a280c,full_tensor_sha256,cb8e9199ffc4501e753bbedf6ed380330e9ce652c0dd95f3972f712c3c9392c9,0.0,0.9727249853312969,0.0,0.6689680740237236,0.053799012675881386,1.5867429319769144,0.4132899921387434,3.6955249961465597,79.53036483377218,46.359195141121745,218.8067997340113,168.9881149213761,120,40,,7.3473173386245945,False,False,ok
Schirrmeister2017,development,normalized_update,fixed_spdsw_k40,fixed,uniform,False,2,6398,3,40,0.0,0.0008553310166474078,0.02924604275192471,,,,,0.0003211770069891687,7.347317338624595,0.0008553310166474078,0.00132164076289621,0.006522009365863089,3.1581417212098645e-05,3.6888794541139367,39.99999999999999,0.025,0.125,6398,346310c81af8a1637413a81c7ade937200c1c5f9bdeacce3d835fc535a2a280c,full_tensor_sha256,cb8e9199ffc4501e753bbedf6ed380330e9ce652c0dd95f3972f712c3c9392c9,0.0,0.9379149414598942,0.0,0.5406010895967484,0.04699104465544224,0.9683098178356886,0.38078916259109974,2.874606056138873,79.53036483377218,46.359195141121745,221.68140579015017,168.9881149213761,160,40,,7.3473173386245945,False,False,ok
Schirrmeister2017,development,normalized_update,fixed_spdsw_k40,fixed,uniform,False,2,6398,4,40,0.0,0.00012840146021542487,0.011331436811606234,,,,,0.0001255662909743663,7.347317338624595,0.00012840146021542487,0.0002107851402234388,0.0009037847753247448,4.605829395667284e-06,3.6888794541139367,39.99999999999999,0.025,0.125,6398,346310c81af8a1637413a81c7ade937200c1c5f9bdeacce3d835fc535a2a280c,full_tensor_sha256,cb8e9199ffc4501e753bbedf6ed380330e9ce652c0dd95f3972f712c3c9392c9,0.0,0.9265949483960867,0.0,0.5181001033633947,0.0459570437669754,0.9205189999192953,0.3803870640695095,2.7915581595152617,79.53036483377218,46.359195141121745,224.47296394966543,168.9881149213761,200,40,,7.3473173386245945,False,False,ok
Schirrmeister2017,development,normalized_update,fixed_spdsw_k40,fixed,uniform,False,2,6398,5,40,0.0,0.0008738585870737063,0.02956109921964517,,,,,0.0003294952908210468,7.347317338624595,0.0008738585870737063,0.0014726175598341802,0.0061716833202987,2.0926008790899943e-05,3.6888794541139367,39.99999999999999,0.025,0.125,6398,346310c81af8a1637413a81c7ade937200c1c5f9bdeacce3d835fc535a2a280c,full_tensor_sha256,cb8e9199ffc4501e753bbedf6ed380330e9ce652c0dd95f3972f712c3c9392c9,0.0,0.924800056964159,0.0,0.502411974593997,0.045103952288627625,0.8763070218265057,0.37538795731961727,2.7240109629929066,79.53036483377218,46.359195141121745,227.19697491265833,168.9881149213761,240,40,,7.3473173386245945,False,False,ok
Schirrmeister2017,development,normalized_update,fixed_spdsw_k40,fixed,uniform,False,2,6398,6,40,0.0,0.00013595611643127845,0.011660022145402574,,,,,0.0001308527636663872,7.3473173386245945,0.00013595611643127845,0.00023434327760643857,0.0010925344286215081,4.658666158951311e-06,3.6888794541139367,39.99999999999999,0.025,0.125,6398,346310c81af8a1637413a81c7ade937200c1c5f9bdeacce3d835fc535a2a280c,full_tensor_sha256,cb8e9199ffc4501e753bbedf6ed380330e9ce652c0dd95f3972f712c3c9392c9,0.0,0.9249309077858925,0.0,0.4983888939023018,0.04475098103284836,0.9284298866987228,0.37974794395267963,2.776248613372445,79.53036483377218,46.359195141121745,229.97322352603078,168.9881149213761,280,40,,7.3473173386245945,False,False,ok
Schirrmeister2017,development,normalized_update,fixed_spdsw_k40,fixed,uniform,False,2,6398,7,40,0.0,0.0008857566750086866,0.029761664520128683,,,,,0.00033576999413586724,7.3473173386245945,0.0008857566750086866,0.0015423248883409274,0.007295048160142511,2.7208294882942447e-05,3.6888794541139367,39.99999999999999,0.025,0.125,6398,346310c81af8a1637413a81c7ade937200c1c5f9bdeacce3d835fc535a2a280c,full_tensor_sha256,cb8e9199ffc4501e753bbedf6ed380330e9ce652c0dd95f3972f712c3c9392c9,0.0,0.9240349754691124,0.0,0.5052539054304361,0.04509394057095051,0.8771598804742098,0.3762119449675083,2.727754646912217,79.53036483377218,46.359195141121745,232.700978172943,168.9881149213761,320,40,,7.3473173386245945,False,False,ok
Schirrmeister2017,development,normalized_update,fixed_spdsw_k40,fixed,uniform,False,2,6398,8,40,0.0,0.00014215896989844157,0.011923043650781522,,,,,0.00013523038662127727,7.3473173386245945,0.00014215896989844157,0.0002415561364813344,0.0011602099639174066,4.55704878380909e-06,3.6888794541139367,39.99999999999999,0.025,0.125,6398,346310c81af8a1637413a81c7ade937200c1c5f9bdeacce3d835fc535a2a280c,full_tensor_sha256,cb8e9199ffc4501e753bbedf6ed380330e9ce652c0dd95f3972f712c3c9392c9,0.0,0.9255809709429741,0.0,0.4951809532940388,0.044360989704728127,0.9080220479518175,0.376902986317873,2.7500479482114315,79.53036483377218,46.359195141121745,235.45102612115443,168.9881149213761,360,40,,7.3473173386245945,False,False,ok
Schirrmeister2017,development,normalized_update,fixed_spdsw_k40,fixed,uniform,False,2,6398,9,40,0.0,0.0008966986093373847,0.029944926270361473,,,,,0.00034134480217699436,7.3473173386245945,0.0008966986093373847,0.001504548901402922,0.007141986197415979,2.7127591988102168e-05,3.6888794541139367,39.99999999999999,0.025,0.125,6398,346310c81af8a1637413a81c7ade937200c1c5f9bdeacce3d835fc535a2a280c,full_tensor_sha256,cb8e9199ffc4501e753bbedf6ed380330e9ce652c0dd95f3972f712c3c9392c9,0.0,0.9237979538738728,0.0,0.4935949109494686,0.045076943933963776,0.9133818093687296,0.3818850964307785,2.7577367145568132,79.53036483377218,46.359195141121745,238.20876283571124,168.9881149213761,400,40,,7.3473173386245945,False,False,ok
Schirrmeister2017,development,normalized_update,fixed_spdsw_k40,fixed,uniform,False,2,6398,10,40,0.0,0.00014755951042484054,0.012147407559839282,,,,,0.0001390716278593179,7.347317338624595,0.00014755951042484054,0.0002292429027154673,0.001037412291381986,4.4450172700396945e-06,3.6888794541139367,39.99999999999999,0.025,0.125,6398,346310c81af8a1637413a81c7ade937200c1c5f9bdeacce3d835fc535a2a280c,full_tensor_sha256,cb8e9199ffc4501e753bbedf6ed380330e9ce652c0dd95f3972f712c3c9392c9,0.0,0.923078041523695,0.0,0.4980030935257673,0.04313001409173012,0.8678999729454517,0.37799193523824215,2.7101030573248863,79.53036483377218,46.359195141121745,240.91886589303613,168.9881149213761,440,40,,7.3473173386245945,False,False,ok
Schirrmeister2017,development,normalized_update,fixed_spdsw_k40,fixed,uniform,False,2,6398,11,40,0.0,0.0009069327672911993,0.030115324459337962,,,,,0.0003464013208918651,7.347317338624594,0.0009069327672911993,0.0013669462252711277,0.005962610813522927,1.3404545713181111e-05,3.6888794541139367,39.99999999999999,0.025,0.125,6398,346310c81af8a1637413a81c7ade937200c1c5f9bdeacce3d835fc535a2a280c,full_tensor_sha256,cb8e9199ffc4501e753bbedf6ed380330e9ce652c0dd95f3972f712c3c9392c9,0.0,0.9251178707927465,0.0,0.4969150759279728,0.045168912038207054,0.8670380339026451,0.3773421049118042,2.7115819975733757,79.53036483377218,46.359195141121745,243.6304478906095,168.9881149213761,480,40,,7.3473173386245945,False,False,ok
Schirrmeister2017,development,normalized_update,fixed_spdsw_k40,fixed,uniform,False,2,6398,12,40,0.0,0.00015211703722162737,0.012333573578717052,,,,,0.00014233323573518988,7.3473173386245945,0.00015211703722162737,0.00020742730221699402,0.0007982134248153529,1.4929997632762827e-06,3.6888794541139367,39.99999999999999,0.025,0.125,6398,346310c81af8a1637413a81c7ade937200c1c5f9bdeacce3d835fc535a2a280c,full_tensor_sha256,cb8e9199ffc4501e753bbedf6ed380330e9ce652c0dd95f3972f712c3c9392c9,0.0,0.9244021493941545,0.0,0.49217697232961655,0.04443898797035217,0.9605169761925936,0.37698191590607166,2.7985170017927885,79.53036483377218,46.359195141121745,246.4289648924023,168.9881149213761,520,40,,7.3473173386245945,False,False,ok
Schirrmeister2017,development,normalized_update,fixed_spdsw_k40,fixed,uniform,False,2,6398,13,40,0.0,0.0009156865808593552,0.030260313627908007,,,,,0.0003506729623526739,7.3473173386245945,0.0009156865808593552,0.0012122719363338252,0.004335157412652711,4.939514320316711e-06,3.6888794541139367,39.99999999999999,0.025,0.125,6398,346310c81af8a1637413a81c7ade937200c1c5f9bdeacce3d835fc535a2a280c,full_tensor_sha256,cb8e9199ffc4501e753bbedf6ed380330e9ce652c0dd95f3972f712c3c9392c9,0.0,0.9239190258085728,0.0,0.4964962136000395,0.044289976358413696,0.8861781097948551,0.37574791349470615,2.726631239056587,79.53036483377218,46.359195141121745,249.15559613145888,168.9881149213761,560,40,,7.3473173386245945,False,False,ok
Schirrmeister2017,development,normalized_update,fixed_spdsw_k40,fixed,uniform,False,2,6398,14,40,0.0,0.00015562577808954592,0.012475006135852035,,,,,0.0001448476173120039,7.347317338624595,0.00015562577808954592,0.00019144519683725187,0.000625952005922583,2.4391812313143454e-06,3.6888794541139367,39.99999999999999,0.025,0.125,6398,346310c81af8a1637413a81c7ade937200c1c5f9bdeacce3d835fc535a2a280c,full_tensor_sha256,cb8e9199ffc4501e753bbedf6ed380330e9ce652c0dd95f3972f712c3c9392c9,0.0,0.9233299642801285,0.0,0.4899029154330492,0.045122113078832626,0.9409601334482431,0.37539401091635227,2.7747091371566057,79.53036483377218,46.359195141121745,251.93030526861548,168.9881149213761,600,40,,7.3473173386245945,False,False,ok
Schirrmeister2017,development,normalized_update,fixed_spdsw_k40,fixed,uniform,False,2,6398,15,40,0.0,0.0009223061978982467,0.030369494528197975,,,,,0.00035388965664656717,7.3473173386245945,0.0009223061978982467,0.001120307784853789,0.003905694675019497,1.0693458811294097e-05,3.6888794541139367,39.99999999999999,0.025,0.125,6398,346310c81af8a1637413a81c7ade937200c1c5f9bdeacce3d835fc535a2a280c,full_tensor_sha256,cb8e9199ffc4501e753bbedf6ed380330e9ce652c0dd95f3972f712c3c9392c9,0.0,0.9252240415662527,0.0,0.49743009731173515,0.044804997742176056,0.878811813890934,0.37497677840292454,2.7212477289140224,79.53036483377218,46.359195141121745,254.6515529975295,168.9881149213761,640,40,,7.3473173386245945,False,False,ok
Schirrmeister2017,development,normalized_update,fixed_spdsw_k40,fixed,uniform,False,2,6398,16,40,0.0,0.0001580486784523887,0.012571741265727222,,,,,0.00014658748823764261,7.3473173386245945,0.0001580486784523887,0.00018662249828624332,0.0007308392773515636,1.6159909552114838e-06,3.6888794541139367,39.99999999999999,0.025,0.125,6398,346310c81af8a1637413a81c7ade937200c1c5f9bdeacce3d835fc535a2a280c,full_tensor_sha256,cb8e9199ffc4501e753bbedf6ed380330e9ce652c0dd95f3972f712c3c9392c9,0.0,0.925048952922225,0.0,0.49080420285463333,0.044005922973155975,0.8944419678300619,0.37731812335550785,2.731619169935584,79.53036483377218,46.359195141121745,257.3831721674651,168.9881149213761,680,40,,7.3473173386245945,False,False,ok
Schirrmeister2017,development,normalized_update,fixed_spdsw_k40,fixed,uniform,False,2,6398,17,40,0.0,0.0009267949484717604,0.030443307121135188,,,,,0.0003560700399684088,7.347317338624595,0.0009267949484717604,0.0010960855191636358,0.004420431279947347,5.123576883293513e-06,3.6888794541139367,39.99999999999999,0.025,0.125,6398,346310c81af8a1637413a81c7ade937200c1c5f9bdeacce3d835fc535a2a280c,full_tensor_sha256,cb8e9199ffc4501e753bbedf6ed380330e9ce652c0dd95f3972f712c3c9392c9,0.0,0.9240370709449053,0.0,0.48005906865000725,0.04369392991065979,0.9203031659126282,0.37793884985148907,2.7460320852696896,79.53036483377218,46.359195141121745,260.1292042527348,168.9881149213761,720,40,,7.3473173386245945,False,False,ok
Schirrmeister2017,development,normalized_update,fixed_spdsw_k40,fixed,uniform,False,2,6398,18,40,0.0,0.00015959783378340764,0.01263320362312773,,,,,0.00014770183389428717,7.3473173386245945,0.00015959783378340764,0.00018807493728358014,0.0007980268264481958,1.1720468514201402e-06,3.6888794541139367,39.99999999999999,0.025,0.125,6398,346310c81af8a1637413a81c7ade937200c1c5f9bdeacce3d835fc535a2a280c,full_tensor_sha256,cb8e9199ffc4501e753bbedf6ed380330e9ce652c0dd95f3972f712c3c9392c9,0.0,0.9237530175596476,0.0,0.5039309617131948,0.04502013325691223,0.876160804182291,0.3769469913095236,2.7258119080215693,79.53036483377218,46.359195141121745,262.85501616075635,168.9881149213761,760,40,,7.3473173386245945,False,False,ok
Schirrmeister2017,development,normalized_update,fixed_spdsw_k40,fixed,uniform,False,2,6398,19,40,0.0,0.0009296488050172185,0.030490142751670064,,,,,0.000357454731254802,7.3473173386245945,0.0009296488050172185,0.0011025459120436688,0.0047346534396608755,3.4319753181565435e-06,3.6888794541139367,39.99999999999999,0.025,0.125,6398,346310c81af8a1637413a81c7ade937200c1c5f9bdeacce3d835fc535a2a280c,full_tensor_sha256,cb8e9199ffc4501e753bbedf6ed380330e9ce652c0dd95f3972f712c3c9392c9,0.0,0.9225148241966963,0.0,0.49640191718935966,0.04488998092710972,0.8828809950500727,0.3715099301189184,2.7181976474821568,79.53036483377218,46.359195141121745,265.5732138082385,168.9881149213761,800,40,,7.3473173386245945,False,False,ok
Schirrmeister2017,development,normalized_update,fixed_spdsw_k40,fixed,uniform,False,2,6398,20,40,0.0,0.00016055413762590095,0.012670995920838304,,,,,0.0001483912115947208,7.3473173386245945,0.00016055413762590095,0.00019072003088067843,0.0008364459855389414,6.499862678887201e-07,3.6888794541139367,39.99999999999999,0.025,0.125,6398,346310c81af8a1637413a81c7ade937200c1c5f9bdeacce3d835fc535a2a280c,full_tensor_sha256,cb8e9199ffc4501e753bbedf6ed380330e9ce652c0dd95f3972f712c3c9392c9,0.0,0.9226410184055567,0.0,0.5052159540355206,0.04525692202150822,0.9135128930211067,0.3763539716601372,2.7629807591438293,79.53036483377218,46.359195141121745,268.33619456738234,168.9881149213761,840,40,,7.3473173386245945,False,False,ok
Schirrmeister2017,development,normalized_update,fixed_spdsw_k40,fixed,uniform,False,2,6398,21,40,0.0,0.0009314247228248136,0.030519251675373917,,,,,0.00035831413211538177,7.3473173386245945,0.0009314247228248136,0.0011134585212724329,0.004906098555984617,2.1359282606982078e-06,3.6888794541139367,39.99999999999999,0.025,0.125,6398,346310c81af8a1637413a81c7ade937200c1c5f9bdeacce3d835fc535a2a280c,full_tensor_sha256,cb8e9199ffc4501e753bbedf6ed380330e9ce652c0dd95f3972f712c3c9392c9,0.0,0.9244410321116447,0.0,0.5035949870944023,0.04512886516749859,0.9576331358402967,0.3765481524169445,2.807346172630787,79.53036483377218,46.359195141121745,271.1435407400131,168.9881149213761,880,40,,7.3473173386245945,False,False,ok
Schirrmeister2017,development,normalized_update,fixed_spdsw_k40,fixed,uniform,False,2,6398,22,40,0.0,0.00016114413130999922,0.012694255839158088,,,,,0.00014881744802472445,7.347317338624595,0.00016114413130999922,0.00019257004721270335,0.000855974767524619,2.024226361214459e-06,3.6888794541139367,39.99999999999999,0.025,0.125,6398,346310c81af8a1637413a81c7ade937200c1c5f9bdeacce3d835fc535a2a280c,full_tensor_sha256,cb8e9199ffc4501e753bbedf6ed380330e9ce652c0dd95f3972f712c3c9392c9,0.0,0.9232480078935623,0.0,0.4957960918545723,0.044193118810653687,0.9093380067497492,0.3744999412447214,2.747075166553259,79.53036483377218,46.359195141121745,273.8906159065664,168.9881149213761,920,40,,7.3473173386245945,False,False,ok
Schirrmeister2017,development,normalized_update,fixed_spdsw_k40,fixed,uniform,False,2,6398,23,40,0.0,0.0009325374176384544,0.030537475626489733,,,,,0.0003588509198664009,7.3473173386245945,0.0009325374176384544,0.0011201547727261987,0.00498709684008619,1.1883477124770814e-05,3.6888794541139367,39.99999999999999,0.025,0.125,6398,346310c81af8a1637413a81c7ade937200c1c5f9bdeacce3d835fc535a2a280c,full_tensor_sha256,cb8e9199ffc4501e753bbedf6ed380330e9ce652c0dd95f3972f712c3c9392c9,0.0,0.9246321860700846,0.0,0.4876479506492615,0.04416401498019695,0.9254608303308487,0.37840218283236027,2.760307164862752,79.53036483377218,46.359195141121745,276.65092307142913,168.9881149213761,960,40,,7.3473173386245945,False,False,ok
Schirrmeister2017,development,normalized_update,fixed_spdsw_k40,fixed,uniform,False,2,6398,24,40,0.0,0.00016151643693545332,0.012708911713260633,,,,,0.00014908689293818017,7.3473173386245945,0.00016151643693545332,0.00019338092073792944,0.0008640338290257812,2.146366630719738e-06,3.6888794541139367,39.99999999999999,0.025,0.125,6398,346310c81af8a1637413a81c7ade937200c1c5f9bdeacce3d835fc535a2a280c,full_tensor_sha256,cb8e9199ffc4501e753bbedf6ed380330e9ce652c0dd95f3972f712c3c9392c9,0.0,0.9239171631634235,0.0,0.5040031392127275,0.04388997331261635,0.9090099483728409,0.3780568949878216,2.75887711904943,79.53036483377218,46.359195141121745,279.40980019047856,168.9881149213761,1000,40,,7.3473173386245945,False,False,ok
Schirrmeister2017,development,normalized_update,fixed_spdsw_k40,fixed,uniform,False,2,6398,25,40,0.0,0.000933252604964286,0.03054918337638972,92.03063381383923,0.9986654219297773,0.13345780702227025,0.13345780702227025,0.00035919476653562194,7.3473173386245945,0.000933252604964286,0.0011219607133892682,0.00501425381598321,7.0150697712082825e-06,3.6888794541139367,39.99999999999999,0.025,0.125,6398,346310c81af8a1637413a81c7ade937200c1c5f9bdeacce3d835fc535a2a280c,full_tensor_sha256,cb8e9199ffc4501e753bbedf6ed380330e9ce652c0dd95f3972f712c3c9392c9,0.0,0.9236251935362816,0.0,0.4886381793767214,0.0445579644292593,0.8685491047799587,0.37731509655714035,2.7026855386793613,79.53036483377218,46.359195141121745,282.1124857291579,200.85017895326018,1040,40,,7.3473173386245945,False,False,ok
Schirrmeister2017,development,normalized_update,fixed_spdsw_k40,fixed,uniform,False,2,6398,26,40,0.0,0.00016175890378490162,0.012718447381064311,,,,,0.00014926263416747962,7.3473173386245945,0.00016175890378490162,0.00019341360068490665,0.0008654209762208558,1.3721225874127954e-06,3.6888794541139367,39.99999999999999,0.025,0.125,6398,346310c81af8a1637413a81c7ade937200c1c5f9bdeacce3d835fc535a2a280c,full_tensor_sha256,cb8e9199ffc4501e753bbedf6ed380330e9ce652c0dd95f3972f712c3c9392c9,0.0,0.9373940993100405,0.0,0.528452917933464,0.04752678796648979,1.2835341040045023,0.38491212762892246,3.181820036843419,79.53036483377218,46.359195141121745,285.29430576600134,200.85017895326018,1080,40,,7.3473173386245945,False,False,ok
Schirrmeister2017,development,normalized_update,fixed_spdsw_k40,fixed,uniform,False,2,6398,27,40,0.0,0.0009337274414070651,0.030556954059707344,,,,,0.00035942227815069895,7.3473173386245945,0.0009337274414070651,0.0011202695144693804,0.005010626818248997,3.5185105142958018e-06,3.6888794541139367,39.99999999999999,0.025,0.125,6398,346310c81af8a1637413a81c7ade937200c1c5f9bdeacce3d835fc535a2a280c,full_tensor_sha256,cb8e9199ffc4501e753bbedf6ed380330e9ce652c0dd95f3972f712c3c9392c9,0.0,0.9255360346287489,0.0,0.4983560647815466,0.045187072828412056,0.9226370602846146,0.3791030030697584,2.7708192355930805,79.53036483377218,46.359195141121745,288.0651250015944,200.85017895326018,1120,40,,7.3473173386245945,False,False,ok
Schirrmeister2017,development,normalized_update,fixed_spdsw_k40,fixed,uniform,False,2,6398,28,40,0.0,0.00016192236794362804,0.012724872020717067,,,,,0.0001493812656563586,7.347317338624595,0.00016192236794362804,0.00019296695807626127,0.000863073837272054,4.747557207868442e-07,3.6888794541139367,39.99999999999999,0.025,0.125,6398,346310c81af8a1637413a81c7ade937200c1c5f9bdeacce3d835fc535a2a280c,full_tensor_sha256,cb8e9199ffc4501e753bbedf6ed380330e9ce652c0dd95f3972f712c3c9392c9,0.0,0.9263621177524328,0.0,0.4978119395673275,0.054273055866360664,0.8887108415365219,0.3825831227004528,2.7497410774230957,79.53036483377218,46.359195141121745,290.8148660790175,200.85017895326018,1160,40,,7.3473173386245945,False,False,ok
Schirrmeister2017,development,normalized_update,fixed_spdsw_k40,fixed,uniform,False,2,6398,29,40,0.0,0.0009340531192422812,0.030562282624867553,,,,,0.00035957786210512267,7.3473173386245945,0.0009340531192422812,0.0011165215063365483,0.004990153329771737,4.709185512318134e-07,3.6888794541139367,39.99999999999999,0.025,0.125,6398,346310c81af8a1637413a81c7ade937200c1c5f9bdeacce3d835fc535a2a280c,full_tensor_sha256,cb8e9199ffc4501e753bbedf6ed380330e9ce652c0dd95f3972f712c3c9392c9,0.0,0.9236938785761595,0.0,0.5048790480941534,0.044770073145627975,0.9048320353031158,0.37559494376182556,2.7537699788808823,79.53036483377218,46.359195141121745,293.5686360578984,200.85017895326018,1200,40,,7.3473173386245945,False,False,ok
Schirrmeister2017,development,normalized_update,fixed_spdsw_k40,fixed,uniform,False,2,6398,30,40,0.0,0.00016203616839130714,0.012729342810660224,,,,,0.00014946393939416515,7.347317338624595,0.00016203616839130714,0.00019226452603564022,0.0008587482341081291,5.995710505924531e-07,3.6888794541139367,39.99999999999999,0.025,0.125,6398,346310c81af8a1637413a81c7ade937200c1c5f9bdeacce3d835fc535a2a280c,full_tensor_sha256,cb8e9199ffc4501e753bbedf6ed380330e9ce652c0dd95f3972f712c3c9392c9,0.0,0.9241399820894003,0.0,0.4899019841104746,0.044113025069236755,0.9083619806915522,0.376763055101037,2.743280027061701,79.53036483377218,46.359195141121745,296.3119160849601,200.85017895326018,1240,40,,7.3473173386245945,False,False,ok
Schirrmeister2017,development,normalized_update,fixed_spdsw_k40,fixed,uniform,False,2,6398,31,40,0.0,0.0009342832283635261,0.030566046986215376,,,,,0.000359687526515576,7.3473173386245945,0.0009342832283635261,0.0011117649701065707,0.0049611353847045445,2.131889528194041e-06,3.6888794541139367,39.99999999999999,0.025,0.125,6398,346310c81af8a1637413a81c7ade937200c1c5f9bdeacce3d835fc535a2a280c,full_tensor_sha256,cb8e9199ffc4501e753bbedf6ed380330e9ce652c0dd95f3972f712c3c9392c9,0.0,0.9232501033693552,0.0,0.4938719794154167,0.05181902088224888,0.8730730041861534,0.3822930157184601,2.7243071235716343,79.53036483377218,46.359195141121745,299.03622320853174,200.85017895326018,1280,40,,7.3473173386245945,False,False,ok
Schirrmeister2017,development,normalized_update,fixed_spdsw_k40,fixed,uniform,False,2,6398,32,40,0.0,0.00016211758981180522,0.012732540587479201,,,,,0.00014952313746817452,7.347317338624595,0.00016211758981180522,0.0001914522600487978,0.0008534888022740041,1.1285278613834809e-06,3.6888794541139367,39.99999999999999,0.025,0.125,6398,346310c81af8a1637413a81c7ade937200c1c5f9bdeacce3d835fc535a2a280c,full_tensor_sha256,cb8e9199ffc4501e753bbedf6ed380330e9ce652c0dd95f3972f712c3c9392c9,0.0,0.9230030700564384,0.0,0.49377186223864555,0.04376308061182499,0.9082129690796137,0.37659797817468643,2.745348960161209,79.53036483377218,46.359195141121745,301.78157216869295,200.85017895326018,1320,40,,7.3473173386245945,False,False,ok
Schirrmeister2017,development,normalized_update,fixed_spdsw_k40,fixed,uniform,False,2,6398,33,40,0.0,0.000934449905904965,0.03056877337913586,,,,,0.00035976679442547356,7.3473173386245945,0.000934449905904965,0.0011066726626518407,0.004928495789861111,1.6082065467545481e-06,3.6888794541139367,39.99999999999999,0.025,0.125,6398,346310c81af8a1637413a81c7ade937200c1c5f9bdeacce3d835fc535a2a280c,full_tensor_sha256,cb8e9199ffc4501e753bbedf6ed380330e9ce652c0dd95f3972f712c3c9392c9,0.0,0.9255080949515104,0.0,0.4950929433107376,0.0445579644292593,0.8694799616932869,0.3736980725079775,2.7083370368927717,79.53036483377218,46.359195141121745,304.4899092055857,200.85017895326018,1360,40,,7.3473173386245945,False,False,ok
Schirrmeister2017,development,normalized_update,fixed_spdsw_k40,fixed,uniform,False,2,6398,34,40,0.0,0.00016217716508403992,0.01273487986139013,,,,,0.0001495664825584709,7.3473173386245945,0.00016217716508403992,0.0001906187940344279,0.0008479130720891817,1.0004822862897087e-06,3.6888794541139367,39.99999999999999,0.025,0.125,6398,346310c81af8a1637413a81c7ade937200c1c5f9bdeacce3d835fc535a2a280c,full_tensor_sha256,cb8e9199ffc4501e753bbedf6ed380330e9ce652c0dd95f3972f712c3c9392c9,0.0,0.9237800259143114,0.0,0.48929709009826183,0.04437007009983063,0.9136761073023081,0.3831610083580017,2.7542843017727137,79.53036483377218,46.359195141121745,307.24419350735843,200.85017895326018,1400,40,,7.3473173386245945,False,False,ok
Schirrmeister2017,development,normalized_update,fixed_spdsw_k40,fixed,uniform,False,2,6398,35,40,0.0,0.0009345730372596634,0.03057078731828252,,,,,0.00035982526550643355,7.3473173386245945,0.0009345730372596634,0.0011016443237221376,0.004895122706924123,1.6715592761361232e-06,3.6888794541139367,39.99999999999999,0.025,0.125,6398,346310c81af8a1637413a81c7ade937200c1c5f9bdeacce3d835fc535a2a280c,full_tensor_sha256,cb8e9199ffc4501e753bbedf6ed380330e9ce652c0dd95f3972f712c3c9392c9,0.0,0.9225169196724892,0.0,0.4961418453603983,0.04385714419186115,0.9074779227375984,0.3748270682990551,2.744820900261402,79.53036483377218,46.359195141121745,309.98901440761983,200.85017895326018,1440,40,,7.3473173386245945,False,False,ok
Schirrmeister2017,development,normalized_update,fixed_spdsw_k40,fixed,uniform,False,2,6398,36,40,0.0,0.0001622215356150292,0.012736621829002745,,,,,0.0001495987804327873,7.3473173386245945,0.0001622215356150292,0.00018981459354058662,0.0008423806089476252,1.0522922984303894e-06,3.6888794541139367,39.99999999999999,0.025,0.125,6398,346310c81af8a1637413a81c7ade937200c1c5f9bdeacce3d835fc535a2a280c,full_tensor_sha256,cb8e9199ffc4501e753bbedf6ed380330e9ce652c0dd95f3972f712c3c9392c9,0.0,0.9224771056324244,0.0,0.49765012226998806,0.044498126953840256,0.865147914737463,0.3776710946112871,2.707444364205003,79.53036483377218,46.359195141121745,312.69645877182484,200.85017895326018,1480,40,,7.3473173386245945,False,False,ok
Schirrmeister2017,development,normalized_update,fixed_spdsw_k40,fixed,uniform,False,2,6398,37,40,0.0,0.0009346654187928967,0.030572298225565193,,,,,0.00035986908349970316,7.347317338624595,0.0009346654187928967,0.0010968999758623208,0.004862675856081491,1.671375419399709e-06,3.6888794541139367,39.99999999999999,0.025,0.125,6398,346310c81af8a1637413a81c7ade937200c1c5f9bdeacce3d835fc535a2a280c,full_tensor_sha256,cb8e9199ffc4501e753bbedf6ed380330e9ce652c0dd95f3972f712c3c9392c9,0.0,0.9233541786670685,0.0,0.48462999984622,0.043729087337851524,0.8735910523682833,0.37483382038772106,2.7001381386071444,79.53036483377218,46.359195141121745,315.396596910432,200.85017895326018,1520,40,,7.3473173386245945,False,False,ok
Schirrmeister2017,development,normalized_update,fixed_spdsw_k40,fixed,uniform,False,2,6398,38,40,0.0,0.000162255045066788,0.012737937237511732,,,,,0.00014962318250639936,7.3473173386245945,0.000162255045066788,0.00018906615105278087,0.0008370942085344684,1.0339876982491488e-06,3.6888794541139367,39.99999999999999,0.025,0.125,6398,346310c81af8a1637413a81c7ade937200c1c5f9bdeacce3d835fc535a2a280c,full_tensor_sha256,cb8e9199ffc4501e753bbedf6ed380330e9ce652c0dd95f3972f712c3c9392c9,0.0,0.9219839703291655,0.0,0.49543497152626514,0.044836197048425674,0.9332040790468454,0.3777600359171629,2.7732192538678646,79.53036483377218,46.359195141121745,318.16981616429985,200.85017895326018,1560,40,,7.3473173386245945,False,False,ok
Schirrmeister2017,development,normalized_update,fixed_spdsw_k40,fixed,uniform,False,2,6398,39,40,0.0,0.0009347355799971659,0.030573445667722274,,,,,0.00035990233285944817,7.3473173386245945,0.0009347355799971659,0.0010925471382193758,0.004832064289460036,1.577042848025846e-06,3.6888794541139367,39.99999999999999,0.025,0.125,6398,346310c81af8a1637413a81c7ade937200c1c5f9bdeacce3d835fc535a2a280c,full_tensor_sha256,cb8e9199ffc4501e753bbedf6ed380330e9ce652c0dd95f3972f712c3c9392c9,0.0,0.9228799026459455,0.0,0.48789498396217823,0.043173087760806084,0.8701381739228964,0.37427409552037716,2.6983602438122034,79.53036483377218,46.359195141121745,320.86817640811205,200.85017895326018,1600,40,,7.3473173386245945,False,False,ok
Schirrmeister2017,development,normalized_update,fixed_spdsw_k40,fixed,uniform,False,2,6398,40,40,0.0,0.0001622806200675752,0.012738941088943585,,,,,0.00014964181105982103,7.3473173386245945,0.0001622806200675752,0.00018838519898680618,0.0008321602953815668,1.0217950470995988e-06,3.6888794541139367,39.99999999999999,0.025,0.125,6398,346310c81af8a1637413a81c7ade937200c1c5f9bdeacce3d835fc535a2a280c,full_tensor_sha256,cb8e9199ffc4501e753bbedf6ed380330e9ce652c0dd95f3972f712c3c9392c9,0.0,0.9225849062204361,0.0,0.48240507021546364,0.04288880154490471,0.8770518470555544,0.37695211358368397,2.701882738620043,79.53036483377218,46.359195141121745,323.5700591467321,200.85017895326018,1640,40,,7.3473173386245945,False,False,ok
Schirrmeister2017,development,normalized_update,fixed_spdsw_k40,fixed,uniform,False,2,6398,41,40,0.0,0.0009347893671668176,0.03057432529372999,,,,,0.0003599278048149474,7.347317338624595,0.0009347893671668176,0.0010886250359563,0.004803737174621772,1.5133114497585895e-06,3.6888794541139367,39.99999999999999,0.025,0.125,6398,346310c81af8a1637413a81c7ade937200c1c5f9bdeacce3d835fc535a2a280c,full_tensor_sha256,cb8e9199ffc4501e753bbedf6ed380330e9ce652c0dd95f3972f712c3c9392c9,0.0,0.9221539366990328,0.0,0.4949381109327078,0.04530302248895168,0.8673351258039474,0.37552393041551113,2.705254126340151,79.53036483377218,46.359195141121745,326.27531327307224,200.85017895326018,1680,40,,7.3473173386245945,False,False,ok
Schirrmeister2017,development,normalized_update,fixed_spdsw_k40,fixed,uniform,False,2,6398,42,40,0.0,0.00016230029941187603,0.01273971347448113,,,,,0.00014965614874012248,7.3473173386245945,0.00016230029941187603,0.00018777478058761487,0.0008276264902560008,1.0132285451575295e-06,3.6888794541139367,39.99999999999999,0.025,0.125,6398,346310c81af8a1637413a81c7ade937200c1c5f9bdeacce3d835fc535a2a280c,full_tensor_sha256,cb8e9199ffc4501e753bbedf6ed380330e9ce652c0dd95f3972f712c3c9392c9,0.0,0.923478975892067,0.0,0.5011011380702257,0.044384971261024475,0.9045300539582968,0.3763721324503422,2.749867271631956,79.53036483377218,46.359195141121745,329.0251805447042,200.85017895326018,1720,40,,7.3473173386245945,False,False,ok
Schirrmeister2017,development,normalized_update,fixed_spdsw_k40,fixed,uniform,False,2,6398,43,40,0.0,0.0009348308988375888,0.03057500447812868,,,,,0.00035994746174509073,7.3473173386245945,0.0009348308988375888,0.0010851332585966314,0.0047778630392267835,1.4679171787788673e-06,3.6888794541139367,39.99999999999999,0.025,0.125,6398,346310c81af8a1637413a81c7ade937200c1c5f9bdeacce3d835fc535a2a280c,full_tensor_sha256,cb8e9199ffc4501e753bbedf6ed380330e9ce652c0dd95f3972f712c3c9392c9,0.0,0.9230819996446371,0.0,0.48576295375823975,0.04363199695944786,0.9127969387918711,0.37069106474518776,2.7359649538993835,79.53036483377218,46.359195141121745,331.7611454986036,200.85017895326018,1760,40,,7.3473173386245945,False,False,ok
Schirrmeister2017,development,normalized_update,fixed_spdsw_k40,fixed,uniform,False,2,6398,44,40,0.0,0.0001623155393025027,0.012740311585769899,,,,,0.00014966725419879477,7.3473173386245945,0.0001623155393025027,0.00018723298984475107,0.0008235044984764,1.0068948636061742e-06,3.6888794541139367,39.99999999999999,0.025,0.125,6398,346310c81af8a1637413a81c7ade937200c1c5f9bdeacce3d835fc535a2a280c,full_tensor_sha256,cb8e9199ffc4501e753bbedf6ed380330e9ce652c0dd95f3972f712c3c9392c9,0.0,0.9233250748366117,0.0,0.49221888184547424,0.05090213380753994,0.8704359643161297,0.38308906368911266,2.7199711184948683,79.53036483377218,46.359195141121745,334.48111661709845,200.85017895326018,1800,40,,7.3473173386245945,False,False,ok
Schirrmeister2017,development,normalized_update,fixed_spdsw_k40,fixed,uniform,False,2,6398,45,40,0.0,0.0009348631478144312,0.03057553184843121,,,,,0.00035996271945822663,7.3473173386245945,0.0009348631478144312,0.001082049597100201,0.004754442076675339,1.4338752675287274e-06,3.6888794541139367,39.99999999999999,0.025,0.125,6398,346310c81af8a1637413a81c7ade937200c1c5f9bdeacce3d835fc535a2a280c,full_tensor_sha256,cb8e9199ffc4501e753bbedf6ed380330e9ce652c0dd95f3972f712c3c9392c9,0.0,0.9237048216164112,0.0,0.496904831379652,0.044988002628088,0.9045051410794258,0.37511088885366917,2.745213685557246,79.53036483377218,46.359195141121745,337.2263303026557,200.85017895326018,1840,40,,7.3473173386245945,False,False,ok
Schirrmeister2017,development,normalized_update,fixed_spdsw_k40,fixed,uniform,False,2,6398,46,40,0.0,0.00016232740161383787,0.012740777119698699,,,,,0.00014967589951115625,7.3473173386245945,0.00016232740161383787,0.00018675531720047615,0.0008197849629610933,1.0019649204007693e-06,3.6888794541139367,39.99999999999999,0.025,0.125,6398,346310c81af8a1637413a81c7ade937200c1c5f9bdeacce3d835fc535a2a280c,full_tensor_sha256,cb8e9199ffc4501e753bbedf6ed380330e9ce652c0dd95f3972f712c3c9392c9,0.0,0.9221970103681087,0.0,0.48470008186995983,0.04395283758640289,0.8882740512490273,0.3740079700946808,2.7131319511681795,79.53036483377218,46.359195141121745,339.9394622538239,200.85017895326018,1880,40,,7.3473173386245945,False,False,ok
Schirrmeister2017,development,normalized_update,fixed_spdsw_k40,fixed,uniform,False,2,6398,47,40,0.0,0.0009348882980173685,0.03057594312555818,,,,,0.0003599746152236299,7.347317338624595,0.0009348882980173685,0.0010793411519966318,0.004733377303427953,1.407027864371064e-06,3.6888794541139367,39.99999999999999,0.025,0.125,6398,346310c81af8a1637413a81c7ade937200c1c5f9bdeacce3d835fc535a2a280c,full_tensor_sha256,cb8e9199ffc4501e753bbedf6ed380330e9ce652c0dd95f3972f712c3c9392c9,0.0,0.9243478998541832,0.0,0.4921888466924429,0.04479615017771721,0.8758178446441889,0.37467991933226585,2.711830660700798,79.53036483377218,46.359195141121745,342.6512929145247,200.85017895326018,1920,40,,7.3473173386245945,False,False,ok
Schirrmeister2017,development,normalized_update,fixed_spdsw_k40,fixed,uniform,False,2,6398,48,40,0.0,0.0001623366698027159,0.012741140835997219,,,,,0.0001496826545512275,7.3473173386245945,0.0001623366698027159,0.0001863360597091984,0.0008164466294411966,9.979446286845965e-07,3.6888794541139367,39.99999999999999,0.025,0.125,6398,346310c81af8a1637413a81c7ade937200c1c5f9bdeacce3d835fc535a2a280c,full_tensor_sha256,cb8e9199ffc4501e753bbedf6ed380330e9ce652c0dd95f3972f712c3c9392c9,0.0,0.921993050724268,0.0,0.4994850605726242,0.044174958020448685,0.9041607845574617,0.3750601317733526,2.744873985648155,79.53036483377218,46.359195141121745,345.39616690017283,200.85017895326018,1960,40,,7.3473173386245945,False,False,ok
Schirrmeister2017,development,normalized_update,fixed_spdsw_k40,fixed,uniform,False,2,6398,49,40,0.0,0.0009349079751443031,0.030576264898517332,,,,,0.0003599839205744893,7.3473173386245945,0.0009349079751443031,0.0010769708004913893,0.004714518820086033,1.3848757504576095e-06,3.6888794541139367,39.99999999999999,0.025,0.125,6398,346310c81af8a1637413a81c7ade937200c1c5f9bdeacce3d835fc535a2a280c,full_tensor_sha256,cb8e9199ffc4501e753bbedf6ed380330e9ce652c0dd95f3972f712c3c9392c9,0.0,0.9233599994331598,0.0,0.4939981736242771,0.044791027903556824,0.8665011264383793,0.37513882853090763,2.7037891559302807,79.53036483377218,46.359195141121745,348.0999560561031,200.85017895326018,2000,40,,7.3473173386245945,False,False,ok
Schirrmeister2017,development,normalized_update,fixed_spdsw_k40,fixed,uniform,False,2,6398,50,40,0.0,0.00016234393576114055,0.012741425970476795,92.0579269004567,0.9989615913761134,0.10384086238865742,0.10384086238865742,0.00014968795044363787,7.3473173386245945,0.00016234393576114055,0.00018596915234938728,0.0008134620557765659,9.945372806346734e-07,3.6888794541139367,39.99999999999999,0.025,0.125,6398,346310c81af8a1637413a81c7ade937200c1c5f9bdeacce3d835fc535a2a280c,full_tensor_sha256,cb8e9199ffc4501e753bbedf6ed380330e9ce652c0dd95f3972f712c3c9392c9,0.0,0.9243220556527376,0.0,0.4948729183524847,0.044702086597681046,0.8788891136646271,0.37468294613063335,2.717469120398164,79.53036483377218,46.359195141121745,350.8174251765013,230.88250076398253,2040,40,,7.3473173386245945,False,False,ok
Schirrmeister2017,development,normalized_update,fixed_spdsw_k40,fixed,uniform,False,2,6398,51,40,0.0,0.0009349234183643959,0.030576517433553416,,,,,0.0003599912228077875,7.347317338624595,0.0009349234183643959,0.0010749011126922076,0.0046976918916456795,1.3659540225079157e-06,3.6888794541139367,39.99999999999999,0.025,0.125,6398,346310c81af8a1637413a81c7ade937200c1c5f9bdeacce3d835fc535a2a280c,full_tensor_sha256,cb8e9199ffc4501e753bbedf6ed380330e9ce652c0dd95f3972f712c3c9392c9,0.0,0.8755370508879423,0.0,0.5387270357459784,0.04761014133691788,1.270596170797944,0.37531484849750996,3.1077852472662926,79.53036483377218,46.359195141121745,353.92521042376757,230.88250076398253,2080,40,,7.3473173386245945,False,False,ok
Schirrmeister2017,development,normalized_update,fixed_spdsw_k40,fixed,uniform,False,2,6398,52,40,0.0,0.00016234964447750955,0.012741649990386236,,,,,0.00014969211182878561,7.3473173386245945,0.00016234964447750955,0.00018564864598339626,0.0008108013274505874,9.915674114205159e-07,3.6888794541139367,39.99999999999999,0.025,0.125,6398,346310c81af8a1637413a81c7ade937200c1c5f9bdeacce3d835fc535a2a280c,full_tensor_sha256,cb8e9199ffc4501e753bbedf6ed380330e9ce652c0dd95f3972f712c3c9392c9,0.0,0.8655539713799953,0.0,0.514645129442215,0.04475703462958336,0.8465519640594721,0.3742799162864685,2.6457880157977343,79.53036483377218,46.359195141121745,356.5709984395653,230.88250076398253,2120,40,,7.3473173386245945,False,False,ok
Schirrmeister2017,development,normalized_update,fixed_spdsw_k40,fixed,uniform,False,2,6398,53,40,0.0,0.0009349355618966682,0.030576716009026676,,,,,0.00035999696408273635,7.3473173386245945,0.0009349355618966682,0.00107309640070375,0.004682714031256982,1.3493552658863518e-06,3.6888794541139367,39.99999999999999,0.025,0.125,6398,346310c81af8a1637413a81c7ade937200c1c5f9bdeacce3d835fc535a2a280c,full_tensor_sha256,cb8e9199ffc4501e753bbedf6ed380330e9ce652c0dd95f3972f712c3c9392c9,0.0,0.8611639495939016,0.0,0.5047491285949945,0.0446750782430172,0.8306750096380711,0.37248083390295506,2.6137439999729395,79.53036483377218,46.359195141121745,359.18474243953824,230.88250076398253,2160,40,,7.3473173386245945,False,False,ok
Schirrmeister2017,development,normalized_update,fixed_spdsw_k40,fixed,uniform,False,2,6398,54,40,0.0,0.00016235413758103405,0.012741826304774134,,,,,0.00014969538686322942,7.3473173386245945,0.00016235413758103405,0.00018536895210954186,0.0008084341767895127,9.889262085776574e-07,3.6888794541139367,39.99999999999999,0.025,0.125,6398,346310c81af8a1637413a81c7ade937200c1c5f9bdeacce3d835fc535a2a280c,full_tensor_sha256,cb8e9199ffc4501e753bbedf6ed380330e9ce652c0dd95f3972f712c3c9392c9,0.0,0.8635350968688726,0.0,0.4994862247258425,0.04438101314008236,0.8680419996380806,0.3710770979523659,2.646521432325244,79.53036483377218,46.359195141121745,361.8312638718635,230.88250076398253,2200,40,,7.3473173386245945,False,False,ok
Schirrmeister2017,development,normalized_update,fixed_spdsw_k40,fixed,uniform,False,2,6398,55,40,0.0,0.0009349451272502633,0.030576872424272948,,,,,0.0003600014858159775,7.3473173386245945,0.0009349451272502633,0.0010715237470682822,0.004669405371101295,1.3345380953231722e-06,3.6888794541139367,39.99999999999999,0.025,0.125,6398,346310c81af8a1637413a81c7ade937200c1c5f9bdeacce3d835fc535a2a280c,full_tensor_sha256,cb8e9199ffc4501e753bbedf6ed380330e9ce652c0dd95f3972f712c3c9392c9,0.0,0.8635139092803001,0.0,0.49582100473344326,0.04435586743056774,0.8316060993820429,0.3693699836730957,2.6046668644994497,79.53036483377218,46.359195141121745,364.43593073636293,230.88250076398253,2240,40,,7.3473173386245945,False,False,ok
Schirrmeister2017,development,normalized_update,fixed_spdsw_k40,fixed,uniform,False,2,6398,56,40,0.0,0.00016235767999567318,0.01274196531135104,,,,,0.0001496979689867287,7.3473173386245945,0.00016235767999567318,0.00018512497806877555,0.0008063313603054102,9.865467953398176e-07,3.6888794541139367,39.99999999999999,0.025,0.125,6398,346310c81af8a1637413a81c7ade937200c1c5f9bdeacce3d835fc535a2a280c,full_tensor_sha256,cb8e9199ffc4501e753bbedf6ed380330e9ce652c0dd95f3972f712c3c9392c9,0.0,0.860932981595397,0.0,0.49256207421422005,0.04368112422525883,0.8342799264937639,0.3695299383252859,2.6009860448539257,79.53036483377218,46.359195141121745,367.03691678121686,230.88250076398253,2280,40,,7.3473173386245945,False,False,ok
Schirrmeister2017,development,normalized_update,fixed_spdsw_k40,fixed,uniform,False,2,6398,57,40,0.0,0.0009349526705336868,0.03057699577351717,,,,,0.00036000505193794705,7.3473173386245945,0.0009349526705336868,0.0010701535007639701,0.004657594686138012,1.3211621938840287e-06,3.6888794541139367,39.99999999999999,0.025,0.125,6398,346310c81af8a1637413a81c7ade937200c1c5f9bdeacce3d835fc535a2a280c,full_tensor_sha256,cb8e9199ffc4501e753bbedf6ed380330e9ce652c0dd95f3972f712c3c9392c9,0.0,0.862527871504426,0.0,0.4891881253570318,0.044008949771523476,0.8335080929100513,0.36770710721611977,2.5969401467591524,79.53036483377218,46.359195141121745,369.633856927976,230.88250076398253,2320,40,,7.3473173386245945,False,False,ok
Schirrmeister2017,development,normalized_update,fixed_spdsw_k40,fixed,uniform,False,2,6398,58,40,0.0,0.00016236047660958685,0.012742075051167564,,,,,0.00014970000744412253,7.3473173386245945,0.00016236047660958685,0.00018491215596506616,0.000804465364537645,9.843904773707503e-07,3.6888794541139367,39.99999999999999,0.025,0.125,6398,346310c81af8a1637413a81c7ade937200c1c5f9bdeacce3d835fc535a2a280c,full_tensor_sha256,cb8e9199ffc4501e753bbedf6ed380330e9ce652c0dd95f3972f712c3c9392c9,0.0,0.8627111092209816,0.0,0.4933991003781557,0.04400499165058136,0.8271571714431047,0.37230318412184715,2.5995755568146706,79.53036483377218,46.359195141121745,372.2334324847907,230.88250076398253,2360,40,,7.3473173386245945,False,False,ok
Schirrmeister2017,development,normalized_update,fixed_spdsw_k40,fixed,uniform,False,2,6398,59,40,0.0,0.0009349586258032313,0.030577093154896713,,,,,0.00036000786757510797,7.3473173386245945,0.0009349586258032313,0.001068959326596854,0.004647122740342351,1.3090326062749412e-06,3.6888794541139367,39.99999999999999,0.025,0.125,6398,346310c81af8a1637413a81c7ade937200c1c5f9bdeacce3d835fc535a2a280c,full_tensor_sha256,cb8e9199ffc4501e753bbedf6ed380330e9ce652c0dd95f3972f712c3c9392c9,0.0,0.8627190254628658,0.0,0.5089300684630871,0.04502013325691223,0.8284898940473795,0.3673739265650511,2.6125330477952957,79.53036483377218,46.359195141121745,374.845965532586,230.88250076398253,2400,40,,7.3473173386245945,False,False,ok
Schirrmeister2017,development,normalized_update,fixed_spdsw_k40,fixed,uniform,False,2,6398,60,40,0.0,0.00016236268682965152,0.01274216178007686,,,,,0.00014970161842768723,7.3473173386245945,0.00016236268682965152,0.00018472644598852093,0.0008028107841643419,9.824312251115352e-07,3.6888794541139367,39.99999999999999,0.025,0.125,6398,346310c81af8a1637413a81c7ade937200c1c5f9bdeacce3d835fc535a2a280c,full_tensor_sha256,cb8e9199ffc4501e753bbedf6ed380330e9ce652c0dd95f3972f712c3c9392c9,0.0,0.8611669763922691,0.0,0.49712019972503185,0.044517917558550835,0.8657439611852169,0.37043308839201927,2.638982143253088,79.53036483377218,46.359195141121745,377.48494767583907,230.88250076398253,2440,40,,7.3473173386245945,False,False,ok
Schirrmeister2017,development,normalized_update,fixed_spdsw_k40,fixed,uniform,False,2,6398,61,40,0.0,0.0009349633331499616,0.03057717012985279,,,,,0.00036001009306909547,7.3473173386245945,0.0009349633331499616,0.0010679180614487137,0.004637843519651788,1.2980089221699996e-06,3.6888794541139367,39.99999999999999,0.025,0.125,6398,346310c81af8a1637413a81c7ade937200c1c5f9bdeacce3d835fc535a2a280c,full_tensor_sha256,cb8e9199ffc4501e753bbedf6ed380330e9ce652c0dd95f3972f712c3c9392c9,0.0,0.8622179739177227,0.0,0.4868749529123306,0.04416005685925484,0.8325059898197651,0.3667299170047045,2.5924888905137777,79.53036483377218,46.359195141121745,380.07743656635284,230.88250076398253,2480,40,,7.3473173386245945,False,False,ok
Schirrmeister2017,development,normalized_update,fixed_spdsw_k40,fixed,uniform,False,2,6398,62,40,0.0,0.00016236443446349046,0.012742230356711123,,,,,0.00014970289214835583,7.347317338624595,0.00016236443446349046,0.00018456429901744174,0.0008013444371993861,9.806514617545134e-07,3.6888794541139367,39.99999999999999,0.025,0.125,6398,346310c81af8a1637413a81c7ade937200c1c5f9bdeacce3d835fc535a2a280c,full_tensor_sha256,cb8e9199ffc4501e753bbedf6ed380330e9ce652c0dd95f3972f712c3c9392c9,0.0,0.8623911999166012,0.0,0.4900908097624779,0.04468508996069431,0.9580280166119337,0.38045598194003105,2.735651098191738,79.53036483377218,46.359195141121745,382.8130876645446,230.88250076398253,2520,40,,7.3473173386245945,False,False,ok
Schirrmeister2017,development,normalized_update,fixed_spdsw_k40,fixed,uniform,False,2,6398,63,40,0.0,0.0009349670553146126,0.030577230994885927,,,,,0.0003600118528863079,7.347317338624595,0.0009349670553146126,0.0010670094743464276,0.004629624537931119,1.2879950473473234e-06,3.6888794541139367,39.99999999999999,0.025,0.125,6398,346310c81af8a1637413a81c7ade937200c1c5f9bdeacce3d835fc535a2a280c,full_tensor_sha256,cb8e9199ffc4501e753bbedf6ed380330e9ce652c0dd95f3972f712c3c9392c9,0.0,0.8601539302617311,0.0,0.49752695485949516,0.043650856241583824,0.8265948854386806,0.3681010566651821,2.596027683466673,79.53036483377218,46.359195141121745,385.40911534801126,230.88250076398253,2560,40,,7.3473173386245945,False,False,ok
Schirrmeister2017,development,normalized_update,fixed_spdsw_k40,fixed,uniform,False,2,6398,64,40,0.0,0.00016236581734762825,0.012742284620413573,,,,,0.00014970389995565424,7.347317338624593,0.00016236581734762825,0.00018442262071294275,0.0008000453603127051,9.790333796457535e-07,3.6888794541139367,39.99999999999999,0.025,0.125,6398,346310c81af8a1637413a81c7ade937200c1c5f9bdeacce3d835fc535a2a280c,full_tensor_sha256,cb8e9199ffc4501e753bbedf6ed380330e9ce652c0dd95f3972f712c3c9392c9,0.0,0.8590270299464464,0.0,0.4950410220772028,0.043620821088552475,0.8624810725450516,0.37118582986295223,2.6313557755202055,79.53036483377218,46.359195141121745,388.04047112353146,230.88250076398253,2600,40,,7.3473173386245945,False,False,ok
Schirrmeister2017,development,normalized_update,fixed_spdsw_k40,fixed,uniform,False,2,6398,65,40,0.0,0.000934969999633255,0.030577279140454192,,,,,0.0003600132452421431,7.3473173386245945,0.000934969999633255,0.0010662159786250297,0.004622346527312539,1.2788959808399625e-06,3.6888794541139367,39.99999999999999,0.025,0.125,6398,346310c81af8a1637413a81c7ade937200c1c5f9bdeacce3d835fc535a2a280c,full_tensor_sha256,cb8e9199ffc4501e753bbedf6ed380330e9ce652c0dd95f3972f712c3c9392c9,0.0,0.8585019968450069,0.0,0.48352801240980625,0.043279025703668594,0.8368401322513819,0.3674579784274101,2.589607145637274,79.53036483377218,46.359195141121745,390.63007826916873,230.88250076398253,2640,40,,7.3473173386245945,False,False,ok
Schirrmeister2017,development,normalized_update,fixed_spdsw_k40,fixed,uniform,False,2,6398,66,40,0.0,0.00016236691253793454,0.012742327594985718,,,,,0.00014970469807036647,7.3473173386245945,0.00016236691253793454,0.00018429872109196734,0.000798894741647007,9.775663583972929e-07,3.6888794541139367,39.99999999999999,0.025,0.125,6398,346310c81af8a1637413a81c7ade937200c1c5f9bdeacce3d835fc535a2a280c,full_tensor_sha256,cb8e9199ffc4501e753bbedf6ed380330e9ce652c0dd95f3972f712c3c9392c9,0.0,0.8623190224170685,0.0,0.4945159889757633,0.04443712532520294,0.8817878551781178,0.37138303741812706,2.6544430293142796,79.53036483377218,46.359195141121745,393.284521298483,230.88250076398253,2680,40,,7.3473173386245945,False,False,ok
Schirrmeister2017,development,normalized_update,fixed_spdsw_k40,fixed,uniform,False,2,6398,67,40,0.0,0.0009349723299537683,0.030577317245856744,,,,,0.0003600143474637975,7.347317338624594,0.0009349723299537683,0.0010655223291017432,0.004615902708767114,1.2706540266723867e-06,3.6888794541139367,39.99999999999999,0.025,0.125,6398,346310c81af8a1637413a81c7ade937200c1c5f9bdeacce3d835fc535a2a280c,full_tensor_sha256,cb8e9199ffc4501e753bbedf6ed380330e9ce652c0dd95f3972f712c3c9392c9,0.0,0.8613651152700186,0.0,0.4912989679723978,0.04396308213472366,0.8735221344977617,0.3727511502802372,2.642900450155139,79.53036483377218,46.359195141121745,395.92742174863815,230.88250076398253,2720,40,,7.3473173386245945,False,False,ok
Schirrmeister2017,development,normalized_update,fixed_spdsw_k40,fixed,uniform,False,2,6398,68,40,0.0,0.00016236778038139152,0.012742361648508942,,,,,0.00014970533030006234,7.347317338624595,0.00016236778038139152,0.0001841902654891786,0.0007978757237471843,9.7623915886717e-07,3.6888794541139367,39.99999999999999,0.025,0.125,6398,346310c81af8a1637413a81c7ade937200c1c5f9bdeacce3d835fc535a2a280c,full_tensor_sha256,cb8e9199ffc4501e753bbedf6ed380330e9ce652c0dd95f3972f712c3c9392c9,0.0,0.8614698890596628,0.0,0.5030829925090075,0.04360615275800228,0.862685963511467,0.3741220571100712,2.6449670549482107,79.53036483377218,46.359195141121745,398.57238880358636,230.88250076398253,2760,40,,7.3473173386245945,False,False,ok
Schirrmeister2017,development,normalized_update,fixed_spdsw_k40,fixed,uniform,False,2,6398,69,40,0.0,0.000934974173086492,0.03057734738473061,,,,,0.00036001521982305775,7.3473173386245945,0.000934974173086492,0.0010649153382399842,0.0046101977775895985,1.2632010771129358e-06,3.6888794541139367,39.99999999999999,0.025,0.125,6398,346310c81af8a1637413a81c7ade937200c1c5f9bdeacce3d835fc535a2a280c,full_tensor_sha256,cb8e9199ffc4501e753bbedf6ed380330e9ce652c0dd95f3972f712c3c9392c9,0.0,0.8676080033183098,0.0,0.5047200247645378,0.04464993253350258,0.8276361040771008,0.36767590790987015,2.612289972603321,79.53036483377218,46.359195141121745,401.1846787761897,230.88250076398253,2800,40,,7.3473173386245945,False,False,ok
Schirrmeister2017,development,normalized_update,fixed_spdsw_k40,fixed,uniform,False,2,6398,70,40,0.0,0.0001623684687424893,0.012742388659214931,,,,,0.00014970583168260034,7.3473173386245945,0.0001623684687424893,0.00018409523511010064,0.0007969733058987769,9.750411977746828e-07,3.6888794541139367,39.99999999999999,0.025,0.125,6398,346310c81af8a1637413a81c7ade937200c1c5f9bdeacce3d835fc535a2a280c,full_tensor_sha256,cb8e9199ffc4501e753bbedf6ed380330e9ce652c0dd95f3972f712c3c9392c9,0.0,0.8660850580781698,0.0,0.5000231321901083,0.04504178650677204,0.9071840904653072,0.3737781662493944,2.692112233489752,79.53036483377218,46.359195141121745,403.87679100967944,230.88250076398253,2840,40,,7.3473173386245945,False,False,ok
Schirrmeister2017,development,normalized_update,fixed_spdsw_k40,fixed,uniform,False,2,6398,71,40,0.0,0.000934975635660789,0.030577371300698642,,,,,0.00036001591188579646,7.347317338624595,0.000934975635660789,0.0010643836260580979,0.004605147024416839,1.25647741870007e-06,3.6888794541139367,39.99999999999999,0.025,0.125,6398,346310c81af8a1637413a81c7ade937200c1c5f9bdeacce3d835fc535a2a280c,full_tensor_sha256,cb8e9199ffc4501e753bbedf6ed380330e9ce652c0dd95f3972f712c3c9392c9,0.0,0.860205153003335,0.0,0.48837484791874886,0.04427507519721985,0.8505580481141806,0.37019094452261925,2.6136040687561035,79.53036483377218,46.359195141121745,406.49039507843554,230.88250076398253,2880,40,,7.3473173386245945,False,False,ok
Schirrmeister2017,development,normalized_update,fixed_spdsw_k40,fixed,uniform,False,2,6398,72,40,0.0,0.00016236901393813427,0.012742410052189275,,,,,0.0001497062287685589,7.347317338624595,0.00016236901393813427,0.00018401188405839144,0.0007961741392296883,9.739614992675463e-07,3.6888794541139367,39.99999999999999,0.025,0.125,6398,346310c81af8a1637413a81c7ade937200c1c5f9bdeacce3d835fc535a2a280c,full_tensor_sha256,cb8e9199ffc4501e753bbedf6ed380330e9ce652c0dd95f3972f712c3c9392c9,0.0,0.8622810710221529,0.0,0.49645500257611275,0.043980078771710396,0.8696010336279869,0.37500192411243916,2.647319110110402,79.53036483377218,46.359195141121745,409.13771418854594,230.88250076398253,2920,40,,7.3473173386245945,False,False,ok
Schirrmeister2017,development,normalized_update,fixed_spdsw_k40,fixed,uniform,False,2,6398,73,40,0.0,0.0009349767922764784,0.03057739021362808,,,,,0.00036001645950078644,7.3473173386245945,0.0009349767922764784,0.0010639173605479458,0.004600675216811366,1.2504224433844552e-06,3.6888794541139367,39.99999999999999,0.025,0.125,6398,346310c81af8a1637413a81c7ade937200c1c5f9bdeacce3d835fc535a2a280c,full_tensor_sha256,cb8e9199ffc4501e753bbedf6ed380330e9ce652c0dd95f3972f712c3c9392c9,0.0,0.8583390153944492,0.0,0.49704709090292454,0.04566996358335018,0.8294389117509127,0.36972295492887497,2.6002179365605116,79.53036483377218,46.359195141121745,411.73793212510645,230.88250076398253,2960,40,,7.3473173386245945,False,False,ok
Schirrmeister2017,development,normalized_update,fixed_spdsw_k40,fixed,uniform,False,2,6398,74,40,0.0,0.00016236944631981383,0.012742427018422112,,,,,0.00014970654356505616,7.347317338624595,0.00016236944631981383,0.00018393870239142586,0.000795466378811733,9.687986008379849e-07,3.6888794541139367,39.99999999999999,0.025,0.125,6398,346310c81af8a1637413a81c7ade937200c1c5f9bdeacce3d835fc535a2a280c,full_tensor_sha256,cb8e9199ffc4501e753bbedf6ed380330e9ce652c0dd95f3972f712c3c9392c9,0.0,0.859040068462491,0.0,0.49750995822250843,0.04455307498574257,0.87700504809618,0.36967312917113304,2.647781278938055,79.53036483377218,46.359195141121745,414.3857134040445,230.88250076398253,3000,40,,7.3473173386245945,False,False,ok
Schirrmeister2017,development,normalized_update,fixed_spdsw_k40,fixed,uniform,False,2,6398,75,40,0.0,0.0009349777099894723,0.030577405220022714,92.03054414611215,0.9986644489053094,0.13355510946906268,0.13355510946906268,0.00036001689384759366,7.347317338624595,0.0009349777099894723,0.0010635080501530873,0.0045967156643585486,1.2449871860774934e-06,3.6888794541139367,39.99999999999999,0.025,0.125,6398,346310c81af8a1637413a81c7ade937200c1c5f9bdeacce3d835fc535a2a280c,full_tensor_sha256,cb8e9199ffc4501e753bbedf6ed380330e9ce652c0dd95f3972f712c3c9392c9,0.0,0.8603159803897142,0.0,0.49634394235908985,0.04434608854353428,0.837777042761445,0.3662079107016325,2.604990964755416,79.53036483377218,46.359195141121745,416.9907043687999,260.5717347469181,3040,40,,7.3473173386245945,False,False,ok
Schirrmeister2017,development,normalized_update,fixed_spdsw_k40,fixed,uniform,False,2,6398,76,40,0.0,0.00016236978925902857,0.01274244047500433,,,,,0.00014970679333554615,7.3473173386245945,0.00016236978925902857,0.00018387438429427064,0.0007948395219902172,9.570024330343789e-07,3.6888794541139367,39.99999999999999,0.025,0.125,6398,346310c81af8a1637413a81c7ade937200c1c5f9bdeacce3d835fc535a2a280c,full_tensor_sha256,cb8e9199ffc4501e753bbedf6ed380330e9ce652c0dd95f3972f712c3c9392c9,0.0,0.8780639618635178,0.0,0.5357780028134584,0.04570698365569115,1.3720339629799128,0.3774869255721569,3.209069836884737,79.53036483377218,46.359195141121745,420.19977420568466,260.5717347469181,3080,40,,7.3473173386245945,False,False,ok
Schirrmeister2017,development,normalized_update,fixed_spdsw_k40,fixed,uniform,False,2,6398,77,40,0.0,0.0009349784363733715,0.030577417097808826,,,,,0.00036001723798053607,7.3473173386245945,0.0009349784363733715,0.0010631483590344544,0.004593209288773815,1.2401141884585515e-06,3.6888794541139367,39.99999999999999,0.025,0.125,6398,346310c81af8a1637413a81c7ade937200c1c5f9bdeacce3d835fc535a2a280c,full_tensor_sha256,cb8e9199ffc4501e753bbedf6ed380330e9ce652c0dd95f3972f712c3c9392c9,0.0,0.8639488369226456,0.0,0.5060229450464249,0.04427996464073658,0.8460599929094315,0.368619104847312,2.6289308443665504,79.53036483377218,46.359195141121745,422.8287050500512,260.5717347469181,3120,40,,7.3473173386245945,False,False,ok
Schirrmeister2017,development,normalized_update,fixed_spdsw_k40,fixed,uniform,False,2,6398,78,40,0.0,0.00016237006135359094,0.012742451151705112,,,,,0.00014970699137972993,7.3473173386245945,0.00016237006135359094,0.00018381779983830634,0.0007942842571301025,9.466154209532531e-07,3.6888794541139367,39.99999999999999,0.025,0.125,6398,346310c81af8a1637413a81c7ade937200c1c5f9bdeacce3d835fc535a2a280c,full_tensor_sha256,cb8e9199ffc4501e753bbedf6ed380330e9ce652c0dd95f3972f712c3c9392c9,0.0,0.8637281134724617,0.0,0.49293204210698605,0.04426087252795696,0.8442969992756844,0.37127197720110416,2.6164900045841932,79.53036483377218,46.359195141121745,425.4451950546354,260.5717347469181,3160,40,,7.3473173386245945,False,False,ok
Schirrmeister2017,development,normalized_update,fixed_spdsw_k40,fixed,uniform,False,2,6398,79,40,0.0,0.0009349790121194138,0.030577426512370425,,,,,0.00036001751079240487,7.3473173386245945,0.0009349790121194138,0.0010628319493979305,0.004590103847842935,1.235753911195472e-06,3.6888794541139367,39.99999999999999,0.025,0.125,6398,346310c81af8a1637413a81c7ade937200c1c5f9bdeacce3d835fc535a2a280c,full_tensor_sha256,cb8e9199ffc4501e753bbedf6ed380330e9ce652c0dd95f3972f712c3c9392c9,0.0,0.8615560363978148,0.0,0.4873441066592932,0.043939100578427315,0.8807128760963678,0.37406408227980137,2.6476162020117044,79.53036483377218,46.359195141121745,428.0928112566471,260.5717347469181,3200,40,,7.3473173386245945,False,False,ok
Schirrmeister2017,development,normalized_update,fixed_spdsw_k40,fixed,uniform,False,2,6398,80,40,0.0,0.00016237027736134776,0.01274245962761302,,,,,0.00014970714849449617,7.3473173386245945,0.00016237027736134776,0.00018376797188880112,0.0007937923633434558,9.374491782915046e-07,3.6888794541139367,39.99999999999999,0.025,0.125,6398,346310c81af8a1637413a81c7ade937200c1c5f9bdeacce3d835fc535a2a280c,full_tensor_sha256,cb8e9199ffc4501e753bbedf6ed380330e9ce652c0dd95f3972f712c3c9392c9,0.0,0.8622671011835337,0.0,0.4981409292668104,0.045042019337415695,0.832968857139349,0.372949056327343,2.6113679632544518,79.53036483377218,46.359195141121745,430.70417921990156,260.5717347469181,3240,40,,7.3473173386245945,False,False,ok
Schirrmeister2017,development,normalized_update,fixed_spdsw_k40,fixed,uniform,False,2,6398,81,40,0.0,0.0009349794675484476,0.030577433959514125,,,,,0.00036001772685170964,7.347317338624594,0.0009349794675484476,0.001062553336629263,0.00458735312719811,1.2318574858515521e-06,3.6888794541139367,39.99999999999999,0.025,0.125,6398,346310c81af8a1637413a81c7ade937200c1c5f9bdeacce3d835fc535a2a280c,full_tensor_sha256,cb8e9199ffc4501e753bbedf6ed380330e9ce652c0dd95f3972f712c3c9392c9,0.0,0.8683279156684875,0.0,0.4988249856978655,0.044479966163635254,0.8311041165143251,0.36873691715300083,2.6114739011973143,79.53036483377218,46.359195141121745,433.3156531210989,260.5717347469181,3280,40,,7.3473173386245945,False,False,ok
Schirrmeister2017,development,normalized_update,fixed_spdsw_k40,fixed,uniform,False,2,6398,82,40,0.0,0.0001623704490764362,0.012742466365521088,,,,,0.00014970727342455688,7.3473173386245945,0.0001623704490764362,0.00018372405211471287,0.0007933565460071833,9.29344237287923e-07,3.6888794541139367,39.99999999999999,0.025,0.125,6398,346310c81af8a1637413a81c7ade937200c1c5f9bdeacce3d835fc535a2a280c,full_tensor_sha256,cb8e9199ffc4501e753bbedf6ed380330e9ce652c0dd95f3972f712c3c9392c9,0.0,0.8610389195382595,0.0,0.48909313045442104,0.04413514398038387,0.8304249495267868,0.3709059674292803,2.5955981109291315,79.53036483377218,46.359195141121745,435.911251232028,260.5717347469181,3320,40,,7.3473173386245945,False,False,ok
Schirrmeister2017,development,normalized_update,fixed_spdsw_k40,fixed,uniform,False,2,6398,83,40,0.0,0.0009349798294004713,0.030577439876491808,,,,,0.000360017898487276,7.3473173386245945,0.0009349798294004713,0.0010623077741037988,0.0045849162472172255,1.2283829777080655e-06,3.6888794541139367,39.99999999999999,0.025,0.125,6398,346310c81af8a1637413a81c7ade937200c1c5f9bdeacce3d835fc535a2a280c,full_tensor_sha256,cb8e9199ffc4501e753bbedf6ed380330e9ce652c0dd95f3972f712c3c9392c9,0.0,0.8617539424449205,0.0,0.48507400788366795,0.04363502375781536,0.9114420972764492,0.3680689260363579,2.669973997399211,79.53036483377218,46.359195141121745,438.5812252294272,260.5717347469181,3360,40,,7.3473173386245945,False,False,ok
Schirrmeister2017,development,normalized_update,fixed_spdsw_k40,fixed,uniform,False,2,6398,84,40,0.0,0.00016237058519379984,0.012742471706611705,,,,,0.00014970737236815886,7.347317338624595,0.00016237058519379984,0.0001836853061692071,0.0007929703665707242,9.22164492418632e-07,3.6888794541139367,39.99999999999999,0.025,0.125,6398,346310c81af8a1637413a81c7ade937200c1c5f9bdeacce3d835fc535a2a280c,full_tensor_sha256,cb8e9199ffc4501e753bbedf6ed380330e9ce652c0dd95f3972f712c3c9392c9,0.0,0.860563013702631,0.0,1.0183891281485558,0.0471360981464386,0.8513370994478464,0.37549808621406555,3.1529234256595373,79.53036483377218,46.359195141121745,441.73414865508676,260.5717347469181,3400,40,,7.3473173386245945,False,False,ok
Schirrmeister2017,development,normalized_update,fixed_spdsw_k40,fixed,uniform,False,2,6398,85,40,0.0,0.0009349801154334335,0.03057744455368096,,,,,0.0003600180343129873,7.3473173386245945,0.0009349801154334335,0.0010620911454827138,0.004582757116366131,1.2252873597421922e-06,3.6888794541139367,39.99999999999999,0.025,0.125,6398,346310c81af8a1637413a81c7ade937200c1c5f9bdeacce3d835fc535a2a280c,full_tensor_sha256,cb8e9199ffc4501e753bbedf6ed380330e9ce652c0dd95f3972f712c3c9392c9,0.0,0.8625870104879141,0.0,0.49717887304723263,0.04477682523429394,0.8769149426370859,0.37106918171048164,2.652526833117008,79.53036483377218,46.359195141121745,444.38667548820376,260.5717347469181,3440,40,,7.3473173386245945,False,False,ok
Schirrmeister2017,development,normalized_update,fixed_spdsw_k40,fixed,uniform,False,2,6398,86,40,0.0,0.00016237069333767886,0.01274247595005299,,,,,0.00014970745092506382,7.347317338624595,0.00016237069333767886,0.00018365109529998666,0.0007926281282686237,9.157940734165637e-07,3.6888794541139367,39.99999999999999,0.025,0.125,6398,346310c81af8a1637413a81c7ade937200c1c5f9bdeacce3d835fc535a2a280c,full_tensor_sha256,cb8e9199ffc4501e753bbedf6ed380330e9ce652c0dd95f3972f712c3c9392c9,0.0,0.8606330957263708,0.0,0.4932780284434557,0.04520313814282417,0.8854018524289131,0.38443715311586857,2.6689532678574324,79.53036483377218,46.359195141121745,447.0556287560612,260.5717347469181,3480,40,,7.3473173386245945,False,False,ok
Schirrmeister2017,development,normalized_update,fixed_spdsw_k40,fixed,uniform,False,2,6398,87,40,0.0,0.000934980341700567,0.030577448253583342,,,,,0.0003600181419255558,7.347317338624595,0.000934980341700567,0.0010618998748288982,0.004580843789846538,1.2225346668624535e-06,3.6888794541139367,39.99999999999999,0.025,0.125,6398,346310c81af8a1637413a81c7ade937200c1c5f9bdeacce3d835fc535a2a280c,full_tensor_sha256,cb8e9199ffc4501e753bbedf6ed380330e9ce652c0dd95f3972f712c3c9392c9,0.0,0.8625879418104887,0.0,0.5007430445402861,0.0446750782430172,0.880399951711297,0.3718719817698002,2.660277998074889,79.53036483377218,46.359195141121745,449.7159067541361,260.5717347469181,3520,40,,7.3473173386245945,False,False,ok
Schirrmeister2017,development,normalized_update,fixed_spdsw_k40,fixed,uniform,False,2,6398,88,40,0.0,0.00016237077962101334,0.012742479335710667,,,,,0.00014970751352169512,7.347317338624595,0.00016237077962101334,0.00018362086459788987,0.0007923247886525552,9.101336880202706e-07,3.6888794541139367,39.99999999999999,0.025,0.125,6398,346310c81af8a1637413a81c7ade937200c1c5f9bdeacce3d835fc535a2a280c,full_tensor_sha256,cb8e9199ffc4501e753bbedf6ed380330e9ce652c0dd95f3972f712c3c9392c9,0.0,0.8606219198554754,0.0,0.49074296839535236,0.043667154386639595,0.8328580297529697,0.369430985301733,2.59732105769217,79.53036483377218,46.359195141121745,452.31322781182826,260.5717347469181,3560,40,,7.3473173386245945,False,False,ok
Schirrmeister2017,development,normalized_update,fixed_spdsw_k40,fixed,uniform,False,2,6398,89,40,0.0,0.0009349805206217525,0.030577451179288187,,,,,0.00036001822727320913,7.347317338624595,0.0009349805206217525,0.0010617308556472606,0.004579148016236651,1.220090135350727e-06,3.6888794541139367,39.99999999999999,0.025,0.125,6398,346310c81af8a1637413a81c7ade937200c1c5f9bdeacce3d835fc535a2a280c,full_tensor_sha256,cb8e9199ffc4501e753bbedf6ed380330e9ce652c0dd95f3972f712c3c9392c9,0.0,0.8630268275737762,0.0,0.48325187526643276,0.04396401345729828,0.826692208647728,0.3687830176204443,2.5857179425656796,79.53036483377218,46.359195141121745,454.89894575439394,260.5717347469181,3600,40,,7.3473173386245945,False,False,ok
Schirrmeister2017,development,normalized_update,fixed_spdsw_k40,fixed,uniform,False,2,6398,90,40,0.0,0.00016237084829380402,0.012742482030350446,,,,,0.0001497075633331217,7.347317338624594,0.00016237084829380402,0.00018359413073227625,0.0007920558886994639,9.050976652138289e-07,3.6888794541139367,39.99999999999999,0.025,0.125,6398,346310c81af8a1637413a81c7ade937200c1c5f9bdeacce3d835fc535a2a280c,full_tensor_sha256,cb8e9199ffc4501e753bbedf6ed380330e9ce652c0dd95f3972f712c3c9392c9,0.0,0.8629329968243837,0.0,0.48517598770558834,0.043795909732580185,0.8361770305782557,0.3679839428514242,2.596065867692232,79.53036483377218,46.359195141121745,457.49501162208617,260.5717347469181,3640,40,,7.3473173386245945,False,False,ok
Schirrmeister2017,development,normalized_update,fixed_spdsw_k40,fixed,uniform,False,2,6398,91,40,0.0,0.0009349806629016458,0.030577453505837366,,,,,0.00036001829508693366,7.347317338624594,0.0009349806629016458,0.001061581385598324,0.004577644856508898,1.2179210766885158e-06,3.6888794541139367,39.99999999999999,0.025,0.125,6398,346310c81af8a1637413a81c7ade937200c1c5f9bdeacce3d835fc535a2a280c,full_tensor_sha256,cb8e9199ffc4501e753bbedf6ed380330e9ce652c0dd95f3972f712c3c9392c9,0.0,0.86160097271204,0.0,0.48276782035827637,0.04409300163388252,0.8367630653083324,0.37619611248373985,2.601420972496271,79.53036483377218,46.359195141121745,460.09643259458244,260.5717347469181,3680,40,,7.3473173386245945,False,False,ok
Schirrmeister2017,development,normalized_update,fixed_spdsw_k40,fixed,uniform,False,2,6398,92,40,0.0,0.000162370902645846,0.012742484163060435,,,,,0.00014970760268943355,7.347317338624595,0.000162370902645846,0.00018357047164849173,0.0007918174879526994,9.006117094202648e-07,3.6888794541139367,39.99999999999999,0.025,0.125,6398,346310c81af8a1637413a81c7ade937200c1c5f9bdeacce3d835fc535a2a280c,full_tensor_sha256,cb8e9199ffc4501e753bbedf6ed380330e9ce652c0dd95f3972f712c3c9392c9,0.0,0.8604670874774456,0.0,0.4900640342384577,0.043797073885798454,0.8626971393823624,0.368697801604867,2.625723136588931,79.53036483377218,46.359195141121745,462.72215573117137,260.5717347469181,3720,40,,7.3473173386245945,False,False,ok
Schirrmeister2017,development,normalized_update,fixed_spdsw_k40,fixed,uniform,False,2,6398,93,40,0.0,0.0009349807746686638,0.030577455333442378,,,,,0.00036001834850482925,7.3473173386245945,0.0009349807746686638,0.001061449106133824,0.004576312250385236,1.2159981167032491e-06,3.6888794541139367,39.99999999999999,0.025,0.125,6398,346310c81af8a1637413a81c7ade937200c1c5f9bdeacce3d835fc535a2a280c,full_tensor_sha256,cb8e9199ffc4501e753bbedf6ed380330e9ce652c0dd95f3972f712c3c9392c9,0.0,0.8792991284281015,0.0,0.4939599893987179,0.04387390799820423,0.823737122118473,0.3688950091600418,2.6097651571035385,79.53036483377218,46.359195141121745,465.3319208882749,260.5717347469181,3760,40,,7.3473173386245945,False,False,ok
Schirrmeister2017,development,normalized_update,fixed_spdsw_k40,fixed,uniform,False,2,6398,94,40,0.0,0.0001623709460337831,0.012742485865551632,,,,,0.00014970763409929522,7.3473173386245945,0.0001623709460337831,0.00018354951999508264,0.0007916061015487454,8.966124568017619e-07,3.6888794541139367,39.99999999999999,0.025,0.125,6398,346310c81af8a1637413a81c7ade937200c1c5f9bdeacce3d835fc535a2a280c,full_tensor_sha256,cb8e9199ffc4501e753bbedf6ed380330e9ce652c0dd95f3972f712c3c9392c9,0.0,0.8666389621794224,0.0,0.48459600657224655,0.04322407767176628,0.8649269584566355,0.3701411187648773,2.629527123644948,79.53036483377218,46.359195141121745,467.96144801191986,260.5717347469181,3800,40,,7.3473173386245945,False,False,ok
Schirrmeister2017,development,normalized_update,fixed_spdsw_k40,fixed,uniform,False,2,6398,95,40,0.0,0.0009349808636594331,0.030577456788611984,,,,,0.00036001839110611113,7.3473173386245945,0.0009349808636594331,0.0010613319600606518,0.0045751306827743095,1.2142962537709239e-06,3.6888794541139367,39.99999999999999,0.025,0.125,6398,346310c81af8a1637413a81c7ade937200c1c5f9bdeacce3d835fc535a2a280c,full_tensor_sha256,cb8e9199ffc4501e753bbedf6ed380330e9ce652c0dd95f3972f712c3c9392c9,0.0,0.8614999242126942,0.0,0.4793950356543064,0.0435409601777792,0.8342559449374676,0.36968314088881016,2.5883750058710575,79.53036483377218,46.359195141121745,470.5498230177909,260.5717347469181,3840,40,,7.3473173386245945,False,False,ok
Schirrmeister2017,development,normalized_update,fixed_spdsw_k40,fixed,uniform,False,2,6398,96,40,0.0,0.00016237098067847376,0.012742487224968043,,,,,0.00014970765915715636,7.347317338624595,0.00016237098067847376,0.00018353095360129312,0.0007914186415892237,8.930433477153729e-07,3.6888794541139367,39.99999999999999,0.025,0.125,6398,346310c81af8a1637413a81c7ade937200c1c5f9bdeacce3d835fc535a2a280c,full_tensor_sha256,cb8e9199ffc4501e753bbedf6ed380330e9ce652c0dd95f3972f712c3c9392c9,0.0,0.8630598895251751,0.0,0.49333483912050724,0.04403502680361271,0.8327250834554434,0.36932993680238724,2.6024847757071257,79.53036483377218,46.359195141121745,473.15230779349804,260.5717347469181,3880,40,,7.3473173386245945,False,False,ok
Schirrmeister2017,development,normalized_update,fixed_spdsw_k40,fixed,uniform,False,2,6398,97,40,0.0,0.0009349809337988083,0.03057745793552512,,,,,0.00036001842484975155,7.347317338624594,0.0009349809337988083,0.0010612281479272664,0.0045740828757776875,1.2127907839790091e-06,3.6888794541139367,39.99999999999999,0.025,0.125,6398,346310c81af8a1637413a81c7ade937200c1c5f9bdeacce3d835fc535a2a280c,full_tensor_sha256,cb8e9199ffc4501e753bbedf6ed380330e9ce652c0dd95f3972f712c3c9392c9,0.0,0.8639988955110312,0.0,0.4981949459761381,0.04462897777557373,0.8231550455093384,0.3704370465129614,2.6004149112850428,79.53036483377218,46.359195141121745,475.7527227047831,260.5717347469181,3920,40,,7.3473173386245945,False,False,ok
Schirrmeister2017,development,normalized_update,fixed_spdsw_k40,fixed,uniform,False,2,6398,98,40,0.0,0.0001623710083237294,0.012742488309734854,,,,,0.00014970767908717626,7.3473173386245945,0.0001623710083237294,0.00018351449171382847,0.0007912523792044867,8.898549389423653e-07,3.6888794541139367,39.99999999999999,0.025,0.125,6398,346310c81af8a1637413a81c7ade937200c1c5f9bdeacce3d835fc535a2a280c,full_tensor_sha256,cb8e9199ffc4501e753bbedf6ed380330e9ce652c0dd95f3972f712c3c9392c9,0.0,0.8618868887424469,0.0,0.49685011617839336,0.044201966375112534,0.8224041666835546,0.37079211324453354,2.596135251224041,79.53036483377218,46.359195141121745,478.3488579560071,260.5717347469181,3960,40,,7.3473173386245945,False,False,ok
Schirrmeister2017,development,normalized_update,fixed_spdsw_k40,fixed,uniform,False,2,6398,99,40,0.0,0.0009349809893890525,0.03057745884453207,,,,,0.00036001845156829576,7.3473173386245945,0.0009349809893890525,0.0010611360990401472,0.004573153570500593,1.211460745287496e-06,3.6888794541139367,39.99999999999999,0.025,0.125,6398,346310c81af8a1637413a81c7ade937200c1c5f9bdeacce3d835fc535a2a280c,full_tensor_sha256,cb8e9199ffc4501e753bbedf6ed380330e9ce652c0dd95f3972f712c3c9392c9,0.0,0.862235901877284,0.0,0.5019011441618204,0.04456797614693642,0.8272961713373661,0.37005310878157616,2.606054302304983,79.53036483377218,46.359195141121745,480.9549122583121,260.5717347469181,4000,40,,7.3473173386245945,False,False,ok
Schirrmeister2017,development,normalized_update,fixed_spdsw_k40,fixed,uniform,False,2,6398,100,40,0.0,0.0001623710302869141,0.012742489171543922,92.05793767385978,0.9989617082831115,0.10382917168885132,0.10382917168885132,0.00014970769490292346,7.3473173386245945,0.0001623710302869141,0.0001834998870645338,0.0007911048975224372,8.870048657458168e-07,3.6888794541139367,39.99999999999999,0.025,0.125,6398,346310c81af8a1637413a81c7ade937200c1c5f9bdeacce3d835fc535a2a280c,full_tensor_sha256,cb8e9199ffc4501e753bbedf6ed380330e9ce652c0dd95f3972f712c3c9392c9,0.0,0.8622950408607721,0.0,0.49594696611166,0.04388601519167423,0.8642289321869612,0.37078792229294777,2.6371448766440153,79.53036483377218,46.359195141121745,483.5920571349561,291.43846966326237,4040,40,,7.3473173386245945,False,False,ok
Schirrmeister2017,development,normalized_update,fixed_spdsw_k40,fixed,uniform,False,2,6398,101,40,0.0,0.0009349810333173672,0.030577459562844116,,,,,0.0003600184727410027,7.3473173386245945,0.0009349810333173672,0.0010610544332376715,0.004572329258601451,1.2102855643344387e-06,3.6888794541139367,39.99999999999999,0.025,0.125,6398,346310c81af8a1637413a81c7ade937200c1c5f9bdeacce3d835fc535a2a280c,full_tensor_sha256,cb8e9199ffc4501e753bbedf6ed380330e9ce652c0dd95f3972f712c3c9392c9,0.0,0.8914379868656397,0.0,0.5780849605798721,0.051385024562478065,1.2407258618623018,0.3848760388791561,3.146509872749448,79.53036483377218,46.359195141121745,486.73856700770557,291.43846966326237,4080,40,,7.3473173386245945,False,False,ok
Schirrmeister2017,development,normalized_update,fixed_spdsw_k40,fixed,uniform,False,2,6398,102,40,0.0,0.00016237104776665366,0.01274248985742793,,,,,0.00014970770749449694,7.3473173386245945,0.00016237104776665366,0.0001834869236411088,0.0007909740621314691,8.844559930505705e-07,3.6888794541139367,39.99999999999999,0.025,0.125,6398,346310c81af8a1637413a81c7ade937200c1c5f9bdeacce3d835fc535a2a280c,full_tensor_sha256,cb8e9199ffc4501e753bbedf6ed380330e9ce652c0dd95f3972f712c3c9392c9,0.0,0.8695719297975302,0.0,0.5241809412837029,0.04542199894785881,0.8862260729074478,0.3736428916454315,2.699043834581971,79.53036483377218,46.359195141121745,489.43761084228754,291.43846966326237,4120,40,,7.3473173386245945,False,False,ok
Schirrmeister2017,development,normalized_update,fixed_spdsw_k40,fixed,uniform,False,2,6398,103,40,0.0,0.0009349810679756959,0.030577460129574137,,,,,0.00036001848952669574,7.3473173386245945,0.0009349810679756959,0.0010609819423749549,0.004571598000305292,1.209248713011522e-06,3.6888794541139367,39.99999999999999,0.025,0.125,6398,346310c81af8a1637413a81c7ade937200c1c5f9bdeacce3d835fc535a2a280c,full_tensor_sha256,cb8e9199ffc4501e753bbedf6ed380330e9ce652c0dd95f3972f712c3c9392c9,0.0,0.8625669870525599,0.0,0.49639400094747543,0.04476914182305336,0.8684478234499693,0.3748079761862755,2.6469859294593334,79.53036483377218,46.359195141121745,492.0845967717469,291.43846966326237,4160,40,,7.3473173386245945,False,False,ok
Schirrmeister2017,development,normalized_update,fixed_spdsw_k40,fixed,uniform,False,2,6398,104,40,0.0,0.00016237106177717617,0.012742490407183997,,,,,0.0001497077175480962,7.347317338624595,0.00016237106177717617,0.00018347541157860402,0.0007908579824105712,8.821749691498334e-07,3.6888794541139367,39.99999999999999,0.025,0.125,6398,346310c81af8a1637413a81c7ade937200c1c5f9bdeacce3d835fc535a2a280c,full_tensor_sha256,cb8e9199ffc4501e753bbedf6ed380330e9ce652c0dd95f3972f712c3c9392c9,0.0,0.8639199659228325,0.0,0.5018189549446106,0.04467903636395931,0.8347018156200647,0.37205894477665424,2.6171787176281214,79.53036483377218,46.359195141121745,494.701775489375,291.43846966326237,4200,40,,7.3473173386245945,False,False,ok
Schirrmeister2017,development,normalized_update,fixed_spdsw_k40,fixed,uniform,False,2,6398,105,40,0.0,0.0009349810953441913,0.030577460577101416,,,,,0.0003600185028122605,7.3473173386245945,0.0009349810953441913,0.0010609175642276492,0.004570949209069856,1.2083353829841318e-06,3.6888794541139367,39.99999999999999,0.025,0.125,6398,346310c81af8a1637413a81c7ade937200c1c5f9bdeacce3d835fc535a2a280c,full_tensor_sha256,cb8e9199ffc4501e753bbedf6ed380330e9ce652c0dd95f3972f712c3c9392c9,0.0,0.8683390915393829,0.0,0.4982550162822008,0.04456285387277603,0.8296710439026356,0.3661750815808773,2.6070030871778727,79.53036483377218,46.359195141121745,497.30877857655287,291.43846966326237,4240,40,,7.3473173386245945,False,False,ok
Schirrmeister2017,development,normalized_update,fixed_spdsw_k40,fixed,uniform,False,2,6398,106,40,0.0,0.00016237107288317697,0.012742490842970106,,,,,0.00014970772549439623,7.3473173386245945,0.00016237107288317697,0.00018346518352267913,0.0007907549795385974,8.801324422729945e-07,3.6888794541139367,39.99999999999999,0.025,0.125,6398,346310c81af8a1637413a81c7ade937200c1c5f9bdeacce3d835fc535a2a280c,full_tensor_sha256,cb8e9199ffc4501e753bbedf6ed380330e9ce652c0dd95f3972f712c3c9392c9,0.0,0.8660689927637577,0.0,0.49101002514362335,0.044418033212423325,0.8700990583747625,0.37286896258592606,2.644465072080493,79.53036483377218,46.359195141121745,499.95324364863336,291.43846966326237,4280,40,,7.3473173386245945,False,False,ok
Schirrmeister2017,development,normalized_update,fixed_spdsw_k40,fixed,uniform,False,2,6398,107,40,0.0,0.0009349811166869553,0.030577460926096454,,,,,0.00036001851323583185,7.3473173386245945,0.0009349811166869553,0.0010608603645188368,0.0045703735166428595,1.2075306207486374e-06,3.6888794541139367,39.99999999999999,0.025,0.125,6398,346310c81af8a1637413a81c7ade937200c1c5f9bdeacce3d835fc535a2a280c,full_tensor_sha256,cb8e9199ffc4501e753bbedf6ed380330e9ce652c0dd95f3972f712c3c9392c9,0.0,0.8638191502541304,0.0,0.49228896386921406,0.04408904351294041,0.8411260787397623,0.367848202586174,2.609171438962221,79.53036483377218,46.359195141121745,502.5624150875956,291.43846966326237,4320,40,,7.3473173386245945,False,False,ok
Schirrmeister2017,development,normalized_update,fixed_spdsw_k40,fixed,uniform,False,2,6398,108,40,0.0,0.00016237108191693972,0.012742491197444075,,,,,0.00014970773195903625,7.347317338624595,0.00016237108191693972,0.00018345609262749012,0.0007906635732670249,8.783030538363973e-07,3.6888794541139367,39.99999999999999,0.025,0.125,6398,346310c81af8a1637413a81c7ade937200c1c5f9bdeacce3d835fc535a2a280c,full_tensor_sha256,cb8e9199ffc4501e753bbedf6ed380330e9ce652c0dd95f3972f712c3c9392c9,0.0,0.8606088813394308,0.0,0.49316813237965107,0.04358612932264805,0.8331290446221828,0.3796548116952181,2.610146999359131,79.53036483377218,46.359195141121745,505.1725620869547,291.43846966326237,4360,40,,7.3473173386245945,False,False,ok
Schirrmeister2017,development,normalized_update,fixed_spdsw_k40,fixed,uniform,False,2,6398,109,40,0.0,0.000934981133382731,0.030577461199104334,,,,,0.0003600185215299672,7.3473173386245945,0.000934981133382731,0.0010608095222027207,0.004569862639373588,1.206822688782719e-06,3.6888794541139367,39.99999999999999,0.025,0.125,6398,346310c81af8a1637413a81c7ade937200c1c5f9bdeacce3d835fc535a2a280c,full_tensor_sha256,cb8e9199ffc4501e753bbedf6ed380330e9ce652c0dd95f3972f712c3c9392c9,0.0,0.8639260195195675,0.0,0.4945539403706789,0.04374515265226364,0.8654699195176363,0.36880793049931526,2.6365029625594616,79.53036483377218,46.359195141121745,507.8090650495142,291.43846966326237,4400,40,,7.3473173386245945,False,False,ok
Schirrmeister2017,development,normalized_update,fixed_spdsw_k40,fixed,uniform,False,2,6398,110,40,0.0,0.00016237108923428968,0.012742491484568066,,,,,0.00014970773712249898,7.3473173386245945,0.00016237108923428968,0.00018344800957170225,0.0007905824504742967,8.766636946315838e-07,3.6888794541139367,39.99999999999999,0.025,0.125,6398,346310c81af8a1637413a81c7ade937200c1c5f9bdeacce3d835fc535a2a280c,full_tensor_sha256,cb8e9199ffc4501e753bbedf6ed380330e9ce652c0dd95f3972f712c3c9392c9,0.0,0.8682981133460999,0.0,0.5019169766455889,0.04425900988280773,0.830087112262845,0.3688849974423647,2.613446209579706,79.53036483377218,46.359195141121745,510.4225112590939,291.43846966326237,4440,40,,7.3473173386245945,False,False,ok
Schirrmeister2017,development,normalized_update,fixed_spdsw_k40,fixed,uniform,False,2,6398,111,40,0.0,0.0009349811464588007,0.030577461412923092,,,,,0.00036001852806268774,7.3473173386245945,0.0009349811464588007,0.0010607643126548441,0.004569409225399954,1.2061995961942253e-06,3.6888794541139367,39.99999999999999,0.025,0.125,6398,346310c81af8a1637413a81c7ade937200c1c5f9bdeacce3d835fc535a2a280c,full_tensor_sha256,cb8e9199ffc4501e753bbedf6ed380330e9ce652c0dd95f3972f712c3c9392c9,0.0,0.862381886690855,0.0,0.4885708913207054,0.04333700053393841,0.8667518850415945,0.3710940945893526,2.632135758176446,79.53036483377218,46.359195141121745,513.0546470172703,291.43846966326237,4480,40,,7.3473173386245945,False,False,ok
Schirrmeister2017,development,normalized_update,fixed_spdsw_k40,fixed,uniform,False,2,6398,112,40,0.0,0.00016237109508065228,0.012742491713972282,,,,,0.00014970774124687967,7.347317338624595,0.00016237109508065228,0.00018344081936312148,0.0007905104436966237,8.751943003105712e-07,3.6888794541139367,39.99999999999999,0.025,0.125,6398,346310c81af8a1637413a81c7ade937200c1c5f9bdeacce3d835fc535a2a280c,full_tensor_sha256,cb8e9199ffc4501e753bbedf6ed380330e9ce652c0dd95f3972f712c3c9392c9,0.0,0.8638459257781506,0.0,0.4966151900589466,0.04406087100505829,0.8824958931654692,0.3717481158673763,2.658765995875001,79.53036483377218,46.359195141121745,515.7134130131453,291.43846966326237,4520,40,,7.3473173386245945,False,False,ok
Schirrmeister2017,development,normalized_update,fixed_spdsw_k40,fixed,uniform,False,2,6398,113,40,0.0,0.0009349811567632212,0.030577461581420082,,,,,0.0003600185332486111,7.3473173386245945,0.0009349811567632212,0.0010607240964068984,0.004569006767150266,1.2056520774973005e-06,3.6888794541139367,39.99999999999999,0.025,0.125,6398,346310c81af8a1637413a81c7ade937200c1c5f9bdeacce3d835fc535a2a280c,full_tensor_sha256,cb8e9199ffc4501e753bbedf6ed380330e9ce652c0dd95f3972f712c3c9392c9,0.0,0.8646280039101839,0.0,0.5082169082015753,0.0460559967905283,0.8719270117580891,0.36837300285696983,2.6592009235173464,79.53036483377218,46.359195141121745,518.3726139366627,291.43846966326237,4560,40,,7.3473173386245945,False,False,ok
Schirrmeister2017,development,normalized_update,fixed_spdsw_k40,fixed,uniform,False,2,6398,114,40,0.0,0.00016237109971850051,0.01274249189595585,,,,,0.0001497077445252165,7.347317338624595,0.00016237109971850051,0.00018343442170637783,0.0007904465237957067,8.738766297721381e-07,3.6888794541139367,39.99999999999999,0.025,0.125,6398,346310c81af8a1637413a81c7ade937200c1c5f9bdeacce3d835fc535a2a280c,full_tensor_sha256,cb8e9199ffc4501e753bbedf6ed380330e9ce652c0dd95f3972f712c3c9392c9,0.0,0.8655388373881578,0.0,0.5099191330373287,0.045584049075841904,0.8424411062151194,0.36961096338927746,2.6330940891057253,79.53036483377218,46.359195141121745,521.0057080257684,291.43846966326237,4600,40,,7.3473173386245945,False,False,ok
Schirrmeister2017,development,normalized_update,fixed_spdsw_k40,fixed,uniform,False,2,6398,115,40,0.0,0.0009349811649624882,0.030577461715493786,,,,,0.00036001853736812486,7.3473173386245945,0.0009349811649624882,0.0010606883114116215,0.004568649507189961,1.205171029680426e-06,3.6888794541139367,39.99999999999999,0.025,0.125,6398,346310c81af8a1637413a81c7ade937200c1c5f9bdeacce3d835fc535a2a280c,full_tensor_sha256,cb8e9199ffc4501e753bbedf6ed380330e9ce652c0dd95f3972f712c3c9392c9,0.0,0.8639071602374315,0.0,0.5225178319960833,0.043783802539110184,0.8298489265143871,0.369213055819273,2.629270777106285,79.53036483377218,46.359195141121745,523.6349788028747,291.43846966326237,4640,40,,7.3473173386245945,False,False,ok
Schirrmeister2017,development,normalized_update,fixed_spdsw_k40,fixed,uniform,False,2,6398,116,40,0.0,0.0001623711035446546,0.012742492046089517,,,,,0.00014970774720292422,7.3473173386245945,0.0001623711035446546,0.00018342872730818156,0.0007903897774234211,8.726949213575845e-07,3.6888794541139367,39.99999999999999,0.025,0.125,6398,346310c81af8a1637413a81c7ade937200c1c5f9bdeacce3d835fc535a2a280c,full_tensor_sha256,cb8e9199ffc4501e753bbedf6ed380330e9ce652c0dd95f3972f712c3c9392c9,0.0,0.86381402797997,0.0,0.4973339382559061,0.043934909626841545,0.8415908087044954,0.37132902070879936,2.6180027052760124,79.53036483377218,46.359195141121745,526.2529815081507,291.43846966326237,4680,40,,7.3473173386245945,False,False,ok
Schirrmeister2017,development,normalized_update,fixed_spdsw_k40,fixed,uniform,False,2,6398,117,40,0.0,0.000934981170964059,0.03057746181363095,,,,,0.0003600185405375923,7.3473173386245945,0.000934981170964059,0.0010606564589574633,0.004568332343751874,1.204748435044358e-06,3.6888794541139367,39.99999999999999,0.025,0.125,6398,346310c81af8a1637413a81c7ade937200c1c5f9bdeacce3d835fc535a2a280c,full_tensor_sha256,cb8e9199ffc4501e753bbedf6ed380330e9ce652c0dd95f3972f712c3c9392c9,0.0,0.8627630304545164,0.0,0.5012089386582375,0.04577520303428173,0.8421468082815409,0.3682530950754881,2.6201470755040646,79.53036483377218,46.359195141121745,528.8731285836548,291.43846966326237,4720,40,,7.3473173386245945,False,False,ok
Schirrmeister2017,development,normalized_update,fixed_spdsw_k40,fixed,uniform,False,2,6398,118,40,0.0,0.00016237110667556635,0.012742492168942712,,,,,0.0001497077493463198,7.347317338624595,0.00016237110667556635,0.00018342365773435062,0.0007903393973204663,8.716349819735818e-07,3.6888794541139367,39.99999999999999,0.025,0.125,6398,346310c81af8a1637413a81c7ade937200c1c5f9bdeacce3d835fc535a2a280c,full_tensor_sha256,cb8e9199ffc4501e753bbedf6ed380330e9ce652c0dd95f3972f712c3c9392c9,0.0,0.864463159814477,0.0,0.49936212599277496,0.0446750782430172,0.8293830323964357,0.3696042113006115,2.6074876077473164,79.53036483377218,46.359195141121745,531.4806161914021,291.43846966326237,4760,40,,7.3473173386245945,False,False,ok
Schirrmeister2017,development,normalized_update,fixed_spdsw_k40,fixed,uniform,False,2,6398,119,40,0.0,0.0009349811755481089,0.030577461888588935,,,,,0.00036001854300862264,7.347317338624595,0.0009349811755481089,0.0010606280986225933,0.004568050746400278,1.2043782148368034e-06,3.6888794541139367,39.99999999999999,0.025,0.125,6398,346310c81af8a1637413a81c7ade937200c1c5f9bdeacce3d835fc535a2a280c,full_tensor_sha256,cb8e9199ffc4501e753bbedf6ed380330e9ce652c0dd95f3972f712c3c9392c9,0.0,0.8606419432908297,0.0,0.4966338165104389,0.0438871793448925,0.8268868550658226,0.3679669462144375,2.596016740426421,79.53036483377218,46.359195141121745,534.0766329318285,291.43846966326237,4800,40,,7.3473173386245945,False,False,ok
Schirrmeister2017,development,normalized_update,fixed_spdsw_k40,fixed,uniform,False,2,6398,120,40,0.0,0.00016237110928123504,0.012742492271186004,,,,,0.00014970775112240308,7.347317338624595,0.00016237110928123504,0.00018341914272250633,0.0007902946615463797,8.706839588605915e-07,3.6888794541139367,39.99999999999999,0.025,0.125,6398,346310c81af8a1637413a81c7ade937200c1c5f9bdeacce3d835fc535a2a280c,full_tensor_sha256,cb8e9199ffc4501e753bbedf6ed380330e9ce652c0dd95f3972f712c3c9392c9,0.0,0.8642110042273998,0.0,0.5018829833716154,0.044187065213918686,0.8298989851027727,0.37137605249881744,2.611556090414524,79.53036483377218,46.359195141121745,536.688189022243,291.43846966326237,4840,40,,7.3473173386245945,False,False,ok
Schirrmeister2017,development,normalized_update,fixed_spdsw_k40,fixed,uniform,False,2,6398,121,40,0.0,0.0009349811790885671,0.030577461946482202,,,,,0.0003600185449568999,7.347317338624595,0.0009349811790885671,0.0010606028403772495,0.00456780070355392,1.2040539887295012e-06,3.6888794541139367,39.99999999999999,0.025,0.125,6398,346310c81af8a1637413a81c7ade937200c1c5f9bdeacce3d835fc535a2a280c,full_tensor_sha256,cb8e9199ffc4501e753bbedf6ed380330e9ce652c0dd95f3972f712c3c9392c9,0.0,0.8634061086922884,0.0,0.4925380926579237,0.04478613846004009,0.8391798473894596,0.36812108010053635,2.608031267300248,79.53036483377218,46.359195141121745,539.2962202895433,291.43846966326237,4880,40,,7.3473173386245945,False,False,ok
Schirrmeister2017,development,normalized_update,fixed_spdsw_k40,fixed,uniform,False,2,6398,122,40,0.0,0.00016237111139642238,0.012742492354183399,,,,,0.0001497077525432951,7.3473173386245945,0.00016237111139642238,0.0001834151209693126,0.0007902549373701681,8.69830683369045e-07,3.6888794541139367,39.99999999999999,0.025,0.125,6398,346310c81af8a1637413a81c7ade937200c1c5f9bdeacce3d835fc535a2a280c,full_tensor_sha256,cb8e9199ffc4501e753bbedf6ed380330e9ce652c0dd95f3972f712c3c9392c9,0.0,0.8633669931441545,0.0,0.49367500469088554,0.043326057493686676,0.858847051858902,0.37179701030254364,2.6310121174901724,79.53036483377218,46.359195141121745,541.9272324070334,291.43846966326237,4920,40,,7.3473173386245945,False,False,ok
Schirrmeister2017,development,normalized_update,fixed_spdsw_k40,fixed,uniform,False,2,6398,123,40,0.0,0.0009349811815056845,0.030577461986006693,,,,,0.0003600185464173785,7.3473173386245945,0.0009349811815056845,0.0010605803396871102,0.004567578661228591,1.2037697248168429e-06,3.6888794541139367,39.99999999999999,0.025,0.125,6398,346310c81af8a1637413a81c7ade937200c1c5f9bdeacce3d835fc535a2a280c,full_tensor_sha256,cb8e9199ffc4501e753bbedf6ed380330e9ce652c0dd95f3972f712c3c9392c9,0.0,0.8623139001429081,0.0,0.49656396731734276,0.044359127059578896,0.8681479375809431,0.36890991032123566,2.6402948424220085,79.53036483377218,46.359195141121745,544.5675272494555,291.43846966326237,4960,40,,7.3473173386245945,False,False,ok
Schirrmeister2017,development,normalized_update,fixed_spdsw_k40,fixed,uniform,False,2,6398,124,40,0.0,0.00016237111322351178,0.01274249242587618,,,,,0.00014970775377971089,7.3473173386245945,0.00016237111322351178,0.000183411537512241,0.000790219658825641,8.690649585587205e-07,3.6888794541139367,39.99999999999999,0.025,0.125,6398,346310c81af8a1637413a81c7ade937200c1c5f9bdeacce3d835fc535a2a280c,full_tensor_sha256,cb8e9199ffc4501e753bbedf6ed380330e9ce652c0dd95f3972f712c3c9392c9,0.0,0.8612081874161959,0.0,0.5062029231339693,0.04420289769768715,0.8346561808139086,0.3720768727362156,2.6183470617979765,79.53036483377218,46.359195141121745,547.1858743112534,291.43846966326237,5000,40,,7.3473173386245945,False,False,ok
Schirrmeister2017,development,normalized_update,fixed_spdsw_k40,fixed,uniform,False,2,6398,125,40,0.0,0.0009349811836072662,0.030577462020371576,92.03054301947827,0.9986644366797031,0.1335563320296911,0.1335563320296911,0.00036001854765569465,7.3473173386245945,0.0009349811836072662,0.0010605602904935132,0.004567381472814521,1.2035212049694185e-06,3.6888794541139367,39.99999999999999,0.025,0.125,6398,346310c81af8a1637413a81c7ade937200c1c5f9bdeacce3d835fc535a2a280c,full_tensor_sha256,cb8e9199ffc4501e753bbedf6ed380330e9ce652c0dd95f3972f712c3c9392c9,0.0,0.8673989214003086,0.0,0.5055370274931192,0.047075096517801285,0.8757808245718479,0.3661690279841423,2.6619608979672194,79.53036483377218,46.359195141121745,549.8478352092206,320.4894936643541,5040,40,,7.3473173386245945,False,False,ok
Schirrmeister2017,development,normalized_update,fixed_spdsw_k40,fixed,uniform,False,2,6398,126,40,0.0,0.00016237111467871126,0.012742492482976448,,,,,0.00014970775471854515,7.3473173386245945,0.00016237111467871126,0.00018340834403211988,0.000790188327473169,8.683774712601343e-07,3.6888794541139367,39.99999999999999,0.025,0.125,6398,346310c81af8a1637413a81c7ade937200c1c5f9bdeacce3d835fc535a2a280c,full_tensor_sha256,cb8e9199ffc4501e753bbedf6ed380330e9ce652c0dd95f3972f712c3c9392c9,0.0,0.8689239621162415,0.0,0.5181641317903996,0.04698592238128185,1.219914061948657,0.374798895791173,3.028786974027753,79.53036483377218,46.359195141121745,552.8766221832484,320.4894936643541,5080,40,,7.3473173386245945,False,False,ok
Schirrmeister2017,development,normalized_update,fixed_spdsw_k40,fixed,uniform,False,2,6398,127,40,0.0,0.000934981185021871,0.03057746204350307,,,,,0.0003600185485863769,7.347317338624595,0.000934981185021871,0.0010605424228477516,0.0045672063406412,1.2033034996792659e-06,3.6888794541139367,39.99999999999999,0.025,0.125,6398,346310c81af8a1637413a81c7ade937200c1c5f9bdeacce3d835fc535a2a280c,full_tensor_sha256,cb8e9199ffc4501e753bbedf6ed380330e9ce652c0dd95f3972f712c3c9392c9,0.0,0.8655199781060219,0.0,0.5036878865212202,0.044795917347073555,0.87313586845994,0.37027010694146156,2.657409757375717,79.53036483377218,46.359195141121745,555.5340319406241,320.4894936643541,5120,40,,7.3473173386245945,False,False,ok
Schirrmeister2017,development,normalized_update,fixed_spdsw_k40,fixed,uniform,False,2,6398,128,40,0.0,0.00016237111592925534,0.012742492532046285,,,,,0.00014970775553831898,7.347317338624595,0.00016237111592925534,0.00018340549763997955,0.0007901604990297182,8.67760402669085e-07,3.6888794541139367,39.99999999999999,0.025,0.125,6398,346310c81af8a1637413a81c7ade937200c1c5f9bdeacce3d835fc535a2a280c,full_tensor_sha256,cb8e9199ffc4501e753bbedf6ed380330e9ce652c0dd95f3972f712c3c9392c9,0.0,0.8635199628770351,0.0,0.49485196359455585,0.0445579644292593,0.8371439762413502,0.3738629166036844,2.613936783745885,79.53036483377218,46.359195141121745,558.14796872437,320.4894936643541,5160,40,,7.3473173386245945,False,False,ok
Schirrmeister2017,development,normalized_update,fixed_spdsw_k40,fixed,uniform,False,2,6398,129,40,0.0,0.0009349811859896226,0.03057746205932766,,,,,0.00036001854927800235,7.3473173386245945,0.0009349811859896226,0.0010605264960652236,0.004567050788102722,1.203112938804955e-06,3.6888794541139367,39.99999999999999,0.025,0.125,6398,346310c81af8a1637413a81c7ade937200c1c5f9bdeacce3d835fc535a2a280c,full_tensor_sha256,cb8e9199ffc4501e753bbedf6ed380330e9ce652c0dd95f3972f712c3c9392c9,0.0,0.8621418382972479,0.0,0.4906589165329933,0.052693067118525505,0.8288270328193903,0.3735360223799944,2.6078568771481514,79.53036483377218,46.359195141121745,560.7558256015182,320.4894936643541,5200,40,,7.3473173386245945,False,False,ok
Schirrmeister2017,development,normalized_update,fixed_spdsw_k40,fixed,uniform,False,2,6398,130,40,0.0,0.0001623711169726678,0.012742492572988528,,,,,0.00014970775620360276,7.347317338624595,0.0001623711169726678,0.00018340296009232228,0.0007901357804166521,8.672064476694336e-07,3.6888794541139367,39.99999999999999,0.025,0.125,6398,346310c81af8a1637413a81c7ade937200c1c5f9bdeacce3d835fc535a2a280c,full_tensor_sha256,cb8e9199ffc4501e753bbedf6ed380330e9ce652c0dd95f3972f712c3c9392c9,0.0,0.8620319422334433,0.0,0.4962300881743431,0.04404596984386444,0.9338269010186195,0.37085101939737797,2.7069859206676483,79.53036483377218,46.359195141121745,563.4628115221858,320.4894936643541,5240,40,,7.3473173386245945,False,False,ok
Schirrmeister2017,development,normalized_update,fixed_spdsw_k40,fixed,uniform,False,2,6398,131,40,0.0,0.0009349811865811416,0.030577462069000128,,,,,0.00036001854980988906,7.3473173386245945,0.0009349811865811416,0.0010605122973964866,0.004566912617674323,1.2029464368333145e-06,3.6888794541139367,39.99999999999999,0.025,0.125,6398,346310c81af8a1637413a81c7ade937200c1c5f9bdeacce3d835fc535a2a280c,full_tensor_sha256,cb8e9199ffc4501e753bbedf6ed380330e9ce652c0dd95f3972f712c3c9392c9,0.0,0.8609620854258537,0.0,0.49177813343703747,0.04337099380791187,0.8268458768725395,0.36581093445420265,2.5887680239975452,79.53036483377218,46.359195141121745,566.0515795461833,320.4894936643541,5280,40,,7.3473173386245945,False,False,ok
Schirrmeister2017,development,normalized_update,fixed_spdsw_k40,fixed,uniform,False,2,6398,132,40,0.0,0.00016237111789344462,0.012742492609118698,,,,,0.00014970775677658525,7.3473173386245945,0.00016237111789344462,0.00018340069764103954,0.0007901138229626217,8.667091584090835e-07,3.6888794541139367,39.99999999999999,0.025,0.125,6398,346310c81af8a1637413a81c7ade937200c1c5f9bdeacce3d835fc535a2a280c,full_tensor_sha256,cb8e9199ffc4501e753bbedf6ed380330e9ce652c0dd95f3972f712c3c9392c9,0.0,0.8628000505268574,0.0,0.4977830685675144,0.043699052184820175,0.8374960161745548,0.3728980664163828,2.6146762538701296,79.53036483377218,46.359195141121745,568.6662558000535,320.4894936643541,5320,40,,7.3473173386245945,False,False,ok
Schirrmeister2017,development,normalized_update,fixed_spdsw_k40,fixed,uniform,False,2,6398,133,40,0.0,0.0009349811869651108,0.03057746207527876,,,,,0.00036001855021125664,7.3473173386245945,0.0009349811869651108,0.0010604996360026367,0.004566789872987767,1.2028013883863323e-06,3.6888794541139367,39.99999999999999,0.025,0.125,6398,346310c81af8a1637413a81c7ade937200c1c5f9bdeacce3d835fc535a2a280c,full_tensor_sha256,cb8e9199ffc4501e753bbedf6ed380330e9ce652c0dd95f3972f712c3c9392c9,0.0,0.8622109889984131,0.0,0.49643893726170063,0.0438150018453598,0.8531080093234777,0.3681317903101444,2.6237047277390957,79.53036483377218,46.359195141121745,571.2899605277926,320.4894936643541,5360,40,,7.3473173386245945,False,False,ok
Schirrmeister2017,development,normalized_update,fixed_spdsw_k40,fixed,uniform,False,2,6398,134,40,0.0,0.00016237111866765862,0.012742492639497918,,,,,0.00014970775725706988,7.3473173386245945,0.00016237111866765862,0.00018339867971599818,0.0007900943153293549,8.662627858737239e-07,3.6888794541139367,39.99999999999999,0.025,0.125,6398,346310c81af8a1637413a81c7ade937200c1c5f9bdeacce3d835fc535a2a280c,full_tensor_sha256,cb8e9199ffc4501e753bbedf6ed380330e9ce652c0dd95f3972f712c3c9392c9,0.0,0.86195208132267,0.0,0.49656094051897526,0.04534190520644188,0.8251830004155636,0.3780729603022337,2.6071108877658844,79.53036483377218,46.359195141121745,573.8970714155585,320.4894936643541,5400,40,,7.3473173386245945,False,False,ok
Schirrmeister2017,development,normalized_update,fixed_spdsw_k40,fixed,uniform,False,2,6398,135,40,0.0,0.0009349811872109495,0.030577462079298692,,,,,0.0003600185505305798,7.347317338624595,0.0009349811872109495,0.001060488343963453,0.004566680826704709,1.2026746146116037e-06,3.6888794541139367,39.99999999999999,0.025,0.125,6398,346310c81af8a1637413a81c7ade937200c1c5f9bdeacce3d835fc535a2a280c,full_tensor_sha256,cb8e9199ffc4501e753bbedf6ed380330e9ce652c0dd95f3972f712c3c9392c9,0.0,0.8619450964033604,0.0,0.4914328455924988,0.043394044041633606,0.863304128870368,0.3687299322336912,2.628806047141552,79.53036483377218,46.359195141121745,576.5258774627,320.4894936643541,5440,40,,7.3473173386245945,False,False,ok
Schirrmeister2017,development,normalized_update,fixed_spdsw_k40,fixed,uniform,False,2,6398,136,40,0.0,0.00016237111932401185,0.012742492665252425,,,,,0.00014970775765974206,7.347317338624595,0.00016237111932401185,0.00018339688012246772,0.0007900769851585354,8.658620579071756e-07,3.6888794541139367,39.99999999999999,0.025,0.125,6398,346310c81af8a1637413a81c7ade937200c1c5f9bdeacce3d835fc535a2a280c,full_tensor_sha256,cb8e9199ffc4501e753bbedf6ed380330e9ce652c0dd95f3972f712c3c9392c9,0.0,0.8621690794825554,0.0,0.4927590489387512,0.04366319626569748,0.8264719508588314,0.37110992707312107,2.5961732026189566,79.53036483377218,46.359195141121745,579.122050665319,320.4894936643541,5480,40,,7.3473173386245945,False,False,ok
Schirrmeister2017,development,normalized_update,fixed_spdsw_k40,fixed,uniform,False,2,6398,137,40,0.0,0.0009349811873908498,0.030577462082240405,,,,,0.0003600185507953672,7.3473173386245945,0.0009349811873908498,0.0010604782728618474,0.004566583949094141,1.2025639781203656e-06,3.6888794541139367,39.99999999999999,0.025,0.125,6398,346310c81af8a1637413a81c7ade937200c1c5f9bdeacce3d835fc535a2a280c,full_tensor_sha256,cb8e9199ffc4501e753bbedf6ed380330e9ce652c0dd95f3972f712c3c9392c9,0.0,0.8629569783806801,0.0,0.4955350887030363,0.044276006519794464,0.823022099211812,0.3661948721855879,2.5919850450009108,79.53036483377218,46.359195141121745,581.7140357103199,320.4894936643541,5520,40,,7.3473173386245945,False,False,ok
Schirrmeister2017,development,normalized_update,fixed_spdsw_k40,fixed,uniform,False,2,6398,138,40,0.0,0.00016237111988646482,0.0127424926873224,,,,,0.00014970775798809117,7.3473173386245945,0.00016237111988646482,0.0001833952747672024,0.0007900615872623662,8.65502163719104e-07,3.6888794541139367,39.99999999999999,0.025,0.125,6398,346310c81af8a1637413a81c7ade937200c1c5f9bdeacce3d835fc535a2a280c,full_tensor_sha256,cb8e9199ffc4501e753bbedf6ed380330e9ce652c0dd95f3972f712c3c9392c9,0.0,0.8611688390374184,0.0,0.4887129180133343,0.04440802149474621,0.8426189888268709,0.3691348247230053,2.606043592095375,79.53036483377218,46.359195141121745,584.3200793024153,320.4894936643541,5560,40,,7.3473173386245945,False,False,ok
Schirrmeister2017,development,normalized_update,fixed_spdsw_k40,fixed,uniform,False,2,6398,139,40,0.0,0.0009349811872112726,0.030577462079303976,,,,,0.00036001855090761394,7.3473173386245945,0.0009349811872112726,0.0010604692878788931,0.004566497871149255,1.2024675888699129e-06,3.6888794541139367,39.99999999999999,0.025,0.125,6398,346310c81af8a1637413a81c7ade937200c1c5f9bdeacce3d835fc535a2a280c,full_tensor_sha256,cb8e9199ffc4501e753bbedf6ed380330e9ce652c0dd95f3972f712c3c9392c9,0.0,0.862412853166461,0.0,0.4903869703412056,0.04457100294530392,0.8363369852304459,0.3766990266740322,2.6104068383574486,79.53036483377218,46.359195141121745,586.9304861407727,320.4894936643541,5600,40,,7.3473173386245945,False,False,ok
Schirrmeister2017,development,normalized_update,fixed_spdsw_k40,fixed,uniform,False,2,6398,140,40,0.0,0.00016237112039916408,0.012742492707440097,,,,,0.00014970775829034033,7.3473173386245945,0.00016237112039916408,0.0001833938424646144,0.0007900479056187819,8.651791446153623e-07,3.6888794541139367,39.99999999999999,0.025,0.125,6398,346310c81af8a1637413a81c7ade937200c1c5f9bdeacce3d835fc535a2a280c,full_tensor_sha256,cb8e9199ffc4501e753bbedf6ed380330e9ce652c0dd95f3972f712c3c9392c9,0.0,0.8654659613966942,0.0,0.49599609337747097,0.04437309689819813,0.8959530387073755,0.37244404666125774,2.6742322370409966,79.53036483377218,46.359195141121745,589.6047183778137,320.4894936643541,5640,40,,7.3473173386245945,False,False,ok
Schirrmeister2017,development,normalized_update,fixed_spdsw_k40,fixed,uniform,False,2,6398,141,40,0.0,0.0009349811872361162,0.030577462079710217,,,,,0.000360018551061785,7.3473173386245945,0.0009349811872361162,0.0010604612719526654,0.004566421388559325,1.2023840509311938e-06,3.6888794541139367,39.99999999999999,0.025,0.125,6398,346310c81af8a1637413a81c7ade937200c1c5f9bdeacce3d835fc535a2a280c,full_tensor_sha256,cb8e9199ffc4501e753bbedf6ed380330e9ce652c0dd95f3972f712c3c9392c9,0.0,0.86241215467453,0.0,0.4899508785456419,0.04351302050054073,0.84292097017169,0.3661150112748146,2.6049120351672173,79.53036483377218,46.359195141121745,592.2096304129809,320.4894936643541,5680,40,,7.3473173386245945,False,False,ok
Schirrmeister2017,development,normalized_update,fixed_spdsw_k40,fixed,uniform,False,2,6398,142,40,0.0,0.00016237112078977116,0.012742492722767047,,,,,0.0001497077585023809,7.3473173386245945,0.00016237112078977116,0.00018339256456851146,0.0007900357487994193,8.648890530404132e-07,3.6888794541139367,39.99999999999999,0.025,0.125,6398,346310c81af8a1637413a81c7ade937200c1c5f9bdeacce3d835fc535a2a280c,full_tensor_sha256,cb8e9199ffc4501e753bbedf6ed380330e9ce652c0dd95f3972f712c3c9392c9,0.0,0.8618959691375494,0.0,0.48332312144339085,0.04336913116276264,0.8721770718693733,0.3698267973959446,2.630592091009021,79.53036483377218,46.359195141121745,594.8402225039899,320.4894936643541,5720,40,,7.3473173386245945,False,False,ok
Schirrmeister2017,development,normalized_update,fixed_spdsw_k40,fixed,uniform,False,2,6398,143,40,0.0,0.0009349811867414878,0.030577462071622097,,,,,0.0003600185510453093,7.347317338624595,0.0009349811867414878,0.0010604541194253923,0.00456635342351442,1.2023115476335796e-06,3.6888794541139367,39.99999999999999,0.025,0.125,6398,346310c81af8a1637413a81c7ade937200c1c5f9bdeacce3d835fc535a2a280c,full_tensor_sha256,cb8e9199ffc4501e753bbedf6ed380330e9ce652c0dd95f3972f712c3c9392c9,0.0,0.863207969814539,0.0,0.48229587264359,0.043721869587898254,0.8458460215479136,0.368952052667737,2.6040237862616777,79.53036483377218,46.359195141121745,597.4442462902516,320.4894936643541,5760,40,,7.3473173386245945,False,False,ok
Schirrmeister2017,development,normalized_update,fixed_spdsw_k40,fixed,uniform,False,2,6398,144,40,0.0,0.00016237112126381184,0.01274249274136783,,,,,0.0001497077587782604,7.347317338624595,0.00016237112126381184,0.0001833914243341437,0.0007900249449950598,8.646285531801352e-07,3.6888794541139367,39.99999999999999,0.025,0.125,6398,346310c81af8a1637413a81c7ade937200c1c5f9bdeacce3d835fc535a2a280c,full_tensor_sha256,cb8e9199ffc4501e753bbedf6ed380330e9ce652c0dd95f3972f712c3c9392c9,0.0,0.8608251810073853,0.0,0.4936410114169121,0.05141901783645153,0.8356610778719187,0.3779709804803133,2.619517268612981,79.53036483377218,46.359195141121745,600.0637635588646,320.4894936643541,5800,40,,7.3473173386245945,False,False,ok
Schirrmeister2017,development,normalized_update,fixed_spdsw_k40,fixed,uniform,False,2,6398,145,40,0.0,0.0009349811864597225,0.030577462067014696,,,,,0.000360018551091823,7.347317338624595,0.0009349811864597225,0.0010604477366823047,0.00456629302243758,1.2022483450672365e-06,3.6888794541139367,39.99999999999999,0.025,0.125,6398,346310c81af8a1637413a81c7ade937200c1c5f9bdeacce3d835fc535a2a280c,full_tensor_sha256,cb8e9199ffc4501e753bbedf6ed380330e9ce652c0dd95f3972f712c3c9392c9,0.0,0.8628650102764368,0.0,0.4970270674675703,0.044181011617183685,0.8293259888887405,0.3659399226307869,2.5993390008807182,79.53036483377218,46.359195141121745,602.6631025597453,320.4894936643541,5840,40,,7.3473173386245945,False,False,ok
Schirrmeister2017,development,normalized_update,fixed_spdsw_k40,fixed,uniform,False,2,6398,146,40,0.0,0.00016237112164106996,0.012742492756170983,,,,,0.00014970775896973825,7.3473173386245945,0.00016237112164106996,0.00018339040673212237,0.0007900153441358284,8.643947129226591e-07,3.6888794541139367,39.99999999999999,0.025,0.125,6398,346310c81af8a1637413a81c7ade937200c1c5f9bdeacce3d835fc535a2a280c,full_tensor_sha256,cb8e9199ffc4501e753bbedf6ed380330e9ce652c0dd95f3972f712c3c9392c9,0.0,0.8619939908385277,0.0,0.4948258865624666,0.04408904351294041,0.8412620518356562,0.36763306707143784,2.6098040398210287,79.53036483377218,46.359195141121745,605.2729065995663,320.4894936643541,5880,40,,7.3473173386245945,False,False,ok
Schirrmeister2017,development,normalized_update,fixed_spdsw_k40,fixed,uniform,False,2,6398,147,40,0.0,0.0009349811860552061,0.030577462060400077,,,,,0.00036001855108451817,7.347317338624595,0.0009349811860552061,0.00106044204014261,0.004566239347529118,1.2021935193002099e-06,3.6888794541139367,39.99999999999999,0.025,0.125,6398,346310c81af8a1637413a81c7ade937200c1c5f9bdeacce3d835fc535a2a280c,full_tensor_sha256,cb8e9199ffc4501e753bbedf6ed380330e9ce652c0dd95f3972f712c3c9392c9,0.0,0.8663740009069443,0.0,0.49356999807059765,0.04434003494679928,0.8303709328174591,0.36623398773372173,2.600888954475522,79.53036483377218,46.359195141121745,607.8737955540419,320.4894936643541,5920,40,,7.3473173386245945,False,False,ok
Schirrmeister2017,development,normalized_update,fixed_spdsw_k40,fixed,uniform,False,2,6398,148,40,0.0,0.00016237112201550436,0.012742492770863334,,,,,0.00014970775918781709,7.347317338624595,0.00016237112201550436,0.00018338949854259794,0.0007900068124656202,8.6418485774861e-07,3.6888794541139367,39.99999999999999,0.025,0.125,6398,346310c81af8a1637413a81c7ade937200c1c5f9bdeacce3d835fc535a2a280c,full_tensor_sha256,cb8e9199ffc4501e753bbedf6ed380330e9ce652c0dd95f3972f712c3c9392c9,0.0,0.8628489449620247,0.0,0.5020538810640574,0.04443898797035217,0.839548883959651,0.3695369232445955,2.6184276212006807,79.53036483377218,46.359195141121745,610.4922231752425,320.4894936643541,5960,40,,7.3473173386245945,False,False,ok
Schirrmeister2017,development,normalized_update,fixed_spdsw_k40,fixed,uniform,False,2,6398,149,40,0.0,0.0009349811857216864,0.03057746205494639,,,,,0.0003600185510785074,7.3473173386245945,0.0009349811857216864,0.0010604369560895954,0.004566191646865158,1.202146151232416e-06,3.6888794541139367,39.99999999999999,0.025,0.125,6398,346310c81af8a1637413a81c7ade937200c1c5f9bdeacce3d835fc535a2a280c,full_tensor_sha256,cb8e9199ffc4501e753bbedf6ed380330e9ce652c0dd95f3972f712c3c9392c9,0.0,0.8599841967225075,0.0,0.4878879990428686,0.04388880915939808,0.8728518150746822,0.36741094663739204,2.6320237666368484,79.53036483377218,46.359195141121745,613.1242469418794,320.4894936643541,6000,40,,7.3473173386245945,False,False,ok
Schirrmeister2017,development,normalized_update,fixed_spdsw_k40,fixed,uniform,False,2,6398,150,40,0.0,0.00016237112233965197,0.012742492783582495,92.05793844253218,0.9989617166243182,0.10382833756818068,0.10382833756818068,0.00014970775935691357,7.347317338624595,0.00016237112233965197,0.00018338868790894765,0.0007899992296393631,8.639964869129e-07,3.6888794541139367,39.99999999999999,0.025,0.125,6398,346310c81af8a1637413a81c7ade937200c1c5f9bdeacce3d835fc535a2a280c,full_tensor_sha256,cb8e9199ffc4501e753bbedf6ed380330e9ce652c0dd95f3972f712c3c9392c9,0.0,0.8619918953627348,0.0,0.49463799223303795,0.0435651745647192,0.8306398522108793,0.3697688225656748,2.600603736937046,79.53036483377218,46.359195141121745,615.7248506788164,351.3730347622186,6040,40,,7.3473173386245945,False,False,ok
Schirrmeister2017,development,normalized_update,fixed_spdsw_k40,fixed,uniform,False,2,6398,151,40,0.0,0.0009349811853855274,0.03057746204944955,,,,,0.00036001855107978904,7.3473173386245945,0.0009349811853855274,0.0010604324177242996,0.004566149251050175,1.2021049498902508e-06,3.6888794541139367,39.99999999999999,0.025,0.125,6398,346310c81af8a1637413a81c7ade937200c1c5f9bdeacce3d835fc535a2a280c,full_tensor_sha256,cb8e9199ffc4501e753bbedf6ed380330e9ce652c0dd95f3972f712c3c9392c9,0.0,0.8727000094950199,0.0,0.5509499460458755,0.048007117584347725,1.3217641972005367,0.3754550125449896,3.1688762828707695,79.53036483377218,46.359195141121745,618.8937269616872,351.3730347622186,6080,40,,7.3473173386245945,False,False,ok
Schirrmeister2017,development,normalized_update,fixed_spdsw_k40,fixed,uniform,False,2,6398,152,40,0.0,0.00016237112264232682,0.01274249279545909,,,,,0.0001497077595208258,7.3473173386245945,0.00016237112264232682,0.0001833879643034529,0.0007899924900861009,8.638273470706105e-07,3.6888794541139367,39.99999999999999,0.025,0.125,6398,346310c81af8a1637413a81c7ade937200c1c5f9bdeacce3d835fc535a2a280c,full_tensor_sha256,cb8e9199ffc4501e753bbedf6ed380330e9ce652c0dd95f3972f712c3c9392c9,0.0,0.8631739765405655,0.0,0.5170039366930723,0.04656706005334854,0.8948789909482002,0.3711369354277849,2.6927608996629715,79.53036483377218,46.359195141121745,621.5864878613502,351.3730347622186,6120,40,,7.3473173386245945,False,False,ok
Schirrmeister2017,development,normalized_update,fixed_spdsw_k40,fixed,uniform,False,2,6398,153,40,0.0,0.0009349811851250462,0.030577462045190185,,,,,0.0003600185510807817,7.3473173386245945,0.0009349811851250462,0.0010604283663258815,0.004566111567751309,1.2020690754786224e-06,3.6888794541139367,39.99999999999999,0.025,0.125,6398,346310c81af8a1637413a81c7ade937200c1c5f9bdeacce3d835fc535a2a280c,full_tensor_sha256,cb8e9199ffc4501e753bbedf6ed380330e9ce652c0dd95f3972f712c3c9392c9,0.0,0.8636030834168196,0.0,0.5024771671742201,0.043939799070358276,0.8338899351656437,0.3673420287668705,2.611252013593912,79.53036483377218,46.359195141121745,624.1977398749441,351.3730347622186,6160,40,,7.3473173386245945,False,False,ok
Schirrmeister2017,development,normalized_update,fixed_spdsw_k40,fixed,uniform,False,2,6398,154,40,0.0,0.00016237112287668075,0.012742492804654854,,,,,0.00014970775962528602,7.347317338624595,0.00016237112287668075,0.00018338731820455653,0.0007899864989954501,8.636755125855449e-07,3.6888794541139367,39.99999999999999,0.025,0.125,6398,346310c81af8a1637413a81c7ade937200c1c5f9bdeacce3d835fc535a2a280c,full_tensor_sha256,cb8e9199ffc4501e753bbedf6ed380330e9ce652c0dd95f3972f712c3c9392c9,0.0,0.8634470868855715,0.0,0.4915639292448759,0.04413304850459099,0.8723780047148466,0.37011411041021347,2.6416361797600985,79.53036483377218,46.359195141121745,626.8393760547042,351.3730347622186,6200,40,,7.3473173386245945,False,False,ok
Schirrmeister2017,development,normalized_update,fixed_spdsw_k40,fixed,uniform,False,2,6398,155,40,0.0,0.0009349811845222711,0.03057746203533366,,,,,0.00036001855097210825,7.347317338624595,0.0009349811845222711,0.001060424749257105,0.00456607807146118,1.202037975763648e-06,3.6888794541139367,39.99999999999999,0.025,0.125,6398,346310c81af8a1637413a81c7ade937200c1c5f9bdeacce3d835fc535a2a280c,full_tensor_sha256,cb8e9199ffc4501e753bbedf6ed380330e9ce652c0dd95f3972f712c3c9392c9,0.0,0.8636510465294123,0.0,0.486783217638731,0.04409509710967541,0.8437749929726124,0.37030596286058426,2.6086103171110153,79.53036483377218,46.359195141121745,629.4479863718152,351.3730347622186,6240,40,,7.3473173386245945,False,False,ok
Schirrmeister2017,development,normalized_update,fixed_spdsw_k40,fixed,uniform,False,2,6398,156,40,0.0,0.00016237112318597454,0.012742492816791169,,,,,0.00014970775979003363,7.3473173386245945,0.00016237112318597454,0.00018338674164410863,0.0007899811749644643,8.635392130352058e-07,3.6888794541139367,39.99999999999999,0.025,0.125,6398,346310c81af8a1637413a81c7ade937200c1c5f9bdeacce3d835fc535a2a280c,full_tensor_sha256,cb8e9199ffc4501e753bbedf6ed380330e9ce652c0dd95f3972f712c3c9392c9,0.0,0.8604349568486214,0.0,0.4819701425731182,0.042999861761927605,0.8388939313590527,0.37042517215013504,2.594724064692855,79.53036483377218,46.359195141121745,632.0427104365081,351.3730347622186,6280,40,,7.3473173386245945,False,False,ok
Schirrmeister2017,development,normalized_update,fixed_spdsw_k40,fixed,uniform,False,2,6398,157,40,0.0,0.0009349811841584629,0.030577462029384696,,,,,0.0003600185509296514,7.3473173386245945,0.0009349811841584629,0.001060421520446947,0.004566048300101777,1.2020110454661758e-06,3.6888794541139367,39.99999999999999,0.025,0.125,6398,346310c81af8a1637413a81c7ade937200c1c5f9bdeacce3d835fc535a2a280c,full_tensor_sha256,cb8e9199ffc4501e753bbedf6ed380330e9ce652c0dd95f3972f712c3c9392c9,0.0,0.8636580314487219,0.0,0.5057738162577152,0.044694170355796814,0.8337211329489946,0.3700589295476675,2.617906080558896,79.53036483377218,46.359195141121745,634.660616517067,351.3730347622186,6320,40,,7.3473173386245945,False,False,ok
Schirrmeister2017,development,normalized_update,fixed_spdsw_k40,fixed,uniform,False,2,6398,158,40,0.0,0.00016237112342827695,0.012742492826298822,,,,,0.00014970775991431077,7.3473173386245945,0.00016237112342827695,0.00018338622673348432,0.0007899764416211761,8.634168333686184e-07,3.6888794541139367,39.99999999999999,0.025,0.125,6398,346310c81af8a1637413a81c7ade937200c1c5f9bdeacce3d835fc535a2a280c,full_tensor_sha256,cb8e9199ffc4501e753bbedf6ed380330e9ce652c0dd95f3972f712c3c9392c9,0.0,0.8619560394436121,0.0,0.4965551197528839,0.044106971472501755,0.891486881300807,0.3723448608070612,2.666449872776866,79.53036483377218,46.359195141121745,637.3270663898438,351.3730347622186,6360,40,,7.3473173386245945,False,False,ok
Schirrmeister2017,development,normalized_update,fixed_spdsw_k40,fixed,uniform,False,2,6398,159,40,0.0,0.0009349811838196359,0.03057746202384423,,,,,0.0003600185509034923,7.347317338624595,0.0009349811838196359,0.0010604186370849354,0.004566021832565874,1.2019880034901099e-06,3.6888794541139367,39.99999999999999,0.025,0.125,6398,346310c81af8a1637413a81c7ade937200c1c5f9bdeacce3d835fc535a2a280c,full_tensor_sha256,cb8e9199ffc4501e753bbedf6ed380330e9ce652c0dd95f3972f712c3c9392c9,0.0,0.8637499995529652,0.0,0.4861210472881794,0.04382804036140442,0.8648098446428776,0.3678910434246063,2.626399975270033,79.53036483377218,46.359195141121745,639.9534663651139,351.3730347622186,6400,40,,7.3473173386245945,False,False,ok
Schirrmeister2017,development,normalized_update,fixed_spdsw_k40,fixed,uniform,False,2,6398,160,40,0.0,0.0001623711236375912,0.012742492834512061,,,,,0.00014970776001394472,7.3473173386245945,0.0001623711236375912,0.00018338576708661173,0.0007899722345496791,8.633069879003591e-07,3.6888794541139367,39.99999999999999,0.025,0.125,6398,346310c81af8a1637413a81c7ade937200c1c5f9bdeacce3d835fc535a2a280c,full_tensor_sha256,cb8e9199ffc4501e753bbedf6ed380330e9ce652c0dd95f3972f712c3c9392c9,0.0,0.8635278791189194,0.0,0.48560905270278454,0.0439321156591177,0.8941299747675657,0.3684640396386385,2.655663061887026,79.53036483377218,46.359195141121745,642.6091294270009,351.3730347622186,6440,40,,7.3473173386245945,False,False,ok
Schirrmeister2017,development,normalized_update,fixed_spdsw_k40,fixed,uniform,False,2,6398,161,40,0.0,0.0009349811833490072,0.030577462016148547,,,,,0.00036001855081990947,7.347317338624594,0.0009349811833490072,0.0010604160633995705,0.004565998307106948,1.2019681455421346e-06,3.6888794541139367,39.99999999999999,0.025,0.125,6398,346310c81af8a1637413a81c7ade937200c1c5f9bdeacce3d835fc535a2a280c,full_tensor_sha256,cb8e9199ffc4501e753bbedf6ed380330e9ce652c0dd95f3972f712c3c9392c9,0.0,0.8627381175756454,0.0,0.4873019643127918,0.051091890782117844,0.8357560727745295,0.3764729481190443,2.613360993564129,79.53036483377218,46.359195141121745,645.222490420565,351.3730347622186,6480,40,,7.3473173386245945,False,False,ok
Schirrmeister2017,development,normalized_update,fixed_spdsw_k40,fixed,uniform,False,2,6398,162,40,0.0,0.0001623711238744334,0.012742492843805462,,,,,0.00014970776012830005,7.3473173386245945,0.0001623711238744334,0.00018338535680578543,0.0007899684947704603,8.632083988758742e-07,3.6888794541139367,39.99999999999999,0.025,0.125,6398,346310c81af8a1637413a81c7ade937200c1c5f9bdeacce3d835fc535a2a280c,full_tensor_sha256,cb8e9199ffc4501e753bbedf6ed380330e9ce652c0dd95f3972f712c3c9392c9,0.0,0.8633118122816086,0.0,0.4909059498459101,0.04350487142801285,0.8498809766024351,0.3701569512486458,2.6177605614066124,79.53036483377218,46.359195141121745,647.8402509819716,351.3730347622186,6520,40,,7.3473173386245945,False,False,ok
Schirrmeister2017,development,normalized_update,fixed_spdsw_k40,fixed,uniform,False,2,6398,163,40,0.0,0.0009349811829137051,0.030577462009030526,,,,,0.0003600185507496179,7.3473173386245945,0.0009349811829137051,0.0010604137654760541,0.00456597739399599,1.201951239021258e-06,3.6888794541139367,39.99999999999999,0.025,0.125,6398,346310c81af8a1637413a81c7ade937200c1c5f9bdeacce3d835fc535a2a280c,full_tensor_sha256,cb8e9199ffc4501e753bbedf6ed380330e9ce652c0dd95f3972f712c3c9392c9,0.0,0.8692159317433834,0.0,0.491234939545393,0.044530024752020836,0.8352641016244888,0.3682400565594435,2.6084850542247295,79.53036483377218,46.359195141121745,650.4487360361964,351.3730347622186,6560,40,,7.3473173386245945,False,False,ok
Schirrmeister2017,development,normalized_update,fixed_spdsw_k40,fixed,uniform,False,2,6398,164,40,0.0,0.00016237112409077777,0.012742492852294552,,,,,0.0001497077602435185,7.347317338624594,0.00016237112409077777,0.00018338499041793718,0.0007899651700763975,8.631199225182845e-07,3.6888794541139367,39.99999999999999,0.025,0.125,6398,346310c81af8a1637413a81c7ade937200c1c5f9bdeacce3d835fc535a2a280c,full_tensor_sha256,cb8e9199ffc4501e753bbedf6ed380330e9ce652c0dd95f3972f712c3c9392c9,0.0,0.8630510419607162,0.0,0.4907841794192791,0.04358380101621151,0.8722839411348104,0.3703429829329252,2.6400459464639425,79.53036483377218,46.359195141121745,653.0887819826603,351.3730347622186,6600,40,,7.3473173386245945,False,False,ok
Schirrmeister2017,development,normalized_update,fixed_spdsw_k40,fixed,uniform,False,2,6398,165,40,0.0,0.0009349811824933715,0.030577462002157267,,,,,0.00036001855067586524,7.347317338624595,0.0009349811824933715,0.0010604117130453767,0.004565958799389484,1.201936549089241e-06,3.6888794541139367,39.99999999999999,0.025,0.125,6398,346310c81af8a1637413a81c7ade937200c1c5f9bdeacce3d835fc535a2a280c,full_tensor_sha256,cb8e9199ffc4501e753bbedf6ed380330e9ce652c0dd95f3972f712c3c9392c9,0.0,0.8625010959804058,0.0,0.49011898227036,0.04388694651424885,0.8380948565900326,0.36721001379191875,2.601811895146966,79.53036483377218,46.359195141121745,655.6905938778073,351.3730347622186,6640,40,,7.3473173386245945,False,False,ok
Schirrmeister2017,development,normalized_update,fixed_spdsw_k40,fixed,uniform,False,2,6398,166,40,0.0,0.00016237112430381054,0.0127424928606537,,,,,0.00014970776033884203,7.3473173386245945,0.00016237112430381054,0.00018338466319243836,0.0007899622140506666,8.630405353362962e-07,3.6888794541139367,39.99999999999999,0.025,0.125,6398,346310c81af8a1637413a81c7ade937200c1c5f9bdeacce3d835fc535a2a280c,full_tensor_sha256,cb8e9199ffc4501e753bbedf6ed380330e9ce652c0dd95f3972f712c3c9392c9,0.0,0.8614701218903065,0.0,0.48658205196261406,0.044002896174788475,0.8555329404771328,0.3792529460042715,2.6268409565091133,79.53036483377218,46.359195141121745,658.3174348343164,351.3730347622186,6680,40,,7.3473173386245945,False,False,ok
Schirrmeister2017,development,normalized_update,fixed_spdsw_k40,fixed,uniform,False,2,6398,167,40,0.0,0.0009349811820412541,0.03057746199476428,,,,,0.0003600185506026553,7.347317338624595,0.0009349811820412541,0.001060409880128037,0.004565942265499864,1.2019236120995424e-06,3.6888794541139367,39.99999999999999,0.025,0.125,6398,346310c81af8a1637413a81c7ade937200c1c5f9bdeacce3d835fc535a2a280c,full_tensor_sha256,cb8e9199ffc4501e753bbedf6ed380330e9ce652c0dd95f3972f712c3c9392c9,0.0,0.8633488323539495,0.0,0.490507110953331,0.04339893348515034,0.8316459134221077,0.36896998062729836,2.597870770841837,79.53036483377218,46.359195141121745,660.9153056051582,351.3730347622186,6720,40,,7.3473173386245945,False,False,ok
Schirrmeister2017,development,normalized_update,fixed_spdsw_k40,fixed,uniform,False,2,6398,168,40,0.0,0.00016237112453230363,0.012742492869619494,,,,,0.00014970776046074668,7.3473173386245945,0.00016237112453230363,0.00018338437099683154,0.00078995958520798,8.629692409422513e-07,3.6888794541139367,39.99999999999999,0.025,0.125,6398,346310c81af8a1637413a81c7ade937200c1c5f9bdeacce3d835fc535a2a280c,full_tensor_sha256,cb8e9199ffc4501e753bbedf6ed380330e9ce652c0dd95f3972f712c3c9392c9,0.0,0.8621229790151119,0.0,0.49110385589301586,0.044015003368258476,0.866701127961278,0.371196074411273,2.6351390406489372,79.53036483377218,46.359195141121745,663.5504446458071,351.3730347622186,6760,40,,7.3473173386245945,False,False,ok
Schirrmeister2017,development,normalized_update,fixed_spdsw_k40,fixed,uniform,False,2,6398,169,40,0.0,0.0009349811816538065,0.030577461988428773,,,,,0.00036001855054948017,7.3473173386245945,0.0009349811816538065,0.0010604082430111842,0.0045659275640259084,1.2019127001889872e-06,3.6888794541139367,39.99999999999999,0.025,0.125,6398,346310c81af8a1637413a81c7ade937200c1c5f9bdeacce3d835fc535a2a280c,full_tensor_sha256,cb8e9199ffc4501e753bbedf6ed380330e9ce652c0dd95f3972f712c3c9392c9,0.0,0.8642838802188635,0.0,0.49533904530107975,0.044193118810653687,0.8310989942401648,0.36687985993921757,2.6017948985099792,79.53036483377218,46.359195141121745,666.1522395443171,351.3730347622186,6800,40,,7.3473173386245945,False,False,ok
Schirrmeister2017,development,normalized_update,fixed_spdsw_k40,fixed,uniform,False,2,6398,170,40,0.0,0.0001623711247355029,0.012742492877592786,,,,,0.00014970776055459072,7.3473173386245945,0.0001623711247355029,0.00018338411009426335,0.0007899572488959526,8.629052605730331e-07,3.6888794541139367,39.99999999999999,0.025,0.125,6398,346310c81af8a1637413a81c7ade937200c1c5f9bdeacce3d835fc535a2a280c,full_tensor_sha256,cb8e9199ffc4501e753bbedf6ed380330e9ce652c0dd95f3972f712c3c9392c9,0.0,0.8638610597699881,0.0,0.4904370289295912,0.04364200867712498,0.8375970646739006,0.3707041032612324,2.606241265311837,79.53036483377218,46.359195141121745,668.758480809629,351.3730347622186,6840,40,,7.3473173386245945,False,False,ok
Schirrmeister2017,development,normalized_update,fixed_spdsw_k40,fixed,uniform,False,2,6398,171,40,0.0,0.0009349811813251195,0.03057746198305411,,,,,0.00036001855049972104,7.3473173386245945,0.0009349811813251195,0.0010604067811190265,0.0045659144953168855,1.2019034811121316e-06,3.6888794541139367,39.99999999999999,0.025,0.125,6398,346310c81af8a1637413a81c7ade937200c1c5f9bdeacce3d835fc535a2a280c,full_tensor_sha256,cb8e9199ffc4501e753bbedf6ed380330e9ce652c0dd95f3972f712c3c9392c9,0.0,0.8650340605527163,0.0,0.4961639642715454,0.04338892176747322,0.8332980796694756,0.3664270043373108,2.6043120305985212,79.53036483377218,46.359195141121745,671.3627928402275,351.3730347622186,6880,40,,7.3473173386245945,False,False,ok
Schirrmeister2017,development,normalized_update,fixed_spdsw_k40,fixed,uniform,False,2,6398,172,40,0.0,0.00016237112492620102,0.01274249288507555,,,,,0.00014970776065355616,7.347317338624595,0.00016237112492620102,0.00018338387706130739,0.0007899551717603977,8.628479423051315e-07,3.6888794541139367,39.99999999999999,0.025,0.125,6398,346310c81af8a1637413a81c7ade937200c1c5f9bdeacce3d835fc535a2a280c,full_tensor_sha256,cb8e9199ffc4501e753bbedf6ed380330e9ce652c0dd95f3972f712c3c9392c9,0.0,0.8621220476925373,0.0,0.49875397235155106,0.044712796807289124,0.8472478948533535,0.3721101675182581,2.624946879222989,79.53036483377218,46.359195141121745,673.9877397194505,351.3730347622186,6920,40,,7.3473173386245945,False,False,ok
Schirrmeister2017,development,normalized_update,fixed_spdsw_k40,fixed,uniform,False,2,6398,173,40,0.0,0.0009349811809834206,0.03057746197746668,,,,,0.00036001855044496373,7.3473173386245945,0.0009349811809834206,0.0010604054753378359,0.004565902877452613,1.2018954240941924e-06,3.6888794541139367,39.99999999999999,0.025,0.125,6398,346310c81af8a1637413a81c7ade937200c1c5f9bdeacce3d835fc535a2a280c,full_tensor_sha256,cb8e9199ffc4501e753bbedf6ed380330e9ce652c0dd95f3972f712c3c9392c9,0.0,0.8599220309406519,0.0,0.4940470680594444,0.04449603147804737,0.8285578805953264,0.36859698593616486,2.595619997009635,79.53036483377218,46.359195141121745,676.5833597164601,351.3730347622186,6960,40,,7.3473173386245945,False,False,ok
Schirrmeister2017,development,normalized_update,fixed_spdsw_k40,fixed,uniform,False,2,6398,174,40,0.0,0.00016237112509124533,0.01274249289155169,,,,,0.00014970776072859867,7.3473173386245945,0.00016237112509124533,0.00018338366895270593,0.0007899533253256546,8.627965003283367e-07,3.6888794541139367,39.99999999999999,0.025,0.125,6398,346310c81af8a1637413a81c7ade937200c1c5f9bdeacce3d835fc535a2a280c,full_tensor_sha256,cb8e9199ffc4501e753bbedf6ed380330e9ce652c0dd95f3972f712c3c9392c9,0.0,0.8633339311927557,0.0,0.49249897710978985,0.04267692565917969,0.8996271062642336,0.3700100351125002,2.668146975338459,79.53036483377218,46.359195141121745,679.2515066917986,351.3730347622186,7000,40,,7.3473173386245945,False,False,ok
Schirrmeister2017,development,normalized_update,fixed_spdsw_k40,fixed,uniform,False,2,6398,175,40,0.0,0.0009349811806839893,0.030577461972570406,92.0305427655234,0.9986644339239257,0.133556607607434,0.133556607607434,0.00036001855039923,7.3473173386245945,0.0009349811806839893,0.001060404309220761,0.004565892548652105,1.201888406967509e-06,3.6888794541139367,39.99999999999999,0.025,0.125,6398,346310c81af8a1637413a81c7ade937200c1c5f9bdeacce3d835fc535a2a280c,full_tensor_sha256,cb8e9199ffc4501e753bbedf6ed380330e9ce652c0dd95f3972f712c3c9392c9,0.0,0.8620419539511204,0.0,0.48449705354869366,0.04429789260029793,0.9667589329183102,0.3675019834190607,2.725097816437483,79.53036483377218,46.359195141121745,681.976604508236,381.37638568878174,7040,40,,7.3473173386245945,False,False,ok
Schirrmeister2017,development,normalized_update,fixed_spdsw_k40,fixed,uniform,False,2,6398,176,40,0.0,0.00016237112523124662,0.01274249289704517,,,,,0.000149707760805202,7.3473173386245945,0.00016237112523124662,0.0001833834830953266,0.0007899516833111358,8.627503141357513e-07,3.6888794541139367,39.99999999999999,0.025,0.125,6398,346310c81af8a1637413a81c7ade937200c1c5f9bdeacce3d835fc535a2a280c,full_tensor_sha256,cb8e9199ffc4501e753bbedf6ed380330e9ce652c0dd95f3972f712c3c9392c9,0.0,0.8834830950945616,0.0,0.5723009817302227,0.04688417539000511,1.3023449573665857,0.3844031598418951,3.1894163694232702,79.53036483377218,46.359195141121745,685.1660208776593,381.37638568878174,7080,40,,7.3473173386245945,False,False,ok
Schirrmeister2017,development,normalized_update,fixed_spdsw_k40,fixed,uniform,False,2,6398,177,40,0.0,0.0009349811805229102,0.030577461969936454,,,,,0.0003600185503862435,7.347317338624594,0.0009349811805229102,0.001060403268107616,0.004565883364401248,1.2018823635431221e-06,3.6888794541139367,39.99999999999999,0.025,0.125,6398,346310c81af8a1637413a81c7ade937200c1c5f9bdeacce3d835fc535a2a280c,full_tensor_sha256,cb8e9199ffc4501e753bbedf6ed380330e9ce652c0dd95f3972f712c3c9392c9,0.0,0.8670559618622065,0.0,0.5111279897391796,0.04625110886991024,0.8540649432688951,0.37080212496221066,2.649302128702402,79.53036483377218,46.359195141121745,687.8153230063617,381.37638568878174,7120,40,,7.3473173386245945,False,False,ok
Schirrmeister2017,development,normalized_update,fixed_spdsw_k40,fixed,uniform,False,2,6398,178,40,0.0,0.0001623711253641743,0.012742492902261092,,,,,0.00014970776086907413,7.3473173386245945,0.0001623711253641743,0.00018338331706619225,0.0007899502228693592,8.627088740385644e-07,3.6888794541139367,39.99999999999999,0.025,0.125,6398,346310c81af8a1637413a81c7ade937200c1c5f9bdeacce3d835fc535a2a280c,full_tensor_sha256,cb8e9199ffc4501e753bbedf6ed380330e9ce652c0dd95f3972f712c3c9392c9,0.0,0.864753033965826,0.0,0.5031609907746315,0.04454306326806545,0.8604519534856081,0.36986195482313633,2.6427709963172674,79.53036483377218,46.359195141121745,690.458094002679,381.37638568878174,7160,40,,7.3473173386245945,False,False,ok
Schirrmeister2017,development,normalized_update,fixed_spdsw_k40,fixed,uniform,False,2,6398,179,40,0.0,0.0009349811801651905,0.030577461964087053,,,,,0.00036001855031940987,7.3473173386245945,0.0009349811801651905,0.0010604023377354297,0.004565875194865274,1.2018772370739695e-06,3.6888794541139367,39.99999999999999,0.025,0.125,6398,346310c81af8a1637413a81c7ade937200c1c5f9bdeacce3d835fc535a2a280c,full_tensor_sha256,cb8e9199ffc4501e753bbedf6ed380330e9ce652c0dd95f3972f712c3c9392c9,0.0,0.8631369564682245,0.0,0.4970529116690159,0.04436308518052101,0.8323588408529758,0.36865402944386005,2.6055658236145973,79.53036483377218,46.359195141121745,693.0636598262936,381.37638568878174,7200,40,,7.3473173386245945,False,False,ok
Schirrmeister2017,development,normalized_update,fixed_spdsw_k40,fixed,uniform,False,2,6398,180,40,0.0,0.00016237112550692695,0.012742492907862533,,,,,0.00014970776092330875,7.347317338624593,0.00016237112550692695,0.00018338316886466993,0.0007899489246490411,8.626716602487146e-07,3.6888794541139367,39.99999999999999,0.025,0.125,6398,346310c81af8a1637413a81c7ade937200c1c5f9bdeacce3d835fc535a2a280c,full_tensor_sha256,cb8e9199ffc4501e753bbedf6ed380330e9ce652c0dd95f3972f712c3c9392c9,0.0,0.8612771052867174,0.0,0.49638794735074043,0.04371791146695614,0.8381030056625605,0.3702889662235975,2.609774935990572,79.53036483377218,46.359195141121745,695.6734347622842,381.37638568878174,7240,40,,7.3473173386245945,False,False,ok
Schirrmeister2017,development,normalized_update,fixed_spdsw_k40,fixed,uniform,False,2,6398,181,40,0.0,0.0009349811797682528,0.030577461957596364,,,,,0.00036001855023018166,7.3473173386245945,0.0009349811797682528,0.0010604015067790151,0.004565867931328143,1.2018731431019658e-06,3.6888794541139367,39.99999999999999,0.025,0.125,6398,346310c81af8a1637413a81c7ade937200c1c5f9bdeacce3d835fc535a2a280c,full_tensor_sha256,cb8e9199ffc4501e753bbedf6ed380330e9ce652c0dd95f3972f712c3c9392c9,0.0,0.8639481384307146,0.0,0.49656908959150314,0.04489300772547722,0.83920918405056,0.3682100214064121,2.612829441204667,79.53036483377218,46.359195141121745,698.2862642034888,381.37638568878174,7280,40,,7.3473173386245945,False,False,ok
Schirrmeister2017,development,normalized_update,fixed_spdsw_k40,fixed,uniform,False,2,6398,182,40,0.0,0.00016237112565920122,0.012742492913837592,,,,,0.00014970776100608715,7.347317338624595,0.00016237112565920122,0.00018338303648641964,0.0007899477704202167,8.626383141892493e-07,3.6888794541139367,39.99999999999999,0.025,0.125,6398,346310c81af8a1637413a81c7ade937200c1c5f9bdeacce3d835fc535a2a280c,full_tensor_sha256,cb8e9199ffc4501e753bbedf6ed380330e9ce652c0dd95f3972f712c3c9392c9,0.0,0.8623700123280287,0.0,0.4972678143531084,0.04406203515827656,0.8678019512444735,0.37105404771864414,2.6425558608025312,79.53036483377218,46.359195141121745,700.9288200642914,381.37638568878174,7320,40,,7.3473173386245945,False,False,ok
Schirrmeister2017,development,normalized_update,fixed_spdsw_k40,fixed,uniform,False,2,6398,183,40,0.0,0.0009349811795303399,0.03057746195370603,,,,,0.0003600185502019757,7.3473173386245945,0.0009349811795303399,0.0010604007646920048,0.0045658614727963585,1.201869630132696e-06,3.6888794541139367,39.99999999999999,0.025,0.125,6398,346310c81af8a1637413a81c7ade937200c1c5f9bdeacce3d835fc535a2a280c,full_tensor_sha256,cb8e9199ffc4501e753bbedf6ed380330e9ce652c0dd95f3972f712c3c9392c9,0.0,0.8603078313171864,0.0,0.500289024785161,0.044042011722922325,0.8496439550071955,0.3658358473330736,2.620118670165539,79.53036483377218,46.359195141121745,703.5489387344569,381.37638568878174,7360,40,,7.3473173386245945,False,False,ok
Schirrmeister2017,development,normalized_update,fixed_spdsw_k40,fixed,uniform,False,2,6398,184,40,0.0,0.00016237112578464056,0.012742492918759679,,,,,0.00014970776104517068,7.3473173386245945,0.00016237112578464056,0.00018338291822713831,0.0007899467436216764,8.626084392198898e-07,3.6888794541139367,39.99999999999999,0.025,0.125,6398,346310c81af8a1637413a81c7ade937200c1c5f9bdeacce3d835fc535a2a280c,full_tensor_sha256,cb8e9199ffc4501e753bbedf6ed380330e9ce652c0dd95f3972f712c3c9392c9,0.0,0.861921813338995,0.0,0.49035786651074886,0.043730949983000755,0.8459701202809811,0.36922493018209934,2.611205680295825,79.53036483377218,46.359195141121745,706.1601444147527,381.37638568878174,7400,40,,7.3473173386245945,False,False,ok
Schirrmeister2017,development,normalized_update,fixed_spdsw_k40,fixed,uniform,False,2,6398,185,40,0.0,0.0009349811789808236,0.03057746194472039,,,,,0.00036001855006339884,7.3473173386245945,0.0009349811789808236,0.0010604001016258468,0.004565855725309082,1.2018666769053083e-06,3.6888794541139367,39.99999999999999,0.025,0.125,6398,346310c81af8a1637413a81c7ade937200c1c5f9bdeacce3d835fc535a2a280c,full_tensor_sha256,cb8e9199ffc4501e753bbedf6ed380330e9ce652c0dd95f3972f712c3c9392c9,0.0,0.8634808473289013,0.0,0.4914039745926857,0.04453794099390507,0.8458839729428291,0.3688950091600418,2.614201745018363,79.53036483377218,46.359195141121745,708.7743461597711,381.37638568878174,7440,40,,7.3473173386245945,False,False,ok
Schirrmeister2017,development,normalized_update,fixed_spdsw_k40,fixed,uniform,False,2,6398,186,40,0.0,0.00016237112597171756,0.012742492926100354,,,,,0.00014970776115287517,7.347317338624595,0.00016237112597171756,0.0001833828127236239,0.0007899458302062074,8.625816066303472e-07,3.6888794541139367,39.99999999999999,0.025,0.125,6398,346310c81af8a1637413a81c7ade937200c1c5f9bdeacce3d835fc535a2a280c,full_tensor_sha256,cb8e9199ffc4501e753bbedf6ed380330e9ce652c0dd95f3972f712c3c9392c9,0.0,0.8607779163867235,0.0,0.4905711393803358,0.0442990567535162,0.8402478415518999,0.37197605706751347,2.607872011139989,79.53036483377218,46.359195141121745,711.3822181709111,381.37638568878174,7480,40,,7.3473173386245945,False,False,ok
Schirrmeister2017,development,normalized_update,fixed_spdsw_k40,fixed,uniform,False,2,6398,187,40,0.0,0.0009349811787925648,0.030577461941641997,,,,,0.0003600185500522272,7.3473173386245945,0.0009349811787925648,0.0010603995096119963,0.004565850613864381,1.2018644513724573e-06,3.6888794541139367,39.99999999999999,0.025,0.125,6398,346310c81af8a1637413a81c7ade937200c1c5f9bdeacce3d835fc535a2a280c,full_tensor_sha256,cb8e9199ffc4501e753bbedf6ed380330e9ce652c0dd95f3972f712c3c9392c9,0.0,0.8594510145485401,0.0,0.4977090284228325,0.04623201675713062,0.8315108716487885,0.3693720791488886,2.6042750105261803,79.53036483377218,46.359195141121745,713.9864931814373,381.37638568878174,7520,40,,7.3473173386245945,False,False,ok
Schirrmeister2017,development,normalized_update,fixed_spdsw_k40,fixed,uniform,False,2,6398,188,40,0.0,0.00016237112610320112,0.01274249293125961,,,,,0.00014970776121421157,7.347317338624595,0.00016237112610320112,0.00018338271836697121,0.0007899450179216425,8.62557552981957e-07,3.6888794541139367,39.99999999999999,0.025,0.125,6398,346310c81af8a1637413a81c7ade937200c1c5f9bdeacce3d835fc535a2a280c,full_tensor_sha256,cb8e9199ffc4501e753bbedf6ed380330e9ce652c0dd95f3972f712c3c9392c9,0.0,0.8626938797533512,0.0,0.4998380318284035,0.044767046347260475,0.8327891118824482,0.37249899469316006,2.6125870645046234,79.53036483377218,46.359195141121745,716.5990802459419,381.37638568878174,7560,40,,7.3473173386245945,False,False,ok
Schirrmeister2017,development,normalized_update,fixed_spdsw_k40,fixed,uniform,False,2,6398,189,40,0.0,0.0009349811785655353,0.03057746193792963,,,,,0.0003600185500243184,7.3473173386245945,0.0009349811785655353,0.0010603989803092996,0.004565846068614935,1.2018624785414234e-06,3.6888794541139367,39.99999999999999,0.025,0.125,6398,346310c81af8a1637413a81c7ade937200c1c5f9bdeacce3d835fc535a2a280c,full_tensor_sha256,cb8e9199ffc4501e753bbedf6ed380330e9ce652c0dd95f3972f712c3c9392c9,0.0,0.8654079865664244,0.0,0.5046839360147715,0.04430999979376793,0.8396951016038656,0.36809896118938923,2.6221959851682186,79.53036483377218,46.359195141121745,719.2212762311101,381.37638568878174,7600,40,,7.3473173386245945,False,False,ok
Schirrmeister2017,development,normalized_update,fixed_spdsw_k40,fixed,uniform,False,2,6398,190,40,0.0,0.00016237112623250646,0.012742492936333394,,,,,0.00014970776128622943,7.347317338624595,0.00016237112623250646,0.00018338263412072026,0.0007899442963245017,8.625359575590476e-07,3.6888794541139367,39.99999999999999,0.025,0.125,6398,346310c81af8a1637413a81c7ade937200c1c5f9bdeacce3d835fc535a2a280c,full_tensor_sha256,cb8e9199ffc4501e753bbedf6ed380330e9ce652c0dd95f3972f712c3c9392c9,0.0,0.8633399847894907,0.0,0.4900840576738119,0.04329183138906956,0.837043859064579,0.37073297426104546,2.6044927071779966,79.53036483377218,46.359195141121745,721.8257689382881,381.37638568878174,7640,40,,7.3473173386245945,False,False,ok
Schirrmeister2017,development,normalized_update,fixed_spdsw_k40,fixed,uniform,False,2,6398,191,40,0.0,0.0009349811783542248,0.0305774619344743,,,,,0.0003600185499994516,7.347317338624595,0.0009349811783542248,0.0010603985077920423,0.004565842029111273,1.201860729753499e-06,3.6888794541139367,39.99999999999999,0.025,0.125,6398,346310c81af8a1637413a81c7ade937200c1c5f9bdeacce3d835fc535a2a280c,full_tensor_sha256,cb8e9199ffc4501e753bbedf6ed380330e9ce652c0dd95f3972f712c3c9392c9,0.0,0.861231004819274,0.0,0.4827489610761404,0.04420778714120388,0.841357046738267,0.3672949969768524,2.5968397967517376,79.53036483377218,46.359195141121745,724.4226087350398,381.37638568878174,7680,40,,7.3473173386245945,False,False,ok
Schirrmeister2017,development,normalized_update,fixed_spdsw_k40,fixed,uniform,False,2,6398,192,40,0.0,0.00016237112634792075,0.012742492940862112,,,,,0.00014970776133871918,7.3473173386245945,0.00016237112634792075,0.00018338255887719975,0.0007899436542996625,8.625165705272945e-07,3.6888794541139367,39.99999999999999,0.025,0.125,6398,346310c81af8a1637413a81c7ade937200c1c5f9bdeacce3d835fc535a2a280c,full_tensor_sha256,cb8e9199ffc4501e753bbedf6ed380330e9ce652c0dd95f3972f712c3c9392c9,0.0,0.8636030834168196,0.0,0.49933092668652534,0.05248701199889183,0.8942380081862211,0.3717509098351002,2.681409940123558,79.53036483377218,46.359195141121745,727.1040186751634,381.37638568878174,7720,40,,7.3473173386245945,False,False,ok
Schirrmeister2017,development,normalized_update,fixed_spdsw_k40,fixed,uniform,False,2,6398,193,40,0.0,0.0009349811782302568,0.030577461932447186,,,,,0.0003600185499866021,7.3473173386245945,0.0009349811782302568,0.001060398085703359,0.004565838435986564,1.201859153391933e-06,3.6888794541139367,39.99999999999999,0.025,0.125,6398,346310c81af8a1637413a81c7ade937200c1c5f9bdeacce3d835fc535a2a280c,full_tensor_sha256,cb8e9199ffc4501e753bbedf6ed380330e9ce652c0dd95f3972f712c3c9392c9,0.0,0.8627891074866056,0.0,0.5038781091570854,0.044323038309812546,0.83963293582201,0.36548194475471973,2.6161051355302334,79.53036483377218,46.359195141121745,729.7201238106936,381.37638568878174,7760,40,,7.3473173386245945,False,False,ok
Schirrmeister2017,development,normalized_update,fixed_spdsw_k40,fixed,uniform,False,2,6398,194,40,0.0,0.0001623711264231807,0.012742492943815222,,,,,0.00014970776136792973,7.3473173386245945,0.0001623711264231807,0.00018338249163356757,0.0007899430832898544,8.624991865314174e-07,3.6888794541139367,39.99999999999999,0.025,0.125,6398,346310c81af8a1637413a81c7ade937200c1c5f9bdeacce3d835fc535a2a280c,full_tensor_sha256,cb8e9199ffc4501e753bbedf6ed380330e9ce652c0dd95f3972f712c3c9392c9,0.0,0.8623150642961264,0.0,0.49623288214206696,0.04347600042819977,0.8341169450432062,0.37113483995199203,2.6072757318615913,79.53036483377218,46.359195141121745,732.3273995425552,381.37638568878174,7800,40,,7.3473173386245945,False,False,ok
Schirrmeister2017,development,normalized_update,fixed_spdsw_k40,fixed,uniform,False,2,6398,195,40,0.0,0.0009349811778594209,0.03057746192638331,,,,,0.00036001854990150186,7.347317338624595,0.0009349811778594209,0.0010603977086629112,0.004565835241082836,1.2018579472177276e-06,3.6888794541139367,39.99999999999999,0.025,0.125,6398,346310c81af8a1637413a81c7ade937200c1c5f9bdeacce3d835fc535a2a280c,full_tensor_sha256,cb8e9199ffc4501e753bbedf6ed380330e9ce652c0dd95f3972f712c3c9392c9,0.0,0.8629898075014353,0.0,0.4956780467182398,0.0441218726336956,0.837845029309392,0.3685301635414362,2.609164919704199,79.53036483377218,46.359195141121745,734.9365644622594,381.37638568878174,7840,40,,7.3473173386245945,False,False,ok
Schirrmeister2017,development,normalized_update,fixed_spdsw_k40,fixed,uniform,False,2,6398,196,40,0.0,0.00016237112656321815,0.012742492949310121,,,,,0.0001497077614308218,7.347317338624594,0.00016237112656321815,0.0001833824317095359,0.0007899425762128254,8.62483653191063e-07,3.6888794541139367,39.99999999999999,0.025,0.125,6398,346310c81af8a1637413a81c7ade937200c1c5f9bdeacce3d835fc535a2a280c,full_tensor_sha256,cb8e9199ffc4501e753bbedf6ed380330e9ce652c0dd95f3972f712c3c9392c9,0.0,0.8669651579111814,0.0,0.49998704344034195,0.045019201934337616,0.8443708065897226,0.3717148210853338,2.6280570309609175,79.53036483377218,46.359195141121745,737.5646214932203,381.37638568878174,7880,40,,7.3473173386245945,False,False,ok
Schirrmeister2017,development,normalized_update,fixed_spdsw_k40,fixed,uniform,False,2,6398,197,40,0.0,0.0009349811775165389,0.03057746192077653,,,,,0.00036001854982653145,7.3473173386245945,0.0009349811775165389,0.0010603973719178342,0.004565832399379166,1.2018569790382588e-06,3.6888794541139367,39.99999999999999,0.025,0.125,6398,346310c81af8a1637413a81c7ade937200c1c5f9bdeacce3d835fc535a2a280c,full_tensor_sha256,cb8e9199ffc4501e753bbedf6ed380330e9ce652c0dd95f3972f712c3c9392c9,0.0,0.8626431226730347,0.0,0.489481957629323,0.052866991609334946,0.8309818804264069,0.37298817187547684,2.6089621242135763,79.53036483377218,46.359195141121745,740.1735836174339,381.37638568878174,7920,40,,7.3473173386245945,False,False,ok
Schirrmeister2017,development,normalized_update,fixed_spdsw_k40,fixed,uniform,False,2,6398,198,40,0.0,0.00016237112669966123,0.012742492954663983,,,,,0.00014970776149838622,7.3473173386245945,0.00016237112669966123,0.00018338237815174318,0.0007899421248475554,8.624697226526532e-07,3.6888794541139367,39.99999999999999,0.025,0.125,6398,346310c81af8a1637413a81c7ade937200c1c5f9bdeacce3d835fc535a2a280c,full_tensor_sha256,cb8e9199ffc4501e753bbedf6ed380330e9ce652c0dd95f3972f712c3c9392c9,0.0,0.859683845192194,0.0,0.49373297952115536,0.04390999674797058,0.8434168994426727,0.3682500682771206,2.6089937891811132,79.53036483377218,46.359195141121745,742.782577406615,381.37638568878174,7960,40,,7.3473173386245945,False,False,ok
Schirrmeister2017,development,normalized_update,fixed_spdsw_k40,fixed,uniform,False,2,6398,199,40,0.0,0.0009349811772782524,0.030577461916880093,,,,,0.0003600185497936336,7.3473173386245945,0.0009349811772782524,0.001060397070819927,0.004565829870734128,1.2018561834764527e-06,3.6888794541139367,39.99999999999999,0.025,0.125,6398,346310c81af8a1637413a81c7ade937200c1c5f9bdeacce3d835fc535a2a280c,full_tensor_sha256,cb8e9199ffc4501e753bbedf6ed380330e9ce652c0dd95f3972f712c3c9392c9,0.0,0.868374016135931,0.0,0.5104520823806524,0.04552304744720459,0.8762190118432045,0.3682288806885481,2.6687970384955406,79.53036483377218,46.359195141121745,745.4513744451106,381.37638568878174,8000,40,,7.3473173386245945,False,False,ok
Schirrmeister2017,development,normalized_update,fixed_spdsw_k40,fixed,uniform,False,2,6398,200,40,0.0,0.00016237112682724035,0.012742492959670032,92.0579388312287,0.9989617208422373,0.10382791577626382,0.10382791577626382,0.00014970776155803938,7.347317338624595,0.00016237112682724035,0.00018338233025460697,0.0007899417232962734,8.624571712902624e-07,3.6888794541139367,39.99999999999999,0.025,0.125,6398,346310c81af8a1637413a81c7ade937200c1c5f9bdeacce3d835fc535a2a280c,full_tensor_sha256,cb8e9199ffc4501e753bbedf6ed380330e9ce652c0dd95f3972f712c3c9392c9,0.0,0.8655849378556013,0.0,0.49568014219403267,0.04544411785900593,0.8771899156272411,0.37122098729014397,2.655120100826025,79.53036483377218,46.359195141121745,748.1064945459366,412.1912936680019,8040,40,,7.3473173386245945,False,False,ok
Schirrmeister2017,development,normalized_update,fixed_spdsw_k40,fixed,uniform,False,2,6398,201,40,0.0,0.000934981176948907,0.030577461911494665,,,,,0.0003600185497295876,7.347317338624594,0.000934981176948907,0.0010603968017170084,0.004565827621404322,1.2018554988723508e-06,3.6888794541139367,39.99999999999999,0.025,0.125,6398,346310c81af8a1637413a81c7ade937200c1c5f9bdeacce3d835fc535a2a280c,full_tensor_sha256,cb8e9199ffc4501e753bbedf6ed380330e9ce652c0dd95f3972f712c3c9392c9,0.0,0.9014711249619722,0.0,0.6109119858592749,0.059379031881690025,1.2907141353935003,0.3907519858330488,3.2532282639294863,79.53036483377218,46.359195141121745,751.3597228098661,412.1912936680019,8080,40,,7.3473173386245945,False,False,ok
Schirrmeister2017,development,normalized_update,fixed_spdsw_k40,fixed,uniform,False,2,6398,202,40,0.0,0.00016237112696610874,0.01274249296511906,,,,,0.0001497077616320303,7.3473173386245945,0.00016237112696610874,0.00018338228755548734,0.0007899413664548469,8.624459175713303e-07,3.6888794541139367,39.99999999999999,0.025,0.125,6398,346310c81af8a1637413a81c7ade937200c1c5f9bdeacce3d835fc535a2a280c,full_tensor_sha256,cb8e9199ffc4501e753bbedf6ed380330e9ce652c0dd95f3972f712c3c9392c9,0.0,0.8737510070204735,0.0,0.5371200386434793,0.04491000436246395,0.906716100871563,0.3839458804577589,2.7464430313557386,79.53036483377218,46.359195141121745,754.1061658412218,412.1912936680019,8120,40,,7.3473173386245945,False,False,ok
Schirrmeister2017,development,normalized_update,fixed_spdsw_k40,fixed,uniform,False,2,6398,203,40,0.0,0.000934981176811953,0.030577461909255206,,,,,0.0003600185497220288,7.3473173386245945,0.000934981176811953,0.0010603965616276542,0.00456582562114553,1.2018550523364875e-06,3.6888794541139367,39.99999999999999,0.025,0.125,6398,346310c81af8a1637413a81c7ade937200c1c5f9bdeacce3d835fc535a2a280c,full_tensor_sha256,cb8e9199ffc4501e753bbedf6ed380330e9ce652c0dd95f3972f712c3c9392c9,0.0,0.8658571168780327,0.0,0.5205040797591209,0.04506413824856281,0.8493319619446993,0.3766920417547226,2.6574493385851383,79.53036483377218,46.359195141121745,756.763615179807,412.1912936680019,8160,40,,7.3473173386245945,False,False,ok
Schirrmeister2017,development,normalized_update,fixed_spdsw_k40,fixed,uniform,False,2,6398,204,40,0.0,0.00016237112705394464,0.012742492968565635,,,,,0.00014970776166895532,7.3473173386245945,0.00016237112705394464,0.00018338224936726222,0.0007899410486801428,8.62435800640928e-07,3.6888794541139367,39.99999999999999,0.025,0.125,6398,346310c81af8a1637413a81c7ade937200c1c5f9bdeacce3d835fc535a2a280c,full_tensor_sha256,cb8e9199ffc4501e753bbedf6ed380330e9ce652c0dd95f3972f712c3c9392c9,0.0,0.8689551614224911,0.0,0.5163259338587523,0.04499196074903011,0.8417039643973112,0.37340703420341015,2.645384054630995,79.53036483377218,46.359195141121745,759.4089992344379,412.1912936680019,8200,40,,7.3473173386245945,False,False,ok
Schirrmeister2017,development,normalized_update,fixed_spdsw_k40,fixed,uniform,False,2,6398,205,40,0.0,0.000934981176558849,0.03057746190511647,,,,,0.00036001854966462673,7.3473173386245945,0.000934981176558849,0.0010603963469488227,0.004565823841343525,1.2018545451193506e-06,3.6888794541139367,39.99999999999999,0.025,0.125,6398,346310c81af8a1637413a81c7ade937200c1c5f9bdeacce3d835fc535a2a280c,full_tensor_sha256,cb8e9199ffc4501e753bbedf6ed380330e9ce652c0dd95f3972f712c3c9392c9,0.0,0.86557911708951,0.0,0.5009640008211136,0.0442061573266983,0.847390154376626,0.36910385824739933,2.627243287861347,79.53036483377218,46.359195141121745,762.0362425222993,412.1912936680019,8240,40,,7.3473173386245945,False,False,ok
Schirrmeister2017,development,normalized_update,fixed_spdsw_k40,fixed,uniform,False,2,6398,206,40,0.0,0.0001623711271565879,0.012742492972593233,,,,,0.00014970776171998953,7.347317338624596,0.0001623711271565879,0.0001833822152207379,0.0007899407661626082,8.62426791840945e-07,3.6888794541139367,39.99999999999999,0.025,0.125,6398,346310c81af8a1637413a81c7ade937200c1c5f9bdeacce3d835fc535a2a280c,full_tensor_sha256,cb8e9199ffc4501e753bbedf6ed380330e9ce652c0dd95f3972f712c3c9392c9,0.0,0.8662310428917408,0.0,0.4927727859467268,0.044630141928792,0.8765871170908213,0.37757609970867634,2.657797187566757,79.53036483377218,46.359195141121745,764.694039709866,412.1912936680019,8280,40,,7.3473173386245945,False,False,ok
Schirrmeister2017,development,normalized_update,fixed_spdsw_k40,fixed,uniform,False,2,6398,207,40,0.0,0.0009349811763449672,0.030577461901619092,,,,,0.0003600185496330369,7.3473173386245945,0.0009349811763449672,0.001060396155172053,0.004565822258501547,1.2018541444662065e-06,3.6888794541139367,39.99999999999999,0.025,0.125,6398,346310c81af8a1637413a81c7ade937200c1c5f9bdeacce3d835fc535a2a280c,full_tensor_sha256,cb8e9199ffc4501e753bbedf6ed380330e9ce652c0dd95f3972f712c3c9392c9,0.0,0.8635700214654207,0.0,0.49912487156689167,0.04408089444041252,0.8708219975233078,0.36865007132291794,2.6462478563189507,79.53036483377218,46.359195141121745,767.340287566185,412.1912936680019,8320,40,,7.3473173386245945,False,False,ok
Schirrmeister2017,development,normalized_update,fixed_spdsw_k40,fixed,uniform,False,2,6398,208,40,0.0,0.00016237112724534544,0.012742492976075971,,,,,0.0001497077617551465,7.3473173386245945,0.00016237112724534544,0.00018338218484766555,0.0007899405154059408,8.624186880793994e-07,3.6888794541139367,39.99999999999999,0.025,0.125,6398,346310c81af8a1637413a81c7ade937200c1c5f9bdeacce3d835fc535a2a280c,full_tensor_sha256,cb8e9199ffc4501e753bbedf6ed380330e9ce652c0dd95f3972f712c3c9392c9,0.0,0.8635788690298796,0.0,0.5058939568698406,0.044628046452999115,0.8349739946424961,0.37277000956237316,2.6218448765575886,79.53036483377218,46.359195141121745,769.9621324427426,412.1912936680019,8360,40,,7.3473173386245945,False,False,ok
Schirrmeister2017,development,normalized_update,fixed_spdsw_k40,fixed,uniform,False,2,6398,209,40,0.0,0.0009349811760920724,0.030577461897483782,,,,,0.00036001854957695755,7.3473173386245945,0.0009349811760920724,0.0010603959841678048,0.004565820852579255,1.2018538310401538e-06,3.6888794541139367,39.99999999999999,0.025,0.125,6398,346310c81af8a1637413a81c7ade937200c1c5f9bdeacce3d835fc535a2a280c,full_tensor_sha256,cb8e9199ffc4501e753bbedf6ed380330e9ce652c0dd95f3972f712c3c9392c9,0.0,0.8644820190966129,0.0,0.49282796680927277,0.04396401345729828,0.8714259602129459,0.368461012840271,2.641160972416401,79.53036483377218,46.359195141121745,772.603293415159,412.1912936680019,8400,40,,7.3473173386245945,False,False,ok
Schirrmeister2017,development,normalized_update,fixed_spdsw_k40,fixed,uniform,False,2,6398,210,40,0.0,0.00016237112735464942,0.012742492980364926,,,,,0.00014970776180637494,7.347317338624595,0.00016237112735464942,0.0001833821576581995,0.0007899402920355671,8.624114477027747e-07,3.6888794541139367,39.99999999999999,0.025,0.125,6398,346310c81af8a1637413a81c7ade937200c1c5f9bdeacce3d835fc535a2a280c,full_tensor_sha256,cb8e9199ffc4501e753bbedf6ed380330e9ce652c0dd95f3972f712c3c9392c9,0.0,0.8605741895735264,0.0,0.48741186037659645,0.044496962800621986,0.8753298316150904,0.37106708623468876,2.638879930600524,79.53036483377218,46.359195141121745,775.2421733457595,412.1912936680019,8440,40,,7.3473173386245945,False,False,ok
Schirrmeister2017,development,normalized_update,fixed_spdsw_k40,fixed,uniform,False,2,6398,211,40,0.0,0.0009349811758207817,0.03057746189304766,,,,,0.0003600185495213385,7.3473173386245945,0.0009349811758207817,0.0010603958311007245,0.004565819599700784,1.2018537315231422e-06,3.6888794541139367,39.99999999999999,0.025,0.125,6398,346310c81af8a1637413a81c7ade937200c1c5f9bdeacce3d835fc535a2a280c,full_tensor_sha256,cb8e9199ffc4501e753bbedf6ed380330e9ce652c0dd95f3972f712c3c9392c9,0.0,0.862225191667676,0.0,0.49327616579830647,0.043760985136032104,0.8428748697042465,0.3711429890245199,2.613280201330781,79.53036483377218,46.359195141121745,777.8554535470903,412.1912936680019,8480,40,,7.3473173386245945,False,False,ok
Schirrmeister2017,development,normalized_update,fixed_spdsw_k40,fixed,uniform,False,2,6398,212,40,0.0,0.0001623711274625682,0.012742492984599528,,,,,0.00014970776186196897,7.3473173386245945,0.0001623711274625682,0.0001833821334335318,0.0007899400937460418,8.624049521529108e-07,3.6888794541139367,39.99999999999999,0.025,0.125,6398,346310c81af8a1637413a81c7ade937200c1c5f9bdeacce3d835fc535a2a280c,full_tensor_sha256,cb8e9199ffc4501e753bbedf6ed380330e9ce652c0dd95f3972f712c3c9392c9,0.0,0.8629700168967247,0.0,0.5160479340702295,0.044038984924554825,0.8315287996083498,0.369418878108263,2.624004613608122,79.53036483377218,46.359195141121745,780.4794581606984,412.1912936680019,8520,40,,7.3473173386245945,False,False,ok
Schirrmeister2017,development,normalized_update,fixed_spdsw_k40,fixed,uniform,False,2,6398,213,40,0.0,0.0009349811756355957,0.030577461890019513,,,,,0.00036001854949715566,7.3473173386245945,0.0009349811756355957,0.0010603956944801496,0.004565818486119374,1.2018536522609112e-06,3.6888794541139367,39.99999999999999,0.025,0.125,6398,346310c81af8a1637413a81c7ade937200c1c5f9bdeacce3d835fc535a2a280c,full_tensor_sha256,cb8e9199ffc4501e753bbedf6ed380330e9ce652c0dd95f3972f712c3c9392c9,0.0,0.8609071373939514,0.0,0.49663009122014046,0.043686944991350174,0.9258170612156391,0.369437038898468,2.696478273719549,79.53036483377218,46.359195141121745,783.175936434418,412.1912936680019,8560,40,,7.3473173386245945,False,False,ok
Schirrmeister2017,development,normalized_update,fixed_spdsw_k40,fixed,uniform,False,2,6398,214,40,0.0,0.00016237112756188696,0.012742492988496676,,,,,0.00014970776190601043,7.347317338624595,0.00016237112756188696,0.00018338211174138565,0.0007899399167652015,8.623991113230863e-07,3.6888794541139367,39.99999999999999,0.025,0.125,6398,346310c81af8a1637413a81c7ade937200c1c5f9bdeacce3d835fc535a2a280c,full_tensor_sha256,cb8e9199ffc4501e753bbedf6ed380330e9ce652c0dd95f3972f712c3c9392c9,0.0,0.8618070278316736,0.0,0.48272591084241867,0.043242936953902245,0.8456700015813112,0.3715590573847294,2.605004934594035,79.53036483377218,46.359195141121745,785.780941369012,412.1912936680019,8600,40,,7.3473173386245945,False,False,ok
Schirrmeister2017,development,normalized_update,fixed_spdsw_k40,fixed,uniform,False,2,6398,215,40,0.0,0.0009349811753856734,0.030577461885932807,,,,,0.00036001854944519733,7.347317338624595,0.0009349811753856734,0.001060395572241897,0.004565817493721473,1.2018536360045679e-06,3.6888794541139367,39.99999999999999,0.025,0.125,6398,346310c81af8a1637413a81c7ade937200c1c5f9bdeacce3d835fc535a2a280c,full_tensor_sha256,cb8e9199ffc4501e753bbedf6ed380330e9ce652c0dd95f3972f712c3c9392c9,0.0,0.8614519611001015,0.0,0.48963818699121475,0.04404783248901367,0.8794290479272604,0.37511205300688744,2.6496790815144777,79.53036483377218,46.359195141121745,788.4306204505265,412.1912936680019,8640,40,,7.3473173386245945,False,False,ok
Schirrmeister2017,development,normalized_update,fixed_spdsw_k40,fixed,uniform,False,2,6398,216,40,0.0,0.00016237112765925369,0.01274249299231723,,,,,0.00014970776195865758,7.3473173386245945,0.00016237112765925369,0.00018338209241260854,0.0007899397599737314,8.623938879453594e-07,3.6888794541139367,39.99999999999999,0.025,0.125,6398,346310c81af8a1637413a81c7ade937200c1c5f9bdeacce3d835fc535a2a280c,full_tensor_sha256,cb8e9199ffc4501e753bbedf6ed380330e9ce652c0dd95f3972f712c3c9392c9,0.0,0.8589690551161766,0.0,0.4934838507324457,0.043791020289063454,0.8523478172719479,0.36918907426297665,2.6177808176726103,79.53036483377218,46.359195141121745,791.0484012681991,412.1912936680019,8680,40,,7.3473173386245945,False,False,ok
Schirrmeister2017,development,normalized_update,fixed_spdsw_k40,fixed,uniform,False,2,6398,217,40,0.0,0.000934981175254865,0.030577461883793837,,,,,0.0003600185494301523,7.347317338624595,0.000934981175254865,0.001060395463141812,0.004565816612249612,1.201853504479642e-06,3.6888794541139367,39.99999999999999,0.025,0.125,6398,346310c81af8a1637413a81c7ade937200c1c5f9bdeacce3d835fc535a2a280c,full_tensor_sha256,cb8e9199ffc4501e753bbedf6ed380330e9ce652c0dd95f3972f712c3c9392c9,0.0,0.8641988970339298,0.0,0.49041397869586945,0.04416820593178272,0.847937073558569,0.36700512282550335,2.6137232780456543,79.53036483377218,46.359195141121745,793.6621245462447,412.1912936680019,8720,40,,7.3473173386245945,False,False,ok
Schirrmeister2017,development,normalized_update,fixed_spdsw_k40,fixed,uniform,False,2,6398,218,40,0.0,0.0001623711277461738,0.01274249299572787,,,,,0.000149707762000579,7.3473173386245945,0.0001623711277461738,0.00018338207507678846,0.0007899396197467588,8.623892125224034e-07,3.6888794541139367,39.99999999999999,0.025,0.125,6398,346310c81af8a1637413a81c7ade937200c1c5f9bdeacce3d835fc535a2a280c,full_tensor_sha256,cb8e9199ffc4501e753bbedf6ed380330e9ce652c0dd95f3972f712c3c9392c9,0.0,0.8592980448156595,0.0,0.4827468656003475,0.04355679266154766,0.8300249464809895,0.3707560244947672,2.5863826740533113,79.53036483377218,46.359195141121745,796.248507220298,412.1912936680019,8760,40,,7.3473173386245945,False,False,ok
Schirrmeister2017,development,normalized_update,fixed_spdsw_k40,fixed,uniform,False,2,6398,219,40,0.0,0.0009349811751127275,0.030577461881469616,,,,,0.0003600185494135052,7.3473173386245945,0.0009349811751127275,0.0010603953654062489,0.004565815825822947,1.2018534227125484e-06,3.6888794541139367,39.99999999999999,0.025,0.125,6398,346310c81af8a1637413a81c7ade937200c1c5f9bdeacce3d835fc535a2a280c,full_tensor_sha256,cb8e9199ffc4501e753bbedf6ed380330e9ce652c0dd95f3972f712c3c9392c9,0.0,0.8631730452179909,0.0,0.48936204984784126,0.04440709017217159,0.8463021367788315,0.3679541405290365,2.6111984625458717,79.53036483377218,46.359195141121745,798.8597056828439,412.1912936680019,8800,40,,7.3473173386245945,False,False,ok
Schirrmeister2017,development,normalized_update,fixed_spdsw_k40,fixed,uniform,False,2,6398,220,40,0.0,0.00016237112781697512,0.012742492998506027,,,,,0.00014970776203557774,7.3473173386245945,0.00016237112781697512,0.00018338205961648303,0.000789939495329969,8.623849938186897e-07,3.6888794541139367,39.99999999999999,0.025,0.125,6398,346310c81af8a1637413a81c7ade937200c1c5f9bdeacce3d835fc535a2a280c,full_tensor_sha256,cb8e9199ffc4501e753bbedf6ed380330e9ce652c0dd95f3972f712c3c9392c9,0.0,0.861309003084898,0.0,0.48634479753673077,0.043496023863554,0.9198109619319439,0.3769630566239357,2.6879238430410624,79.53036483377218,46.359195141121745,801.547629525885,412.1912936680019,8840,40,,7.3473173386245945,False,False,ok
Schirrmeister2017,development,normalized_update,fixed_spdsw_k40,fixed,uniform,False,2,6398,221,40,0.0,0.0009349811749772709,0.030577461879254645,,,,,0.00036001854938855655,7.347317338624595,0.0009349811749772709,0.001060395278328552,0.0045658151276998845,1.2018533313300833e-06,3.6888794541139367,39.99999999999999,0.025,0.125,6398,346310c81af8a1637413a81c7ade937200c1c5f9bdeacce3d835fc535a2a280c,full_tensor_sha256,cb8e9199ffc4501e753bbedf6ed380330e9ce652c0dd95f3972f712c3c9392c9,0.0,0.8613429963588715,0.0,0.4943429958075285,0.044693006202578545,0.83745620213449,0.3690640442073345,2.606899244710803,79.53036483377218,46.359195141121745,804.1545287705958,412.1912936680019,8880,40,,7.3473173386245945,False,False,ok
Schirrmeister2017,development,normalized_update,fixed_spdsw_k40,fixed,uniform,False,2,6398,222,40,0.0,0.0001623711278851396,0.01274249300118072,,,,,0.00014970776206398815,7.3473173386245945,0.0001623711278851396,0.00018338204582916213,0.000789939384739369,8.623812158119085e-07,3.6888794541139367,39.99999999999999,0.025,0.125,6398,346310c81af8a1637413a81c7ade937200c1c5f9bdeacce3d835fc535a2a280c,full_tensor_sha256,cb8e9199ffc4501e753bbedf6ed380330e9ce652c0dd95f3972f712c3c9392c9,0.0,0.8648158982396126,0.0,0.4911439027637243,0.04354189150035381,0.8676389697939157,0.37118885666131973,2.638329518958926,79.53036483377218,46.359195141121745,806.7928582895547,412.1912936680019,8920,40,,7.3473173386245945,False,False,ok
Schirrmeister2017,development,normalized_update,fixed_spdsw_k40,fixed,uniform,False,2,6398,223,40,0.0,0.0009349811747859579,0.03057746187612631,,,,,0.0003600185493481581,7.3473173386245945,0.0009349811747859579,0.0010603952004012126,0.004565814504768612,1.2018532698603895e-06,3.6888794541139367,39.99999999999999,0.025,0.125,6398,346310c81af8a1637413a81c7ade937200c1c5f9bdeacce3d835fc535a2a280c,full_tensor_sha256,cb8e9199ffc4501e753bbedf6ed380330e9ce652c0dd95f3972f712c3c9392c9,0.0,0.8617660496383905,0.0,0.48899115063250065,0.04447111859917641,0.8359439671039581,0.3681010566651821,2.599273342639208,79.53036483377218,46.359195141121745,809.3921316321939,412.1912936680019,8960,40,,7.3473173386245945,False,False,ok
Schirrmeister2017,development,normalized_update,fixed_spdsw_k40,fixed,uniform,False,2,6398,224,40,0.0,0.0001623711279635159,0.01274249300425611,,,,,0.00014970776210312234,7.3473173386245945,0.0001623711279635159,0.0001833820334750877,0.0007899392856861556,8.623778184899394e-07,3.6888794541139367,39.99999999999999,0.025,0.125,6398,346310c81af8a1637413a81c7ade937200c1c5f9bdeacce3d835fc535a2a280c,full_tensor_sha256,cb8e9199ffc4501e753bbedf6ed380330e9ce652c0dd95f3972f712c3c9392c9,0.0,0.862229848280549,0.0,0.48451079055666924,0.043898820877075195,0.8730320259928703,0.3702300600707531,2.633901545777917,79.53036483377218,46.359195141121745,812.0260331779718,412.1912936680019,9000,40,,7.3473173386245945,False,False,ok
Schirrmeister2017,development,normalized_update,fixed_spdsw_k40,fixed,uniform,False,2,6398,225,40,0.0,0.0009349811746453014,0.030577461873826307,92.03054270971984,0.9986644333183763,0.13355666816237258,0.13355666816237258,0.0003600185493271246,7.347317338624595,0.0009349811746453014,0.0010603951306056385,0.0045658139498255985,1.201853216203628e-06,3.6888794541139367,39.99999999999999,0.025,0.125,6398,346310c81af8a1637413a81c7ade937200c1c5f9bdeacce3d835fc535a2a280c,full_tensor_sha256,cb8e9199ffc4501e753bbedf6ed380330e9ce652c0dd95f3972f712c3c9392c9,0.0,0.8613020181655884,0.0,0.4813049454241991,0.043804990127682686,0.8668049704283476,0.37441798485815525,2.627634909003973,79.53036483377218,46.359195141121745,814.6536680869758,441.3868407718837,9040,40,,7.3473173386245945,False,False,ok
Schirrmeister2017,development,normalized_update,fixed_spdsw_k40,fixed,uniform,False,2,6398,226,40,0.0,0.00016237112802543695,0.012742493006685817,,,,,0.00014970776213221203,7.3473173386245945,0.00016237112802543695,0.00018338202244953903,0.0007899391983570217,8.623747822831508e-07,3.6888794541139367,39.99999999999999,0.025,0.125,6398,346310c81af8a1637413a81c7ade937200c1c5f9bdeacce3d835fc535a2a280c,full_tensor_sha256,cb8e9199ffc4501e753bbedf6ed380330e9ce652c0dd95f3972f712c3c9392c9,0.0,0.8733810391277075,0.0,0.5320501513779163,0.04607788287103176,1.2590279802680016,0.3779190592467785,3.0884561128914356,79.53036483377218,46.359195141121745,817.7421241998672,441.3868407718837,9080,40,,7.3473173386245945,False,False,ok
Schirrmeister2017,development,normalized_update,fixed_spdsw_k40,fixed,uniform,False,2,6398,227,40,0.0,0.000934981174508946,0.030577461871596635,,,,,0.00036001854930219627,7.347317338624595,0.000934981174508946,0.0010603950684658647,0.004565813459882079,1.201853150162704e-06,3.6888794541139367,39.99999999999999,0.025,0.125,6398,346310c81af8a1637413a81c7ade937200c1c5f9bdeacce3d835fc535a2a280c,full_tensor_sha256,cb8e9199ffc4501e753bbedf6ed380330e9ce652c0dd95f3972f712c3c9392c9,0.0,0.8631909731775522,0.0,0.507633900269866,0.04461710341274738,0.9062271565198898,0.3700240049511194,2.691693138331175,79.53036483377218,46.359195141121745,820.4338173381984,441.3868407718837,9120,40,,7.3473173386245945,False,False,ok
Schirrmeister2017,development,normalized_update,fixed_spdsw_k40,fixed,uniform,False,2,6398,228,40,0.0,0.00016237112809024928,0.012742493009228974,,,,,0.0001497077621590907,7.347317338624595,0.00016237112809024928,0.0001833820126701422,0.0007899391208763498,8.623720692410171e-07,3.6888794541139367,39.99999999999999,0.025,0.125,6398,346310c81af8a1637413a81c7ade937200c1c5f9bdeacce3d835fc535a2a280c,full_tensor_sha256,cb8e9199ffc4501e753bbedf6ed380330e9ce652c0dd95f3972f712c3c9392c9,0.0,0.8686308283358812,0.0,0.5089880432933569,0.04395097494125366,0.8767959661781788,0.371075002476573,2.6694408152252436,79.53036483377218,46.359195141121745,823.1032581534237,441.3868407718837,9160,40,,7.3473173386245945,False,False,ok
Schirrmeister2017,development,normalized_update,fixed_spdsw_k40,fixed,uniform,False,2,6398,229,40,0.0,0.0009349811743121762,0.030577461868379074,,,,,0.0003600185492595773,7.3473173386245945,0.0009349811743121762,0.0010603950129458532,0.004565813022129505,1.2018531268112478e-06,3.6888794541139367,39.99999999999999,0.025,0.125,6398,346310c81af8a1637413a81c7ade937200c1c5f9bdeacce3d835fc535a2a280c,full_tensor_sha256,cb8e9199ffc4501e753bbedf6ed380330e9ce652c0dd95f3972f712c3c9392c9,0.0,0.8642640896141529,0.0,0.4931509029120207,0.044067855924367905,0.8309809491038322,0.3712249454110861,2.60368874296546,79.53036483377218,46.359195141121745,825.7069468963891,441.3868407718837,9200,40,,7.3473173386245945,False,False,ok
Schirrmeister2017,development,normalized_update,fixed_spdsw_k40,fixed,uniform,False,2,6398,230,40,0.0,0.00016237112816513312,0.012742493012167325,,,,,0.00014970776219868132,7.3473173386245945,0.00016237112816513312,0.00018338200389095584,0.0007899390514709959,8.623696721795245e-07,3.6888794541139367,39.99999999999999,0.025,0.125,6398,346310c81af8a1637413a81c7ade937200c1c5f9bdeacce3d835fc535a2a280c,full_tensor_sha256,cb8e9199ffc4501e753bbedf6ed380330e9ce652c0dd95f3972f712c3c9392c9,0.0,0.8632449898868799,0.0,0.5014359485358,0.04466692917048931,0.836608000099659,0.372172798961401,2.618128666654229,79.53036483377218,46.359195141121745,828.3250755630434,441.3868407718837,9240,40,,7.3473173386245945,False,False,ok
Schirrmeister2017,development,normalized_update,fixed_spdsw_k40,fixed,uniform,False,2,6398,231,40,0.0,0.0009349811742096617,0.030577461866702762,,,,,0.00036001854924528926,7.347317338624594,0.0009349811742096617,0.0010603949633402265,0.004565812632849941,1.2018531347319622e-06,3.6888794541139367,39.99999999999999,0.025,0.125,6398,346310c81af8a1637413a81c7ade937200c1c5f9bdeacce3d835fc535a2a280c,full_tensor_sha256,cb8e9199ffc4501e753bbedf6ed380330e9ce652c0dd95f3972f712c3c9392c9,0.0,0.8636028505861759,0.0,0.5043789278715849,0.0460140872746706,0.8460311219096184,0.3722771070897579,2.6323040947318077,79.53036483377218,46.359195141121745,830.9573796577752,441.3868407718837,9280,40,,7.3473173386245945,False,False,ok
Schirrmeister2017,development,normalized_update,fixed_spdsw_k40,fixed,uniform,False,2,6398,232,40,0.0,0.00016237112821801611,0.01274249301424239,,,,,0.00014970776222436135,7.3473173386245945,0.00016237112821801611,0.00018338199609749551,0.0007899389901157275,8.62367486319993e-07,3.6888794541139367,39.99999999999999,0.025,0.125,6398,346310c81af8a1637413a81c7ade937200c1c5f9bdeacce3d835fc535a2a280c,full_tensor_sha256,cb8e9199ffc4501e753bbedf6ed380330e9ce652c0dd95f3972f712c3c9392c9,0.0,0.8610889781266451,0.0,0.5080078262835741,0.04363921470940113,0.8658571168780327,0.37287501618266106,2.651468152180314,79.53036483377218,46.359195141121745,833.6088478099555,441.3868407718837,9320,40,,7.3473173386245945,False,False,ok
Schirrmeister2017,development,normalized_update,fixed_spdsw_k40,fixed,uniform,False,2,6398,233,40,0.0,0.0009349811740820128,0.03057746186461546,,,,,0.00036001854922347804,7.347317338624595,0.0009349811740820128,0.0010603949191931084,0.00456581228701222,1.2018532805296897e-06,3.6888794541139367,39.99999999999999,0.025,0.125,6398,346310c81af8a1637413a81c7ade937200c1c5f9bdeacce3d835fc535a2a280c,full_tensor_sha256,cb8e9199ffc4501e753bbedf6ed380330e9ce652c0dd95f3972f712c3c9392c9,0.0,0.867106020450592,0.0,0.49977400340139866,0.04471489228308201,0.852867029607296,0.36940397694706917,2.633865922689438,79.53036483377218,46.359195141121745,836.2427137326449,441.3868407718837,9360,40,,7.3473173386245945,False,False,ok
Schirrmeister2017,development,normalized_update,fixed_spdsw_k40,fixed,uniform,False,2,6398,234,40,0.0,0.0001623711282835572,0.012742493016814143,,,,,0.00014970776224961866,7.3473173386245945,0.0001623711282835572,0.00018338198910122178,0.0007899389352300612,8.623655254199627e-07,3.6888794541139367,39.99999999999999,0.025,0.125,6398,346310c81af8a1637413a81c7ade937200c1c5f9bdeacce3d835fc535a2a280c,full_tensor_sha256,cb8e9199ffc4501e753bbedf6ed380330e9ce652c0dd95f3972f712c3c9392c9,0.0,0.8632091339677572,0.0,0.49174600280821323,0.04357402212917805,0.891014002263546,0.37055695429444313,2.6601001154631376,79.53036483377218,46.359195141121745,838.902813848108,441.3868407718837,9400,40,,7.3473173386245945,False,False,ok
Schirrmeister2017,development,normalized_update,fixed_spdsw_k40,fixed,uniform,False,2,6398,235,40,0.0,0.0009349811738583703,0.03057746186095848,,,,,0.00036001854917684667,7.347317338624595,0.0009349811738583703,0.001060394879288013,0.004565811978028114,1.2018532651066288e-06,3.6888794541139367,39.99999999999999,0.025,0.125,6398,346310c81af8a1637413a81c7ade937200c1c5f9bdeacce3d835fc535a2a280c,full_tensor_sha256,cb8e9199ffc4501e753bbedf6ed380330e9ce652c0dd95f3972f712c3c9392c9,0.0,0.859519001096487,0.0,0.48893014900386333,0.043443869799375534,0.8317041210830212,0.3738570958375931,2.59745423682034,79.53036483377218,46.359195141121745,841.5002680849284,441.3868407718837,9440,40,,7.3473173386245945,False,False,ok
Schirrmeister2017,development,normalized_update,fixed_spdsw_k40,fixed,uniform,False,2,6398,236,40,0.0,0.00016237112836629458,0.012742493020060659,,,,,0.00014970776229107172,7.347317338624594,0.00016237112836629458,0.0001833819828908672,0.0007899388869678332,8.623637578946494e-07,3.6888794541139367,39.99999999999999,0.025,0.125,6398,346310c81af8a1637413a81c7ade937200c1c5f9bdeacce3d835fc535a2a280c,full_tensor_sha256,cb8e9199ffc4501e753bbedf6ed380330e9ce652c0dd95f3972f712c3c9392c9,0.0,0.8606580086052418,0.0,0.4912379663437605,0.043635955080389977,0.8365700487047434,0.36924006417393684,2.6013420429080725,79.53036483377218,46.359195141121745,844.1016101278365,441.3868407718837,9480,40,,7.3473173386245945,False,False,ok
Schirrmeister2017,development,normalized_update,fixed_spdsw_k40,fixed,uniform,False,2,6398,237,40,0.0,0.0009349811737516265,0.030577461859213013,,,,,0.00036001854916104583,7.347317338624595,0.0009349811737516265,0.0010603948438823569,0.0045658117045970295,1.2018532937036474e-06,3.6888794541139367,39.99999999999999,0.025,0.125,6398,346310c81af8a1637413a81c7ade937200c1c5f9bdeacce3d835fc535a2a280c,full_tensor_sha256,cb8e9199ffc4501e753bbedf6ed380330e9ce652c0dd95f3972f712c3c9392c9,0.0,0.860902015119791,0.0,0.48882514238357544,0.04364200867712498,0.8771498687565327,0.36811595782637596,2.6386349927634,79.53036483377218,46.359195141121745,846.7402451205999,441.3868407718837,9520,40,,7.3473173386245945,False,False,ok
Schirrmeister2017,development,normalized_update,fixed_spdsw_k40,fixed,uniform,False,2,6398,238,40,0.0,0.00016237112842274948,0.01274249302227588,,,,,0.00014970776231817246,7.3473173386245945,0.00016237112842274948,0.00018338197730431526,0.0007899388435205026,8.623621893299123e-07,3.6888794541139367,39.99999999999999,0.025,0.125,6398,346310c81af8a1637413a81c7ade937200c1c5f9bdeacce3d835fc535a2a280c,full_tensor_sha256,cb8e9199ffc4501e753bbedf6ed380330e9ce652c0dd95f3972f712c3c9392c9,0.0,0.8617190178483725,0.0,0.4976000636816025,0.04370999522507191,0.8348510600626469,0.37212600000202656,2.6100061368197203,79.53036483377218,46.359195141121745,849.3502512574196,441.3868407718837,9560,40,,7.3473173386245945,False,False,ok
Schirrmeister2017,development,normalized_update,fixed_spdsw_k40,fixed,uniform,False,2,6398,239,40,0.0,0.0009349811735915016,0.030577461856594663,,,,,0.0003600185491285718,7.3473173386245945,0.0009349811735915016,0.0010603948122298546,0.00456581146046605,1.2018534502187808e-06,3.6888794541139367,39.99999999999999,0.025,0.125,6398,346310c81af8a1637413a81c7ade937200c1c5f9bdeacce3d835fc535a2a280c,full_tensor_sha256,cb8e9199ffc4501e753bbedf6ed380330e9ce652c0dd95f3972f712c3c9392c9,0.0,0.8622680325061083,0.0,0.4877981264144182,0.04548579454421997,0.8799990173429251,0.37057301960885525,2.646123990416527,79.53036483377218,46.359195141121745,851.9963752478361,441.3868407718837,9600,40,,7.3473173386245945,False,False,ok
Schirrmeister2017,development,normalized_update,fixed_spdsw_k40,fixed,uniform,False,2,6398,240,40,0.0,0.00016237112848725487,0.012742493024806994,,,,,0.00014970776234567366,7.3473173386245945,0.00016237112848725487,0.0001833819724034773,0.0007899388053541978,8.623607692327074e-07,3.6888794541139367,39.99999999999999,0.025,0.125,6398,346310c81af8a1637413a81c7ade937200c1c5f9bdeacce3d835fc535a2a280c,full_tensor_sha256,cb8e9199ffc4501e753bbedf6ed380330e9ce652c0dd95f3972f712c3c9392c9,0.0,0.8653150871396065,0.0,0.48865494318306446,0.04350906237959862,0.8466758299618959,0.3717630170285702,2.6159179396927357,79.53036483377218,46.359195141121745,854.6122931875288,441.3868407718837,9640,40,,7.3473173386245945,False,False,ok
Schirrmeister2017,development,normalized_update,fixed_spdsw_k40,fixed,uniform,False,2,6398,241,40,0.0,0.0009349811733762589,0.030577461853075034,,,,,0.0003600185490817402,7.347317338624595,0.0009349811733762589,0.0010603947840696598,0.004565811243924807,1.2018536005810245e-06,3.6888794541139367,39.99999999999999,0.025,0.125,6398,346310c81af8a1637413a81c7ade937200c1c5f9bdeacce3d835fc535a2a280c,full_tensor_sha256,cb8e9199ffc4501e753bbedf6ed380330e9ce652c0dd95f3972f712c3c9392c9,0.0,0.8620291482657194,0.0,0.5064420402050018,0.04493212327361107,0.8329709526151419,0.36908104084432125,2.6154553052037954,79.53036483377218,46.359195141121745,857.2277484927326,441.3868407718837,9680,40,,7.3473173386245945,False,False,ok
Schirrmeister2017,development,normalized_update,fixed_spdsw_k40,fixed,uniform,False,2,6398,242,40,0.0,0.00016237112857481423,0.012742493028242716,,,,,0.0001497077623914495,7.3473173386245945,0.00016237112857481423,0.00018338196800080837,0.0007899387713165275,8.623595199760942e-07,3.6888794541139367,39.99999999999999,0.025,0.125,6398,346310c81af8a1637413a81c7ade937200c1c5f9bdeacce3d835fc535a2a280c,full_tensor_sha256,cb8e9199ffc4501e753bbedf6ed380330e9ce652c0dd95f3972f712c3c9392c9,0.0,0.86207315325737,0.0,0.4983069375157356,0.04444294609129429,0.8758590556681156,0.3700088709592819,2.6506909634917974,79.53036483377218,46.359195141121745,859.8784394562244,441.3868407718837,9720,40,,7.3473173386245945,False,False,ok
Schirrmeister2017,development,normalized_update,fixed_spdsw_k40,fixed,uniform,False,2,6398,243,40,0.0,0.0009349811732708862,0.03057746185135199,,,,,0.00036001854907300254,7.3473173386245945,0.0009349811732708862,0.0010603947587906168,0.004565811050918032,1.2018536414528329e-06,3.6888794541139367,39.99999999999999,0.025,0.125,6398,346310c81af8a1637413a81c7ade937200c1c5f9bdeacce3d835fc535a2a280c,full_tensor_sha256,cb8e9199ffc4501e753bbedf6ed380330e9ce652c0dd95f3972f712c3c9392c9,0.0,0.8611711673438549,0.0,0.48379693180322647,0.0438750721514225,0.8674811106175184,0.36914716474711895,2.6254714466631413,79.53036483377218,46.359195141121745,862.5039109028876,441.3868407718837,9760,40,,7.3473173386245945,False,False,ok
Schirrmeister2017,development,normalized_update,fixed_spdsw_k40,fixed,uniform,False,2,6398,244,40,0.0,0.00016237112863911165,0.012742493030765668,,,,,0.0001497077624233252,7.3473173386245945,0.00016237112863911165,0.00018338196410268772,0.0007899387413089866,8.623584041599613e-07,3.6888794541139367,39.99999999999999,0.025,0.125,6398,346310c81af8a1637413a81c7ade937200c1c5f9bdeacce3d835fc535a2a280c,full_tensor_sha256,cb8e9199ffc4501e753bbedf6ed380330e9ce652c0dd95f3972f712c3c9392c9,0.0,0.8595020044595003,0.0,0.4953548777848482,0.04410184919834137,0.8360221982002258,0.3731288015842438,2.6081097312271595,79.53036483377218,46.359195141121745,865.1120206341147,441.3868407718837,9800,40,,7.3473173386245945,False,False,ok
Schirrmeister2017,development,normalized_update,fixed_spdsw_k40,fixed,uniform,False,2,6398,245,40,0.0,0.0009349811730989083,0.030577461848539822,,,,,0.00036001854904025497,7.3473173386245945,0.0009349811730989083,0.0010603947363896078,0.0045658108802286886,1.201853646842402e-06,3.6888794541139367,39.99999999999999,0.025,0.125,6398,346310c81af8a1637413a81c7ade937200c1c5f9bdeacce3d835fc535a2a280c,full_tensor_sha256,cb8e9199ffc4501e753bbedf6ed380330e9ce652c0dd95f3972f712c3c9392c9,0.0,0.8640140295028687,0.0,0.4990969318896532,0.04444899968802929,0.8443288970738649,0.3723050467669964,2.6241939049214125,79.53036483377218,46.359195141121745,867.7362145390362,441.3868407718837,9840,40,,7.3473173386245945,False,False,ok
Schirrmeister2017,development,normalized_update,fixed_spdsw_k40,fixed,uniform,False,2,6398,246,40,0.0,0.0001623711287124565,0.012742493033643634,,,,,0.00014970776245604067,7.3473173386245945,0.0001623711287124565,0.00018338196060686793,0.0007899387143157895,8.623574070281895e-07,3.6888794541139367,39.99999999999999,0.025,0.125,6398,346310c81af8a1637413a81c7ade937200c1c5f9bdeacce3d835fc535a2a280c,full_tensor_sha256,cb8e9199ffc4501e753bbedf6ed380330e9ce652c0dd95f3972f712c3c9392c9,0.0,0.8640210144221783,0.0,0.4997369833290577,0.04370696842670441,0.8761049248278141,0.3710719756782055,2.65464186668396,79.53036483377218,46.359195141121745,870.3908564057201,441.3868407718837,9880,40,,7.3473173386245945,False,False,ok
Schirrmeister2017,development,normalized_update,fixed_spdsw_k40,fixed,uniform,False,2,6398,247,40,0.0,0.0009349811729842044,0.030577461846664194,,,,,0.0003600185490215884,7.347317338624594,0.0009349811729842044,0.0010603947160983751,0.004565810726245956,1.2018536237754761e-06,3.6888794541139367,39.99999999999999,0.025,0.125,6398,346310c81af8a1637413a81c7ade937200c1c5f9bdeacce3d835fc535a2a280c,full_tensor_sha256,cb8e9199ffc4501e753bbedf6ed380330e9ce652c0dd95f3972f712c3c9392c9,0.0,0.8650489617139101,0.0,0.49273506738245487,0.04312279634177685,0.8665220811963081,0.36732503212988377,2.6347539387643337,79.53036483377218,46.359195141121745,873.0256103444844,441.3868407718837,9920,40,,7.3473173386245945,False,False,ok
Schirrmeister2017,development,normalized_update,fixed_spdsw_k40,fixed,uniform,False,2,6398,248,40,0.0,0.00016237112877330652,0.012742493036031314,,,,,0.00014970776248844706,7.347317338624595,0.00016237112877330652,0.00018338195745459297,0.0007899386902640769,8.62356489331599e-07,3.6888794541139367,39.99999999999999,0.025,0.125,6398,346310c81af8a1637413a81c7ade937200c1c5f9bdeacce3d835fc535a2a280c,full_tensor_sha256,cb8e9199ffc4501e753bbedf6ed380330e9ce652c0dd95f3972f712c3c9392c9,0.0,0.8649521041661501,0.0,0.49542798660695553,0.044032931327819824,0.8683099877089262,0.37237699143588543,2.645100001245737,79.53036483377218,46.359195141121745,875.6707103457302,441.3868407718837,9960,40,,7.3473173386245945,False,False,ok
Schirrmeister2017,development,normalized_update,fixed_spdsw_k40,fixed,uniform,False,2,6398,249,40,0.0,0.0009349811728820217,0.03057746184499331,,,,,0.00036001854900736413,7.3473173386245945,0.0009349811728820217,0.0010603946979961642,0.004565810589912889,1.2018536028655789e-06,3.6888794541139367,39.99999999999999,0.025,0.125,6398,346310c81af8a1637413a81c7ade937200c1c5f9bdeacce3d835fc535a2a280c,full_tensor_sha256,cb8e9199ffc4501e753bbedf6ed380330e9ce652c0dd95f3972f712c3c9392c9,0.0,0.8628098294138908,0.0,0.48721698112785816,0.04378892481327057,0.8372941520065069,0.36874692887067795,2.5998568162322044,79.53036483377218,46.359195141121745,878.2705671619624,441.3868407718837,10000,40,,7.3473173386245945,False,False,ok
Schirrmeister2017,development,normalized_update,fixed_spdsw_k40,fixed,uniform,False,2,6398,250,40,0.0,0.0001623711288248807,0.012742493038055022,92.05793906201212,0.9989617233465712,0.10382766534288108,0.10382766534288108,0.0001497077625127562,7.3473173386245945,0.0001623711288248807,0.00018338195464558726,0.0007899386688684073,8.623556475509335e-07,3.6888794541139367,39.99999999999999,0.025,0.125,6398,346310c81af8a1637413a81c7ade937200c1c5f9bdeacce3d835fc535a2a280c,full_tensor_sha256,cb8e9199ffc4501e753bbedf6ed380330e9ce652c0dd95f3972f712c3c9392c9,0.0,0.8605029433965683,0.0,0.48507610335946083,0.052276067435741425,0.8658259175717831,0.38092886097729206,2.6446098927408457,79.53036483377218,46.359195141121745,880.9151770547032,472.05667686648667,10040,40,,7.3473173386245945,False,False,ok
Schirrmeister2017,development,normalized_update,fixed_spdsw_k40,fixed,uniform,False,2,6398,251,40,0.0,0.0009349811727630922,0.030577461843048586,,,,,0.000360018548985804,7.3473173386245945,0.0009349811727630922,0.0010603946818483426,0.004565810468133509,1.2018536443623557e-06,3.6888794541139367,39.99999999999999,0.025,0.125,6398,346310c81af8a1637413a81c7ade937200c1c5f9bdeacce3d835fc535a2a280c,full_tensor_sha256,cb8e9199ffc4501e753bbedf6ed380330e9ce652c0dd95f3972f712c3c9392c9,0.0,0.8980969432741404,0.0,0.6072018295526505,0.05075009539723396,1.4551409985870123,0.3904548939317465,3.4016447607427835,79.53036483377218,46.359195141121745,884.316821815446,472.05667686648667,10080,40,,7.3473173386245945,False,False,ok
Schirrmeister2017,development,normalized_update,fixed_spdsw_k40,fixed,uniform,False,2,6398,252,40,0.0,0.00016237112887391663,0.012742493039979132,,,,,0.00014970776253136271,7.3473173386245945,0.00016237112887391663,0.00018338195216865809,0.0007899386498712375,8.623548969514908e-07,3.6888794541139367,39.99999999999999,0.025,0.125,6398,346310c81af8a1637413a81c7ade937200c1c5f9bdeacce3d835fc535a2a280c,full_tensor_sha256,cb8e9199ffc4501e753bbedf6ed380330e9ce652c0dd95f3972f712c3c9392c9,0.0,0.8683139458298683,0.0,0.5349719431251287,0.04519196227192879,0.9175320155918598,0.3753500059247017,2.7413598727434874,79.53036483377218,46.359195141121745,887.0581816881895,472.05667686648667,10120,40,,7.3473173386245945,False,False,ok
Schirrmeister2017,development,normalized_update,fixed_spdsw_k40,fixed,uniform,False,2,6398,253,40,0.0,0.0009349811726237899,0.030577461840770728,,,,,0.00036001854895508406,7.347317338624594,0.0009349811726237899,0.001060394667451695,0.004565810359722453,1.2018536760609417e-06,3.6888794541139367,39.99999999999999,0.025,0.125,6398,346310c81af8a1637413a81c7ade937200c1c5f9bdeacce3d835fc535a2a280c,full_tensor_sha256,cb8e9199ffc4501e753bbedf6ed380330e9ce652c0dd95f3972f712c3c9392c9,0.0,0.866950023919344,0.0,0.4987460561096668,0.045182881876826286,0.9235839825123549,0.3701800014823675,2.7046429459005594,79.53036483377218,46.359195141121745,889.7628246340901,472.05667686648667,10160,40,,7.3473173386245945,False,False,ok
Schirrmeister2017,development,normalized_update,fixed_spdsw_k40,fixed,uniform,False,2,6398,254,40,0.0,0.00016237112893243485,0.012742493042275316,,,,,0.00014970776256037323,7.3473173386245945,0.00016237112893243485,0.00018338194993215476,0.0007899386329312724,8.623542421217297e-07,3.6888794541139367,39.99999999999999,0.025,0.125,6398,346310c81af8a1637413a81c7ade937200c1c5f9bdeacce3d835fc535a2a280c,full_tensor_sha256,cb8e9199ffc4501e753bbedf6ed380330e9ce652c0dd95f3972f712c3c9392c9,0.0,0.8654140401631594,0.0,0.4893660079687834,0.04426506347954273,0.8657220751047134,0.3716230858117342,2.636390272527933,79.53036483377218,46.359195141121745,892.399214906618,472.05667686648667,10200,40,,7.3473173386245945,False,False,ok
Schirrmeister2017,development,normalized_update,fixed_spdsw_k40,fixed,uniform,False,2,6398,255,40,0.0,0.0009349811725049501,0.03057746183882747,,,,,0.0003600185489343449,7.3473173386245945,0.0009349811725049501,0.0010603946544678246,0.004565810263415359,1.2018536051486348e-06,3.6888794541139367,39.99999999999999,0.025,0.125,6398,346310c81af8a1637413a81c7ade937200c1c5f9bdeacce3d835fc535a2a280c,full_tensor_sha256,cb8e9199ffc4501e753bbedf6ed380330e9ce652c0dd95f3972f712c3c9392c9,0.0,0.8637160062789917,0.0,0.5047749727964401,0.045522116124629974,0.8807440754026175,0.3705080598592758,2.665265230461955,79.53036483377218,46.359195141121745,895.06448013708,472.05667686648667,10240,40,,7.3473173386245945,False,False,ok
Schirrmeister2017,development,normalized_update,fixed_spdsw_k40,fixed,uniform,False,2,6398,256,40,0.0,0.00016237112897913572,0.012742493044107801,,,,,0.0001497077625792198,7.347317338624595,0.00016237112897913572,0.00018338194796862172,0.0007899386182088433,8.623536563826658e-07,3.6888794541139367,39.99999999999999,0.025,0.125,6398,346310c81af8a1637413a81c7ade937200c1c5f9bdeacce3d835fc535a2a280c,full_tensor_sha256,cb8e9199ffc4501e753bbedf6ed380330e9ce652c0dd95f3972f712c3c9392c9,0.0,0.8629478979855776,0.0,0.49794605001807213,0.043862033635377884,0.8406308479607105,0.371342059224844,2.616728888824582,79.53036483377218,46.359195141121745,897.6812090259045,472.05667686648667,10280,40,,7.3473173386245945,False,False,ok
Schirrmeister2017,development,normalized_update,fixed_spdsw_k40,fixed,uniform,False,2,6398,257,40,0.0,0.0009349811723185276,0.030577461835779102,,,,,0.0003600185488925643,7.3473173386245945,0.0009349811723185276,0.0010603946429602385,0.004565810178240639,1.201853551714125e-06,3.6888794541139367,39.99999999999999,0.025,0.125,6398,346310c81af8a1637413a81c7ade937200c1c5f9bdeacce3d835fc535a2a280c,full_tensor_sha256,cb8e9199ffc4501e753bbedf6ed380330e9ce652c0dd95f3972f712c3c9392c9,0.0,0.8602910675108433,0.0,0.4944449756294489,0.04410184919834137,0.8714650757610798,0.3667590208351612,2.6370619889348745,79.53036483377218,46.359195141121745,900.3182710148394,472.05667686648667,10320,40,,7.3473173386245945,False,False,ok
Schirrmeister2017,development,normalized_update,fixed_spdsw_k40,fixed,uniform,False,2,6398,258,40,0.0,0.0001623711290508552,0.012742493046921988,,,,,0.00014970776261514221,7.3473173386245945,0.0001623711290508552,0.0001833819462163683,0.0007899386048497403,8.623531364912928e-07,3.6888794541139367,39.99999999999999,0.025,0.125,6398,346310c81af8a1637413a81c7ade937200c1c5f9bdeacce3d835fc535a2a280c,full_tensor_sha256,cb8e9199ffc4501e753bbedf6ed380330e9ce652c0dd95f3972f712c3c9392c9,0.0,0.8639791049063206,0.0,0.4898670595139265,0.044029904529452324,0.886162044480443,0.37073087878525257,2.654768992215395,79.53036483377218,46.359195141121745,902.9730400070548,472.05667686648667,10360,40,,7.3473173386245945,False,False,ok
Schirrmeister2017,development,normalized_update,fixed_spdsw_k40,fixed,uniform,False,2,6398,259,40,0.0,0.0009349811722039043,0.030577461833904793,,,,,0.0003600185488748179,7.3473173386245945,0.0009349811722039043,0.0010603946324949354,0.00456581010067591,1.2018536308723565e-06,3.6888794541139367,39.99999999999999,0.025,0.125,6398,346310c81af8a1637413a81c7ade937200c1c5f9bdeacce3d835fc535a2a280c,full_tensor_sha256,cb8e9199ffc4501e753bbedf6ed380330e9ce652c0dd95f3972f712c3c9392c9,0.0,0.8634701371192932,0.0,0.49330200999975204,0.04458194598555565,0.8430751040577888,0.37814793176949024,2.62257712893188,79.53036483377218,46.359195141121745,905.5956171359867,472.05667686648667,10400,40,,7.3473173386245945,False,False,ok
Schirrmeister2017,development,normalized_update,fixed_spdsw_k40,fixed,uniform,False,2,6398,260,40,0.0,0.0001623711291075275,0.01274249304914574,,,,,0.00014970776264363114,7.347317338624595,0.0001623711291075275,0.0001833819446425867,0.0007899385929928144,8.623526666093452e-07,3.6888794541139367,39.99999999999999,0.025,0.125,6398,346310c81af8a1637413a81c7ade937200c1c5f9bdeacce3d835fc535a2a280c,full_tensor_sha256,cb8e9199ffc4501e753bbedf6ed380330e9ce652c0dd95f3972f712c3c9392c9,0.0,0.8625381160527468,0.0,0.509834848344326,0.043705105781555176,0.8970329072326422,0.3681860398501158,2.681297017261386,79.53036483377218,46.359195141121745,908.2769141532481,472.05667686648667,10440,40,,7.3473173386245945,False,False,ok
Schirrmeister2017,development,normalized_update,fixed_spdsw_k40,fixed,uniform,False,2,6398,261,40,0.0,0.0009349811721033752,0.03057746183226095,,,,,0.00036001854885979445,7.347317338624595,0.0009349811721033752,0.0010603946233228689,0.004565810033410679,1.201853717025185e-06,3.6888794541139367,39.99999999999999,0.025,0.125,6398,346310c81af8a1637413a81c7ade937200c1c5f9bdeacce3d835fc535a2a280c,full_tensor_sha256,cb8e9199ffc4501e753bbedf6ed380330e9ce652c0dd95f3972f712c3c9392c9,0.0,0.8625017944723368,0.0,0.49619912169873714,0.04344317130744457,0.8344410452991724,0.3647769335657358,2.6013620663434267,79.53036483377218,46.359195141121745,910.8782762195915,472.05667686648667,10480,40,,7.3473173386245945,False,False,ok
Schirrmeister2017,development,normalized_update,fixed_spdsw_k40,fixed,uniform,False,2,6398,262,40,0.0,0.0001623711291587726,0.012742493051156536,,,,,0.0001497077626703376,7.347317338624595,0.0001623711291587726,0.00018338194326279826,0.0007899385827110537,8.623522333235467e-07,3.6888794541139367,39.99999999999999,0.025,0.125,6398,346310c81af8a1637413a81c7ade937200c1c5f9bdeacce3d835fc535a2a280c,full_tensor_sha256,cb8e9199ffc4501e753bbedf6ed380330e9ce652c0dd95f3972f712c3c9392c9,0.0,0.8598659187555313,0.0,0.4868251271545887,0.0442632008343935,0.8689370006322861,0.37025404162704945,2.630145289003849,79.53036483377218,46.359195141121745,913.5084215085953,472.05667686648667,10520,40,,7.3473173386245945,False,False,ok
Schirrmeister2017,development,normalized_update,fixed_spdsw_k40,fixed,uniform,False,2,6398,263,40,0.0,0.0009349811720164735,0.030577461830839942,,,,,0.00036001854884845316,7.3473173386245945,0.0009349811720164735,0.0010603946151588248,0.00456580997376285,1.201853775928994e-06,3.6888794541139367,39.99999999999999,0.025,0.125,6398,346310c81af8a1637413a81c7ade937200c1c5f9bdeacce3d835fc535a2a280c,full_tensor_sha256,cb8e9199ffc4501e753bbedf6ed380330e9ce652c0dd95f3972f712c3c9392c9,0.0,0.8639469742774963,0.0,0.49186497926712036,0.04382315091788769,0.8761510252952576,0.36759604699909687,2.643382176756859,79.53036483377218,46.359195141121745,916.1518036853522,472.05667686648667,10560,40,,7.3473173386245945,False,False,ok
Schirrmeister2017,development,normalized_update,fixed_spdsw_k40,fixed,uniform,False,2,6398,264,40,0.0,0.00016237112920479315,0.012742493052962326,,,,,0.00014970776268940646,7.3473173386245945,0.00016237112920479315,0.00018338194203366382,0.0007899385734318595,8.623518467684005e-07,3.6888794541139367,39.99999999999999,0.025,0.125,6398,346310c81af8a1637413a81c7ade937200c1c5f9bdeacce3d835fc535a2a280c,full_tensor_sha256,cb8e9199ffc4501e753bbedf6ed380330e9ce652c0dd95f3972f712c3c9392c9,0.0,0.8624489419162273,0.0,0.49280584789812565,0.04428182728588581,0.8474879432469606,0.3786231391131878,2.6256476994603872,79.53036483377218,46.359195141121745,918.7774513848126,472.05667686648667,10600,40,,7.3473173386245945,False,False,ok
Schirrmeister2017,development,normalized_update,fixed_spdsw_k40,fixed,uniform,False,2,6398,265,40,0.0,0.0009349811719111382,0.030577461829117508,,,,,0.00036001854882570193,7.347317338624594,0.0009349811719111382,0.0010603946078454665,0.0045658099206585335,1.2018537337007684e-06,3.6888794541139367,39.99999999999999,0.025,0.125,6398,346310c81af8a1637413a81c7ade937200c1c5f9bdeacce3d835fc535a2a280c,full_tensor_sha256,cb8e9199ffc4501e753bbedf6ed380330e9ce652c0dd95f3972f712c3c9392c9,0.0,0.8600689470767975,0.0,0.4952650051563978,0.04269508644938469,0.8257569279521704,0.3686340060085058,2.592419972643256,79.53036483377218,46.359195141121745,921.3698713574558,472.05667686648667,10640,40,,7.3473173386245945,False,False,ok
Schirrmeister2017,development,normalized_update,fixed_spdsw_k40,fixed,uniform,False,2,6398,266,40,0.0,0.00016237112924279726,0.012742493054453562,,,,,0.00014970776270246226,7.3473173386245945,0.00016237112924279726,0.00018338194093229303,0.0007899385655010039,8.623515217154385e-07,3.6888794541139367,39.99999999999999,0.025,0.125,6398,346310c81af8a1637413a81c7ade937200c1c5f9bdeacce3d835fc535a2a280c,full_tensor_sha256,cb8e9199ffc4501e753bbedf6ed380330e9ce652c0dd95f3972f712c3c9392c9,0.0,0.8675039280205965,0.0,0.4903411027044058,0.04301103763282299,0.8624240290373564,0.3695199266076088,2.6328000240027905,79.53036483377218,46.359195141121745,924.0026713814586,472.05667686648667,10680,40,,7.3473173386245945,False,False,ok
Schirrmeister2017,development,normalized_update,fixed_spdsw_k40,fixed,uniform,False,2,6398,267,40,0.0,0.0009349811717351196,0.030577461826239268,,,,,0.0003600185487848861,7.3473173386245945,0.0009349811717351196,0.0010603946011398969,0.004565809872833469,1.2018537280406916e-06,3.6888794541139367,39.99999999999999,0.025,0.125,6398,346310c81af8a1637413a81c7ade937200c1c5f9bdeacce3d835fc535a2a280c,full_tensor_sha256,cb8e9199ffc4501e753bbedf6ed380330e9ce652c0dd95f3972f712c3c9392c9,0.0,0.8609779179096222,0.0,0.49294414930045605,0.04393700510263443,0.8283660281449556,0.3682349342852831,2.5944600347429514,79.53036483377218,46.359195141121745,926.5971314162016,472.05667686648667,10720,40,,7.3473173386245945,False,False,ok
Schirrmeister2017,development,normalized_update,fixed_spdsw_k40,fixed,uniform,False,2,6398,268,40,0.0,0.00016237112930974837,0.012742493057080643,,,,,0.00014970776273726032,7.347317338624594,0.00016237112930974837,0.00018338193993348257,0.0007899385578939899,8.623512479433326e-07,3.6888794541139367,39.99999999999999,0.025,0.125,6398,346310c81af8a1637413a81c7ade937200c1c5f9bdeacce3d835fc535a2a280c,full_tensor_sha256,cb8e9199ffc4501e753bbedf6ed380330e9ce652c0dd95f3972f712c3c9392c9,0.0,0.8624820038676262,0.0,0.4938459023833275,0.04332698881626129,0.8671230170875788,0.3722498659044504,2.639027778059244,79.53036483377218,46.359195141121745,929.2361591942608,472.05667686648667,10760,40,,7.3473173386245945,False,False,ok
Schirrmeister2017,development,normalized_update,fixed_spdsw_k40,fixed,uniform,False,2,6398,269,40,0.0,0.0009349811715830549,0.03057746182375272,,,,,0.00036001854875754714,7.3473173386245945,0.0009349811715830549,0.0010603945949886576,0.004565809828147421,1.2018537451272257e-06,3.6888794541139367,39.99999999999999,0.025,0.125,6398,346310c81af8a1637413a81c7ade937200c1c5f9bdeacce3d835fc535a2a280c,full_tensor_sha256,cb8e9199ffc4501e753bbedf6ed380330e9ce652c0dd95f3972f712c3c9392c9,0.0,0.8614710532128811,0.0,0.48533501103520393,0.05126302130520344,0.84874895401299,0.3858457785099745,2.632663818076253,79.53036483377218,46.359195141121745,931.8688230123371,472.05667686648667,10800,40,,7.3473173386245945,False,False,ok
Schirrmeister2017,development,normalized_update,fixed_spdsw_k40,fixed,uniform,False,2,6398,270,40,0.0,0.00016237112937641358,0.012742493059696504,,,,,0.00014970776276804267,7.347317338624595,0.00016237112937641358,0.00018338193906093734,0.0007899385513177001,8.623509738028014e-07,3.6888794541139367,39.99999999999999,0.025,0.125,6398,346310c81af8a1637413a81c7ade937200c1c5f9bdeacce3d835fc535a2a280c,full_tensor_sha256,cb8e9199ffc4501e753bbedf6ed380330e9ce652c0dd95f3972f712c3c9392c9,0.0,0.858834944665432,0.0,0.4954489413648844,0.04431488923728466,0.8380410727113485,0.37289317697286606,2.6095330249518156,79.53036483377218,46.359195141121745,934.4783560372889,472.05667686648667,10840,40,,7.3473173386245945,False,False,ok
Schirrmeister2017,development,normalized_update,fixed_spdsw_k40,fixed,uniform,False,2,6398,271,40,0.0,0.0009349811714789521,0.03057746182205044,,,,,0.00036001854874137984,7.3473173386245945,0.0009349811714789521,0.0010603945895741942,0.004565809789592839,1.2018537307641728e-06,3.6888794541139367,39.99999999999999,0.025,0.125,6398,346310c81af8a1637413a81c7ade937200c1c5f9bdeacce3d835fc535a2a280c,full_tensor_sha256,cb8e9199ffc4501e753bbedf6ed380330e9ce652c0dd95f3972f712c3c9392c9,0.0,0.8614170365035534,0.0,0.497214961796999,0.04375283606350422,0.8278749883174896,0.36668311804533005,2.5969429407268763,79.53036483377218,46.359195141121745,937.0752989780158,472.05667686648667,10880,40,,7.3473173386245945,False,False,ok
Schirrmeister2017,development,normalized_update,fixed_spdsw_k40,fixed,uniform,False,2,6398,272,40,0.0,0.00016237112942605572,0.012742493061644402,,,,,0.00014970776279228396,7.3473173386245945,0.00016237112942605572,0.00018338193827548258,0.000789938545513404,8.623507179989066e-07,3.6888794541139367,39.99999999999999,0.025,0.125,6398,346310c81af8a1637413a81c7ade937200c1c5f9bdeacce3d835fc535a2a280c,full_tensor_sha256,cb8e9199ffc4501e753bbedf6ed380330e9ce652c0dd95f3972f712c3c9392c9,0.0,0.8624219335615635,0.0,0.4875210579484701,0.04443991929292679,0.9250540751963854,0.3734058700501919,2.6928428560495377,79.53036483377218,46.359195141121745,939.7681418340653,472.05667686648667,10920,40,,7.3473173386245945,False,False,ok
Schirrmeister2017,development,normalized_update,fixed_spdsw_k40,fixed,uniform,False,2,6398,273,40,0.0,0.0009349811713592629,0.030577461820093292,,,,,0.000360018548718494,7.3473173386245945,0.0009349811713592629,0.0010603945848412179,0.004565809755804813,1.2018537125202067e-06,3.6888794541139367,39.99999999999999,0.025,0.125,6398,346310c81af8a1637413a81c7ade937200c1c5f9bdeacce3d835fc535a2a280c,full_tensor_sha256,cb8e9199ffc4501e753bbedf6ed380330e9ce652c0dd95f3972f712c3c9392c9,0.0,0.8632719982415438,0.0,0.4853620193898678,0.04362408071756363,0.8632449898868799,0.3664400428533554,2.6219431310892105,79.53036483377218,46.359195141121745,942.3900849651545,472.05667686648667,10960,40,,7.3473173386245945,False,False,ok
Schirrmeister2017,development,normalized_update,fixed_spdsw_k40,fixed,uniform,False,2,6398,274,40,0.0,0.0001623711294826207,0.012742493063863942,,,,,0.00014970776282156978,7.347317338624595,0.0001623711294826207,0.00018338193763824202,0.0007899385407942624,8.623505037058087e-07,3.6888794541139367,39.99999999999999,0.025,0.125,6398,346310c81af8a1637413a81c7ade937200c1c5f9bdeacce3d835fc535a2a280c,full_tensor_sha256,cb8e9199ffc4501e753bbedf6ed380330e9ce652c0dd95f3972f712c3c9392c9,0.0,0.8627211209386587,0.0,0.5010070744901896,0.04554609768092632,0.8336091414093971,0.3705460112541914,2.613429445773363,79.53036483377218,46.359195141121745,945.0035144109279,472.05667686648667,11000,40,,7.3473173386245945,False,False,ok
Schirrmeister2017,development,normalized_update,fixed_spdsw_k40,fixed,uniform,False,2,6398,275,40,0.0,0.0009349811712813336,0.030577461818819,92.03054262024543,0.9986644323474495,0.13355676525504442,0.13355676525504442,0.00036001854871165883,7.347317338624595,0.0009349811712813336,0.001060394580716453,0.004565809726726678,1.2018537817440247e-06,3.6888794541139367,39.99999999999999,0.025,0.125,6398,346310c81af8a1637413a81c7ade937200c1c5f9bdeacce3d835fc535a2a280c,full_tensor_sha256,cb8e9199ffc4501e753bbedf6ed380330e9ce652c0dd95f3972f712c3c9392c9,0.0,0.8591329678893089,0.0,0.498421024531126,0.043906038627028465,0.8664990309625864,0.36625401116907597,2.634213073179126,79.53036483377218,46.359195141121745,947.637727484107,501.36245880275965,11040,40,,7.3473173386245945,False,False,ok
Schirrmeister2017,development,normalized_update,fixed_spdsw_k40,fixed,uniform,False,2,6398,276,40,0.0,0.0001623711295237349,0.012742493065477214,,,,,0.00014970776283714256,7.3473173386245945,0.0001623711295237349,0.00018338193703164353,0.0007899385362564592,8.623502896755232e-07,3.6888794541139367,39.99999999999999,0.025,0.125,6398,346310c81af8a1637413a81c7ade937200c1c5f9bdeacce3d835fc535a2a280c,full_tensor_sha256,cb8e9199ffc4501e753bbedf6ed380330e9ce652c0dd95f3972f712c3c9392c9,0.0,0.8689190726727247,0.0,0.5352618172764778,0.04621199332177639,1.2722599785774946,0.37837005220353603,3.1010229140520096,79.53036483377218,46.359195141121745,950.738750398159,501.36245880275965,11080,40,,7.3473173386245945,False,False,ok
Schirrmeister2017,development,normalized_update,fixed_spdsw_k40,fixed,uniform,False,2,6398,277,40,0.0,0.00093498117111961,0.030577461816174507,,,,,0.0003600185486731403,7.347317338624595,0.00093498117111961,0.0010603945768970322,0.004565809699428228,1.201853843256764e-06,3.6888794541139367,39.99999999999999,0.025,0.125,6398,346310c81af8a1637413a81c7ade937200c1c5f9bdeacce3d835fc535a2a280c,full_tensor_sha256,cb8e9199ffc4501e753bbedf6ed380330e9ce652c0dd95f3972f712c3c9392c9,0.0,0.8654070552438498,0.0,0.5127959884703159,0.046252040192484856,0.8774120360612869,0.3701739478856325,2.67204106785357,79.53036483377218,46.359195141121745,953.4107914660126,501.36245880275965,11120,40,,7.3473173386245945,False,False,ok
Schirrmeister2017,development,normalized_update,fixed_spdsw_k40,fixed,uniform,False,2,6398,278,40,0.0,0.00016237112958078384,0.012742493067715747,,,,,0.0001497077628661912,7.3473173386245945,0.00016237112958078384,0.000183381936502724,0.000789938532298478,8.623501120173799e-07,3.6888794541139367,39.99999999999999,0.025,0.125,6398,346310c81af8a1637413a81c7ade937200c1c5f9bdeacce3d835fc535a2a280c,full_tensor_sha256,cb8e9199ffc4501e753bbedf6ed380330e9ce652c0dd95f3972f712c3c9392c9,0.0,0.8613120298832655,0.0,0.4924088716506958,0.04413817077875137,0.9030250366777182,0.37272204644978046,2.6736061554402113,79.53036483377218,46.359195141121745,956.0843976214528,501.36245880275965,11160,40,,7.3473173386245945,False,False,ok
Schirrmeister2017,development,normalized_update,fixed_spdsw_k40,fixed,uniform,False,2,6398,279,40,0.0,0.0009349811710467848,0.030577461814983675,,,,,0.0003600185486629852,7.3473173386245945,0.0009349811710467848,0.0010603945734629213,0.004565809675210064,1.2018538276327901e-06,3.6888794541139367,39.99999999999999,0.025,0.125,6398,346310c81af8a1637413a81c7ade937200c1c5f9bdeacce3d835fc535a2a280c,full_tensor_sha256,cb8e9199ffc4501e753bbedf6ed380330e9ce652c0dd95f3972f712c3c9392c9,0.0,0.8626270573586226,0.0,0.49813510850071907,0.04399311728775501,0.835656188428402,0.37077697925269604,2.6111884508281946,79.53036483377218,46.359195141121745,958.695586072281,501.36245880275965,11200,40,,7.3473173386245945,False,False,ok
Schirrmeister2017,development,normalized_update,fixed_spdsw_k40,fixed,uniform,False,2,6398,280,40,0.0,0.00016237112961831822,0.01274249306918855,,,,,0.00014970776288212318,7.3473173386245945,0.00016237112961831822,0.00018338193601060096,0.0007899385286763926,8.623499508289425e-07,3.6888794541139367,39.99999999999999,0.025,0.125,6398,346310c81af8a1637413a81c7ade937200c1c5f9bdeacce3d835fc535a2a280c,full_tensor_sha256,cb8e9199ffc4501e753bbedf6ed380330e9ce652c0dd95f3972f712c3c9392c9,0.0,0.8623360190540552,0.0,0.49689621664583683,0.0439109280705452,0.8706201333552599,0.3710740711539984,2.6448373682796955,79.53036483377218,46.359195141121745,961.3404234405607,501.36245880275965,11240,40,,7.3473173386245945,False,False,ok
Schirrmeister2017,development,normalized_update,fixed_spdsw_k40,fixed,uniform,False,2,6398,281,40,0.0,0.000934981170941456,0.030577461813261347,,,,,0.00036001854864061664,7.3473173386245945,0.000934981170941456,0.0010603945703314456,0.004565809653053649,1.20185373546484e-06,3.6888794541139367,39.99999999999999,0.025,0.125,6398,346310c81af8a1637413a81c7ade937200c1c5f9bdeacce3d835fc535a2a280c,full_tensor_sha256,cb8e9199ffc4501e753bbedf6ed380330e9ce652c0dd95f3972f712c3c9392c9,0.0,0.8608270436525345,0.0,0.4923150409013033,0.04408182576298714,0.8264388889074326,0.36924518644809723,2.5929079856723547,79.53036483377218,46.359195141121745,963.933331426233,501.36245880275965,11280,40,,7.3473173386245945,False,False,ok
Schirrmeister2017,development,normalized_update,fixed_spdsw_k40,fixed,uniform,False,2,6398,282,40,0.0,0.00016237112965907744,0.012742493070787892,,,,,0.00014970776290151026,7.347317338624595,0.00016237112965907744,0.00018338193555047415,0.0007899385251630502,8.62349802166838e-07,3.6888794541139367,39.99999999999999,0.025,0.125,6398,346310c81af8a1637413a81c7ade937200c1c5f9bdeacce3d835fc535a2a280c,full_tensor_sha256,cb8e9199ffc4501e753bbedf6ed380330e9ce652c0dd95f3972f712c3c9392c9,0.0,0.8617239072918892,0.0,0.4844539798796177,0.04314398393034935,0.8253608830273151,0.37072598934173584,2.585408743470907,79.53036483377218,46.359195141121745,966.518740169704,501.36245880275965,11320,40,,7.3473173386245945,False,False,ok
Schirrmeister2017,development,normalized_update,fixed_spdsw_k40,fixed,uniform,False,2,6398,283,40,0.0,0.0009349811708398922,0.030577461811600586,,,,,0.0003600185486231387,7.347317338624595,0.0009349811708398922,0.0010603945674003727,0.0045658096322845135,1.2018537119745387e-06,3.6888794541139367,39.99999999999999,0.025,0.125,6398,346310c81af8a1637413a81c7ade937200c1c5f9bdeacce3d835fc535a2a280c,full_tensor_sha256,cb8e9199ffc4501e753bbedf6ed380330e9ce652c0dd95f3972f712c3c9392c9,0.0,0.8617010898888111,0.0,0.49415905959904194,0.04453188739717007,0.8328619878739119,0.3710780292749405,2.6043320540338755,79.53036483377218,46.359195141121745,969.1230722237378,501.36245880275965,11360,40,,7.3473173386245945,False,False,ok
Schirrmeister2017,development,normalized_update,fixed_spdsw_k40,fixed,uniform,False,2,6398,284,40,0.0,0.00016237112971016323,0.012742493072792436,,,,,0.00014970776292911914,7.3473173386245945,0.00016237112971016323,0.00018338193517835184,0.0007899385223443241,8.623496654505169e-07,3.6888794541139367,39.99999999999999,0.025,0.125,6398,346310c81af8a1637413a81c7ade937200c1c5f9bdeacce3d835fc535a2a280c,full_tensor_sha256,cb8e9199ffc4501e753bbedf6ed380330e9ce652c0dd95f3972f712c3c9392c9,0.0,0.8608249481767416,0.0,0.48679299652576447,0.04356703720986843,0.8653679396957159,0.37849112413823605,2.6350440457463264,79.53036483377218,46.359195141121745,971.7581162694842,501.36245880275965,11400,40,,7.3473173386245945,False,False,ok
Schirrmeister2017,development,normalized_update,fixed_spdsw_k40,fixed,uniform,False,2,6398,285,40,0.0,0.000934981170768133,0.030577461810427187,,,,,0.00036001854861324086,7.3473173386245945,0.000934981170768133,0.001060394564962274,0.004565809615201999,1.201853815149217e-06,3.6888794541139367,39.99999999999999,0.025,0.125,6398,346310c81af8a1637413a81c7ade937200c1c5f9bdeacce3d835fc535a2a280c,full_tensor_sha256,cb8e9199ffc4501e753bbedf6ed380330e9ce652c0dd95f3972f712c3c9392c9,0.0,0.8584738243371248,0.0,0.4933199379593134,0.0441789161413908,0.8289339020848274,0.36734016612172127,2.5922467466443777,79.53036483377218,46.359195141121745,974.3503630161285,501.36245880275965,11440,40,,7.3473173386245945,False,False,ok
Schirrmeister2017,development,normalized_update,fixed_spdsw_k40,fixed,uniform,False,2,6398,286,40,0.0,0.00016237112974120966,0.012742493074010661,,,,,0.0001497077629395201,7.3473173386245945,0.00016237112974120966,0.00018338193486151558,0.0007899385200566264,8.62349540208452e-07,3.6888794541139367,39.99999999999999,0.025,0.125,6398,346310c81af8a1637413a81c7ade937200c1c5f9bdeacce3d835fc535a2a280c,full_tensor_sha256,cb8e9199ffc4501e753bbedf6ed380330e9ce652c0dd95f3972f712c3c9392c9,0.0,0.8677819278091192,0.0,0.48896600492298603,0.04557590000331402,0.8878749795258045,0.3695008344948292,2.659699646756053,79.53036483377218,46.359195141121745,977.0100626628846,501.36245880275965,11480,40,,7.3473173386245945,False,False,ok
Schirrmeister2017,development,normalized_update,fixed_spdsw_k40,fixed,uniform,False,2,6398,287,40,0.0,0.0009349811706660425,0.03057746180875781,,,,,0.00036001854859116624,7.3473173386245945,0.0009349811706660425,0.00106039456277952,0.004565809599883544,1.2018538271076483e-06,3.6888794541139367,39.99999999999999,0.025,0.125,6398,346310c81af8a1637413a81c7ade937200c1c5f9bdeacce3d835fc535a2a280c,full_tensor_sha256,cb8e9199ffc4501e753bbedf6ed380330e9ce652c0dd95f3972f712c3c9392c9,0.0,0.8588230703026056,0.0,0.4827000666409731,0.04445202648639679,0.8309520781040192,0.3684649709612131,2.585392212495208,79.53036483377218,46.359195141121745,979.5954548753798,501.36245880275965,11520,40,,7.3473173386245945,False,False,ok
Schirrmeister2017,development,normalized_update,fixed_spdsw_k40,fixed,uniform,False,2,6398,288,40,0.0,0.00016237112978624075,0.012742493075777626,,,,,0.0001497077629631302,7.347317338624595,0.00016237112978624075,0.00018338193456801248,0.0007899385177676341,8.623494436814615e-07,3.6888794541139367,39.99999999999999,0.025,0.125,6398,346310c81af8a1637413a81c7ade937200c1c5f9bdeacce3d835fc535a2a280c,full_tensor_sha256,cb8e9199ffc4501e753bbedf6ed380330e9ce652c0dd95f3972f712c3c9392c9,0.0,0.8644629269838333,0.0,0.4896409809589386,0.04339893348515034,0.8351688738912344,0.3724058624356985,2.605077577754855,79.53036483377218,46.359195141121745,982.2005324531347,501.36245880275965,11560,40,,7.3473173386245945,False,False,ok
Schirrmeister2017,development,normalized_update,fixed_spdsw_k40,fixed,uniform,False,2,6398,289,40,0.0,0.0009349811705829704,0.030577461807399422,,,,,0.0003600185485791116,7.347317338624595,0.0009349811705829704,0.0010603945607932737,0.004565809585953434,1.2018537691300803e-06,3.6888794541139367,39.99999999999999,0.025,0.125,6398,346310c81af8a1637413a81c7ade937200c1c5f9bdeacce3d835fc535a2a280c,full_tensor_sha256,cb8e9199ffc4501e753bbedf6ed380330e9ce652c0dd95f3972f712c3c9392c9,0.0,0.8608021307736635,0.0,0.47990097664296627,0.04274793900549412,0.8347560651600361,0.3676069900393486,2.5858141016215086,79.53036483377218,46.359195141121745,984.7863465547562,501.36245880275965,11600,40,,7.3473173386245945,False,False,ok
Schirrmeister2017,development,normalized_update,fixed_spdsw_k40,fixed,uniform,False,2,6398,290,40,0.0,0.00016237112982939002,0.012742493077470751,,,,,0.00014970776298379624,7.3473173386245945,0.00016237112982939002,0.00018338193431259353,0.0007899385158185917,8.623493462666439e-07,3.6888794541139367,39.99999999999999,0.025,0.125,6398,346310c81af8a1637413a81c7ade937200c1c5f9bdeacce3d835fc535a2a280c,full_tensor_sha256,cb8e9199ffc4501e753bbedf6ed380330e9ce652c0dd95f3972f712c3c9392c9,0.0,0.864190049469471,0.0,0.4970971494913101,0.044516054913401604,0.8838649373501539,0.3737029619514942,2.663371153175831,79.53036483377218,46.359195141121745,987.449717707932,501.36245880275965,11640,40,,7.3473173386245945,False,False,ok
Schirrmeister2017,development,normalized_update,fixed_spdsw_k40,fixed,uniform,False,2,6398,291,40,0.0,0.0009349811704863882,0.03057746180582012,,,,,0.000360018548559763,7.3473173386245945,0.0009349811704863882,0.001060394559015706,0.004565809573896714,1.2018537263171342e-06,3.6888794541139367,39.99999999999999,0.025,0.125,6398,346310c81af8a1637413a81c7ade937200c1c5f9bdeacce3d835fc535a2a280c,full_tensor_sha256,cb8e9199ffc4501e753bbedf6ed380330e9ce652c0dd95f3972f712c3c9392c9,0.0,0.8673940319567919,0.0,0.493363942950964,0.04385388456285,0.8990298956632614,0.36976183764636517,2.6734035927802324,79.53036483377218,46.359195141121745,990.1231213007122,501.36245880275965,11680,40,,7.3473173386245945,False,False,ok
Schirrmeister2017,development,normalized_update,fixed_spdsw_k40,fixed,uniform,False,2,6398,292,40,0.0,0.00016237112986338745,0.012742493078804769,,,,,0.00014970776299983845,7.3473173386245945,0.00016237112986338745,0.00018338193411119807,0.0007899385144009778,8.623492560144687e-07,3.6888794541139367,39.99999999999999,0.025,0.125,6398,346310c81af8a1637413a81c7ade937200c1c5f9bdeacce3d835fc535a2a280c,full_tensor_sha256,cb8e9199ffc4501e753bbedf6ed380330e9ce652c0dd95f3972f712c3c9392c9,0.0,0.8621658198535442,0.0,0.49409992061555386,0.04479009658098221,0.8388531859964132,0.3725241404026747,2.612433163449168,79.53036483377218,46.359195141121745,992.7355544641614,501.36245880275965,11720,40,,7.3473173386245945,False,False,ok
Schirrmeister2017,development,normalized_update,fixed_spdsw_k40,fixed,uniform,False,2,6398,293,40,0.0,0.0009349811704380738,0.030577461805030088,,,,,0.0003600185485541651,7.3473173386245945,0.0009349811704380738,0.0010603945575642765,0.0045658095647242904,1.2018536784727551e-06,3.6888794541139367,39.99999999999999,0.025,0.125,6398,346310c81af8a1637413a81c7ade937200c1c5f9bdeacce3d835fc535a2a280c,full_tensor_sha256,cb8e9199ffc4501e753bbedf6ed380330e9ce652c0dd95f3972f712c3c9392c9,0.0,0.8642361499369144,0.0,0.4886710084974766,0.0434329267591238,0.8370399009436369,0.3692579921334982,2.60263797827065,79.53036483377218,46.359195141121745,995.338192442432,501.36245880275965,11760,40,,7.3473173386245945,False,False,ok
Schirrmeister2017,development,normalized_update,fixed_spdsw_k40,fixed,uniform,False,2,6398,294,40,0.0,0.0001623711298920211,0.01274249307992832,,,,,0.00014970776301065627,7.347317338624595,0.0001623711298920211,0.00018338193388528216,0.0007899385129448628,8.623491830116662e-07,3.6888794541139367,39.99999999999999,0.025,0.125,6398,346310c81af8a1637413a81c7ade937200c1c5f9bdeacce3d835fc535a2a280c,full_tensor_sha256,cb8e9199ffc4501e753bbedf6ed380330e9ce652c0dd95f3972f712c3c9392c9,0.0,0.8618440479040146,0.0,0.49249804578721523,0.05250703543424606,0.871388940140605,0.36944402381777763,2.6476820930838585,79.53036483377218,46.359195141121745,997.9858745355159,501.36245880275965,11800,40,,7.3473173386245945,False,False,ok
Schirrmeister2017,development,normalized_update,fixed_spdsw_k40,fixed,uniform,False,2,6398,295,40,0.0,0.0009349811703149091,0.03057746180301611,,,,,0.00036001854852475137,7.3473173386245945,0.0009349811703149091,0.001060394556051263,0.0045658095555712215,1.2018536551326187e-06,3.6888794541139367,39.99999999999999,0.025,0.125,6398,346310c81af8a1637413a81c7ade937200c1c5f9bdeacce3d835fc535a2a280c,full_tensor_sha256,cb8e9199ffc4501e753bbedf6ed380330e9ce652c0dd95f3972f712c3c9392c9,0.0,0.8619199506938457,0.0,0.48859301023185253,0.04276609979569912,0.8328710682690144,0.36757788620889187,2.5937280151993036,79.53036483377218,46.359195141121745,1000.5796025507152,501.36245880275965,11840,40,,7.3473173386245945,False,False,ok
Schirrmeister2017,development,normalized_update,fixed_spdsw_k40,fixed,uniform,False,2,6398,296,40,0.0,0.0001623711299348382,0.01274249308160841,,,,,0.00014970776303130376,7.347317338624595,0.0001623711299348382,0.00018338193373690226,0.0007899385118520248,8.623491099656878e-07,3.6888794541139367,39.99999999999999,0.025,0.125,6398,346310c81af8a1637413a81c7ade937200c1c5f9bdeacce3d835fc535a2a280c,full_tensor_sha256,cb8e9199ffc4501e753bbedf6ed380330e9ce652c0dd95f3972f712c3c9392c9,0.0,0.8657239377498627,0.0,0.5012659821659327,0.04431186243891716,0.8318719919770956,0.37206197157502174,2.61523574590683,79.53036483377218,46.359195141121745,1003.194838296622,501.36245880275965,11880,40,,7.3473173386245945,False,False,ok
Schirrmeister2017,development,normalized_update,fixed_spdsw_k40,fixed,uniform,False,2,6398,297,40,0.0,0.0009349811702344459,0.03057746180170038,,,,,0.0003600185485125258,7.347317338624595,0.0009349811702344459,0.0010603945548265678,0.004565809547378992,1.2018536563379677e-06,3.6888794541139367,39.99999999999999,0.025,0.125,6398,346310c81af8a1637413a81c7ade937200c1c5f9bdeacce3d835fc535a2a280c,full_tensor_sha256,cb8e9199ffc4501e753bbedf6ed380330e9ce652c0dd95f3972f712c3c9392c9,0.0,0.8609681390225887,0.0,0.49115996807813644,0.04402711056172848,0.8305399678647518,0.36871107295155525,2.5954062584787607,79.53036483377218,46.359195141121745,1005.7902445551008,501.36245880275965,11920,40,,7.3473173386245945,False,False,ok
Schirrmeister2017,development,normalized_update,fixed_spdsw_k40,fixed,uniform,False,2,6398,298,40,0.0,0.00016237112997822685,0.012742493083310928,,,,,0.00014970776305613546,7.347317338624595,0.00016237112997822685,0.00018338193359138886,0.0007899385107008766,8.623490520857991e-07,3.6888794541139367,39.99999999999999,0.025,0.125,6398,346310c81af8a1637413a81c7ade937200c1c5f9bdeacce3d835fc535a2a280c,full_tensor_sha256,cb8e9199ffc4501e753bbedf6ed380330e9ce652c0dd95f3972f712c3c9392c9,0.0,0.8596170227974653,0.0,0.48631196841597557,0.04370999522507191,0.8435898926109076,0.36830990575253963,2.60153878480196,79.53036483377218,46.359195141121745,1008.3917833399028,501.36245880275965,11960,40,,7.3473173386245945,False,False,ok
Schirrmeister2017,development,normalized_update,fixed_spdsw_k40,fixed,uniform,False,2,6398,299,40,0.0,0.0009349811701812049,0.030577461800829788,,,,,0.00036001854850762987,7.347317338624595,0.0009349811701812049,0.0010603945536648758,0.004565809539549115,1.2018536304999815e-06,3.6888794541139367,39.99999999999999,0.025,0.125,6398,346310c81af8a1637413a81c7ade937200c1c5f9bdeacce3d835fc535a2a280c,full_tensor_sha256,cb8e9199ffc4501e753bbedf6ed380330e9ce652c0dd95f3972f712c3c9392c9,0.0,0.8609979413449764,0.0,0.49139512702822685,0.044171931222081184,0.849628122523427,0.3766638692468405,2.622856991365552,79.53036483377218,46.359195141121745,1011.0146403312683,501.36245880275965,12000,40,,7.3473173386245945,False,False,ok
Schirrmeister2017,development,normalized_update,fixed_spdsw_k40,fixed,uniform,False,2,6398,300,40,0.0,0.00016237113000830913,0.01274249308449132,92.05793921627917,0.9989617250205917,0.10382749794083894,0.10382749794083894,0.00014970776306751058,7.3473173386245945,0.00016237113000830913,0.0001833819334553342,0.0007899385097225993,8.623489900108939e-07,3.6888794541139367,39.99999999999999,0.025,0.125,6398,346310c81af8a1637413a81c7ade937200c1c5f9bdeacce3d835fc535a2a280c,full_tensor_sha256,cb8e9199ffc4501e753bbedf6ed380330e9ce652c0dd95f3972f712c3c9392c9,0.0,0.8613821119070053,0.0,0.4978887736797333,0.043825944885611534,0.842361943796277,0.3712419420480728,2.6167007163167,79.53036483377218,46.359195141121745,1013.631341047585,531.9474898278713,12040,40,,7.3473173386245945,False,False,ok
Schirrmeister2017,development,normalized_update,fixed_spdsw_k40,fixed,uniform,False,2,6398,301,40,0.0,0.0009349811700835846,0.03057746179923351,,,,,0.00036001854848476047,7.3473173386245945,0.0009349811700835846,0.0010603945525691956,0.004565809532278965,1.2018536134097302e-06,3.6888794541139367,39.99999999999999,0.025,0.125,6398,346310c81af8a1637413a81c7ade937200c1c5f9bdeacce3d835fc535a2a280c,full_tensor_sha256,cb8e9199ffc4501e753bbedf6ed380330e9ce652c0dd95f3972f712c3c9392c9,0.0,0.8802581578493118,0.0,0.5545339081436396,0.04758196882903576,1.3083580415695906,0.3813919611275196,3.1721240375190973,79.53036483377218,46.359195141121745,1016.8034650851041,531.9474898278713,12080,40,,7.3473173386245945,False,False,ok
Schirrmeister2017,development,normalized_update,fixed_spdsw_k40,fixed,uniform,False,2,6398,302,40,0.0,0.00016237113004409552,0.012742493085895536,,,,,0.00014970776308314407,7.3473173386245945,0.00016237113004409552,0.00018338193332065463,0.0007899385085562491,8.62348947179252e-07,3.6888794541139367,39.99999999999999,0.025,0.125,6398,346310c81af8a1637413a81c7ade937200c1c5f9bdeacce3d835fc535a2a280c,full_tensor_sha256,cb8e9199ffc4501e753bbedf6ed380330e9ce652c0dd95f3972f712c3c9392c9,0.0,0.8640768937766552,0.0,0.5073049105703831,0.04450720734894276,0.8495489601045847,0.3736289218068123,2.639066893607378,79.53036483377218,46.359195141121745,1019.4425319787115,531.9474898278713,12120,40,,7.3473173386245945,False,False,ok
Schirrmeister2017,development,normalized_update,fixed_spdsw_k40,fixed,uniform,False,2,6398,303,40,0.0,0.000934981170002136,0.030577461797901672,,,,,0.00036001854847046597,7.347317338624595,0.000934981170002136,0.0010603945515226352,0.004565809524805336,1.201853629933516e-06,3.6888794541139367,39.99999999999999,0.025,0.125,6398,346310c81af8a1637413a81c7ade937200c1c5f9bdeacce3d835fc535a2a280c,full_tensor_sha256,cb8e9199ffc4501e753bbedf6ed380330e9ce652c0dd95f3972f712c3c9392c9,0.0,0.8632519748061895,0.0,0.5181280430406332,0.04574400372803211,0.8819929789751768,0.3710710443556309,2.6801880449056625,79.53036483377218,46.359195141121745,1022.1227200236171,531.9474898278713,12160,40,,7.3473173386245945,False,False,ok
Schirrmeister2017,development,normalized_update,fixed_spdsw_k40,fixed,uniform,False,2,6398,304,40,0.0,0.00016237113007851157,0.01274249308724598,,,,,0.00014970776310059623,7.3473173386245945,0.00016237113007851157,0.00018338193323260395,0.0007899385078263869,8.623489032917224e-07,3.6888794541139367,39.99999999999999,0.025,0.125,6398,346310c81af8a1637413a81c7ade937200c1c5f9bdeacce3d835fc535a2a280c,full_tensor_sha256,cb8e9199ffc4501e753bbedf6ed380330e9ce652c0dd95f3972f712c3c9392c9,0.0,0.8625949267297983,0.0,0.5053288768976927,0.044391024857759476,0.89469482190907,0.36918604746460915,2.6761956978589296,79.53036483377218,46.359195141121745,1024.798915721476,531.9474898278713,12200,40,,7.3473173386245945,False,False,ok
Schirrmeister2017,development,normalized_update,fixed_spdsw_k40,fixed,uniform,False,2,6398,305,40,0.0,0.0009349811699036301,0.03057746179629091,,,,,0.00036001854845092073,7.3473173386245945,0.0009349811699036301,0.0010603945507316563,0.004565809519737758,1.2018536806949372e-06,3.6888794541139367,39.99999999999999,0.025,0.125,6398,346310c81af8a1637413a81c7ade937200c1c5f9bdeacce3d835fc535a2a280c,full_tensor_sha256,cb8e9199ffc4501e753bbedf6ed380330e9ce652c0dd95f3972f712c3c9392c9,0.0,0.8629390504211187,0.0,0.49286801367998123,0.043604057282209396,0.9516789577901363,0.37092878483235836,2.722018864005804,79.53036483377218,46.359195141121745,1027.5209345854819,531.9474898278713,12240,40,,7.3473173386245945,False,False,ok
Schirrmeister2017,development,normalized_update,fixed_spdsw_k40,fixed,uniform,False,2,6398,306,40,0.0,0.00016237113012133658,0.01274249308892638,,,,,0.00014970776312168632,7.3473173386245945,0.00016237113012133658,0.00018338193316582455,0.0007899385073378115,8.623488642255947e-07,3.6888794541139367,39.99999999999999,0.025,0.125,6398,346310c81af8a1637413a81c7ade937200c1c5f9bdeacce3d835fc535a2a280c,full_tensor_sha256,cb8e9199ffc4501e753bbedf6ed380330e9ce652c0dd95f3972f712c3c9392c9,0.0,0.8649448864161968,0.0,0.49277395009994507,0.04323804751038551,0.8768290281295776,0.37009897641837597,2.647884888574481,79.53036483377218,46.359195141121745,1030.1688194740564,531.9474898278713,12280,40,,7.3473173386245945,False,False,ok
Schirrmeister2017,development,normalized_update,fixed_spdsw_k40,fixed,uniform,False,2,6398,307,40,0.0,0.0009349811698387882,0.03057746179523062,,,,,0.0003600185484421311,7.347317338624595,0.0009349811698387882,0.0010603945500109718,0.004565809515369593,1.2018537059432732e-06,3.6888794541139367,39.99999999999999,0.025,0.125,6398,346310c81af8a1637413a81c7ade937200c1c5f9bdeacce3d835fc535a2a280c,full_tensor_sha256,cb8e9199ffc4501e753bbedf6ed380330e9ce652c0dd95f3972f712c3c9392c9,0.0,0.86229108273983,0.0,0.49417815171182156,0.04384201020002365,0.8950959891080856,0.36624609492719173,2.6616533286869526,79.53036483377218,46.359195141121745,1032.8304728027433,531.9474898278713,12320,40,,7.3473173386245945,False,False,ok
Schirrmeister2017,development,normalized_update,fixed_spdsw_k40,fixed,uniform,False,2,6398,308,40,0.0,0.0001623711301546832,0.012742493090234862,,,,,0.00014970776313449788,7.3473173386245945,0.0001623711301546832,0.00018338193310228347,0.0007899385068497007,8.623488191548412e-07,3.6888794541139367,39.99999999999999,0.025,0.125,6398,346310c81af8a1637413a81c7ade937200c1c5f9bdeacce3d835fc535a2a280c,full_tensor_sha256,cb8e9199ffc4501e753bbedf6ed380330e9ce652c0dd95f3972f712c3c9392c9,0.0,0.8648689836263657,0.0,0.5100169219076633,0.04467996768653393,0.8671868126839399,0.3733700141310692,2.660122700035572,79.53036483377218,46.359195141121745,1035.490595502779,531.9474898278713,12360,40,,7.3473173386245945,False,False,ok
Schirrmeister2017,development,normalized_update,fixed_spdsw_k40,fixed,uniform,False,2,6398,309,40,0.0,0.000934981169738579,0.03057746179359201,,,,,0.0003600185484186552,7.347317338624595,0.000934981169738579,0.0010603945492052038,0.004565809510327744,1.201853670261683e-06,3.6888794541139367,39.99999999999999,0.025,0.125,6398,346310c81af8a1637413a81c7ade937200c1c5f9bdeacce3d835fc535a2a280c,full_tensor_sha256,cb8e9199ffc4501e753bbedf6ed380330e9ce652c0dd95f3972f712c3c9392c9,0.0,0.8633111137896776,0.0,0.49026496708393097,0.043804990127682686,0.8323017973452806,0.36666099913418293,2.596343867480755,79.53036483377218,46.359195141121745,1038.0869393702596,531.9474898278713,12400,40,,7.3473173386245945,False,False,ok
Schirrmeister2017,development,normalized_update,fixed_spdsw_k40,fixed,uniform,False,2,6398,310,40,0.0,0.0001623711301882677,0.012742493091552677,,,,,0.00014970776315009795,7.347317338624595,0.0001623711301882677,0.00018338193301884926,0.0007899385062152461,8.62348782031686e-07,3.6888794541139367,39.99999999999999,0.025,0.125,6398,346310c81af8a1637413a81c7ade937200c1c5f9bdeacce3d835fc535a2a280c,full_tensor_sha256,cb8e9199ffc4501e753bbedf6ed380330e9ce652c0dd95f3972f712c3c9392c9,0.0,0.8646051865071058,0.0,0.49641705118119717,0.04357588477432728,0.8833860047161579,0.37021003663539886,2.658194163814187,79.53036483377218,46.359195141121745,1040.7451335340738,531.9474898278713,12440,40,,7.3473173386245945,False,False,ok
Schirrmeister2017,development,normalized_update,fixed_spdsw_k40,fixed,uniform,False,2,6398,311,40,0.0,0.0009349811696522082,0.03057746179217968,,,,,0.00036001854840225084,7.3473173386245945,0.0009349811696522082,0.0010603945484690624,0.004565809505231605,1.2018536522072574e-06,3.6888794541139367,39.99999999999999,0.025,0.125,6398,346310c81af8a1637413a81c7ade937200c1c5f9bdeacce3d835fc535a2a280c,full_tensor_sha256,cb8e9199ffc4501e753bbedf6ed380330e9ce652c0dd95f3972f712c3c9392c9,0.0,0.8602319285273552,0.0,0.48478017561137676,0.05080713890492916,0.8374969474971294,0.37302798591554165,2.606344176456332,79.53036483377218,46.359195141121745,1043.3514777105302,531.9474898278713,12480,40,,7.3473173386245945,False,False,ok
Schirrmeister2017,development,normalized_update,fixed_spdsw_k40,fixed,uniform,False,2,6398,312,40,0.0,0.0001623711302260894,0.012742493093036754,,,,,0.0001497077631684532,7.3473173386245945,0.0001623711302260894,0.00018338193296410326,0.0007899385055818754,8.62348754999945e-07,3.6888794541139367,39.99999999999999,0.025,0.125,6398,346310c81af8a1637413a81c7ade937200c1c5f9bdeacce3d835fc535a2a280c,full_tensor_sha256,cb8e9199ffc4501e753bbedf6ed380330e9ce652c0dd95f3972f712c3c9392c9,0.0,0.8602000307291746,0.0,0.4993181210011244,0.044658081606030464,0.8502202108502388,0.3716649953275919,2.62606143951416,79.53036483377218,46.359195141121745,1045.9775391500443,531.9474898278713,12520,40,,7.3473173386245945,False,False,ok
Schirrmeister2017,development,normalized_update,fixed_spdsw_k40,fixed,uniform,False,2,6398,313,40,0.0,0.0009349811695579405,0.030577461790638222,,,,,0.0003600185483842493,7.347317338624595,0.0009349811695579405,0.0010603945478714874,0.004565809501073503,1.2018536368469532e-06,3.6888794541139367,39.99999999999999,0.025,0.125,6398,346310c81af8a1637413a81c7ade937200c1c5f9bdeacce3d835fc535a2a280c,full_tensor_sha256,cb8e9199ffc4501e753bbedf6ed380330e9ce652c0dd95f3972f712c3c9392c9,0.0,0.8622438181191683,0.0,0.5011879839003086,0.044496962800621986,0.828946940600872,0.3701259847730398,2.6070016901940107,79.53036483377218,46.359195141121745,1048.5845408402383,531.9474898278713,12560,40,,7.3473173386245945,False,False,ok
Schirrmeister2017,development,normalized_update,fixed_spdsw_k40,fixed,uniform,False,2,6398,314,40,0.0,0.00016237113026909778,0.01274249309472435,,,,,0.00014970776318907076,7.3473173386245945,0.00016237113026909778,0.00018338193292985456,0.0007899385052897675,8.623487410538217e-07,3.6888794541139367,39.99999999999999,0.025,0.125,6398,346310c81af8a1637413a81c7ade937200c1c5f9bdeacce3d835fc535a2a280c,full_tensor_sha256,cb8e9199ffc4501e753bbedf6ed380330e9ce652c0dd95f3972f712c3c9392c9,0.0,0.8626680355519056,0.0,0.4863881040364504,0.043310923501849174,0.8659020531922579,0.36752200685441494,2.625791123136878,79.53036483377218,46.359195141121745,1051.2103319633752,531.9474898278713,12600,40,,7.3473173386245945,False,False,ok
Schirrmeister2017,development,normalized_update,fixed_spdsw_k40,fixed,uniform,False,2,6398,315,40,0.0,0.0009349811694777784,0.03057746178932742,,,,,0.0003600185483712721,7.3473173386245945,0.0009349811694777784,0.001060394547369395,0.004565809498409299,1.201853632218362e-06,3.6888794541139367,39.99999999999999,0.025,0.125,6398,346310c81af8a1637413a81c7ade937200c1c5f9bdeacce3d835fc535a2a280c,full_tensor_sha256,cb8e9199ffc4501e753bbedf6ed380330e9ce652c0dd95f3972f712c3c9392c9,0.0,0.8593520615249872,0.0,0.4822900518774986,0.04326202906668186,0.8326019160449505,0.37051294930279255,2.5880190078169107,79.53036483377218,46.359195141121745,1053.7983509711921,531.9474898278713,12640,40,,7.3473173386245945,False,False,ok
Schirrmeister2017,development,normalized_update,fixed_spdsw_k40,fixed,uniform,False,2,6398,316,40,0.0,0.00016237113029938442,0.012742493095912763,,,,,0.000149707763205241,7.347317338624595,0.00016237113029938442,0.00018338193292049364,0.0007899385051566067,8.623487153231846e-07,3.6888794541139367,39.99999999999999,0.025,0.125,6398,346310c81af8a1637413a81c7ade937200c1c5f9bdeacce3d835fc535a2a280c,full_tensor_sha256,cb8e9199ffc4501e753bbedf6ed380330e9ce652c0dd95f3972f712c3c9392c9,0.0,0.8662559557706118,0.0,0.5049430765211582,0.052001094445586205,0.8511131163686514,0.37535885348916054,2.649672096595168,79.53036483377218,46.359195141121745,1056.4480230677873,531.9474898278713,12680,40,,7.3473173386245945,False,False,ok
Schirrmeister2017,development,normalized_update,fixed_spdsw_k40,fixed,uniform,False,2,6398,317,40,0.0,0.0009349811694346731,0.030577461788622567,,,,,0.00036001854836599593,7.3473173386245945,0.0009349811694346731,0.001060394546993909,0.00456580949589208,1.2018536833806283e-06,3.6888794541139367,39.99999999999999,0.025,0.125,6398,346310c81af8a1637413a81c7ade937200c1c5f9bdeacce3d835fc535a2a280c,full_tensor_sha256,cb8e9199ffc4501e753bbedf6ed380330e9ce652c0dd95f3972f712c3c9392c9,0.0,0.8626130875200033,0.0,0.5025211721658707,0.04453584551811218,0.87139499373734,0.37029595114290714,2.6513610500842333,79.53036483377218,46.359195141121745,1059.0993841178715,531.9474898278713,12720,40,,7.3473173386245945,False,False,ok
Schirrmeister2017,development,normalized_update,fixed_spdsw_k40,fixed,uniform,False,2,6398,318,40,0.0,0.00016237113032896986,0.012742493097073659,,,,,0.0001497077632193935,7.347317338624595,0.00016237113032896986,0.00018338193288630332,0.0007899385048589682,8.623486860533182e-07,3.6888794541139367,39.99999999999999,0.025,0.125,6398,346310c81af8a1637413a81c7ade937200c1c5f9bdeacce3d835fc535a2a280c,full_tensor_sha256,cb8e9199ffc4501e753bbedf6ed380330e9ce652c0dd95f3972f712c3c9392c9,0.0,0.8606580086052418,0.0,0.5021279212087393,0.0442329328507185,0.827911077067256,0.3688707947731018,2.6038007345050573,79.53036483377218,46.359195141121745,1061.7031848523766,531.9474898278713,12760,40,,7.3473173386245945,False,False,ok
Schirrmeister2017,development,normalized_update,fixed_spdsw_k40,fixed,uniform,False,2,6398,319,40,0.0,0.0009349811693817874,0.030577461787757783,,,,,0.0003600185483581364,7.3473173386245945,0.0009349811693817874,0.001060394546553181,0.004565809493435911,1.2018536749395814e-06,3.6888794541139367,39.99999999999999,0.025,0.125,6398,346310c81af8a1637413a81c7ade937200c1c5f9bdeacce3d835fc535a2a280c,full_tensor_sha256,cb8e9199ffc4501e753bbedf6ed380330e9ce652c0dd95f3972f712c3c9392c9,0.0,0.8628549985587597,0.0,0.4872900899499655,0.043489038944244385,0.8321360219269991,0.3642057999968529,2.5899759493768215,79.53036483377218,46.359195141121745,1064.2931608017534,531.9474898278713,12800,40,,7.3473173386245945,False,False,ok
Schirrmeister2017,development,normalized_update,fixed_spdsw_k40,fixed,uniform,False,2,6398,320,40,0.0,0.00016237113035392123,0.012742493098052721,,,,,0.00014970776323106855,7.3473173386245945,0.00016237113035392123,0.000183381932865481,0.0007899385047332102,8.623486555038097e-07,3.6888794541139367,39.99999999999999,0.025,0.125,6398,346310c81af8a1637413a81c7ade937200c1c5f9bdeacce3d835fc535a2a280c,full_tensor_sha256,cb8e9199ffc4501e753bbedf6ed380330e9ce652c0dd95f3972f712c3c9392c9,0.0,0.8609350770711899,0.0,0.4845119547098875,0.0438089482486248,0.8358049672096968,0.36869081668555737,2.5937517639249563,79.53036483377218,46.359195141121745,1066.8869125656784,531.9474898278713,12840,40,,7.3473173386245945,False,False,ok
Schirrmeister2017,development,normalized_update,fixed_spdsw_k40,fixed,uniform,False,2,6398,321,40,0.0,0.000934981169328745,0.03057746178689044,,,,,0.0003600185483475473,7.3473173386245945,0.000934981169328745,0.0010603945461924828,0.004565809491707121,1.2018536115859486e-06,3.6888794541139367,39.99999999999999,0.025,0.125,6398,346310c81af8a1637413a81c7ade937200c1c5f9bdeacce3d835fc535a2a280c,full_tensor_sha256,cb8e9199ffc4501e753bbedf6ed380330e9ce652c0dd95f3972f712c3c9392c9,0.0,0.8637360297143459,0.0,0.49706106074154377,0.044320011511445045,0.873928889632225,0.3730359021574259,2.6520818937569857,79.53036483377218,46.359195141121745,1069.5389944594353,531.9474898278713,12880,40,,7.3473173386245945,False,False,ok
Schirrmeister2017,development,normalized_update,fixed_spdsw_k40,fixed,uniform,False,2,6398,322,40,0.0,0.00016237113037725212,0.012742493098968197,,,,,0.00014970776324185091,7.3473173386245945,0.00016237113037725212,0.00018338193282205277,0.0007899385045243446,8.623486322020508e-07,3.6888794541139367,39.99999999999999,0.025,0.125,6398,346310c81af8a1637413a81c7ade937200c1c5f9bdeacce3d835fc535a2a280c,full_tensor_sha256,cb8e9199ffc4501e753bbedf6ed380330e9ce652c0dd95f3972f712c3c9392c9,0.0,0.8621939923614264,0.0,0.500531867146492,0.0437938142567873,0.8789480198174715,0.3694260958582163,2.6548937894403934,79.53036483377218,46.359195141121745,1072.1938882488757,531.9474898278713,12920,40,,7.3473173386245945,False,False,ok
Schirrmeister2017,development,normalized_update,fixed_spdsw_k40,fixed,uniform,False,2,6398,323,40,0.0,0.0009349811692629063,0.030577461785813848,,,,,0.00036001854833555717,7.3473173386245945,0.0009349811692629063,0.0010603945457746573,0.004565809489682095,1.2018535812125159e-06,3.6888794541139367,39.99999999999999,0.025,0.125,6398,346310c81af8a1637413a81c7ade937200c1c5f9bdeacce3d835fc535a2a280c,full_tensor_sha256,cb8e9199ffc4501e753bbedf6ed380330e9ce652c0dd95f3972f712c3c9392c9,0.0,0.8681381586939096,0.0,0.5003770347684622,0.04416005685925484,0.8397381752729416,0.3700261004269123,2.6224395260214806,79.53036483377218,46.359195141121745,1074.8163277748972,531.9474898278713,12960,40,,7.3473173386245945,False,False,ok
Schirrmeister2017,development,normalized_update,fixed_spdsw_k40,fixed,uniform,False,2,6398,324,40,0.0,0.0001623711304065201,0.012742493100116638,,,,,0.0001497077632557006,7.3473173386245945,0.0001623711304065201,0.00018338193282512507,0.0007899385044916119,8.623486001149231e-07,3.6888794541139367,39.99999999999999,0.025,0.125,6398,346310c81af8a1637413a81c7ade937200c1c5f9bdeacce3d835fc535a2a280c,full_tensor_sha256,cb8e9199ffc4501e753bbedf6ed380330e9ce652c0dd95f3972f712c3c9392c9,0.0,0.8644349873065948,0.0,0.5128339398652315,0.04492397420108318,0.8842959068715572,0.37390715442597866,2.6803959626704454,79.53036483377218,46.359195141121745,1077.4967237375677,531.9474898278713,13000,40,,7.3473173386245945,False,False,ok
Schirrmeister2017,development,normalized_update,fixed_spdsw_k40,fixed,uniform,False,2,6398,325,40,0.0,0.0009349811691989837,0.030577461784768594,92.03054256367102,0.9986644317335355,0.13355682664645518,0.13355682664645518,0.00036001854832330655,7.347317338624595,0.0009349811691989837,0.0010603945455200077,0.004565809487901108,1.2018535795497144e-06,3.6888794541139367,39.99999999999999,0.025,0.125,6398,346310c81af8a1637413a81c7ade937200c1c5f9bdeacce3d835fc535a2a280c,full_tensor_sha256,cb8e9199ffc4501e753bbedf6ed380330e9ce652c0dd95f3972f712c3c9392c9,0.0,0.864109955728054,0.0,0.4904218949377537,0.043926993384957314,0.838050851598382,0.36817300133407116,2.604682696983218,79.53036483377218,46.359195141121745,1080.1014064345509,561.3900746684521,13040,40,,7.3473173386245945,False,False,ok
Schirrmeister2017,development,normalized_update,fixed_spdsw_k40,fixed,uniform,False,2,6398,326,40,0.0,0.0001623711304341942,0.012742493101202535,,,,,0.0001497077632678495,7.347317338624595,0.0001623711304341942,0.00018338193280977952,0.0007899385041696615,8.623485824983737e-07,3.6888794541139367,39.99999999999999,0.025,0.125,6398,346310c81af8a1637413a81c7ade937200c1c5f9bdeacce3d835fc535a2a280c,full_tensor_sha256,cb8e9199ffc4501e753bbedf6ed380330e9ce652c0dd95f3972f712c3c9392c9,0.0,0.88328099809587,0.0,0.5600659642368555,0.047476962208747864,1.315956935286522,0.38112886250019073,3.187909722328186,79.53036483377218,46.359195141121745,1083.289316156879,561.3900746684521,13080,40,,7.3473173386245945,False,False,ok
Schirrmeister2017,development,normalized_update,fixed_spdsw_k40,fixed,uniform,False,2,6398,327,40,0.0,0.0009349811691345228,0.030577461783714534,,,,,0.00036001854831033256,7.3473173386245945,0.0009349811691345228,0.001060394545173065,0.004565809485385158,1.2018535640332723e-06,3.6888794541139367,39.99999999999999,0.025,0.125,6398,346310c81af8a1637413a81c7ade937200c1c5f9bdeacce3d835fc535a2a280c,full_tensor_sha256,cb8e9199ffc4501e753bbedf6ed380330e9ce652c0dd95f3972f712c3c9392c9,0.0,0.8674450218677521,0.0,0.5383889656513929,0.04595215432345867,0.8585059549659491,0.3705809358507395,2.680873032659292,79.53036483377218,46.359195141121745,1085.9701891895384,561.3900746684521,13120,40,,7.3473173386245945,False,False,ok
Schirrmeister2017,development,normalized_update,fixed_spdsw_k40,fixed,uniform,False,2,6398,328,40,0.0,0.0001623711304593206,0.012742493102188465,,,,,0.0001497077632808831,7.347317338624595,0.0001623711304593206,0.00018338193280073462,0.0007899385040915094,8.623485646390673e-07,3.6888794541139367,39.99999999999999,0.025,0.125,6398,346310c81af8a1637413a81c7ade937200c1c5f9bdeacce3d835fc535a2a280c,full_tensor_sha256,cb8e9199ffc4501e753bbedf6ed380330e9ce652c0dd95f3972f712c3c9392c9,0.0,0.867696013301611,0.0,0.5159350112080574,0.0452979002147913,0.9010541252791882,0.37036510184407234,2.70034815184772,79.53036483377218,46.359195141121745,1088.670537341386,561.3900746684521,13160,40,,7.3473173386245945,False,False,ok
Schirrmeister2017,development,normalized_update,fixed_spdsw_k40,fixed,uniform,False,2,6398,329,40,0.0,0.0009349811690805417,0.030577461782831838,,,,,0.00036001854830196994,7.347317338624595,0.0009349811690805417,0.0010603945449302874,0.004565809484204921,1.2018535353293145e-06,3.6888794541139367,39.99999999999999,0.025,0.125,6398,346310c81af8a1637413a81c7ade937200c1c5f9bdeacce3d835fc535a2a280c,full_tensor_sha256,cb8e9199ffc4501e753bbedf6ed380330e9ce652c0dd95f3972f712c3c9392c9,0.0,0.8652748074382544,0.0,0.4945569671690464,0.045975903049111366,0.837086932733655,0.37570903077721596,2.618603641167283,79.53036483377218,46.359195141121745,1091.2891409825534,561.3900746684521,13200,40,,7.3473173386245945,False,False,ok
Schirrmeister2017,development,normalized_update,fixed_spdsw_k40,fixed,uniform,False,2,6398,330,40,0.0,0.00016237113048678213,0.012742493103266021,,,,,0.0001497077632908868,7.347317338624595,0.00016237113048678213,0.00018338193279972707,0.0007899385040666601,8.623485550829769e-07,3.6888794541139367,39.99999999999999,0.025,0.125,6398,346310c81af8a1637413a81c7ade937200c1c5f9bdeacce3d835fc535a2a280c,full_tensor_sha256,cb8e9199ffc4501e753bbedf6ed380330e9ce652c0dd95f3972f712c3c9392c9,0.0,0.8637949358671904,0.0,0.502411974593997,0.04358100704848766,0.8339488413184881,0.37148711271584034,2.6152238715440035,79.53036483377218,46.359195141121745,1093.9043648540974,561.3900746684521,13240,40,,7.3473173386245945,False,False,ok
Schirrmeister2017,development,normalized_update,fixed_spdsw_k40,fixed,uniform,False,2,6398,331,40,0.0,0.0009349811689808835,0.03057746178120224,,,,,0.0003600185482795636,7.3473173386245945,0.0009349811689808835,0.0010603945446560176,0.004565809482723794,1.2018535068696724e-06,3.6888794541139367,39.99999999999999,0.025,0.125,6398,346310c81af8a1637413a81c7ade937200c1c5f9bdeacce3d835fc535a2a280c,full_tensor_sha256,cb8e9199ffc4501e753bbedf6ed380330e9ce652c0dd95f3972f712c3c9392c9,0.0,0.863655935972929,0.0,0.4971001762896776,0.044428976252675056,0.865421025082469,0.3688081633299589,2.6394142769277096,79.53036483377218,46.359195141121745,1096.543779131025,561.3900746684521,13280,40,,7.3473173386245945,False,False,ok
Schirrmeister2017,development,normalized_update,fixed_spdsw_k40,fixed,uniform,False,2,6398,332,40,0.0,0.00016237113052459734,0.012742493104749845,,,,,0.0001497077633082172,7.3473173386245945,0.00016237113052459734,0.00018338193282600327,0.0007899385041021207,8.62348547649258e-07,3.6888794541139367,39.99999999999999,0.025,0.125,6398,346310c81af8a1637413a81c7ade937200c1c5f9bdeacce3d835fc535a2a280c,full_tensor_sha256,cb8e9199ffc4501e753bbedf6ed380330e9ce652c0dd95f3972f712c3c9392c9,0.0,0.8616519626230001,0.0,0.4977320786565542,0.044800806790590286,0.8507219608873129,0.37014205008745193,2.6250488590449095,79.53036483377218,46.359195141121745,1099.16882799007,561.3900746684521,13320,40,,7.3473173386245945,False,False,ok
Schirrmeister2017,development,normalized_update,fixed_spdsw_k40,fixed,uniform,False,2,6398,333,40,0.0,0.0009349811689087723,0.03057746178002308,,,,,0.00036001854826561323,7.3473173386245945,0.0009349811689087723,0.0010603945444838834,0.00456580948149821,1.2018535224062582e-06,3.6888794541139367,39.99999999999999,0.025,0.125,6398,346310c81af8a1637413a81c7ade937200c1c5f9bdeacce3d835fc535a2a280c,full_tensor_sha256,cb8e9199ffc4501e753bbedf6ed380330e9ce652c0dd95f3972f712c3c9392c9,0.0,0.8636480197310448,0.0,0.49261399544775486,0.043683918192982674,0.8760550990700722,0.3650349099189043,2.641035942360759,79.53036483377218,46.359195141121745,1101.8098639324307,561.3900746684521,13360,40,,7.3473173386245945,False,False,ok
Schirrmeister2017,development,normalized_update,fixed_spdsw_k40,fixed,uniform,False,2,6398,334,40,0.0,0.00016237113055269647,0.012742493105852421,,,,,0.00014970776331969536,7.3473173386245945,0.00016237113055269647,0.00018338193284485752,0.0007899385041104411,8.623485410044045e-07,3.6888794541139367,39.99999999999999,0.025,0.125,6398,346310c81af8a1637413a81c7ade937200c1c5f9bdeacce3d835fc535a2a280c,full_tensor_sha256,cb8e9199ffc4501e753bbedf6ed380330e9ce652c0dd95f3972f712c3c9392c9,0.0,0.8610258810222149,0.0,0.49390411004424095,0.0437998678535223,0.8563089650124311,0.36789290606975555,2.622931730002165,79.53036483377218,46.359195141121745,1104.432795662433,561.3900746684521,13400,40,,7.3473173386245945,False,False,ok
Schirrmeister2017,development,normalized_update,fixed_spdsw_k40,fixed,uniform,False,2,6398,335,40,0.0,0.000934981168790839,0.030577461778094648,,,,,0.000360018548238039,7.3473173386245945,0.000934981168790839,0.00106039454432374,0.0045658094808812295,1.2018535722445613e-06,3.6888794541139367,39.99999999999999,0.025,0.125,6398,346310c81af8a1637413a81c7ade937200c1c5f9bdeacce3d835fc535a2a280c,full_tensor_sha256,cb8e9199ffc4501e753bbedf6ed380330e9ce652c0dd95f3972f712c3c9392c9,0.0,0.861715991050005,0.0,0.4935960751026869,0.043623847886919975,0.8669698145240545,0.3682419192045927,2.634147647768259,79.53036483377218,46.359195141121745,1107.0669433102012,561.3900746684521,13440,40,,7.3473173386245945,False,False,ok
Schirrmeister2017,development,normalized_update,fixed_spdsw_k40,fixed,uniform,False,2,6398,336,40,0.0,0.000162371130593035,0.012742493107435256,,,,,0.00014970776334101744,7.3473173386245945,0.000162371130593035,0.00018338193289519264,0.0007899385044223396,8.623485388594325e-07,3.6888794541139367,39.99999999999999,0.025,0.125,6398,346310c81af8a1637413a81c7ade937200c1c5f9bdeacce3d835fc535a2a280c,full_tensor_sha256,cb8e9199ffc4501e753bbedf6ed380330e9ce652c0dd95f3972f712c3c9392c9,0.0,0.8648179937154055,0.0,0.5013849586248398,0.044579850509762764,0.83513418212533,0.36788592115044594,2.613802906125784,79.53036483377218,46.359195141121745,1109.680746216327,561.3900746684521,13480,40,,7.3473173386245945,False,False,ok
Schirrmeister2017,development,normalized_update,fixed_spdsw_k40,fixed,uniform,False,2,6398,337,40,0.0,0.000934981168660503,0.0305774617759634,,,,,0.0003600185482133188,7.347317338624595,0.000934981168660503,0.0010603945442323004,0.004565809480514605,1.2018535896407338e-06,3.6888794541139367,39.99999999999999,0.025,0.125,6398,346310c81af8a1637413a81c7ade937200c1c5f9bdeacce3d835fc535a2a280c,full_tensor_sha256,cb8e9199ffc4501e753bbedf6ed380330e9ce652c0dd95f3972f712c3c9392c9,0.0,0.8632638491690159,0.0,0.49251411110162735,0.04399497993290424,0.8413130417466164,0.3666691482067108,2.6077551301568747,79.53036483377218,46.359195141121745,1112.2885013464838,561.3900746684521,13520,40,,7.3473173386245945,False,False,ok
Schirrmeister2017,development,normalized_update,fixed_spdsw_k40,fixed,uniform,False,2,6398,338,40,0.0,0.00016237113064977745,0.012742493109661761,,,,,0.0001497077633659339,7.3473173386245945,0.00016237113064977745,0.00018338193294659724,0.0007899385046558887,8.623485410901916e-07,3.6888794541139367,39.99999999999999,0.025,0.125,6398,346310c81af8a1637413a81c7ade937200c1c5f9bdeacce3d835fc535a2a280c,full_tensor_sha256,cb8e9199ffc4501e753bbedf6ed380330e9ce652c0dd95f3972f712c3c9392c9,0.0,0.8656082209199667,0.0,0.4914281889796257,0.044111860916018486,0.8438420481979847,0.36991992965340614,2.6149102486670017,79.53036483377218,46.359195141121745,1114.9034115951508,561.3900746684521,13560,40,,7.3473173386245945,False,False,ok
Schirrmeister2017,development,normalized_update,fixed_spdsw_k40,fixed,uniform,False,2,6398,339,40,0.0,0.0009349811685874063,0.030577461774768132,,,,,0.0003600185482023203,7.347317338624594,0.0009349811685874063,0.0010603945439518895,0.0045658094792158255,1.2018535714204772e-06,3.6888794541139367,39.99999999999999,0.025,0.125,6398,346310c81af8a1637413a81c7ade937200c1c5f9bdeacce3d835fc535a2a280c,full_tensor_sha256,cb8e9199ffc4501e753bbedf6ed380330e9ce652c0dd95f3972f712c3c9392c9,0.0,0.8625818882137537,0.0,0.5102299619466066,0.04539010114967823,0.8726250380277634,0.3692479804158211,2.660074969753623,79.53036483377218,46.359195141121745,1117.5634865649045,561.3900746684521,13600,40,,7.3473173386245945,False,False,ok
Schirrmeister2017,development,normalized_update,fixed_spdsw_k40,fixed,uniform,False,2,6398,340,40,0.0,0.00016237113068231558,0.012742493110938518,,,,,0.00014970776338243944,7.3473173386245945,0.00016237113068231558,0.00018338193296277413,0.0007899385045865106,8.623485316436345e-07,3.6888794541139367,39.99999999999999,0.025,0.125,6398,346310c81af8a1637413a81c7ade937200c1c5f9bdeacce3d835fc535a2a280c,full_tensor_sha256,cb8e9199ffc4501e753bbedf6ed380330e9ce652c0dd95f3972f712c3c9392c9,0.0,0.8696389850229025,0.0,0.5123119335621595,0.043972861021757126,0.8370711002498865,0.3716659266501665,2.634660806506872,79.53036483377218,46.359195141121745,1120.1981473714113,561.3900746684521,13640,40,,7.3473173386245945,False,False,ok
Schirrmeister2017,development,normalized_update,fixed_spdsw_k40,fixed,uniform,False,2,6398,341,40,0.0,0.0009349811685121379,0.03057746177353735,,,,,0.0003600185481866762,7.347317338624595,0.0009349811685121379,0.0010603945437324073,0.004565809477585086,1.201853551341578e-06,3.6888794541139367,39.99999999999999,0.025,0.125,6398,346310c81af8a1637413a81c7ade937200c1c5f9bdeacce3d835fc535a2a280c,full_tensor_sha256,cb8e9199ffc4501e753bbedf6ed380330e9ce652c0dd95f3972f712c3c9392c9,0.0,0.8643039036542177,0.0,0.4856460727751255,0.04374212585389614,0.833776080980897,0.36676088348031044,2.5942290667444468,79.53036483377218,46.359195141121745,1122.7923764381558,561.3900746684521,13680,40,,7.3473173386245945,False,False,ok
Schirrmeister2017,development,normalized_update,fixed_spdsw_k40,fixed,uniform,False,2,6398,342,40,0.0,0.00016237113071547232,0.012742493112239548,,,,,0.0001497077633976041,7.347317338624595,0.00016237113071547232,0.00018338193296279015,0.0007899385044291738,8.623485285800536e-07,3.6888794541139367,39.99999999999999,0.025,0.125,6398,346310c81af8a1637413a81c7ade937200c1c5f9bdeacce3d835fc535a2a280c,full_tensor_sha256,cb8e9199ffc4501e753bbedf6ed380330e9ce652c0dd95f3972f712c3c9392c9,0.0,0.8640228770673275,0.0,0.4866579547524452,0.04356098361313343,0.8397421333938837,0.36752293817698956,2.6015068870037794,79.53036483377218,46.359195141121745,1125.3938833251595,561.3900746684521,13720,40,,7.3473173386245945,False,False,ok
Schirrmeister2017,development,normalized_update,fixed_spdsw_k40,fixed,uniform,False,2,6398,343,40,0.0,0.0009349811684575158,0.030577461772644175,,,,,0.00036001854817871367,7.3473173386245945,0.0009349811684575158,0.0010603945435434107,0.004565809476388464,1.2018535412051808e-06,3.6888794541139367,39.99999999999999,0.025,0.125,6398,346310c81af8a1637413a81c7ade937200c1c5f9bdeacce3d835fc535a2a280c,full_tensor_sha256,cb8e9199ffc4501e753bbedf6ed380330e9ce652c0dd95f3972f712c3c9392c9,0.0,0.861623790115118,0.0,0.478056026622653,0.04272093065083027,0.8309560362249613,0.3659408539533615,2.579297637566924,79.53036483377218,46.359195141121745,1127.9731809627265,561.3900746684521,13760,40,,7.3473173386245945,False,False,ok
Schirrmeister2017,development,normalized_update,fixed_spdsw_k40,fixed,uniform,False,2,6398,344,40,0.0,0.0001623711307434225,0.01274249311333628,,,,,0.0001497077634086722,7.347317338624595,0.0001623711307434225,0.00018338193300425208,0.0007899385047730203,8.623485316877346e-07,3.6888794541139367,39.99999999999999,0.025,0.125,6398,346310c81af8a1637413a81c7ade937200c1c5f9bdeacce3d835fc535a2a280c,full_tensor_sha256,cb8e9199ffc4501e753bbedf6ed380330e9ce652c0dd95f3972f712c3c9392c9,0.0,0.8627460338175297,0.0,0.49972208216786385,0.04396098665893078,0.8743808139115572,0.36769709549844265,2.648507012054324,79.53036483377218,46.359195141121745,1130.6216879747808,561.3900746684521,13800,40,,7.3473173386245945,False,False,ok
Schirrmeister2017,development,normalized_update,fixed_spdsw_k40,fixed,uniform,False,2,6398,345,40,0.0,0.0009349811683489634,0.030577461770869136,,,,,0.0003600185481540886,7.347317338624595,0.0009349811683489634,0.001060394543452523,0.004565809477097066,1.2018535206358598e-06,3.6888794541139367,39.99999999999999,0.025,0.125,6398,346310c81af8a1637413a81c7ade937200c1c5f9bdeacce3d835fc535a2a280c,full_tensor_sha256,cb8e9199ffc4501e753bbedf6ed380330e9ce652c0dd95f3972f712c3c9392c9,0.0,0.8621679153293371,0.0,0.49763196147978306,0.04409509710967541,0.8260561153292656,0.3662598319351673,2.5962109211832285,79.53036483377218,46.359195141121745,1133.217898895964,561.3900746684521,13840,40,,7.3473173386245945,False,False,ok
Schirrmeister2017,development,normalized_update,fixed_spdsw_k40,fixed,uniform,False,2,6398,346,40,0.0,0.00016237113078271104,0.012742493114877913,,,,,0.0001497077634303949,7.3473173386245945,0.00016237113078271104,0.00018338193304274437,0.0007899385051059202,8.623485363812495e-07,3.6888794541139367,39.99999999999999,0.025,0.125,6398,346310c81af8a1637413a81c7ade937200c1c5f9bdeacce3d835fc535a2a280c,full_tensor_sha256,cb8e9199ffc4501e753bbedf6ed380330e9ce652c0dd95f3972f712c3c9392c9,0.0,0.8627739734947681,0.0,0.4980210214853287,0.043200794607400894,0.8693940471857786,0.37008593790233135,2.6434757746756077,79.53036483377218,46.359195141121745,1135.8613746706396,561.3900746684521,13880,40,,7.3473173386245945,False,False,ok
Schirrmeister2017,development,normalized_update,fixed_spdsw_k40,fixed,uniform,False,2,6398,347,40,0.0,0.0009349811683116113,0.030577461770258357,,,,,0.0003600185481506023,7.3473173386245945,0.0009349811683116113,0.0010603945433097055,0.004565809476970615,1.2018535623893194e-06,3.6888794541139367,39.99999999999999,0.025,0.125,6398,346310c81af8a1637413a81c7ade937200c1c5f9bdeacce3d835fc535a2a280c,full_tensor_sha256,cb8e9199ffc4501e753bbedf6ed380330e9ce652c0dd95f3972f712c3c9392c9,0.0,0.8624750189483166,0.0,0.49341004341840744,0.04475098103284836,0.844838097691536,0.36712479777634144,2.6125989388674498,79.53036483377218,46.359195141121745,1138.473973609507,561.3900746684521,13920,40,,7.3473173386245945,False,False,ok
Schirrmeister2017,development,normalized_update,fixed_spdsw_k40,fixed,uniform,False,2,6398,348,40,0.0,0.00016237113080085753,0.01274249311558996,,,,,0.00014970776343578769,7.347317338624595,0.00016237113080085753,0.00018338193304357227,0.0007899385050898322,8.623485357103008e-07,3.6888794541139367,39.99999999999999,0.025,0.125,6398,346310c81af8a1637413a81c7ade937200c1c5f9bdeacce3d835fc535a2a280c,full_tensor_sha256,cb8e9199ffc4501e753bbedf6ed380330e9ce652c0dd95f3972f712c3c9392c9,0.0,0.862315995618701,0.0,0.4866551607847214,0.0435051042586565,0.8351150900125504,0.3676428459584713,2.5952341966331005,79.53036483377218,46.359195141121745,1141.0692078061402,561.3900746684521,13960,40,,7.3473173386245945,False,False,ok
Schirrmeister2017,development,normalized_update,fixed_spdsw_k40,fixed,uniform,False,2,6398,349,40,0.0,0.0009349811682412201,0.030577461769107327,,,,,0.00036001854813603757,7.347317338624595,0.0009349811682412201,0.001060394543127437,0.004565809475832008,1.2018536199844286e-06,3.6888794541139367,39.99999999999999,0.025,0.125,6398,346310c81af8a1637413a81c7ade937200c1c5f9bdeacce3d835fc535a2a280c,full_tensor_sha256,cb8e9199ffc4501e753bbedf6ed380330e9ce652c0dd95f3972f712c3c9392c9,0.0,0.8609921205788851,0.0,0.4915830213576555,0.044588930904865265,0.8758569601923227,0.37078792229294777,2.6438089553266764,79.53036483377218,46.359195141121745,1143.7130167614669,561.3900746684521,14000,40,,7.3473173386245945,False,False,ok
Schirrmeister2017,development,normalized_update,fixed_spdsw_k40,fixed,uniform,False,2,6398,350,40,0.0,0.00016237113083397714,0.012742493116889533,92.05793941651561,0.9989617271934464,0.10382728065535139,0.10382728065535139,0.00014970776345523518,7.3473173386245945,0.00016237113083397714,0.00018338193304760574,0.0007899385049682996,8.623485374964233e-07,3.6888794541139367,39.99999999999999,0.025,0.125,6398,346310c81af8a1637413a81c7ade937200c1c5f9bdeacce3d835fc535a2a280c,full_tensor_sha256,cb8e9199ffc4501e753bbedf6ed380330e9ce652c0dd95f3972f712c3c9392c9,0.0,0.861237058416009,0.0,0.4893289878964424,0.04354910925030708,0.8916708175092936,0.3686209674924612,2.654406940564513,79.53036483377218,46.359195141121745,1146.3674237020314,592.0369466766715,14040,40,,7.3473173386245945,False,False,ok
Schirrmeister2017,development,normalized_update,fixed_spdsw_k40,fixed,uniform,False,2,6398,351,40,0.0,0.0009349811682043406,0.030577461768504274,,,,,0.0003600185481335672,7.3473173386245945,0.0009349811682043406,0.0010603945429173373,0.004565809474164545,1.2018536665785105e-06,3.6888794541139367,39.99999999999999,0.025,0.125,6398,346310c81af8a1637413a81c7ade937200c1c5f9bdeacce3d835fc535a2a280c,full_tensor_sha256,cb8e9199ffc4501e753bbedf6ed380330e9ce652c0dd95f3972f712c3c9392c9,0.0,0.8666389621794224,0.0,0.5221918690949678,0.04692492075264454,1.1707108933478594,0.37336302921175957,2.9798296745866537,79.53036483377218,46.359195141121745,1149.347253376618,592.0369466766715,14080,40,,7.3473173386245945,False,False,ok
Schirrmeister2017,development,normalized_update,fixed_spdsw_k40,fixed,uniform,False,2,6398,352,40,0.0,0.0001623711308537209,0.012742493117664254,,,,,0.00014970776346375148,7.347317338624595,0.0001623711308537209,0.00018338193306176136,0.0007899385049042379,8.623485248707161e-07,3.6888794541139367,39.99999999999999,0.025,0.125,6398,346310c81af8a1637413a81c7ade937200c1c5f9bdeacce3d835fc535a2a280c,full_tensor_sha256,cb8e9199ffc4501e753bbedf6ed380330e9ce652c0dd95f3972f712c3c9392c9,0.0,0.8643651381134987,0.0,0.4981590900570154,0.04480988718569279,0.8379791397601366,0.37155416794121265,2.616867423057556,79.53036483377218,46.359195141121745,1151.9641207996756,592.0369466766715,14120,40,,7.3473173386245945,False,False,ok
Schirrmeister2017,development,normalized_update,fixed_spdsw_k40,fixed,uniform,False,2,6398,353,40,0.0,0.0009349811681512919,0.03057746176763683,,,,,0.00036001854812353813,7.347317338624595,0.0009349811681512919,0.0010603945428112943,0.004565809473290442,1.201853657293265e-06,3.6888794541139367,39.99999999999999,0.025,0.125,6398,346310c81af8a1637413a81c7ade937200c1c5f9bdeacce3d835fc535a2a280c,full_tensor_sha256,cb8e9199ffc4501e753bbedf6ed380330e9ce652c0dd95f3972f712c3c9392c9,0.0,0.8605900220572948,0.0,0.4922838415950537,0.04445086233317852,0.8442660328000784,0.37854211404919624,2.6201328728348017,79.53036483377218,46.359195141121745,1154.5842536725104,592.0369466766715,14160,40,,7.3473173386245945,False,False,ok
Schirrmeister2017,development,normalized_update,fixed_spdsw_k40,fixed,uniform,False,2,6398,354,40,0.0,0.00016237113088101658,0.012742493118735303,,,,,0.0001497077634784801,7.3473173386245945,0.00016237113088101658,0.00018338193307283252,0.0007899385049223848,8.623485175083276e-07,3.6888794541139367,39.99999999999999,0.025,0.125,6398,346310c81af8a1637413a81c7ade937200c1c5f9bdeacce3d835fc535a2a280c,full_tensor_sha256,cb8e9199ffc4501e753bbedf6ed380330e9ce652c0dd95f3972f712c3c9392c9,0.0,0.8605699986219406,0.0,0.5049288738518953,0.04488695412874222,0.8358480408787727,0.3694300539791584,2.6156639214605093,79.53036483377218,46.359195141121745,1157.199917593971,592.0369466766715,14200,40,,7.3473173386245945,False,False,ok
Schirrmeister2017,development,normalized_update,fixed_spdsw_k40,fixed,uniform,False,2,6398,355,40,0.0,0.0009349811681245278,0.030577461767199183,,,,,0.0003600185481228274,7.3473173386245945,0.0009349811681245278,0.0010603945426706245,0.004565809472484651,1.2018536095260609e-06,3.6888794541139367,39.99999999999999,0.025,0.125,6398,346310c81af8a1637413a81c7ade937200c1c5f9bdeacce3d835fc535a2a280c,full_tensor_sha256,cb8e9199ffc4501e753bbedf6ed380330e9ce652c0dd95f3972f712c3c9392c9,0.0,0.8631409145891666,0.0,0.49954489804804325,0.04360591992735863,0.8251550607383251,0.36598206497728825,2.597428858280182,79.53036483377218,46.359195141121745,1159.797346452251,592.0369466766715,14240,40,,7.3473173386245945,False,False,ok
Schirrmeister2017,development,normalized_update,fixed_spdsw_k40,fixed,uniform,False,2,6398,356,40,0.0,0.0001623711308992425,0.012742493119450467,,,,,0.00014970776348692546,7.3473173386245945,0.0001623711308992425,0.00018338193309752276,0.0007899385050444736,8.623484983031426e-07,3.6888794541139367,39.99999999999999,0.025,0.125,6398,346310c81af8a1637413a81c7ade937200c1c5f9bdeacce3d835fc535a2a280c,full_tensor_sha256,cb8e9199ffc4501e753bbedf6ed380330e9ce652c0dd95f3972f712c3c9392c9,0.0,0.863248948007822,0.0,0.4994547925889492,0.044011976569890976,0.8625660557299852,0.36981888115406036,2.639100654050708,79.53036483377218,46.359195141121745,1162.4364471063018,592.0369466766715,14280,40,,7.3473173386245945,False,False,ok
Schirrmeister2017,development,normalized_update,fixed_spdsw_k40,fixed,uniform,False,2,6398,357,40,0.0,0.0009349811680812551,0.030577461766491593,,,,,0.00036001854811408405,7.347317338624595,0.0009349811680812551,0.0010603945426273045,0.004565809472265742,1.2018535614600468e-06,3.6888794541139367,39.99999999999999,0.025,0.125,6398,346310c81af8a1637413a81c7ade937200c1c5f9bdeacce3d835fc535a2a280c,full_tensor_sha256,cb8e9199ffc4501e753bbedf6ed380330e9ce652c0dd95f3972f712c3c9392c9,0.0,0.859991880133748,0.0,0.4857999738305807,0.04377891309559345,0.8536030072718859,0.3671008162200451,2.610274590551853,79.53036483377218,46.359195141121745,1165.0467216968536,592.0369466766715,14320,40,,7.3473173386245945,False,False,ok
Schirrmeister2017,development,normalized_update,fixed_spdsw_k40,fixed,uniform,False,2,6398,358,40,0.0,0.00016237113091623916,0.012742493120117396,,,,,0.00014970776349432832,7.3473173386245945,0.00016237113091623916,0.0001833819331035442,0.0007899385050255546,8.623484833833385e-07,3.6888794541139367,39.99999999999999,0.025,0.125,6398,346310c81af8a1637413a81c7ade937200c1c5f9bdeacce3d835fc535a2a280c,full_tensor_sha256,cb8e9199ffc4501e753bbedf6ed380330e9ce652c0dd95f3972f712c3c9392c9,0.0,0.8595529943704605,0.0,0.48707006499171257,0.04388997331261635,0.8330661803483963,0.3713248297572136,2.5949040427803993,79.53036483377218,46.359195141121745,1167.641625739634,592.0369466766715,14360,40,,7.3473173386245945,False,False,ok
Schirrmeister2017,development,normalized_update,fixed_spdsw_k40,fixed,uniform,False,2,6398,359,40,0.0,0.0009349811680425751,0.0305774617658591,,,,,0.000360018548107309,7.3473173386245945,0.0009349811680425751,0.0010603945425136999,0.0045658094717770615,1.2018535164777095e-06,3.6888794541139367,39.99999999999999,0.025,0.125,6398,346310c81af8a1637413a81c7ade937200c1c5f9bdeacce3d835fc535a2a280c,full_tensor_sha256,cb8e9199ffc4501e753bbedf6ed380330e9ce652c0dd95f3972f712c3c9392c9,0.0,0.8616801351308823,0.0,0.5026459693908691,0.044898828491568565,0.878531951457262,0.3686088602989912,2.656365744769573,79.53036483377218,46.359195141121745,1170.2979914844036,592.0369466766715,14400,40,,7.3473173386245945,False,False,ok
Schirrmeister2017,development,normalized_update,fixed_spdsw_k40,fixed,uniform,False,2,6398,360,40,0.0,0.0001623711309332305,0.012742493120784116,,,,,0.00014970776350224754,7.3473173386245945,0.0001623711309332305,0.00018338193312304036,0.0007899385051902681,8.623484677123153e-07,3.6888794541139367,39.99999999999999,0.025,0.125,6398,346310c81af8a1637413a81c7ade937200c1c5f9bdeacce3d835fc535a2a280c,full_tensor_sha256,cb8e9199ffc4501e753bbedf6ed380330e9ce652c0dd95f3972f712c3c9392c9,0.0,0.8647069334983826,0.0,0.49564498476684093,0.043391017243266106,0.8366869296878576,0.36977697163820267,2.61020683683455,79.53036483377218,46.359195141121745,1172.9081983212382,592.0369466766715,14440,40,,7.3473173386245945,False,False,ok
Schirrmeister2017,development,normalized_update,fixed_spdsw_k40,fixed,uniform,False,2,6398,361,40,0.0,0.0009349811679873897,0.030577461764956713,,,,,0.00036001854809558116,7.3473173386245945,0.0009349811679873897,0.0010603945424374351,0.00456580947143463,1.2018534887485867e-06,3.6888794541139367,39.99999999999999,0.025,0.125,6398,346310c81af8a1637413a81c7ade937200c1c5f9bdeacce3d835fc535a2a280c,full_tensor_sha256,cb8e9199ffc4501e753bbedf6ed380330e9ce652c0dd95f3972f712c3c9392c9,0.0,0.8628400973975658,0.0,0.48801000230014324,0.04332489334046841,0.82731107249856,0.36758813075721264,2.58907419629395,79.53036483377218,46.359195141121745,1175.497272517532,592.0369466766715,14480,40,,7.3473173386245945,False,False,ok
Schirrmeister2017,development,normalized_update,fixed_spdsw_k40,fixed,uniform,False,2,6398,362,40,0.0,0.00016237113095688297,0.01274249312171221,,,,,0.0001497077635146485,7.3473173386245945,0.00016237113095688297,0.00018338193312702504,0.000789938505091464,8.623484608606367e-07,3.6888794541139367,39.99999999999999,0.025,0.125,6398,346310c81af8a1637413a81c7ade937200c1c5f9bdeacce3d835fc535a2a280c,full_tensor_sha256,cb8e9199ffc4501e753bbedf6ed380330e9ce652c0dd95f3972f712c3c9392c9,0.0,0.8626140188425779,0.0,0.4864279180765152,0.04438403993844986,0.8789249695837498,0.3741320688277483,2.646483015269041,79.53036483377218,46.359195141121745,1178.1437555328012,592.0369466766715,14520,40,,7.3473173386245945,False,False,ok
Schirrmeister2017,development,normalized_update,fixed_spdsw_k40,fixed,uniform,False,2,6398,363,40,0.0,0.0009349811679507554,0.03057746176435767,,,,,0.0003600185480914998,7.347317338624595,0.0009349811679507554,0.0010603945422797147,0.004565809470395392,1.2018534561159031e-06,3.6888794541139367,39.99999999999999,0.025,0.125,6398,346310c81af8a1637413a81c7ade937200c1c5f9bdeacce3d835fc535a2a280c,full_tensor_sha256,cb8e9199ffc4501e753bbedf6ed380330e9ce652c0dd95f3972f712c3c9392c9,0.0,0.8605399634689093,0.0,0.4836570005863905,0.043912092223763466,0.8753088768571615,0.37582404911518097,2.6392419822514057,79.53036483377218,46.359195141121745,1180.7829975150526,592.0369466766715,14560,40,,7.3473173386245945,False,False,ok
Schirrmeister2017,development,normalized_update,fixed_spdsw_k40,fixed,uniform,False,2,6398,364,40,0.0,0.00016237113097544882,0.012742493122440711,,,,,0.0001497077635222378,7.347317338624595,0.00016237113097544882,0.00018338193314125037,0.0007899385051565342,8.623484460406827e-07,3.6888794541139367,39.99999999999999,0.025,0.125,6398,346310c81af8a1637413a81c7ade937200c1c5f9bdeacce3d835fc535a2a280c,full_tensor_sha256,cb8e9199ffc4501e753bbedf6ed380330e9ce652c0dd95f3972f712c3c9392c9,0.0,0.8615739643573761,0.0,0.4943439271301031,0.0427979975938797,0.8376080077141523,0.3679238725453615,2.6042477693408728,79.53036483377218,46.359195141121745,1183.3872452843934,592.0369466766715,14600,40,,7.3473173386245945,False,False,ok
Schirrmeister2017,development,normalized_update,fixed_spdsw_k40,fixed,uniform,False,2,6398,365,40,0.0,0.0009349811679011044,0.030577461763545782,,,,,0.00036001854808046744,7.3473173386245945,0.0009349811679011044,0.0010603945421685627,0.004565809469910953,1.201853430084617e-06,3.6888794541139367,39.99999999999999,0.025,0.125,6398,346310c81af8a1637413a81c7ade937200c1c5f9bdeacce3d835fc535a2a280c,full_tensor_sha256,cb8e9199ffc4501e753bbedf6ed380330e9ce652c0dd95f3972f712c3c9392c9,0.0,0.8624971378594637,0.0,0.4901390057057142,0.0435318797826767,0.8637988939881325,0.36795600317418575,2.627922920510173,79.53036483377218,46.359195141121745,1186.0151682049036,592.0369466766715,14640,40,,7.3473173386245945,False,False,ok
Schirrmeister2017,development,normalized_update,fixed_spdsw_k40,fixed,uniform,False,2,6398,366,40,0.0,0.0001623711309948126,0.012742493123200522,,,,,0.00014970776353167653,7.347317338624595,0.0001623711309948126,0.00018338193314297867,0.000789938505098673,8.623484432441056e-07,3.6888794541139367,39.99999999999999,0.025,0.125,6398,346310c81af8a1637413a81c7ade937200c1c5f9bdeacce3d835fc535a2a280c,full_tensor_sha256,cb8e9199ffc4501e753bbedf6ed380330e9ce652c0dd95f3972f712c3c9392c9,0.0,0.863655935972929,0.0,0.49544707871973515,0.044289976358413696,0.8354540914297104,0.3712389152497053,2.6100859977304935,79.53036483377218,46.359195141121745,1188.625254202634,592.0369466766715,14680,40,,7.3473173386245945,False,False,ok
Schirrmeister2017,development,normalized_update,fixed_spdsw_k40,fixed,uniform,False,2,6398,367,40,0.0,0.0009349811678544025,0.030577461762782115,,,,,0.00036001854807193824,7.347317338624595,0.0009349811678544025,0.001060394542038327,0.0045658094692227974,1.2018534308827912e-06,3.6888794541139367,39.99999999999999,0.025,0.125,6398,346310c81af8a1637413a81c7ade937200c1c5f9bdeacce3d835fc535a2a280c,full_tensor_sha256,cb8e9199ffc4501e753bbedf6ed380330e9ce652c0dd95f3972f712c3c9392c9,0.0,0.8650401141494513,0.0,0.4905050154775381,0.044239917770028114,0.8419649675488472,0.3702789545059204,2.612028969451785,79.53036483377218,46.359195141121745,1191.2372831720859,592.0369466766715,14720,40,,7.3473173386245945,False,False,ok
Schirrmeister2017,development,normalized_update,fixed_spdsw_k40,fixed,uniform,False,2,6398,368,40,0.0,0.00016237113101636501,0.012742493124046213,,,,,0.00014970776354312183,7.347317338624595,0.00016237113101636501,0.00018338193317023833,0.0007899385053088793,8.623484368095961e-07,3.6888794541139367,39.99999999999999,0.025,0.125,6398,346310c81af8a1637413a81c7ade937200c1c5f9bdeacce3d835fc535a2a280c,full_tensor_sha256,cb8e9199ffc4501e753bbedf6ed380330e9ce652c0dd95f3972f712c3c9392c9,0.0,0.8593900129199028,0.0,0.4842698108404875,0.043391017243266106,0.846700044348836,0.36940304562449455,2.603153930976987,79.53036483377218,46.359195141121745,1193.8404371030629,592.0369466766715,14760,40,,7.3473173386245945,False,False,ok
Schirrmeister2017,development,normalized_update,fixed_spdsw_k40,fixed,uniform,False,2,6398,369,40,0.0,0.0009349811678339688,0.030577461762447987,,,,,0.0003600185480709553,7.3473173386245945,0.0009349811678339688,0.0010603945419632621,0.004565809469143525,1.2018534277659321e-06,3.6888794541139367,39.99999999999999,0.025,0.125,6398,346310c81af8a1637413a81c7ade937200c1c5f9bdeacce3d835fc535a2a280c,full_tensor_sha256,cb8e9199ffc4501e753bbedf6ed380330e9ce652c0dd95f3972f712c3c9392c9,0.0,0.8624051697552204,0.0,0.49120583571493626,0.04463992081582546,0.8316750172525644,0.3717199433594942,2.6016458868980408,79.53036483377218,46.359195141121745,1196.442082989961,592.0369466766715,14800,40,,7.3473173386245945,False,False,ok
Schirrmeister2017,development,normalized_update,fixed_spdsw_k40,fixed,uniform,False,2,6398,370,40,0.0,0.00016237113103142157,0.012742493124637015,,,,,0.00014970776354715582,7.3473173386245945,0.00016237113103142157,0.00018338193315730038,0.0007899385052263755,8.6234843219286e-07,3.6888794541139367,39.99999999999999,0.025,0.125,6398,346310c81af8a1637413a81c7ade937200c1c5f9bdeacce3d835fc535a2a280c,full_tensor_sha256,cb8e9199ffc4501e753bbedf6ed380330e9ce652c0dd95f3972f712c3c9392c9,0.0,0.862729037180543,0.0,0.50169019959867,0.044315122067928314,0.8635739795863628,0.3718829248100519,2.644191263243556,79.53036483377218,46.359195141121745,1199.0862742532045,592.0369466766715,14840,40,,7.3473173386245945,False,False,ok
Schirrmeister2017,development,normalized_update,fixed_spdsw_k40,fixed,uniform,False,2,6398,371,40,0.0,0.0009349811677609706,0.030577461761254327,,,,,0.0003600185480525812,7.3473173386245945,0.0009349811677609706,0.0010603945417660598,0.004565809468262336,1.201853405922738e-06,3.6888794541139367,39.99999999999999,0.025,0.125,6398,346310c81af8a1637413a81c7ade937200c1c5f9bdeacce3d835fc535a2a280c,full_tensor_sha256,cb8e9199ffc4501e753bbedf6ed380330e9ce652c0dd95f3972f712c3c9392c9,0.0,0.8614149410277605,0.0,0.49545615911483765,0.04435679875314236,0.8925169240683317,0.36662514321506023,2.6603699661791325,79.53036483377218,46.359195141121745,1201.7466442193836,592.0369466766715,14880,40,,7.3473173386245945,False,False,ok
Schirrmeister2017,development,normalized_update,fixed_spdsw_k40,fixed,uniform,False,2,6398,372,40,0.0,0.0001623711310523443,0.012742493125457997,,,,,0.0001497077635575064,7.3473173386245945,0.0001623711310523443,0.0001833819331849725,0.0007899385053918699,8.623484333549579e-07,3.6888794541139367,39.99999999999999,0.025,0.125,6398,346310c81af8a1637413a81c7ade937200c1c5f9bdeacce3d835fc535a2a280c,full_tensor_sha256,cb8e9199ffc4501e753bbedf6ed380330e9ce652c0dd95f3972f712c3c9392c9,0.0,0.8604370523244143,0.0,0.4990771412849426,0.04437495954334736,0.8461691904813051,0.37118210457265377,2.621240448206663,79.53036483377218,46.359195141121745,1204.3678846675903,592.0369466766715,14920,40,,7.3473173386245945,False,False,ok
Schirrmeister2017,development,normalized_update,fixed_spdsw_k40,fixed,uniform,False,2,6398,373,40,0.0,0.0009349811677162708,0.030577461760523398,,,,,0.0003600185480447859,7.347317338624593,0.0009349811677162708,0.0010603945417276951,0.004565809468107768,1.2018533959855647e-06,3.6888794541139367,39.99999999999999,0.025,0.125,6398,346310c81af8a1637413a81c7ade937200c1c5f9bdeacce3d835fc535a2a280c,full_tensor_sha256,cb8e9199ffc4501e753bbedf6ed380330e9ce652c0dd95f3972f712c3c9392c9,0.0,0.8597059641033411,0.0,0.4884079098701477,0.044239917770028114,0.8461580146104097,0.36826287396252155,2.606774680316448,79.53036483377218,46.359195141121745,1206.9746593479067,592.0369466766715,14960,40,,7.3473173386245945,False,False,ok
Schirrmeister2017,development,normalized_update,fixed_spdsw_k40,fixed,uniform,False,2,6398,374,40,0.0,0.00016237113107531268,0.012742493126359248,,,,,0.00014970776356978526,7.3473173386245945,0.00016237113107531268,0.00018338193319624135,0.0007899385053656291,8.623484329079054e-07,3.6888794541139367,39.99999999999999,0.025,0.125,6398,346310c81af8a1637413a81c7ade937200c1c5f9bdeacce3d835fc535a2a280c,full_tensor_sha256,cb8e9199ffc4501e753bbedf6ed380330e9ce652c0dd95f3972f712c3c9392c9,0.0,0.8590850047767162,0.0,0.4934389144182205,0.04452187567949295,0.8392801973968744,0.37314812652766705,2.609474118798971,79.53036483377218,46.359195141121745,1209.5841334667057,592.0369466766715,15000,40,,7.3473173386245945,False,False,ok
Schirrmeister2017,development,normalized_update,fixed_spdsw_k40,fixed,uniform,False,2,6398,375,40,0.0,0.0009349811676727596,0.030577461759811908,92.03054255642294,0.9986644316548834,0.13355683451166536,0.13355683451166536,0.0003600185480371986,7.3473173386245945,0.0009349811676727596,0.0010603945416059587,0.00456580946717804,1.201853400544591e-06,3.6888794541139367,39.99999999999999,0.025,0.125,6398,346310c81af8a1637413a81c7ade937200c1c5f9bdeacce3d835fc535a2a280c,full_tensor_sha256,cb8e9199ffc4501e753bbedf6ed380330e9ce652c0dd95f3972f712c3c9392c9,0.0,0.8600880391895771,0.0,0.49148895777761936,0.043615931645035744,0.8260549511760473,0.36698696203529835,2.588234841823578,79.53036483377218,46.359195141121745,1212.1723683085293,621.7380666639656,15040,40,,7.3473173386245945,False,False,ok
Schirrmeister2017,development,normalized_update,fixed_spdsw_k40,fixed,uniform,False,2,6398,376,40,0.0,0.0001623711310901667,0.012742493126942101,,,,,0.0001497077635740476,7.3473173386245945,0.0001623711310901667,0.00018338193321091662,0.0007899385053224892,8.623484298849807e-07,3.6888794541139367,39.99999999999999,0.025,0.125,6398,346310c81af8a1637413a81c7ade937200c1c5f9bdeacce3d835fc535a2a280c,full_tensor_sha256,cb8e9199ffc4501e753bbedf6ed380330e9ce652c0dd95f3972f712c3c9392c9,0.0,0.880182022228837,0.0,0.5587430205196142,0.04840106703341007,1.221338054165244,0.3814308438450098,3.090095007792115,79.53036483377218,46.359195141121745,1215.2624633163214,621.7380666639656,15080,40,,7.3473173386245945,False,False,ok
Schirrmeister2017,development,normalized_update,fixed_spdsw_k40,fixed,uniform,False,2,6398,377,40,0.0,0.0009349811676077134,0.03057746175874828,,,,,0.0003600185480217986,7.3473173386245945,0.0009349811676077134,0.0010603945414938908,0.004565809466324082,1.2018534222989303e-06,3.6888794541139367,39.99999999999999,0.025,0.125,6398,346310c81af8a1637413a81c7ade937200c1c5f9bdeacce3d835fc535a2a280c,full_tensor_sha256,cb8e9199ffc4501e753bbedf6ed380330e9ce652c0dd95f3972f712c3c9392c9,0.0,0.8652359247207642,0.0,0.505323987454176,0.05288911052048206,0.8395249024033546,0.3802760038524866,2.6432499289512634,79.53036483377218,46.359195141121745,1217.9057132452726,621.7380666639656,15120,40,,7.3473173386245945,False,False,ok
Schirrmeister2017,development,normalized_update,fixed_spdsw_k40,fixed,uniform,False,2,6398,378,40,0.0,0.000162371131116913,0.012742493127991594,,,,,0.00014970776358759233,7.3473173386245945,0.000162371131116913,0.00018338193322329845,0.0007899385053993748,8.623484304706573e-07,3.6888794541139367,39.99999999999999,0.025,0.125,6398,346310c81af8a1637413a81c7ade937200c1c5f9bdeacce3d835fc535a2a280c,full_tensor_sha256,cb8e9199ffc4501e753bbedf6ed380330e9ce652c0dd95f3972f712c3c9392c9,0.0,0.8631041273474693,0.0,0.5028611049056053,0.04426785744726658,0.8384780958294868,0.37233997136354446,2.6210511568933725,79.53036483377218,46.359195141121745,1220.526764402166,621.7380666639656,15160,40,,7.3473173386245945,False,False,ok
Schirrmeister2017,development,normalized_update,fixed_spdsw_k40,fixed,uniform,False,2,6398,379,40,0.0,0.0009349811675396889,0.030577461757635947,,,,,0.0003600185480089694,7.347317338624595,0.0009349811675396889,0.0010603945413480964,0.004565809466065114,1.201853496601993e-06,3.6888794541139367,39.99999999999999,0.025,0.125,6398,346310c81af8a1637413a81c7ade937200c1c5f9bdeacce3d835fc535a2a280c,full_tensor_sha256,cb8e9199ffc4501e753bbedf6ed380330e9ce652c0dd95f3972f712c3c9392c9,0.0,0.8666589856147766,0.0,0.49964385107159615,0.044448068365454674,0.9791168849915266,0.3732840996235609,2.763151889666915,79.53036483377218,46.359195141121745,1223.289916291833,621.7380666639656,15200,40,,7.3473173386245945,False,False,ok
Schirrmeister2017,development,normalized_update,fixed_spdsw_k40,fixed,uniform,False,2,6398,380,40,0.0,0.00016237113114503423,0.012742493129095037,,,,,0.00014970776360134116,7.347317338624595,0.00016237113114503423,0.00018338193325829599,0.0007899385056174009,8.623484243597331e-07,3.6888794541139367,39.99999999999999,0.025,0.125,6398,346310c81af8a1637413a81c7ade937200c1c5f9bdeacce3d835fc535a2a280c,full_tensor_sha256,cb8e9199ffc4501e753bbedf6ed380330e9ce652c0dd95f3972f712c3c9392c9,0.0,0.8615900296717882,0.0,0.48934505321085453,0.043153995648026466,0.8734690491110086,0.37018908187747,2.637747209519148,79.53036483377218,46.359195141121745,1225.927663501352,621.7380666639656,15240,40,,7.3473173386245945,False,False,ok
Schirrmeister2017,development,normalized_update,fixed_spdsw_k40,fixed,uniform,False,2,6398,381,40,0.0,0.0009349811675058861,0.03057746175708321,,,,,0.0003600185480058971,7.3473173386245945,0.0009349811675058861,0.001060394541284944,0.00456580946572593,1.201853538049811e-06,3.6888794541139367,39.99999999999999,0.025,0.125,6398,346310c81af8a1637413a81c7ade937200c1c5f9bdeacce3d835fc535a2a280c,full_tensor_sha256,cb8e9199ffc4501e753bbedf6ed380330e9ce652c0dd95f3972f712c3c9392c9,0.0,0.8622300811111927,0.0,0.4879389889538288,0.04387996159493923,0.83148293197155,0.37445896305143833,2.599990926682949,79.53036483377218,46.359195141121745,1228.527654428035,621.7380666639656,15280,40,,7.3473173386245945,False,False,ok
Schirrmeister2017,development,normalized_update,fixed_spdsw_k40,fixed,uniform,False,2,6398,382,40,0.0,0.0001623711311620547,0.0127424931297629,,,,,0.00014970776360907057,7.3473173386245945,0.0001623711311620547,0.00018338193326629458,0.000789938505620746,8.623484185218738e-07,3.6888794541139367,39.99999999999999,0.025,0.125,6398,346310c81af8a1637413a81c7ade937200c1c5f9bdeacce3d835fc535a2a280c,full_tensor_sha256,cb8e9199ffc4501e753bbedf6ed380330e9ce652c0dd95f3972f712c3c9392c9,0.0,0.8602109737694263,0.0,0.49277907237410545,0.04294794052839279,0.8657921571284533,0.3727648872882128,2.6344950310885906,79.53036483377218,46.359195141121745,1231.1621494591236,621.7380666639656,15320,40,,7.3473173386245945,False,False,ok
Schirrmeister2017,development,normalized_update,fixed_spdsw_k40,fixed,uniform,False,2,6398,383,40,0.0,0.0009349811674628183,0.030577461756378967,,,,,0.0003600185479973075,7.3473173386245945,0.0009349811674628183,0.0010603945411816796,0.004565809465359009,1.2018535058735945e-06,3.6888794541139367,39.99999999999999,0.025,0.125,6398,346310c81af8a1637413a81c7ade937200c1c5f9bdeacce3d835fc535a2a280c,full_tensor_sha256,cb8e9199ffc4501e753bbedf6ed380330e9ce652c0dd95f3972f712c3c9392c9,0.0,0.8688438683748245,0.0,0.5057179369032383,0.04493887536227703,0.8329178672283888,0.369576970115304,2.6219955179840326,79.53036483377218,46.359195141121745,1233.7841449771076,621.7380666639656,15360,40,,7.3473173386245945,False,False,ok
Schirrmeister2017,development,normalized_update,fixed_spdsw_k40,fixed,uniform,False,2,6398,384,40,0.0,0.00016237113118245077,0.012742493130563217,,,,,0.00014970776361876694,7.3473173386245945,0.00016237113118245077,0.00018338193328790015,0.0007899385057831675,8.623484158496704e-07,3.6888794541139367,39.99999999999999,0.025,0.125,6398,346310c81af8a1637413a81c7ade937200c1c5f9bdeacce3d835fc535a2a280c,full_tensor_sha256,cb8e9199ffc4501e753bbedf6ed380330e9ce652c0dd95f3972f712c3c9392c9,0.0,0.8646990172564983,0.0,0.49189082346856594,0.044193118810653687,0.8817347697913647,0.3709690645337105,2.653486793860793,79.53036483377218,46.359195141121745,1236.4376317709684,621.7380666639656,15400,40,,7.3473173386245945,False,False,ok
Schirrmeister2017,development,normalized_update,fixed_spdsw_k40,fixed,uniform,False,2,6398,385,40,0.0,0.0009349811674201262,0.03057746175568087,,,,,0.00036001854798873125,7.3473173386245945,0.0009349811674201262,0.0010603945411210489,0.004565809465614567,1.2018534645731839e-06,3.6888794541139367,39.99999999999999,0.025,0.125,6398,346310c81af8a1637413a81c7ade937200c1c5f9bdeacce3d835fc535a2a280c,full_tensor_sha256,cb8e9199ffc4501e753bbedf6ed380330e9ce652c0dd95f3972f712c3c9392c9,0.0,0.8612789679318666,0.0,0.49153296276926994,0.04416494630277157,0.8415221236646175,0.36998093128204346,2.608479931950569,79.53036483377218,46.359195141121745,1239.046111702919,621.7380666639656,15440,40,,7.3473173386245945,False,False,ok
Schirrmeister2017,development,normalized_update,fixed_spdsw_k40,fixed,uniform,False,2,6398,386,40,0.0,0.00016237113120042771,0.012742493131268611,,,,,0.0001497077636277487,7.347317338624595,0.00016237113120042771,0.00018338193329880506,0.0007899385059290033,8.623484147415054e-07,3.6888794541139367,39.99999999999999,0.025,0.125,6398,346310c81af8a1637413a81c7ade937200c1c5f9bdeacce3d835fc535a2a280c,full_tensor_sha256,cb8e9199ffc4501e753bbedf6ed380330e9ce652c0dd95f3972f712c3c9392c9,0.0,0.86438306607306,0.0,0.5001260433346033,0.05206698551774025,0.9170251432806253,0.37250109016895294,2.706102328374982,79.53036483377218,46.359195141121745,1241.752214031294,621.7380666639656,15480,40,,7.3473173386245945,False,False,ok
Schirrmeister2017,development,normalized_update,fixed_spdsw_k40,fixed,uniform,False,2,6398,387,40,0.0,0.0009349811673816235,0.03057746175505128,,,,,0.0003600185479819947,7.3473173386245945,0.0009349811673816235,0.0010603945410665521,0.004565809465406107,1.2018534427811174e-06,3.6888794541139367,39.99999999999999,0.025,0.125,6398,346310c81af8a1637413a81c7ade937200c1c5f9bdeacce3d835fc535a2a280c,full_tensor_sha256,cb8e9199ffc4501e753bbedf6ed380330e9ce652c0dd95f3972f712c3c9392c9,0.0,0.8600689470767975,0.0,0.49950601533055305,0.04429998807609081,0.8785300888121128,0.36805705167353153,2.6504620909690857,79.53036483377218,46.359195141121745,1244.402676122263,621.7380666639656,15520,40,,7.3473173386245945,False,False,ok
Schirrmeister2017,development,normalized_update,fixed_spdsw_k40,fixed,uniform,False,2,6398,388,40,0.0,0.00016237113121744798,0.012742493131936466,,,,,0.0001497077636360604,7.3473173386245945,0.00016237113121744798,0.00018338193332551468,0.0007899385059136036,8.623484089806659e-07,3.6888794541139367,39.99999999999999,0.025,0.125,6398,346310c81af8a1637413a81c7ade937200c1c5f9bdeacce3d835fc535a2a280c,full_tensor_sha256,cb8e9199ffc4501e753bbedf6ed380330e9ce652c0dd95f3972f712c3c9392c9,0.0,0.8626519702374935,0.0,0.5044059362262487,0.043631065636873245,0.9624338708817959,0.3688940778374672,2.7420169208198786,79.53036483377218,46.359195141121745,1247.144693043083,621.7380666639656,15560,40,,7.3473173386245945,False,False,ok
Schirrmeister2017,development,normalized_update,fixed_spdsw_k40,fixed,uniform,False,2,6398,389,40,0.0,0.0009349811673631345,0.030577461754748948,,,,,0.0003600185479811657,7.3473173386245945,0.0009349811673631345,0.0010603945409950724,0.004565809464586224,1.2018534063214594e-06,3.6888794541139367,39.99999999999999,0.025,0.125,6398,346310c81af8a1637413a81c7ade937200c1c5f9bdeacce3d835fc535a2a280c,full_tensor_sha256,cb8e9199ffc4501e753bbedf6ed380330e9ce652c0dd95f3972f712c3c9392c9,0.0,0.8626070339232683,0.0,0.4876179154962301,0.043825944885611534,1.0214620269834995,0.3739050589501858,2.7894179802387953,79.53036483377218,46.359195141121745,1249.9341110233217,621.7380666639656,15600,40,,7.3473173386245945,False,False,ok
Schirrmeister2017,development,normalized_update,fixed_spdsw_k40,fixed,uniform,False,2,6398,390,40,0.0,0.00016237113122830377,0.012742493132362432,,,,,0.00014970776363922635,7.347317338624595,0.00016237113122830377,0.00018338193331660806,0.0007899385058510543,8.623484048983432e-07,3.6888794541139367,39.99999999999999,0.025,0.125,6398,346310c81af8a1637413a81c7ade937200c1c5f9bdeacce3d835fc535a2a280c,full_tensor_sha256,cb8e9199ffc4501e753bbedf6ed380330e9ce652c0dd95f3972f712c3c9392c9,0.0,0.8627958595752716,0.0,0.49853487871587276,0.04427507519721985,0.8679390884935856,0.37190597504377365,2.6454508770257235,79.53036483377218,46.359195141121745,1252.5795619003475,621.7380666639656,15640,40,,7.3473173386245945,False,False,ok
Schirrmeister2017,development,normalized_update,fixed_spdsw_k40,fixed,uniform,False,2,6398,391,40,0.0,0.0009349811672931025,0.03057746175360379,,,,,0.00036001854796372467,7.3473173386245945,0.0009349811672931025,0.0010603945408994963,0.004565809464167621,1.2018533777491257e-06,3.6888794541139367,39.99999999999999,0.025,0.125,6398,346310c81af8a1637413a81c7ade937200c1c5f9bdeacce3d835fc535a2a280c,full_tensor_sha256,cb8e9199ffc4501e753bbedf6ed380330e9ce652c0dd95f3972f712c3c9392c9,0.0,0.8699700701981783,0.0,0.5022319965064526,0.04416704177856445,0.8720378391444683,0.36678207106888294,2.6551890186965466,79.53036483377218,46.359195141121745,1255.234750919044,621.7380666639656,15680,40,,7.3473173386245945,False,False,ok
Schirrmeister2017,development,normalized_update,fixed_spdsw_k40,fixed,uniform,False,2,6398,392,40,0.0,0.0001623711312525322,0.012742493133313127,,,,,0.00014970776364991856,7.347317338624595,0.0001623711312525322,0.00018338193336145007,0.0007899385060268422,8.623483999407045e-07,3.6888794541139367,39.99999999999999,0.025,0.125,6398,346310c81af8a1637413a81c7ade937200c1c5f9bdeacce3d835fc535a2a280c,full_tensor_sha256,cb8e9199ffc4501e753bbedf6ed380330e9ce652c0dd95f3972f712c3c9392c9,0.0,0.8621879387646914,0.0,0.4886139649897814,0.04385109059512615,0.8260728791356087,0.3721378743648529,2.5928637478500605,79.53036483377218,46.359195141121745,1257.827614666894,621.7380666639656,15720,40,,7.3473173386245945,False,False,ok
Schirrmeister2017,development,normalized_update,fixed_spdsw_k40,fixed,uniform,False,2,6398,393,40,0.0,0.0009349811672190807,0.03057746175239339,,,,,0.00036001854794752945,7.3473173386245945,0.0009349811672190807,0.0010603945408803029,0.004565809464024966,1.2018533953525473e-06,3.6888794541139367,39.99999999999999,0.025,0.125,6398,346310c81af8a1637413a81c7ade937200c1c5f9bdeacce3d835fc535a2a280c,full_tensor_sha256,cb8e9199ffc4501e753bbedf6ed380330e9ce652c0dd95f3972f712c3c9392c9,0.0,0.8623041212558746,0.0,0.48278202302753925,0.04343502223491669,0.8773019071668386,0.365616986528039,2.631440060213208,79.53036483377218,46.359195141121745,1260.4590547271073,621.7380666639656,15760,40,,7.3473173386245945,False,False,ok
Schirrmeister2017,development,normalized_update,fixed_spdsw_k40,fixed,uniform,False,2,6398,394,40,0.0,0.00016237113128150842,0.012742493134450118,,,,,0.00014970776366611568,7.347317338624595,0.00016237113128150842,0.00018338193338739218,0.0007899385061519305,8.623484041641152e-07,3.6888794541139367,39.99999999999999,0.025,0.125,6398,346310c81af8a1637413a81c7ade937200c1c5f9bdeacce3d835fc535a2a280c,full_tensor_sha256,cb8e9199ffc4501e753bbedf6ed380330e9ce652c0dd95f3972f712c3c9392c9,0.0,0.8622561581432819,0.0,0.4897390026599169,0.04457891918718815,0.8473310153931379,0.3745029680430889,2.618408063426614,79.53036483377218,46.359195141121745,1263.077462790534,621.7380666639656,15800,40,,7.3473173386245945,False,False,ok
Schirrmeister2017,development,normalized_update,fixed_spdsw_k40,fixed,uniform,False,2,6398,395,40,0.0,0.0009349811672036995,0.03057746175214188,,,,,0.00036001854794938507,7.347317338624595,0.0009349811672036995,0.0010603945408157063,0.004565809463941698,1.2018534552827736e-06,3.6888794541139367,39.99999999999999,0.025,0.125,6398,346310c81af8a1637413a81c7ade937200c1c5f9bdeacce3d835fc535a2a280c,full_tensor_sha256,cb8e9199ffc4501e753bbedf6ed380330e9ce652c0dd95f3972f712c3c9392c9,0.0,0.8586100302636623,0.0,0.49355998635292053,0.043547945097088814,0.8301748894155025,0.3686128184199333,2.5945056695491076,79.53036483377218,46.359195141121745,1265.671968460083,621.7380666639656,15840,40,,7.3473173386245945,False,False,ok
Schirrmeister2017,development,normalized_update,fixed_spdsw_k40,fixed,uniform,False,2,6398,396,40,0.0,0.00016237113129407535,0.01274249313494323,,,,,0.00014970776367126266,7.347317338624595,0.00016237113129407535,0.00018338193341363814,0.0007899385063345924,8.623483999310689e-07,3.6888794541139367,39.99999999999999,0.025,0.125,6398,346310c81af8a1637413a81c7ade937200c1c5f9bdeacce3d835fc535a2a280c,full_tensor_sha256,cb8e9199ffc4501e753bbedf6ed380330e9ce652c0dd95f3972f712c3c9392c9,0.0,0.8609371725469828,0.0,0.49234298057854176,0.043014995753765106,0.8234218694269657,0.3705390263348818,2.590256044641137,79.53036483377218,46.359195141121745,1268.2622245047241,621.7380666639656,15880,40,,7.3473173386245945,False,False,ok
Schirrmeister2017,development,normalized_update,fixed_spdsw_k40,fixed,uniform,False,2,6398,397,40,0.0,0.000934981167163855,0.030577461751490346,,,,,0.00036001854794058026,7.347317338624595,0.000934981167163855,0.0010603945408273745,0.004565809464272181,1.2018534906123404e-06,3.6888794541139367,39.99999999999999,0.025,0.125,6398,346310c81af8a1637413a81c7ade937200c1c5f9bdeacce3d835fc535a2a280c,full_tensor_sha256,cb8e9199ffc4501e753bbedf6ed380330e9ce652c0dd95f3972f712c3c9392c9,0.0,0.863207969814539,0.0,0.49686385318636894,0.044723041355609894,0.867435010150075,0.3663669340312481,2.638596808537841,79.53036483377218,46.359195141121745,1270.900821313262,621.7380666639656,15920,40,,7.3473173386245945,False,False,ok
Schirrmeister2017,development,normalized_update,fixed_spdsw_k40,fixed,uniform,False,2,6398,398,40,0.0,0.0001623711313099854,0.012742493135567521,,,,,0.0001497077636764064,7.3473173386245945,0.0001623711313099854,0.00018338193342196538,0.0007899385063963915,8.623484013093809e-07,3.6888794541139367,39.99999999999999,0.025,0.125,6398,346310c81af8a1637413a81c7ade937200c1c5f9bdeacce3d835fc535a2a280c,full_tensor_sha256,cb8e9199ffc4501e753bbedf6ed380330e9ce652c0dd95f3972f712c3c9392c9,0.0,0.8631469681859016,0.0,0.4876428283751011,0.04371092654764652,0.8508088067173958,0.3695941995829344,2.6149037294089794,79.53036483377218,46.359195141121745,1273.515725042671,621.7380666639656,15960,40,,7.3473173386245945,False,False,ok
Schirrmeister2017,development,normalized_update,fixed_spdsw_k40,fixed,uniform,False,2,6398,399,40,0.0,0.0009349811670951989,0.030577461750367685,,,,,0.0003600185479251166,7.3473173386245945,0.0009349811670951989,0.0010603945406774346,0.004565809463169616,1.2018534777742466e-06,3.6888794541139367,39.99999999999999,0.025,0.125,6398,346310c81af8a1637413a81c7ade937200c1c5f9bdeacce3d835fc535a2a280c,full_tensor_sha256,cb8e9199ffc4501e753bbedf6ed380330e9ce652c0dd95f3972f712c3c9392c9,0.0,0.8603350725024939,0.0,0.4859447944909334,0.04376191645860672,0.8442350663244724,0.3665920812636614,2.600868931040168,79.53036483377218,46.359195141121745,1276.1165939737111,621.7380666639656,16000,40,,7.3473173386245945,False,False,ok
Schirrmeister2017,development,normalized_update,fixed_spdsw_k40,fixed,uniform,False,2,6398,400,40,0.0,0.00016237113133519556,0.012742493136556737,92.05793949282919,0.9989617280215591,0.10382719784408148,0.10382719784408148,0.00014970776369054056,7.347317338624595,0.00016237113133519556,0.00018338193344860366,0.0007899385063614985,8.623483988683109e-07,3.6888794541139367,39.99999999999999,0.025,0.125,6398,346310c81af8a1637413a81c7ade937200c1c5f9bdeacce3d835fc535a2a280c,full_tensor_sha256,cb8e9199ffc4501e753bbedf6ed380330e9ce652c0dd95f3972f712c3c9392c9,0.0,0.8618689607828856,0.0,0.48317410983145237,0.04995288327336311,0.8715719450265169,0.378388911485672,2.64495681039989,79.53036483377218,46.359195141121745,1278.761550784111,652.5822626426816,16040,40,,7.3473173386245945,False,False,ok
Schirrmeister2017,development,normalized_update,fixed_spdsw_k40,fixed,uniform,False,2,6398,401,40,0.0,0.0009349811670570304,0.03057746174974356,,,,,0.0003600185479192265,7.3473173386245945,0.0009349811670570304,0.0010603945406008715,0.004565809462000672,1.2018534503395088e-06,3.6888794541139367,39.99999999999999,0.025,0.125,6398,346310c81af8a1637413a81c7ade937200c1c5f9bdeacce3d835fc535a2a280c,full_tensor_sha256,cb8e9199ffc4501e753bbedf6ed380330e9ce652c0dd95f3972f712c3c9392c9,0.0,0.8737980388104916,0.0,0.532797072082758,0.04698522388935089,1.3102700468152761,0.3777730744332075,3.141623456031084,79.53036483377218,46.359195141121745,1281.903174240142,652.5822626426816,16080,40,,7.3473173386245945,False,False,ok
Schirrmeister2017,development,normalized_update,fixed_spdsw_k40,fixed,uniform,False,2,6398,402,40,0.0,0.00016237113135403824,0.0127424931372961,,,,,0.00014970776370022067,7.3473173386245945,0.00016237113135403824,0.00018338193344525448,0.0007899385061884955,8.623484001340063e-07,3.6888794541139367,39.99999999999999,0.025,0.125,6398,346310c81af8a1637413a81c7ade937200c1c5f9bdeacce3d835fc535a2a280c,full_tensor_sha256,cb8e9199ffc4501e753bbedf6ed380330e9ce652c0dd95f3972f712c3c9392c9,0.0,0.8666780777275562,0.0,0.5018429365009069,0.045345863327383995,0.8526260498911142,0.37463800981640816,2.6411309372633696,79.53036483377218,46.359195141121745,1284.5443051774055,652.5822626426816,16120,40,,7.3473173386245945,False,False,ok
Schirrmeister2017,development,normalized_update,fixed_spdsw_k40,fixed,uniform,False,2,6398,403,40,0.0,0.0009349811670430696,0.030577461749515273,,,,,0.0003600185479195178,7.3473173386245945,0.0009349811670430696,0.0010603945404840886,0.004565809461143749,1.2018534322898908e-06,3.6888794541139367,39.99999999999999,0.025,0.125,6398,346310c81af8a1637413a81c7ade937200c1c5f9bdeacce3d835fc535a2a280c,full_tensor_sha256,cb8e9199ffc4501e753bbedf6ed380330e9ce652c0dd95f3972f712c3c9392c9,0.0,0.8619290310889482,0.0,0.5039491225033998,0.04512490704655647,0.8413598407059908,0.37196697667241096,2.6243298780173063,79.53036483377218,46.359195141121745,1287.1686350554228,652.5822626426816,16160,40,,7.3473173386245945,False,False,ok
Schirrmeister2017,development,normalized_update,fixed_spdsw_k40,fixed,uniform,False,2,6398,404,40,0.0,0.000162371131364506,0.012742493137706843,,,,,0.00014970776370432838,7.347317338624595,0.000162371131364506,0.00018338193345497235,0.0007899385062216262,8.623483971546806e-07,3.6888794541139367,39.99999999999999,0.025,0.125,6398,346310c81af8a1637413a81c7ade937200c1c5f9bdeacce3d835fc535a2a280c,full_tensor_sha256,cb8e9199ffc4501e753bbedf6ed380330e9ce652c0dd95f3972f712c3c9392c9,0.0,0.8668219670653343,0.0,0.5066609010100365,0.04356401041150093,0.8614328689873219,0.3729020245373249,2.6513817720115185,79.53036483377218,46.359195141121745,1289.8200168274343,652.5822626426816,16200,40,,7.3473173386245945,False,False,ok
Schirrmeister2017,development,normalized_update,fixed_spdsw_k40,fixed,uniform,False,2,6398,405,40,0.0,0.0009349811670074535,0.03057746174893288,,,,,0.0003600185479117737,7.3473173386245945,0.0009349811670074535,0.0010603945404122554,0.004565809460752222,1.2018533924253507e-06,3.6888794541139367,39.99999999999999,0.025,0.125,6398,346310c81af8a1637413a81c7ade937200c1c5f9bdeacce3d835fc535a2a280c,full_tensor_sha256,cb8e9199ffc4501e753bbedf6ed380330e9ce652c0dd95f3972f712c3c9392c9,0.0,0.8655141573399305,0.0,0.49223494715988636,0.04414096474647522,0.8841091766953468,0.36693201400339603,2.652931259945035,79.53036483377218,46.359195141121745,1292.4729480873793,652.5822626426816,16240,40,,7.3473173386245945,False,False,ok
Schirrmeister2017,development,normalized_update,fixed_spdsw_k40,fixed,uniform,False,2,6398,406,40,0.0,0.0001623711313779001,0.012742493138232412,,,,,0.0001497077637106574,7.3473173386245945,0.0001623711313779001,0.00018338193346266305,0.0007899385062462797,8.623483976894523e-07,3.6888794541139367,39.99999999999999,0.025,0.125,6398,346310c81af8a1637413a81c7ade937200c1c5f9bdeacce3d835fc535a2a280c,full_tensor_sha256,cb8e9199ffc4501e753bbedf6ed380330e9ce652c0dd95f3972f712c3c9392c9,0.0,0.8627281058579683,0.0,0.4919900093227625,0.04399497993290424,0.880473991855979,0.3682221285998821,2.647409215569496,79.53036483377218,46.359195141121745,1295.1203573029488,652.5822626426816,16280,40,,7.3473173386245945,False,False,ok
Schirrmeister2017,development,normalized_update,fixed_spdsw_k40,fixed,uniform,False,2,6398,407,40,0.0,0.0009349811669733369,0.03057746174837501,,,,,0.00036001854790607075,7.3473173386245945,0.0009349811669733369,0.0010603945403876022,0.004565809460833046,1.201853373243041e-06,3.6888794541139367,39.99999999999999,0.025,0.125,6398,346310c81af8a1637413a81c7ade937200c1c5f9bdeacce3d835fc535a2a280c,full_tensor_sha256,cb8e9199ffc4501e753bbedf6ed380330e9ce652c0dd95f3972f712c3c9392c9,0.0,0.8620079606771469,0.0,0.5026808939874172,0.0459388829767704,0.8682250045239925,0.3727339208126068,2.651586662977934,79.53036483377218,46.359195141121745,1297.7719439659268,652.5822626426816,16320,40,,7.3473173386245945,False,False,ok
Schirrmeister2017,development,normalized_update,fixed_spdsw_k40,fixed,uniform,False,2,6398,408,40,0.0,0.00016237113139580306,0.012742493138934902,,,,,0.00014970776372031828,7.3473173386245945,0.00016237113139580306,0.00018338193349823787,0.0007899385065568846,8.62348390767977e-07,3.6888794541139367,39.99999999999999,0.025,0.125,6398,346310c81af8a1637413a81c7ade937200c1c5f9bdeacce3d835fc535a2a280c,full_tensor_sha256,cb8e9199ffc4501e753bbedf6ed380330e9ce652c0dd95f3972f712c3c9392c9,0.0,0.8617090061306953,0.0,0.49592205323278904,0.04400801844894886,0.8318740874528885,0.3702649846673012,2.603778149932623,79.53036483377218,46.359195141121745,1300.3757221158594,652.5822626426816,16360,40,,7.3473173386245945,False,False,ok
Schirrmeister2017,development,normalized_update,fixed_spdsw_k40,fixed,uniform,False,2,6398,409,40,0.0,0.0009349811669486472,0.030577461747971286,,,,,0.00036001854790279473,7.347317338624595,0.0009349811669486472,0.0010603945404079893,0.004565809461602703,1.2018533489155448e-06,3.6888794541139367,39.99999999999999,0.025,0.125,6398,346310c81af8a1637413a81c7ade937200c1c5f9bdeacce3d835fc535a2a280c,full_tensor_sha256,cb8e9199ffc4501e753bbedf6ed380330e9ce652c0dd95f3972f712c3c9392c9,0.0,0.8622240275144577,0.0,0.49170199781656265,0.04397006705403328,0.8726839441806078,0.3681259695440531,2.6387060061097145,79.53036483377218,46.359195141121745,1303.014428121969,652.5822626426816,16400,40,,7.3473173386245945,False,False,ok
Schirrmeister2017,development,normalized_update,fixed_spdsw_k40,fixed,uniform,False,2,6398,410,40,0.0,0.00016237113140867913,0.012742493139440144,,,,,0.0001497077637254043,7.3473173386245945,0.00016237113140867913,0.00018338193351024896,0.0007899385066385782,8.623483871737977e-07,3.6888794541139367,39.99999999999999,0.025,0.125,6398,346310c81af8a1637413a81c7ade937200c1c5f9bdeacce3d835fc535a2a280c,full_tensor_sha256,cb8e9199ffc4501e753bbedf6ed380330e9ce652c0dd95f3972f712c3c9392c9,0.0,0.8618899155408144,0.0,0.4837058950215578,0.04251883365213871,0.876343110576272,0.37115393206477165,2.6356116868555546,79.53036483377218,46.359195141121745,1305.6500398088247,652.5822626426816,16440,40,,7.3473173386245945,False,False,ok
Schirrmeister2017,development,normalized_update,fixed_spdsw_k40,fixed,uniform,False,2,6398,411,40,0.0,0.0009349811669158323,0.030577461747434698,,,,,0.00036001854789649996,7.347317338624595,0.0009349811669158323,0.001060394540370281,0.004565809461717812,1.2018533348455627e-06,3.6888794541139367,39.99999999999999,0.025,0.125,6398,346310c81af8a1637413a81c7ade937200c1c5f9bdeacce3d835fc535a2a280c,full_tensor_sha256,cb8e9199ffc4501e753bbedf6ed380330e9ce652c0dd95f3972f712c3c9392c9,0.0,0.8592691738158464,0.0,0.47852308489382267,0.0432371161878109,0.8404271211475134,0.3681960515677929,2.5896525476127863,79.53036483377218,46.359195141121745,1308.2396923564374,652.5822626426816,16480,40,,7.3473173386245945,False,False,ok
Schirrmeister2017,development,normalized_update,fixed_spdsw_k40,fixed,uniform,False,2,6398,412,40,0.0,0.0001623711314201761,0.012742493139891271,,,,,0.00014970776373021398,7.347317338624595,0.0001623711314201761,0.00018338193353738188,0.0007899385068403709,8.623483754605575e-07,3.6888794541139367,39.99999999999999,0.025,0.125,6398,346310c81af8a1637413a81c7ade937200c1c5f9bdeacce3d835fc535a2a280c,full_tensor_sha256,cb8e9199ffc4501e753bbedf6ed380330e9ce652c0dd95f3972f712c3c9392c9,0.0,0.8612829260528088,0.0,0.5011369939893484,0.0456708949059248,0.8302109781652689,0.3762750420719385,2.6145768351852894,79.53036483377218,46.359195141121745,1310.8542691916227,652.5822626426816,16520,40,,7.3473173386245945,False,False,ok
Schirrmeister2017,development,normalized_update,fixed_spdsw_k40,fixed,uniform,False,2,6398,413,40,0.0,0.0009349811668769407,0.030577461746798748,,,,,0.00036001854788742416,7.347317338624595,0.0009349811668769407,0.0010603945403819214,0.004565809461822905,1.2018533352164695e-06,3.6888794541139367,39.99999999999999,0.025,0.125,6398,346310c81af8a1637413a81c7ade937200c1c5f9bdeacce3d835fc535a2a280c,full_tensor_sha256,cb8e9199ffc4501e753bbedf6ed380330e9ce652c0dd95f3972f712c3c9392c9,0.0,0.8642871398478746,0.0,0.5034860223531723,0.044103944674134254,0.8736620657145977,0.36627682857215405,2.651816001161933,79.53036483377218,46.359195141121745,1313.5060851927847,652.5822626426816,16560,40,,7.3473173386245945,False,False,ok
Schirrmeister2017,development,normalized_update,fixed_spdsw_k40,fixed,uniform,False,2,6398,414,40,0.0,0.0001623711314373689,0.012742493140565896,,,,,0.00014970776373797852,7.347317338624595,0.0001623711314373689,0.00018338193354510047,0.0007899385067330743,8.623483740643367e-07,3.6888794541139367,39.99999999999999,0.025,0.125,6398,346310c81af8a1637413a81c7ade937200c1c5f9bdeacce3d835fc535a2a280c,full_tensor_sha256,cb8e9199ffc4501e753bbedf6ed380330e9ce652c0dd95f3972f712c3c9392c9,0.0,0.8616338018327951,0.0,0.4935360047966242,0.043553998693823814,0.8331069257110357,0.3717190120369196,2.6035497430711985,79.53036483377218,46.359195141121745,1316.1096349358559,652.5822626426816,16600,40,,7.3473173386245945,False,False,ok
Schirrmeister2017,development,normalized_update,fixed_spdsw_k40,fixed,uniform,False,2,6398,415,40,0.0,0.0009349811668299545,0.030577461746030432,,,,,0.0003600185478779828,7.347317338624595,0.0009349811668299545,0.0010603945402824196,0.004565809461095263,1.2018533433269733e-06,3.6888794541139367,39.99999999999999,0.025,0.125,6398,346310c81af8a1637413a81c7ade937200c1c5f9bdeacce3d835fc535a2a280c,full_tensor_sha256,cb8e9199ffc4501e753bbedf6ed380330e9ce652c0dd95f3972f712c3c9392c9,0.0,0.863080145791173,0.0,0.49091619439423084,0.044828979298472404,0.8360880892723799,0.3695220220834017,2.604435430839658,79.53036483377218,46.359195141121745,1318.7140703666955,652.5822626426816,16640,40,,7.3473173386245945,False,False,ok
Schirrmeister2017,development,normalized_update,fixed_spdsw_k40,fixed,uniform,False,2,6398,416,40,0.0,0.0001623711314545802,0.012742493141241247,,,,,0.00014970776374640166,7.3473173386245945,0.0001623711314545802,0.0001833819335685817,0.0007899385069475847,8.623483713321893e-07,3.6888794541139367,39.99999999999999,0.025,0.125,6398,346310c81af8a1637413a81c7ade937200c1c5f9bdeacce3d835fc535a2a280c,full_tensor_sha256,cb8e9199ffc4501e753bbedf6ed380330e9ce652c0dd95f3972f712c3c9392c9,0.0,0.8592971134930849,0.0,0.483514042571187,0.04403502680361271,0.8383749518543482,0.37003797478973866,2.5952591095119715,79.53036483377218,46.359195141121745,1321.3093294762075,652.5822626426816,16680,40,,7.3473173386245945,False,False,ok
Schirrmeister2017,development,normalized_update,fixed_spdsw_k40,fixed,uniform,False,2,6398,417,40,0.0,0.0009349811667891434,0.030577461745363094,,,,,0.00036001854787049683,7.347317338624595,0.0009349811667891434,0.0010603945402611248,0.004565809461525416,1.2018533362717324e-06,3.6888794541139367,39.99999999999999,0.025,0.125,6398,346310c81af8a1637413a81c7ade937200c1c5f9bdeacce3d835fc535a2a280c,full_tensor_sha256,cb8e9199ffc4501e753bbedf6ed380330e9ce652c0dd95f3972f712c3c9392c9,0.0,0.8593189995735884,0.0,0.48037595115602016,0.0522928312420845,0.8290510158985853,0.37565012462437153,2.59668892249465,79.53036483377218,46.359195141121745,1323.9060183987021,652.5822626426816,16720,40,,7.3473173386245945,False,False,ok
Schirrmeister2017,development,normalized_update,fixed_spdsw_k40,fixed,uniform,False,2,6398,418,40,0.0,0.00016237113147200648,0.012742493141925033,,,,,0.00014970776375462937,7.3473173386245945,0.00016237113147200648,0.00018338193357959607,0.0007899385070153275,8.623483719981369e-07,3.6888794541139367,39.99999999999999,0.025,0.125,6398,346310c81af8a1637413a81c7ade937200c1c5f9bdeacce3d835fc535a2a280c,full_tensor_sha256,cb8e9199ffc4501e753bbedf6ed380330e9ce652c0dd95f3972f712c3c9392c9,0.0,0.8614601101726294,0.0,0.4939730279147625,0.04464294761419296,0.8686529472470284,0.3738610539585352,2.6425900869071484,79.53036483377218,46.359195141121745,1326.5486084856093,652.5822626426816,16760,40,,7.3473173386245945,False,False,ok
Schirrmeister2017,development,normalized_update,fixed_spdsw_k40,fixed,uniform,False,2,6398,419,40,0.0,0.000934981166749917,0.030577461744721667,,,,,0.000360018547862921,7.3473173386245945,0.000934981166749917,0.001060394540193355,0.0045658094614466505,1.2018533290552787e-06,3.6888794541139367,39.99999999999999,0.025,0.125,6398,346310c81af8a1637413a81c7ade937200c1c5f9bdeacce3d835fc535a2a280c,full_tensor_sha256,cb8e9199ffc4501e753bbedf6ed380330e9ce652c0dd95f3972f712c3c9392c9,0.0,0.8690548129379749,0.0,0.49036997370421886,0.043662963435053825,0.8635360281914473,0.3687511198222637,2.6353748980909586,79.53036483377218,46.359195141121745,1329.1839833837003,652.5822626426816,16800,40,,7.3473173386245945,False,False,ok
Schirrmeister2017,development,normalized_update,fixed_spdsw_k40,fixed,uniform,False,2,6398,420,40,0.0,0.00016237113148850305,0.012742493142572338,,,,,0.00014970776376178654,7.347317338624595,0.00016237113148850305,0.0001833819336118738,0.0007899385072149096,8.623483677208765e-07,3.6888794541139367,39.99999999999999,0.025,0.125,6398,346310c81af8a1637413a81c7ade937200c1c5f9bdeacce3d835fc535a2a280c,full_tensor_sha256,cb8e9199ffc4501e753bbedf6ed380330e9ce652c0dd95f3972f712c3c9392c9,0.0,0.8647050708532333,0.0,0.4985630512237549,0.043086009100079536,0.8576179388910532,0.36923307925462723,2.633205149322748,79.53036483377218,46.359195141121745,1331.817188533023,652.5822626426816,16840,40,,7.3473173386245945,False,False,ok
Schirrmeister2017,development,normalized_update,fixed_spdsw_k40,fixed,uniform,False,2,6398,421,40,0.0,0.0009349811667061785,0.030577461744006457,,,,,0.0003600185478541577,7.347317338624593,0.0009349811667061785,0.001060394540152426,0.004565809461591195,1.2018533421969248e-06,3.6888794541139367,39.99999999999999,0.025,0.125,6398,346310c81af8a1637413a81c7ade937200c1c5f9bdeacce3d835fc535a2a280c,full_tensor_sha256,cb8e9199ffc4501e753bbedf6ed380330e9ce652c0dd95f3972f712c3c9392c9,0.0,0.8602070156484842,0.0,0.4803838673979044,0.043201958760619164,0.845578033477068,0.3669790457934141,2.59634992107749,79.53036483377218,46.359195141121745,1334.4135384541005,652.5822626426816,16880,40,,7.3473173386245945,False,False,ok
Schirrmeister2017,development,normalized_update,fixed_spdsw_k40,fixed,uniform,False,2,6398,422,40,0.0,0.0001623711315082491,0.012742493143347149,,,,,0.0001497077637722141,7.347317338624595,0.0001623711315082491,0.0001833819336160594,0.0007899385073073838,8.623483674582651e-07,3.6888794541139367,39.99999999999999,0.025,0.125,6398,346310c81af8a1637413a81c7ade937200c1c5f9bdeacce3d835fc535a2a280c,full_tensor_sha256,cb8e9199ffc4501e753bbedf6ed380330e9ce652c0dd95f3972f712c3c9392c9,0.0,0.8595921099185944,0.0,0.487632118165493,0.044395215809345245,0.8650801610201597,0.38040499202907085,2.637104596942663,79.53036483377218,46.359195141121745,1337.0506430510432,652.5822626426816,16920,40,,7.3473173386245945,False,False,ok
Schirrmeister2017,development,normalized_update,fixed_spdsw_k40,fixed,uniform,False,2,6398,423,40,0.0,0.0009349811666877419,0.030577461743704987,,,,,0.0003600185478529306,7.347317338624595,0.0009349811666877419,0.001060394540062988,0.004565809461570787,1.2018533437523975e-06,3.6888794541139367,39.99999999999999,0.025,0.125,6398,346310c81af8a1637413a81c7ade937200c1c5f9bdeacce3d835fc535a2a280c,full_tensor_sha256,cb8e9199ffc4501e753bbedf6ed380330e9ce652c0dd95f3972f712c3c9392c9,0.0,0.8611888624727726,0.0,0.49474090337753296,0.04487507976591587,0.8295560255646706,0.36603398621082306,2.596394857391715,79.53036483377218,46.359195141121745,1339.6470379084349,652.5822626426816,16960,40,,7.3473173386245945,False,False,ok
Schirrmeister2017,development,normalized_update,fixed_spdsw_k40,fixed,uniform,False,2,6398,424,40,0.0,0.0001623711315172053,0.01274249314369858,,,,,0.00014970776377519628,7.347317338624595,0.0001623711315172053,0.00018338193363489578,0.0007899385074258288,8.623483630696858e-07,3.6888794541139367,39.99999999999999,0.025,0.125,6398,346310c81af8a1637413a81c7ade937200c1c5f9bdeacce3d835fc535a2a280c,full_tensor_sha256,cb8e9199ffc4501e753bbedf6ed380330e9ce652c0dd95f3972f712c3c9392c9,0.0,0.8662960026413202,0.0,0.4915790632367134,0.043730949983000755,0.8514560759067535,0.36897300742566586,2.622035099193454,79.53036483377218,46.359195141121745,1342.2690730076283,652.5822626426816,17000,40,,7.3473173386245945,False,False,ok
Schirrmeister2017,development,normalized_update,fixed_spdsw_k40,fixed,uniform,False,2,6398,425,40,0.0,0.0009349811666456072,0.030577461743016003,92.03054254335798,0.9986644315131096,0.1335568486890384,0.1335568486890384,0.0003600185478430524,7.3473173386245945,0.0009349811666456072,0.0010603945400664756,0.004565809461751908,1.2018533293228956e-06,3.6888794541139367,39.99999999999999,0.025,0.125,6398,346310c81af8a1637413a81c7ade937200c1c5f9bdeacce3d835fc535a2a280c,full_tensor_sha256,cb8e9199ffc4501e753bbedf6ed380330e9ce652c0dd95f3972f712c3c9392c9,0.0,0.8617378771305084,0.0,0.48845913261175156,0.04457100294530392,0.8289248216897249,0.3706519491970539,2.5943447835743427,79.53036483377218,46.359195141121745,1344.8634177912027,682.1042336523533,17040,40,,7.3473173386245945,False,False,ok
Schirrmeister2017,development,normalized_update,fixed_spdsw_k40,fixed,uniform,False,2,6398,426,40,0.0,0.00016237113153481719,0.012742493144389648,,,,,0.0001497077637846521,7.347317338624595,0.00016237113153481719,0.00018338193365378342,0.000789938507528751,8.623483616928592e-07,3.6888794541139367,39.99999999999999,0.025,0.125,6398,346310c81af8a1637413a81c7ade937200c1c5f9bdeacce3d835fc535a2a280c,full_tensor_sha256,cb8e9199ffc4501e753bbedf6ed380330e9ce652c0dd95f3972f712c3c9392c9,0.0,0.8725789375603199,0.0,0.530320918187499,0.046147964894771576,1.271566143259406,0.3778201062232256,3.098434070125222,79.53036483377218,46.359195141121745,1347.961851861328,682.1042336523533,17080,40,,7.3473173386245945,False,False,ok
Schirrmeister2017,development,normalized_update,fixed_spdsw_k40,fixed,uniform,False,2,6398,427,40,0.0,0.0009349811666151065,0.030577461742517256,,,,,0.0003600185478391337,7.3473173386245945,0.0009349811666151065,0.0010603945400372533,0.004565809461757699,1.201853320608045e-06,3.6888794541139367,39.99999999999999,0.025,0.125,6398,346310c81af8a1637413a81c7ade937200c1c5f9bdeacce3d835fc535a2a280c,full_tensor_sha256,cb8e9199ffc4501e753bbedf6ed380330e9ce652c0dd95f3972f712c3c9392c9,0.0,0.8647090289741755,0.0,0.5081039853394032,0.046511879190802574,0.8876700885593891,0.3698228392750025,2.6768178213387728,79.53036483377218,46.359195141121745,1350.6386696826667,682.1042336523533,17120,40,,7.3473173386245945,False,False,ok
Schirrmeister2017,development,normalized_update,fixed_spdsw_k40,fixed,uniform,False,2,6398,428,40,0.0,0.00016237113154824638,0.012742493144916593,,,,,0.0001497077637902268,7.3473173386245945,0.00016237113154824638,0.00018338193368017846,0.0007899385076690771,8.623483538994972e-07,3.6888794541139367,39.99999999999999,0.025,0.125,6398,346310c81af8a1637413a81c7ade937200c1c5f9bdeacce3d835fc535a2a280c,full_tensor_sha256,cb8e9199ffc4501e753bbedf6ed380330e9ce652c0dd95f3972f712c3c9392c9,0.0,0.8633809629827738,0.0,0.5098499823361635,0.04542502574622631,0.8748990949243307,0.3729599993675947,2.666515065357089,79.53036483377218,46.359195141121745,1353.3051847480237,682.1042336523533,17160,40,,7.3473173386245945,False,False,ok
Schirrmeister2017,development,normalized_update,fixed_spdsw_k40,fixed,uniform,False,2,6398,429,40,0.0,0.000934981166583164,0.030577461741994938,,,,,0.000360018547832597,7.3473173386245945,0.000934981166583164,0.0010603945400326253,0.00456580946155168,1.2018533114569277e-06,3.6888794541139367,39.99999999999999,0.025,0.125,6398,346310c81af8a1637413a81c7ade937200c1c5f9bdeacce3d835fc535a2a280c,full_tensor_sha256,cb8e9199ffc4501e753bbedf6ed380330e9ce652c0dd95f3972f712c3c9392c9,0.0,0.8607339113950729,0.0,0.4912030417472124,0.04443502984941006,0.8740948978811502,0.36907591857016087,2.6395427994430065,79.53036483377218,46.359195141121745,1355.9447275474668,682.1042336523533,17200,40,,7.3473173386245945,False,False,ok
Schirrmeister2017,development,normalized_update,fixed_spdsw_k40,fixed,uniform,False,2,6398,430,40,0.0,0.00016237113156238427,0.012742493145471347,,,,,0.0001497077637961878,7.3473173386245945,0.00016237113156238427,0.00018338193368667302,0.0007899385075620915,8.623483557625735e-07,3.6888794541139367,39.99999999999999,0.025,0.125,6398,346310c81af8a1637413a81c7ade937200c1c5f9bdeacce3d835fc535a2a280c,full_tensor_sha256,cb8e9199ffc4501e753bbedf6ed380330e9ce652c0dd95f3972f712c3c9392c9,0.0,0.8628698997199535,0.0,0.4998878575861454,0.04380987957119942,0.844975933432579,0.372197013348341,2.6237405836582184,79.53036483377218,46.359195141121745,1358.568468131125,682.1042336523533,17240,40,,7.3473173386245945,False,False,ok
Schirrmeister2017,development,normalized_update,fixed_spdsw_k40,fixed,uniform,False,2,6398,431,40,0.0,0.0009349811665378253,0.030577461741253562,,,,,0.0003600185478224009,7.3473173386245945,0.0009349811665378253,0.0010603945399472125,0.004565809460818148,1.2018533095636596e-06,3.6888794541139367,39.99999999999999,0.025,0.125,6398,346310c81af8a1637413a81c7ade937200c1c5f9bdeacce3d835fc535a2a280c,full_tensor_sha256,cb8e9199ffc4501e753bbedf6ed380330e9ce652c0dd95f3972f712c3c9392c9,0.0,0.8636389393359423,0.0,0.49853906966745853,0.05927705205976963,0.9179620537906885,0.3689969889819622,2.708414103835821,79.53036483377218,46.359195141121745,1361.2768822349608,682.1042336523533,17280,40,,7.3473173386245945,False,False,ok
Schirrmeister2017,development,normalized_update,fixed_spdsw_k40,fixed,uniform,False,2,6398,432,40,0.0,0.00016237113157910205,0.012742493146127333,,,,,0.000149707763803721,7.347317338624595,0.00016237113157910205,0.00018338193370572478,0.0007899385076926742,8.623483564398581e-07,3.6888794541139367,39.99999999999999,0.025,0.125,6398,346310c81af8a1637413a81c7ade937200c1c5f9bdeacce3d835fc535a2a280c,full_tensor_sha256,cb8e9199ffc4501e753bbedf6ed380330e9ce652c0dd95f3972f712c3c9392c9,0.0,0.8630100637674332,0.0,0.4976519849151373,0.04356401041150093,0.8842949755489826,0.3699820954352617,2.6585031300783157,79.53036483377218,46.359195141121745,1363.935385365039,682.1042336523533,17320,40,,7.3473173386245945,False,False,ok
Schirrmeister2017,development,normalized_update,fixed_spdsw_k40,fixed,uniform,False,2,6398,433,40,0.0,0.0009349811664927463,0.030577461740516433,,,,,0.0003600185478129753,7.3473173386245945,0.0009349811664927463,0.0010603945398759494,0.0045658094604268335,1.2018533082112584e-06,3.6888794541139367,39.99999999999999,0.025,0.125,6398,346310c81af8a1637413a81c7ade937200c1c5f9bdeacce3d835fc535a2a280c,full_tensor_sha256,cb8e9199ffc4501e753bbedf6ed380330e9ce652c0dd95f3972f712c3c9392c9,0.0,0.8623381145298481,0.0,0.4981081001460552,0.04416005685925484,0.8749018888920546,0.36723678931593895,2.6467449497431517,79.53036483377218,46.359195141121745,1366.5821303147823,682.1042336523533,17360,40,,7.3473173386245945,False,False,ok
Schirrmeister2017,development,normalized_update,fixed_spdsw_k40,fixed,uniform,False,2,6398,434,40,0.0,0.00016237113159689941,0.012742493146825679,,,,,0.00014970776381350573,7.347317338624595,0.00016237113159689941,0.00018338193370674323,0.0007899385075369583,8.623483652471519e-07,3.6888794541139367,39.99999999999999,0.025,0.125,6398,346310c81af8a1637413a81c7ade937200c1c5f9bdeacce3d835fc535a2a280c,full_tensor_sha256,cb8e9199ffc4501e753bbedf6ed380330e9ce652c0dd95f3972f712c3c9392c9,0.0,0.86435885168612,0.0,0.49021514132618904,0.04474888555705547,0.8538139518350363,0.36789383739233017,2.621030667796731,79.53036483377218,46.359195141121745,1369.203160982579,682.1042336523533,17400,40,,7.3473173386245945,False,False,ok
Schirrmeister2017,development,normalized_update,fixed_spdsw_k40,fixed,uniform,False,2,6398,435,40,0.0,0.0009349811664764178,0.03057746174024943,,,,,0.0003600185478133359,7.3473173386245945,0.0009349811664764178,0.001060394539744655,0.00456580945917312,1.2018533042513281e-06,3.6888794541139367,39.99999999999999,0.025,0.125,6398,346310c81af8a1637413a81c7ade937200c1c5f9bdeacce3d835fc535a2a280c,full_tensor_sha256,cb8e9199ffc4501e753bbedf6ed380330e9ce652c0dd95f3972f712c3c9392c9,0.0,0.8623439352959394,0.0,0.49635698087513447,0.043702078983187675,0.8697579614818096,0.37521193735301495,2.647372893989086,79.53036483377218,46.359195141121745,1371.850533876568,682.1042336523533,17440,40,,7.3473173386245945,False,False,ok
Schirrmeister2017,development,normalized_update,fixed_spdsw_k40,fixed,uniform,False,2,6398,436,40,0.0,0.00016237113160963912,0.01274249314732557,,,,,0.0001497077638190167,7.3473173386245945,0.00016237113160963912,0.0001833819337192955,0.0007899385075960769,8.623483609224368e-07,3.6888794541139367,39.99999999999999,0.025,0.125,6398,346310c81af8a1637413a81c7ade937200c1c5f9bdeacce3d835fc535a2a280c,full_tensor_sha256,cb8e9199ffc4501e753bbedf6ed380330e9ce652c0dd95f3972f712c3c9392c9,0.0,0.86207315325737,0.0,0.5087708123028278,0.04491396248340607,0.8749470580369234,0.3723651170730591,2.6630701031535864,79.53036483377218,46.359195141121745,1374.5136039797217,682.1042336523533,17480,40,,7.3473173386245945,False,False,ok
Schirrmeister2017,development,normalized_update,fixed_spdsw_k40,fixed,uniform,False,2,6398,437,40,0.0,0.0009349811664382221,0.030577461739624858,,,,,0.00036001854780348024,7.347317338624595,0.0009349811664382221,0.0010603945397069504,0.004565809459193746,1.2018532946705859e-06,3.6888794541139367,39.99999999999999,0.025,0.125,6398,346310c81af8a1637413a81c7ade937200c1c5f9bdeacce3d835fc535a2a280c,full_tensor_sha256,cb8e9199ffc4501e753bbedf6ed380330e9ce652c0dd95f3972f712c3c9392c9,0.0,0.8639229927212,0.0,0.5020310636609793,0.044075073674321175,0.8380301296710968,0.36803586408495903,2.6160951238125563,79.53036483377218,46.359195141121745,1377.1296991035342,682.1042336523533,17520,40,,7.3473173386245945,False,False,ok
Schirrmeister2017,development,normalized_update,fixed_spdsw_k40,fixed,uniform,False,2,6398,438,40,0.0,0.00016237113162065884,0.012742493147757971,,,,,0.00014970776382395432,7.3473173386245945,0.00016237113162065884,0.00018338193372487537,0.0007899385076535512,8.623483612968751e-07,3.6888794541139367,39.99999999999999,0.025,0.125,6398,346310c81af8a1637413a81c7ade937200c1c5f9bdeacce3d835fc535a2a280c,full_tensor_sha256,cb8e9199ffc4501e753bbedf6ed380330e9ce652c0dd95f3972f712c3c9392c9,0.0,0.8626510389149189,0.0,0.48828707076609135,0.043936073780059814,0.830749049782753,0.3700628876686096,2.5956861209124327,79.53036483377218,46.359195141121745,1379.7253852244467,682.1042336523533,17560,40,,7.3473173386245945,False,False,ok
Schirrmeister2017,development,normalized_update,fixed_spdsw_k40,fixed,uniform,False,2,6398,439,40,0.0,0.0009349811664089141,0.030577461739145616,,,,,0.0003600185477988018,7.3473173386245945,0.0009349811664089141,0.001060394539657641,0.004565809459035421,1.2018533045557804e-06,3.6888794541139367,39.99999999999999,0.025,0.125,6398,346310c81af8a1637413a81c7ade937200c1c5f9bdeacce3d835fc535a2a280c,full_tensor_sha256,cb8e9199ffc4501e753bbedf6ed380330e9ce652c0dd95f3972f712c3c9392c9,0.0,0.8617648854851723,0.0,0.484418123960495,0.04309695214033127,0.8423491381108761,0.36943890154361725,2.601068001240492,79.53036483377218,46.359195141121745,1382.3264532256871,682.1042336523533,17600,40,,7.3473173386245945,False,False,ok
Schirrmeister2017,development,normalized_update,fixed_spdsw_k40,fixed,uniform,False,2,6398,440,40,0.0,0.00016237113163641511,0.012742493148376229,,,,,0.00014970776383107652,7.3473173386245945,0.00016237113163641511,0.0001833819337511307,0.0007899385077882839,8.623483567498954e-07,3.6888794541139367,39.99999999999999,0.025,0.125,6398,346310c81af8a1637413a81c7ade937200c1c5f9bdeacce3d835fc535a2a280c,full_tensor_sha256,cb8e9199ffc4501e753bbedf6ed380330e9ce652c0dd95f3972f712c3c9392c9,0.0,0.859484076499939,0.0,0.48329681158065796,0.04389905370771885,0.8480600081384182,0.3744319546967745,2.6091719046235085,79.53036483377218,46.359195141121745,1384.9356251303107,682.1042336523533,17640,40,,7.3473173386245945,False,False,ok
Schirrmeister2017,development,normalized_update,fixed_spdsw_k40,fixed,uniform,False,2,6398,441,40,0.0,0.0009349811663772519,0.03057746173862788,,,,,0.00036001854779292277,7.347317338624593,0.0009349811663772519,0.0010603945396387101,0.004565809459202829,1.2018533060824905e-06,3.6888794541139367,39.99999999999999,0.025,0.125,6398,346310c81af8a1637413a81c7ade937200c1c5f9bdeacce3d835fc535a2a280c,full_tensor_sha256,cb8e9199ffc4501e753bbedf6ed380330e9ce652c0dd95f3972f712c3c9392c9,0.0,0.8637499995529652,0.0,0.5040790420025587,0.045383116230368614,0.8804840035736561,0.36974111571907997,2.6634372770786285,79.53036483377218,46.359195141121745,1387.5990624073893,682.1042336523533,17680,40,,7.3473173386245945,False,False,ok
Schirrmeister2017,development,normalized_update,fixed_spdsw_k40,fixed,uniform,False,2,6398,442,40,0.0,0.00016237113164842496,0.01274249314884748,,,,,0.0001497077638366021,7.347317338624595,0.00016237113164842496,0.00018338193376511936,0.0007899385079129686,8.623483516274279e-07,3.6888794541139367,39.99999999999999,0.025,0.125,6398,346310c81af8a1637413a81c7ade937200c1c5f9bdeacce3d835fc535a2a280c,full_tensor_sha256,cb8e9199ffc4501e753bbedf6ed380330e9ce652c0dd95f3972f712c3c9392c9,0.0,0.8660200983285904,0.0,0.5005020648241043,0.0431109219789505,0.8400720544159412,0.3695688210427761,2.6192739605903625,79.53036483377218,46.359195141121745,1390.2183363679796,682.1042336523533,17720,40,,7.3473173386245945,False,False,ok
Schirrmeister2017,development,normalized_update,fixed_spdsw_k40,fixed,uniform,False,2,6398,443,40,0.0,0.0009349811663412127,0.030577461738038568,,,,,0.00036001854778569233,7.3473173386245945,0.0009349811663412127,0.0010603945396232702,0.004565809459280755,1.2018533099281582e-06,3.6888794541139367,39.99999999999999,0.025,0.125,6398,346310c81af8a1637413a81c7ade937200c1c5f9bdeacce3d835fc535a2a280c,full_tensor_sha256,cb8e9199ffc4501e753bbedf6ed380330e9ce652c0dd95f3972f712c3c9392c9,0.0,0.8633269462734461,0.0,0.4861119668930769,0.044011976569890976,0.8674322161823511,0.3667660057544708,2.627649111673236,79.53036483377218,46.359195141121745,1392.8459854796529,682.1042336523533,17760,40,,7.3473173386245945,False,False,ok
Schirrmeister2017,development,normalized_update,fixed_spdsw_k40,fixed,uniform,False,2,6398,444,40,0.0,0.0001623711316620126,0.012742493149380642,,,,,0.00014970776384348148,7.3473173386245945,0.0001623711316620126,0.00018338193379589094,0.000789938508009571,8.623483504254056e-07,3.6888794541139367,39.99999999999999,0.025,0.125,6398,346310c81af8a1637413a81c7ade937200c1c5f9bdeacce3d835fc535a2a280c,full_tensor_sha256,cb8e9199ffc4501e753bbedf6ed380330e9ce652c0dd95f3972f712c3c9392c9,0.0,0.862132990732789,0.0,0.48386910930275917,0.04333304241299629,0.8854430634528399,0.37019606679677963,2.644974272698164,79.53036483377218,46.359195141121745,1395.490959752351,682.1042336523533,17800,40,,7.3473173386245945,False,False,ok
Schirrmeister2017,development,normalized_update,fixed_spdsw_k40,fixed,uniform,False,2,6398,445,40,0.0,0.0009349811663189028,0.03057746173767376,,,,,0.00036001854778246363,7.347317338624595,0.0009349811663189028,0.0010603945396382344,0.004565809459174695,1.201853314201362e-06,3.6888794541139367,39.99999999999999,0.025,0.125,6398,346310c81af8a1637413a81c7ade937200c1c5f9bdeacce3d835fc535a2a280c,full_tensor_sha256,cb8e9199ffc4501e753bbedf6ed380330e9ce652c0dd95f3972f712c3c9392c9,0.0,0.8592200465500355,0.0,0.4868661053478718,0.052563147619366646,0.8477328810840845,0.37799193523824215,2.6243741158396006,79.53036483377218,46.359195141121745,1398.1153338681906,682.1042336523533,17840,40,,7.3473173386245945,False,False,ok
Schirrmeister2017,development,normalized_update,fixed_spdsw_k40,fixed,uniform,False,2,6398,446,40,0.0,0.00016237113167573438,0.012742493149919069,,,,,0.00014970776385064773,7.3473173386245945,0.00016237113167573438,0.00018338193379428702,0.000789938507968985,8.623483527395249e-07,3.6888794541139367,39.99999999999999,0.025,0.125,6398,346310c81af8a1637413a81c7ade937200c1c5f9bdeacce3d835fc535a2a280c,full_tensor_sha256,cb8e9199ffc4501e753bbedf6ed380330e9ce652c0dd95f3972f712c3c9392c9,0.0,0.8622400928288698,0.0,0.49531087279319763,0.04433211870491505,0.8762008510529995,0.3695159684866667,2.6475999038666487,79.53036483377218,46.359195141121745,1400.7629337720573,682.1042336523533,17880,40,,7.3473173386245945,False,False,ok
Schirrmeister2017,development,normalized_update,fixed_spdsw_k40,fixed,uniform,False,2,6398,447,40,0.0,0.000934981166290198,0.03057746173720438,,,,,0.0003600185477772492,7.3473173386245945,0.000934981166290198,0.0010603945395498409,0.0045658094588624356,1.2018533024427508e-06,3.6888794541139367,39.99999999999999,0.025,0.125,6398,346310c81af8a1637413a81c7ade937200c1c5f9bdeacce3d835fc535a2a280c,full_tensor_sha256,cb8e9199ffc4501e753bbedf6ed380330e9ce652c0dd95f3972f712c3c9392c9,0.0,0.8613818790763617,0.0,0.48886192962527275,0.04364084452390671,0.827796058729291,0.3679748624563217,2.589655574411154,79.53036483377218,46.359195141121745,1403.3525893464684,682.1042336523533,17920,40,,7.3473173386245945,False,False,ok
Schirrmeister2017,development,normalized_update,fixed_spdsw_k40,fixed,uniform,False,2,6398,448,40,0.0,0.00016237113168747326,0.012742493150379688,,,,,0.0001497077638560117,7.347317338624595,0.00016237113168747326,0.00018338193381581069,0.000789938508093014,8.623483475918324e-07,3.6888794541139367,39.99999999999999,0.025,0.125,6398,346310c81af8a1637413a81c7ade937200c1c5f9bdeacce3d835fc535a2a280c,full_tensor_sha256,cb8e9199ffc4501e753bbedf6ed380330e9ce652c0dd95f3972f712c3c9392c9,0.0,0.8623378816992044,0.0,0.4827519878745079,0.043582869693636894,0.870509073138237,0.36895996890962124,2.6281417813152075,79.53036483377218,46.359195141121745,1405.9807311277837,682.1042336523533,17960,40,,7.3473173386245945,False,False,ok
Schirrmeister2017,development,normalized_update,fixed_spdsw_k40,fixed,uniform,False,2,6398,449,40,0.0,0.0009349811662656822,0.0305774617368035,,,,,0.00036001854777296624,7.3473173386245945,0.0009349811662656822,0.0010603945395513577,0.004565809458952606,1.2018533040649601e-06,3.6888794541139367,39.99999999999999,0.025,0.125,6398,346310c81af8a1637413a81c7ade937200c1c5f9bdeacce3d835fc535a2a280c,full_tensor_sha256,cb8e9199ffc4501e753bbedf6ed380330e9ce652c0dd95f3972f712c3c9392c9,0.0,0.8614810649305582,0.0,0.49319001846015453,0.04485505633056164,0.8830891456454992,0.3667869605123997,2.6494022458791733,79.53036483377218,46.359195141121745,1408.6301333736628,682.1042336523533,18000,40,,7.3473173386245945,False,False,ok
Schirrmeister2017,development,normalized_update,fixed_spdsw_k40,fixed,uniform,False,2,6398,450,40,0.0,0.00016237113169896314,0.012742493150830536,92.05793960422038,0.9989617292303146,0.1038270769685393,0.1038270769685393,0.0001497077638520939,7.347317338624595,0.00016237113169896314,0.0001833819338220364,0.0007899385081866806,8.623483455656138e-07,3.6888794541139367,39.99999999999999,0.025,0.125,6398,346310c81af8a1637413a81c7ade937200c1c5f9bdeacce3d835fc535a2a280c,full_tensor_sha256,cb8e9199ffc4501e753bbedf6ed380330e9ce652c0dd95f3972f712c3c9392c9,0.0,0.8627120405435562,0.0,0.5011390894651413,0.04312396049499512,0.8328738622367382,0.37266709841787815,2.612516051158309,79.53036483377218,46.359195141121745,1411.2426494248211,712.6135374419391,18040,40,,7.3473173386245945,False,False,ok
Schirrmeister2017,development,normalized_update,fixed_spdsw_k40,fixed,uniform,False,2,6398,451,40,0.0,0.0009349811661197608,0.03057746173441741,,,,,0.0003600185477321217,7.3473173386245945,0.0009349811661197608,0.0010603945390292764,0.004565809454362487,1.2018532991718871e-06,3.6888794541139367,39.99999999999999,0.025,0.125,6398,346310c81af8a1637413a81c7ade937200c1c5f9bdeacce3d835fc535a2a280c,full_tensor_sha256,cb8e9199ffc4501e753bbedf6ed380330e9ce652c0dd95f3972f712c3c9392c9,0.0,0.8811559528112411,0.0,0.5681270267814398,0.04828302189707756,1.243365928530693,0.37805805914103985,3.1189899891614914,79.53036483377218,46.359195141121745,1414.3616394139826,712.6135374419391,18080,40,,7.3473173386245945,False,False,ok
Schirrmeister2017,development,normalized_update,fixed_spdsw_k40,fixed,uniform,False,2,6398,452,40,0.0,0.00016237113173894746,0.012742493152399474,,,,,0.0001497077638783284,7.347317338624595,0.00016237113173894746,0.00018338193377703127,0.0007899385072836784,8.623483388266516e-07,3.6888794541139367,39.99999999999999,0.025,0.125,6398,346310c81af8a1637413a81c7ade937200c1c5f9bdeacce3d835fc535a2a280c,full_tensor_sha256,cb8e9199ffc4501e753bbedf6ed380330e9ce652c0dd95f3972f712c3c9392c9,0.0,0.8680308237671852,0.0,0.5226659122854471,0.04579313099384308,0.9028981439769268,0.3722261171787977,2.7116141282022,79.53036483377218,46.359195141121745,1417.0732535421848,712.6135374419391,18120,40,,7.3473173386245945,False,False,ok
Schirrmeister2017,development,normalized_update,fixed_spdsw_k40,fixed,uniform,False,2,6398,453,40,0.0,0.0009349811660375901,0.030577461733073758,,,,,0.0003600185477199975,7.3473173386245945,0.0009349811660375901,0.0010603945385393725,0.004565809448768922,1.2018532893620216e-06,3.6888794541139367,39.99999999999999,0.025,0.125,6398,346310c81af8a1637413a81c7ade937200c1c5f9bdeacce3d835fc535a2a280c,full_tensor_sha256,cb8e9199ffc4501e753bbedf6ed380330e9ce652c0dd95f3972f712c3c9392c9,0.0,0.8655241690576077,0.0,0.49682101234793663,0.0509088858962059,0.8621038869023323,0.37399912253022194,2.6493570767343044,79.53036483377218,46.359195141121745,1419.7226106189191,712.6135374419391,18160,40,,7.3473173386245945,False,False,ok
Schirrmeister2017,development,normalized_update,fixed_spdsw_k40,fixed,uniform,False,2,6398,454,40,0.0,0.00016237113177964942,0.012742493153996568,,,,,0.00014970776389546604,7.347317338624595,0.00016237113177964942,0.00018338193377882527,0.0007899385070440097,8.623483359716394e-07,3.6888794541139367,39.99999999999999,0.025,0.125,6398,346310c81af8a1637413a81c7ade937200c1c5f9bdeacce3d835fc535a2a280c,full_tensor_sha256,cb8e9199ffc4501e753bbedf6ed380330e9ce652c0dd95f3972f712c3c9392c9,0.0,0.8613679092377424,0.0,0.5006699357181787,0.044451793655753136,0.8407621644437313,0.3724710550159216,2.619722858071327,79.53036483377218,46.359195141121745,1422.3423334769905,712.6135374419391,18200,40,,7.3473173386245945,False,False,ok
Schirrmeister2017,development,normalized_update,fixed_spdsw_k40,fixed,uniform,False,2,6398,455,40,0.0,0.0009349811659962026,0.030577461732396994,,,,,0.00036001854771608465,7.347317338624595,0.0009349811659962026,0.0010603945385115662,0.004565809449569782,1.2018532991263627e-06,3.6888794541139367,39.99999999999999,0.025,0.125,6398,346310c81af8a1637413a81c7ade937200c1c5f9bdeacce3d835fc535a2a280c,full_tensor_sha256,cb8e9199ffc4501e753bbedf6ed380330e9ce652c0dd95f3972f712c3c9392c9,0.0,0.8616189006716013,0.0,0.4956698976457119,0.04352186806499958,0.8657621219754219,0.36756996996700764,2.6341427583247423,79.53036483377218,46.359195141121745,1424.9764762353152,712.6135374419391,18240,40,,7.3473173386245945,False,False,ok
Schirrmeister2017,development,normalized_update,fixed_spdsw_k40,fixed,uniform,False,2,6398,456,40,0.0,0.0001623711318032824,0.012742493154923897,,,,,0.000149707763907597,7.3473173386245945,0.0001623711318032824,0.00018338193384739734,0.0007899385075755333,8.623483364293993e-07,3.6888794541139367,39.99999999999999,0.025,0.125,6398,346310c81af8a1637413a81c7ade937200c1c5f9bdeacce3d835fc535a2a280c,full_tensor_sha256,cb8e9199ffc4501e753bbedf6ed380330e9ce652c0dd95f3972f712c3c9392c9,0.0,0.8614929392933846,0.0,0.49540004692971706,0.044353073462843895,0.831119017675519,0.37534721195697784,2.6077122893184423,79.53036483377218,46.359195141121745,1427.5841885246336,712.6135374419391,18280,40,,7.3473173386245945,False,False,ok
Schirrmeister2017,development,normalized_update,fixed_spdsw_k40,fixed,uniform,False,2,6398,457,40,0.0,0.0009349811659546772,0.030577461731717975,,,,,0.00036001854770913595,7.3473173386245945,0.0009349811659546772,0.001060394538610348,0.004565809450982221,1.2018533441212793e-06,3.6888794541139367,39.99999999999999,0.025,0.125,6398,346310c81af8a1637413a81c7ade937200c1c5f9bdeacce3d835fc535a2a280c,full_tensor_sha256,cb8e9199ffc4501e753bbedf6ed380330e9ce652c0dd95f3972f712c3c9392c9,0.0,0.8608780335634947,0.0,0.4877881146967411,0.04346785135567188,0.8779969066381454,0.36757905036211014,2.6377099566161633,79.53036483377218,46.359195141121745,1430.2218984812498,712.6135374419391,18320,40,,7.3473173386245945,False,False,ok
Schirrmeister2017,development,normalized_update,fixed_spdsw_k40,fixed,uniform,False,2,6398,458,40,0.0,0.00016237113182191042,0.012742493155654839,,,,,0.00014970776391729526,7.3473173386245945,0.00016237113182191042,0.0001833819338749285,0.0007899385077768041,8.623483393770524e-07,3.6888794541139367,39.99999999999999,0.025,0.125,6398,346310c81af8a1637413a81c7ade937200c1c5f9bdeacce3d835fc535a2a280c,full_tensor_sha256,cb8e9199ffc4501e753bbedf6ed380330e9ce652c0dd95f3972f712c3c9392c9,0.0,0.8601339068263769,0.0,0.4862148780375719,0.05190703086555004,0.8454530034214258,0.37592602893710136,2.619634848088026,79.53036483377218,46.359195141121745,1432.8415333293378,712.6135374419391,18360,40,,7.3473173386245945,False,False,ok
Schirrmeister2017,development,normalized_update,fixed_spdsw_k40,fixed,uniform,False,2,6398,459,40,0.0,0.0009349811659331598,0.030577461731366124,,,,,0.00036001854770604445,7.3473173386245945,0.0009349811659331598,0.0010603945386796544,0.004565809452202647,1.201853370087811e-06,3.6888794541139367,39.99999999999999,0.025,0.125,6398,346310c81af8a1637413a81c7ade937200c1c5f9bdeacce3d835fc535a2a280c,full_tensor_sha256,cb8e9199ffc4501e753bbedf6ed380330e9ce652c0dd95f3972f712c3c9392c9,0.0,0.8603879250586033,0.0,0.4912959411740303,0.04378287121653557,0.8252649568021297,0.36850315518677235,2.5892348494380713,79.53036483377218,46.359195141121745,1435.430768178776,712.6135374419391,18400,40,,7.3473173386245945,False,False,ok
Schirrmeister2017,development,normalized_update,fixed_spdsw_k40,fixed,uniform,False,2,6398,460,40,0.0,0.0001623711318335287,0.012742493156110727,,,,,0.00014970776392364026,7.347317338624595,0.0001623711318335287,0.0001833819339132925,0.0007899385081428926,8.6234834077881e-07,3.6888794541139367,39.99999999999999,0.025,0.125,6398,346310c81af8a1637413a81c7ade937200c1c5f9bdeacce3d835fc535a2a280c,full_tensor_sha256,cb8e9199ffc4501e753bbedf6ed380330e9ce652c0dd95f3972f712c3c9392c9,0.0,0.8670820388942957,0.0,0.5019370000809431,0.04412396810948849,0.8762062061578035,0.37123309448361397,2.660582307726145,79.53036483377218,46.359195141121745,1438.091350486502,712.6135374419391,18440,40,,7.3473173386245945,False,False,ok
Schirrmeister2017,development,normalized_update,fixed_spdsw_k40,fixed,uniform,False,2,6398,461,40,0.0,0.0009349811659144843,0.030577461731060743,,,,,0.0003600185477054168,7.347317338624595,0.0009349811659144843,0.0010603945387924845,0.0045658094536259325,1.201853356354235e-06,3.6888794541139367,39.99999999999999,0.025,0.125,6398,346310c81af8a1637413a81c7ade937200c1c5f9bdeacce3d835fc535a2a280c,full_tensor_sha256,cb8e9199ffc4501e753bbedf6ed380330e9ce652c0dd95f3972f712c3c9392c9,0.0,0.8605008479207754,0.0,0.4871359560638666,0.043767038732767105,0.8262761402875185,0.366829801350832,2.5845097843557596,79.53036483377218,46.359195141121745,1440.6758602708578,712.6135374419391,18480,40,,7.3473173386245945,False,False,ok
Schirrmeister2017,development,normalized_update,fixed_spdsw_k40,fixed,uniform,False,2,6398,462,40,0.0,0.00016237113184595963,0.0127424931565985,,,,,0.00014970776392993286,7.347317338624595,0.00016237113184595963,0.00018338193394247114,0.0007899385083938891,8.623483408829849e-07,3.6888794541139367,39.99999999999999,0.025,0.125,6398,346310c81af8a1637413a81c7ade937200c1c5f9bdeacce3d835fc535a2a280c,full_tensor_sha256,cb8e9199ffc4501e753bbedf6ed380330e9ce652c0dd95f3972f712c3c9392c9,0.0,0.8614188991487026,0.0,0.48662000335752964,0.04378287121653557,0.8343399967998266,0.37143612280488014,2.5975978933274746,79.53036483377218,46.359195141121745,1443.2734581641853,712.6135374419391,18520,40,,7.3473173386245945,False,False,ok
Schirrmeister2017,development,normalized_update,fixed_spdsw_k40,fixed,uniform,False,2,6398,463,40,0.0,0.0009349811658986079,0.030577461730801135,,,,,0.0003600185477041951,7.3473173386245945,0.0009349811658986079,0.0010603945388409771,0.004565809454670452,1.2018533274932e-06,3.6888794541139367,39.99999999999999,0.025,0.125,6398,346310c81af8a1637413a81c7ade937200c1c5f9bdeacce3d835fc535a2a280c,full_tensor_sha256,cb8e9199ffc4501e753bbedf6ed380330e9ce652c0dd95f3972f712c3c9392c9,0.0,0.8638130966573954,0.0,0.49318792298436165,0.04434306174516678,0.8750678971409798,0.3742370754480362,2.6506490539759398,79.53036483377218,46.359195141121745,1445.9241072181612,712.6135374419391,18560,40,,7.3473173386245945,False,False,ok
Schirrmeister2017,development,normalized_update,fixed_spdsw_k40,fixed,uniform,False,2,6398,464,40,0.0,0.0001623711318537802,0.012742493156905371,,,,,0.00014970776393309932,7.347317338624593,0.0001623711318537802,0.0001833819339689204,0.000789938508648813,8.623483342888564e-07,3.6888794541139367,39.99999999999999,0.025,0.125,6398,346310c81af8a1637413a81c7ade937200c1c5f9bdeacce3d835fc535a2a280c,full_tensor_sha256,cb8e9199ffc4501e753bbedf6ed380330e9ce652c0dd95f3972f712c3c9392c9,0.0,0.862176064401865,0.0,0.5034981295466423,0.04434003494679928,0.8640920277684927,0.3689138684421778,2.643020125105977,79.53036483377218,46.359195141121745,1448.5671273432672,712.6135374419391,18600,40,,7.3473173386245945,False,False,ok
Schirrmeister2017,development,normalized_update,fixed_spdsw_k40,fixed,uniform,False,2,6398,465,40,0.0,0.0009349811658739955,0.030577461730398676,,,,,0.00036001854769829636,7.347317338624595,0.0009349811658739955,0.001060394538921496,0.004565809455630442,1.201853301996899e-06,3.6888794541139367,39.99999999999999,0.025,0.125,6398,346310c81af8a1637413a81c7ade937200c1c5f9bdeacce3d835fc535a2a280c,full_tensor_sha256,cb8e9199ffc4501e753bbedf6ed380330e9ce652c0dd95f3972f712c3c9392c9,0.0,0.865607988089323,0.0,0.4952140152454376,0.04457496106624603,0.8331711869686842,0.36772596649825573,2.6062941178679466,79.53036483377218,46.359195141121745,1451.1734214611351,712.6135374419391,18640,40,,7.3473173386245945,False,False,ok
Schirrmeister2017,development,normalized_update,fixed_spdsw_k40,fixed,uniform,False,2,6398,466,40,0.0,0.00016237113186482407,0.012742493157338719,,,,,0.000149707763938785,7.3473173386245945,0.00016237113186482407,0.00018338193398887074,0.0007899385087838407,8.623483332480231e-07,3.6888794541139367,39.99999999999999,0.025,0.125,6398,346310c81af8a1637413a81c7ade937200c1c5f9bdeacce3d835fc535a2a280c,full_tensor_sha256,cb8e9199ffc4501e753bbedf6ed380330e9ce652c0dd95f3972f712c3c9392c9,0.0,0.8634310215711594,0.0,0.4880218766629696,0.0453731045126915,0.8634349796921015,0.3713930491358042,2.631654031574726,79.53036483377218,46.359195141121745,1453.8050754927099,712.6135374419391,18680,40,,7.3473173386245945,False,False,ok
Schirrmeister2017,development,normalized_update,fixed_spdsw_k40,fixed,uniform,False,2,6398,467,40,0.0,0.0009349811658525043,0.030577461730047252,,,,,0.00036001854769483337,7.3473173386245945,0.0009349811658525043,0.001060394538937899,0.004565809456199412,1.2018532842660613e-06,3.6888794541139367,39.99999999999999,0.025,0.125,6398,346310c81af8a1637413a81c7ade937200c1c5f9bdeacce3d835fc535a2a280c,full_tensor_sha256,cb8e9199ffc4501e753bbedf6ed380330e9ce652c0dd95f3972f712c3c9392c9,0.0,0.8615308906883001,0.0,0.4843559581786394,0.04432094283401966,0.8752818685024977,0.36771688610315323,2.63320654630661,79.53036483377218,46.359195141121745,1456.4382820390165,712.6135374419391,18720,40,,7.3473173386245945,False,False,ok
Schirrmeister2017,development,normalized_update,fixed_spdsw_k40,fixed,uniform,False,2,6398,468,40,0.0,0.00016237113187488676,0.012742493157733566,,,,,0.00014970776394332885,7.347317338624595,0.00016237113187488676,0.00018338193401078173,0.0007899385090072136,8.623483287196821e-07,3.6888794541139367,39.99999999999999,0.025,0.125,6398,346310c81af8a1637413a81c7ade937200c1c5f9bdeacce3d835fc535a2a280c,full_tensor_sha256,cb8e9199ffc4501e753bbedf6ed380330e9ce652c0dd95f3972f712c3c9392c9,0.0,0.8603851310908794,0.0,0.4981420934200287,0.05319993942975998,0.9064481128007174,0.37420005537569523,2.6923753321170807,79.53036483377218,46.359195141121745,1459.1306573711336,712.6135374419391,18760,40,,7.3473173386245945,False,False,ok
Schirrmeister2017,development,normalized_update,fixed_spdsw_k40,fixed,uniform,False,2,6398,469,40,0.0,0.0009349811658314238,0.030577461729702545,,,,,0.0003600185476911216,7.347317338624595,0.0009349811658314238,0.0010603945389243963,0.004565809456527908,1.2018532760901355e-06,3.6888794541139367,39.99999999999999,0.025,0.125,6398,346310c81af8a1637413a81c7ade937200c1c5f9bdeacce3d835fc535a2a280c,full_tensor_sha256,cb8e9199ffc4501e753bbedf6ed380330e9ce652c0dd95f3972f712c3c9392c9,0.0,0.8632270619273186,0.0,0.5005409475415945,0.04465109668672085,0.8574409876018763,0.3684039693325758,2.634264063090086,79.53036483377218,46.359195141121745,1461.7649214342237,712.6135374419391,18800,40,,7.3473173386245945,False,False,ok
Schirrmeister2017,development,normalized_update,fixed_spdsw_k40,fixed,uniform,False,2,6398,470,40,0.0,0.0001623711318846113,0.012742493158115147,,,,,0.00014970776394780184,7.3473173386245945,0.0001623711318846113,0.00018338193400800756,0.0007899385089876328,8.623483254950796e-07,3.6888794541139367,39.99999999999999,0.025,0.125,6398,346310c81af8a1637413a81c7ade937200c1c5f9bdeacce3d835fc535a2a280c,full_tensor_sha256,cb8e9199ffc4501e753bbedf6ed380330e9ce652c0dd95f3972f712c3c9392c9,0.0,0.8625439368188381,0.0,0.49331714399158955,0.04440103657543659,0.838420120999217,0.3690579906105995,2.607740228995681,79.53036483377218,46.359195141121745,1464.3726616632193,712.6135374419391,18840,40,,7.3473173386245945,False,False,ok
Schirrmeister2017,development,normalized_update,fixed_spdsw_k40,fixed,uniform,False,2,6398,471,40,0.0,0.0009349811658040206,0.03057746172925445,,,,,0.00036001854768579096,7.3473173386245945,0.0009349811658040206,0.0010603945388737493,0.004565809456395543,1.2018532750455919e-06,3.6888794541139367,39.99999999999999,0.025,0.125,6398,346310c81af8a1637413a81c7ade937200c1c5f9bdeacce3d835fc535a2a280c,full_tensor_sha256,cb8e9199ffc4501e753bbedf6ed380330e9ce652c0dd95f3972f712c3c9392c9,0.0,0.8610759396106005,0.0,0.48562511801719666,0.0431528314948082,0.8300431072711945,0.3671571612358093,2.587054157629609,79.53036483377218,46.359195141121745,1466.959715820849,712.6135374419391,18880,40,,7.3473173386245945,False,False,ok
Schirrmeister2017,development,normalized_update,fixed_spdsw_k40,fixed,uniform,False,2,6398,472,40,0.0,0.00016237113189468945,0.0127424931585106,,,,,0.00014970776395117362,7.3473173386245945,0.00016237113189468945,0.00018338193403523128,0.0007899385091494462,8.623483208271983e-07,3.6888794541139367,39.99999999999999,0.025,0.125,6398,346310c81af8a1637413a81c7ade937200c1c5f9bdeacce3d835fc535a2a280c,full_tensor_sha256,cb8e9199ffc4501e753bbedf6ed380330e9ce652c0dd95f3972f712c3c9392c9,0.0,0.8633499965071678,0.0,0.48525421880185604,0.04369509406387806,0.8468190208077431,0.3723530098795891,2.611471340060234,79.53036483377218,46.359195141121745,1469.5711871609092,712.6135374419391,18920,40,,7.3473173386245945,False,False,ok
Schirrmeister2017,development,normalized_update,fixed_spdsw_k40,fixed,uniform,False,2,6398,473,40,0.0,0.0009349811657594648,0.03057746172852588,,,,,0.0003600185476745503,7.3473173386245945,0.0009349811657594648,0.0010603945388846648,0.004565809456388164,1.2018532778373311e-06,3.6888794541139367,39.99999999999999,0.025,0.125,6398,346310c81af8a1637413a81c7ade937200c1c5f9bdeacce3d835fc535a2a280c,full_tensor_sha256,cb8e9199ffc4501e753bbedf6ed380330e9ce652c0dd95f3972f712c3c9392c9,0.0,0.8631979580968618,0.0,0.49378909170627594,0.04588393494486809,0.8771361317485571,0.3680179361253977,2.6480250526219606,79.53036483377218,46.359195141121745,1472.2192122135311,712.6135374419391,18960,40,,7.3473173386245945,False,False,ok
Schirrmeister2017,development,normalized_update,fixed_spdsw_k40,fixed,uniform,False,2,6398,474,40,0.0,0.0001623711319106567,0.012742493159137136,,,,,0.0001497077639600528,7.3473173386245945,0.0001623711319106567,0.00018338193404080915,0.0007899385090907635,8.623483276686951e-07,3.6888794541139367,39.99999999999999,0.025,0.125,6398,346310c81af8a1637413a81c7ade937200c1c5f9bdeacce3d835fc535a2a280c,full_tensor_sha256,cb8e9199ffc4501e753bbedf6ed380330e9ce652c0dd95f3972f712c3c9392c9,0.0,0.8624668698757887,0.0,0.49767480231821537,0.04367390647530556,0.8298340253531933,0.36911689676344395,2.602766500785947,79.53036483377218,46.359195141121745,1474.821978714317,712.6135374419391,19000,40,,7.3473173386245945,False,False,ok
Schirrmeister2017,development,normalized_update,fixed_spdsw_k40,fixed,uniform,False,2,6398,475,40,0.0,0.0009349811657462003,0.03057746172830898,92.03054252207174,0.9986644312821231,0.1335568717876864,0.1335568717876864,0.00036001854767516583,7.3473173386245945,0.0009349811657462003,0.0010603945388025205,0.004565809455856424,1.2018532833229276e-06,3.6888794541139367,39.99999999999999,0.025,0.125,6398,346310c81af8a1637413a81c7ade937200c1c5f9bdeacce3d835fc535a2a280c,full_tensor_sha256,cb8e9199ffc4501e753bbedf6ed380330e9ce652c0dd95f3972f712c3c9392c9,0.0,0.8612070232629776,0.0,0.49538002349436283,0.042967963963747025,0.8309390395879745,0.36663515493273735,2.5971292052417994,79.53036483377218,46.359195141121745,1477.4191079195589,742.5412475131452,19040,40,,7.3473173386245945,False,False,ok
Schirrmeister2017,development,normalized_update,fixed_spdsw_k40,fixed,uniform,False,2,6398,476,40,0.0,0.00016237113191977558,0.012742493159494949,,,,,0.0001497077639636159,7.3473173386245945,0.00016237113191977558,0.00018338193405835826,0.0007899385092184057,8.623483244311077e-07,3.6888794541139367,39.99999999999999,0.025,0.125,6398,346310c81af8a1637413a81c7ade937200c1c5f9bdeacce3d835fc535a2a280c,full_tensor_sha256,cb8e9199ffc4501e753bbedf6ed380330e9ce652c0dd95f3972f712c3c9392c9,0.0,0.8749379776418209,0.0,0.5274559371173382,0.04659779369831085,1.2816321104764938,0.37790415808558464,3.1085279770195484,79.53036483377218,46.359195141121745,1480.5276358965784,742.5412475131452,19080,40,,7.3473173386245945,False,False,ok
Schirrmeister2017,development,normalized_update,fixed_spdsw_k40,fixed,uniform,False,2,6398,477,40,0.0,0.0009349811657148162,0.03057746172779579,,,,,0.0003600185476670883,7.347317338624595,0.0009349811657148162,0.0010603945387971788,0.004565809456113545,1.2018532780544708e-06,3.6888794541139367,39.99999999999999,0.025,0.125,6398,346310c81af8a1637413a81c7ade937200c1c5f9bdeacce3d835fc535a2a280c,full_tensor_sha256,cb8e9199ffc4501e753bbedf6ed380330e9ce652c0dd95f3972f712c3c9392c9,0.0,0.8631921373307705,0.0,0.5086860619485378,0.04530604928731918,0.8706150110810995,0.3696880303323269,2.657487289980054,79.53036483377218,46.359195141121745,1483.1851231865585,742.5412475131452,19120,40,,7.3473173386245945,False,False,ok
Schirrmeister2017,development,normalized_update,fixed_spdsw_k40,fixed,uniform,False,2,6398,478,40,0.0,0.00016237113193084734,0.012742493159929391,,,,,0.00014970776396697807,7.3473173386245945,0.00016237113193084734,0.00018338193406451683,0.000789938509209231,8.623483273429996e-07,3.6888794541139367,39.99999999999999,0.025,0.125,6398,346310c81af8a1637413a81c7ade937200c1c5f9bdeacce3d835fc535a2a280c,full_tensor_sha256,cb8e9199ffc4501e753bbedf6ed380330e9ce652c0dd95f3972f712c3c9392c9,0.0,0.8653101976960897,0.0,0.5021439865231514,0.04537799395620823,0.8724560029804707,0.3737751394510269,2.659063320606947,79.53036483377218,46.359195141121745,1485.8441865071654,742.5412475131452,19160,40,,7.3473173386245945,False,False,ok
Schirrmeister2017,development,normalized_update,fixed_spdsw_k40,fixed,uniform,False,2,6398,479,40,0.0,0.0009349811656632925,0.03057746172695328,,,,,0.00036001854765467533,7.347317338624595,0.0009349811656632925,0.0010603945386867982,0.004565809455732945,1.2018532909036188e-06,3.6888794541139367,39.99999999999999,0.025,0.125,6398,346310c81af8a1637413a81c7ade937200c1c5f9bdeacce3d835fc535a2a280c,full_tensor_sha256,cb8e9199ffc4501e753bbedf6ed380330e9ce652c0dd95f3972f712c3c9392c9,0.0,0.8633779361844063,0.0,0.49222796224057674,0.04401686601340771,0.8389998693019152,0.3693290054798126,2.6079516392201185,79.53036483377218,46.359195141121745,1488.4521381463856,742.5412475131452,19200,40,,7.3473173386245945,False,False,ok
Schirrmeister2017,development,normalized_update,fixed_spdsw_k40,fixed,uniform,False,2,6398,480,40,0.0,0.00016237113194831913,0.012742493160614963,,,,,0.00014970776397558552,7.347317338624595,0.00016237113194831913,0.0001833819340816375,0.0007899385093832498,8.623483254895258e-07,3.6888794541139367,39.99999999999999,0.025,0.125,6398,346310c81af8a1637413a81c7ade937200c1c5f9bdeacce3d835fc535a2a280c,full_tensor_sha256,cb8e9199ffc4501e753bbedf6ed380330e9ce652c0dd95f3972f712c3c9392c9,0.0,0.8625618647783995,0.0,0.48994203098118305,0.05158502608537674,0.8355758618563414,0.37633394822478294,2.6159987319260836,79.53036483377218,46.359195141121745,1491.0681368783116,742.5412475131452,19240,40,,7.3473173386245945,False,False,ok
Schirrmeister2017,development,normalized_update,fixed_spdsw_k40,fixed,uniform,False,2,6398,481,40,0.0,0.0009349811656266466,0.030577461726354047,,,,,0.0003600185476484003,7.347317338624595,0.0009349811656266466,0.0010603945386550029,0.004565809455648414,1.201853292372356e-06,3.6888794541139367,39.99999999999999,0.025,0.125,6398,346310c81af8a1637413a81c7ade937200c1c5f9bdeacce3d835fc535a2a280c,full_tensor_sha256,cb8e9199ffc4501e753bbedf6ed380330e9ce652c0dd95f3972f712c3c9392c9,0.0,0.86261797696352,0.0,0.49817305989563465,0.0439169816672802,0.8277110755443573,0.3689369186758995,2.6013560127466917,79.53036483377218,46.359195141121745,1493.6694928910583,742.5412475131452,19280,40,,7.3473173386245945,False,False,ok
Schirrmeister2017,development,normalized_update,fixed_spdsw_k40,fixed,uniform,False,2,6398,482,40,0.0,0.0001623711319661878,0.012742493161316109,,,,,0.00014970776398624025,7.3473173386245945,0.0001623711319661878,0.00018338193409675775,0.0007899385093600045,8.623483278211854e-07,3.6888794541139367,39.99999999999999,0.025,0.125,6398,346310c81af8a1637413a81c7ade937200c1c5f9bdeacce3d835fc535a2a280c,full_tensor_sha256,cb8e9199ffc4501e753bbedf6ed380330e9ce652c0dd95f3972f712c3c9392c9,0.0,0.8665909990668297,0.0,0.496092950925231,0.04408392123878002,0.864122062921524,0.3694978076964617,2.6403877418488264,79.53036483377218,46.359195141121745,1496.3098806329072,742.5412475131452,19320,40,,7.3473173386245945,False,False,ok
Schirrmeister2017,development,normalized_update,fixed_spdsw_k40,fixed,uniform,False,2,6398,483,40,0.0,0.0009349811656163596,0.030577461726185834,,,,,0.0003600185476500464,7.3473173386245945,0.0009349811656163596,0.001060394538611588,0.004565809455150015,1.201853281571367e-06,3.6888794541139367,39.99999999999999,0.025,0.125,6398,346310c81af8a1637413a81c7ade937200c1c5f9bdeacce3d835fc535a2a280c,full_tensor_sha256,cb8e9199ffc4501e753bbedf6ed380330e9ce652c0dd95f3972f712c3c9392c9,0.0,0.8626850321888924,0.0,0.49516488797962666,0.044795917347073555,0.8374571334570646,0.3698519431054592,2.6099549140781164,79.53036483377218,46.359195141121745,1498.9198355469853,742.5412475131452,19360,40,,7.3473173386245945,False,False,ok
Schirrmeister2017,development,normalized_update,fixed_spdsw_k40,fixed,uniform,False,2,6398,484,40,0.0,0.00016237113197430125,0.01274249316163447,,,,,0.00014970776398804593,7.347317338624594,0.00016237113197430125,0.00018338193411800139,0.0007899385094882369,8.623483223117726e-07,3.6888794541139367,39.99999999999999,0.025,0.125,6398,346310c81af8a1637413a81c7ade937200c1c5f9bdeacce3d835fc535a2a280c,full_tensor_sha256,cb8e9199ffc4501e753bbedf6ed380330e9ce652c0dd95f3972f712c3c9392c9,0.0,0.862527871504426,0.0,0.49635604955255985,0.04447903484106064,0.8363639935851097,0.36884890869259834,2.6085758581757545,79.53036483377218,46.359195141121745,1501.528411405161,742.5412475131452,19400,40,,7.3473173386245945,False,False,ok
Schirrmeister2017,development,normalized_update,fixed_spdsw_k40,fixed,uniform,False,2,6398,485,40,0.0,0.0009349811655670157,0.03057746172537897,,,,,0.0003600185476370229,7.347317338624593,0.0009349811655670157,0.0010603945386260564,0.004565809455717808,1.201853266517555e-06,3.6888794541139367,39.99999999999999,0.025,0.125,6398,346310c81af8a1637413a81c7ade937200c1c5f9bdeacce3d835fc535a2a280c,full_tensor_sha256,cb8e9199ffc4501e753bbedf6ed380330e9ce652c0dd95f3972f712c3c9392c9,0.0,0.8602580055594444,0.0,0.4843908827751875,0.04401104524731636,0.8502898272126913,0.37207803688943386,2.6110277976840734,79.53036483377218,46.359195141121745,1504.139439202845,742.5412475131452,19440,40,,7.3473173386245945,False,False,ok
Schirrmeister2017,development,normalized_update,fixed_spdsw_k40,fixed,uniform,False,2,6398,486,40,0.0,0.00016237113199058808,0.012742493162273546,,,,,0.0001497077639951875,7.347317338624595,0.00016237113199058808,0.00018338193413224463,0.0007899385096353376,8.623483240224596e-07,3.6888794541139367,39.99999999999999,0.025,0.125,6398,346310c81af8a1637413a81c7ade937200c1c5f9bdeacce3d835fc535a2a280c,full_tensor_sha256,cb8e9199ffc4501e753bbedf6ed380330e9ce652c0dd95f3972f712c3c9392c9,0.0,0.8594859391450882,0.0,0.49342098645865917,0.042933039367198944,0.8253240957856178,0.3721339162439108,2.593297977000475,79.53036483377218,46.359195141121745,1506.7327371798456,742.5412475131452,19480,40,,7.3473173386245945,False,False,ok
Schirrmeister2017,development,normalized_update,fixed_spdsw_k40,fixed,uniform,False,2,6398,487,40,0.0,0.000934981165517324,0.030577461724566414,,,,,0.0003600185476269393,7.3473173386245945,0.000934981165517324,0.0010603945385770366,0.004565809455861438,1.2018532907755587e-06,3.6888794541139367,39.99999999999999,0.025,0.125,6398,346310c81af8a1637413a81c7ade937200c1c5f9bdeacce3d835fc535a2a280c,full_tensor_sha256,cb8e9199ffc4501e753bbedf6ed380330e9ce652c0dd95f3972f712c3c9392c9,0.0,0.862987944856286,0.0,0.5043298006057739,0.04507601261138916,0.8675230201333761,0.36725704558193684,2.647173823788762,79.53036483377218,46.359195141121745,1509.3799110036343,742.5412475131452,19520,40,,7.3473173386245945,False,False,ok
Schirrmeister2017,development,normalized_update,fixed_spdsw_k40,fixed,uniform,False,2,6398,488,40,0.0,0.00016237113200919927,0.012742493163003826,,,,,0.00014970776400420567,7.3473173386245945,0.00016237113200919927,0.00018338193416757927,0.0007899385098269842,8.623483241715252e-07,3.6888794541139367,39.99999999999999,0.025,0.125,6398,346310c81af8a1637413a81c7ade937200c1c5f9bdeacce3d835fc535a2a280c,full_tensor_sha256,cb8e9199ffc4501e753bbedf6ed380330e9ce652c0dd95f3972f712c3c9392c9,0.0,0.8635229896754026,0.0,0.4900190979242325,0.04417402669787407,0.8269899990409613,0.3683499526232481,2.5930560659617186,79.53036483377218,46.359195141121745,1511.972967069596,742.5412475131452,19560,40,,7.3473173386245945,False,False,ok
Schirrmeister2017,development,normalized_update,fixed_spdsw_k40,fixed,uniform,False,2,6398,489,40,0.0,0.0009349811654783974,0.03057746172392989,,,,,0.0003600185476190516,7.3473173386245945,0.0009349811654783974,0.0010603945385625766,0.004565809455427373,1.2018533663048507e-06,3.6888794541139367,39.99999999999999,0.025,0.125,6398,346310c81af8a1637413a81c7ade937200c1c5f9bdeacce3d835fc535a2a280c,full_tensor_sha256,cb8e9199ffc4501e753bbedf6ed380330e9ce652c0dd95f3972f712c3c9392c9,0.0,0.8635830599814653,0.0,0.4879208281636238,0.044272979721426964,0.83358702249825,0.36485702730715275,2.594220917671919,79.53036483377218,46.359195141121745,1514.567187987268,742.5412475131452,19600,40,,7.3473173386245945,False,False,ok
Schirrmeister2017,development,normalized_update,fixed_spdsw_k40,fixed,uniform,False,2,6398,490,40,0.0,0.00016237113202676538,0.0127424931636931,,,,,0.00014970776401324664,7.347317338624594,0.00016237113202676538,0.0001833819341706946,0.0007899385096475178,8.623483274999856e-07,3.6888794541139367,39.99999999999999,0.025,0.125,6398,346310c81af8a1637413a81c7ade937200c1c5f9bdeacce3d835fc535a2a280c,full_tensor_sha256,cb8e9199ffc4501e753bbedf6ed380330e9ce652c0dd95f3972f712c3c9392c9,0.0,0.861641950905323,0.0,0.4861911293119192,0.04326505586504936,0.8554540108889341,0.36852387711405754,2.6150760240852833,79.53036483377218,46.359195141121745,1517.1822640113533,742.5412475131452,19640,40,,7.3473173386245945,False,False,ok
Schirrmeister2017,development,normalized_update,fixed_spdsw_k40,fixed,uniform,False,2,6398,491,40,0.0,0.0009349811654627447,0.030577461723673937,,,,,0.00036001854761937783,7.3473173386245945,0.0009349811654627447,0.001060394538477574,0.004565809454431049,1.2018534161284876e-06,3.6888794541139367,39.99999999999999,0.025,0.125,6398,346310c81af8a1637413a81c7ade937200c1c5f9bdeacce3d835fc535a2a280c,full_tensor_sha256,cb8e9199ffc4501e753bbedf6ed380330e9ce652c0dd95f3972f712c3c9392c9,0.0,0.8632179815322161,0.0,0.49510388635098934,0.04544598050415516,0.8287928067147732,0.3783188294619322,2.610879484564066,79.53036483377218,46.359195141121745,1519.7931434959173,742.5412475131452,19680,40,,7.3473173386245945,False,False,ok
Schirrmeister2017,development,normalized_update,fixed_spdsw_k40,fixed,uniform,False,2,6398,492,40,0.0,0.00016237113203625866,0.012742493164065604,,,,,0.00014970776401735669,7.3473173386245945,0.00016237113203625866,0.0001833819341949832,0.000789938509786151,8.623483255341915e-07,3.6888794541139367,39.99999999999999,0.025,0.125,6398,346310c81af8a1637413a81c7ade937200c1c5f9bdeacce3d835fc535a2a280c,full_tensor_sha256,cb8e9199ffc4501e753bbedf6ed380330e9ce652c0dd95f3972f712c3c9392c9,0.0,0.8599769789725542,0.0,0.49717118963599205,0.04464294761419296,0.8257660083472729,0.3689138684421778,2.59647099301219,79.53036483377218,46.359195141121745,1522.3896144889295,742.5412475131452,19720,40,,7.3473173386245945,False,False,ok
Schirrmeister2017,development,normalized_update,fixed_spdsw_k40,fixed,uniform,False,2,6398,493,40,0.0,0.0009349811654301032,0.030577461723140187,,,,,0.00036001854761131446,7.347317338624595,0.0009349811654301032,0.0010603945385127592,0.004565809454769138,1.2018533889178803e-06,3.6888794541139367,39.99999999999999,0.025,0.125,6398,346310c81af8a1637413a81c7ade937200c1c5f9bdeacce3d835fc535a2a280c,full_tensor_sha256,cb8e9199ffc4501e753bbedf6ed380330e9ce652c0dd95f3972f712c3c9392c9,0.0,0.8672969415783882,0.0,0.5009698215872049,0.04446902312338352,0.8414699696004391,0.3674670588225126,2.6216728147119284,79.53036483377218,46.359195141121745,1525.0112873036414,742.5412475131452,19760,40,,7.3473173386245945,False,False,ok
Schirrmeister2017,development,normalized_update,fixed_spdsw_k40,fixed,uniform,False,2,6398,494,40,0.0,0.00016237113204852914,0.012742493164547083,,,,,0.00014970776402414254,7.3473173386245945,0.00016237113204852914,0.00018338193420351856,0.0007899385097651537,8.62348324691479e-07,3.6888794541139367,39.99999999999999,0.025,0.125,6398,346310c81af8a1637413a81c7ade937200c1c5f9bdeacce3d835fc535a2a280c,full_tensor_sha256,cb8e9199ffc4501e753bbedf6ed380330e9ce652c0dd95f3972f712c3c9392c9,0.0,0.8628810755908489,0.0,0.49602403305470943,0.04409882239997387,0.8607101626694202,0.36935205571353436,2.633066149428487,79.53036483377218,46.359195141121745,1527.64435345307,742.5412475131452,19800,40,,7.3473173386245945,False,False,ok
Schirrmeister2017,development,normalized_update,fixed_spdsw_k40,fixed,uniform,False,2,6398,495,40,0.0,0.0009349811654203795,0.030577461722981186,,,,,0.00036001854761247103,7.347317338624595,0.0009349811654203795,0.0010603945384704049,0.004565809454307592,1.2018533647805757e-06,3.6888794541139367,39.99999999999999,0.025,0.125,6398,346310c81af8a1637413a81c7ade937200c1c5f9bdeacce3d835fc535a2a280c,full_tensor_sha256,cb8e9199ffc4501e753bbedf6ed380330e9ce652c0dd95f3972f712c3c9392c9,0.0,0.8625658228993416,0.0,0.4881019704043865,0.0438690185546875,0.8464979473501444,0.37197303026914597,2.613007789477706,79.53036483377218,46.359195141121745,1530.2573612425476,742.5412475131452,19840,40,,7.3473173386245945,False,False,ok
Schirrmeister2017,development,normalized_update,fixed_spdsw_k40,fixed,uniform,False,2,6398,496,40,0.0,0.0001623711320577189,0.012742493164907678,,,,,0.00014970776402822598,7.3473173386245945,0.0001623711320577189,0.00018338193422082216,0.0007899385098787356,8.623483188237037e-07,3.6888794541139367,39.99999999999999,0.025,0.125,6398,346310c81af8a1637413a81c7ade937200c1c5f9bdeacce3d835fc535a2a280c,full_tensor_sha256,cb8e9199ffc4501e753bbedf6ed380330e9ce652c0dd95f3972f712c3c9392c9,0.0,0.859375111758709,0.0,0.48545002937316895,0.04301685839891434,0.8399311918765306,0.3802170976996422,2.607990289106965,79.53036483377218,46.359195141121745,1532.8653515316546,742.5412475131452,19880,40,,7.3473173386245945,False,False,ok
Schirrmeister2017,development,normalized_update,fixed_spdsw_k40,fixed,uniform,False,2,6398,497,40,0.0,0.0009349811653963175,0.030577461722587726,,,,,0.00036001854760733153,7.3473173386245945,0.0009349811653963175,0.0010603945384639536,0.004565809454401219,1.2018533306837798e-06,3.6888794541139367,39.99999999999999,0.025,0.125,6398,346310c81af8a1637413a81c7ade937200c1c5f9bdeacce3d835fc535a2a280c,full_tensor_sha256,cb8e9199ffc4501e753bbedf6ed380330e9ce652c0dd95f3972f712c3c9392c9,0.0,0.8597371634095907,0.0,0.500441063195467,0.04449114203453064,0.8318012114614248,0.3686188720166683,2.6050894521176815,79.53036483377218,46.359195141121745,1535.4704409837723,742.5412475131452,19920,40,,7.3473173386245945,False,False,ok
Schirrmeister2017,development,normalized_update,fixed_spdsw_k40,fixed,uniform,False,2,6398,498,40,0.0,0.00016237113206723437,0.012742493165281053,,,,,0.00014970776403199184,7.3473173386245945,0.00016237113206723437,0.0001833819342272476,0.0007899385099216184,8.623483178478499e-07,3.6888794541139367,39.99999999999999,0.025,0.125,6398,346310c81af8a1637413a81c7ade937200c1c5f9bdeacce3d835fc535a2a280c,full_tensor_sha256,cb8e9199ffc4501e753bbedf6ed380330e9ce652c0dd95f3972f712c3c9392c9,0.0,0.8614540565758944,0.0,0.4972319584339857,0.043459003791213036,0.8277699816972017,0.3701781388372183,2.600093139335513,79.53036483377218,46.359195141121745,1538.0705341231078,742.5412475131452,19960,40,,7.3473173386245945,False,False,ok
Schirrmeister2017,development,normalized_update,fixed_spdsw_k40,fixed,uniform,False,2,6398,499,40,0.0,0.0009349811653656614,0.03057746172208644,,,,,0.00036001854760106056,7.347317338624594,0.0009349811653656614,0.0010603945384159718,0.004565809454542228,1.201853308257591e-06,3.6888794541139367,39.99999999999999,0.025,0.125,6398,346310c81af8a1637413a81c7ade937200c1c5f9bdeacce3d835fc535a2a280c,full_tensor_sha256,cb8e9199ffc4501e753bbedf6ed380330e9ce652c0dd95f3972f712c3c9392c9,0.0,0.8610151708126068,0.0,0.4913448356091976,0.04398101009428501,0.8846339769661427,0.37131994031369686,2.652294933795929,79.53036483377218,46.359195141121745,1540.7228290569037,742.5412475131452,20000,40,,7.3473173386245945,False,False,ok
Schirrmeister2017,development,normalized_update,fixed_spdsw_k40,fixed,uniform,False,2,6398,500,40,0.0,0.00016237113207871745,0.012742493165731636,92.05793960168243,0.9989617292027743,0.10382707972257649,0.10382707972257649,0.00014970776403657878,7.3473173386245945,0.00016237113207871745,0.0001833819342441295,0.0007899385101262464,8.623483129061331e-07,3.6888794541139367,39.99999999999999,0.025,0.125,6398,346310c81af8a1637413a81c7ade937200c1c5f9bdeacce3d835fc535a2a280c,full_tensor_sha256,cb8e9199ffc4501e753bbedf6ed380330e9ce652c0dd95f3972f712c3c9392c9,0.0,0.8615220431238413,0.0,0.5009730812162161,0.04393095150589943,0.8426490239799023,0.37030898965895176,2.619384089484811,79.53036483377218,46.359195141121745,1543.3422131463885,773.4984995331615,20040,40,,7.3473173386245945,False,False,ok
