dataset,subject,seed,control,method,family,L,epoch,direction_seed,training_power_loss,rooted_distance,lew,gap_closure_pct,gradient_norm,update_norm,mean_h,std_h,max_h,entropy,kl_uniform,ess,beta_star,achieved_kl,active_tail_count,aggregation_seconds,optimization_seconds_cum,evaluation_seconds_cum,wall_seconds_cum,cumulative_ambient_projections,learning_rate,normalized_step_target,nan,diverged,status
Schirrmeister2017,1,6398,normalized,spdsw_l40,sw,40,0,6398,,,99.47222961282489,0.0,,,,,,,,,,,,0.0,0.0,0.009448362980037928,0.0,0,,7.3473173386245945,False,False,initial
Schirrmeister2017,1,6398,normalized,spdsw_l40,sw,40,1,6398,0.0017129955774770626,0.04138835074603798,,,0.0007347317338624595,7.347317338624593,0.0017129955774770626,0.0018891399152662102,0.009172689902208438,3.6888794541139367,0.0,39.99999999999999,,,,0.00021562702022492886,0.002224921016022563,0.009448362980037928,0.002224921016022563,40,,7.3473173386245945,False,False,mean
Schirrmeister2017,1,6398,normalized,spdsw_l40,sw,40,2,6399,0.0023385588865147367,0.04835864851828199,,,0.0008495949433519281,7.3473173386245945,0.0023385588865147367,0.00273582135976322,0.012384576403378401,3.6888794541139367,0.0,39.99999999999999,,,,0.00018298905342817307,0.00405970704741776,0.009448362980037928,0.00405970704741776,80,,7.3473173386245945,False,False,mean
Schirrmeister2017,1,6398,normalized,spdsw_l40,sw,40,3,6401,0.002031873156503539,0.04507630371385323,,,0.0007961711678974297,7.347317338624595,0.002031873156503539,0.002719728553064487,0.013543611648967654,3.6888794541139367,0.0,39.99999999999999,,,,0.00017378805205225945,0.005815782118588686,0.009448362980037928,0.005815782118588686,120,,7.3473173386245945,False,False,mean
Schirrmeister2017,1,6398,normalized,spdsw_l40,sw,40,4,6404,0.0021188692174845523,0.04603117658157949,,,0.0008221978281143211,7.3473173386245945,0.0021188692174845523,0.00239989599373885,0.010071395442248759,3.6888794541139367,0.0,39.99999999999999,,,,0.0001710238866508007,0.007558363024145365,0.009448362980037928,0.007558363024145365,160,,7.3473173386245945,False,False,mean
Schirrmeister2017,1,6398,normalized,spdsw_l40,sw,40,5,6408,0.0024684061229817396,0.04968305669925855,,,0.0008870910534545178,7.3473173386245945,0.0024684061229817396,0.0038700951824157757,0.021210410346192705,3.6888794541139367,0.0,39.99999999999999,,,,0.00017186999320983887,0.009291003923863173,0.009448362980037928,0.009291003923863173,200,,7.3473173386245945,False,False,mean
Schirrmeister2017,1,6398,normalized,spdsw_l40,sw,40,6,6413,0.001352746842126453,0.03677970693366728,,,0.0006506333007432429,7.3473173386245945,0.001352746842126453,0.0014713404291086117,0.007326730766274438,3.6888794541139367,0.0,39.99999999999999,,,,0.00017113704234361649,0.011019809870049357,0.009448362980037928,0.011019809870049357,240,,7.3473173386245945,False,False,mean
Schirrmeister2017,1,6398,normalized,spdsw_l40,sw,40,7,6419,0.0022142833744288833,0.04705617254334317,,,0.000828206170162745,7.3473173386245945,0.0022142833744288833,0.0030930138806638213,0.01419575616093675,3.6888794541139367,0.0,39.99999999999999,,,,0.00017877877689898014,0.012746847933158278,0.009448362980037928,0.012746847933158278,280,,7.3473173386245945,False,False,mean
Schirrmeister2017,1,6398,normalized,spdsw_l40,sw,40,8,6426,0.001522225184106801,0.03901570432667852,,,0.0006916227906030762,7.347317338624595,0.001522225184106801,0.0018433387257399722,0.009704007105761603,3.6888794541139367,0.0,39.99999999999999,,,,0.00016892584972083569,0.014443844091147184,0.009448362980037928,0.014443844091147184,320,,7.3473173386245945,False,False,mean
Schirrmeister2017,1,6398,normalized,spdsw_l40,sw,40,9,6434,0.002268921210279529,0.04763319441607427,,,0.0008517626141930297,7.347317338624595,0.002268921210279529,0.0028381638440753447,0.012845647960382674,3.6888794541139367,0.0,39.99999999999999,,,,0.00016726506873965263,0.016157745150849223,0.009448362980037928,0.016157745150849223,360,,7.3473173386245945,False,False,mean
Schirrmeister2017,1,6398,normalized,spdsw_l40,sw,40,10,6443,0.0023076991295186183,0.04803851714529309,,,0.000849117391714941,7.347317338624595,0.0023076991295186183,0.002935151665558682,0.01399593430910985,3.6888794541139367,0.0,39.99999999999999,,,,0.00017210491932928562,0.01787312305532396,0.009448362980037928,0.01787312305532396,400,,7.3473173386245945,False,False,mean
Schirrmeister2017,1,6398,normalized,spdsw_l40,sw,40,11,6453,0.001744455983122592,0.041766685086592543,,,0.000744140634282646,7.347317338624593,0.001744455983122592,0.00194705929528637,0.007656527090408344,3.6888794541139367,0.0,39.99999999999999,,,,0.00016801082529127598,0.019582967972382903,0.009448362980037928,0.019582967972382903,440,,7.3473173386245945,False,False,mean
Schirrmeister2017,1,6398,normalized,spdsw_l40,sw,40,12,6464,0.002300941687317686,0.04796813199737599,,,0.0008416083720388361,7.347317338624595,0.002300941687317686,0.0032231785714867513,0.014874787156700289,3.6888794541139367,0.0,39.99999999999999,,,,0.00017450586892664433,0.021277050953358412,0.009448362980037928,0.021277050953358412,480,,7.3473173386245945,False,False,mean
Schirrmeister2017,1,6398,normalized,spdsw_l40,sw,40,13,6476,0.0016265327894414647,0.04033029617349053,,,0.0007190848959449106,7.347317338624595,0.0016265327894414647,0.0017138692363558015,0.007421794917300516,3.6888794541139367,0.0,39.99999999999999,,,,0.0001681509893387556,0.02297724992968142,0.009448362980037928,0.02297724992968142,520,,7.3473173386245945,False,False,mean
Schirrmeister2017,1,6398,normalized,spdsw_l40,sw,40,14,6489,0.0017772827789290368,0.04215783176266347,,,0.0007405188097725108,7.3473173386245945,0.0017772827789290368,0.0019423226768676607,0.009767690692926963,3.6888794541139367,0.0,39.99999999999999,,,,0.00016624596901237965,0.02467947988770902,0.009448362980037928,0.02467947988770902,560,,7.3473173386245945,False,False,mean
Schirrmeister2017,1,6398,normalized,spdsw_l40,sw,40,15,6503,0.0012974939469590921,0.036020743287154586,,,0.0006415332693615946,7.347317338624595,0.0012974939469590921,0.001602556347778948,0.006049067293726259,3.6888794541139367,0.0,39.99999999999999,,,,0.00016887509264051914,0.026370201725512743,0.009448362980037928,0.026370201725512743,600,,7.3473173386245945,False,False,mean
Schirrmeister2017,1,6398,normalized,spdsw_l40,sw,40,16,6518,0.0017987679251849254,0.04241188424468931,,,0.0007514231192597505,7.347317338624594,0.0017987679251849254,0.00199567440105667,0.007226097502358916,3.6888794541139367,0.0,39.99999999999999,,,,0.00016586389392614365,0.02805758360773325,0.009448362980037928,0.02805758360773325,640,,7.3473173386245945,False,False,mean
Schirrmeister2017,1,6398,normalized,spdsw_l40,sw,40,17,6534,0.002838705084562298,0.05327949966508974,,,0.0009408828360964241,7.3473173386245945,0.002838705084562298,0.003986989004523793,0.018326374489050872,3.6888794541139367,0.0,39.99999999999999,,,,0.0001673141960054636,0.029770737746730447,0.009448362980037928,0.029770737746730447,680,,7.3473173386245945,False,False,mean
Schirrmeister2017,1,6398,normalized,spdsw_l40,sw,40,18,6551,0.0014711935296231812,0.03835614070293284,,,0.0006754235255298479,7.347317338624595,0.0014711935296231812,0.0017914935632417676,0.007963433809167204,3.6888794541139367,0.0,39.99999999999999,,,,0.0001673959195613861,0.0314640395808965,0.009448362980037928,0.0314640395808965,720,,7.3473173386245945,False,False,mean
Schirrmeister2017,1,6398,normalized,spdsw_l40,sw,40,19,6569,0.0017523230152774842,0.041860757461821975,,,0.0007333105276160516,7.3473173386245945,0.0017523230152774842,0.00211685212057697,0.009004040755713979,3.6888794541139367,0.0,39.99999999999999,,,,0.00016685901209712029,0.03316607652232051,0.009448362980037928,0.03316607652232051,760,,7.3473173386245945,False,False,mean
Schirrmeister2017,1,6398,normalized,spdsw_l40,sw,40,20,6588,0.0015958481915457818,0.03994806868355192,,,0.000709419530941551,7.347317338624596,0.0015958481915457818,0.001926720985666638,0.00820227177748532,3.6888794541139367,0.0,39.99999999999999,,,,0.0001713989768177271,0.03485052241012454,0.009448362980037928,0.03485052241012454,800,,7.3473173386245945,False,False,mean
Schirrmeister2017,1,6398,normalized,spdsw_l40,sw,40,21,6608,0.0021945444888147904,0.0468459655553687,,,0.0008301330314513018,7.347317338624593,0.0021945444888147904,0.0032674938373016995,0.015368149953268465,3.6888794541139367,0.0,39.99999999999999,,,,0.00016868091188371181,0.03657070337794721,0.009448362980037928,0.03657070337794721,840,,7.3473173386245945,False,False,mean
Schirrmeister2017,1,6398,normalized,spdsw_l40,sw,40,22,6629,0.0022903934891246773,0.04785805563460218,,,0.0008411749143376713,7.3473173386245945,0.0022903934891246773,0.0026655663653326403,0.010275934609151272,3.6888794541139367,0.0,39.99999999999999,,,,0.00016898405738174915,0.03827469842508435,0.009448362980037928,0.03827469842508435,880,,7.3473173386245945,False,False,mean
Schirrmeister2017,1,6398,normalized,spdsw_l40,sw,40,23,6651,0.0019306298072076723,0.043938932704466915,,,0.0007797174606925444,7.347317338624595,0.0019306298072076723,0.0024309321980624152,0.0123955901920565,3.6888794541139367,0.0,39.99999999999999,,,,0.00017796806059777737,0.039973247330635786,0.009448362980037928,0.039973247330635786,920,,7.3473173386245945,False,False,mean
Schirrmeister2017,1,6398,normalized,spdsw_l40,sw,40,24,6674,0.002144982645500261,0.04631395735089219,,,0.0008187879739823277,7.3473173386245945,0.002144982645500261,0.0023386207693094755,0.009743682529688474,3.6888794541139367,0.0,39.99999999999999,,,,0.00016514607705175877,0.041652131360024214,0.009448362980037928,0.041652131360024214,960,,7.3473173386245945,False,False,mean
Schirrmeister2017,1,6398,normalized,spdsw_l40,sw,40,25,6698,0.0013068140636430777,0.03614988331437707,99.33130425562253,0.14167306568967625,0.0006421635388006822,7.3473173386245945,0.0013068140636430777,0.001577001449529741,0.007903081233119887,3.6888794541139367,0.0,39.99999999999999,,,,0.0001690261997282505,0.0433761493768543,0.018772806972265244,0.0433761493768543,1000,,7.3473173386245945,False,False,mean
Schirrmeister2017,1,6398,normalized,spdsw_l40,sw,40,26,6723,0.0017848049285856303,0.0422469517076159,,,0.0007455112469470389,7.347317338624595,0.0017848049285856303,0.002133382253520398,0.010305164295862954,3.6888794541139367,0.0,39.99999999999999,,,,0.00021123909391462803,0.04545606137253344,0.018772806972265244,0.04545606137253344,1040,,7.3473173386245945,False,False,mean
Schirrmeister2017,1,6398,normalized,spdsw_l40,sw,40,27,6749,0.0022819365889272347,0.04776961993701891,,,0.0008520224016248106,7.3473173386245945,0.0022819365889272347,0.003462298226418931,0.02041653640207424,3.6888794541139367,0.0,39.99999999999999,,,,0.00018054107204079628,0.04728312534280121,0.018772806972265244,0.04728312534280121,1080,,7.3473173386245945,False,False,mean
Schirrmeister2017,1,6398,normalized,spdsw_l40,sw,40,28,6776,0.0015645215432563602,0.03955403321099329,,,0.000703630596821155,7.347317338624595,0.0015645215432563602,0.0015269042186103166,0.006016862197687347,3.6888794541139367,0.0,39.99999999999999,,,,0.00018211989663541317,0.0490465322509408,0.018772806972265244,0.0490465322509408,1120,,7.3473173386245945,False,False,mean
Schirrmeister2017,1,6398,normalized,spdsw_l40,sw,40,29,6804,0.0015848811438253334,0.03981056573103846,,,0.0007032525765924685,7.3473173386245945,0.0015848811438253334,0.0013658054392761277,0.006075163883106489,3.6888794541139367,0.0,39.99999999999999,,,,0.0001713691744953394,0.050783693324774504,0.018772806972265244,0.050783693324774504,1160,,7.3473173386245945,False,False,mean
Schirrmeister2017,1,6398,normalized,spdsw_l40,sw,40,30,6833,0.0018839298498781341,0.04340426073415068,,,0.0007706975640517311,7.3473173386245945,0.0018839298498781341,0.003061446668276654,0.015428780840321444,3.6888794541139367,0.0,39.99999999999999,,,,0.00016841315664350986,0.052505256375297904,0.018772806972265244,0.052505256375297904,1200,,7.3473173386245945,False,False,mean
Schirrmeister2017,1,6398,normalized,spdsw_l40,sw,40,31,6863,0.0013953285167897502,0.03735409638566767,,,0.0006605278600368823,7.3473173386245945,0.0013953285167897502,0.0014187408632846234,0.005787737596130405,3.6888794541139367,0.0,39.99999999999999,,,,0.0001682550646364689,0.05421701935119927,0.018772806972265244,0.05421701935119927,1240,,7.3473173386245945,False,False,mean
Schirrmeister2017,1,6398,normalized,spdsw_l40,sw,40,32,6894,0.0016926817533692866,0.04114221376359428,,,0.0007247162708593912,7.3473173386245945,0.0016926817533692866,0.0017236470124311397,0.007848751232766368,3.6888794541139367,0.0,39.99999999999999,,,,0.00016726995818316936,0.05592008540406823,0.018772806972265244,0.05592008540406823,1280,,7.3473173386245945,False,False,mean
Schirrmeister2017,1,6398,normalized,spdsw_l40,sw,40,33,6926,0.0017322814285879987,0.04162068510474087,,,0.0007373004048954576,7.3473173386245945,0.0017322814285879987,0.001960088003737993,0.008919466413201259,3.6888794541139367,0.0,39.99999999999999,,,,0.0001752059906721115,0.05763488356024027,0.018772806972265244,0.05763488356024027,1320,,7.3473173386245945,False,False,mean
Schirrmeister2017,1,6398,normalized,spdsw_l40,sw,40,34,6959,0.0015074844009224765,0.038826336434467736,,,0.0006914251025416893,7.3473173386245945,0.0015074844009224765,0.001103625485698295,0.004875675759635496,3.6888794541139367,0.0,39.99999999999999,,,,0.00016830791719257832,0.05933613353408873,0.018772806972265244,0.05933613353408873,1360,,7.3473173386245945,False,False,mean
Schirrmeister2017,1,6398,normalized,spdsw_l40,sw,40,35,6993,0.0016329994664659232,0.04041038810090696,,,0.0007144189286796726,7.347317338624595,0.0016329994664659232,0.001598389470802901,0.006521270697906522,3.6888794541139367,0.0,39.99999999999999,,,,0.0001660780981183052,0.06104904948733747,0.018772806972265244,0.06104904948733747,1400,,7.3473173386245945,False,False,mean
Schirrmeister2017,1,6398,normalized,spdsw_l40,sw,40,36,7028,0.001681601574632938,0.04100733561977586,,,0.0007339395862599442,7.3473173386245945,0.001681601574632938,0.001966878121327568,0.00929091942559216,3.6888794541139367,0.0,39.99999999999999,,,,0.00016943900845944881,0.06274766148999333,0.018772806972265244,0.06274766148999333,1440,,7.3473173386245945,False,False,mean
Schirrmeister2017,1,6398,normalized,spdsw_l40,sw,40,37,7064,0.0016642934297276476,0.04079575259420578,,,0.000713648423612608,7.347317338624595,0.0016642934297276476,0.0017131955590500606,0.007681580233544374,3.6888794541139367,0.0,39.99999999999999,,,,0.00016573606990277767,0.0644544973038137,0.018772806972265244,0.0644544973038137,1480,,7.3473173386245945,False,False,mean
Schirrmeister2017,1,6398,normalized,spdsw_l40,sw,40,38,7101,0.001806456702164963,0.04250243172060821,,,0.0007571816982844035,7.3473173386245945,0.001806456702164963,0.001900645350068573,0.008349952127376003,3.6888794541139367,0.0,39.99999999999999,,,,0.00017393496818840504,0.06616021716035903,0.018772806972265244,0.06616021716035903,1520,,7.3473173386245945,False,False,mean
Schirrmeister2017,1,6398,normalized,spdsw_l40,sw,40,39,7139,0.0016294813474761014,0.040366834746807946,,,0.0007190343677112932,7.347317338624593,0.0016294813474761014,0.002262332733768022,0.011958088053363,3.6888794541139367,0.0,39.99999999999999,,,,0.00016684993170201778,0.06786004803143442,0.018772806972265244,0.06786004803143442,1560,,7.3473173386245945,False,False,mean
Schirrmeister2017,1,6398,normalized,spdsw_l40,sw,40,40,7178,0.0023625869795032076,0.04860644997840521,,,0.0008666338563833816,7.347317338624595,0.0023625869795032076,0.0025197601878099926,0.012622659780899824,3.6888794541139367,0.0,39.99999999999999,,,,0.00017030304297804832,0.06958275102078915,0.018772806972265244,0.06958275102078915,1600,,7.3473173386245945,False,False,mean
Schirrmeister2017,1,6398,normalized,spdsw_l40,sw,40,41,7218,0.0022074199033722073,0.0469831874543672,,,0.0008246486052622951,7.3473173386245945,0.0022074199033722073,0.00335744108476223,0.016437893410144788,3.6888794541139367,0.0,39.99999999999999,,,,0.0001772930845618248,0.07128522405400872,0.018772806972265244,0.07128522405400872,1640,,7.3473173386245945,False,False,mean
Schirrmeister2017,1,6398,normalized,spdsw_l40,sw,40,42,7259,0.0012765372484118914,0.03572866144164782,,,0.0006275378191533629,7.347317338624595,0.0012765372484118914,0.001123070364181697,0.00391669896719155,3.6888794541139367,0.0,39.99999999999999,,,,0.00016696611419320107,0.07297234097495675,0.018772806972265244,0.07297234097495675,1680,,7.3473173386245945,False,False,mean
Schirrmeister2017,1,6398,normalized,spdsw_l40,sw,40,43,7301,0.0021260097503021484,0.04610867326547304,,,0.0008117546960439934,7.3473173386245945,0.0021260097503021484,0.002607025444141964,0.013860339324961933,3.6888794541139367,0.0,39.99999999999999,,,,0.0001660650596022606,0.07467926386743784,0.018772806972265244,0.07467926386743784,1720,,7.3473173386245945,False,False,mean
Schirrmeister2017,1,6398,normalized,spdsw_l40,sw,40,44,7344,0.0017500587225874914,0.04183370318998177,,,0.0007488193582151939,7.347317338624593,0.0017500587225874914,0.0023531222088516114,0.009881239521429101,3.6888794541139367,0.0,39.99999999999999,,,,0.00017082877457141876,0.07637934084050357,0.018772806972265244,0.07637934084050357,1760,,7.3473173386245945,False,False,mean
Schirrmeister2017,1,6398,normalized,spdsw_l40,sw,40,45,7388,0.001699057677776569,0.04121962733670174,,,0.0007297230442965028,7.347317338624594,0.001699057677776569,0.002099721290846532,0.008174818424014199,3.6888794541139367,0.0,39.99999999999999,,,,0.00016680383123457432,0.07808005483821034,0.018772806972265244,0.07808005483821034,1800,,7.3473173386245945,False,False,mean
Schirrmeister2017,1,6398,normalized,spdsw_l40,sw,40,46,7433,0.0024930776260144545,0.0499307282744249,,,0.0008931591564771553,7.347317338624595,0.0024930776260144545,0.0028685600784912908,0.011486254457627534,3.6888794541139367,0.0,39.99999999999999,,,,0.0001731801312416792,0.07977430685423315,0.018772806972265244,0.07977430685423315,1840,,7.3473173386245945,False,False,mean
Schirrmeister2017,1,6398,normalized,spdsw_l40,sw,40,47,7479,0.0012594774135570351,0.035489116832587354,,,0.0006278997378969222,7.3473173386245945,0.0012594774135570351,0.0016177286764675074,0.007251811370581426,3.6888794541139367,0.0,39.99999999999999,,,,0.00017062202095985413,0.08148255478590727,0.018772806972265244,0.08148255478590727,1880,,7.3473173386245945,False,False,mean
Schirrmeister2017,1,6398,normalized,spdsw_l40,sw,40,48,7526,0.0018737725010361313,0.0432870939315188,,,0.0007657828204320092,7.3473173386245945,0.0018737725010361313,0.0019341007551844744,0.008683910784132623,3.6888794541139367,0.0,39.99999999999999,,,,0.00016647903248667717,0.08318866766057909,0.018772806972265244,0.08318866766057909,1920,,7.3473173386245945,False,False,mean
Schirrmeister2017,1,6398,normalized,spdsw_l40,sw,40,49,7574,0.0015681028069536335,0.03959927785899174,,,0.0006972917866344851,7.3473173386245945,0.0015681028069536335,0.0019870100576674246,0.010548870079901249,3.6888794541139367,0.0,39.99999999999999,,,,0.00017250096425414085,0.08488493855111301,0.018772806972265244,0.08488493855111301,1960,,7.3473173386245945,False,False,mean
Schirrmeister2017,1,6398,normalized,spdsw_l40,sw,40,50,7623,0.0015806752291483907,0.03975770653783227,99.22257789565322,0.2509762957394149,0.0007009169597732384,7.3473173386245945,0.0015806752291483907,0.0014405414494618122,0.0063180460377561054,3.6888794541139367,0.0,39.99999999999999,,,,0.00016640406101942062,0.08657232858240604,0.02842986909672618,0.08657232858240604,2000,,7.3473173386245945,False,False,mean
Schirrmeister2017,1,6398,normalized,spdsw_l40,sw,40,51,7673,0.0016406370985716395,0.04050477871278449,,,0.000717850957165672,7.3473173386245945,0.0016406370985716395,0.0017408792050700886,0.00783998029489952,3.6888794541139367,0.0,39.99999999999999,,,,0.00021477905102074146,0.0886916215531528,0.02842986909672618,0.0886916215531528,2040,,7.3473173386245945,False,False,mean
Schirrmeister2017,1,6398,normalized,spdsw_l40,sw,40,52,7724,0.0015550238295377935,0.039433790453591876,,,0.0007048614599009137,7.3473173386245945,0.0015550238295377935,0.0017325983196874967,0.008438346825212478,3.6888794541139367,0.0,39.99999999999999,,,,0.00017789704725146294,0.0904803304001689,0.02842986909672618,0.0904803304001689,2080,,7.3473173386245945,False,False,mean
Schirrmeister2017,1,6398,normalized,spdsw_l40,sw,40,53,7776,0.0013081734989561083,0.0361686811890634,,,0.0006366630333406431,7.3473173386245945,0.0013081734989561083,0.0013062786012914523,0.007048381310401319,3.6888794541139367,0.0,39.99999999999999,,,,0.00018263817764818668,0.09225462842732668,0.02842986909672618,0.09225462842732668,2120,,7.3473173386245945,False,False,mean
Schirrmeister2017,1,6398,normalized,spdsw_l40,sw,40,54,7829,0.0021564209369505163,0.04643727960325105,,,0.0008217929687966097,7.347317338624593,0.0021564209369505163,0.003186095375691911,0.012742494194341005,3.6888794541139367,0.0,39.99999999999999,,,,0.00017119385302066803,0.09398558340035379,0.02842986909672618,0.09398558340035379,2160,,7.3473173386245945,False,False,mean
Schirrmeister2017,1,6398,normalized,spdsw_l40,sw,40,55,7883,0.0017913242681691405,0.042324038892444335,,,0.0007570322777585894,7.3473173386245945,0.0017913242681691405,0.0021152446782290086,0.00964118619865119,3.6888794541139367,0.0,39.99999999999999,,,,0.0001716229598969221,0.09572221850976348,0.02842986909672618,0.09572221850976348,2200,,7.3473173386245945,False,False,mean
Schirrmeister2017,1,6398,normalized,spdsw_l40,sw,40,56,7938,0.0018540935413417935,0.043059186491871786,,,0.0007571163186003219,7.3473173386245945,0.0018540935413417935,0.00186995782521863,0.008263720740935341,3.6888794541139367,0.0,39.99999999999999,,,,0.00017062504775822163,0.09743616660125554,0.02842986909672618,0.09743616660125554,2240,,7.3473173386245945,False,False,mean
Schirrmeister2017,1,6398,normalized,spdsw_l40,sw,40,57,7994,0.0017343898492112716,0.04164600640171002,,,0.0007412726373587222,7.3473173386245945,0.0017343898492112716,0.002000209250478802,0.00782304667918375,3.6888794541139367,0.0,39.99999999999999,,,,0.00016820989549160004,0.09915224346332252,0.02842986909672618,0.09915224346332252,2280,,7.3473173386245945,False,False,mean
Schirrmeister2017,1,6398,normalized,spdsw_l40,sw,40,58,8051,0.0014299717237247316,0.03781496692745786,,,0.0006682061753887756,7.3473173386245945,0.0014299717237247316,0.0013966870585308362,0.005805091704606095,3.6888794541139367,0.0,39.99999999999999,,,,0.00017628492787480354,0.10085681336931884,0.02842986909672618,0.10085681336931884,2320,,7.3473173386245945,False,False,mean
Schirrmeister2017,1,6398,normalized,spdsw_l40,sw,40,59,8109,0.0015216308979249605,0.03900808759635571,,,0.0006889916455406003,7.3473173386245945,0.0015216308979249605,0.0016597107782021106,0.007449403704673277,3.6888794541139367,0.0,39.99999999999999,,,,0.00016979617066681385,0.1025761803612113,0.02842986909672618,0.1025761803612113,2360,,7.3473173386245945,False,False,mean
Schirrmeister2017,1,6398,normalized,spdsw_l40,sw,40,60,8168,0.0014992480940036255,0.03872012518062959,,,0.0006862689290592444,7.3473173386245945,0.0014992480940036255,0.0018991257265436067,0.010364389718335407,3.6888794541139367,0.0,39.99999999999999,,,,0.00016712513752281666,0.10428997129201889,0.02842986909672618,0.10428997129201889,2400,,7.3473173386245945,False,False,mean
Schirrmeister2017,1,6398,normalized,spdsw_l40,sw,40,61,8228,0.0014885314971753577,0.03858149164010326,,,0.000680492521451905,7.3473173386245945,0.0014885314971753577,0.0015151291623002284,0.006342058756479802,3.6888794541139367,0.0,39.99999999999999,,,,0.00016888417303562164,0.10598108335398138,0.02842986909672618,0.10598108335398138,2440,,7.3473173386245945,False,False,mean
Schirrmeister2017,1,6398,normalized,spdsw_l40,sw,40,62,8289,0.0012270601173908504,0.0350294178854124,,,0.0006207945652460698,7.3473173386245945,0.0012270601173908504,0.0012674886423095944,0.00626126024496287,3.6888794541139367,0.0,39.99999999999999,,,,0.00016680709086358547,0.10767574841156602,0.02842986909672618,0.10767574841156602,2480,,7.3473173386245945,False,False,mean
Schirrmeister2017,1,6398,normalized,spdsw_l40,sw,40,63,8351,0.0021679948852855696,0.04656173198330974,,,0.00083380915245974,7.3473173386245945,0.0021679948852855696,0.0027996896041861223,0.013000571100145969,3.6888794541139367,0.0,39.99999999999999,,,,0.00016965297982096672,0.10939359338954091,0.02842986909672618,0.10939359338954091,2520,,7.3473173386245945,False,False,mean
Schirrmeister2017,1,6398,normalized,spdsw_l40,sw,40,64,8414,0.001776256509760433,0.042145658255156405,,,0.0007491732452391065,7.347317338624595,0.001776256509760433,0.0023320074186875383,0.00934379705146517,3.6888794541139367,0.0,39.99999999999999,,,,0.0001685270108282566,0.11109298537485301,0.02842986909672618,0.11109298537485301,2560,,7.3473173386245945,False,False,mean
Schirrmeister2017,1,6398,normalized,spdsw_l40,sw,40,65,8478,0.0014576811541431563,0.038179590806387075,,,0.000678949112435394,7.347317338624594,0.0014576811541431563,0.0013938700926549943,0.006966395506770346,3.6888794541139367,0.0,39.99999999999999,,,,0.00016748998314142227,0.11281034350395203,0.02842986909672618,0.11281034350395203,2600,,7.3473173386245945,False,False,mean
Schirrmeister2017,1,6398,normalized,spdsw_l40,sw,40,66,8543,0.0015563900650279543,0.03945110980730396,,,0.000698909499144459,7.347317338624595,0.0015563900650279543,0.0015476673846126666,0.006590186780651305,3.6888794541139367,0.0,39.99999999999999,,,,0.00017518200911581516,0.11450535850599408,0.02842986909672618,0.11450535850599408,2640,,7.3473173386245945,False,False,mean
Schirrmeister2017,1,6398,normalized,spdsw_l40,sw,40,67,8609,0.0019683523286541786,0.044366116898531684,,,0.000792183473285838,7.347317338624595,0.0019683523286541786,0.0021421005228405943,0.009310445621373484,3.6888794541139367,0.0,39.99999999999999,,,,0.00017173192463815212,0.11622429662384093,0.02842986909672618,0.11622429662384093,2680,,7.3473173386245945,False,False,mean
Schirrmeister2017,1,6398,normalized,spdsw_l40,sw,40,68,8676,0.001980511577547277,0.04450293897651342,,,0.0007867015095909503,7.347317338624594,0.001980511577547277,0.00177009963085412,0.008170782518612946,3.6888794541139367,0.0,39.99999999999999,,,,0.0001673540100455284,0.11793886846862733,0.02842986909672618,0.11793886846862733,2720,,7.3473173386245945,False,False,mean
Schirrmeister2017,1,6398,normalized,spdsw_l40,sw,40,69,8744,0.0016196668052295934,0.04024508423683063,,,0.0007050484553615329,7.347317338624595,0.0016196668052295934,0.0018103955214840088,0.008266239259041396,3.6888794541139367,0.0,39.99999999999999,,,,0.0001682580914348364,0.11963825556449592,0.02842986909672618,0.11963825556449592,2760,,7.3473173386245945,False,False,mean
Schirrmeister2017,1,6398,normalized,spdsw_l40,sw,40,70,8813,0.001529151340077073,0.039104364719006406,,,0.0006982283405567533,7.3473173386245945,0.001529151340077073,0.0021887978636760787,0.010785131640939017,3.6888794541139367,0.0,39.99999999999999,,,,0.0001652119681239128,0.12133316160179675,0.02842986909672618,0.12133316160179675,2800,,7.3473173386245945,False,False,mean
Schirrmeister2017,1,6398,normalized,spdsw_l40,sw,40,71,8883,0.0014902853491371125,0.03860421413702282,,,0.0006843641720410671,7.3473173386245945,0.0014902853491371125,0.0016368182138155806,0.007178490953212164,3.6888794541139367,0.0,39.99999999999999,,,,0.00017898785881698132,0.12305123545229435,0.02842986909672618,0.12305123545229435,2840,,7.3473173386245945,False,False,mean
Schirrmeister2017,1,6398,normalized,spdsw_l40,sw,40,72,8954,0.0020875973546329216,0.045690232595522226,,,0.0008143864931112577,7.3473173386245945,0.0020875973546329216,0.0020108323151381627,0.00958426891963337,3.6888794541139367,0.0,39.99999999999999,,,,0.00016732304356992245,0.1247504404745996,0.02842986909672618,0.1247504404745996,2880,,7.3473173386245945,False,False,mean
Schirrmeister2017,1,6398,normalized,spdsw_l40,sw,40,73,9026,0.0018599973692182453,0.04312768680578922,,,0.0007661829189523487,7.347317338624595,0.0018599973692182453,0.001563524902786666,0.006570403415206772,3.6888794541139367,0.0,39.99999999999999,,,,0.000166397076100111,0.12646036827936769,0.02842986909672618,0.12646036827936769,2920,,7.3473173386245945,False,False,mean
Schirrmeister2017,1,6398,normalized,spdsw_l40,sw,40,74,9099,0.0016645325082584928,0.04079868267797985,,,0.0007156728221598634,7.3473173386245945,0.0016645325082584928,0.001986067943844216,0.009791431406176321,3.6888794541139367,0.0,39.99999999999999,,,,0.00016869721002876759,0.12814762839116156,0.02842986909672618,0.12814762839116156,2960,,7.3473173386245945,False,False,mean
Schirrmeister2017,1,6398,normalized,spdsw_l40,sw,40,75,9173,0.0016841100346390377,0.04103790972550914,99.00842313500746,0.466267298544226,0.0007262703347552062,7.3473173386245945,0.0016841100346390377,0.0020909627912857522,0.009838362580654313,3.6888794541139367,0.0,39.99999999999999,,,,0.0001698080450296402,0.12984505924396217,0.03733381116762757,0.12984505924396217,3000,,7.3473173386245945,False,False,mean
Schirrmeister2017,1,6398,normalized,spdsw_l40,sw,40,76,9248,0.0021034717552553175,0.045863621261903395,,,0.0008156280208511547,7.3473173386245945,0.0021034717552553175,0.002002285435059929,0.008892421494725355,3.6888794541139367,0.0,39.99999999999999,,,,0.00021865218877792358,0.1319118703249842,0.03733381116762757,0.1319118703249842,3040,,7.3473173386245945,False,False,mean
Schirrmeister2017,1,6398,normalized,spdsw_l40,sw,40,77,9324,0.0018141844708632927,0.042593244427529736,,,0.0007498591120667417,7.347317338624595,0.0018141844708632927,0.0019465661237650779,0.00942094261523193,3.6888794541139367,0.0,39.99999999999999,,,,0.00019940407946705818,0.13409584225155413,0.03733381116762757,0.13409584225155413,3080,,7.3473173386245945,False,False,mean
Schirrmeister2017,1,6398,normalized,spdsw_l40,sw,40,78,9401,0.001580063264244381,0.039750009613135705,,,0.0006997069350413714,7.3473173386245945,0.001580063264244381,0.0022886982107106603,0.012078154689678298,3.6888794541139367,0.0,39.99999999999999,,,,0.00017778691835701466,0.13587452215142548,0.03733381116762757,0.13587452215142548,3120,,7.3473173386245945,False,False,mean
Schirrmeister2017,1,6398,normalized,spdsw_l40,sw,40,79,9479,0.0018213079654621493,0.04267678485385409,,,0.0007552958449838432,7.347317338624596,0.0018213079654621493,0.0028252513396329385,0.016092266535938107,3.6888794541139367,0.0,39.99999999999999,,,,0.0001762770116329193,0.13764203409664333,0.03733381116762757,0.13764203409664333,3160,,7.3473173386245945,False,False,mean
Schirrmeister2017,1,6398,normalized,spdsw_l40,sw,40,80,9558,0.0014265667870258071,0.03776991907624118,,,0.0006711433422885466,7.3473173386245945,0.0014265667870258071,0.0018981029282759269,0.008627164510319797,3.6888794541139367,0.0,39.99999999999999,,,,0.00017348094843328,0.13939182902686298,0.03733381116762757,0.13939182902686298,3200,,7.3473173386245945,False,False,mean
Schirrmeister2017,1,6398,normalized,spdsw_l40,sw,40,81,9638,0.0013778390334093149,0.037119254214077566,,,0.0006548865629675646,7.347317338624595,0.0013778390334093149,0.0016334880076904102,0.00907131441085858,3.6888794541139367,0.0,39.99999999999999,,,,0.00017708097584545612,0.14111764798872173,0.03733381116762757,0.14111764798872173,3240,,7.3473173386245945,False,False,mean
Schirrmeister2017,1,6398,normalized,spdsw_l40,sw,40,82,9719,0.0020811037103879416,0.045619115624789805,,,0.0007986298075233192,7.347317338624596,0.0020811037103879416,0.0024067547727479833,0.011061859269611347,3.6888794541139367,0.0,39.99999999999999,,,,0.00017206603661179543,0.14283220493234694,0.03733381116762757,0.14283220493234694,3280,,7.3473173386245945,False,False,mean
Schirrmeister2017,1,6398,normalized,spdsw_l40,sw,40,83,9801,0.0014935842621198808,0.038646917886422466,,,0.0006800326489291651,7.3473173386245945,0.0014935842621198808,0.0017630517357379604,0.008239207406086413,3.6888794541139367,0.0,39.99999999999999,,,,0.0001691619399935007,0.14455627696588635,0.03733381116762757,0.14455627696588635,3320,,7.3473173386245945,False,False,mean
Schirrmeister2017,1,6398,normalized,spdsw_l40,sw,40,84,9884,0.0011855615504836033,0.03443198441106181,,,0.0006080897429726618,7.3473173386245945,0.0011855615504836033,0.0008647896465772536,0.003732679387389131,3.6888794541139367,0.0,39.99999999999999,,,,0.00016882293857634068,0.14625951694324613,0.03733381116762757,0.14625951694324613,3360,,7.3473173386245945,False,False,mean
Schirrmeister2017,1,6398,normalized,spdsw_l40,sw,40,85,9968,0.0016691635834317398,0.040855398461301776,,,0.0007248483291267629,7.3473173386245945,0.0016691635834317398,0.0019319165351748143,0.009289655159673735,3.6888794541139367,0.0,39.99999999999999,,,,0.00016748905181884766,0.14795941300690174,0.03733381116762757,0.14795941300690174,3400,,7.3473173386245945,False,False,mean
Schirrmeister2017,1,6398,normalized,spdsw_l40,sw,40,86,10053,0.0016816165865867914,0.04100751865922628,,,0.0007311992480523897,7.3473173386245945,0.0016816165865867914,0.001716029451380401,0.008320382123079954,3.6888794541139367,0.0,39.99999999999999,,,,0.0001767040230333805,0.1496786349453032,0.03733381116762757,0.1496786349453032,3440,,7.3473173386245945,False,False,mean
Schirrmeister2017,1,6398,normalized,spdsw_l40,sw,40,87,10139,0.0016686317364439944,0.04084888904785532,,,0.0007271825583656898,7.3473173386245945,0.0016686317364439944,0.00227290930972619,0.011045918019346623,3.6888794541139367,0.0,39.99999999999999,,,,0.00016850815154612064,0.15137997106648982,0.03733381116762757,0.15137997106648982,3480,,7.3473173386245945,False,False,mean
Schirrmeister2017,1,6398,normalized,spdsw_l40,sw,40,88,10226,0.0014490407295261346,0.03806626760697895,,,0.0006754158093163798,7.3473173386245945,0.0014490407295261346,0.0018835545957362797,0.008505260783679419,3.6888794541139367,0.0,39.99999999999999,,,,0.0001661109272390604,0.15307783894240856,0.03733381116762757,0.15307783894240856,3520,,7.3473173386245945,False,False,mean
Schirrmeister2017,1,6398,normalized,spdsw_l40,sw,40,89,10314,0.0014496051026741336,0.038073679920308905,,,0.000677409753117031,7.3473173386245945,0.0014496051026741336,0.002277405511953716,0.010797947986464794,3.6888794541139367,0.0,39.99999999999999,,,,0.0001769720111042261,0.15478479582816362,0.03733381116762757,0.15478479582816362,3560,,7.3473173386245945,False,False,mean
Schirrmeister2017,1,6398,normalized,spdsw_l40,sw,40,90,10403,0.0014769016913654589,0.038430478677287626,,,0.0006796248606404273,7.347317338624595,0.0014769016913654589,0.0019517907309606973,0.010131960967251118,3.6888794541139367,0.0,39.99999999999999,,,,0.00016754795797169209,0.15647222683764994,0.03733381116762757,0.15647222683764994,3600,,7.3473173386245945,False,False,mean
Schirrmeister2017,1,6398,normalized,spdsw_l40,sw,40,91,10493,0.0014309601883868005,0.037828034424045885,,,0.0006716595114519606,7.3473173386245945,0.0014309601883868005,0.0015678396248292206,0.008009944026516443,3.6888794541139367,0.0,39.99999999999999,,,,0.0001667700707912445,0.1581735499203205,0.03733381116762757,0.1581735499203205,3640,,7.3473173386245945,False,False,mean
Schirrmeister2017,1,6398,normalized,spdsw_l40,sw,40,92,10584,0.0016152784370100735,0.040190526707298495,,,0.0007131565194252572,7.347317338624595,0.0016152784370100735,0.0016468642595937374,0.008892817156823484,3.6888794541139367,0.0,39.99999999999999,,,,0.00016709603369235992,0.159864914836362,0.03733381116762757,0.159864914836362,3680,,7.3473173386245945,False,False,mean
Schirrmeister2017,1,6398,normalized,spdsw_l40,sw,40,93,10676,0.0015707431949252143,0.03963260267665012,,,0.0007001917174276433,7.347317338624595,0.0015707431949252143,0.0014228307164152075,0.007636955620426573,3.6888794541139367,0.0,39.99999999999999,,,,0.00016826787032186985,0.1615651878528297,0.03733381116762757,0.1615651878528297,3720,,7.3473173386245945,False,False,mean
Schirrmeister2017,1,6398,normalized,spdsw_l40,sw,40,94,10769,0.0014312689855153847,0.03783211579485589,,,0.0006696395454832673,7.3473173386245945,0.0014312689855153847,0.001516649067478561,0.007407535905757669,3.6888794541139367,0.0,39.99999999999999,,,,0.00016477401368319988,0.16325596789829433,0.03733381116762757,0.16325596789829433,3760,,7.3473173386245945,False,False,mean
Schirrmeister2017,1,6398,normalized,spdsw_l40,sw,40,95,10863,0.00161706133621097,0.040212701180236204,,,0.0007138969902971357,7.3473173386245945,0.00161706133621097,0.002330716977824431,0.012589048689105032,3.6888794541139367,0.0,39.99999999999999,,,,0.00017032609321177006,0.16495268372818828,0.03733381116762757,0.16495268372818828,3800,,7.3473173386245945,False,False,mean
Schirrmeister2017,1,6398,normalized,spdsw_l40,sw,40,96,10958,0.0014848244986449214,0.03853342054171835,,,0.0006839839391674098,7.3473173386245945,0.0014848244986449214,0.0021265190918749637,0.01180622548402965,3.6888794541139367,0.0,39.99999999999999,,,,0.00016836612485349178,0.16664915066212416,0.03733381116762757,0.16664915066212416,3840,,7.3473173386245945,False,False,mean
Schirrmeister2017,1,6398,normalized,spdsw_l40,sw,40,97,11054,0.0016409612222023544,0.040508779569401424,,,0.0007150948493645799,7.3473173386245945,0.0016409612222023544,0.0019296216962783233,0.010245907536055143,3.6888794541139367,0.0,39.99999999999999,,,,0.00017303600907325745,0.16833670274354517,0.03733381116762757,0.16833670274354517,3880,,7.3473173386245945,False,False,mean
Schirrmeister2017,1,6398,normalized,spdsw_l40,sw,40,98,11151,0.0016049912624583147,0.04006234219885695,,,0.0007152624375603007,7.347317338624595,0.0016049912624583147,0.001721972147369639,0.006971171202574776,3.6888794541139367,0.0,39.99999999999999,,,,0.0001665737945586443,0.17002250556834042,0.03733381116762757,0.17002250556834042,3920,,7.3473173386245945,False,False,mean
Schirrmeister2017,1,6398,normalized,spdsw_l40,sw,40,99,11249,0.002008584531136996,0.044817234755582545,,,0.0007971622906937275,7.347317338624595,0.002008584531136996,0.0022845611088506686,0.010644262745280833,3.6888794541139367,0.0,39.99999999999999,,,,0.00016879010945558548,0.17173755657859147,0.03733381116762757,0.17173755657859147,3960,,7.3473173386245945,False,False,mean
Schirrmeister2017,1,6398,normalized,spdsw_l40,sw,40,100,11348,0.001974895670186407,0.04443979826896616,98.75950267200234,0.7165084602976038,0.0007889143432775267,7.3473173386245945,0.001974895670186407,0.0018865808827963492,0.007142898246188017,3.6888794541139367,0.0,39.99999999999999,,,,0.00016839709132909775,0.17342359037138522,0.046199597185477614,0.17342359037138522,4000,,7.3473173386245945,False,False,mean
Schirrmeister2017,1,6398,normalized,spdsw_l40,sw,40,101,11448,0.0012720257007768803,0.03566546930543436,,,0.0006328444553305463,7.3473173386245945,0.0012720257007768803,0.0015887678564149557,0.007178044029992209,3.6888794541139367,0.0,39.99999999999999,,,,0.00020625395700335503,0.1754812935832888,0.046199597185477614,0.1754812935832888,4040,,7.3473173386245945,False,False,mean
Schirrmeister2017,1,6398,normalized,spdsw_l40,sw,40,102,11549,0.0016167138069521818,0.040208379810086625,,,0.0007096781450604275,7.347317338624595,0.0016167138069521818,0.001891983715976488,0.00839245179706253,3.6888794541139367,0.0,39.99999999999999,,,,0.00017874105833470821,0.17728185560554266,0.046199597185477614,0.17728185560554266,4080,,7.3473173386245945,False,False,mean
Schirrmeister2017,1,6398,normalized,spdsw_l40,sw,40,103,11651,0.0015428240107056112,0.03927879848856901,,,0.0006899874240726961,7.3473173386245945,0.0015428240107056112,0.0018157655984053786,0.007906802741353936,3.6888794541139367,0.0,39.99999999999999,,,,0.00017317687161266804,0.1790643846616149,0.046199597185477614,0.1790643846616149,4120,,7.3473173386245945,False,False,mean
Schirrmeister2017,1,6398,normalized,spdsw_l40,sw,40,104,11754,0.001451950495137524,0.03810446817812215,,,0.0006718479994971037,7.3473173386245945,0.001451950495137524,0.0016046170348834727,0.006826963531797629,3.6888794541139367,0.0,39.99999999999999,,,,0.00017163995653390884,0.18081354582682252,0.046199597185477614,0.18081354582682252,4160,,7.3473173386245945,False,False,mean
Schirrmeister2017,1,6398,normalized,spdsw_l40,sw,40,105,11858,0.001360228781717827,0.03688127955640676,,,0.0006516964535538206,7.347317338624595,0.001360228781717827,0.0021719059279443533,0.011612129640214146,3.6888794541139367,0.0,39.99999999999999,,,,0.00017040083184838295,0.1825581886805594,0.046199597185477614,0.1825581886805594,4200,,7.3473173386245945,False,False,mean
Schirrmeister2017,1,6398,normalized,spdsw_l40,sw,40,106,11963,0.0010385076757018093,0.03222588518104366,,,0.0005681202994305329,7.347317338624594,0.0010385076757018093,0.0012675485636304794,0.006491713189257656,3.6888794541139367,0.0,39.99999999999999,,,,0.0001761619932949543,0.18427313258871436,0.046199597185477614,0.18427313258871436,4240,,7.3473173386245945,False,False,mean
Schirrmeister2017,1,6398,normalized,spdsw_l40,sw,40,107,12069,0.002054355273543789,0.04532499612293187,,,0.0007973200740639298,7.3473173386245945,0.002054355273543789,0.002178643119032334,0.008206958035983314,3.6888794541139367,0.0,39.99999999999999,,,,0.00017458084039390087,0.18598582176491618,0.046199597185477614,0.18598582176491618,4280,,7.3473173386245945,False,False,mean
Schirrmeister2017,1,6398,normalized,spdsw_l40,sw,40,108,12176,0.0018419118044404024,0.04291749997891772,,,0.0007589152416435555,7.347317338624595,0.0018419118044404024,0.0026314337271772675,0.014288536502547092,3.6888794541139367,0.0,39.99999999999999,,,,0.0001659868285059929,0.18769155768677592,0.046199597185477614,0.18769155768677592,4320,,7.3473173386245945,False,False,mean
Schirrmeister2017,1,6398,normalized,spdsw_l40,sw,40,109,12284,0.0014000268007231039,0.037416932005752475,,,0.0006633725780257404,7.3473173386245945,0.0014000268007231039,0.001579691776469689,0.006746931661031326,3.6888794541139367,0.0,39.99999999999999,,,,0.0001664329320192337,0.1893999136518687,0.046199597185477614,0.1893999136518687,4360,,7.3473173386245945,False,False,mean
Schirrmeister2017,1,6398,normalized,spdsw_l40,sw,40,110,12393,0.0014908988201577985,0.03861215896784067,,,0.0006801911468916448,7.3473173386245945,0.0014908988201577985,0.0018764619449271314,0.008680928255935163,3.6888794541139367,0.0,39.99999999999999,,,,0.0001653679646551609,0.1910939305089414,0.046199597185477614,0.1910939305089414,4400,,7.3473173386245945,False,False,mean
Schirrmeister2017,1,6398,normalized,spdsw_l40,sw,40,111,12503,0.0013870637413887956,0.03724330465182696,,,0.0006634997092839238,7.347317338624595,0.0013870637413887956,0.001400227438806977,0.0073241406154177235,3.6888794541139367,0.0,39.99999999999999,,,,0.00017752195708453655,0.19280300848186016,0.046199597185477614,0.19280300848186016,4440,,7.3473173386245945,False,False,mean
Schirrmeister2017,1,6398,normalized,spdsw_l40,sw,40,112,12614,0.0013087332279378319,0.03617641811923662,,,0.0006378024174130015,7.3473173386245945,0.0013087332279378319,0.0015906769497030617,0.008254064334252225,3.6888794541139367,0.0,39.99999999999999,,,,0.00016576005145907402,0.19449415151029825,0.046199597185477614,0.19449415151029825,4480,,7.3473173386245945,False,False,mean
Schirrmeister2017,1,6398,normalized,spdsw_l40,sw,40,113,12726,0.001863709696279605,0.04317070414389375,,,0.0007652403826517112,7.347317338624593,0.001863709696279605,0.0021888295599328147,0.010050342555308475,3.6888794541139367,0.0,39.99999999999999,,,,0.00016548600979149342,0.1961905115749687,0.046199597185477614,0.1961905115749687,4520,,7.3473173386245945,False,False,mean
Schirrmeister2017,1,6398,normalized,spdsw_l40,sw,40,114,12839,0.002309367471791485,0.04805587863926208,,,0.0008450374230817193,7.347317338624594,0.002309367471791485,0.0031774574494456164,0.017017985106925648,3.6888794541139367,0.0,39.99999999999999,,,,0.00016770302318036556,0.1978758715558797,0.046199597185477614,0.1978758715558797,4560,,7.3473173386245945,False,False,mean
Schirrmeister2017,1,6398,normalized,spdsw_l40,sw,40,115,12953,0.0021237735714531693,0.04608441788124452,,,0.0008241906416391068,7.3473173386245945,0.0021237735714531693,0.002544273374950113,0.012364745693681827,3.6888794541139367,0.0,39.99999999999999,,,,0.00016759289428591728,0.1995684786234051,0.046199597185477614,0.1995684786234051,4600,,7.3473173386245945,False,False,mean
Schirrmeister2017,1,6398,normalized,spdsw_l40,sw,40,116,13068,0.0015870117641173566,0.0398373162263393,,,0.0007054970010949761,7.3473173386245945,0.0015870117641173566,0.002007011862990104,0.011367842896210022,3.6888794541139367,0.0,39.99999999999999,,,,0.0001671391073614359,0.20126111549325287,0.046199597185477614,0.20126111549325287,4640,,7.3473173386245945,False,False,mean
Schirrmeister2017,1,6398,normalized,spdsw_l40,sw,40,117,13184,0.001310478679824003,0.03620053424777048,,,0.0006407171134395163,7.347317338624595,0.001310478679824003,0.0014644549526096147,0.007679713364943836,3.6888794541139367,0.0,39.99999999999999,,,,0.0001659998670220375,0.20294450945220888,0.046199597185477614,0.20294450945220888,4680,,7.3473173386245945,False,False,mean
Schirrmeister2017,1,6398,normalized,spdsw_l40,sw,40,118,13301,0.0017184952844553937,0.04145473778056489,,,0.0007295527974943299,7.3473173386245945,0.0017184952844553937,0.0018787876285824726,0.007228274604957195,3.6888794541139367,0.0,39.99999999999999,,,,0.00016738101840019226,0.20464351447299123,0.046199597185477614,0.20464351447299123,4720,,7.3473173386245945,False,False,mean
Schirrmeister2017,1,6398,normalized,spdsw_l40,sw,40,119,13419,0.0014268748073266186,0.03777399644367298,,,0.0006651755000492656,7.3473173386245945,0.0014268748073266186,0.0015050712973448674,0.005420848945465522,3.6888794541139367,0.0,39.99999999999999,,,,0.000173238106071949,0.20634530042298138,0.046199597185477614,0.20634530042298138,4760,,7.3473173386245945,False,False,mean
Schirrmeister2017,1,6398,normalized,spdsw_l40,sw,40,120,13538,0.0011437048393182065,0.03381870546484898,,,0.0005914524034328525,7.347317338624593,0.0011437048393182065,0.0010329335298320422,0.003926480392964314,3.6888794541139367,0.0,39.99999999999999,,,,0.00016657798551023006,0.2080377994570881,0.046199597185477614,0.2080377994570881,4800,,7.3473173386245945,False,False,mean
Schirrmeister2017,1,6398,normalized,spdsw_l40,sw,40,121,13658,0.00155994512695179,0.03949614065895287,,,0.0007026213300854136,7.347317338624596,0.00155994512695179,0.0022385744522477207,0.010699267535480348,3.6888794541139367,0.0,39.99999999999999,,,,0.00017005088739097118,0.20974453748203814,0.046199597185477614,0.20974453748203814,4840,,7.3473173386245945,False,False,mean
Schirrmeister2017,1,6398,normalized,spdsw_l40,sw,40,122,13779,0.0012128100255002297,0.03482542211517658,,,0.0006086172129727741,7.3473173386245945,0.0012128100255002297,0.0011183173740875654,0.0049576947534525455,3.6888794541139367,0.0,39.99999999999999,,,,0.00017556501552462578,0.21143834944814444,0.046199597185477614,0.21143834944814444,4880,,7.3473173386245945,False,False,mean
Schirrmeister2017,1,6398,normalized,spdsw_l40,sw,40,123,13901,0.0016737643595488988,0.04091166532358343,,,0.0007283127127213094,7.3473173386245945,0.0016737643595488988,0.0013634719176015165,0.005041493693711959,3.6888794541139367,0.0,39.99999999999999,,,,0.00016845110803842545,0.21313464641571045,0.046199597185477614,0.21313464641571045,4920,,7.3473173386245945,False,False,mean
Schirrmeister2017,1,6398,normalized,spdsw_l40,sw,40,124,14024,0.0013238244596046032,0.03638439857417741,,,0.0006416942303074826,7.3473173386245945,0.0013238244596046032,0.0015304827940013615,0.00602462707769263,3.6888794541139367,0.0,39.99999999999999,,,,0.000167009886354208,0.21484268247149885,0.046199597185477614,0.21484268247149885,4960,,7.3473173386245945,False,False,mean
Schirrmeister2017,1,6398,normalized,spdsw_l40,sw,40,125,14148,0.0015067838612635295,0.03881731393674129,98.52842148139152,0.9488156997253904,0.000692303374264891,7.347317338624593,0.0015067838612635295,0.0016984084682556634,0.00718762829171855,3.6888794541139367,0.0,39.99999999999999,,,,0.00016819708980619907,0.21653418662026525,0.05510678328573704,0.21653418662026525,5000,,7.3473173386245945,False,False,mean
Schirrmeister2017,1,6398,normalized,spdsw_l40,sw,40,126,14273,0.0011936615614948935,0.03454940754187969,,,0.0006116071440009289,7.3473173386245945,0.0011936615614948935,0.0012413710872073633,0.0054026361641490665,3.6888794541139367,0.0,39.99999999999999,,,,0.00020826701074838638,0.21859358460642397,0.05510678328573704,0.21859358460642397,5040,,7.3473173386245945,False,False,mean
Schirrmeister2017,1,6398,normalized,spdsw_l40,sw,40,127,14399,0.0011249170749122767,0.03353978346549478,,,0.0005909658911414086,7.347317338624594,0.0011249170749122767,0.0009750883032131499,0.003415472099041755,3.6888794541139367,0.0,39.99999999999999,,,,0.00018253503367304802,0.2203975294250995,0.05510678328573704,0.2203975294250995,5080,,7.3473173386245945,False,False,mean
Schirrmeister2017,1,6398,normalized,spdsw_l40,sw,40,128,14526,0.0009456874001989701,0.030752030830482887,,,0.0005453060758350986,7.347317338624595,0.0009456874001989701,0.0010115296814381864,0.0043368209965181145,3.6888794541139367,0.0,39.99999999999999,,,,0.00017368094995617867,0.22216146741993725,0.05510678328573704,0.22216146741993725,5120,,7.3473173386245945,False,False,mean
Schirrmeister2017,1,6398,normalized,spdsw_l40,sw,40,129,14654,0.0015173904185659952,0.03895369582678895,,,0.0006893068529821218,7.3473173386245945,0.0015173904185659952,0.0016960428704206685,0.0069902325612091615,3.6888794541139367,0.0,39.99999999999999,,,,0.000169393140822649,0.22389048640616238,0.05510678328573704,0.22389048640616238,5160,,7.3473173386245945,False,False,mean
Schirrmeister2017,1,6398,normalized,spdsw_l40,sw,40,130,14783,0.0013326545922478573,0.03650554193883248,,,0.0006517987959191274,7.3473173386245945,0.0013326545922478573,0.0014733481199954055,0.008354582118640352,3.6888794541139367,0.0,39.99999999999999,,,,0.0001660049892961979,0.22561089345254004,0.05510678328573704,0.22561089345254004,5200,,7.3473173386245945,False,False,mean
Schirrmeister2017,1,6398,normalized,spdsw_l40,sw,40,131,14913,0.001253889001798766,0.03541029513854362,,,0.0006288433198041887,7.3473173386245945,0.001253889001798766,0.0013402057373126908,0.005203111975821422,3.6888794541139367,0.0,39.99999999999999,,,,0.00017040804959833622,0.22732614446431398,0.05510678328573704,0.22732614446431398,5240,,7.3473173386245945,False,False,mean
Schirrmeister2017,1,6398,normalized,spdsw_l40,sw,40,132,15044,0.0009338149618207692,0.030558386112829475,,,0.000541541454156225,7.3473173386245945,0.0009338149618207692,0.0011710754278663547,0.005813870413078601,3.6888794541139367,0.0,39.99999999999999,,,,0.00016837706789374352,0.22902432247065008,0.05510678328573704,0.22902432247065008,5280,,7.3473173386245945,False,False,mean
Schirrmeister2017,1,6398,normalized,spdsw_l40,sw,40,133,15176,0.001229326026010938,0.03506174590648529,,,0.0006190231976269682,7.3473173386245945,0.001229326026010938,0.0012916815987943277,0.006612766971366005,3.6888794541139367,0.0,39.99999999999999,,,,0.00016551814042031765,0.23072278732433915,0.05510678328573704,0.23072278732433915,5320,,7.3473173386245945,False,False,mean
Schirrmeister2017,1,6398,normalized,spdsw_l40,sw,40,134,15309,0.001669036288586947,0.040853840561040855,,,0.0007232424346846416,7.3473173386245945,0.001669036288586947,0.0017681705424024991,0.007152687642931999,3.6888794541139367,0.0,39.99999999999999,,,,0.0001659609843045473,0.23241512547247112,0.05510678328573704,0.23241512547247112,5360,,7.3473173386245945,False,False,mean
Schirrmeister2017,1,6398,normalized,spdsw_l40,sw,40,135,15443,0.0016992488379999509,0.041221946072449694,,,0.0007391244119245638,7.347317338624595,0.0016992488379999509,0.0016322261468759494,0.007301187170866134,3.6888794541139367,0.0,39.99999999999999,,,,0.00016428506933152676,0.23410707828588784,0.05510678328573704,0.23410707828588784,5400,,7.3473173386245945,False,False,mean
Schirrmeister2017,1,6398,normalized,spdsw_l40,sw,40,136,15578,0.001649269208923717,0.04061119561061601,,,0.0007269792762436679,7.3473173386245945,0.001649269208923717,0.002031242471390116,0.011599545348145654,3.6888794541139367,0.0,39.99999999999999,,,,0.0001776751596480608,0.23581904033198953,0.05510678328573704,0.23581904033198953,5440,,7.3473173386245945,False,False,mean
Schirrmeister2017,1,6398,normalized,spdsw_l40,sw,40,137,15714,0.0015210443140679468,0.03900056812493822,,,0.0006887808422671648,7.347317338624595,0.0015210443140679468,0.0018706545966524284,0.008186685211411622,3.6888794541139367,0.0,39.99999999999999,,,,0.0001674459781497717,0.237514405278489,0.05510678328573704,0.237514405278489,5480,,7.3473173386245945,False,False,mean
Schirrmeister2017,1,6398,normalized,spdsw_l40,sw,40,138,15851,0.002364348875831262,0.04862457070073999,,,0.0008620188931878316,7.347317338624595,0.002364348875831262,0.0023860694045436852,0.012584481612679633,3.6888794541139367,0.0,39.99999999999999,,,,0.00016494491137564182,0.23921128828078508,0.05510678328573704,0.23921128828078508,5520,,7.3473173386245945,False,False,mean
Schirrmeister2017,1,6398,normalized,spdsw_l40,sw,40,139,15989,0.0013805399320325755,0.037155617772183194,,,0.0006511716982923794,7.347317338624595,0.0013805399320325755,0.0015409465459541995,0.007960175534443094,3.6888794541139367,0.0,39.99999999999999,,,,0.00017726817168295383,0.2409160453826189,0.05510678328573704,0.2409160453826189,5560,,7.3473173386245945,False,False,mean
Schirrmeister2017,1,6398,normalized,spdsw_l40,sw,40,140,16128,0.0018021888664492731,0.04245219507221356,,,0.000750599461711298,7.3473173386245945,0.0018021888664492731,0.002024823099510818,0.00926017608915891,3.6888794541139367,0.0,39.99999999999999,,,,0.00016637612134218216,0.2426013401709497,0.05510678328573704,0.2426013401709497,5600,,7.3473173386245945,False,False,mean
Schirrmeister2017,1,6398,normalized,spdsw_l40,sw,40,141,16268,0.0010708249318911647,0.0327234614900558,,,0.0005793208096326294,7.3473173386245945,0.0010708249318911647,0.0007643264371024529,0.0034866364495467084,3.6888794541139367,0.0,39.99999999999999,,,,0.0001662219874560833,0.24430335918441415,0.05510678328573704,0.24430335918441415,5640,,7.3473173386245945,False,False,mean
Schirrmeister2017,1,6398,normalized,spdsw_l40,sw,40,142,16409,0.0014543546797455517,0.03813600240908257,,,0.0006834506863213681,7.347317338624595,0.0014543546797455517,0.0018462192227982589,0.009354759584636137,3.6888794541139367,0.0,39.99999999999999,,,,0.0001646250020712614,0.24598675523884594,0.05510678328573704,0.24598675523884594,5680,,7.3473173386245945,False,False,mean
Schirrmeister2017,1,6398,normalized,spdsw_l40,sw,40,143,16551,0.001442802054158727,0.037984234284222804,,,0.0006706305077231685,7.347317338624595,0.001442802054158727,0.0010726275006378056,0.003690924968801348,3.6888794541139367,0.0,39.99999999999999,,,,0.00016667693853378296,0.24769493215717375,0.05510678328573704,0.24769493215717375,5720,,7.3473173386245945,False,False,mean
Schirrmeister2017,1,6398,normalized,spdsw_l40,sw,40,144,16694,0.0012198672639098375,0.03492659822985682,,,0.0006170426787209229,7.3473173386245945,0.0012198672639098375,0.0015496807985542567,0.006650806362241432,3.6888794541139367,0.0,39.99999999999999,,,,0.0001740618608891964,0.24939497630111873,0.05510678328573704,0.24939497630111873,5760,,7.3473173386245945,False,False,mean
Schirrmeister2017,1,6398,normalized,spdsw_l40,sw,40,145,16838,0.0010358428485536528,0.03218451255734119,,,0.0005699359273594999,7.3473173386245945,0.0010358428485536528,0.0012640478549871034,0.006643196222029403,3.6888794541139367,0.0,39.99999999999999,,,,0.00016509508714079857,0.25108250323683023,0.05510678328573704,0.25108250323683023,5800,,7.3473173386245945,False,False,mean
Schirrmeister2017,1,6398,normalized,spdsw_l40,sw,40,146,16983,0.0010732049953127447,0.03275980762020352,,,0.0005753382482244356,7.3473173386245945,0.0010732049953127447,0.0008832072556774454,0.0036097534046479387,3.6888794541139367,0.0,39.99999999999999,,,,0.00016667996533215046,0.2527738332282752,0.05510678328573704,0.2527738332282752,5840,,7.3473173386245945,False,False,mean
Schirrmeister2017,1,6398,normalized,spdsw_l40,sw,40,147,17129,0.0010511009291303078,0.032420686746741006,,,0.0005752548471524425,7.347317338624595,0.0010511009291303078,0.0013635622459293709,0.007878329570825144,3.6888794541139367,0.0,39.99999999999999,,,,0.000175961060449481,0.25447558937594295,0.05510678328573704,0.25447558937594295,5880,,7.3473173386245945,False,False,mean
Schirrmeister2017,1,6398,normalized,spdsw_l40,sw,40,148,17276,0.001607988422164666,0.04009973094878151,,,0.0007094327911057574,7.347317338624595,0.001607988422164666,0.0017427159996629288,0.009623310048226703,3.6888794541139367,0.0,39.99999999999999,,,,0.0001666590105742216,0.2561711391899735,0.05510678328573704,0.2561711391899735,5920,,7.3473173386245945,False,False,mean
Schirrmeister2017,1,6398,normalized,spdsw_l40,sw,40,149,17424,0.0020169336375329217,0.044910284318103816,,,0.0007885332157005947,7.3473173386245945,0.0020169336375329217,0.002526098429534238,0.01252126226287814,3.6888794541139367,0.0,39.99999999999999,,,,0.00016449205577373505,0.2578737251460552,0.05510678328573704,0.2578737251460552,5960,,7.3473173386245945,False,False,mean
Schirrmeister2017,1,6398,normalized,spdsw_l40,sw,40,150,17573,0.0021890190302008036,0.04678695363240487,98.32632150301725,1.1519879611303034,0.0008368240702469888,7.3473173386245945,0.0021890190302008036,0.002738036653523471,0.014952873615580856,3.6888794541139367,0.0,39.99999999999999,,,,0.00016704807057976723,0.2595533109270036,0.06397663219831884,0.2595533109270036,6000,,7.3473173386245945,False,False,mean
Schirrmeister2017,1,6398,normalized,spdsw_l40,sw,40,151,17723,0.001521563512304812,0.039007223847703026,,,0.0007010123556579406,7.3473173386245945,0.001521563512304812,0.0018008225816182096,0.0071397078801476496,3.6888794541139367,0.0,39.99999999999999,,,,0.0001987731084227562,0.26151988888159394,0.06397663219831884,0.26151988888159394,6040,,7.3473173386245945,False,False,mean
Schirrmeister2017,1,6398,normalized,spdsw_l40,sw,40,152,17874,0.0012091803537693036,0.03477327067978081,,,0.0006145706118892186,7.3473173386245945,0.0012091803537693036,0.0012374875901778703,0.004920371111751004,3.6888794541139367,0.0,39.99999999999999,,,,0.00018216902390122414,0.2633018100168556,0.06397663219831884,0.2633018100168556,6080,,7.3473173386245945,False,False,mean
Schirrmeister2017,1,6398,normalized,spdsw_l40,sw,40,153,18026,0.0011879836541831969,0.03446713875828971,,,0.0006056432092114373,7.347317338624595,0.0011879836541831969,0.0014701743250361715,0.005745007131142749,3.6888794541139367,0.0,39.99999999999999,,,,0.00017082993872463703,0.26503652101382613,0.06397663219831884,0.26503652101382613,6120,,7.3473173386245945,False,False,mean
Schirrmeister2017,1,6398,normalized,spdsw_l40,sw,40,154,18179,0.0014623621829035732,0.03824084443240726,,,0.0006748204339242593,7.347317338624595,0.0014623621829035732,0.002211589107997835,0.01247136620139696,3.6888794541139367,0.0,39.99999999999999,,,,0.00018299510702490807,0.2667515240609646,0.06397663219831884,0.2667515240609646,6160,,7.3473173386245945,False,False,mean
Schirrmeister2017,1,6398,normalized,spdsw_l40,sw,40,155,18333,0.0009380750766176329,0.03062801130693328,,,0.0005436203306905538,7.347317338624594,0.0009380750766176329,0.0008915145481278408,0.004857565522220601,3.6888794541139367,0.0,39.99999999999999,,,,0.00016592303290963173,0.26844708202406764,0.06397663219831884,0.26844708202406764,6200,,7.3473173386245945,False,False,mean
Schirrmeister2017,1,6398,normalized,spdsw_l40,sw,40,156,18488,0.0012038559042611,0.034696626698586995,,,0.0006095858487454037,7.347317338624595,0.0012038559042611,0.0011869266838049047,0.004676245424097062,3.6888794541139367,0.0,39.99999999999999,,,,0.00016469694674015045,0.27015087101608515,0.06397663219831884,0.27015087101608515,6240,,7.3473173386245945,False,False,mean
Schirrmeister2017,1,6398,normalized,spdsw_l40,sw,40,157,18644,0.0015306904478191294,0.039124039257458186,,,0.0006866327248202891,7.347317338624595,0.0015306904478191294,0.002196623609390524,0.013154936181292962,3.6888794541139367,0.0,39.99999999999999,,,,0.00017223297618329525,0.27185710798949003,0.06397663219831884,0.27185710798949003,6280,,7.3473173386245945,False,False,mean
Schirrmeister2017,1,6398,normalized,spdsw_l40,sw,40,158,18801,0.0011963545616696112,0.034588358759409375,,,0.0006103718643673319,7.3473173386245945,0.0011963545616696112,0.0013716158444596345,0.007218722867554336,3.6888794541139367,0.0,39.99999999999999,,,,0.00016749300993978977,0.2735560529399663,0.06397663219831884,0.2735560529399663,6320,,7.3473173386245945,False,False,mean
Schirrmeister2017,1,6398,normalized,spdsw_l40,sw,40,159,18959,0.0008303695017246679,0.02881613266426756,,,0.0005107684527831635,7.347317338624595,0.0008303695017246679,0.0007714891997471909,0.003926989138270462,3.6888794541139367,0.0,39.99999999999999,,,,0.00016583199612796307,0.2752526628319174,0.06397663219831884,0.2752526628319174,6360,,7.3473173386245945,False,False,mean
Schirrmeister2017,1,6398,normalized,spdsw_l40,sw,40,160,19118,0.0015707842426341677,0.03963312052607223,,,0.0007068164915691705,7.347317338624595,0.0015707842426341677,0.0018652350388726727,0.009827443116433276,3.6888794541139367,0.0,39.99999999999999,,,,0.00016405386850237846,0.2769401059485972,0.06397663219831884,0.2769401059485972,6400,,7.3473173386245945,False,False,mean
Schirrmeister2017,1,6398,normalized,spdsw_l40,sw,40,161,19278,0.0014287682784818812,0.037799051290764975,,,0.0006673018588763416,7.347317338624595,0.0014287682784818812,0.0013568743366447957,0.005051883493229678,3.6888794541139367,0.0,39.99999999999999,,,,0.0001695521641522646,0.2786478418856859,0.06397663219831884,0.2786478418856859,6440,,7.3473173386245945,False,False,mean
Schirrmeister2017,1,6398,normalized,spdsw_l40,sw,40,162,19439,0.0015401249564207828,0.039244425800625274,,,0.0006891389562945783,7.3473173386245945,0.0015401249564207828,0.0016165999994080858,0.007066789283941064,3.6888794541139367,0.0,39.99999999999999,,,,0.00017335312440991402,0.2803465719334781,0.06397663219831884,0.2803465719334781,6480,,7.3473173386245945,False,False,mean
Schirrmeister2017,1,6398,normalized,spdsw_l40,sw,40,163,19601,0.0010954485431049431,0.0330975609842318,,,0.0005898394590343486,7.3473173386245945,0.0010954485431049431,0.0012023926713044856,0.006642109456716398,3.6888794541139367,0.0,39.99999999999999,,,,0.00016517704352736473,0.2820296410936862,0.06397663219831884,0.2820296410936862,6520,,7.3473173386245945,False,False,mean
Schirrmeister2017,1,6398,normalized,spdsw_l40,sw,40,164,19764,0.0011753560801452433,0.034283466571297064,,,0.0006083476702140976,7.3473173386245945,0.0011753560801452433,0.001051695855133197,0.003996047758337653,3.6888794541139367,0.0,39.99999999999999,,,,0.00016442290507256985,0.28372226003557444,0.06397663219831884,0.28372226003557444,6560,,7.3473173386245945,False,False,mean
Schirrmeister2017,1,6398,normalized,spdsw_l40,sw,40,165,19928,0.0011154004181915592,0.03339761096533043,,,0.000592176007933396,7.3473173386245945,0.0011154004181915592,0.0011361634520682506,0.004999835921394822,3.6888794541139367,0.0,39.99999999999999,,,,0.0001698469277471304,0.2854271961841732,0.06397663219831884,0.2854271961841732,6600,,7.3473173386245945,False,False,mean
Schirrmeister2017,1,6398,normalized,spdsw_l40,sw,40,166,20093,0.0011357653640906632,0.03370111814303293,,,0.0005973452972934113,7.3473173386245945,0.0011357653640906632,0.0011585835785468195,0.005297906526624017,3.6888794541139367,0.0,39.99999999999999,,,,0.0001669588964432478,0.2871198942884803,0.06397663219831884,0.2871198942884803,6640,,7.3473173386245945,False,False,mean
Schirrmeister2017,1,6398,normalized,spdsw_l40,sw,40,167,20259,0.0012388853535855561,0.03519780324942959,,,0.0006246601125238147,7.347317338624595,0.0012388853535855561,0.0012097065102528014,0.006126694255276942,3.6888794541139367,0.0,39.99999999999999,,,,0.0001661800779402256,0.28881692234426737,0.06397663219831884,0.28881692234426737,6680,,7.3473173386245945,False,False,mean
Schirrmeister2017,1,6398,normalized,spdsw_l40,sw,40,168,20426,0.0014401085351713572,0.037948761971523616,,,0.0006741000606606694,7.347317338624594,0.0014401085351713572,0.002332181802955809,0.010732982971472311,3.6888794541139367,0.0,39.99999999999999,,,,0.00016620894894003868,0.29050318244844675,0.06397663219831884,0.29050318244844675,6720,,7.3473173386245945,False,False,mean
Schirrmeister2017,1,6398,normalized,spdsw_l40,sw,40,169,20594,0.0015052018292297813,0.0387969306676415,,,0.0006777554605148696,7.3473173386245945,0.0015052018292297813,0.0016887519210408385,0.006894868278210296,3.6888794541139367,0.0,39.99999999999999,,,,0.00016912911087274551,0.29220264358446,0.06397663219831884,0.29220264358446,6760,,7.3473173386245945,False,False,mean
Schirrmeister2017,1,6398,normalized,spdsw_l40,sw,40,170,20763,0.0017120497413779597,0.04137692281185201,,,0.0007280964863272476,7.3473173386245945,0.0017120497413779597,0.002278155619402609,0.01235341609209966,3.6888794541139367,0.0,39.99999999999999,,,,0.00017467699944972992,0.29389915452338755,0.06397663219831884,0.29389915452338755,6800,,7.3473173386245945,False,False,mean
Schirrmeister2017,1,6398,normalized,spdsw_l40,sw,40,171,20933,0.0012241180080280211,0.03498739784591048,,,0.000617856121826774,7.3473173386245945,0.0012241180080280211,0.0012268785130791612,0.004772621886539204,3.6888794541139367,0.0,39.99999999999999,,,,0.00016530882567167282,0.29558725748211145,0.06397663219831884,0.29558725748211145,6840,,7.3473173386245945,False,False,mean
Schirrmeister2017,1,6398,normalized,spdsw_l40,sw,40,172,21104,0.0013175746858048929,0.036298411615453545,,,0.0006437384178919649,7.3473173386245945,0.0013175746858048929,0.00143925134124796,0.007014469616435215,3.6888794541139367,0.0,39.99999999999999,,,,0.00016447505913674831,0.2972839386202395,0.06397663219831884,0.2972839386202395,6880,,7.3473173386245945,False,False,mean
Schirrmeister2017,1,6398,normalized,spdsw_l40,sw,40,173,21276,0.0011147469176458872,0.03338782588977436,,,0.0005883744267538652,7.3473173386245945,0.0011147469176458872,0.0012337009948844943,0.0056569871039457865,3.6888794541139367,0.0,39.99999999999999,,,,0.0001774439588189125,0.29898885264992714,0.06397663219831884,0.29898885264992714,6920,,7.3473173386245945,False,False,mean
Schirrmeister2017,1,6398,normalized,spdsw_l40,sw,40,174,21449,0.0011730025449766257,0.034249124733000486,,,0.0006001691657854015,7.347317338624594,0.0011730025449766257,0.001320220439351838,0.007287442453811632,3.6888794541139367,0.0,39.99999999999999,,,,0.00016605202108621597,0.3006722505670041,0.06397663219831884,0.3006722505670041,6960,,7.3473173386245945,False,False,mean
Schirrmeister2017,1,6398,normalized,spdsw_l40,sw,40,175,21623,0.001147691150130325,0.033877590677766994,98.19219471071852,1.2868263907309978,0.000597148610202687,7.3473173386245945,0.001147691150130325,0.001155951249747458,0.005661655045918906,3.6888794541139367,0.0,39.99999999999999,,,,0.0001666741445660591,0.3023706986568868,0.07303587021306157,0.3023706986568868,7000,,7.3473173386245945,False,False,mean
Schirrmeister2017,1,6398,normalized,spdsw_l40,sw,40,176,21798,0.0010401616426715468,0.0322515370590542,,,0.0005677405991607427,7.3473173386245945,0.0010401616426715468,0.0009943064015890863,0.004405251935576385,3.6888794541139367,0.0,39.99999999999999,,,,0.0001932019367814064,0.3042648776900023,0.07303587021306157,0.3042648776900023,7040,,7.3473173386245945,False,False,mean
Schirrmeister2017,1,6398,normalized,spdsw_l40,sw,40,177,21974,0.001356119040275921,0.0368255215886472,,,0.0006492429869600363,7.347317338624595,0.001356119040275921,0.0014065439861405938,0.006900356123551672,3.6888794541139367,0.0,39.99999999999999,,,,0.00017392192967236042,0.3060384716372937,0.07303587021306157,0.3060384716372937,7080,,7.3473173386245945,False,False,mean
Schirrmeister2017,1,6398,normalized,spdsw_l40,sw,40,178,22151,0.0016957940578315193,0.041180020129081035,,,0.0007367444667920114,7.3473173386245945,0.0016957940578315193,0.0019038974857287813,0.008602390565358244,3.6888794541139367,0.0,39.99999999999999,,,,0.0001689691562205553,0.3077677176333964,0.07303587021306157,0.3077677176333964,7120,,7.3473173386245945,False,False,mean
Schirrmeister2017,1,6398,normalized,spdsw_l40,sw,40,179,22329,0.0011882526728189751,0.034471041075357374,,,0.0006135333357227665,7.347317338624595,0.0011882526728189751,0.001315737938184339,0.005432742137371159,3.6888794541139367,0.0,39.99999999999999,,,,0.0001686769537627697,0.30948701361194253,0.07303587021306157,0.30948701361194253,7160,,7.3473173386245945,False,False,mean
Schirrmeister2017,1,6398,normalized,spdsw_l40,sw,40,180,22508,0.0014112550624366838,0.03756667489193958,,,0.0006640538463150713,7.3473173386245945,0.0014112550624366838,0.0021708853772651818,0.010506890076871885,3.6888794541139367,0.0,39.99999999999999,,,,0.00016937707550823689,0.3111787324305624,0.07303587021306157,0.3111787324305624,7200,,7.3473173386245945,False,False,mean
Schirrmeister2017,1,6398,normalized,spdsw_l40,sw,40,181,22688,0.001256214756928402,0.035443120022486764,,,0.0006253860784089203,7.347317338624593,0.001256214756928402,0.0011478996692578735,0.004198378197835849,3.6888794541139367,0.0,39.99999999999999,,,,0.00016983598470687866,0.31289786845445633,0.07303587021306157,0.31289786845445633,7240,,7.3473173386245945,False,False,mean
Schirrmeister2017,1,6398,normalized,spdsw_l40,sw,40,182,22869,0.0012696497560353078,0.03563214498223911,,,0.0006363101485104432,7.347317338624595,0.0012696497560353078,0.001348602945827742,0.00651117770509496,3.6888794541139367,0.0,39.99999999999999,,,,0.00016775005497038364,0.31460021948441863,0.07303587021306157,0.31460021948441863,7280,,7.3473173386245945,False,False,mean
Schirrmeister2017,1,6398,normalized,spdsw_l40,sw,40,183,23051,0.0013088691458855934,0.03617829661393131,,,0.0006399873943956836,7.347317338624595,0.0013088691458855934,0.0014056962321360356,0.0056244193451684505,3.6888794541139367,0.0,39.99999999999999,,,,0.0001669498160481453,0.3163021863438189,0.07303587021306157,0.3163021863438189,7320,,7.3473173386245945,False,False,mean
Schirrmeister2017,1,6398,normalized,spdsw_l40,sw,40,184,23234,0.00108112956929483,0.03288053480852813,,,0.0005798836550027147,7.347317338624595,0.00108112956929483,0.0011783383782300347,0.005605440127583291,3.6888794541139367,0.0,39.99999999999999,,,,0.00016447808593511581,0.31799587327986956,0.07303587021306157,0.31799587327986956,7360,,7.3473173386245945,False,False,mean
Schirrmeister2017,1,6398,normalized,spdsw_l40,sw,40,185,23418,0.0012018670726920767,0.03466795455016169,,,0.000618724253120062,7.3473173386245945,0.0012018670726920767,0.0017156458237401583,0.007303431438651682,3.6888794541139367,0.0,39.99999999999999,,,,0.00017332215793430805,0.3196949362754822,0.07303587021306157,0.3196949362754822,7400,,7.3473173386245945,False,False,mean
Schirrmeister2017,1,6398,normalized,spdsw_l40,sw,40,186,23603,0.001456714395355448,0.03816692803141809,,,0.0006797929968838721,7.3473173386245945,0.001456714395355448,0.0014383254035987985,0.005525308257880234,3.6888794541139367,0.0,39.99999999999999,,,,0.0001655931118875742,0.3213841482065618,0.07303587021306157,0.3213841482065618,7440,,7.3473173386245945,False,False,mean
Schirrmeister2017,1,6398,normalized,spdsw_l40,sw,40,187,23789,0.0011778505016962404,0.03431982665597599,,,0.0006111535806700007,7.3473173386245945,0.0011778505016962404,0.0013302745733555154,0.006779873073213524,3.6888794541139367,0.0,39.99999999999999,,,,0.00016514421440660954,0.3230810952372849,0.07303587021306157,0.3230810952372849,7480,,7.3473173386245945,False,False,mean
Schirrmeister2017,1,6398,normalized,spdsw_l40,sw,40,188,23976,0.0011162422629123557,0.033410211955513774,,,0.000596021558492114,7.3473173386245945,0.0011162422629123557,0.0012654045286024593,0.0056518880978414735,3.6888794541139367,0.0,39.99999999999999,,,,0.00016780104488134384,0.324760532239452,0.07303587021306157,0.324760532239452,7520,,7.3473173386245945,False,False,mean
Schirrmeister2017,1,6398,normalized,spdsw_l40,sw,40,189,24164,0.0012432629457877213,0.035259934001465765,,,0.0006236482634314427,7.347317338624595,0.0012432629457877213,0.0013248472109774446,0.006342050335019502,3.6888794541139367,0.0,39.99999999999999,,,,0.00016760104335844517,0.3264525930862874,0.07303587021306157,0.3264525930862874,7560,,7.3473173386245945,False,False,mean
Schirrmeister2017,1,6398,normalized,spdsw_l40,sw,40,190,24353,0.0013443575419223776,0.03666548161312459,,,0.0006467445665901783,7.3473173386245945,0.0013443575419223776,0.001350082979551345,0.007489934691324628,3.6888794541139367,0.0,39.99999999999999,,,,0.00016665412113070488,0.3281653062440455,0.07303587021306157,0.3281653062440455,7600,,7.3473173386245945,False,False,mean
Schirrmeister2017,1,6398,normalized,spdsw_l40,sw,40,191,24543,0.0013137320749117146,0.03624544212603448,,,0.0006425143982356126,7.347317338624595,0.0013137320749117146,0.0011418601710800785,0.005551666831520331,3.6888794541139367,0.0,39.99999999999999,,,,0.00016707205213606358,0.3298605652526021,0.07303587021306157,0.3298605652526021,7640,,7.3473173386245945,False,False,mean
Schirrmeister2017,1,6398,normalized,spdsw_l40,sw,40,192,24734,0.0017205047911441247,0.041478968057849806,,,0.0007434432050880424,7.3473173386245945,0.0017205047911441247,0.0021117692690764507,0.011526084416117459,3.6888794541139367,0.0,39.99999999999999,,,,0.00016503105871379375,0.33155450131744146,0.07303587021306157,0.33155450131744146,7680,,7.3473173386245945,False,False,mean
Schirrmeister2017,1,6398,normalized,spdsw_l40,sw,40,193,24926,0.001159637612995296,0.03405345229187925,,,0.0006070162238542301,7.3473173386245945,0.001159637612995296,0.0010110601787197571,0.004018093195219985,3.6888794541139367,0.0,39.99999999999999,,,,0.00017542089335620403,0.333260799292475,0.07303587021306157,0.333260799292475,7720,,7.3473173386245945,False,False,mean
Schirrmeister2017,1,6398,normalized,spdsw_l40,sw,40,194,25119,0.0010987293470889638,0.033147086555064896,,,0.0005878942304949454,7.3473173386245945,0.0010987293470889638,0.001027154604074267,0.004457344162893315,3.6888794541139367,0.0,39.99999999999999,,,,0.00016602198593318462,0.3349516133312136,0.07303587021306157,0.3349516133312136,7760,,7.3473173386245945,False,False,mean
Schirrmeister2017,1,6398,normalized,spdsw_l40,sw,40,195,25313,0.0014450198273124404,0.038013416412004335,,,0.0006773416881205971,7.347317338624595,0.0014450198273124404,0.0017311319735088173,0.00626185365435825,3.6888794541139367,0.0,39.99999999999999,,,,0.0001642480492591858,0.33664114540442824,0.07303587021306157,0.33664114540442824,7800,,7.3473173386245945,False,False,mean
Schirrmeister2017,1,6398,normalized,spdsw_l40,sw,40,196,25508,0.001173005371426155,0.03424916599606704,,,0.0006115555225169597,7.347317338624595,0.001173005371426155,0.0009808294139698724,0.0037934132021758805,3.6888794541139367,0.0,39.99999999999999,,,,0.00017667305655777454,0.3383426982909441,0.07303587021306157,0.3383426982909441,7840,,7.3473173386245945,False,False,mean
Schirrmeister2017,1,6398,normalized,spdsw_l40,sw,40,197,25704,0.00141340453765566,0.03759527280996455,,,0.0006664020361759896,7.347317338624595,0.00141340453765566,0.0015812378796368543,0.00570948315202906,3.6888794541139367,0.0,39.99999999999999,,,,0.000167513033375144,0.3400337244383991,0.07303587021306157,0.3400337244383991,7880,,7.3473173386245945,False,False,mean
Schirrmeister2017,1,6398,normalized,spdsw_l40,sw,40,198,25901,0.0017350102236875907,0.04165345392266517,,,0.0007398661962799451,7.3473173386245945,0.0017350102236875907,0.0018730355230684428,0.006721285628184725,3.6888794541139367,0.0,39.99999999999999,,,,0.000163394957780838,0.3417288614436984,0.07303587021306157,0.3417288614436984,7920,,7.3473173386245945,False,False,mean
Schirrmeister2017,1,6398,normalized,spdsw_l40,sw,40,199,26099,0.0013365990794968936,0.03655952788941473,,,0.0006475409388898473,7.3473173386245945,0.0013365990794968936,0.0025379184073517514,0.01583524135572286,3.6888794541139367,0.0,39.99999999999999,,,,0.00016763294115662575,0.34341658535413444,0.07303587021306157,0.34341658535413444,7960,,7.3473173386245945,False,False,mean
Schirrmeister2017,1,6398,normalized,spdsw_l40,sw,40,200,26298,0.001034251217142338,0.032159776385142017,97.85866133336485,1.6221293980646871,0.0005736070565748202,7.3473173386245945,0.001034251217142338,0.0011334069802008612,0.004000700838104911,3.6888794541139367,0.0,39.99999999999999,,,,0.00016618194058537483,0.3451049483846873,0.08206415618769825,0.3451049483846873,8000,,7.3473173386245945,False,False,mean
Schirrmeister2017,1,6398,normalized,spdsw_l40,sw,40,201,26498,0.0012474303437024427,0.03531897993575753,,,0.0006229456509854762,7.3473173386245945,0.0012474303437024427,0.0013698451635629223,0.005886686782405297,3.6888794541139367,0.0,39.99999999999999,,,,0.00020931987091898918,0.34711287752725184,0.08206415618769825,0.34711287752725184,8040,,7.3473173386245945,False,False,mean
Schirrmeister2017,1,6398,normalized,spdsw_l40,sw,40,202,26699,0.0009615481899812262,0.031008840513331457,,,0.0005489521185649636,7.347317338624595,0.0009615481899812262,0.0008427336164765822,0.003823381086815034,3.6888794541139367,0.0,39.99999999999999,,,,0.00017907214350998402,0.34892900637350976,0.08206415618769825,0.34892900637350976,8080,,7.3473173386245945,False,False,mean
Schirrmeister2017,1,6398,normalized,spdsw_l40,sw,40,203,26901,0.001404749141637979,0.03747998321288283,,,0.0006577127658977724,7.347317338624595,0.001404749141637979,0.0017688672607019524,0.008672066732147831,3.6888794541139367,0.0,39.99999999999999,,,,0.00017379806376993656,0.350683041382581,0.08206415618769825,0.350683041382581,8120,,7.3473173386245945,False,False,mean
Schirrmeister2017,1,6398,normalized,spdsw_l40,sw,40,204,27104,0.0011689381174311286,0.03418973701904021,,,0.0006074066359744965,7.347317338624595,0.0011689381174311286,0.001450726885184743,0.00655263840392706,3.6888794541139367,0.0,39.99999999999999,,,,0.00016872701235115528,0.3524214655626565,0.08206415618769825,0.3524214655626565,8160,,7.3473173386245945,False,False,mean
Schirrmeister2017,1,6398,normalized,spdsw_l40,sw,40,205,27308,0.0013435985519764362,0.03665512995443389,,,0.000647246697873228,7.347317338624595,0.0013435985519764362,0.001455437464731933,0.006732925843468799,3.6888794541139367,0.0,39.99999999999999,,,,0.0001694830134510994,0.3541392753832042,0.08206415618769825,0.3541392753832042,8200,,7.3473173386245945,False,False,mean
Schirrmeister2017,1,6398,normalized,spdsw_l40,sw,40,206,27513,0.0012503247839172494,0.035359931899216795,,,0.000627311803210468,7.347317338624595,0.0012503247839172494,0.0012616725215308289,0.005911161054345079,3.6888794541139367,0.0,39.99999999999999,,,,0.00016643991693854332,0.35583094134926796,0.08206415618769825,0.35583094134926796,8240,,7.3473173386245945,False,False,mean
Schirrmeister2017,1,6398,normalized,spdsw_l40,sw,40,207,27719,0.0010708505815801663,0.03272385340359791,,,0.000575630125709119,7.347317338624595,0.0010708505815801663,0.0012414248958156908,0.005534013480247347,3.6888794541139367,0.0,39.99999999999999,,,,0.000167494872584939,0.3575417473912239,0.08206415618769825,0.3575417473912239,8280,,7.3473173386245945,False,False,mean
Schirrmeister2017,1,6398,normalized,spdsw_l40,sw,40,208,27926,0.0014102272851689627,0.0375529930254429,,,0.0006610812938030251,7.347317338624595,0.0014102272851689627,0.0017013351163040135,0.007433241029934335,3.6888794541139367,0.0,39.99999999999999,,,,0.00016662408597767353,0.35924280155450106,0.08206415618769825,0.35924280155450106,8320,,7.3473173386245945,False,False,mean
Schirrmeister2017,1,6398,normalized,spdsw_l40,sw,40,209,28134,0.0010256929602945406,0.03202644158027146,,,0.0005701564306690767,7.3473173386245945,0.0010256929602945406,0.001172893800882985,0.005703062193380153,3.6888794541139367,0.0,39.99999999999999,,,,0.00016615679487586021,0.3609474163968116,0.08206415618769825,0.3609474163968116,8360,,7.3473173386245945,False,False,mean
Schirrmeister2017,1,6398,normalized,spdsw_l40,sw,40,210,28343,0.0013275753058447793,0.03643590682067319,,,0.0006405564486164851,7.347317338624595,0.0013275753058447793,0.0011509509041455089,0.004361985902149024,3.6888794541139367,0.0,39.99999999999999,,,,0.000173123087733984,0.3626464423723519,0.08206415618769825,0.3626464423723519,8400,,7.3473173386245945,False,False,mean
Schirrmeister2017,1,6398,normalized,spdsw_l40,sw,40,211,28553,0.0014175692724138099,0.03765062114247001,,,0.0006684960943838346,7.3473173386245945,0.0014175692724138099,0.0011556952703785461,0.0057339263412625255,3.6888794541139367,0.0,39.99999999999999,,,,0.00016579893417656422,0.36434332840144634,0.08206415618769825,0.36434332840144634,8440,,7.3473173386245945,False,False,mean
Schirrmeister2017,1,6398,normalized,spdsw_l40,sw,40,212,28764,0.0012909751767094515,0.035930143009866404,,,0.0006365361318779445,7.347317338624595,0.0012909751767094515,0.0011921963620855818,0.004634373407585471,3.6888794541139367,0.0,39.99999999999999,,,,0.00016507902182638645,0.36604133737273514,0.08206415618769825,0.36604133737273514,8480,,7.3473173386245945,False,False,mean
Schirrmeister2017,1,6398,normalized,spdsw_l40,sw,40,213,28976,0.0009961919661795001,0.03156250887016905,,,0.000556207289821633,7.3473173386245945,0.0009961919661795001,0.0010600954963481848,0.004622632300095441,3.6888794541139367,0.0,39.99999999999999,,,,0.00016757403500378132,0.3677309814374894,0.08206415618769825,0.3677309814374894,8520,,7.3473173386245945,False,False,mean
Schirrmeister2017,1,6398,normalized,spdsw_l40,sw,40,214,29189,0.0012423593363548953,0.035247118128364695,,,0.0006196961770193141,7.3473173386245945,0.0012423593363548953,0.0017205424034980657,0.009900723754370743,3.6888794541139367,0.0,39.99999999999999,,,,0.00016444199718534946,0.3694117234554142,0.08206415618769825,0.3694117234554142,8560,,7.3473173386245945,False,False,mean
Schirrmeister2017,1,6398,normalized,spdsw_l40,sw,40,215,29403,0.0009686569387951254,0.03112325398789666,,,0.0005530767844390097,7.3473173386245945,0.0009686569387951254,0.001464644993423278,0.009151097890132368,3.6888794541139367,0.0,39.99999999999999,,,,0.00016618194058537483,0.37111392454244196,0.08206415618769825,0.37111392454244196,8600,,7.3473173386245945,False,False,mean
Schirrmeister2017,1,6398,normalized,spdsw_l40,sw,40,216,29618,0.0013589553321107168,0.03686401134047564,,,0.0006632968166858332,7.3473173386245945,0.0013589553321107168,0.0014893896183494728,0.00765395564238239,3.6888794541139367,0.0,39.99999999999999,,,,0.00016986601985991,0.37281627650372684,0.08206415618769825,0.37281627650372684,8640,,7.3473173386245945,False,False,mean
Schirrmeister2017,1,6398,normalized,spdsw_l40,sw,40,217,29834,0.0010912088494673987,0.03303345046263558,,,0.0005880565379183357,7.347317338624595,0.0010912088494673987,0.0013662611760618265,0.007018429442723375,3.6888794541139367,0.0,39.99999999999999,,,,0.0001677977852523327,0.37451174459420145,0.08206415618769825,0.37451174459420145,8680,,7.3473173386245945,False,False,mean
Schirrmeister2017,1,6398,normalized,spdsw_l40,sw,40,218,30051,0.001425033016713894,0.037749609490879424,,,0.0006703771661933265,7.347317338624595,0.001425033016713894,0.00172002318459243,0.006860784661855832,3.6888794541139367,0.0,39.99999999999999,,,,0.00017239083535969257,0.37620003265328705,0.08206415618769825,0.37620003265328705,8720,,7.3473173386245945,False,False,mean
Schirrmeister2017,1,6398,normalized,spdsw_l40,sw,40,219,30269,0.0008734069348607038,0.029553458932258737,,,0.000524373615344877,7.347317338624595,0.0008734069348607038,0.0009137148046410556,0.003551797578505613,3.6888794541139367,0.0,39.99999999999999,,,,0.00016784877516329288,0.37789990357123315,0.08206415618769825,0.37789990357123315,8760,,7.3473173386245945,False,False,mean
Schirrmeister2017,1,6398,normalized,spdsw_l40,sw,40,220,30488,0.0014228377341645615,0.037720521393063505,,,0.0006654986538189744,7.3473173386245945,0.0014228377341645615,0.0014171778559100754,0.006648453562062374,3.6888794541139367,0.0,39.99999999999999,,,,0.00016737007535994053,0.3796018057037145,0.08206415618769825,0.3796018057037145,8800,,7.3473173386245945,False,False,mean
Schirrmeister2017,1,6398,normalized,spdsw_l40,sw,40,221,30708,0.0012764291508588796,0.035727148652794555,,,0.0006309188422735886,7.3473173386245945,0.0012764291508588796,0.0015943284501465918,0.007908911811843517,3.6888794541139367,0.0,39.99999999999999,,,,0.00017375615425407887,0.3812927445396781,0.08206415618769825,0.3812927445396781,8840,,7.3473173386245945,False,False,mean
Schirrmeister2017,1,6398,normalized,spdsw_l40,sw,40,222,30929,0.0012714762803816987,0.03565776605988797,,,0.0006342819052504275,7.3473173386245945,0.0012714762803816987,0.0016979354245669623,0.007803961871656327,3.6888794541139367,0.0,39.99999999999999,,,,0.00016447319649159908,0.3829691356513649,0.08206415618769825,0.3829691356513649,8880,,7.3473173386245945,False,False,mean
Schirrmeister2017,1,6398,normalized,spdsw_l40,sw,40,223,31151,0.0009124892804091418,0.03020743750153498,,,0.0005339836003052209,7.3473173386245945,0.0009124892804091418,0.0009945647468034135,0.004676887035526729,3.6888794541139367,0.0,39.99999999999999,,,,0.00016623991541564465,0.3846818667370826,0.08206415618769825,0.3846818667370826,8920,,7.3473173386245945,False,False,mean
Schirrmeister2017,1,6398,normalized,spdsw_l40,sw,40,224,31374,0.0008921260188931665,0.029868478683943153,,,0.0005297975173111468,7.3473173386245945,0.0008921260188931665,0.0010582134006958583,0.0049306116136595985,3.6888794541139367,0.0,39.99999999999999,,,,0.00016934191808104515,0.38636952289380133,0.08206415618769825,0.38636952289380133,8960,,7.3473173386245945,False,False,mean
Schirrmeister2017,1,6398,normalized,spdsw_l40,sw,40,225,31598,0.0014038720106657875,0.03746828006014938,97.6064664654352,1.8756623377718418,0.0006517987751579374,7.3473173386245945,0.0014038720106657875,0.0016077311031146451,0.008197237632808576,3.6888794541139367,0.0,39.99999999999999,,,,0.00016443198546767235,0.38804679503664374,0.09096463723108172,0.38804679503664374,9000,,7.3473173386245945,False,False,mean
Schirrmeister2017,1,6398,normalized,spdsw_l40,sw,40,226,31823,0.0012317133883602137,0.03509577450862445,,,0.0006204984212029105,7.3473173386245945,0.0012317133883602137,0.0011379885760946806,0.006019587706227396,3.6888794541139367,0.0,39.99999999999999,,,,0.0002010110765695572,0.3899947381578386,0.09096463723108172,0.3899947381578386,9040,,7.3473173386245945,False,False,mean
Schirrmeister2017,1,6398,normalized,spdsw_l40,sw,40,227,32049,0.0014041639081564868,0.037472175119099865,,,0.0006703419180833488,7.3473173386245945,0.0014041639081564868,0.0015078127948142137,0.008197311600837138,3.6888794541139367,0.0,39.99999999999999,,,,0.00018649804405868053,0.3917826642282307,0.09096463723108172,0.3917826642282307,9080,,7.3473173386245945,False,False,mean
Schirrmeister2017,1,6398,normalized,spdsw_l40,sw,40,228,32276,0.0012438986427260143,0.03526894728689835,,,0.0006291567511805379,7.347317338624595,0.0012438986427260143,0.0013860882067459252,0.006337719089745856,3.6888794541139367,0.0,39.99999999999999,,,,0.00018110382370650768,0.3935360333416611,0.09096463723108172,0.3935360333416611,9120,,7.3473173386245945,False,False,mean
Schirrmeister2017,1,6398,normalized,spdsw_l40,sw,40,229,32504,0.0013780261630446126,0.037121774783065165,,,0.000662412594034676,7.347317338624595,0.0013780261630446126,0.001569348597326194,0.007436660731916031,3.6888794541139367,0.0,39.99999999999999,,,,0.00017044390551745892,0.39525307924486697,0.09096463723108172,0.39525307924486697,9160,,7.3473173386245945,False,False,mean
Schirrmeister2017,1,6398,normalized,spdsw_l40,sw,40,230,32733,0.0013913729305009388,0.0373011116523481,,,0.0006643679453107871,7.3473173386245945,0.0013913729305009388,0.0014059965273122662,0.005126868953217338,3.6888794541139367,0.0,39.99999999999999,,,,0.00016704294830560684,0.3969694133847952,0.09096463723108172,0.3969694133847952,9200,,7.3473173386245945,False,False,mean
Schirrmeister2017,1,6398,normalized,spdsw_l40,sw,40,231,32963,0.0011046888468166538,0.03323685976166602,,,0.0005872766631155882,7.3473173386245945,0.0011046888468166538,0.0010788428980160942,0.0035968976157475653,3.6888794541139367,0.0,39.99999999999999,,,,0.00016679707914590836,0.3986585245002061,0.09096463723108172,0.3986585245002061,9240,,7.3473173386245945,False,False,mean
Schirrmeister2017,1,6398,normalized,spdsw_l40,sw,40,232,33194,0.0015046512993076955,0.038789834999748266,,,0.0006901454852220824,7.347317338624595,0.0015046512993076955,0.001670535396247202,0.0075205620705884185,3.6888794541139367,0.0,39.99999999999999,,,,0.0001689479686319828,0.40036524645984173,0.09096463723108172,0.40036524645984173,9280,,7.3473173386245945,False,False,mean
Schirrmeister2017,1,6398,normalized,spdsw_l40,sw,40,233,33426,0.001038279296606185,0.0322223415754688,,,0.000568478413380976,7.3473173386245945,0.001038279296606185,0.0011081788203341721,0.004168393947133777,3.6888794541139367,0.0,39.99999999999999,,,,0.00017592497169971466,0.4020686764270067,0.09096463723108172,0.4020686764270067,9320,,7.3473173386245945,False,False,mean
Schirrmeister2017,1,6398,normalized,spdsw_l40,sw,40,234,33659,0.0015538193924714188,0.03941851585830469,,,0.0006995549020047873,7.3473173386245945,0.0015538193924714188,0.0014335308359495838,0.005407478147776283,3.6888794541139367,0.0,39.99999999999999,,,,0.0001654340885579586,0.4037584625184536,0.09096463723108172,0.4037584625184536,9360,,7.3473173386245945,False,False,mean
Schirrmeister2017,1,6398,normalized,spdsw_l40,sw,40,235,33893,0.000925214988645234,0.03041734683770486,,,0.0005390092470636235,7.347317338624595,0.000925214988645234,0.0009675618022694753,0.004399859335278022,3.6888794541139367,0.0,39.99999999999999,,,,0.00016614305786788464,0.40546420053578913,0.09096463723108172,0.40546420053578913,9400,,7.3473173386245945,False,False,mean
Schirrmeister2017,1,6398,normalized,spdsw_l40,sw,40,236,34128,0.0009621959129122803,0.031019282920665338,,,0.0005487087762240616,7.347317338624595,0.0009621959129122803,0.0009441930198798471,0.0044537227948098414,3.6888794541139367,0.0,39.99999999999999,,,,0.00017715012654662132,0.4071624716743827,0.09096463723108172,0.4071624716743827,9440,,7.3473173386245945,False,False,mean
Schirrmeister2017,1,6398,normalized,spdsw_l40,sw,40,237,34364,0.0015580106002565175,0.03947164298906897,,,0.00069148235734026,7.3473173386245945,0.0015580106002565175,0.0014989922246584403,0.007048882610136745,3.6888794541139367,0.0,39.99999999999999,,,,0.00016737589612603188,0.40885174064897,0.09096463723108172,0.40885174064897,9480,,7.3473173386245945,False,False,mean
Schirrmeister2017,1,6398,normalized,spdsw_l40,sw,40,238,34601,0.0008475646187989614,0.029112963071438836,,,0.0005141331495834418,7.3473173386245945,0.0008475646187989614,0.0008142790046643233,0.00293735314964664,3.6888794541139367,0.0,39.99999999999999,,,,0.00016581499949097633,0.41054782061837614,0.09096463723108172,0.41054782061837614,9520,,7.3473173386245945,False,False,mean
Schirrmeister2017,1,6398,normalized,spdsw_l40,sw,40,239,34839,0.0012419463035339242,0.035241258540720764,,,0.0006259111386016592,7.347317338624595,0.0012419463035339242,0.0012166457075063778,0.00541300462110412,3.6888794541139367,0.0,39.99999999999999,,,,0.0001725249458104372,0.4122489267028868,0.09096463723108172,0.4122489267028868,9560,,7.3473173386245945,False,False,mean
Schirrmeister2017,1,6398,normalized,spdsw_l40,sw,40,240,35078,0.0010190649861269538,0.03192279727916954,,,0.0005594759933986572,7.3473173386245945,0.0010190649861269538,0.0011367904361887832,0.006137953762602601,3.6888794541139367,0.0,39.99999999999999,,,,0.0001664389856159687,0.4139471936505288,0.09096463723108172,0.4139471936505288,9600,,7.3473173386245945,False,False,mean
Schirrmeister2017,1,6398,normalized,spdsw_l40,sw,40,241,35318,0.0015875852986096707,0.039844514034050794,,,0.0007133637295665741,7.3473173386245945,0.0015875852986096707,0.002018426116230831,0.008999506615586806,3.6888794541139367,0.0,39.99999999999999,,,,0.00016608694568276405,0.4156365245580673,0.09096463723108172,0.4156365245580673,9640,,7.3473173386245945,False,False,mean
Schirrmeister2017,1,6398,normalized,spdsw_l40,sw,40,242,35559,0.0011554949168036677,0.03399257149442607,,,0.0006054106508360015,7.3473173386245945,0.0011554949168036677,0.0012823620997898149,0.007736782132760831,3.6888794541139367,0.0,39.99999999999999,,,,0.00016455212607979774,0.4173229425214231,0.09096463723108172,0.4173229425214231,9680,,7.3473173386245945,False,False,mean
Schirrmeister2017,1,6398,normalized,spdsw_l40,sw,40,243,35801,0.001264539586052024,0.03556036538130653,,,0.0006355854373813873,7.3473173386245945,0.001264539586052024,0.001189632777779546,0.004428893900432524,3.6888794541139367,0.0,39.99999999999999,,,,0.00016605504788458347,0.41902117361314595,0.09096463723108172,0.41902117361314595,9720,,7.3473173386245945,False,False,mean
Schirrmeister2017,1,6398,normalized,spdsw_l40,sw,40,244,36044,0.0015622720196442703,0.039525586898163455,,,0.0006943258255720316,7.3473173386245945,0.0015622720196442703,0.001592350272629001,0.005991933650041902,3.6888794541139367,0.0,39.99999999999999,,,,0.0001750132068991661,0.420713308500126,0.09096463723108172,0.420713308500126,9760,,7.3473173386245945,False,False,mean
Schirrmeister2017,1,6398,normalized,spdsw_l40,sw,40,245,36288,0.0010249681390645032,0.032015123599082096,,,0.0005692785765246529,7.347317338624595,0.0010249681390645032,0.0011645363054244248,0.005976190871750023,3.6888794541139367,0.0,39.99999999999999,,,,0.00016609299927949905,0.42239597951993346,0.09096463723108172,0.42239597951993346,9800,,7.3473173386245945,False,False,mean
Schirrmeister2017,1,6398,normalized,spdsw_l40,sw,40,246,36533,0.0013047315950620955,0.03612106857586159,,,0.0006436567910304238,7.3473173386245945,0.0013047315950620955,0.0014707969478680294,0.007441213053730198,3.6888794541139367,0.0,39.99999999999999,,,,0.00016472302377223969,0.4240971284452826,0.09096463723108172,0.4240971284452826,9840,,7.3473173386245945,False,False,mean
Schirrmeister2017,1,6398,normalized,spdsw_l40,sw,40,247,36779,0.0012119334448181373,0.03481283448411142,,,0.0006113297296530139,7.347317338624594,0.0012119334448181373,0.0017253455474666092,0.009836813678011994,3.6888794541139367,0.0,39.99999999999999,,,,0.00017635105177760124,0.42579322843812406,0.09096463723108172,0.42579322843812406,9880,,7.3473173386245945,False,False,mean
Schirrmeister2017,1,6398,normalized,spdsw_l40,sw,40,248,37026,0.0010548123025623595,0.03247787404622352,,,0.0005743753434534486,7.347317338624595,0.0010548123025623595,0.0014221963181311513,0.007217607880914016,3.6888794541139367,0.0,39.99999999999999,,,,0.00017143809236586094,0.42747467244043946,0.09096463723108172,0.42747467244043946,9920,,7.3473173386245945,False,False,mean
Schirrmeister2017,1,6398,normalized,spdsw_l40,sw,40,249,37274,0.0010289031922675385,0.03207652088783225,,,0.0005677411788315583,7.347317338624593,0.0010289031922675385,0.001107855502097108,0.005967928922545527,3.6888794541139367,0.0,39.99999999999999,,,,0.0001656061504036188,0.42916428041644394,0.09096463723108172,0.42916428041644394,9960,,7.3473173386245945,False,False,mean
Schirrmeister2017,1,6398,normalized,spdsw_l40,sw,40,250,37523,0.0011586501773783605,0.0340389508853954,97.20242364198263,2.2818488935826684,0.0006043036204795743,7.3473173386245945,0.0011586501773783605,0.0015866417554908278,0.009376898451361165,3.6888794541139367,0.0,39.99999999999999,,,,0.00017023691907525063,0.4308567363768816,0.0998424394056201,0.4308567363768816,10000,,7.3473173386245945,False,False,mean
Schirrmeister2017,1,6398,normalized,spdsw_l40,sw,40,251,37773,0.0008201847203792124,0.028638867302657283,,,0.0005052373444336014,7.3473173386245945,0.0008201847203792124,0.0008173394025382856,0.0038343907748645966,3.6888794541139367,0.0,39.99999999999999,,,,0.0001962010283023119,0.43279205239377916,0.0998424394056201,0.43279205239377916,10040,,7.3473173386245945,False,False,mean
Schirrmeister2017,1,6398,normalized,spdsw_l40,sw,40,252,38024,0.0010255363320265407,0.03202399619077139,,,0.0005685861946741655,7.347317338624595,0.0010255363320265407,0.0008624500766685194,0.003650781341413724,3.6888794541139367,0.0,39.99999999999999,,,,0.00018216483294963837,0.4345901752822101,0.0998424394056201,0.4345901752822101,10080,,7.3473173386245945,False,False,mean
Schirrmeister2017,1,6398,normalized,spdsw_l40,sw,40,253,38276,0.0011172486709726478,0.03342526994614475,,,0.0005954212663048209,7.3473173386245945,0.0011172486709726478,0.001077725955656918,0.004072166555050584,3.6888794541139367,0.0,39.99999999999999,,,,0.00017230003140866756,0.4363545251544565,0.0998424394056201,0.4363545251544565,10120,,7.3473173386245945,False,False,mean
Schirrmeister2017,1,6398,normalized,spdsw_l40,sw,40,254,38529,0.0009102567593030697,0.030170461701854508,,,0.0005315609830058571,7.347317338624595,0.0009102567593030697,0.0010369851451131654,0.004919864998300047,3.6888794541139367,0.0,39.99999999999999,,,,0.00017779204063117504,0.4380755221936852,0.0998424394056201,0.4380755221936852,10160,,7.3473173386245945,False,False,mean
Schirrmeister2017,1,6398,normalized,spdsw_l40,sw,40,255,38783,0.0009377997883241711,0.030623516916320554,,,0.0005378932890786636,7.3473173386245945,0.0009377997883241711,0.0008825698702681687,0.0038955413789370074,3.6888794541139367,0.0,39.99999999999999,,,,0.00016763387247920036,0.43977463408373296,0.0998424394056201,0.43977463408373296,10200,,7.3473173386245945,False,False,mean
Schirrmeister2017,1,6398,normalized,spdsw_l40,sw,40,256,39038,0.0010807522142467268,0.03287479603353802,,,0.0005815545665973416,7.3473173386245945,0.0010807522142467268,0.0011958178538754851,0.005171313569683034,3.6888794541139367,0.0,39.99999999999999,,,,0.0001661139540374279,0.44148135115392506,0.0998424394056201,0.44148135115392506,10240,,7.3473173386245945,False,False,mean
Schirrmeister2017,1,6398,normalized,spdsw_l40,sw,40,257,39294,0.0010560285138380857,0.032496592341937726,,,0.0005785421839470283,7.3473173386245945,0.0010560285138380857,0.001129434767518508,0.005998929537746847,3.6888794541139367,0.0,39.99999999999999,,,,0.00016564899124205112,0.44318945915438235,0.0998424394056201,0.44318945915438235,10280,,7.3473173386245945,False,False,mean
Schirrmeister2017,1,6398,normalized,spdsw_l40,sw,40,258,39551,0.0010850407541939538,0.03293995680315859,,,0.0005823371952744128,7.3473173386245945,0.0010850407541939538,0.00112373958016408,0.005430287398938582,3.6888794541139367,0.0,39.99999999999999,,,,0.00016534212045371532,0.4448847600724548,0.0998424394056201,0.4448847600724548,10320,,7.3473173386245945,False,False,mean
Schirrmeister2017,1,6398,normalized,spdsw_l40,sw,40,259,39809,0.0010204782966584224,0.031944925992376666,,,0.0005683173621900999,7.3473173386245945,0.0010204782966584224,0.0009580168460595251,0.004288640638129693,3.6888794541139367,0.0,39.99999999999999,,,,0.00017235195264220238,0.4465749650262296,0.0998424394056201,0.4465749650262296,10360,,7.3473173386245945,False,False,mean
Schirrmeister2017,1,6398,normalized,spdsw_l40,sw,40,260,40068,0.0013308011602075041,0.03648014748061614,,,0.0006516444709788528,7.347317338624595,0.0013308011602075041,0.001627728549471905,0.008744600839019748,3.6888794541139367,0.0,39.99999999999999,,,,0.00016686203889548779,0.4482747281435877,0.0998424394056201,0.4482747281435877,10400,,7.3473173386245945,False,False,mean
Schirrmeister2017,1,6398,normalized,spdsw_l40,sw,40,261,40328,0.0010289387862135793,0.032077075711691355,,,0.0005651373060644156,7.347317338624596,0.0010289387862135793,0.001128928959788085,0.004605584166173035,3.6888794541139367,0.0,39.99999999999999,,,,0.00016620708629488945,0.4499839211348444,0.0998424394056201,0.4499839211348444,10440,,7.3473173386245945,False,False,mean
Schirrmeister2017,1,6398,normalized,spdsw_l40,sw,40,262,40589,0.0007984967435341145,0.028257684681058257,,,0.0004987411634496739,7.347317338624595,0.0007984967435341145,0.0008786620221574582,0.005052983753517954,3.6888794541139367,0.0,39.99999999999999,,,,0.00016787415370345116,0.4516682361718267,0.0998424394056201,0.4516682361718267,10480,,7.3473173386245945,False,False,mean
Schirrmeister2017,1,6398,normalized,spdsw_l40,sw,40,263,40851,0.0010455666359491952,0.03233522283747547,,,0.0005752935555465517,7.3473173386245945,0.0010455666359491952,0.0010100365838266524,0.005307057404355174,3.6888794541139367,0.0,39.99999999999999,,,,0.00016566109843552113,0.4533565391320735,0.0998424394056201,0.4533565391320735,10520,,7.3473173386245945,False,False,mean
Schirrmeister2017,1,6398,normalized,spdsw_l40,sw,40,264,41114,0.001392163650237576,0.03731170929128785,,,0.0006653833293831438,7.3473173386245945,0.001392163650237576,0.0016222732573422946,0.008833956980714514,3.6888794541139367,0.0,39.99999999999999,,,,0.00016973516903817654,0.455067252041772,0.0998424394056201,0.455067252041772,10560,,7.3473173386245945,False,False,mean
Schirrmeister2017,1,6398,normalized,spdsw_l40,sw,40,265,41378,0.0012203117370971532,0.034932960611679525,,,0.0006117854685888859,7.3473173386245945,0.0012203117370971532,0.0011260144956305859,0.004943914757539484,3.6888794541139367,0.0,39.99999999999999,,,,0.0001679339911788702,0.4567582570016384,0.0998424394056201,0.4567582570016384,10600,,7.3473173386245945,False,False,mean
Schirrmeister2017,1,6398,normalized,spdsw_l40,sw,40,266,41643,0.0009995623786351123,0.03161585644316966,,,0.0005613279292044467,7.3473173386245945,0.0009995623786351123,0.0008150790485769236,0.003607376704701135,3.6888794541139367,0.0,39.99999999999999,,,,0.00016529392451047897,0.45844774204306304,0.0998424394056201,0.45844774204306304,10640,,7.3473173386245945,False,False,mean
Schirrmeister2017,1,6398,normalized,spdsw_l40,sw,40,267,41909,0.0014048519603630343,0.03748135483627872,,,0.0006608173718039958,7.3473173386245945,0.0014048519603630343,0.0015543355989681392,0.009321137654986622,3.6888794541139367,0.0,39.99999999999999,,,,0.00017463183030486107,0.46015529218129814,0.0998424394056201,0.46015529218129814,10680,,7.3473173386245945,False,False,mean
Schirrmeister2017,1,6398,normalized,spdsw_l40,sw,40,268,42176,0.0009347096214279764,0.03057302113674696,,,0.0005420421341201768,7.347317338624595,0.0009347096214279764,0.0011011334135915673,0.005306632152343131,3.6888794541139367,0.0,39.99999999999999,,,,0.0001648440957069397,0.4618438670877367,0.0998424394056201,0.4618438670877367,10720,,7.3473173386245945,False,False,mean
Schirrmeister2017,1,6398,normalized,spdsw_l40,sw,40,269,42444,0.000865140874463002,0.02941327717992339,,,0.0005200740588107543,7.3473173386245945,0.000865140874463002,0.0009708503931170506,0.00464169576404001,3.6888794541139367,0.0,39.99999999999999,,,,0.00016508204862475395,0.46353754098527133,0.0998424394056201,0.46353754098527133,10760,,7.3473173386245945,False,False,mean
Schirrmeister2017,1,6398,normalized,spdsw_l40,sw,40,270,42713,0.0010125186764130196,0.03182009862355897,,,0.0005663578813177421,7.347317338624595,0.0010125186764130196,0.0008338437036851689,0.003177438116260429,3.6888794541139367,0.0,39.99999999999999,,,,0.0001724951434880495,0.46522680297493935,0.0998424394056201,0.46522680297493935,10800,,7.3473173386245945,False,False,mean
Schirrmeister2017,1,6398,normalized,spdsw_l40,sw,40,271,42983,0.0013772211618453094,0.0371109304901576,,,0.0006551532491365764,7.347317338624594,0.0013772211618453094,0.001327109464876076,0.0062642805287195695,3.6888794541139367,0.0,39.99999999999999,,,,0.00016813003458082676,0.4669250501319766,0.0998424394056201,0.4669250501319766,10840,,7.3473173386245945,False,False,mean
Schirrmeister2017,1,6398,normalized,spdsw_l40,sw,40,272,43254,0.0015738219408124193,0.03967142473887747,,,0.0007020162880305211,7.3473173386245945,0.0015738219408124193,0.0021285404362172662,0.013134901713002562,3.6888794541139367,0.0,39.99999999999999,,,,0.00016737706027925014,0.4686287941876799,0.0998424394056201,0.4686287941876799,10880,,7.3473173386245945,False,False,mean
Schirrmeister2017,1,6398,normalized,spdsw_l40,sw,40,273,43526,0.0011319782621336525,0.03364488463546357,,,0.0005938919566595173,7.347317338624595,0.0011319782621336525,0.001002509683949262,0.004204809008070791,3.6888794541139367,0.0,39.99999999999999,,,,0.00016835401766002178,0.4703154533635825,0.0998424394056201,0.4703154533635825,10920,,7.3473173386245945,False,False,mean
Schirrmeister2017,1,6398,normalized,spdsw_l40,sw,40,274,43799,0.000917512065558603,0.030290461626700294,,,0.0005375965348908107,7.347317338624595,0.000917512065558603,0.0012415873561921569,0.005761399476369632,3.6888794541139367,0.0,39.99999999999999,,,,0.00016717193648219109,0.4720013353507966,0.0998424394056201,0.4720013353507966,10960,,7.3473173386245945,False,False,mean
Schirrmeister2017,1,6398,normalized,spdsw_l40,sw,40,275,44073,0.0009786059849183312,0.03128267867236326,97.14573649855969,2.3388368023121613,0.0005572843650190038,7.3473173386245945,0.0009786059849183312,0.00091525998516074,0.004109284388783229,3.6888794541139367,0.0,39.99999999999999,,,,0.0001674529630690813,0.47369589819572866,0.10917599336244166,0.47369589819572866,11000,,7.3473173386245945,False,False,mean
Schirrmeister2017,1,6398,normalized,spdsw_l40,sw,40,276,44348,0.0015502604196353555,0.039373346563828626,,,0.0006941992257506828,7.347317338624596,0.0015502604196353555,0.0015054276850407795,0.0058532226593378395,3.6888794541139367,0.0,39.99999999999999,,,,0.00021016201935708523,0.47575961030088365,0.10917599336244166,0.47575961030088365,11040,,7.3473173386245945,False,False,mean
Schirrmeister2017,1,6398,normalized,spdsw_l40,sw,40,277,44624,0.0012754504910250414,0.03571344972170907,,,0.0006318279049753691,7.3473173386245945,0.0012754504910250414,0.001446116467041327,0.0075820970768445285,3.6888794541139367,0.0,39.99999999999999,,,,0.00017897901125252247,0.47758017922751606,0.10917599336244166,0.47758017922751606,11080,,7.3473173386245945,False,False,mean
Schirrmeister2017,1,6398,normalized,spdsw_l40,sw,40,278,44901,0.0013946841397799068,0.03734547013735276,,,0.0006544178112194047,7.347317338624595,0.0013946841397799068,0.0014532425623772504,0.007628848304983202,3.6888794541139367,0.0,39.99999999999999,,,,0.00018195412121713161,0.4793319022282958,0.10917599336244166,0.4793319022282958,11120,,7.3473173386245945,False,False,mean
Schirrmeister2017,1,6398,normalized,spdsw_l40,sw,40,279,45179,0.001245898338258294,0.035297285140054244,,,0.0006244186494910757,7.347317338624595,0.001245898338258294,0.001364702743595598,0.005070487858281599,3.6888794541139367,0.0,39.99999999999999,,,,0.000169654143974185,0.4810602772049606,0.10917599336244166,0.4810602772049606,11160,,7.3473173386245945,False,False,mean
Schirrmeister2017,1,6398,normalized,spdsw_l40,sw,40,280,45458,0.0010669589279649328,0.03266433724974276,,,0.0005764155450663273,7.3473173386245945,0.0010669589279649328,0.0012110395045795625,0.0062974303738816,3.6888794541139367,0.0,39.99999999999999,,,,0.00016757496632635593,0.4827746842056513,0.10917599336244166,0.4827746842056513,11200,,7.3473173386245945,False,False,mean
Schirrmeister2017,1,6398,normalized,spdsw_l40,sw,40,281,45738,0.0010723792162281574,0.032747201654922474,,,0.0005803583434065981,7.347317338624595,0.0010723792162281574,0.0011141357419333943,0.005964228969531022,3.6888794541139367,0.0,39.99999999999999,,,,0.00017174589447677135,0.4844940463081002,0.10917599336244166,0.4844940463081002,11240,,7.3473173386245945,False,False,mean
Schirrmeister2017,1,6398,normalized,spdsw_l40,sw,40,282,46019,0.0017393439593054749,0.041705442801935035,,,0.000740814207283406,7.347317338624595,0.0017393439593054749,0.0019350060945436203,0.007774994063516092,3.6888794541139367,0.0,39.99999999999999,,,,0.000168246915563941,0.4862024032045156,0.10917599336244166,0.4862024032045156,11280,,7.3473173386245945,False,False,mean
Schirrmeister2017,1,6398,normalized,spdsw_l40,sw,40,283,46301,0.0011085972790554886,0.03329560450052662,,,0.0005955505762111227,7.3473173386245945,0.0011085972790554886,0.001248159756976536,0.0058109605889127836,3.6888794541139367,0.0,39.99999999999999,,,,0.00017146696336567402,0.48790590302087367,0.10917599336244166,0.48790590302087367,11320,,7.3473173386245945,False,False,mean
Schirrmeister2017,1,6398,normalized,spdsw_l40,sw,40,284,46584,0.0011245481818517899,0.033534283678823225,,,0.0005957834110802985,7.347317338624595,0.0011245481818517899,0.0011308789157637895,0.003980853506729729,3.6888794541139367,0.0,39.99999999999999,,,,0.00016821082681417465,0.48960435506887734,0.10917599336244166,0.48960435506887734,11360,,7.3473173386245945,False,False,mean
Schirrmeister2017,1,6398,normalized,spdsw_l40,sw,40,285,46868,0.0014095189190958023,0.03754356028796153,,,0.0006601017729016649,7.3473173386245945,0.0014095189190958023,0.0016872731957759636,0.008329682848350518,3.6888794541139367,0.0,39.99999999999999,,,,0.00016636308282613754,0.4913171089719981,0.10917599336244166,0.4913171089719981,11400,,7.3473173386245945,False,False,mean
Schirrmeister2017,1,6398,normalized,spdsw_l40,sw,40,286,47153,0.0012100225613632387,0.03478537855713574,,,0.0006205526730026182,7.3473173386245945,0.0012100225613632387,0.0012319567270514195,0.006438205198596128,3.6888794541139367,0.0,39.99999999999999,,,,0.0001689090859144926,0.4930093220900744,0.10917599336244166,0.4930093220900744,11440,,7.3473173386245945,False,False,mean
Schirrmeister2017,1,6398,normalized,spdsw_l40,sw,40,287,47439,0.001496447511959841,0.03868394385219585,,,0.0006889703911078006,7.3473173386245945,0.001496447511959841,0.0016472688223578564,0.007416451308126357,3.6888794541139367,0.0,39.99999999999999,,,,0.0001655900850892067,0.4947004762943834,0.10917599336244166,0.4947004762943834,11480,,7.3473173386245945,False,False,mean
Schirrmeister2017,1,6398,normalized,spdsw_l40,sw,40,288,47726,0.0013091748023006543,0.036182520673671344,,,0.0006355713337242841,7.3473173386245945,0.0013091748023006543,0.001379207682265925,0.006799200168887538,3.6888794541139367,0.0,39.99999999999999,,,,0.00016385712660849094,0.4963885231409222,0.10917599336244166,0.4963885231409222,11520,,7.3473173386245945,False,False,mean
Schirrmeister2017,1,6398,normalized,spdsw_l40,sw,40,289,48014,0.0011955549945434477,0.03457679850048943,,,0.0006041556793423282,7.347317338624594,0.0011955549945434477,0.0014641905601185414,0.006183830314742841,3.6888794541139367,0.0,39.99999999999999,,,,0.00017171003855764866,0.49814131623134017,0.10917599336244166,0.49814131623134017,11560,,7.3473173386245945,False,False,mean
Schirrmeister2017,1,6398,normalized,spdsw_l40,sw,40,290,48303,0.0007767576277387888,0.027870371862226538,,,0.0004938189122553487,7.347317338624595,0.0007767576277387888,0.0007420770744801526,0.003959138744066554,3.6888794541139367,0.0,39.99999999999999,,,,0.00016877800226211548,0.5006869703065604,0.10917599336244166,0.5006869703065604,11600,,7.3473173386245945,False,False,mean
Schirrmeister2017,1,6398,normalized,spdsw_l40,sw,40,291,48593,0.001345698255494933,0.03668376010573252,,,0.0006486344590655005,7.347317338624595,0.001345698255494933,0.0014538509350608172,0.00693496117403003,3.6888794541139367,0.0,39.99999999999999,,,,0.0001774560660123825,0.5025023072957993,0.10917599336244166,0.5025023072957993,11640,,7.3473173386245945,False,False,mean
Schirrmeister2017,1,6398,normalized,spdsw_l40,sw,40,292,48884,0.000957146668231639,0.03093778706099774,,,0.0005523214706653252,7.347317338624595,0.000957146668231639,0.000892817838365367,0.003207055646292598,3.6888794541139367,0.0,39.99999999999999,,,,0.00016896193847060204,0.5042505213059485,0.10917599336244166,0.5042505213059485,11680,,7.3473173386245945,False,False,mean
Schirrmeister2017,1,6398,normalized,spdsw_l40,sw,40,293,49176,0.0008085372628246186,0.028434789656767618,,,0.0005052509348473238,7.347317338624595,0.0008085372628246186,0.0006607131589825366,0.0036062924253956095,3.6888794541139367,0.0,39.99999999999999,,,,0.00017376313917338848,0.5060084953438491,0.10917599336244166,0.5060084953438491,11720,,7.3473173386245945,False,False,mean
Schirrmeister2017,1,6398,normalized,spdsw_l40,sw,40,294,49469,0.0008879900121905328,0.029799161266561392,,,0.000523701658172452,7.3473173386245945,0.0008879900121905328,0.0009616792397748637,0.004787536280360471,3.6888794541139367,0.0,39.99999999999999,,,,0.0001699679996818304,0.5077431423123926,0.10917599336244166,0.5077431423123926,11760,,7.3473173386245945,False,False,mean
Schirrmeister2017,1,6398,normalized,spdsw_l40,sw,40,295,49763,0.0009583324549382367,0.03095694518098058,,,0.0005535582743144814,7.347317338624595,0.0009583324549382367,0.0010845353419229676,0.004127045174516576,3.6888794541139367,0.0,39.99999999999999,,,,0.00017221109010279179,0.5094921533018351,0.10917599336244166,0.5094921533018351,11800,,7.3473173386245945,False,False,mean
Schirrmeister2017,1,6398,normalized,spdsw_l40,sw,40,296,50058,0.001340910608483488,0.03661844628713086,,,0.0006505121556919007,7.3473173386245945,0.001340910608483488,0.0011510751404241225,0.004550201501315616,3.6888794541139367,0.0,39.99999999999999,,,,0.00017794710583984852,0.5112296484876424,0.10917599336244166,0.5112296484876424,11840,,7.3473173386245945,False,False,mean
Schirrmeister2017,1,6398,normalized,spdsw_l40,sw,40,297,50354,0.0010103273389507656,0.0317856467442581,,,0.0005687142424538874,7.3473173386245945,0.0010103273389507656,0.001045113150445084,0.005306098184615711,3.6888794541139367,0.0,39.99999999999999,,,,0.00016926182433962822,0.5129684405401349,0.10917599336244166,0.5129684405401349,11880,,7.3473173386245945,False,False,mean
Schirrmeister2017,1,6398,normalized,spdsw_l40,sw,40,298,50651,0.0010425303319505318,0.03228823829121886,,,0.0005706310833954401,7.3473173386245945,0.0010425303319505318,0.0008658639312323242,0.0032643256788313117,3.6888794541139367,0.0,39.99999999999999,,,,0.00017814897000789642,0.5146950625348836,0.10917599336244166,0.5146950625348836,11920,,7.3473173386245945,False,False,mean
Schirrmeister2017,1,6398,normalized,spdsw_l40,sw,40,299,50949,0.0010815506762494995,0.03288693777549834,,,0.0005810609180673509,7.3473173386245945,0.0010815506762494995,0.0009761754808773628,0.003955724552541488,3.6888794541139367,0.0,39.99999999999999,,,,0.00017254380509257317,0.5164265134371817,0.10917599336244166,0.5164265134371817,11960,,7.3473173386245945,False,False,mean
Schirrmeister2017,1,6398,normalized,spdsw_l40,sw,40,300,51248,0.0011031839886829892,0.03321421365444302,96.97366061368263,2.511825671212386,0.0005896053530818865,7.3473173386245945,0.0011031839886829892,0.0013678366660161288,0.007458074769382815,3.6888794541139367,0.0,39.99999999999999,,,,0.00017083808779716492,0.5181693243794143,0.11815114039927721,0.5181693243794143,12000,,7.3473173386245945,False,False,mean
Schirrmeister2017,1,6398,normalized,spdsw_l40,sw,40,301,51548,0.0010773324852794551,0.032822743414886196,,,0.0005780152173664924,7.3473173386245945,0.0010773324852794551,0.0011283224894639036,0.004620047047013487,3.6888794541139367,0.0,39.99999999999999,,,,0.0002090290654450655,0.5207008414436132,0.11815114039927721,0.5207008414436132,12040,,7.3473173386245945,False,False,mean
Schirrmeister2017,1,6398,normalized,spdsw_l40,sw,40,302,51849,0.0011283342253477862,0.03359068658643027,,,0.0005942289987619555,7.347317338624595,0.0011283342253477862,0.0012662548324317688,0.004962781577956864,3.6888794541139367,0.0,39.99999999999999,,,,0.0001813520211726427,0.5225321953184903,0.11815114039927721,0.5225321953184903,12080,,7.3473173386245945,False,False,mean
Schirrmeister2017,1,6398,normalized,spdsw_l40,sw,40,303,52151,0.0011043977620302356,0.03323248052779442,,,0.0005944441578784931,7.3473173386245945,0.0011043977620302356,0.0014289076174392838,0.008482077597716327,3.6888794541139367,0.0,39.99999999999999,,,,0.0001792130060493946,0.524306305218488,0.11815114039927721,0.524306305218488,12120,,7.3473173386245945,False,False,mean
Schirrmeister2017,1,6398,normalized,spdsw_l40,sw,40,304,52454,0.0010779400084382192,0.03283199671719981,,,0.000585039713347001,7.3473173386245945,0.0010779400084382192,0.0013040553870580277,0.006303993527475528,3.6888794541139367,0.0,39.99999999999999,,,,0.00017305603250861168,0.5260570882819593,0.11815114039927721,0.5260570882819593,12160,,7.3473173386245945,False,False,mean
Schirrmeister2017,1,6398,normalized,spdsw_l40,sw,40,305,52758,0.0012997880071081323,0.036052572822312313,,,0.0006374916195562492,7.347317338624595,0.0012997880071081323,0.001182221212153396,0.006478130548320997,3.6888794541139367,0.0,39.99999999999999,,,,0.00018432619981467724,0.5277948721777648,0.11815114039927721,0.5277948721777648,12200,,7.3473173386245945,False,False,mean
Schirrmeister2017,1,6398,normalized,spdsw_l40,sw,40,306,53063,0.0011374179428628873,0.033725627390204134,,,0.0005947325904843579,7.347317338624594,0.0011374179428628873,0.0012149695992553669,0.005338733145710832,3.6888794541139367,0.0,39.99999999999999,,,,0.0001714690588414669,0.5295192752964795,0.11815114039927721,0.5295192752964795,12240,,7.3473173386245945,False,False,mean
Schirrmeister2017,1,6398,normalized,spdsw_l40,sw,40,307,53369,0.0008202739733325628,0.028640425508929906,,,0.0005044159784151276,7.3473173386245945,0.0008202739733325628,0.0006238062282237743,0.0030323031419175668,3.6888794541139367,0.0,39.99999999999999,,,,0.00017360993660986423,0.5312644781079143,0.11815114039927721,0.5312644781079143,12280,,7.3473173386245945,False,False,mean
Schirrmeister2017,1,6398,normalized,spdsw_l40,sw,40,308,53676,0.0011471760733381344,0.0338699877965454,,,0.0005970662284734486,7.3473173386245945,0.0011471760733381344,0.0009523685489048559,0.0037130555218396117,3.6888794541139367,0.0,39.99999999999999,,,,0.00016932492144405842,0.5329790422692895,0.11815114039927721,0.5329790422692895,12320,,7.3473173386245945,False,False,mean
Schirrmeister2017,1,6398,normalized,spdsw_l40,sw,40,309,53984,0.0008067879092487958,0.028404012203363027,,,0.0005005898827276896,7.3473173386245945,0.0008067879092487958,0.000729251550573295,0.0037128937765625947,3.6888794541139367,0.0,39.99999999999999,,,,0.00017109792679548264,0.5347069373819977,0.11815114039927721,0.5347069373819977,12360,,7.3473173386245945,False,False,mean
Schirrmeister2017,1,6398,normalized,spdsw_l40,sw,40,310,54293,0.0010285192571932987,0.03207053565491694,,,0.0005693263157069911,7.347317338624593,0.0010285192571932987,0.0012024082974522105,0.005028953840556806,3.6888794541139367,0.0,39.99999999999999,,,,0.0001776609569787979,0.5364272312726825,0.11815114039927721,0.5364272312726825,12400,,7.3473173386245945,False,False,mean
Schirrmeister2017,1,6398,normalized,spdsw_l40,sw,40,311,54603,0.0011947427053998223,0.03456505034568621,,,0.0006045266359123395,7.347317338624595,0.0011947427053998223,0.0014956961351793715,0.008392741640491308,3.6888794541139367,0.0,39.99999999999999,,,,0.00017119012773036957,0.538146227132529,0.11815114039927721,0.538146227132529,12440,,7.3473173386245945,False,False,mean
Schirrmeister2017,1,6398,normalized,spdsw_l40,sw,40,312,54914,0.0008816441541884637,0.029692493229576792,,,0.0005248197320954888,7.347317338624595,0.0008816441541884637,0.0007687292372185892,0.002631737561215,3.6888794541139367,0.0,39.99999999999999,,,,0.00017111911438405514,0.5398746849969029,0.11815114039927721,0.5398746849969029,12480,,7.3473173386245945,False,False,mean
Schirrmeister2017,1,6398,normalized,spdsw_l40,sw,40,313,55226,0.0010280517257400088,0.0320632457143691,,,0.0005711157317474582,7.3473173386245945,0.0010280517257400088,0.0011450363165328176,0.004481106034605218,3.6888794541139367,0.0,39.99999999999999,,,,0.00016761990264058113,0.5415898938663304,0.11815114039927721,0.5415898938663304,12520,,7.3473173386245945,False,False,mean
Schirrmeister2017,1,6398,normalized,spdsw_l40,sw,40,314,55539,0.0011244237641459633,0.033532428545304666,,,0.0005964586041071707,7.347317338624594,0.0011244237641459633,0.0009717971878795507,0.004635923915625504,3.6888794541139367,0.0,39.99999999999999,,,,0.00017051794566214085,0.5433146227151155,0.11815114039927721,0.5433146227151155,12560,,7.3473173386245945,False,False,mean
Schirrmeister2017,1,6398,normalized,spdsw_l40,sw,40,315,55853,0.0008795247010607997,0.029656781704372435,,,0.0005302538417428831,7.347317338624594,0.0008795247010607997,0.0010402647052795762,0.005723322930242616,3.6888794541139367,0.0,39.99999999999999,,,,0.00017848797142505646,0.5450294066686183,0.11815114039927721,0.5450294066686183,12600,,7.3473173386245945,False,False,mean
Schirrmeister2017,1,6398,normalized,spdsw_l40,sw,40,316,56168,0.0013706922272781153,0.037022860873764406,,,0.0006542019155323718,7.347317338624595,0.0013706922272781153,0.002137368217946265,0.012766615446325544,3.6888794541139367,0.0,39.99999999999999,,,,0.0001731361262500286,0.546744441613555,0.11815114039927721,0.546744441613555,12640,,7.3473173386245945,False,False,mean
Schirrmeister2017,1,6398,normalized,spdsw_l40,sw,40,317,56484,0.0008956085413877718,0.02992671952265687,,,0.0005246899972306459,7.347317338624595,0.0008956085413877718,0.0008834137332217829,0.0030507401751704677,3.6888794541139367,0.0,39.99999999999999,,,,0.00017035496421158314,0.5484744384884834,0.11815114039927721,0.5484744384884834,12680,,7.3473173386245945,False,False,mean
Schirrmeister2017,1,6398,normalized,spdsw_l40,sw,40,318,56801,0.0012991299012464002,0.03604344463624974,,,0.0006369660617539494,7.3473173386245945,0.0012991299012464002,0.001634036073289079,0.0057731398566749845,3.6888794541139367,0.0,39.99999999999999,,,,0.0001689090859144926,0.5501771394629031,0.11815114039927721,0.5501771394629031,12720,,7.3473173386245945,False,False,mean
Schirrmeister2017,1,6398,normalized,spdsw_l40,sw,40,319,57119,0.0011151069981855139,0.0333932178471245,,,0.0005955868372545664,7.347317338624595,0.0011151069981855139,0.001207666706677429,0.005413439375037788,3.6888794541139367,0.0,39.99999999999999,,,,0.00016849604435265064,0.5518997255712748,0.11815114039927721,0.5518997255712748,12760,,7.3473173386245945,False,False,mean
Schirrmeister2017,1,6398,normalized,spdsw_l40,sw,40,320,57438,0.0008939218559429158,0.029898525982779083,,,0.0005275392060719067,7.3473173386245945,0.0008939218559429158,0.0008780280699954567,0.0035751876341040146,3.6888794541139367,0.0,39.99999999999999,,,,0.00017731590196490288,0.5536283664405346,0.11815114039927721,0.5536283664405346,12800,,7.3473173386245945,False,False,mean
Schirrmeister2017,1,6398,normalized,spdsw_l40,sw,40,321,57758,0.0015130022184486544,0.038897329194286005,,,0.0006986433497011403,7.3473173386245945,0.0015130022184486544,0.001976811703742418,0.010266512457696043,3.6888794541139367,0.0,39.99999999999999,,,,0.00017181620933115482,0.5553462165407836,0.11815114039927721,0.5553462165407836,12840,,7.3473173386245945,False,False,mean
Schirrmeister2017,1,6398,normalized,spdsw_l40,sw,40,322,58079,0.0010242242315225958,0.03200350342575943,,,0.0005746008726883573,7.347317338624594,0.0010242242315225958,0.001012007731404617,0.004223291128957957,3.6888794541139367,0.0,39.99999999999999,,,,0.00017297896556556225,0.5570841666776687,0.11815114039927721,0.5570841666776687,12880,,7.3473173386245945,False,False,mean
Schirrmeister2017,1,6398,normalized,spdsw_l40,sw,40,323,58401,0.001138881676891813,0.03374732103281404,,,0.0005941417225202532,7.3473173386245945,0.001138881676891813,0.0010778549527416226,0.004922272388986535,3.6888794541139367,0.0,39.99999999999999,,,,0.00017233099788427353,0.5588010987266898,0.11815114039927721,0.5588010987266898,12920,,7.3473173386245945,False,False,mean
Schirrmeister2017,1,6398,normalized,spdsw_l40,sw,40,324,58724,0.0015337698521128583,0.03916337386018802,,,0.0006926151547612778,7.347317338624594,0.0015337698521128583,0.0017110893480168261,0.008314437166775076,3.6888794541139367,0.0,39.99999999999999,,,,0.00016922294162213802,0.5605278685688972,0.11815114039927721,0.5605278685688972,12960,,7.3473173386245945,False,False,mean
Schirrmeister2017,1,6398,normalized,spdsw_l40,sw,40,325,59048,0.0011500626412871378,0.03391257349844063,96.76712007900638,2.7194620492046826,0.0005958319733677437,7.3473173386245945,0.0011500626412871378,0.0014632984716730132,0.007013090362648128,3.6888794541139367,0.0,39.99999999999999,,,,0.00017586094327270985,0.5622500495519489,0.1268565512727946,0.5622500495519489,13000,,7.3473173386245945,False,False,mean
Schirrmeister2017,1,6398,normalized,spdsw_l40,sw,40,326,59373,0.0011545700642700328,0.03397896502646943,,,0.0006002112706230985,7.3473173386245945,0.0011545700642700328,0.0010509148130194833,0.004259764585400487,3.6888794541139367,0.0,39.99999999999999,,,,0.00019972492009401321,0.564665317768231,0.1268565512727946,0.564665317768231,13040,,7.3473173386245945,False,False,mean
Schirrmeister2017,1,6398,normalized,spdsw_l40,sw,40,327,59699,0.0009146046815436911,0.03024243180605176,,,0.0005367709073632527,7.347317338624595,0.0009146046815436911,0.0011187018426921551,0.006351352087791872,3.6888794541139367,0.0,39.99999999999999,,,,0.0001824069768190384,0.5664658467285335,0.1268565512727946,0.5664658467285335,13080,,7.3473173386245945,False,False,mean
Schirrmeister2017,1,6398,normalized,spdsw_l40,sw,40,328,60026,0.0009990790517935605,0.031608211777852294,,,0.000559119709084688,7.347317338624594,0.0009990790517935605,0.0008818417950182125,0.0034763011575146205,3.6888794541139367,0.0,39.99999999999999,,,,0.00018318509683012962,0.5682385666295886,0.1268565512727946,0.5682385666295886,13120,,7.3473173386245945,False,False,mean
Schirrmeister2017,1,6398,normalized,spdsw_l40,sw,40,329,60354,0.0011756791851335682,0.034288178504166246,,,0.0006127415732536905,7.347317338624595,0.0011756791851335682,0.0013597754436604382,0.007673464312541407,3.6888794541139367,0.0,39.99999999999999,,,,0.0001777119468897581,0.5699901327025145,0.1268565512727946,0.5699901327025145,13160,,7.3473173386245945,False,False,mean
Schirrmeister2017,1,6398,normalized,spdsw_l40,sw,40,330,60683,0.0011153551405785453,0.033396933101387395,,,0.0005905413672381573,7.3473173386245945,0.0011153551405785453,0.0011205691827328415,0.005518607735699232,3.6888794541139367,0.0,39.99999999999999,,,,0.0001722211018204689,0.571728843729943,0.1268565512727946,0.571728843729943,13200,,7.3473173386245945,False,False,mean
Schirrmeister2017,1,6398,normalized,spdsw_l40,sw,40,331,61013,0.0010133683372834366,0.031833446833219876,,,0.0005660071930611392,7.347317338624594,0.0010133683372834366,0.0011647267257232342,0.005067415011835391,3.6888794541139367,0.0,39.99999999999999,,,,0.00017028790898621082,0.5734502146951854,0.1268565512727946,0.5734502146951854,13240,,7.3473173386245945,False,False,mean
Schirrmeister2017,1,6398,normalized,spdsw_l40,sw,40,332,61344,0.0008084438173747808,0.028433146455761466,,,0.0005029342267274789,7.347317338624595,0.0008084438173747808,0.000808782059294262,0.004356070678847888,3.6888794541139367,0.0,39.99999999999999,,,,0.00017504696734249592,0.5752056727651507,0.1268565512727946,0.5752056727651507,13280,,7.3473173386245945,False,False,mean
Schirrmeister2017,1,6398,normalized,spdsw_l40,sw,40,333,61676,0.0011850442736195147,0.034424472016568605,,,0.0006136273372112246,7.3473173386245945,0.0011850442736195147,0.0015103935523955855,0.008663195203136794,3.6888794541139367,0.0,39.99999999999999,,,,0.00017244089394807816,0.5769355446100235,0.1268565512727946,0.5769355446100235,13320,,7.3473173386245945,False,False,mean
Schirrmeister2017,1,6398,normalized,spdsw_l40,sw,40,334,62009,0.0012702643018915037,0.03564076741445817,,,0.0006303334311452142,7.347317338624595,0.0012702643018915037,0.001781904035452132,0.00872726253489474,3.6888794541139367,0.0,39.99999999999999,,,,0.00017023994587361813,0.5786515586078167,0.1268565512727946,0.5786515586078167,13360,,7.3473173386245945,False,False,mean
Schirrmeister2017,1,6398,normalized,spdsw_l40,sw,40,335,62343,0.001278981009525938,0.03576284397983385,,,0.0006338065962146531,7.347317338624595,0.001278981009525938,0.0017375326996178768,0.009655052751237642,3.6888794541139367,0.0,39.99999999999999,,,,0.00018875813111662865,0.5803929176181555,0.1268565512727946,0.5803929176181555,13400,,7.3473173386245945,False,False,mean
Schirrmeister2017,1,6398,normalized,spdsw_l40,sw,40,336,62678,0.0011545565349086364,0.03397876594152054,,,0.000603615288428202,7.347317338624595,0.0011545565349086364,0.001081269025024266,0.005415482415630857,3.6888794541139367,0.0,39.99999999999999,,,,0.00017129303887486458,0.5821231757290661,0.1268565512727946,0.5821231757290661,13440,,7.3473173386245945,False,False,mean
Schirrmeister2017,1,6398,normalized,spdsw_l40,sw,40,337,63014,0.0011868902869847028,0.03445127409813319,,,0.0006077818707558793,7.347317338624593,0.0011868902869847028,0.0013295689886864783,0.0054501783380950155,3.6888794541139367,0.0,39.99999999999999,,,,0.00017007393762469292,0.5838606515899301,0.1268565512727946,0.5838606515899301,13480,,7.3473173386245945,False,False,mean
Schirrmeister2017,1,6398,normalized,spdsw_l40,sw,40,338,63351,0.0010354180750564129,0.032177912844937796,,,0.0005662945847752,7.3473173386245945,0.0010354180750564129,0.0011208958140300255,0.00557532333999336,3.6888794541139367,0.0,39.99999999999999,,,,0.0001719358842819929,0.5855778174009174,0.1268565512727946,0.5855778174009174,13520,,7.3473173386245945,False,False,mean
Schirrmeister2017,1,6398,normalized,spdsw_l40,sw,40,339,63689,0.0011346086857212461,0.03368395294084776,,,0.0005937931839740252,7.347317338624595,0.0011346086857212461,0.0011653390111270813,0.0040828240190173325,3.6888794541139367,0.0,39.99999999999999,,,,0.00016714492812752724,0.5872905852738768,0.1268565512727946,0.5872905852738768,13560,,7.3473173386245945,False,False,mean
Schirrmeister2017,1,6398,normalized,spdsw_l40,sw,40,340,64028,0.0009398611941546655,0.03065715567619843,,,0.000541025707377023,7.3473173386245945,0.0009398611941546655,0.0008995024752367534,0.003814833088065164,3.6888794541139367,0.0,39.99999999999999,,,,0.000174335902556777,0.5890032562892884,0.1268565512727946,0.5890032562892884,13600,,7.3473173386245945,False,False,mean
Schirrmeister2017,1,6398,normalized,spdsw_l40,sw,40,341,64368,0.001148032879934431,0.03388263389901132,,,0.0006064765253050541,7.3473173386245945,0.001148032879934431,0.001007334516901347,0.005100060903789059,3.6888794541139367,0.0,39.99999999999999,,,,0.00017111399210989475,0.5907266873400658,0.1268565512727946,0.5907266873400658,13640,,7.3473173386245945,False,False,mean
Schirrmeister2017,1,6398,normalized,spdsw_l40,sw,40,342,64709,0.0009488229145079848,0.030802969248239442,,,0.0005456276603842953,7.3473173386245945,0.0009488229145079848,0.0008424701985716517,0.003535857904490009,3.6888794541139367,0.0,39.99999999999999,,,,0.0001701058354228735,0.5924446114804596,0.1268565512727946,0.5924446114804596,13680,,7.3473173386245945,False,False,mean
Schirrmeister2017,1,6398,normalized,spdsw_l40,sw,40,343,65051,0.0010894489936113287,0.03300680223243883,,,0.000578553471901988,7.3473173386245945,0.0010894489936113287,0.001158005105441663,0.004843012861021456,3.6888794541139367,0.0,39.99999999999999,,,,0.0001756900455802679,0.5941616736818105,0.1268565512727946,0.5941616736818105,13720,,7.3473173386245945,False,False,mean
Schirrmeister2017,1,6398,normalized,spdsw_l40,sw,40,344,65394,0.0013261778736252756,0.036416725190841576,,,0.0006416604350471721,7.3473173386245945,0.0013261778736252756,0.0014107544069621412,0.005662530822068147,3.6888794541139367,0.0,39.99999999999999,,,,0.00017357198521494865,0.5958858446683735,0.1268565512727946,0.5958858446683735,13760,,7.3473173386245945,False,False,mean
Schirrmeister2017,1,6398,normalized,spdsw_l40,sw,40,345,65738,0.0010156502811930937,0.03186926860147709,,,0.0005599152488307642,7.3473173386245945,0.0010156502811930937,0.001084134339810107,0.004325165199796369,3.6888794541139367,0.0,39.99999999999999,,,,0.00017572194337844849,0.5976004826370627,0.1268565512727946,0.5976004826370627,13800,,7.3473173386245945,False,False,mean
Schirrmeister2017,1,6398,normalized,spdsw_l40,sw,40,346,66083,0.0011109337045347827,0.033330672128458236,,,0.0005910963306407512,7.3473173386245945,0.0011109337045347827,0.0013724688213291548,0.005520681274828902,3.6888794541139367,0.0,39.99999999999999,,,,0.00016684597358107567,0.5993043896742165,0.1268565512727946,0.5993043896742165,13840,,7.3473173386245945,False,False,mean
Schirrmeister2017,1,6398,normalized,spdsw_l40,sw,40,347,66429,0.0010268014284089192,0.03204374242202242,,,0.0005676614867573787,7.3473173386245945,0.0010268014284089192,0.0010932771135403919,0.00394615284182156,3.6888794541139367,0.0,39.99999999999999,,,,0.00017333799041807652,0.6010818576905876,0.1268565512727946,0.6010818576905876,13880,,7.3473173386245945,False,False,mean
Schirrmeister2017,1,6398,normalized,spdsw_l40,sw,40,348,66776,0.0008575916008600496,0.029284664943619376,,,0.0005180090422795815,7.347317338624595,0.0008575916008600496,0.0008680088965355625,0.004973459222857145,3.6888794541139367,0.0,39.99999999999999,,,,0.00017616990953683853,0.602806945797056,0.1268565512727946,0.602806945797056,13920,,7.3473173386245945,False,False,mean
Schirrmeister2017,1,6398,normalized,spdsw_l40,sw,40,349,67124,0.0007776630587608423,0.027886610743524252,,,0.0004957266030931609,7.347317338624595,0.0007776630587608423,0.0007148309147495037,0.003530481641778706,3.6888794541139367,0.0,39.99999999999999,,,,0.00016964995302259922,0.6045295647345483,0.1268565512727946,0.6045295647345483,13960,,7.3473173386245945,False,False,mean
Schirrmeister2017,1,6398,normalized,spdsw_l40,sw,40,350,67473,0.0010774703685952943,0.03282484377107215,96.69797627363225,2.788972711269113,0.0005821457032288072,7.3473173386245945,0.0010774703685952943,0.001087249987730158,0.004069118701965829,3.6888794541139367,0.0,39.99999999999999,,,,0.0001780930906534195,0.6062566887121648,0.13578084437176585,0.6062566887121648,14000,,7.3473173386245945,False,False,mean
Schirrmeister2017,1,6398,normalized,spdsw_l40,sw,40,351,67823,0.0009014490036024919,0.030024140347435294,,,0.0005314343832882259,7.3473173386245945,0.0009014490036024919,0.0009057205924379861,0.00375706647658751,3.6888794541139367,0.0,39.99999999999999,,,,0.00020683510228991508,0.6087715437170118,0.13578084437176585,0.6087715437170118,14040,,7.3473173386245945,False,False,mean
Schirrmeister2017,1,6398,normalized,spdsw_l40,sw,40,352,68174,0.0010037171848519969,0.0316814959377236,,,0.0005620465647164885,7.3473173386245945,0.0010037171848519969,0.0016517142790896824,0.008178702449629458,3.6888794541139367,0.0,39.99999999999999,,,,0.00018597813323140144,0.610686341766268,0.13578084437176585,0.610686341766268,14080,,7.3473173386245945,False,False,mean
Schirrmeister2017,1,6398,normalized,spdsw_l40,sw,40,353,68526,0.001165370879292528,0.03413752889845028,,,0.0006025007069042629,7.347317338624595,0.001165370879292528,0.0017026965778353825,0.00780919067803861,3.6888794541139367,0.0,39.99999999999999,,,,0.00017584278248250484,0.6124863128643483,0.13578084437176585,0.6124863128643483,14120,,7.3473173386245945,False,False,mean
Schirrmeister2017,1,6398,normalized,spdsw_l40,sw,40,354,68879,0.0012166474221823851,0.03488047336522807,,,0.0006146146481534326,7.3473173386245945,0.0012166474221823851,0.0009659842721465385,0.004258110295320434,3.6888794541139367,0.0,39.99999999999999,,,,0.00017655896954238415,0.6142821118701249,0.13578084437176585,0.6142821118701249,14160,,7.3473173386245945,False,False,mean
Schirrmeister2017,1,6398,normalized,spdsw_l40,sw,40,355,69233,0.001359116401860625,0.03686619592337437,,,0.0006500169957863835,7.3473173386245945,0.001359116401860625,0.0014706537771933953,0.00656670645325535,3.6888794541139367,0.0,39.99999999999999,,,,0.00017035100609064102,0.6160156808327883,0.13578084437176585,0.6160156808327883,14200,,7.3473173386245945,False,False,mean
Schirrmeister2017,1,6398,normalized,spdsw_l40,sw,40,356,69588,0.0011298562743047372,0.03361333476917661,,,0.0005966531394251522,7.347317338624595,0.0011298562743047372,0.0012866954788709416,0.006156805043444117,3.6888794541139367,0.0,39.99999999999999,,,,0.0001756900455802679,0.6177638047374785,0.13578084437176585,0.6177638047374785,14240,,7.3473173386245945,False,False,mean
Schirrmeister2017,1,6398,normalized,spdsw_l40,sw,40,357,69944,0.00176939948319733,0.04206423044817687,,,0.0007478276852757711,7.347317338624595,0.00176939948319733,0.0021280707598757853,0.010861171535148456,3.6888794541139367,0.0,39.99999999999999,,,,0.00017650192603468895,0.6195020556915551,0.13578084437176585,0.6195020556915551,14280,,7.3473173386245945,False,False,mean
Schirrmeister2017,1,6398,normalized,spdsw_l40,sw,40,358,70301,0.0010234810833962555,0.03199189090060566,,,0.0005691697151001701,7.3473173386245945,0.0010234810833962555,0.0011806530450285684,0.006917913094784502,3.6888794541139367,0.0,39.99999999999999,,,,0.00016989000141620636,0.6212381215300411,0.13578084437176585,0.6212381215300411,14320,,7.3473173386245945,False,False,mean
Schirrmeister2017,1,6398,normalized,spdsw_l40,sw,40,359,70659,0.000892687000985629,0.029877868079661054,,,0.0005289913569624504,7.347317338624594,0.000892687000985629,0.0011362171755854421,0.005903711172813705,3.6888794541139367,0.0,39.99999999999999,,,,0.00018792599439620972,0.6229889884125441,0.13578084437176585,0.6229889884125441,14360,,7.3473173386245945,False,False,mean
Schirrmeister2017,1,6398,normalized,spdsw_l40,sw,40,360,71018,0.0009339648374218409,0.030560838297105673,,,0.0005408497513249731,7.3473173386245945,0.0009339648374218409,0.0012217369506200848,0.006032205342817988,3.6888794541139367,0.0,39.99999999999999,,,,0.00016887392848730087,0.6247102054767311,0.13578084437176585,0.6247102054767311,14400,,7.3473173386245945,False,False,mean
Schirrmeister2017,1,6398,normalized,spdsw_l40,sw,40,361,71378,0.0009648340606519339,0.031061778130878695,,,0.0005511686748045882,7.3473173386245945,0.0009648340606519339,0.0005963989811490687,0.0027758708475404963,3.6888794541139367,0.0,39.99999999999999,,,,0.00017469911836087704,0.6264629315119237,0.13578084437176585,0.6264629315119237,14440,,7.3473173386245945,False,False,mean
Schirrmeister2017,1,6398,normalized,spdsw_l40,sw,40,362,71739,0.0009704719959415892,0.031152399521410693,,,0.0005532497077383886,7.347317338624595,0.0009704719959415892,0.0009946090347724612,0.00399862076003852,3.6888794541139367,0.0,39.99999999999999,,,,0.00017662509344518185,0.6282017275225371,0.13578084437176585,0.6282017275225371,14480,,7.3473173386245945,False,False,mean
Schirrmeister2017,1,6398,normalized,spdsw_l40,sw,40,363,72101,0.001157755502442716,0.03402580641869809,,,0.0006043009541381925,7.3473173386245945,0.001157755502442716,0.0013920781614644342,0.006966630271031815,3.6888794541139367,0.0,39.99999999999999,,,,0.0001732169184833765,0.6299449633806944,0.13578084437176585,0.6299449633806944,14520,,7.3473173386245945,False,False,mean
Schirrmeister2017,1,6398,normalized,spdsw_l40,sw,40,364,72464,0.0007723501450882914,0.027791188263337922,,,0.000491334205699227,7.347317338624595,0.0007723501450882914,0.0007343990225154504,0.0029200466806890034,3.6888794541139367,0.0,39.99999999999999,,,,0.0001773929689079523,0.6316792552825063,0.13578084437176585,0.6316792552825063,14560,,7.3473173386245945,False,False,mean
Schirrmeister2017,1,6398,normalized,spdsw_l40,sw,40,365,72828,0.001679785917643063,0.04098519144328916,,,0.0007261391827182795,7.3473173386245945,0.001679785917643063,0.0020054081980565813,0.007796051448134215,3.6888794541139367,0.0,39.99999999999999,,,,0.00016996986232697964,0.6334047692362219,0.13578084437176585,0.6334047692362219,14600,,7.3473173386245945,False,False,mean
Schirrmeister2017,1,6398,normalized,spdsw_l40,sw,40,366,73193,0.0009898582440037134,0.031462012713806366,,,0.0005565339167052616,7.347317338624595,0.0009898582440037134,0.0011394969152551874,0.004899561947911343,3.6888794541139367,0.0,39.99999999999999,,,,0.00018442492000758648,0.6351450383663177,0.13578084437176585,0.6351450383663177,14640,,7.3473173386245945,False,False,mean
Schirrmeister2017,1,6398,normalized,spdsw_l40,sw,40,367,73559,0.0010122358822793945,0.0318156546731227,,,0.0005618961793233007,7.347317338624594,0.0010122358822793945,0.0010766586016177566,0.004448468732617871,3.6888794541139367,0.0,39.99999999999999,,,,0.00017152703367173672,0.636877519544214,0.13578084437176585,0.636877519544214,14680,,7.3473173386245945,False,False,mean
Schirrmeister2017,1,6398,normalized,spdsw_l40,sw,40,368,73926,0.001052883287033972,0.0324481630764204,,,0.000571882325351724,7.3473173386245945,0.001052883287033972,0.0010259492601572045,0.004196903931956529,3.6888794541139367,0.0,39.99999999999999,,,,0.00017258711159229279,0.6386155965737998,0.13578084437176585,0.6386155965737998,14720,,7.3473173386245945,False,False,mean
Schirrmeister2017,1,6398,normalized,spdsw_l40,sw,40,369,74294,0.0011387834637726936,0.0337458658767662,,,0.0006016409379159044,7.347317338624595,0.0011387834637726936,0.0011524557889741659,0.004094727847118914,3.6888794541139367,0.0,39.99999999999999,,,,0.0001722781453281641,0.640337448567152,0.13578084437176585,0.640337448567152,14760,,7.3473173386245945,False,False,mean
Schirrmeister2017,1,6398,normalized,spdsw_l40,sw,40,370,74663,0.0011287796189347042,0.033597315650728765,,,0.000591898064847278,7.347317338624595,0.0011287796189347042,0.0010866759576648902,0.004734035880789437,3.6888794541139367,0.0,39.99999999999999,,,,0.00017176102846860886,0.6420600945129991,0.13578084437176585,0.6420600945129991,14800,,7.3473173386245945,False,False,mean
Schirrmeister2017,1,6398,normalized,spdsw_l40,sw,40,371,75033,0.000765255655271859,0.027663254603749337,,,0.0004853783848214626,7.3473173386245945,0.000765255655271859,0.0006337956144359368,0.0030162602783524845,3.6888794541139367,0.0,39.99999999999999,,,,0.00019040005281567574,0.6438044675160199,0.13578084437176585,0.6438044675160199,14840,,7.3473173386245945,False,False,mean
Schirrmeister2017,1,6398,normalized,spdsw_l40,sw,40,372,75404,0.0010752312523970887,0.032790718997867195,,,0.0005834829406170144,7.347317338624595,0.0010752312523970887,0.0014116098041712568,0.004772034995945716,3.6888794541139367,0.0,39.99999999999999,,,,0.00016879895702004433,0.6455239246133715,0.13578084437176585,0.6455239246133715,14880,,7.3473173386245945,False,False,mean
Schirrmeister2017,1,6398,normalized,spdsw_l40,sw,40,373,75776,0.0009742910546969021,0.03121363571737362,,,0.0005446911455157827,7.3473173386245945,0.0009742910546969021,0.0007898010162576739,0.0035078959999316622,3.6888794541139367,0.0,39.99999999999999,,,,0.00017662299796938896,0.6472670135553926,0.13578084437176585,0.6472670135553926,14920,,7.3473173386245945,False,False,mean
Schirrmeister2017,1,6398,normalized,spdsw_l40,sw,40,374,76149,0.0012665996842216136,0.035589319805548594,,,0.0006304182747991745,7.3473173386245945,0.0012665996842216136,0.0021297465620543636,0.012180118161775118,3.6888794541139367,0.0,39.99999999999999,,,,0.00017085997387766838,0.6489961664192379,0.13578084437176585,0.6489961664192379,14960,,7.3473173386245945,False,False,mean
Schirrmeister2017,1,6398,normalized,spdsw_l40,sw,40,375,76523,0.0009068535441941861,0.030114009101980862,96.57012927307393,2.9174980304018368,0.00053180686168959,7.347317338624595,0.0009068535441941861,0.0006400455257224044,0.0023523981394105507,3.6888794541139367,0.0,39.99999999999999,,,,0.00017548003233969212,0.6507367284502834,0.14490842050872743,0.6507367284502834,15000,,7.3473173386245945,False,False,mean
Schirrmeister2017,1,6398,normalized,spdsw_l40,sw,40,376,76898,0.001361280622071624,0.03689553661449612,,,0.0006546128733821495,7.3473173386245945,0.001361280622071624,0.0011712047960388211,0.004223053994378903,3.6888794541139367,0.0,39.99999999999999,,,,0.00020542996935546398,0.6532580833882093,0.14490842050872743,0.6532580833882093,15040,,7.3473173386245945,False,False,mean
Schirrmeister2017,1,6398,normalized,spdsw_l40,sw,40,377,77274,0.0009684016312773245,0.03111915216192955,,,0.0005509236912520813,7.347317338624593,0.0009684016312773245,0.0011314626171059895,0.007043943595105257,3.6888794541139367,0.0,39.99999999999999,,,,0.00018370011821389198,0.6550872635561973,0.14490842050872743,0.6550872635561973,15080,,7.3473173386245945,False,False,mean
Schirrmeister2017,1,6398,normalized,spdsw_l40,sw,40,378,77651,0.001489031646505759,0.03858797282192677,,,0.0006828453212679673,7.347317338624595,0.001489031646505759,0.001745097131496048,0.007933923460862968,3.6888794541139367,0.0,39.99999999999999,,,,0.00017794105224311352,0.6568535973783582,0.14490842050872743,0.6568535973783582,15120,,7.3473173386245945,False,False,mean
Schirrmeister2017,1,6398,normalized,spdsw_l40,sw,40,379,78029,0.000943449467982878,0.030715622539399686,,,0.0005461649712437885,7.347317338624595,0.000943449467982878,0.0010252087064112699,0.00493036508857985,3.6888794541139367,0.0,39.99999999999999,,,,0.00017543788999319077,0.6586126282345504,0.14490842050872743,0.6586126282345504,15160,,7.3473173386245945,False,False,mean
Schirrmeister2017,1,6398,normalized,spdsw_l40,sw,40,380,78408,0.001169029244541355,0.03419106966067829,,,0.0006000698972835025,7.3473173386245945,0.001169029244541355,0.0016265782987274228,0.0075356925455720356,3.6888794541139367,0.0,39.99999999999999,,,,0.00017868401482701302,0.6603557243943214,0.14490842050872743,0.6603557243943214,15200,,7.3473173386245945,False,False,mean
Schirrmeister2017,1,6398,normalized,spdsw_l40,sw,40,381,78788,0.0010896038877217888,0.03300914854584693,,,0.0005763033927220957,7.3473173386245945,0.0010896038877217888,0.001134715256748425,0.004902058240302444,3.6888794541139367,0.0,39.99999999999999,,,,0.00017422111704945564,0.6620808783918619,0.14490842050872743,0.6620808783918619,15240,,7.3473173386245945,False,False,mean
Schirrmeister2017,1,6398,normalized,spdsw_l40,sw,40,382,79169,0.0011621887924146619,0.034090890167531,,,0.0005949462838958457,7.3473173386245945,0.0011621887924146619,0.00098649229043734,0.005143779146264332,3.6888794541139367,0.0,39.99999999999999,,,,0.00017535383813083172,0.6638211724348366,0.14490842050872743,0.6638211724348366,15280,,7.3473173386245945,False,False,mean
Schirrmeister2017,1,6398,normalized,spdsw_l40,sw,40,383,79551,0.0010389178550489907,0.03223224868123524,,,0.000570185201012266,7.3473173386245945,0.0010389178550489907,0.0011871085938789932,0.005885144344980549,3.6888794541139367,0.0,39.99999999999999,,,,0.00017037615180015564,0.6655515094753355,0.14490842050872743,0.6655515094753355,15320,,7.3473173386245945,False,False,mean
Schirrmeister2017,1,6398,normalized,spdsw_l40,sw,40,384,79934,0.0007207246718673017,0.026846315796907806,,,0.00047299751013462016,7.3473173386245945,0.0007207246718673017,0.0006950169389745596,0.002908194795564949,3.6888794541139367,0.0,39.99999999999999,,,,0.00017337803728878498,0.6672927585896105,0.14490842050872743,0.6672927585896105,15360,,7.3473173386245945,False,False,mean
Schirrmeister2017,1,6398,normalized,spdsw_l40,sw,40,385,80318,0.0006321616006556791,0.025142824038991304,,,0.00044190157307700466,7.347317338624595,0.0006321616006556791,0.0004958642993552761,0.002033704506487023,3.6888794541139367,0.0,39.99999999999999,,,,0.0001741799060255289,0.6690299196634442,0.14490842050872743,0.6690299196634442,15400,,7.3473173386245945,False,False,mean
Schirrmeister2017,1,6398,normalized,spdsw_l40,sw,40,386,80703,0.0013806085306252204,0.03715654088616458,,,0.000657905630822134,7.3473173386245945,0.0013806085306252204,0.0014875243648992656,0.007445706994121644,3.6888794541139367,0.0,39.99999999999999,,,,0.00017077988013625145,0.6707558685448021,0.14490842050872743,0.6707558685448021,15440,,7.3473173386245945,False,False,mean
Schirrmeister2017,1,6398,normalized,spdsw_l40,sw,40,387,81089,0.001422049438395636,0.03771007078216158,,,0.0006677930506147294,7.3473173386245945,0.001422049438395636,0.0017690716126542519,0.007128656419610855,3.6888794541139367,0.0,39.99999999999999,,,,0.0001790020614862442,0.6724818116053939,0.14490842050872743,0.6724818116053939,15480,,7.3473173386245945,False,False,mean
Schirrmeister2017,1,6398,normalized,spdsw_l40,sw,40,388,81476,0.001561190058914387,0.03951189768809374,,,0.000695366424983828,7.3473173386245945,0.001561190058914387,0.0018734305128305295,0.008148732927993068,3.6888794541139367,0.0,39.99999999999999,,,,0.00016775494441390038,0.6742023765109479,0.14490842050872743,0.6742023765109479,15520,,7.3473173386245945,False,False,mean
Schirrmeister2017,1,6398,normalized,spdsw_l40,sw,40,389,81864,0.0011127294212636553,0.03335759915317131,,,0.0005868260712917946,7.3473173386245945,0.0011127294212636553,0.0009040185058367408,0.003355572353263148,3.6888794541139367,0.0,39.99999999999999,,,,0.0001679728738963604,0.6759289766196162,0.14490842050872743,0.6759289766196162,15560,,7.3473173386245945,False,False,mean
Schirrmeister2017,1,6398,normalized,spdsw_l40,sw,40,390,82253,0.0010023503588815319,0.031659917227964005,,,0.0005552159905631329,7.347317338624594,0.0010023503588815319,0.0010462800611573178,0.0060886070291859395,3.6888794541139367,0.0,39.99999999999999,,,,0.00016998383216559887,0.6776373765897006,0.14490842050872743,0.6776373765897006,15600,,7.3473173386245945,False,False,mean
Schirrmeister2017,1,6398,normalized,spdsw_l40,sw,40,391,82643,0.0009914195486737775,0.031486815473683226,,,0.000554702804590703,7.347317338624595,0.0009914195486737775,0.0013299514585600088,0.005644485444417585,3.6888794541139367,0.0,39.99999999999999,,,,0.0001694411039352417,0.6793614816851914,0.14490842050872743,0.6793614816851914,15640,,7.3473173386245945,False,False,mean
Schirrmeister2017,1,6398,normalized,spdsw_l40,sw,40,392,83034,0.0010716290124034192,0.03273574517867921,,,0.0005829735965530252,7.347317338624595,0.0010716290124034192,0.0019184785016245663,0.011558058736784296,3.6888794541139367,0.0,39.99999999999999,,,,0.00017778808251023293,0.6810753387399018,0.14490842050872743,0.6810753387399018,15680,,7.3473173386245945,False,False,mean
Schirrmeister2017,1,6398,normalized,spdsw_l40,sw,40,393,83426,0.0009264849712023259,0.03043821563762117,,,0.0005424634386508405,7.347317338624593,0.0009264849712023259,0.0011681224786021167,0.005397104625410212,3.6888794541139367,0.0,39.99999999999999,,,,0.00016762595623731613,0.6827777766156942,0.14490842050872743,0.6827777766156942,15720,,7.3473173386245945,False,False,mean
Schirrmeister2017,1,6398,normalized,spdsw_l40,sw,40,394,83819,0.0011054561861615516,0.03324840125722666,,,0.0005889494908520978,7.3473173386245945,0.0011054561861615516,0.0013348896968721402,0.005572861482374141,3.6888794541139367,0.0,39.99999999999999,,,,0.00016939500346779823,0.68450210778974,0.14490842050872743,0.68450210778974,15760,,7.3473173386245945,False,False,mean
Schirrmeister2017,1,6398,normalized,spdsw_l40,sw,40,395,84213,0.0009210029427316445,0.030348030294100544,,,0.0005357419068132924,7.3473173386245945,0.0009210029427316445,0.0007371564729649558,0.0029246889227764108,3.6888794541139367,0.0,39.99999999999999,,,,0.00017173215746879578,0.6862107899505645,0.14490842050872743,0.6862107899505645,15800,,7.3473173386245945,False,False,mean
Schirrmeister2017,1,6398,normalized,spdsw_l40,sw,40,396,84608,0.0011783272916759775,0.034326772229208755,,,0.0006032310419713051,7.3473173386245945,0.0011783272916759775,0.0010359002700599765,0.004428176914393548,3.6888794541139367,0.0,39.99999999999999,,,,0.00017136079259216785,0.687921839999035,0.14490842050872743,0.687921839999035,15840,,7.3473173386245945,False,False,mean
Schirrmeister2017,1,6398,normalized,spdsw_l40,sw,40,397,85004,0.001109061282762313,0.03330257171394295,,,0.0005886756559670017,7.3473173386245945,0.001109061282762313,0.0012526913033382996,0.005684536126747893,3.6888794541139367,0.0,39.99999999999999,,,,0.0001704581081867218,0.6896448289044201,0.14490842050872743,0.6896448289044201,15880,,7.3473173386245945,False,False,mean
Schirrmeister2017,1,6398,normalized,spdsw_l40,sw,40,398,85401,0.0010466583084129755,0.03235209898001945,,,0.0005756230033710018,7.3473173386245945,0.0010466583084129755,0.0013504883212154004,0.0063121398047843195,3.6888794541139367,0.0,39.99999999999999,,,,0.00016979104839265347,0.6913578407838941,0.14490842050872743,0.6913578407838941,15920,,7.3473173386245945,False,False,mean
Schirrmeister2017,1,6398,normalized,spdsw_l40,sw,40,399,85799,0.0010053707929565108,0.031707582578249495,,,0.0005601038818253047,7.3473173386245945,0.0010053707929565108,0.00128275348434865,0.005759902044671094,3.6888794541139367,0.0,39.99999999999999,,,,0.0001716320402920246,0.6930908188223839,0.14490842050872743,0.6930908188223839,15960,,7.3473173386245945,False,False,mean
Schirrmeister2017,1,6398,normalized,spdsw_l40,sw,40,400,86198,0.001048850061812959,0.03238595469972993,96.26057637784945,3.2286933222228362,0.0005730068118004421,7.3473173386245945,0.001048850061812959,0.0013110552877662958,0.006008793694186965,3.6888794541139367,0.0,39.99999999999999,,,,0.00017079687677323818,0.6947964068967849,0.15335523150861263,0.6947964068967849,16000,,7.3473173386245945,False,False,mean
Schirrmeister2017,1,6398,normalized,spdsw_l40,sw,40,401,86598,0.0012310224404415797,0.03508592937976105,,,0.0006182782549589083,7.347317338624595,0.0012310224404415797,0.002004765683363769,0.012163200154419504,3.6888794541139367,0.0,39.99999999999999,,,,0.00019649183377623558,0.697186809964478,0.15335523150861263,0.697186809964478,16040,,7.3473173386245945,False,False,mean
Schirrmeister2017,1,6398,normalized,spdsw_l40,sw,40,402,86999,0.0008232376121254678,0.02869211759569983,,,0.0005090589181670259,7.347317338624593,0.0008232376121254678,0.000711403235694929,0.0032166420341491874,3.6888794541139367,0.0,39.99999999999999,,,,0.00017954502254724503,0.6989474408328533,0.15335523150861263,0.6989474408328533,16080,,7.3473173386245945,False,False,mean
Schirrmeister2017,1,6398,normalized,spdsw_l40,sw,40,403,87401,0.0009849993358452302,0.03138469907208336,,,0.0005563590010796083,7.347317338624595,0.0009849993358452302,0.0009044166383459724,0.0031873586480585334,3.6888794541139367,0.0,39.99999999999999,,,,0.00017273006960749626,0.7006942818406969,0.15335523150861263,0.7006942818406969,16120,,7.3473173386245945,False,False,mean
Schirrmeister2017,1,6398,normalized,spdsw_l40,sw,40,404,87804,0.0011373572712198785,0.03372472788948605,,,0.0005960104725043887,7.347317338624595,0.0011373572712198785,0.001053518680343662,0.00414496977121427,3.6888794541139367,0.0,39.99999999999999,,,,0.00018138508312404156,0.7024839837104082,0.15335523150861263,0.7024839837104082,16160,,7.3473173386245945,False,False,mean
Schirrmeister2017,1,6398,normalized,spdsw_l40,sw,40,405,88208,0.00114328345454704,0.03381247483617607,,,0.000597770994272379,7.3473173386245945,0.00114328345454704,0.001962562330563304,0.01231183111344658,3.6888794541139367,0.0,39.99999999999999,,,,0.00016960082575678825,0.7042479948140681,0.15335523150861263,0.7042479948140681,16200,,7.3473173386245945,False,False,mean
Schirrmeister2017,1,6398,normalized,spdsw_l40,sw,40,406,88613,0.0009125362381961735,0.030208214746922295,,,0.0005299150886107963,7.347317338624595,0.0009125362381961735,0.0009913660472052849,0.004516388496054301,3.6888794541139367,0.0,39.99999999999999,,,,0.0001785110216587782,0.7059759767726064,0.15335523150861263,0.7059759767726064,16240,,7.3473173386245945,False,False,mean
Schirrmeister2017,1,6398,normalized,spdsw_l40,sw,40,407,89019,0.001508991854462651,0.038845744354596305,,,0.0006859317537546174,7.347317338624595,0.001508991854462651,0.0018629324570559318,0.009416324877708382,3.6888794541139367,0.0,39.99999999999999,,,,0.0001686799805611372,0.707699324702844,0.15335523150861263,0.707699324702844,16280,,7.3473173386245945,False,False,mean
Schirrmeister2017,1,6398,normalized,spdsw_l40,sw,40,408,89426,0.0011889702958015145,0.03448144857458159,,,0.0006109624322616605,7.3473173386245945,0.0011889702958015145,0.001332343725658851,0.0054517712155902134,3.6888794541139367,0.0,39.99999999999999,,,,0.00017318688333034515,0.7094473927281797,0.15335523150861263,0.7094473927281797,16320,,7.3473173386245945,False,False,mean
Schirrmeister2017,1,6398,normalized,spdsw_l40,sw,40,409,89834,0.0009809879015073885,0.03132072638856558,,,0.0005468865443829216,7.3473173386245945,0.0009809879015073885,0.00120188815610312,0.006523126917993769,3.6888794541139367,0.0,39.99999999999999,,,,0.00017147301696240902,0.7111778687685728,0.15335523150861263,0.7111778687685728,16360,,7.3473173386245945,False,False,mean
Schirrmeister2017,1,6398,normalized,spdsw_l40,sw,40,410,90243,0.0010954172100119993,0.03309708763640691,,,0.0005871617305022464,7.347317338624595,0.0010954172100119993,0.0014598536449053,0.006635891100567651,3.6888794541139367,0.0,39.99999999999999,,,,0.00016838801093399525,0.7129002148285508,0.15335523150861263,0.7129002148285508,16400,,7.3473173386245945,False,False,mean
Schirrmeister2017,1,6398,normalized,spdsw_l40,sw,40,411,90653,0.0012011407944998956,0.034657478190138064,,,0.0006164955206686662,7.3473173386245945,0.0012011407944998956,0.0013242144950461384,0.0073399600693868725,3.6888794541139367,0.0,39.99999999999999,,,,0.00018177088350057602,0.714624916901812,0.15335523150861263,0.714624916901812,16440,,7.3473173386245945,False,False,mean
Schirrmeister2017,1,6398,normalized,spdsw_l40,sw,40,412,91064,0.0007454799102616761,0.02730347798837496,,,0.0004823044428473358,7.347317338624595,0.0007454799102616761,0.0005364302106423373,0.002184286629965409,3.6888794541139367,0.0,39.99999999999999,,,,0.00017126882448792458,0.716350375674665,0.15335523150861263,0.716350375674665,16480,,7.3473173386245945,False,False,mean
Schirrmeister2017,1,6398,normalized,spdsw_l40,sw,40,413,91476,0.0014269852292494937,0.03777545802832169,,,0.0006667443155675111,7.3473173386245945,0.0014269852292494937,0.001658017268862783,0.008274439604263585,3.6888794541139367,0.0,39.99999999999999,,,,0.00016894913278520107,0.7180826896801591,0.15335523150861263,0.7180826896801591,16520,,7.3473173386245945,False,False,mean
Schirrmeister2017,1,6398,normalized,spdsw_l40,sw,40,414,91889,0.0009803582354899526,0.03131067286868733,,,0.0005563157803555024,7.347317338624595,0.0009803582354899526,0.0008118479237508097,0.0037178175891692928,3.6888794541139367,0.0,39.99999999999999,,,,0.00016954820603132248,0.7198093375191092,0.15335523150861263,0.7198093375191092,16560,,7.3473173386245945,False,False,mean
Schirrmeister2017,1,6398,normalized,spdsw_l40,sw,40,415,92303,0.0009284763352979526,0.03047090965655526,,,0.0005404908085795275,7.3473173386245945,0.0009284763352979526,0.0009427180567282372,0.0037120277377411244,3.6888794541139367,0.0,39.99999999999999,,,,0.00017466419376432896,0.7215290744788945,0.15335523150861263,0.7215290744788945,16600,,7.3473173386245945,False,False,mean
Schirrmeister2017,1,6398,normalized,spdsw_l40,sw,40,416,92718,0.0011584728572218857,0.03403634612031506,,,0.0006100375065983563,7.3473173386245945,0.0011584728572218857,0.001099089201721133,0.0047377986133248645,3.6888794541139367,0.0,39.99999999999999,,,,0.0001797052100300789,0.723252480616793,0.15335523150861263,0.723252480616793,16640,,7.3473173386245945,False,False,mean
Schirrmeister2017,1,6398,normalized,spdsw_l40,sw,40,417,93134,0.0008709223234117854,0.029511393112013288,,,0.0005243796696577114,7.3473173386245945,0.0008709223234117854,0.0009021284181676624,0.004039792227748914,3.6888794541139367,0.0,39.99999999999999,,,,0.00017077289521694183,0.7249607637058944,0.15335523150861263,0.7249607637058944,16680,,7.3473173386245945,False,False,mean
Schirrmeister2017,1,6398,normalized,spdsw_l40,sw,40,418,93551,0.0009237922981986295,0.030393951671321542,,,0.0005368594249001738,7.347317338624595,0.0009237922981986295,0.0008809891721370132,0.004788464159638,3.6888794541139367,0.0,39.99999999999999,,,,0.00016979104839265347,0.7266891256440431,0.15335523150861263,0.7266891256440431,16720,,7.3473173386245945,False,False,mean
Schirrmeister2017,1,6398,normalized,spdsw_l40,sw,40,419,93969,0.0011977834034591248,0.03460900754802317,,,0.0006167640321151142,7.347317338624595,0.0011977834034591248,0.0013678202822316524,0.005995595805917268,3.6888794541139367,0.0,39.99999999999999,,,,0.00016694096848368645,0.7284156987443566,0.15335523150861263,0.7284156987443566,16760,,7.3473173386245945,False,False,mean
Schirrmeister2017,1,6398,normalized,spdsw_l40,sw,40,420,94388,0.0009972944880749354,0.031579969728847676,,,0.0005598656040941485,7.347317338624596,0.0009972944880749354,0.0011314259819344232,0.004790946844301636,3.6888794541139367,0.0,39.99999999999999,,,,0.00017331796698272228,0.7301572156138718,0.15335523150861263,0.7301572156138718,16800,,7.3473173386245945,False,False,mean
Schirrmeister2017,1,6398,normalized,spdsw_l40,sw,40,421,94808,0.00119121164197471,0.03451393402634231,,,0.0006069361118570533,7.3473173386245945,0.00119121164197471,0.0012348884092242456,0.004603472973979755,3.6888794541139367,0.0,39.99999999999999,,,,0.00017914618365466595,0.7318805516697466,0.15335523150861263,0.7318805516697466,16840,,7.3473173386245945,False,False,mean
Schirrmeister2017,1,6398,normalized,spdsw_l40,sw,40,422,95229,0.0010383211604617188,0.03222299117806599,,,0.0005780842696654928,7.3473173386245945,0.0010383211604617188,0.0008684078810249732,0.003522113185387967,3.6888794541139367,0.0,39.99999999999999,,,,0.00016976287588477135,0.733590001706034,0.15335523150861263,0.733590001706034,16880,,7.3473173386245945,False,False,mean
Schirrmeister2017,1,6398,normalized,spdsw_l40,sw,40,423,95651,0.0011164598549666504,0.033413468167292217,,,0.0005891957002857295,7.3473173386245945,0.0011164598549666504,0.0010867807966600238,0.005491532814570333,3.6888794541139367,0.0,39.99999999999999,,,,0.00017220992594957352,0.7353140828199685,0.15335523150861263,0.7353140828199685,16920,,7.3473173386245945,False,False,mean
Schirrmeister2017,1,6398,normalized,spdsw_l40,sw,40,424,96074,0.0012125485560958446,0.03482166791088337,,,0.0006097423628514248,7.347317338624594,0.0012125485560958446,0.0015507316684324412,0.006034984530812816,3.6888794541139367,0.0,39.99999999999999,,,,0.00017152796499431133,0.7370218066498637,0.15335523150861263,0.7370218066498637,16960,,7.3473173386245945,False,False,mean
Schirrmeister2017,1,6398,normalized,spdsw_l40,sw,40,425,96498,0.0011783879779153103,0.034327656166935,95.98564957279422,3.5050788080265884,0.0006052222620579595,7.3473173386245945,0.0011783879779153103,0.00127139049767199,0.006893989496549037,3.6888794541139367,0.0,39.99999999999999,,,,0.0001685109455138445,0.7387406385969371,0.1624272062908858,0.7387406385969371,17000,,7.3473173386245945,False,False,mean
Schirrmeister2017,1,6398,normalized,spdsw_l40,sw,40,426,96923,0.001124292402931872,0.033530469769030555,,,0.0005952734700656801,7.3473173386245945,0.001124292402931872,0.0010104498523878292,0.004764034702987017,3.6888794541139367,0.0,39.99999999999999,,,,0.00019283895380795002,0.7410890674218535,0.1624272062908858,0.7410890674218535,17040,,7.3473173386245945,False,False,mean
Schirrmeister2017,1,6398,normalized,spdsw_l40,sw,40,427,97349,0.0011454370148631374,0.03384430550126768,,,0.0006025395047516722,7.347317338624595,0.0011454370148631374,0.0012720601690744601,0.005829347673080328,3.6888794541139367,0.0,39.99999999999999,,,,0.0001761680468916893,0.7428619603160769,0.1624272062908858,0.7428619603160769,17080,,7.3473173386245945,False,False,mean
Schirrmeister2017,1,6398,normalized,spdsw_l40,sw,40,428,97776,0.0011382947818737224,0.03373862448105617,,,0.0005908847777640955,7.3473173386245945,0.0011382947818737224,0.0012375319196197925,0.006014695973125862,3.6888794541139367,0.0,39.99999999999999,,,,0.0001731270458549261,0.7446112562902272,0.1624272062908858,0.7446112562902272,17120,,7.3473173386245945,False,False,mean
Schirrmeister2017,1,6398,normalized,spdsw_l40,sw,40,429,98204,0.0007064109140495689,0.026578391863496347,,,0.00047131188989237607,7.347317338624595,0.0007064109140495689,0.0005323778967731988,0.0019519959687828376,3.6888794541139367,0.0,39.99999999999999,,,,0.0001752690877765417,0.7463631322607398,0.1624272062908858,0.7463631322607398,17160,,7.3473173386245945,False,False,mean
Schirrmeister2017,1,6398,normalized,spdsw_l40,sw,40,430,98633,0.0011801038524972447,0.034352639672916616,,,0.0006150490385329988,7.3473173386245945,0.0011801038524972447,0.001541573616901032,0.008606621729276367,3.6888794541139367,0.0,39.99999999999999,,,,0.00017108512111008167,0.7480989573523402,0.1624272062908858,0.7480989573523402,17200,,7.3473173386245945,False,False,mean
Schirrmeister2017,1,6398,normalized,spdsw_l40,sw,40,431,99063,0.0008975881127990377,0.02995977491235603,,,0.0005272673318854166,7.347317338624593,0.0008975881127990377,0.0008263298368571778,0.003640259034614287,3.6888794541139367,0.0,39.99999999999999,,,,0.00018092594109475613,0.7498344294726849,0.1624272062908858,0.7498344294726849,17240,,7.3473173386245945,False,False,mean
Schirrmeister2017,1,6398,normalized,spdsw_l40,sw,40,432,99494,0.0011179151408494705,0.03343523801095889,,,0.0005957697576750968,7.3473173386245945,0.0011179151408494705,0.0012040466330985253,0.005707289094744394,3.6888794541139367,0.0,39.99999999999999,,,,0.00016700802370905876,0.7515391095075756,0.1624272062908858,0.7515391095075756,17280,,7.3473173386245945,False,False,mean
Schirrmeister2017,1,6398,normalized,spdsw_l40,sw,40,433,99926,0.0005891959312608855,0.02427335846686415,,,0.00043186092507086084,7.3473173386245945,0.0005891959312608855,0.0005313623238784784,0.0027889462146403936,3.6888794541139367,0.0,39.99999999999999,,,,0.00017542089335620403,0.7532838715706021,0.1624272062908858,0.7532838715706021,17320,,7.3473173386245945,False,False,mean
Schirrmeister2017,1,6398,normalized,spdsw_l40,sw,40,434,100359,0.001341096619843996,0.036620986057778346,,,0.0006509981762655799,7.3473173386245945,0.001341096619843996,0.0012209488711392154,0.004509071939177737,3.6888794541139367,0.0,39.99999999999999,,,,0.0001762709580361843,0.7550122225657105,0.1624272062908858,0.7550122225657105,17360,,7.3473173386245945,False,False,mean
Schirrmeister2017,1,6398,normalized,spdsw_l40,sw,40,435,100793,0.001001412291261109,0.03164509900855279,,,0.0005674103064074715,7.3473173386245945,0.001001412291261109,0.001048480671379919,0.0051156803437444436,3.6888794541139367,0.0,39.99999999999999,,,,0.00017114006914198399,0.756749740568921,0.1624272062908858,0.756749740568921,17400,,7.3473173386245945,False,False,mean
Schirrmeister2017,1,6398,normalized,spdsw_l40,sw,40,436,101228,0.0009465092603207463,0.030765390625193536,,,0.000547650280625939,7.347317338624595,0.0009465092603207463,0.0008598920850099875,0.0038545496561596523,3.6888794541139367,0.0,39.99999999999999,,,,0.00017623603343963623,0.75847552344203,0.1624272062908858,0.75847552344203,17440,,7.3473173386245945,False,False,mean
Schirrmeister2017,1,6398,normalized,spdsw_l40,sw,40,437,101664,0.0012697161994071724,0.035633077321600676,,,0.00063083735841755,7.3473173386245945,0.0012697161994071724,0.0010762089257890313,0.0042150725025411374,3.6888794541139367,0.0,39.99999999999999,,,,0.0001713968813419342,0.7602037384640425,0.1624272062908858,0.7602037384640425,17480,,7.3473173386245945,False,False,mean
Schirrmeister2017,1,6398,normalized,spdsw_l40,sw,40,438,102101,0.00103054470053224,0.03210209807056604,,,0.0005669568531151928,7.3473173386245945,0.00103054470053224,0.001206528322585488,0.005869323511101981,3.6888794541139367,0.0,39.99999999999999,,,,0.0001800938043743372,0.7619389635510743,0.1624272062908858,0.7619389635510743,17520,,7.3473173386245945,False,False,mean
Schirrmeister2017,1,6398,normalized,spdsw_l40,sw,40,439,102539,0.0008362287777518283,0.028917620540975155,,,0.0005162772060669622,7.3473173386245945,0.0008362287777518283,0.0007562824572395092,0.0033647924246818653,3.6888794541139367,0.0,39.99999999999999,,,,0.00017406698316335678,0.7636752035468817,0.1624272062908858,0.7636752035468817,17560,,7.3473173386245945,False,False,mean
Schirrmeister2017,1,6398,normalized,spdsw_l40,sw,40,440,102978,0.0010305888859442898,0.032102786264501866,,,0.0005675223597104076,7.347317338624595,0.0010305888859442898,0.001096675013726786,0.0054635484263630026,3.6888794541139367,0.0,39.99999999999999,,,,0.00016844389028847218,0.7654023244976997,0.1624272062908858,0.7654023244976997,17600,,7.3473173386245945,False,False,mean
Schirrmeister2017,1,6398,normalized,spdsw_l40,sw,40,441,103418,0.0010250496399457048,0.0320163964234844,,,0.0005693985201274336,7.3473173386245945,0.0010250496399457048,0.0009742801682411823,0.00435716762711233,3.6888794541139367,0.0,39.99999999999999,,,,0.0001742520835250616,0.7671319185756147,0.1624272062908858,0.7671319185756147,17640,,7.3473173386245945,False,False,mean
Schirrmeister2017,1,6398,normalized,spdsw_l40,sw,40,442,103859,0.0012373891125436434,0.03517654207769211,,,0.0006218294110641971,7.3473173386245945,0.0012373891125436434,0.0012502752897634328,0.005653129221140367,3.6888794541139367,0.0,39.99999999999999,,,,0.00016733002848923206,0.7688561354298145,0.1624272062908858,0.7688561354298145,17680,,7.3473173386245945,False,False,mean
Schirrmeister2017,1,6398,normalized,spdsw_l40,sw,40,443,104301,0.0010126835418039137,0.03182268910390688,,,0.0005708870835869416,7.347317338624595,0.0010126835418039137,0.0008338047947152188,0.004555147340563177,3.6888794541139367,0.0,39.99999999999999,,,,0.00019010505639016628,0.7705902913585305,0.1624272062908858,0.7705902913585305,17720,,7.3473173386245945,False,False,mean
Schirrmeister2017,1,6398,normalized,spdsw_l40,sw,40,444,104744,0.0012258826590273977,0.0350126071441045,,,0.0006181530750351338,7.3473173386245945,0.0012258826590273977,0.0015151581481047522,0.007188446872848819,3.6888794541139367,0.0,39.99999999999999,,,,0.00017162086442112923,0.7723059803247452,0.1624272062908858,0.7723059803247452,17760,,7.3473173386245945,False,False,mean
Schirrmeister2017,1,6398,normalized,spdsw_l40,sw,40,445,105188,0.0010230659625688856,0.03198540233557936,,,0.0005661416794926965,7.347317338624593,0.0010230659625688856,0.0009363448540148253,0.003672927453374702,3.6888794541139367,0.0,39.99999999999999,,,,0.0001715568359941244,0.7740379823371768,0.1624272062908858,0.7740379823371768,17800,,7.3473173386245945,False,False,mean
Schirrmeister2017,1,6398,normalized,spdsw_l40,sw,40,446,105633,0.0011113957667853202,0.033337602895009116,,,0.0005865859058204034,7.3473173386245945,0.0011113957667853202,0.001128151022704593,0.00496549050606267,3.6888794541139367,0.0,39.99999999999999,,,,0.000174456974491477,0.7757693473249674,0.1624272062908858,0.7757693473249674,17840,,7.3473173386245945,False,False,mean
Schirrmeister2017,1,6398,normalized,spdsw_l40,sw,40,447,106079,0.0010874394166246724,0.03297634632012274,,,0.0005834993891462885,7.347317338624595,0.0010874394166246724,0.001242928944906199,0.005647521241028639,3.6888794541139367,0.0,39.99999999999999,,,,0.00016950396820902824,0.7774856113828719,0.1624272062908858,0.7774856113828719,17880,,7.3473173386245945,False,False,mean
Schirrmeister2017,1,6398,normalized,spdsw_l40,sw,40,448,106526,0.0008310184789157238,0.028827391122259464,,,0.0005059297667421791,7.347317338624595,0.0008310184789157238,0.0007088068309769918,0.003083723888298701,3.6888794541139367,0.0,39.99999999999999,,,,0.00018120906315743923,0.7792115004267544,0.1624272062908858,0.7792115004267544,17920,,7.3473173386245945,False,False,mean
Schirrmeister2017,1,6398,normalized,spdsw_l40,sw,40,449,106974,0.0009210068498518268,0.030348094665923045,,,0.0005403990968826242,7.347317338624595,0.0009210068498518268,0.0008178757807350847,0.0038749999403110587,3.6888794541139367,0.0,39.99999999999999,,,,0.0001713039819151163,0.7809326613787562,0.1624272062908858,0.7809326613787562,17960,,7.3473173386245945,False,False,mean
Schirrmeister2017,1,6398,normalized,spdsw_l40,sw,40,450,107423,0.001065902962551217,0.032648169359877084,95.9235492508895,3.567508615970409,0.0005815889459590494,7.3473173386245945,0.001065902962551217,0.0010795219189576875,0.005432717423490528,3.6888794541139367,0.0,39.99999999999999,,,,0.00017147604376077652,0.7826556214131415,0.17142852232791483,0.7826556214131415,18000,,7.3473173386245945,False,False,mean
Schirrmeister2017,1,6398,normalized,spdsw_l40,sw,40,451,107873,0.0012350406692292438,0.03514314540887375,,,0.0006190477765401291,7.3473173386245945,0.0012350406692292438,0.0012496384039961527,0.006136202582403879,3.6888794541139367,0.0,39.99999999999999,,,,0.00020755617879331112,0.7851846953853965,0.17142852232791483,0.7851846953853965,18040,,7.3473173386245945,False,False,mean
Schirrmeister2017,1,6398,normalized,spdsw_l40,sw,40,452,108324,0.0010551431643696454,0.03248296729625613,,,0.0005746134591687557,7.347317338624595,0.0010551431643696454,0.00108962206191848,0.004186774965761357,3.6888794541139367,0.0,39.99999999999999,,,,0.00019299588166177273,0.7870453712530434,0.17142852232791483,0.7870453712530434,18080,,7.3473173386245945,False,False,mean
Schirrmeister2017,1,6398,normalized,spdsw_l40,sw,40,453,108776,0.0008089790481788524,0.028442556990869377,,,0.0005066786244804645,7.347317338624594,0.0008089790481788524,0.0007939646425263234,0.0033162752376156663,3.6888794541139367,0.0,39.99999999999999,,,,0.0001809729728847742,0.7888369613792747,0.17142852232791483,0.7888369613792747,18120,,7.3473173386245945,False,False,mean
Schirrmeister2017,1,6398,normalized,spdsw_l40,sw,40,454,109229,0.0012051735864209657,0.034715610126007664,,,0.0006170920114027913,7.3473173386245945,0.0012051735864209657,0.0014677710599637676,0.007882955862088288,3.6888794541139367,0.0,39.99999999999999,,,,0.00017221109010279179,0.7905975133180618,0.17142852232791483,0.7905975133180618,18160,,7.3473173386245945,False,False,mean
Schirrmeister2017,1,6398,normalized,spdsw_l40,sw,40,455,109683,0.0010469708225088012,0.03235692850857141,,,0.0005658638366169912,7.347317338624593,0.0010469708225088012,0.0012287680202062495,0.006645970249200208,3.6888794541139367,0.0,39.99999999999999,,,,0.00017544790171086788,0.7923360832501203,0.17142852232791483,0.7923360832501203,18200,,7.3473173386245945,False,False,mean
Schirrmeister2017,1,6398,normalized,spdsw_l40,sw,40,456,110138,0.0007161043014090975,0.026760125212881524,,,0.00047546387463002896,7.347317338624595,0.0007161043014090975,0.0006924795303314025,0.003124575496811055,3.6888794541139367,0.0,39.99999999999999,,,,0.0001703370362520218,0.7940654992125928,0.17142852232791483,0.7940654992125928,18240,,7.3473173386245945,False,False,mean
Schirrmeister2017,1,6398,normalized,spdsw_l40,sw,40,457,110594,0.0011975906850564006,0.034606223212832694,,,0.0006145457150236327,7.3473173386245945,0.0011975906850564006,0.0011562717388844063,0.004728286564912745,3.6888794541139367,0.0,39.99999999999999,,,,0.00017832987941801548,0.7957965331152081,0.17142852232791483,0.7957965331152081,18280,,7.3473173386245945,False,False,mean
Schirrmeister2017,1,6398,normalized,spdsw_l40,sw,40,458,111051,0.0010069213590759725,0.0317320241881285,,,0.0005612414082888256,7.347317338624593,0.0010069213590759725,0.001058820180789562,0.0054060137984334004,3.6888794541139367,0.0,39.99999999999999,,,,0.00017554895021021366,0.7975311730988324,0.17142852232791483,0.7975311730988324,18320,,7.3473173386245945,False,False,mean
Schirrmeister2017,1,6398,normalized,spdsw_l40,sw,40,459,111509,0.0013025508763396777,0.0360908697088291,,,0.0006414250334999616,7.347317338624593,0.0013025508763396777,0.0011261273823233858,0.004775449887509749,3.6888794541139367,0.0,39.99999999999999,,,,0.00017074402421712875,0.7992737949825823,0.17142852232791483,0.7992737949825823,18360,,7.3473173386245945,False,False,mean
Schirrmeister2017,1,6398,normalized,spdsw_l40,sw,40,460,111968,0.000884248736485415,0.0297363201570977,,,0.0005259932441858063,7.347317338624595,0.000884248736485415,0.0006770629091560281,0.0031716539550499826,3.6888794541139367,0.0,39.99999999999999,,,,0.00017546000890433788,0.8010544679127634,0.17142852232791483,0.8010544679127634,18400,,7.3473173386245945,False,False,mean
Schirrmeister2017,1,6398,normalized,spdsw_l40,sw,40,461,112428,0.0007669036997091206,0.027693026192691917,,,0.00048546489968410284,7.347317338624594,0.0007669036997091206,0.0007493080055940872,0.003351854811395365,3.6888794541139367,0.0,39.99999999999999,,,,0.00016877008602023125,0.8027946900110692,0.17142852232791483,0.8027946900110692,18440,,7.3473173386245945,False,False,mean
Schirrmeister2017,1,6398,normalized,spdsw_l40,sw,40,462,112889,0.0009273919339685801,0.030453110415334918,,,0.0005406062532439077,7.3473173386245945,0.0009273919339685801,0.0010729410194746083,0.004809730033660388,3.6888794541139367,0.0,39.99999999999999,,,,0.00017391308210790157,0.804516701027751,0.17142852232791483,0.804516701027751,18480,,7.3473173386245945,False,False,mean
Schirrmeister2017,1,6398,normalized,spdsw_l40,sw,40,463,113351,0.0008969135789342466,0.029948515471292507,,,0.0005298633013633809,7.347317338624594,0.0008969135789342466,0.0009889889280867356,0.004170474200364631,3.6888794541139367,0.0,39.99999999999999,,,,0.00017681298777461052,0.806255079107359,0.17142852232791483,0.806255079107359,18520,,7.3473173386245945,False,False,mean
Schirrmeister2017,1,6398,normalized,spdsw_l40,sw,40,464,113814,0.0011249127779347982,0.0335397194075144,,,0.000596924347969055,7.3473173386245945,0.0011249127779347982,0.0008521486650033569,0.003633458026076746,3.6888794541139367,0.0,39.99999999999999,,,,0.0001766530331224203,0.8079828121699393,0.17142852232791483,0.8079828121699393,18560,,7.3473173386245945,False,False,mean
Schirrmeister2017,1,6398,normalized,spdsw_l40,sw,40,465,114278,0.0011059272479283595,0.03325548447893008,,,0.0005902829109582602,7.3473173386245945,0.0011059272479283595,0.0016453999113039775,0.008050553885237587,3.6888794541139367,0.0,39.99999999999999,,,,0.00017345696687698364,0.8097021842841059,0.17142852232791483,0.8097021842841059,18600,,7.3473173386245945,False,False,mean
Schirrmeister2017,1,6398,normalized,spdsw_l40,sw,40,466,114743,0.0008282690146497091,0.02877966321293057,,,0.0005057083353794738,7.347317338624594,0.0008282690146497091,0.0009331864320795954,0.004110655207489373,3.6888794541139367,0.0,39.99999999999999,,,,0.0001743929460644722,0.8114594803191721,0.17142852232791483,0.8114594803191721,18640,,7.3473173386245945,False,False,mean
Schirrmeister2017,1,6398,normalized,spdsw_l40,sw,40,467,115209,0.0012347730316961418,0.03513933738271315,,,0.0006250222647628264,7.3473173386245945,0.0012347730316961418,0.0014140561325436435,0.005448141745354392,3.6888794541139367,0.0,39.99999999999999,,,,0.0001731209922581911,0.8131813674699515,0.17142852232791483,0.8131813674699515,18680,,7.3473173386245945,False,False,mean
Schirrmeister2017,1,6398,normalized,spdsw_l40,sw,40,468,115676,0.0010162774925749896,0.03187910746201954,,,0.0005649083934646633,7.3473173386245945,0.0010162774925749896,0.0014420986609083256,0.00705534112375738,3.6888794541139367,0.0,39.99999999999999,,,,0.00017390400171279907,0.8149051503278315,0.17142852232791483,0.8149051503278315,18720,,7.3473173386245945,False,False,mean
Schirrmeister2017,1,6398,normalized,spdsw_l40,sw,40,469,116144,0.0007944208147309513,0.02818547169608753,,,0.0004986029245436261,7.347317338624595,0.0007944208147309513,0.0007569018484571894,0.0034683601215805054,3.6888794541139367,0.0,39.99999999999999,,,,0.00017676386050879955,0.8166301522869617,0.17142852232791483,0.8166301522869617,18760,,7.3473173386245945,False,False,mean
Schirrmeister2017,1,6398,normalized,spdsw_l40,sw,40,470,116613,0.0011431688231233986,0.03381077968819114,,,0.0005946626557814836,7.3473173386245945,0.0011431688231233986,0.0010932437523516723,0.004808460489857763,3.6888794541139367,0.0,39.99999999999999,,,,0.00017347699031233788,0.8183513733092695,0.17142852232791483,0.8183513733092695,18800,,7.3473173386245945,False,False,mean
Schirrmeister2017,1,6398,normalized,spdsw_l40,sw,40,471,117083,0.0009392622549488469,0.030647385776748512,,,0.0005441427133820748,7.3473173386245945,0.0009392622549488469,0.000826861558958247,0.0034940811461498357,3.6888794541139367,0.0,39.99999999999999,,,,0.0001697358675301075,0.8200836852192879,0.17142852232791483,0.8200836852192879,18840,,7.3473173386245945,False,False,mean
Schirrmeister2017,1,6398,normalized,spdsw_l40,sw,40,472,117554,0.001512168152442461,0.0388866063374327,,,0.0006822141822642245,7.347317338624594,0.001512168152442461,0.0019769888971737535,0.008007557287747687,3.6888794541139367,0.0,39.99999999999999,,,,0.00017649494111537933,0.8218167503364384,0.17142852232791483,0.8218167503364384,18880,,7.3473173386245945,False,False,mean
Schirrmeister2017,1,6398,normalized,spdsw_l40,sw,40,473,118026,0.0007073852759362653,0.026596715510308136,,,0.0004677878378318114,7.347317338624595,0.0007073852759362653,0.0006428694130671543,0.0025705671999363385,3.6888794541139367,0.0,39.99999999999999,,,,0.0001715649850666523,0.8235376793891191,0.17142852232791483,0.8235376793891191,18920,,7.3473173386245945,False,False,mean
Schirrmeister2017,1,6398,normalized,spdsw_l40,sw,40,474,118499,0.0006701181277461699,0.025886639947010695,,,0.00045635689060224743,7.347317338624596,0.0006701181277461699,0.0006040777340855844,0.002997440814585712,3.6888794541139367,0.0,39.99999999999999,,,,0.00017589307390153408,0.8252496542409062,0.17142852232791483,0.8252496542409062,18960,,7.3473173386245945,False,False,mean
Schirrmeister2017,1,6398,normalized,spdsw_l40,sw,40,475,118973,0.0011170308213690305,0.03342201103119066,95.83202821128596,3.6595152392860433,0.0005894862239815877,7.347317338624595,0.0011170308213690305,0.0011291657710120221,0.005739866904993391,3.6888794541139367,0.0,39.99999999999999,,,,0.00017012981697916985,0.8269622002262622,0.18015224440023303,0.8269622002262622,19000,,7.3473173386245945,False,False,mean
Schirrmeister2017,1,6398,normalized,spdsw_l40,sw,40,476,119448,0.0012769295036109353,0.035734150383224944,,,0.0006360537405581779,7.347317338624593,0.0012769295036109353,0.0012915368385357114,0.005813342214628238,3.6888794541139367,0.0,39.99999999999999,,,,0.00019791815429925919,0.8293938902206719,0.18015224440023303,0.8293938902206719,19040,,7.3473173386245945,False,False,mean
Schirrmeister2017,1,6398,normalized,spdsw_l40,sw,40,477,119924,0.0010937597318601056,0.03307203851987515,,,0.0005903929514192353,7.3473173386245945,0.0010937597318601056,0.001027323356676933,0.005058324599469883,3.6888794541139367,0.0,39.99999999999999,,,,0.00018314202316105366,0.831192534416914,0.18015224440023303,0.831192534416914,19080,,7.3473173386245945,False,False,mean
Schirrmeister2017,1,6398,normalized,spdsw_l40,sw,40,478,120401,0.0012177662797259515,0.03489650813084243,,,0.0006219266484003508,7.3473173386245945,0.0012177662797259515,0.0012926524193754316,0.006361974349847173,3.6888794541139367,0.0,39.99999999999999,,,,0.00017707678489387035,0.8329608633648604,0.18015224440023303,0.8329608633648604,19120,,7.3473173386245945,False,False,mean
Schirrmeister2017,1,6398,normalized,spdsw_l40,sw,40,479,120879,0.0008303985545496259,0.028816636766798895,,,0.000507833385962284,7.347317338624595,0.0008303985545496259,0.0010706476735629087,0.0064357344961950965,3.6888794541139367,0.0,39.99999999999999,,,,0.00017278618179261684,0.8347080955281854,0.18015224440023303,0.8347080955281854,19160,,7.3473173386245945,False,False,mean
Schirrmeister2017,1,6398,normalized,spdsw_l40,sw,40,480,121358,0.001522279191093702,0.0390163964391088,,,0.0006767305948518765,7.347317338624595,0.001522279191093702,0.0017183019389876123,0.008972734655302714,3.6888794541139367,0.0,39.99999999999999,,,,0.0001740108709782362,0.8364382684230804,0.18015224440023303,0.8364382684230804,19200,,7.3473173386245945,False,False,mean
Schirrmeister2017,1,6398,normalized,spdsw_l40,sw,40,481,121838,0.0011966532974793942,0.03459267693427894,,,0.0006109959260289521,7.347317338624595,0.0011966532974793942,0.0014708248832508905,0.008222913840099827,3.6888794541139367,0.0,39.99999999999999,,,,0.0001704918686300516,0.8381729184184223,0.18015224440023303,0.8381729184184223,19240,,7.3473173386245945,False,False,mean
Schirrmeister2017,1,6398,normalized,spdsw_l40,sw,40,482,122319,0.001054768914646821,0.032477206078214624,,,0.0005769673679119542,7.347317338624595,0.001054768914646821,0.0009814293208822676,0.004908960427239244,3.6888794541139367,0.0,39.99999999999999,,,,0.00017789192497730255,0.839893544325605,0.18015224440023303,0.839893544325605,19280,,7.3473173386245945,False,False,mean
Schirrmeister2017,1,6398,normalized,spdsw_l40,sw,40,483,122801,0.0011614147710660896,0.0340795359573174,,,0.0006039912898362178,7.3473173386245945,0.0011614147710660896,0.0015848956973033212,0.008606908577477434,3.6888794541139367,0.0,39.99999999999999,,,,0.0001757501158863306,0.841635033255443,0.18015224440023303,0.841635033255443,19320,,7.3473173386245945,False,False,mean
Schirrmeister2017,1,6398,normalized,spdsw_l40,sw,40,484,123284,0.0009989238297909105,0.03160575627620561,,,0.0005616825492823332,7.3473173386245945,0.0009989238297909105,0.0009280787253651015,0.0040847513533235225,3.6888794541139367,0.0,39.99999999999999,,,,0.00017210794612765312,0.8433688653167337,0.18015224440023303,0.8433688653167337,19360,,7.3473173386245945,False,False,mean
Schirrmeister2017,1,6398,normalized,spdsw_l40,sw,40,485,123768,0.001055902742519575,0.03249465713805232,,,0.0005733041477332742,7.347317338624595,0.001055902742519575,0.0010389976684746828,0.0043153092868723425,3.6888794541139367,0.0,39.99999999999999,,,,0.00016910606063902378,0.8450769644696265,0.18015224440023303,0.8450769644696265,19400,,7.3473173386245945,False,False,mean
Schirrmeister2017,1,6398,normalized,spdsw_l40,sw,40,486,124253,0.0012488983238261122,0.03533975557111441,,,0.0006190438280922648,7.347317338624595,0.0012488983238261122,0.0015443229512754465,0.008379422007918734,3.6888794541139367,0.0,39.99999999999999,,,,0.00016738707199692726,0.8467855544295162,0.18015224440023303,0.8467855544295162,19440,,7.3473173386245945,False,False,mean
Schirrmeister2017,1,6398,normalized,spdsw_l40,sw,40,487,124739,0.000964982187529454,0.03106416243083747,,,0.0005539681605403697,7.347317338624595,0.000964982187529454,0.001007809975481707,0.004376067686767567,3.6888794541139367,0.0,39.99999999999999,,,,0.00017941417172551155,0.8485135724768043,0.18015224440023303,0.8485135724768043,19480,,7.3473173386245945,False,False,mean
Schirrmeister2017,1,6398,normalized,spdsw_l40,sw,40,488,125226,0.0008775412712794865,0.029623323096497574,,,0.0005304312211446957,7.3473173386245945,0.0008775412712794865,0.0008493574042032589,0.004357102836769453,3.6888794541139367,0.0,39.99999999999999,,,,0.00017179688438773155,0.8502318675164133,0.18015224440023303,0.8502318675164133,19520,,7.3473173386245945,False,False,mean
Schirrmeister2017,1,6398,normalized,spdsw_l40,sw,40,489,125714,0.0010588737819902069,0.03254034084010502,,,0.0005759435459501034,7.3473173386245945,0.0010588737819902069,0.0009411319871662289,0.004165321922820818,3.6888794541139367,0.0,39.99999999999999,,,,0.0001729070208966732,0.8519627244677395,0.18015224440023303,0.8519627244677395,19560,,7.3473173386245945,False,False,mean
Schirrmeister2017,1,6398,normalized,spdsw_l40,sw,40,490,126203,0.0013636944690087307,0.03692823403588006,,,0.0006508359022640286,7.3473173386245945,0.0013636944690087307,0.0015140657550152007,0.006582783380339097,3.6888794541139367,0.0,39.99999999999999,,,,0.00016968999989330769,0.8536901553161442,0.18015224440023303,0.8536901553161442,19600,,7.3473173386245945,False,False,mean
Schirrmeister2017,1,6398,normalized,spdsw_l40,sw,40,491,126693,0.0008615791762753922,0.029352668980441834,,,0.000514949300072452,7.3473173386245945,0.0008615791762753922,0.0010097213927380054,0.0055860136828559375,3.6888794541139367,0.0,39.99999999999999,,,,0.0001719959545880556,0.855412837350741,0.18015224440023303,0.855412837350741,19640,,7.3473173386245945,False,False,mean
Schirrmeister2017,1,6398,normalized,spdsw_l40,sw,40,492,127184,0.001005525602279979,0.03171002368778647,,,0.000561309238642795,7.347317338624595,0.001005525602279979,0.0010533173165649435,0.005327401708904934,3.6888794541139367,0.0,39.99999999999999,,,,0.0001787890214473009,0.8571348155383021,0.18015224440023303,0.8571348155383021,19680,,7.3473173386245945,False,False,mean
Schirrmeister2017,1,6398,normalized,spdsw_l40,sw,40,493,127676,0.0011254218514646747,0.0335473076634277,,,0.0005897400170915472,7.3473173386245945,0.0011254218514646747,0.0012911587175600133,0.006888662095831804,3.6888794541139367,0.0,39.99999999999999,,,,0.0001676089596003294,0.8588357146363705,0.18015224440023303,0.8588357146363705,19720,,7.3473173386245945,False,False,mean
Schirrmeister2017,1,6398,normalized,spdsw_l40,sw,40,494,128169,0.0010396105977752278,0.03224299300274756,,,0.000572237564549022,7.347317338624595,0.0010396105977752278,0.0008492841026621423,0.00384756506112968,3.6888794541139367,0.0,39.99999999999999,,,,0.00017367000691592693,0.8606164066586643,0.18015224440023303,0.8606164066586643,19760,,7.3473173386245945,False,False,mean
Schirrmeister2017,1,6398,normalized,spdsw_l40,sw,40,495,128663,0.0009403000294653949,0.03066431198421701,,,0.0005445825122831594,7.347317338624595,0.0009403000294653949,0.0007995013541462054,0.003235638199432905,3.6888794541139367,0.0,39.99999999999999,,,,0.00016761990264058113,0.8623246278148144,0.18015224440023303,0.8623246278148144,19800,,7.3473173386245945,False,False,mean
Schirrmeister2017,1,6398,normalized,spdsw_l40,sw,40,496,129158,0.0007823161214313371,0.02796991457676153,,,0.0004878473755870524,7.347317338624593,0.0007823161214313371,0.0007474277879648298,0.003510110718041104,3.6888794541139367,0.0,39.99999999999999,,,,0.00016816891729831696,0.8640417708083987,0.18015224440023303,0.8640417708083987,19840,,7.3473173386245945,False,False,mean
Schirrmeister2017,1,6398,normalized,spdsw_l40,sw,40,497,129654,0.0010289719978783564,0.032077593392870925,,,0.0005712817209794111,7.3473173386245945,0.0010289719978783564,0.000949442210629138,0.004284913640648428,3.6888794541139367,0.0,39.99999999999999,,,,0.00017798296175897121,0.8657485817093402,0.18015224440023303,0.8657485817093402,19880,,7.3473173386245945,False,False,mean
Schirrmeister2017,1,6398,normalized,spdsw_l40,sw,40,498,130151,0.0011990790707669236,0.03462772113158652,,,0.0006152336093960257,7.347317338624594,0.0011990790707669236,0.001158472702960928,0.004709854646215946,3.6888794541139367,0.0,39.99999999999999,,,,0.00017020804807543755,0.8674629696179181,0.18015224440023303,0.8674629696179181,19920,,7.3473173386245945,False,False,mean
Schirrmeister2017,1,6398,normalized,spdsw_l40,sw,40,499,130649,0.0012021566691244824,0.034672131015045536,,,0.0006140896358938102,7.3473173386245945,0.0012021566691244824,0.0010603173175079048,0.004447198930701489,3.6888794541139367,0.0,39.99999999999999,,,,0.00017179804854094982,0.8691994966939092,0.18015224440023303,0.8691994966939092,19960,,7.3473173386245945,False,False,mean
Schirrmeister2017,1,6398,normalized,spdsw_l40,sw,40,500,131148,0.0011238761538410575,0.033524262166989706,95.54494158057034,3.9481250672079127,0.0005920759982707757,7.3473173386245945,0.0011238761538410575,0.0015861102638934806,0.009894494223524102,3.6888794541139367,0.0,39.99999999999999,,,,0.00017268001101911068,0.8709203687030822,0.1888146554119885,0.8709203687030822,20000,,7.3473173386245945,False,False,mean
