dataset,method,sampling,aggregation,update,subject,seed,epoch,epochs,N_proj,sigma,d,m,objective_power,rooted_distance,lew,relative_lew,lew_reduction_pct,gap_closure,raw_gradient_norm,applied_update_norm,mean_h,std_h,max_h,min_h,spectral_effective_N,spectral_entropy,spectral_max_weight,spectral_top5_mass,spectral_top10_mass,bank_seed,bank_hash,bank_hash_kind,target_projection_hash,initial_source_hash,target_hash,direction_sampling_ms,source_projection_ms,target_projection_ms,wasserstein_1d_ms,sorting_aggregation_ms,backward_ms,optimizer_update_ms,total_epoch_ms,one_time_bank_sampling_ms,one_time_target_projection_ms,evaluation_ms,cumulative_optimization_ms,cumulative_evaluation_ms,cumulative_direct_projection_count,cumulative_direction_draw_count,learning_rate,eta_norm,eta_root,nan,diverged,status
BNCI2014_001,resampled_spectral_normalized_power_s1,resampled,spectral,normalized_power,1,1788,0,500,500,1.0,22,253,0.011431575454152028,0.1069185458849494,7.00240537723237,1.0,0.0,0.0,,0.0,0.004693229501149986,0.005645100895148469,0.03183034898401522,8.586442758627554e-05,188.24073761048203,5.716247880429664,0.03017952124818757,0.09236224807369398,0.1459989447547685,1788,bd0f24e7dfc9db479257333acb1d1d140ca657db3c0a83593d373857e0f00737,full_tensor_sha256,e18f08e05a65a42b7a2be59a1ccb7e7ab0f327dcca7b2cb04e6ab5b488352c02,944f93c6fa033d604d9e90219484c40564bfebf4e3306a041f5ec522a76c0b9b,0f2cf9a67445117338a1c28f1312c232b1cbb8285fc218b4057ed38b092a75be,0.0,0.0,0.0,0.0,0.0,0.0,0.0,0.0,0.0,0.0,13.717185007408261,0.0,13.717185007408261,0,0,,2.793683898093503,,False,False,initial
BNCI2014_001,resampled_spectral_normalized_power_s1,resampled,spectral,normalized_power,1,1788,1,500,500,1.0,22,253,0.011431575454152028,0.1069185458849494,6.772229482662209,0.9671290246465086,3.2870975353491425,3.2870975353491425,0.0017454377391779789,2.793683898093503,0.004693229501149986,0.005645100895148469,0.03183034898401522,8.586442758627554e-05,188.24073761048203,5.716247880429665,0.03017952124818757,0.09236224807369398,0.1459989447547685,1788,bd0f24e7dfc9db479257333acb1d1d140ca657db3c0a83593d373857e0f00737,full_tensor_sha256,e18f08e05a65a42b7a2be59a1ccb7e7ab0f327dcca7b2cb04e6ab5b488352c02,944f93c6fa033d604d9e90219484c40564bfebf4e3306a041f5ec522a76c0b9b,0f2cf9a67445117338a1c28f1312c232b1cbb8285fc218b4057ed38b092a75be,0.289540970697999,0.22857892327010632,0.25854422710835934,0.7014560978859663,0.15563308261334896,0.6726400461047888,0.21032290533185005,2.5167162530124187,0.0,0.0,11.545554036274552,2.5167162530124187,25.262739043682814,500,500,,2.793683898093503,,False,False,ok
BNCI2014_001,resampled_spectral_normalized_power_s1,resampled,spectral,normalized_power,1,1788,2,500,500,1.0,22,253,0.009607505772939947,0.09801788496463258,6.584103537051529,0.9402631213638519,5.97368786361481,5.97368786361481,0.0016838942590097195,2.793683898093503,0.0036622214901870357,0.0047310292732720815,0.04254599390410958,9.759857474534483e-05,188.24073761048203,5.716247880429664,0.03017952124818757,0.09236224807369398,0.1459989447547685,1789,cf9799963330ced6cf275fc1e781231654a9dd0b2e6c754413ebc3b1d350bebd,three_row_sha256,5d8aa4abab5127ec9e7b556302409b48ad7d552f15da552b6692918bb066fa83,944f93c6fa033d604d9e90219484c40564bfebf4e3306a041f5ec522a76c0b9b,0f2cf9a67445117338a1c28f1312c232b1cbb8285fc218b4057ed38b092a75be,0.2337261103093624,0.2297540195286274,0.22650416940450668,0.573229044675827,0.13390090316534042,0.7637348026037216,0.18483190797269344,2.345680957660079,0.0,0.0,11.247446993365884,4.862397210672498,36.5101860370487,1000,1000,,2.793683898093503,,False,False,ok
BNCI2014_001,resampled_spectral_normalized_power_s1,resampled,spectral,normalized_power,1,1788,3,500,500,1.0,22,253,0.008617389238334855,0.09282989409847915,6.4186376717578675,0.916633260426115,8.336673957388497,8.336673957388497,0.0016897857941847924,2.793683898093503,0.003217443233232226,0.004321952764051661,0.03200621252870188,0.00012690488783072957,188.24073761048203,5.716247880429664,0.03017952124818757,0.09236224807369398,0.1459989447547685,1791,01a6c3eccb6df756cd3f918ce0e071f04550ab7ee36b1680aa7df9337c9bf1db,three_row_sha256,d36fa731b749b556f96347d0627b9c85d3b97956564378b4cccb5215fafc9ff9,944f93c6fa033d604d9e90219484c40564bfebf4e3306a041f5ec522a76c0b9b,0f2cf9a67445117338a1c28f1312c232b1cbb8285fc218b4057ed38b092a75be,0.2876259386539459,0.23788493126630783,0.250163022428751,0.72054797783494,0.15436089597642422,1.3129008002579212,0.20407792180776596,3.167561488226056,0.0,0.0,11.097585083916783,8.029958698898554,47.60777112096548,1500,1500,,2.793683898093503,,False,False,ok
BNCI2014_001,resampled_spectral_normalized_power_s1,resampled,spectral,normalized_power,1,1788,4,500,500,1.0,22,253,0.006064501351267902,0.07787490835479617,6.277266435883912,0.8964443070225303,10.35556929774697,10.35556929774697,0.0013252813433012095,2.793683898093503,0.002358368117503547,0.0029868458194204153,0.02137566315554139,7.493803120008878e-05,188.24073761048203,5.716247880429664,0.03017952124818757,0.09236224807369398,0.1459989447547685,1794,b3c22e97c8f20e8421a7cd64815bdcc39842869c7f4e16addfb2d61fc06df0ef,three_row_sha256,8c22d13d946e7e68a0430c38ff41a21c3508b37af78959a0f939d52f9a7d54bd,944f93c6fa033d604d9e90219484c40564bfebf4e3306a041f5ec522a76c0b9b,0f2cf9a67445117338a1c28f1312c232b1cbb8285fc218b4057ed38b092a75be,0.2583840396255255,0.22677890956401825,0.2435909118503332,0.5934471264481544,0.1362308394163847,0.627703033387661,0.18662097863852978,2.272755838930607,0.0,0.0,10.76602190732956,10.30271453782916,58.37379302829504,2000,2000,,2.793683898093503,,False,False,ok
BNCI2014_001,resampled_spectral_normalized_power_s1,resampled,spectral,normalized_power,1,1788,5,500,500,1.0,22,253,0.0036449267348142,0.060373228626719976,6.1770118236621006,0.8821271393035949,11.787286069640517,11.787286069640517,0.0009921027003666283,2.793683898093503,0.0015497365511965464,0.0016927967429647309,0.012179477010026633,7.94805988593051e-05,188.24073761048206,5.716247880429664,0.03017952124818757,0.09236224807369398,0.1459989447547685,1798,cfb96e428a932652bea321911e5d8617a1a90b463be25eb92d98c623f96bd44e,three_row_sha256,26c027dd57f45c13b6a909db3df41efb409697222ff9875cc366557f62e61404,944f93c6fa033d604d9e90219484c40564bfebf4e3306a041f5ec522a76c0b9b,0f2cf9a67445117338a1c28f1312c232b1cbb8285fc218b4057ed38b092a75be,0.22315094247460365,0.22128294222056866,0.2225369680672884,0.5616850685328245,0.13275397941470146,0.8501322008669376,0.16832305118441582,2.37986515276134,0.0,0.0,10.504813864827156,12.6825796905905,68.8786068931222,2500,2500,,2.793683898093503,,False,False,ok
BNCI2014_001,resampled_spectral_normalized_power_s1,resampled,spectral,normalized_power,1,1788,6,500,500,1.0,22,253,0.002796982393374783,0.05288650483228007,6.092392343754656,0.8700427946607416,12.995720533925837,12.995720533925837,0.0008510810311807119,2.793683898093503,0.0012478126768377975,0.001249644940195987,0.010117177271978606,7.4051573824278e-05,188.240737610482,5.716247880429664,0.03017952124818757,0.09236224807369398,0.1459989447547685,1803,07e89665440ef652084ea9f85cf07bda839f7f0d3e14ebbd7b314a204bba31c6,three_row_sha256,1c0b22d751749d17c65549058f694deb6e9b98bb7739319e4b05708bf123b3be,944f93c6fa033d604d9e90219484c40564bfebf4e3306a041f5ec522a76c0b9b,0f2cf9a67445117338a1c28f1312c232b1cbb8285fc218b4057ed38b092a75be,0.2394351176917553,0.22733677178621292,0.23506302386522293,0.5826819688081741,0.14646793715655804,0.6195590831339359,0.19295094534754753,2.2434948477894068,0.0,0.0,9.216112084686756,14.926074538379908,78.09471897780895,3000,3000,,2.793683898093503,,False,False,ok
BNCI2014_001,resampled_spectral_normalized_power_s1,resampled,spectral,normalized_power,1,1788,7,500,500,1.0,22,253,0.0017331090567299775,0.041630626427306826,6.030999704554288,0.861275430320485,13.872456967951493,13.872456967951493,0.0006469916945740078,2.793683898093503,0.0008439378337529163,0.0007280482553217853,0.004824849887875374,8.987182371974876e-05,188.24073761048203,5.716247880429664,0.03017952124818757,0.09236224807369398,0.1459989447547685,1809,c29d0b6a46d65402b9871e1fb92f2a077725b4a18474c533faafb0aaa63a83b5,three_row_sha256,e14159a05e66fb365401a77e2d61a7affa87bc3920fb19f1420d95a2beb779ef,944f93c6fa033d604d9e90219484c40564bfebf4e3306a041f5ec522a76c0b9b,0f2cf9a67445117338a1c28f1312c232b1cbb8285fc218b4057ed38b092a75be,0.2244322095066309,0.22075301967561245,0.22537005133926868,0.5702159833163023,0.13306108303368092,0.6833469960838556,0.1660659909248352,2.223245333880186,0.0,0.0,9.800193831324577,17.149319872260094,87.89491280913353,3500,3500,,2.793683898093503,,False,False,ok
BNCI2014_001,resampled_spectral_normalized_power_s1,resampled,spectral,normalized_power,1,1788,8,500,500,1.0,22,253,0.0014493067668376223,0.03806976184372083,5.992053246485786,0.855713561795259,14.428643820474097,14.428643820474097,0.0005970532526626782,2.793683898093503,0.0007126505057963753,0.0006003550523755223,0.004117621916076804,6.639444328749994e-05,188.24073761048203,5.716247880429664,0.03017952124818757,0.09236224807369398,0.1459989447547685,1816,c43374600ca6d91413d297ebbe8300803729b4f37fda11f268664766bb6f61a2,three_row_sha256,1ab3b97c7ec298c0de3d354cf3ff4f1ddff322e71cfc6565c1669a70d7347f52,944f93c6fa033d604d9e90219484c40564bfebf4e3306a041f5ec522a76c0b9b,0f2cf9a67445117338a1c28f1312c232b1cbb8285fc218b4057ed38b092a75be,0.23277313448488712,0.22818311117589474,0.2305610105395317,0.8422220125794411,0.16674003563821316,0.8089449256658554,0.1966219861060381,2.7060462161898613,0.0,0.0,10.810364037752151,19.855366088449955,98.70527684688568,4000,4000,,2.793683898093503,,False,False,ok
BNCI2014_001,resampled_spectral_normalized_power_s1,resampled,spectral,normalized_power,1,1788,9,500,500,1.0,22,253,0.0008805411290315588,0.029673913274651843,5.9849207178382615,0.854694979142116,14.5305020857884,14.5305020857884,0.0004145266178841993,2.793683898093503,0.0004789032714561767,0.0003333842314535319,0.0021667022246232726,6.593136878712934e-05,188.24073761048206,5.716247880429665,0.03017952124818757,0.09236224807369398,0.1459989447547685,1824,8ea168199c9fac26db1a87cbc0fcc5b949b24598662a761f3628db904b5a51b8,three_row_sha256,4e1967d15dfbbd372aa3f947ab3af7138a5f4443724f04a7bee446f150acdcce,944f93c6fa033d604d9e90219484c40564bfebf4e3306a041f5ec522a76c0b9b,0f2cf9a67445117338a1c28f1312c232b1cbb8285fc218b4057ed38b092a75be,0.220075948163867,0.2226359210908413,0.2207718789577484,0.5527629982680082,0.12933393009006977,0.5972380749881268,0.1637099776417017,2.106528729200363,0.0,0.0,11.082373093813658,21.961894817650318,109.78764994069934,4500,4500,,2.793683898093503,,False,False,ok
BNCI2014_001,resampled_spectral_normalized_power_s1,resampled,spectral,normalized_power,1,1788,10,500,500,1.0,22,253,0.000683264068807434,0.02613932035856009,5.990255966487251,0.8554568957067205,14.45431042932795,14.45431042932795,0.00032988157373576286,2.7936838980935024,0.0003975124626588775,0.00023340156706484048,0.002107857916684466,3.6421468379960165e-05,188.24073761048206,5.716247880429664,0.03017952124818757,0.09236224807369398,0.1459989447547685,1833,f3588469396c48de2c7ca8a56e61a5ea11ee2c46e0d6617cf9dc6c69f54b4ec3,three_row_sha256,327dda42fa3b6023d9b961dde0da84317e502eb549063b89db66634820a24b61,944f93c6fa033d604d9e90219484c40564bfebf4e3306a041f5ec522a76c0b9b,0f2cf9a67445117338a1c28f1312c232b1cbb8285fc218b4057ed38b092a75be,0.21104910410940647,0.2199769951403141,0.22064801305532455,0.5440160166472197,0.13055792078375816,0.6164009682834148,0.16727694310247898,2.1099259611219168,0.0,0.0,8.903802139684558,24.071820778772235,118.6914520803839,5000,5000,,2.793683898093503,,False,False,ok
BNCI2014_001,resampled_spectral_normalized_power_s1,resampled,spectral,normalized_power,1,1788,11,500,500,1.0,22,253,0.0005435770853491801,0.02331473965861897,5.977810397889146,0.8536795680703386,14.632043192966139,14.632043192966139,0.0002616280692212442,2.793683898093503,0.000343201710438565,0.00017365614989004136,0.0011751054915303762,7.590457747495132e-05,188.24073761048203,5.716247880429664,0.03017952124818757,0.09236224807369398,0.1459989447547685,1843,04535e52fe5b0cf7a1eb0d9f2ddea6498ab21876155f590c1d4a9b8db4c3fd30,three_row_sha256,7c4ece5c78e163e1614e38a9053c957fd1c96893edd94e04b5c2679180fcea42,944f93c6fa033d604d9e90219484c40564bfebf4e3306a041f5ec522a76c0b9b,0f2cf9a67445117338a1c28f1312c232b1cbb8285fc218b4057ed38b092a75be,0.20702416077256203,0.21994090639054775,0.21840911358594894,0.532934907823801,0.12837513349950314,0.5450190510600805,0.170229934155941,2.0219332072883844,0.0,0.0,9.660346899181604,26.09375398606062,128.3517989795655,5500,5500,,2.793683898093503,,False,False,ok
BNCI2014_001,resampled_spectral_normalized_power_s1,resampled,spectral,normalized_power,1,1788,12,500,500,1.0,22,253,0.000476565167596627,0.021830372594086135,5.952667334112206,0.850088935648701,14.9911064351299,14.9911064351299,0.00023642810402985746,2.793683898093503,0.0003004177224771671,0.00015287220332882765,0.0009734938439492723,5.310779351253811e-05,188.24073761048203,5.716247880429664,0.03017952124818757,0.09236224807369398,0.1459989447547685,1854,d0df539394424309e187fa7962f3ce5895c286a0fcda45838ef5c4c6fa05c217,three_row_sha256,f3ee5d4a32cfa8d81665c2df1ca498eeb8dbf35fa436b3d1f939b0add551848a,944f93c6fa033d604d9e90219484c40564bfebf4e3306a041f5ec522a76c0b9b,0f2cf9a67445117338a1c28f1312c232b1cbb8285fc218b4057ed38b092a75be,0.2052679192274809,0.2202237956225872,0.21946197375655174,0.534245977178216,0.1310119405388832,0.6827411707490683,0.16820989549160004,2.1611626725643873,0.0,0.0,9.447544114664197,28.254916658625007,137.7993430942297,6000,6000,,2.793683898093503,,False,False,ok
BNCI2014_001,resampled_spectral_normalized_power_s1,resampled,spectral,normalized_power,1,1788,13,500,500,1.0,22,253,0.00047175037218193875,0.02171981519677225,5.920457762374248,0.8454891488607661,15.451085113923396,15.451085113923396,0.00024405690585497386,2.793683898093503,0.0002883358274274223,0.00015439809346047182,0.0011139241491189716,3.686449394589168e-05,188.24073761048203,5.716247880429664,0.03017952124818757,0.09236224807369398,0.1459989447547685,1866,3fab17fe00688a2046e004405a2e25801fdedeffb44f5d066516b8f92e3ce635,three_row_sha256,452abae683b0037dd83c6284f0064953e9833a2e9f7680e05020e749eafddfb4,944f93c6fa033d604d9e90219484c40564bfebf4e3306a041f5ec522a76c0b9b,0f2cf9a67445117338a1c28f1312c232b1cbb8285fc218b4057ed38b092a75be,0.20904303528368473,0.22012600675225258,0.21858792752027512,0.5310510750859976,0.12879096902906895,0.63373614102602,0.19949511624872684,2.140830270946026,0.0,0.0,10.658144019544125,30.395746929571033,148.45748711377382,6500,6500,,2.793683898093503,,False,False,ok
BNCI2014_001,resampled_spectral_normalized_power_s1,resampled,spectral,normalized_power,1,1788,14,500,500,1.0,22,253,0.00044758623960922215,0.021156234060182407,5.899958226637517,0.8425616497183451,15.74383502816549,15.74383502816549,0.00023628707728269254,2.793683898093503,0.0002749334770073334,0.00014371452579906195,0.0011005766831454094,5.358219781885469e-05,188.240737610482,5.716247880429664,0.03017952124818757,0.09236224807369398,0.1459989447547685,1879,1cd71443c1965b9a677d90c75207543e956c6eef4127107729da16f33fcc0d83,three_row_sha256,250924241a0430e61f27c2a904e8a75ae1ce920c9e91512ccf52240bd7679c21,944f93c6fa033d604d9e90219484c40564bfebf4e3306a041f5ec522a76c0b9b,0f2cf9a67445117338a1c28f1312c232b1cbb8285fc218b4057ed38b092a75be,0.2234959974884987,0.2237851731479168,0.2247809898108244,0.5594401154667139,0.14258385635912418,0.5773240700364113,0.16299891285598278,2.114409115165472,0.0,0.0,9.429044788703322,32.510156044736505,157.88653190247715,7000,7000,,2.793683898093503,,False,False,ok
BNCI2014_001,resampled_spectral_normalized_power_s1,resampled,spectral,normalized_power,1,1788,15,500,500,1.0,22,253,0.00040198328945676397,0.020049520928360456,5.867468080307308,0.8379217946142908,16.207820538570914,16.207820538570914,0.00021431552447843198,2.793683898093503,0.00025578548717481326,0.00012662556564267322,0.0008468914925849178,5.662883170382476e-05,188.240737610482,5.716247880429664,0.03017952124818757,0.09236224807369398,0.1459989447547685,1893,fd8092c838368f64accce01a123cb531f813f450520c1c6e06e92ce38eeb168f,three_row_sha256,2c425eb9643a8ac19852f343391cfb42887ebad25e56f8b9ca35f6081ab425c3,944f93c6fa033d604d9e90219484c40564bfebf4e3306a041f5ec522a76c0b9b,0f2cf9a67445117338a1c28f1312c232b1cbb8285fc218b4057ed38b092a75be,0.21260813809931278,0.22037397138774395,0.21951994858682156,0.5380299407988787,0.1280668657273054,0.5563669838011265,0.15769293531775475,2.0326587837189436,0.0,0.0,9.559457888826728,34.54281482845545,167.44598979130387,7500,7500,,2.793683898093503,,False,False,ok
BNCI2014_001,resampled_spectral_normalized_power_s1,resampled,spectral,normalized_power,1,1788,16,500,500,1.0,22,253,0.0004287154677337431,0.020705445364293498,5.8693617048980995,0.8381922194881418,16.180778051185815,16.180778051185815,0.00022207100753330065,2.793683898093503,0.0002677973213272558,0.000140013716118654,0.0008677660932728962,4.886891888471405e-05,188.24073761048203,5.716247880429664,0.03017952124818757,0.09236224807369398,0.1459989447547685,1908,0a3122ec2ce1c90c6f7501dafa98b736c1dd0ad3a16f901b0e6db75ce842e126,three_row_sha256,b55e0c01e5f50f7cebb689c5c411595e9c442d00d7b7176c7789e73975be0421,944f93c6fa033d604d9e90219484c40564bfebf4e3306a041f5ec522a76c0b9b,0f2cf9a67445117338a1c28f1312c232b1cbb8285fc218b4057ed38b092a75be,0.2178829163312912,0.21985196508467197,0.22041215561330318,0.5413938779383898,0.13082916848361492,0.546479132026434,0.16051088459789753,2.0373601000756025,0.0,0.0,9.251150069758296,36.58017492853105,176.69713986106217,8000,8000,,2.793683898093503,,False,False,ok
BNCI2014_001,resampled_spectral_normalized_power_s1,resampled,spectral,normalized_power,1,1788,17,500,500,1.0,22,253,0.0004198949354023815,0.02049133805788147,5.855526265188058,0.8362164070401756,16.378359295982435,16.378359295982435,0.00022021340571006892,2.793683898093503,0.0002632658191128947,0.00013451924862084612,0.0008164394198577299,6.05022606327761e-05,188.240737610482,5.716247880429664,0.03017952124818757,0.09236224807369398,0.1459989447547685,1924,097ab6cd0ec864951ac1c67d7274fa8cec6105ff2b694abf4421a6faa08b8504,three_row_sha256,02576df800c2745e55f038d78e9dd1cb51bd8765cc407cbbdcde544ff0aed96d,944f93c6fa033d604d9e90219484c40564bfebf4e3306a041f5ec522a76c0b9b,0f2cf9a67445117338a1c28f1312c232b1cbb8285fc218b4057ed38b092a75be,0.20546908490359783,0.21990016102790833,0.21726777777075768,0.5270061083137989,0.13741501607000828,0.5387121345847845,0.15777512453496456,2.00354540720582,0.0,0.0,9.739144938066602,38.58372033573687,186.43628479912877,8500,8500,,2.793683898093503,,False,False,ok
BNCI2014_001,resampled_spectral_normalized_power_s1,resampled,spectral,normalized_power,1,1788,18,500,500,1.0,22,253,0.00038952412242461735,0.019736365481633576,5.836435543601115,0.8334900979280219,16.650990207197815,16.650990207197815,0.0002110078447696807,2.793683898093503,0.000247523014129096,0.00012122510273806071,0.0008982732357012571,6.0900216831014274e-05,188.240737610482,5.716247880429664,0.03017952124818757,0.09236224807369398,0.1459989447547685,1941,f80f0272a4867315baaeaa2e3ed5cf61c8c6430e3f86f6e259a602a229a7f23a,three_row_sha256,e511dae68f71f2c2f2419283232d5a70aa2fed238e4431046d1dfcb182d78d8a,944f93c6fa033d604d9e90219484c40564bfebf4e3306a041f5ec522a76c0b9b,0f2cf9a67445117338a1c28f1312c232b1cbb8285fc218b4057ed38b092a75be,0.20577292889356613,0.22023008204996586,0.22027594968676567,0.5266631487756968,0.12939400039613247,0.5530421622097492,0.16115093603730202,2.016529208049178,0.0,0.0,11.121792951598763,40.60024954378605,197.55807775072753,9000,9000,,2.793683898093503,,False,False,ok
BNCI2014_001,resampled_spectral_normalized_power_s1,resampled,spectral,normalized_power,1,1788,19,500,500,1.0,22,253,0.0003994020533441596,0.019985045742858823,5.833889730112491,0.8331265352161425,16.68734647838574,16.68734647838574,0.000215232421989844,2.793683898093503,0.0002510125969756081,0.0001265728110450651,0.000947502740197039,4.2981229202409514e-05,188.240737610482,5.716247880429664,0.03017952124818757,0.09236224807369398,0.1459989447547685,1959,163f4031c11c86a6f0d3f9b5a23f3037473b77af3abcd905dabe1c7e79bf2671,three_row_sha256,9624537ec7d50db46603cabba9d47ac531c0440bcd9b95dc3f26b97280d00b25,944f93c6fa033d604d9e90219484c40564bfebf4e3306a041f5ec522a76c0b9b,0f2cf9a67445117338a1c28f1312c232b1cbb8285fc218b4057ed38b092a75be,0.29987096786499023,0.2277710009366274,0.25313091464340687,0.5991009529680014,0.13872398994863033,0.6385620217770338,0.1828889362514019,2.340048784390092,0.0,0.0,9.726295014843345,42.94029832817614,207.28437276557088,9500,9500,,2.793683898093503,,False,False,ok
BNCI2014_001,resampled_spectral_normalized_power_s1,resampled,spectral,normalized_power,1,1788,20,500,500,1.0,22,253,0.00039090659559238444,0.019771357960251097,5.836214125609772,0.8334584776519289,16.654152234807107,16.654152234807107,0.00020968669911306618,2.793683898093503,0.000246571390353121,0.0001247278822110581,0.0008007552364489169,5.3874309615349214e-05,188.240737610482,5.716247880429664,0.03017952124818757,0.09236224807369398,0.1459989447547685,1978,82a8221ce957fd975f4080310b0e7cd587cb02ff367979a49c5bc743eb5f92ea,three_row_sha256,ba3912b117cc2eda4b761483d70da428d8238fb6ea1c6f2191928e9146c170c9,944f93c6fa033d604d9e90219484c40564bfebf4e3306a041f5ec522a76c0b9b,0f2cf9a67445117338a1c28f1312c232b1cbb8285fc218b4057ed38b092a75be,0.21861703135073185,0.2274711150676012,0.22374000400304794,0.5563090089708567,0.13136817142367363,0.8608628995716572,0.18835091032087803,2.4067191407084465,0.0,0.0,9.740849956870079,45.34701746888459,217.02522272244096,10000,10000,,2.793683898093503,,False,False,ok
BNCI2014_001,resampled_spectral_normalized_power_s1,resampled,spectral,normalized_power,1,1788,21,500,500,1.0,22,253,0.0004213166427021542,0.020525999188886132,5.826254560391538,0.8320361713612053,16.796382863879465,16.796382863879465,0.00022942667317230053,2.793683898093503,0.0002470089689619319,0.00014326722491255812,0.0010880642256691875,5.79404098992791e-05,188.24073761048203,5.716247880429664,0.03017952124818757,0.09236224807369398,0.1459989447547685,1998,0cb2e6dd7c9589a659b8569432b0d31e5d81711180bfd0dbb4be16126e00062c,three_row_sha256,10d9dfdc83aa12791ecb994ffe7c90d28fe745689a3e860707f75cb75d85a6ca,944f93c6fa033d604d9e90219484c40564bfebf4e3306a041f5ec522a76c0b9b,0f2cf9a67445117338a1c28f1312c232b1cbb8285fc218b4057ed38b092a75be,0.2357051707804203,0.2268759999424219,0.2312217839062214,0.7150170858949423,0.14517316594719887,0.75694196857512,0.17808214761316776,2.4890173226594925,0.0,0.0,9.784082183614373,47.83603479154408,226.80930490605533,10500,10500,,2.793683898093503,,False,False,ok
BNCI2014_001,resampled_spectral_normalized_power_s1,resampled,spectral,normalized_power,1,1788,22,500,500,1.0,22,253,0.00039802969314533935,0.019950681520823778,5.804459495956043,0.8289236602651812,17.107633973481885,17.107633973481885,0.00021753185637706909,2.793683898093503,0.00024953227458700397,0.00012495373959140122,0.000930764341281191,6.048335083105222e-05,188.24073761048203,5.716247880429664,0.03017952124818757,0.09236224807369398,0.1459989447547685,2019,322f1369bf6b0434e59d8982e0ad0dc625b18d75e37dccd843379e7b456785ac,three_row_sha256,7122397b18f3c4ac952e132a5b90053d9faf77d2fa56b35958a50816dfa276db,944f93c6fa033d604d9e90219484c40564bfebf4e3306a041f5ec522a76c0b9b,0f2cf9a67445117338a1c28f1312c232b1cbb8285fc218b4057ed38b092a75be,0.2353261224925518,0.2240950707346201,0.2352201845496893,0.5728921387344599,0.1360420137643814,0.980098033323884,0.17853290773928165,2.562206471338868,0.0,0.0,10.02206513658166,50.39824126288295,236.831370042637,11000,11000,,2.793683898093503,,False,False,ok
BNCI2014_001,resampled_spectral_normalized_power_s1,resampled,spectral,normalized_power,1,1788,23,500,500,1.0,22,253,0.00036649358430052096,0.019144022155767607,5.797141424403302,0.8278785805877699,17.212141941223013,17.212141941223013,0.0002022552800152961,2.793683898093503,0.0002345228725639726,0.0001141462929969629,0.0007325145110697894,6.035037980962917e-05,188.24073761048203,5.716247880429664,0.03017952124818757,0.09236224807369398,0.1459989447547685,2041,2c0bc27756b669dda899bdc33f44d754815534849df0cf691ce48966f3ff9896,three_row_sha256,81b93ed9f775a6ad35a3a388bbdc3e32e25d11af3dc272647037f742c825285e,944f93c6fa033d604d9e90219484c40564bfebf4e3306a041f5ec522a76c0b9b,0f2cf9a67445117338a1c28f1312c232b1cbb8285fc218b4057ed38b092a75be,0.2260149922221899,0.2221488393843174,0.2245160285383463,0.5678711459040642,0.1317039132118225,0.7422501221299171,0.1613600179553032,2.2758650593459606,0.0,0.0,11.755491839721799,52.67410632222891,248.5868618823588,11500,11500,,2.793683898093503,,False,False,ok
BNCI2014_001,resampled_spectral_normalized_power_s1,resampled,spectral,normalized_power,1,1788,24,500,500,1.0,22,253,0.0004060268427120488,0.020150107759316048,5.796484953461654,0.8277848312393271,17.221516876067295,17.221516876067295,0.0002271704241838589,2.793683898093503,0.0002448886875613169,0.00013121791250014962,0.0011217778614283124,7.201635095105467e-05,188.240737610482,5.716247880429664,0.03017952124818757,0.09236224807369398,0.1459989447547685,2064,1c18b32848187a2f196ba50e4dce8702e885f64267087ae0ea2340f0d2e7c6b4,three_row_sha256,6a054204a53245db51de8143a6a9c7ecfbef30fe4a86efd26516b2b1c7a94059,944f93c6fa033d604d9e90219484c40564bfebf4e3306a041f5ec522a76c0b9b,0f2cf9a67445117338a1c28f1312c232b1cbb8285fc218b4057ed38b092a75be,0.2730239648371935,0.22641615942120552,0.2433189656585455,0.6370609626173973,0.1388341188430786,0.5737901665270329,0.18321187235414982,2.275656210258603,0.0,0.0,9.407799923792481,54.94976253248751,257.99466180615127,12000,12000,,2.793683898093503,,False,False,ok
BNCI2014_001,resampled_spectral_normalized_power_s1,resampled,spectral,normalized_power,1,1788,25,500,500,1.0,22,253,0.0003887202848271458,0.019715990587012,5.784017853365037,0.82600442873119,17.399557126881003,17.399557126881003,0.0002066065759237045,2.793683898093503,0.0002520262864559059,0.00012017533462280926,0.0007117675890555648,5.560945383191433e-05,188.240737610482,5.716247880429664,0.03017952124818757,0.09236224807369398,0.1459989447547685,2088,d8b6eb9217cf5ec2b4704e6da9ab2d7e9cb3d82d7afbe30e073df4fc945e4d9a,three_row_sha256,708486895ca579ec82d83a7cbadd4ae47d8c489d7707caedec9fc91acfa26f0d,944f93c6fa033d604d9e90219484c40564bfebf4e3306a041f5ec522a76c0b9b,0f2cf9a67445117338a1c28f1312c232b1cbb8285fc218b4057ed38b092a75be,0.21773111075162888,0.2215290442109108,0.2228009980171919,0.5520968697965145,0.1404751092195511,0.9184509981423616,0.1644957810640335,2.4375799112021923,0.0,0.0,9.405995020642877,57.387342443689704,267.40065682679415,12500,12500,,2.793683898093503,,False,False,ok
BNCI2014_001,resampled_spectral_normalized_power_s1,resampled,spectral,normalized_power,1,1788,26,500,500,1.0,22,253,0.0003774066689116148,0.019426957273634356,5.789141125259058,0.8267360733044503,17.326392669554966,17.326392669554966,0.00020727147762602228,2.793683898093503,0.0002389076438170526,0.00011849749510111977,0.0008100000919151456,5.169249871594778e-05,188.240737610482,5.716247880429664,0.03017952124818757,0.09236224807369398,0.1459989447547685,2113,5df2e1802a297f5230b57ec5628c652c3a4d34270d9454b63beb6f4248ad2060,three_row_sha256,14046b7ab2c85ea09cc7452ac45e3deeeba193c1f1a45c315e6eefece0b88172,944f93c6fa033d604d9e90219484c40564bfebf4e3306a041f5ec522a76c0b9b,0f2cf9a67445117338a1c28f1312c232b1cbb8285fc218b4057ed38b092a75be,0.21110405214130878,0.21937419660389423,0.21887104958295822,0.5338629707694054,0.13777706772089005,0.440916046500206,0.15850691124796867,1.9204122945666313,0.0,0.0,8.784466190263629,59.307754738256335,276.1851230170578,13000,13000,,2.793683898093503,,False,False,ok
BNCI2014_001,resampled_spectral_normalized_power_s1,resampled,spectral,normalized_power,1,1788,27,500,500,1.0,22,253,0.00037207444780522857,0.01928923139488011,5.747930898460002,0.8208509203350083,17.914907966499175,17.914907966499175,0.00020767572162746877,2.793683898093503,0.00023318983613854647,0.00011756766309782538,0.0008241634683606921,4.7902762961661856e-05,188.240737610482,5.716247880429664,0.03017952124818757,0.09236224807369398,0.1459989447547685,2139,79df6e2b80ea9145139c090f2c324d7e8b256117661b8d41eb0f4bee5d3b129d,three_row_sha256,dadf8db12483a91f0cfba722e274122b294857e96d31367d2c36500eec3d8336,944f93c6fa033d604d9e90219484c40564bfebf4e3306a041f5ec522a76c0b9b,0f2cf9a67445117338a1c28f1312c232b1cbb8285fc218b4057ed38b092a75be,0.2104549203068018,0.21885894238948822,0.22287201136350632,0.5154160317033529,0.13478007167577744,0.6470310036092997,0.15837512910366058,2.107788110151887,0.0,0.0,9.51629807241261,61.41554284840822,285.7014210894704,13500,13500,,2.793683898093503,,False,False,ok
BNCI2014_001,resampled_spectral_normalized_power_s1,resampled,spectral,normalized_power,1,1788,28,500,500,1.0,22,253,0.0003700906074897877,0.01923773914704604,5.730175210412504,0.8183152647865265,18.168473521347345,18.168473521347345,0.00020623147773610908,2.793683898093503,0.00023710751696314055,0.00011365229434109681,0.0008062334544519534,5.1882401007543905e-05,188.24073761048203,5.716247880429664,0.03017952124818757,0.09236224807369398,0.1459989447547685,2166,b7be5ac78eacab3ba8c3d61e3845c0abc744465b9cf74edde45ea9d315170b77,three_row_sha256,c6686ef30b481f1cbec4623c5f62c6e4e4a4db52c8f0cfdb2513b07fe86c55d5,944f93c6fa033d604d9e90219484c40564bfebf4e3306a041f5ec522a76c0b9b,0f2cf9a67445117338a1c28f1312c232b1cbb8285fc218b4057ed38b092a75be,0.21070591174066067,0.22138003259897232,0.22044009529054165,0.5420220550149679,0.12982799671590328,0.8435489144176245,0.16618892550468445,2.3341139312833548,0.0,0.0,8.8308141566813,63.74965677969158,294.5322352461517,14000,14000,,2.793683898093503,,False,False,ok
BNCI2014_001,resampled_spectral_normalized_power_s1,resampled,spectral,normalized_power,1,1788,29,500,500,1.0,22,253,0.0003716317693120036,0.019277753222613978,5.722198115081631,0.8171760711950201,18.28239288049799,18.28239288049799,0.00020875485684334802,2.793683898093503,0.00023278275943948573,0.00011595388942700638,0.0008882219479498567,6.103063859934084e-05,188.24073761048203,5.716247880429664,0.03017952124818757,0.09236224807369398,0.1459989447547685,2194,df3e861d609f1bc6be3976563710ab98babfe9087b076afa49a446d191bd5b0c,three_row_sha256,43bbe3d8c2328a051d4685a395f8d8e28e20bcf3aa068ca89d53e0666e000ffd,944f93c6fa033d604d9e90219484c40564bfebf4e3306a041f5ec522a76c0b9b,0f2cf9a67445117338a1c28f1312c232b1cbb8285fc218b4057ed38b092a75be,0.2192219253629446,0.22785598412156105,0.22336887195706367,0.6984311621636152,0.1510570291429758,0.7965641561895609,0.20811078138649464,2.524609910324216,0.0,0.0,10.34778612665832,66.27426669001579,304.88002137281,14500,14500,,2.793683898093503,,False,False,ok
BNCI2014_001,resampled_spectral_normalized_power_s1,resampled,spectral,normalized_power,1,1788,30,500,500,1.0,22,253,0.0003676409934212062,0.019173966554190246,5.708967159450847,0.815286583951993,18.47134160480069,18.47134160480069,0.00020293427075681006,2.793683898093503,0.00023229340719799527,0.00011610457398327237,0.0007506020046985512,5.56617477573721e-05,188.24073761048203,5.716247880429665,0.03017952124818757,0.09236224807369398,0.1459989447547685,2223,cf87b3a52a30788aa409432b3dbf2b6e6b3130e97baae032cb0978a2afb4e00c,three_row_sha256,d2c954d36395d8a7e9ff2c2fbab800f0862f408e8baee10b245240718c1f469f,944f93c6fa033d604d9e90219484c40564bfebf4e3306a041f5ec522a76c0b9b,0f2cf9a67445117338a1c28f1312c232b1cbb8285fc218b4057ed38b092a75be,0.2262881025671959,0.2194980625063181,0.22266199812293053,0.5561418365687132,0.13214186765253544,0.5856140051037073,0.16228295862674713,2.1046288311481476,0.0,0.0,9.176514809951186,68.37889552116394,314.0565361827612,15000,15000,,2.793683898093503,,False,False,ok
BNCI2014_001,resampled_spectral_normalized_power_s1,resampled,spectral,normalized_power,1,1788,31,500,500,1.0,22,253,0.000334180768260776,0.018280611813087003,5.712940788100771,0.8158540501919289,18.41459498080711,18.41459498080711,0.00018809406820498233,2.793683898093503,0.00022203710528796318,0.00010015532104130409,0.0006019732465669715,6.33508178906194e-05,188.240737610482,5.716247880429664,0.03017952124818757,0.09236224807369398,0.1459989447547685,2253,1901bc1ba4b16829e035923354ef6779542ca7fa4da7dd93507648593b9d2b11,three_row_sha256,ddea611c15b51746d546b47354103382afd1a873c977fd3841849a9beaf96b3f,944f93c6fa033d604d9e90219484c40564bfebf4e3306a041f5ec522a76c0b9b,0f2cf9a67445117338a1c28f1312c232b1cbb8285fc218b4057ed38b092a75be,0.21270010620355606,0.2228559460490942,0.21961098536849022,0.5340080242604017,0.12772786431014538,0.6218729540705681,0.15903101302683353,2.097806893289089,0.0,0.0,9.27288900129497,70.47670241445303,323.32942518405616,15500,15500,,2.793683898093503,,False,False,ok
BNCI2014_001,resampled_spectral_normalized_power_s1,resampled,spectral,normalized_power,1,1788,32,500,500,1.0,22,253,0.0003598912449609543,0.018970799797608805,5.726008380389743,0.8177202078313395,18.22797921686605,18.22797921686605,0.0002042425285614073,2.793683898093503,0.00022989628111068561,0.00011048165220457831,0.0008293703922041575,5.043477922443119e-05,188.24073761048203,5.716247880429664,0.03017952124818757,0.09236224807369398,0.1459989447547685,2284,b16ae258a359a3ba0fc3318eb85a1311e1f92d47211150fb4625adba7ea01c64,three_row_sha256,288c6fc9a272e76de9a9dc9d26dc4a97237ba961613abd218683fae15ecff5c1,944f93c6fa033d604d9e90219484c40564bfebf4e3306a041f5ec522a76c0b9b,0f2cf9a67445117338a1c28f1312c232b1cbb8285fc218b4057ed38b092a75be,0.2290538977831602,0.220834044739604,0.2218938898295164,0.5556659307330847,0.13057701289653778,0.6820079870522022,0.16320077702403069,2.203233540058136,0.0,0.0,9.323961101472378,72.67993595451117,332.65338628552854,16000,16000,,2.793683898093503,,False,False,ok
BNCI2014_001,resampled_spectral_normalized_power_s1,resampled,spectral,normalized_power,1,1788,33,500,500,1.0,22,253,0.0003674356722901407,0.019168611642217094,5.72639274347532,0.8177750979819193,18.222490201808068,18.222490201808068,0.0001983356022191142,2.793683898093503,0.00024269141941591504,0.0001103105353662913,0.0007067200855723976,4.748033614277637e-05,188.24073761048203,5.716247880429664,0.03017952124818757,0.09236224807369398,0.1459989447547685,2316,0d05b33340dd98ec74a8425bee721a08c6c104654c0abdfa560877c6610a65e2,three_row_sha256,7c98cb7e6094d362fcc03259a5d45ad63b09204bb9837cbe9eac9730429908f3,944f93c6fa033d604d9e90219484c40564bfebf4e3306a041f5ec522a76c0b9b,0f2cf9a67445117338a1c28f1312c232b1cbb8285fc218b4057ed38b092a75be,0.20735105499625206,0.21943100728094578,0.2186829224228859,0.5407051648944616,0.12962915934622288,0.8553809020668268,0.16055605374276638,2.3317362647503614,0.0,0.0,9.36703197658062,75.01167221926153,342.02041826210916,16500,16500,,2.793683898093503,,False,False,ok
BNCI2014_001,resampled_spectral_normalized_power_s1,resampled,spectral,normalized_power,1,1788,34,500,500,1.0,22,253,0.0003650927588586385,0.01910740063061008,5.684584067907705,0.8118044816986131,18.819551830138693,18.819551830138693,0.00020117272857638524,2.793683898093503,0.00023916380793150344,0.00010958620828768982,0.000701958368891083,5.375717941493596e-05,188.24073761048206,5.716247880429664,0.03017952124818757,0.09236224807369398,0.1459989447547685,2349,207bd8562650528cb5c2476bb9cc6ca3204ab984a5b8e8af8acdce919d35f407,three_row_sha256,194b5338cd0fab0baa63fa5a7ee298ff2206db58d5c99974d9c1c47a62bae0ab,944f93c6fa033d604d9e90219484c40564bfebf4e3306a041f5ec522a76c0b9b,0f2cf9a67445117338a1c28f1312c232b1cbb8285fc218b4057ed38b092a75be,0.21444912999868393,0.22025196813046932,0.22184313274919987,0.5429321900010109,0.13245921581983566,0.9197909384965897,0.18040789291262627,2.4321344681084156,0.0,0.0,11.426717974245548,77.44380668736994,353.4471362363547,17000,17000,,2.793683898093503,,False,False,ok
BNCI2014_001,resampled_spectral_normalized_power_s1,resampled,spectral,normalized_power,1,1788,35,500,500,1.0,22,253,0.0003567070334796486,0.018886689320250085,5.6811876596125686,0.8113194471837334,18.868055281626663,18.868055281626663,0.00020100834064844486,2.793683898093503,0.0002285950336345275,0.00010933871651710596,0.0007558392674370668,4.940596383868084e-05,188.24073761048203,5.716247880429665,0.03017952124818757,0.09236224807369398,0.1459989447547685,2383,15d6e030f98d641a87d1ba9023452c1cf491aa5922bad00283b8235784d345f8,three_row_sha256,836c6de9a8d982dca87d4abc6ee8c61836fd56b50afd0db38de697c6ce8dd367,944f93c6fa033d604d9e90219484c40564bfebf4e3306a041f5ec522a76c0b9b,0f2cf9a67445117338a1c28f1312c232b1cbb8285fc218b4057ed38b092a75be,0.28146710246801376,0.22535095922648907,0.24276715703308582,0.6518301088362932,0.13515586033463478,0.5600769072771072,0.177083071321249,2.273731166496873,0.0,0.0,9.313664166256785,79.71753785386682,362.7608004026115,17500,17500,,2.793683898093503,,False,False,ok
BNCI2014_001,resampled_spectral_normalized_power_s1,resampled,spectral,normalized_power,1,1788,36,500,500,1.0,22,253,0.0003597491280855304,0.01896705375343072,5.684854007398646,0.8118430312364359,18.81569687635641,18.81569687635641,0.00020106189075891397,2.793683898093503,0.00022637936443321225,0.00011329149754135929,0.0007885349275654423,4.827898394996339e-05,188.240737610482,5.716247880429664,0.03017952124818757,0.09236224807369398,0.1459989447547685,2418,736c9ca42809f6f62aa8010c8abcffbae0dbf35f3542ffa50586a73a5f48d9e1,three_row_sha256,aec8e59c218782f7c5897dbcc7a0199eb0b0c2f085281013bb1d4e91f1bf93af,944f93c6fa033d604d9e90219484c40564bfebf4e3306a041f5ec522a76c0b9b,0f2cf9a67445117338a1c28f1312c232b1cbb8285fc218b4057ed38b092a75be,0.21358882077038288,0.22156001068651676,0.2215199638158083,0.7124990224838257,0.16803503967821598,0.6054278928786516,0.1696930266916752,2.3123237770050764,0.0,0.0,9.395640110597014,82.02986163087189,372.1564405132085,18000,18000,,2.793683898093503,,False,False,ok
BNCI2014_001,resampled_spectral_normalized_power_s1,resampled,spectral,normalized_power,1,1788,37,500,500,1.0,22,253,0.0003481752956502436,0.018659455931249538,5.711460999573881,0.8156427244478208,18.435727555217916,18.435727555217916,0.00019825569148075825,2.793683898093503,0.00022061696663764653,0.00010915680052306847,0.0007600721657020928,4.9087305411410625e-05,188.24073761048203,5.716247880429664,0.03017952124818757,0.09236224807369398,0.1459989447547685,2454,fc17edcfc3929a1b3dcddbef327d9e1fc777b57f58465794e6d901f232ae1bcd,three_row_sha256,cb4504bd2c8cf02184ee0b75ee764b93a819888a5e2f6343417805fbb3059f92,944f93c6fa033d604d9e90219484c40564bfebf4e3306a041f5ec522a76c0b9b,0f2cf9a67445117338a1c28f1312c232b1cbb8285fc218b4057ed38b092a75be,0.2224440686404705,0.22250600159168243,0.224187970161438,0.5597372073680162,0.13333186507225037,0.763702904805541,0.16473396681249142,2.29064398445189,0.0,0.0,9.19280294328928,84.32050561532378,381.3492434564978,18500,18500,,2.793683898093503,,False,False,ok
BNCI2014_001,resampled_spectral_normalized_power_s1,resampled,spectral,normalized_power,1,1788,38,500,500,1.0,22,253,0.00036424085715304304,0.01908509515703401,5.69313744551396,0.8130259730498658,18.697402695013423,18.697402695013423,0.00020288440562933835,2.793683898093503,0.00023530142928621618,0.00011065453546545072,0.0007581020097015751,5.790397577551809e-05,188.240737610482,5.716247880429664,0.03017952124818757,0.09236224807369398,0.1459989447547685,2491,0d89d595950a98a081921e644dc2c004fa7729d58efe57a3f5672851fddd628c,three_row_sha256,2589e118b00822cb7aa20d2f84e8aeab582d308a65f6c093ca08ebef2a721b68,944f93c6fa033d604d9e90219484c40564bfebf4e3306a041f5ec522a76c0b9b,0f2cf9a67445117338a1c28f1312c232b1cbb8285fc218b4057ed38b092a75be,0.212003942579031,0.2205630298703909,0.2195348497480154,0.5671819671988487,0.1300389412790537,0.7227528840303421,0.160672003403306,2.232747618108988,0.0,0.0,8.446453139185905,86.55325323343277,389.7956965956837,19000,19000,,2.793683898093503,,False,False,ok
BNCI2014_001,resampled_spectral_normalized_power_s1,resampled,spectral,normalized_power,1,1788,39,500,500,1.0,22,253,0.00036326007374737395,0.019059382827032303,5.692827573014445,0.8129817207561436,18.70182792438564,18.70182792438564,0.0002049826840819466,2.793683898093503,0.00022974938647647792,0.0001138686060338744,0.0008704680097106896,4.265535162649222e-05,188.24073761048203,5.716247880429664,0.03017952124818757,0.09236224807369398,0.1459989447547685,2529,afc4f64cb9fd4a60d4cbcdad84fdcd98558ae57c223b156c3e40823d692b15cf,three_row_sha256,792b871bae381e95369c955d9134a088bcd8818ebb4fc3c65e117f0d06c85dff,944f93c6fa033d604d9e90219484c40564bfebf4e3306a041f5ec522a76c0b9b,0f2cf9a67445117338a1c28f1312c232b1cbb8285fc218b4057ed38b092a75be,0.2213211264461279,0.22132880985736847,0.22480497136712074,0.5512491334229708,0.13275397941470146,0.7574839983135462,0.17342809587717056,2.282370114699006,0.0,0.0,10.320542147383094,88.83562334813178,400.1162387430668,19500,19500,,2.793683898093503,,False,False,ok
BNCI2014_001,resampled_spectral_normalized_power_s1,resampled,spectral,normalized_power,1,1788,40,500,500,1.0,22,253,0.00033894214185689256,0.018410381360984693,5.696120393476012,0.8134519620923955,18.65480379076045,18.65480379076045,0.0001930555751710347,2.7936838980935033,0.00022171598416607317,0.00010079289547935154,0.0007030553260703009,5.135139962691117e-05,188.24073761048203,5.716247880429664,0.03017952124818757,0.09236224807369398,0.1459989447547685,2568,e2b7d86b1b23c36d09bdb056e241e6134790e59d9447cea71a5206093a6ab6bc,three_row_sha256,fae31a5ac674e49c8eaad61e885ae3c156ca040d827f076e0daf291069f16d97,944f93c6fa033d604d9e90219484c40564bfebf4e3306a041f5ec522a76c0b9b,0f2cf9a67445117338a1c28f1312c232b1cbb8285fc218b4057ed38b092a75be,0.23127906024456024,0.22497097961604595,0.23253308609127998,0.8093270007520914,0.16990001313388348,0.7886041421443224,0.20866491831839085,2.6652792003005743,0.0,0.0,9.535609977319837,91.50090254843235,409.6518487203866,20000,20000,,2.793683898093503,,False,False,ok
BNCI2014_001,resampled_spectral_normalized_power_s1,resampled,spectral,normalized_power,1,1788,41,500,500,1.0,22,253,0.0003426093877605539,0.018509710634165892,5.662283220874291,0.8086197407657439,19.1380259234256,19.1380259234256,0.00019404269660002908,2.793683898093503,0.0002236072433859429,0.00010389722618677398,0.0006548955466875496,5.233406142874156e-05,188.240737610482,5.716247880429665,0.03017952124818757,0.09236224807369398,0.1459989447547685,2608,65425b6a8353223e5ebe9a311ed8587d9ee50e9f03a3a3f5716c3ef16675c852,three_row_sha256,e99478cb9cce871de2d0be14eb1322868c7144b1cc386d11056cc6782d7b32c6,944f93c6fa033d604d9e90219484c40564bfebf4e3306a041f5ec522a76c0b9b,0f2cf9a67445117338a1c28f1312c232b1cbb8285fc218b4057ed38b092a75be,0.22406596690416336,0.22049411199986935,0.22134813480079174,0.5454898346215487,0.13690907508134842,0.7255468517541885,0.1707109622657299,2.24456493742764,0.0,0.0,9.472285164520144,93.74546748585999,419.12413388490677,20500,20500,,2.793683898093503,,False,False,ok
BNCI2014_001,resampled_spectral_normalized_power_s1,resampled,spectral,normalized_power,1,1788,42,500,500,1.0,22,253,0.00035298846229657547,0.01878798718055171,5.6605081287771295,0.8083662432885866,19.163375671141335,19.163375671141335,0.00020114442941793754,2.793683898093503,0.0002259687800659952,0.00010755136761972097,0.0007968515354541937,4.6505501027284036e-05,188.240737610482,5.716247880429664,0.03017952124818757,0.09236224807369398,0.1459989447547685,2649,d857964a026facc2cf650e62a29f2897ddb87a84fc91213e3ba36d5129505bda,three_row_sha256,9de79fbdf11d8f6c1778ae3d3a3bbb46d7bd8a41a7b699d6fa1452f27d850e8d,944f93c6fa033d604d9e90219484c40564bfebf4e3306a041f5ec522a76c0b9b,0f2cf9a67445117338a1c28f1312c232b1cbb8285fc218b4057ed38b092a75be,0.23146509192883968,0.23238593712449074,0.22625504061579704,0.5711209960281849,0.14816015027463436,0.7507861591875553,0.17953594215214252,2.3397093173116446,0.0,0.0,10.058060986921191,96.08517680317163,429.18219487182796,21000,21000,,2.793683898093503,,False,False,ok
BNCI2014_001,resampled_spectral_normalized_power_s1,resampled,spectral,normalized_power,1,1788,43,500,500,1.0,22,253,0.00035457820321720145,0.018830247030169344,5.6349799950039365,0.8047206197638197,19.52793802361803,19.52793802361803,0.00019890578030360125,2.7936838980935033,0.00023370050967523262,0.00010456355980260519,0.0008039605926352463,4.7522047282261965e-05,188.24073761048203,5.716247880429664,0.03017952124818757,0.09236224807369398,0.1459989447547685,2691,167db1c77664b564e8654eea0807166bf171e5c24e4046ecee4571adf0b1bb3e,three_row_sha256,0a52be92b806715a23be8225e20335e40ed00c65cf2edf5555b8d2338ea297fd,944f93c6fa033d604d9e90219484c40564bfebf4e3306a041f5ec522a76c0b9b,0f2cf9a67445117338a1c28f1312c232b1cbb8285fc218b4057ed38b092a75be,0.24417880922555923,0.22316118702292442,0.23187207989394665,0.573077006265521,0.1326270867139101,0.7672908250242472,0.17405906692147255,2.346266061067581,0.0,0.0,9.994743159040809,98.43144286423922,439.17693803086877,21500,21500,,2.793683898093503,,False,False,ok
BNCI2014_001,resampled_spectral_normalized_power_s1,resampled,spectral,normalized_power,1,1788,44,500,500,1.0,22,253,0.0003480753995840571,0.018656778917703266,5.62999015132745,0.8040080298168408,19.59919701831591,19.59919701831591,0.00020118018613940746,2.793683898093503,0.000219653426959286,0.00010831340510439756,0.0008912731178832101,3.6335940286185255e-05,188.240737610482,5.716247880429664,0.03017952124818757,0.09236224807369398,0.1459989447547685,2734,7118c60796e20754bafc9766fc7ef38520e09baf8b818b957f48112b2eda718c,three_row_sha256,f03343c5f8129a7e4c5502de7bb406bdd326ea96997197e1fae33400f6ac8d12,944f93c6fa033d604d9e90219484c40564bfebf4e3306a041f5ec522a76c0b9b,0f2cf9a67445117338a1c28f1312c232b1cbb8285fc218b4057ed38b092a75be,0.22084894590079784,0.22248690947890282,0.22070598788559437,0.5649731028825045,0.13204803690314293,0.7378519512712955,0.16249390318989754,2.2614088375121355,0.0,0.0,9.70158795826137,100.69285170175135,448.87852598913014,22000,22000,,2.793683898093503,,False,False,ok
BNCI2014_001,resampled_spectral_normalized_power_s1,resampled,spectral,normalized_power,1,1788,45,500,500,1.0,22,253,0.00035828458540942206,0.018928406837592594,5.617514870306557,0.802226459006694,19.777354099330605,19.777354099330605,0.0001976673594636308,2.793683898093503,0.00023555024448127033,0.00010681612149565691,0.0007100010286585573,4.563828045915746e-05,188.24073761048203,5.716247880429664,0.03017952124818757,0.09236224807369398,0.1459989447547685,2778,51ecca5e6627bccac51af31e8f165bf231a287f8265bce75e7f4b10e9887e95f,three_row_sha256,155c601740e4fe404020f6d68a2d84ce1a4890d5f5cd18015b686cff8ec73284,944f93c6fa033d604d9e90219484c40564bfebf4e3306a041f5ec522a76c0b9b,0f2cf9a67445117338a1c28f1312c232b1cbb8285fc218b4057ed38b092a75be,0.22174487821757793,0.22457982413470745,0.2199199516326189,0.564156100153923,0.13155699707567692,0.7259079720824957,0.16424688510596752,2.2521126084029675,0.0,0.0,11.42263994552195,102.94496431015432,460.3011659346521,22500,22500,,2.793683898093503,,False,False,ok
BNCI2014_001,resampled_spectral_normalized_power_s1,resampled,spectral,normalized_power,1,1788,46,500,500,1.0,22,253,0.0003433495138630328,0.018529692762240632,5.6345375743366,0.8046574385220174,19.534256147798256,19.534256147798256,0.0001917441656761524,2.793683898093503,0.0002233343197308963,0.00010551177319346971,0.0006473656558635839,4.677332680224192e-05,188.24073761048203,5.716247880429664,0.03017952124818757,0.09236224807369398,0.1459989447547685,2823,d62123e7e5183159889a495731eac104ee698f5abb5824751b608c2b540fe913,three_row_sha256,161121f8ad1d1039425cbc0a2a89d290a6b272c747591a0cc2c7b272135b9751,944f93c6fa033d604d9e90219484c40564bfebf4e3306a041f5ec522a76c0b9b,0f2cf9a67445117338a1c28f1312c232b1cbb8285fc218b4057ed38b092a75be,0.24008890613913536,0.22272998467087746,0.23002596572041512,0.5735009908676147,0.1350820530205965,0.6329531315714121,0.16585295088589191,2.200233982875943,0.0,0.0,8.761063916608691,105.14519829303026,469.0622298512608,23000,23000,,2.793683898093503,,False,False,ok
BNCI2014_001,resampled_spectral_normalized_power_s1,resampled,spectral,normalized_power,1,1788,47,500,500,1.0,22,253,0.0003449089568772395,0.01857172466081811,5.638610580481934,0.8052390966703128,19.476090332968724,19.476090332968724,0.00019712159599353724,2.793683898093503,0.00022144312541683993,0.00010568189989806895,0.000772508472065479,5.7570906767785064e-05,188.24073761048203,5.716247880429664,0.03017952124818757,0.09236224807369398,0.1459989447547685,2869,e66cf3e36e5f557da3249ebafb108efb72edd4963ba45d71028b67785ae4a77f,three_row_sha256,510c053a79ecb6ead682ad8ca3427b70f13185b0292925185177b516ecc6929a,944f93c6fa033d604d9e90219484c40564bfebf4e3306a041f5ec522a76c0b9b,0f2cf9a67445117338a1c28f1312c232b1cbb8285fc218b4057ed38b092a75be,0.22342498414218426,0.22037792950868607,0.22178306244313717,0.5546167958527803,0.1297839917242527,0.5919130053371191,0.16090902499854565,2.1028087940067053,0.0,0.0,9.93505702354014,107.24800708703697,478.9972868748009,23500,23500,,2.793683898093503,,False,False,ok
BNCI2014_001,resampled_spectral_normalized_power_s1,resampled,spectral,normalized_power,1,1788,48,500,500,1.0,22,253,0.0003436513289422745,0.018537835066217267,5.605099557596877,0.8004534521553558,19.95465478446442,19.95465478446442,0.0001932055241970945,2.793683898093503,0.0002256182100086343,0.00010402483398165884,0.0006230813446516676,4.482035456334962e-05,188.24073761048203,5.716247880429664,0.03017952124818757,0.09236224807369398,0.1459989447547685,2916,436eefb41d56af35ae144a7b7cf2bc1529cbb886def13938d347fc020fb103ad,three_row_sha256,56d882484dd5910b5c02cc4c08a5560d4cb4b6178a0da4bf95a1c26be1c85318,944f93c6fa033d604d9e90219484c40564bfebf4e3306a041f5ec522a76c0b9b,0f2cf9a67445117338a1c28f1312c232b1cbb8285fc218b4057ed38b092a75be,0.21584797650575638,0.22308598272502422,0.22319401614367962,0.5519241094589233,0.1329330261796713,0.8515769150108099,0.16608601436018944,2.364648040384054,0.0,0.0,9.814345045015216,109.61265512742102,488.81163191981614,24000,24000,,2.793683898093503,,False,False,ok
BNCI2014_001,resampled_spectral_normalized_power_s1,resampled,spectral,normalized_power,1,1788,49,500,500,1.0,22,253,0.00033984889874493147,0.01843499115120296,5.612943263430273,0.8015735966501173,19.842640334988264,19.842640334988264,0.00019525841759786167,2.793683898093503,0.00022349733463328047,0.00010013334358740241,0.0007949668681390993,3.8466111530566216e-05,188.240737610482,5.716247880429664,0.03017952124818757,0.09236224807369398,0.1459989447547685,2964,0bc67e929452522d394b0db239e7d0793190a0a13debd563364d53dfd0f642f0,three_row_sha256,118482e8723614a069227f11820c68ced04927139bb31b0857f5f8fe254ee46f,944f93c6fa033d604d9e90219484c40564bfebf4e3306a041f5ec522a76c0b9b,0f2cf9a67445117338a1c28f1312c232b1cbb8285fc218b4057ed38b092a75be,0.22726203314960003,0.22239284589886665,0.22425316274166107,0.5589071661233902,0.13333396054804325,0.58555300347507,0.17094588838517666,2.122648060321808,0.0,0.0,9.822529973462224,111.73530318774283,498.63416189327836,24500,24500,,2.793683898093503,,False,False,ok
BNCI2014_001,resampled_spectral_normalized_power_s1,resampled,spectral,normalized_power,1,1788,50,500,500,1.0,22,253,0.0003671776154832311,0.019161879226298008,5.59383398766653,0.7988446378517772,20.115536214822285,20.115536214822285,0.00020441262654234384,2.793683898093503,0.00023467440673564745,0.00011437102624221082,0.0007799748776054717,5.516891832281019e-05,188.24073761048203,5.716247880429664,0.03017952124818757,0.09236224807369398,0.1459989447547685,3013,599f2de8d8756dbb409a777f1d74783d031098c4872cb7ff5fa2b062d9d37e30,three_row_sha256,cc7d15cd49e1a3f337fec71fae100dc1b9eeb415258a1fc0e28c9a2d3b873127,944f93c6fa033d604d9e90219484c40564bfebf4e3306a041f5ec522a76c0b9b,0f2cf9a67445117338a1c28f1312c232b1cbb8285fc218b4057ed38b092a75be,0.218590022996068,0.2199099399149418,0.22187409922480583,0.5487878806889057,0.13024592772126198,1.0046239476650953,0.16080611385405064,2.5048379320651293,0.0,0.0,12.226806953549385,114.24014111980796,510.86096884682775,25000,25000,,2.793683898093503,,False,False,ok
BNCI2014_001,resampled_spectral_normalized_power_s1,resampled,spectral,normalized_power,1,1788,51,500,500,1.0,22,253,0.00036722239063212707,0.019163047529871836,5.597094867526221,0.7993103178123081,20.068968218769193,20.068968218769193,0.0002052499254613086,2.793683898093503,0.00023061749902810513,0.00011579528352131217,0.0008176979868762625,4.181119785874856e-05,188.24073761048203,5.716247880429664,0.03017952124818757,0.09236224807369398,0.1459989447547685,3063,0072e7e6e518d75fb9fe53f0bd6a9fb8f0b1cadbbe76e1f45b3a34e62c0632ed,three_row_sha256,d38870e491b7ef1bd6a963b78178bafcf722e31aa58018f583ae86f6d8f70116,944f93c6fa033d604d9e90219484c40564bfebf4e3306a041f5ec522a76c0b9b,0f2cf9a67445117338a1c28f1312c232b1cbb8285fc218b4057ed38b092a75be,0.25173299945890903,0.22415886633098125,0.23639807477593422,0.6761550903320312,0.1740860752761364,0.496590044349432,0.18159090541303158,2.2407120559364557,0.0,0.0,9.097391040995717,116.48085317574441,519.9583598878235,25500,25500,,2.793683898093503,,False,False,ok
BNCI2014_001,resampled_spectral_normalized_power_s1,resampled,spectral,normalized_power,1,1788,52,500,500,1.0,22,253,0.00034635230128377654,0.018610542745545508,5.596076484330204,0.799164884473169,20.083511552683103,20.083511552683103,0.00020259493167946245,2.7936838980935033,0.00022007904808587516,0.00010460671027579695,0.0008802283172402944,5.15104588883061e-05,188.24073761048203,5.716247880429664,0.03017952124818757,0.09236224807369398,0.1459989447547685,3114,7e090e1408d019299d2fface0eef2c2802b6dcf4aefa97ecb7ebebf30d573bae,three_row_sha256,d0a004f809ce8812ad7ac45088040121c73c4c1a1998de44306464b5558df7bf,944f93c6fa033d604d9e90219484c40564bfebf4e3306a041f5ec522a76c0b9b,0f2cf9a67445117338a1c28f1312c232b1cbb8285fc218b4057ed38b092a75be,0.22650696337223053,0.2220140304416418,0.2279339823871851,0.5415170453488827,0.1374280545860529,0.5454439669847488,0.1683428417891264,2.0691868849098682,0.0,0.0,9.477814892306924,118.55004006065428,529.4361747801304,26000,26000,,2.793683898093503,,False,False,ok
BNCI2014_001,resampled_spectral_normalized_power_s1,resampled,spectral,normalized_power,1,1788,53,500,500,1.0,22,253,0.00032076311751644954,0.01790986090164995,5.5986261472950565,0.7995289969213203,20.047100307867968,20.047100307867968,0.0001847116322820596,2.793683898093503,0.00021351131744812337,9.438502998989612e-05,0.000612010873937537,5.037774277566798e-05,188.240737610482,5.716247880429664,0.03017952124818757,0.09236224807369398,0.1459989447547685,3166,9921ae726d8c76b91371c37d41bdf97918297d64954593d846f331e9342fbf53,three_row_sha256,8130e384edc0fcdf2409e4a431e4ea4675b8021e81e37bc69aaec0dc8e7ff185,944f93c6fa033d604d9e90219484c40564bfebf4e3306a041f5ec522a76c0b9b,0f2cf9a67445117338a1c28f1312c232b1cbb8285fc218b4057ed38b092a75be,0.22015697322785854,0.22109993733465672,0.22332812659442425,0.5402050446718931,0.1280759461224079,0.5339870695024729,0.1632259227335453,2.0300790201872587,0.0,0.0,10.160505073145032,120.58011908084154,539.5966798532754,26500,26500,,2.793683898093503,,False,False,ok
BNCI2014_001,resampled_spectral_normalized_power_s1,resampled,spectral,normalized_power,1,1788,54,500,500,1.0,22,253,0.0003437203237323446,0.018539695891042672,5.5991276599092625,0.7996006169700305,20.039938302996948,20.039938302996948,0.00019495210134987226,2.793683898093503,0.00022327725270377714,0.0001049527514155206,0.0006555632466468749,4.24637254617576e-05,188.24073761048203,5.716247880429665,0.03017952124818757,0.09236224807369398,0.1459989447547685,3219,984929d506563880da9c4e595df003c40fe9bef809645dfae370d609c028de3e,three_row_sha256,889227572b8cebbcf6e63929757f049159244db48551d320267f08880434f8f5,944f93c6fa033d604d9e90219484c40564bfebf4e3306a041f5ec522a76c0b9b,0f2cf9a67445117338a1c28f1312c232b1cbb8285fc218b4057ed38b092a75be,0.20826398395001888,0.219336012378335,0.21977885626256466,0.5259360186755657,0.14012097381055355,0.6558629684150219,0.16832398250699043,2.13762279599905,0.0,0.0,9.556801989674568,122.71774187684059,549.15348184295,27000,27000,,2.793683898093503,,False,False,ok
BNCI2014_001,resampled_spectral_normalized_power_s1,resampled,spectral,normalized_power,1,1788,55,500,500,1.0,22,253,0.00034972368633607546,0.01870090068248253,5.583653492065764,0.797390780919434,20.26092190805659,20.26092190805659,0.0001956334221807859,2.793683898093503,0.00022824956536235597,0.0001060453343714682,0.0006912375271011838,5.404457655065067e-05,188.24073761048203,5.716247880429664,0.03017952124818757,0.09236224807369398,0.1459989447547685,3273,0a166790731c14a1a02a451c613d15012bce9bcdf43383eb637dd1c44cd762bd,three_row_sha256,fb8bf71b8989c1626f4586f2ebf106e2d822095b24ff575b955ab3f1becdc59f,944f93c6fa033d604d9e90219484c40564bfebf4e3306a041f5ec522a76c0b9b,0f2cf9a67445117338a1c28f1312c232b1cbb8285fc218b4057ed38b092a75be,0.21205912344157696,0.21961191669106483,0.22079283371567726,0.5338857881724834,0.13599195517599583,0.638497993350029,0.1600810792297125,2.12092068977654,0.0,0.0,11.289241956546903,124.83866256661713,560.4427237994969,27500,27500,,2.793683898093503,,False,False,ok
BNCI2014_001,resampled_spectral_normalized_power_s1,resampled,spectral,normalized_power,1,1788,56,500,500,1.0,22,253,0.0003351585822427113,0.018307336841897875,5.589568483796917,0.7982354894749235,20.176451052507655,20.176451052507655,0.00019119266874085284,2.793683898093503,0.00021850931578202022,0.00010179790132010564,0.0006856175382825425,4.409268892329223e-05,188.24073761048203,5.716247880429664,0.03017952124818757,0.09236224807369398,0.1459989447547685,3328,fcdd182c051f30390ade86858d61048a1de73e2ea23f5df431f96507870458fe,three_row_sha256,54a886b81ee71d90c93bd5b712f8f83cbc77ce04608b2c3ab705050940f750e4,944f93c6fa033d604d9e90219484c40564bfebf4e3306a041f5ec522a76c0b9b,0f2cf9a67445117338a1c28f1312c232b1cbb8285fc218b4057ed38b092a75be,0.23769703693687916,0.2245770301669836,0.23281900212168694,0.5699209868907928,0.13370509259402752,0.686069019138813,0.1724699977785349,2.257258165627718,0.0,0.0,8.923887042328715,127.09592073224485,569.3666108418256,28000,28000,,2.793683898093503,,False,False,ok
BNCI2014_001,resampled_spectral_normalized_power_s1,resampled,spectral,normalized_power,1,1788,57,500,500,1.0,22,253,0.00031834395512073826,0.017842195916443083,5.588936854242795,0.798145287677099,20.1854712322901,20.1854712322901,0.00018254739249877418,2.793683898093503,0.0002156416296406094,9.305013311927022e-05,0.0006066261834982497,4.596707489846809e-05,188.24073761048203,5.716247880429664,0.03017952124818757,0.09236224807369398,0.1459989447547685,3384,de614a5ac0143696602fd332cf46684e89512c4e90c029ad309e72898cf8e598,three_row_sha256,196927865f8b1b10a18248e00bddba718e07f207ea0dbe5090fb192cd4287b23,944f93c6fa033d604d9e90219484c40564bfebf4e3306a041f5ec522a76c0b9b,0f2cf9a67445117338a1c28f1312c232b1cbb8285fc218b4057ed38b092a75be,0.2116318792104721,0.22061914205551147,0.2202289178967476,0.5382681265473366,0.1379000023007393,0.5397200584411621,0.15961588360369205,2.027984010055661,0.0,0.0,9.626691928133368,129.1239047423005,578.993302769959,28500,28500,,2.793683898093503,,False,False,ok
BNCI2014_001,resampled_spectral_normalized_power_s1,resampled,spectral,normalized_power,1,1788,58,500,500,1.0,22,253,0.0003455519430695848,0.018589027491226776,5.5699034879403095,0.7954271693624452,20.45728306375548,20.45728306375548,0.00019976186801600165,2.793683898093503,0.00022032637295362463,0.00010627107318493108,0.0007677740726643098,4.172390332868409e-05,188.24073761048203,5.716247880429664,0.03017952124818757,0.09236224807369398,0.1459989447547685,3441,0d177eb58f268ccf3c89192940f43345ce0eaa7ff399280f5ed6894f9e43d760,three_row_sha256,a549ab1a753ba46acf07f4b86ce652c2e296e957d540111d6c40086d5158ecff,944f93c6fa033d604d9e90219484c40564bfebf4e3306a041f5ec522a76c0b9b,0f2cf9a67445117338a1c28f1312c232b1cbb8285fc218b4057ed38b092a75be,0.20423298701643944,0.22068782709538937,0.21909200586378574,0.5292920395731926,0.12896303087472916,0.5244258791208267,0.15840097330510616,1.9850947428494692,0.0,0.0,9.322609985247254,131.10899948514998,588.3159127552062,29000,29000,,2.793683898093503,,False,False,ok
BNCI2014_001,resampled_spectral_normalized_power_s1,resampled,spectral,normalized_power,1,1788,59,500,500,1.0,22,253,0.0003484567125205299,0.01866699527295515,5.574741987132354,0.796118146095637,20.388185390436302,20.388185390436302,0.00019749157046254723,2.793683898093503,0.00022313769873171275,0.00010778358435373285,0.0007518387036896874,4.920005230749948e-05,188.24073761048203,5.716247880429664,0.03017952124818757,0.09236224807369398,0.1459989447547685,3499,b17ce36ff56f67042a35ddc27eaf3cc82831b97e79daebf0c9740892dac12f31,three_row_sha256,70752549676c9d15473e67edf03ce784f34f66d923beb49df617b624b56f90fd,944f93c6fa033d604d9e90219484c40564bfebf4e3306a041f5ec522a76c0b9b,0f2cf9a67445117338a1c28f1312c232b1cbb8285fc218b4057ed38b092a75be,0.2322099171578884,0.22192718461155891,0.2267640084028244,0.5598978605121374,0.13267411850392818,0.5442039109766483,0.16710907220840454,2.08478607237339,0.0,0.0,9.222513064742088,133.19378555752337,597.5384258199483,29500,29500,,2.793683898093503,,False,False,ok
BNCI2014_001,resampled_spectral_normalized_power_s1,resampled,spectral,normalized_power,1,1788,60,500,500,1.0,22,253,0.00035146034952213134,0.01874727578935487,5.584099051282668,0.7974544103714439,20.254558962855608,20.254558962855608,0.00019829923637530017,2.793683898093503,0.00022468459621137203,0.0001084521174431977,0.0007675323054707689,6.319423558311891e-05,188.24073761048203,5.716247880429664,0.03017952124818757,0.09236224807369398,0.1459989447547685,3558,521eb3b0f7c1d7a179903b30721ab4a4a41900547eb7de594c46ed2cc57f454d,three_row_sha256,36bd54e2713a78492c5ff6e87f35273b38e21aecff46660598223c5fedd8ea30,944f93c6fa033d604d9e90219484c40564bfebf4e3306a041f5ec522a76c0b9b,0f2cf9a67445117338a1c28f1312c232b1cbb8285fc218b4057ed38b092a75be,0.2485150471329689,0.2268790267407894,0.23908703587949276,0.5939730908721685,0.13999012298882008,0.6319729145616293,0.1949311699718237,2.2753484081476927,0.0,0.0,10.292480932548642,135.46913396567106,607.830906752497,30000,30000,,2.793683898093503,,False,False,ok
BNCI2014_001,resampled_spectral_normalized_power_s1,resampled,spectral,normalized_power,1,1788,61,500,500,1.0,22,253,0.00033682310186723447,0.018352740990577796,5.547248278592022,0.7921918226311707,20.780817736882927,20.780817736882927,0.00019841395728773198,2.793683898093503,0.0002138419909411768,0.00010365334096961438,0.0007962154174581805,5.867469539164402e-05,188.240737610482,5.716247880429664,0.03017952124818757,0.09236224807369398,0.1459989447547685,3618,385d9f779dd6e78b83f6b7373ebb8c680e43579a4fdc921416c4a617ea3147a6,three_row_sha256,062d664f6c1f54e8d068ec168ddd970e8a744d5739380751c2614b66f1cd2035,944f93c6fa033d604d9e90219484c40564bfebf4e3306a041f5ec522a76c0b9b,0f2cf9a67445117338a1c28f1312c232b1cbb8285fc218b4057ed38b092a75be,0.28385804034769535,0.2273409627377987,0.2531609497964382,0.6982639897614717,0.15646917745471,1.2711179442703724,0.21406402811408043,3.104275092482567,0.0,0.0,9.465451119467616,138.57340905815363,617.2963578719646,30500,30500,,2.793683898093503,,False,False,ok
BNCI2014_001,resampled_spectral_normalized_power_s1,resampled,spectral,normalized_power,1,1788,62,500,500,1.0,22,253,0.00033072051095215564,0.018185722722843755,5.5597315516065855,0.7939745347625123,20.60254652374877,20.60254652374877,0.0001888027647680686,2.7936838980935024,0.0002175276595581946,9.925465402520309e-05,0.0006132008665927647,5.28232175087869e-05,188.240737610482,5.716247880429664,0.03017952124818757,0.09236224807369398,0.1459989447547685,3679,9d38233072899f42df04fe3a6cab07690aed97f8dbba8e936f03e0d6eb4c4227,three_row_sha256,2a52971d3417ae0911e1589a2699dede8e7413e117458219693a051254c0ccc7,944f93c6fa033d604d9e90219484c40564bfebf4e3306a041f5ec522a76c0b9b,0f2cf9a67445117338a1c28f1312c232b1cbb8285fc218b4057ed38b092a75be,0.21488405764102936,0.2202379982918501,0.22020400501787663,0.5474858917295933,0.13127503916621208,0.6529029924422503,0.1608941238373518,2.1478841081261635,0.0,0.0,9.119616821408272,140.7212931662798,626.4159746933728,31000,31000,,2.793683898093503,,False,False,ok
BNCI2014_001,resampled_spectral_normalized_power_s1,resampled,spectral,normalized_power,1,1788,63,500,500,1.0,22,253,0.0003281033621267652,0.018113623660846144,5.570411386596361,0.7954997013894688,20.45002986105312,20.45002986105312,0.00019153079333246868,2.793683898093503,0.00021653566912595946,9.530660710495203e-05,0.00073927231652116,5.7402000242738125e-05,188.240737610482,5.716247880429665,0.03017952124818757,0.09236224807369398,0.1459989447547685,3741,ccb07d182600e06779253e8354fd86e67071690ad7c9324176b58c8c5b505fb8,three_row_sha256,a0344feca700e277b0a3ebf450fe84c252ca015b4e3af98deb49b6e5f53a0c80,944f93c6fa033d604d9e90219484c40564bfebf4e3306a041f5ec522a76c0b9b,0f2cf9a67445117338a1c28f1312c232b1cbb8285fc218b4057ed38b092a75be,0.22592791356146336,0.221567926928401,0.22595003247261047,0.5528309848159552,0.13431301340460777,0.558533938601613,0.16159401275217533,2.080717822536826,0.0,0.0,9.313804097473621,142.80201098881662,635.7297787908465,31500,31500,,2.793683898093503,,False,False,ok
BNCI2014_001,resampled_spectral_normalized_power_s1,resampled,spectral,normalized_power,1,1788,64,500,500,1.0,22,253,0.00033759822903365775,0.018373846332046476,5.545497843666634,0.7919418463971355,20.80581536028645,20.80581536028645,0.00019386878381060478,2.793683898093503,0.0002144874339144604,0.00010652150913372488,0.0006750218614924155,5.497959408573331e-05,188.240737610482,5.716247880429664,0.03017952124818757,0.09236224807369398,0.1459989447547685,3804,e14a1d1e4d736f0791e949664d87d902ffea1339e5e23b441e15ae6b84befe06,three_row_sha256,0842d5520c157fafe090df52ba4bbbf02593554a49fa3f83e36463d6a6b4f24b,944f93c6fa033d604d9e90219484c40564bfebf4e3306a041f5ec522a76c0b9b,0f2cf9a67445117338a1c28f1312c232b1cbb8285fc218b4057ed38b092a75be,0.2140859141945839,0.2216799184679985,0.22175698541104794,0.5412849131971598,0.14038500376045704,0.5370290018618107,0.16495399177074432,2.041175728663802,0.0,0.0,9.253328898921609,144.84318671748042,644.9831076897681,32000,32000,,2.793683898093503,,False,False,ok
BNCI2014_001,resampled_spectral_normalized_power_s1,resampled,spectral,normalized_power,1,1788,65,500,500,1.0,22,253,0.00032589190230711615,0.01805247634833283,5.554133884406349,0.79317514271097,20.682485728902996,20.682485728902996,0.00018514606385697843,2.793683898093503,0.00021702682510046413,9.692602177106733e-05,0.0005982067608747421,4.387363953027269e-05,188.24073761048203,5.716247880429664,0.03017952124818757,0.09236224807369398,0.1459989447547685,3868,1a2cf91e3cba1c14a58d766aab61947a5009b517290c90994308e5cd1b641d0e,three_row_sha256,4e36b4fadb00859900bae8263d5c006b47d645572f1b4fa3180898854579aa03,944f93c6fa033d604d9e90219484c40564bfebf4e3306a041f5ec522a76c0b9b,0f2cf9a67445117338a1c28f1312c232b1cbb8285fc218b4057ed38b092a75be,0.22324081510305405,0.22022193297743797,0.22325897589325905,0.5711959674954414,0.12832996435463428,0.5692739505320787,0.16240705735981464,2.09792866371572,0.0,0.0,8.451618952676654,146.94111538119614,653.4347266424447,32500,32500,,2.793683898093503,,False,False,ok
BNCI2014_001,resampled_spectral_normalized_power_s1,resampled,spectral,normalized_power,1,1788,66,500,500,1.0,22,253,0.0003318763428155476,0.01821747355742688,5.533688488510202,0.790255375174714,20.974462482528597,20.974462482528597,0.00019377578912547894,2.793683898093503,0.0002188718785578621,9.673697088033667e-05,0.0007522670802894871,5.088368793818555e-05,188.24073761048203,5.716247880429665,0.03017952124818757,0.09236224807369398,0.1459989447547685,3933,227e666c7e6df7b0e3881749ac2aa468671dcb1324b97bb20a0dd55f47c8c135,three_row_sha256,e405613ad8653dea46b1963ec5d282026ce42da1e958ee31aa6e81c5dd5f18c7,944f93c6fa033d604d9e90219484c40564bfebf4e3306a041f5ec522a76c0b9b,0f2cf9a67445117338a1c28f1312c232b1cbb8285fc218b4057ed38b092a75be,0.2080579288303852,0.22103404626250267,0.22119120694696903,0.5407240241765976,0.12934906408190727,0.641851918771863,0.26402994990348816,2.226238138973713,0.0,0.0,14.391281874850392,149.16735352016985,667.8260085172951,33000,33000,,2.793683898093503,,False,False,ok
BNCI2014_001,resampled_spectral_normalized_power_s1,resampled,spectral,normalized_power,1,1788,67,500,500,1.0,22,253,0.0003208268303665551,0.017911639522013474,5.5305742191907665,0.7898106323825357,21.01893676174643,21.01893676174643,0.00018547577376615157,2.793683898093503,0.00021310021265840115,9.476510886905862e-05,0.0006398062979090372,5.064062691544547e-05,188.240737610482,5.716247880429665,0.03017952124818757,0.09236224807369398,0.1459989447547685,3999,6ab02a50f74ada9eea83dff9989d89e5edde94b2209ed87cb1d8ab4f4be9ef7e,three_row_sha256,ca1c041d3ebd3354e1d5263f0fc6c86f19b54608bc46419134b474a854149ea1,944f93c6fa033d604d9e90219484c40564bfebf4e3306a041f5ec522a76c0b9b,0f2cf9a67445117338a1c28f1312c232b1cbb8285fc218b4057ed38b092a75be,0.32415101304650307,0.24244398809969425,0.2503159921616316,0.8135379757732153,0.19728182815015316,0.7008439861238003,0.23591890931129456,2.764493692666292,0.0,0.0,14.305740129202604,151.93184721283615,682.1317486464977,33500,33500,,2.793683898093503,,False,False,ok
BNCI2014_001,resampled_spectral_normalized_power_s1,resampled,spectral,normalized_power,1,1788,68,500,500,1.0,22,253,0.0003205570472716271,0.01790410699453137,5.531147685106218,0.7898925279433547,21.010747205664522,21.010747205664522,0.00018512435024310253,2.793683898093503,0.00021382413216466096,9.384955120291906e-05,0.0006315058220303877,5.6336506639004374e-05,188.24073761048203,5.716247880429665,0.03017952124818757,0.09236224807369398,0.1459989447547685,4066,c8edecdb23996a482ece455847942c36361ee892f0cf30ed231e20a4187a8b5f,three_row_sha256,aef5c41390a26922a18e588b1c964ba5c603faa69519e85c1fbdbb6719fd6134,944f93c6fa033d604d9e90219484c40564bfebf4e3306a041f5ec522a76c0b9b,0f2cf9a67445117338a1c28f1312c232b1cbb8285fc218b4057ed38b092a75be,0.3036560956388712,0.23884396068751812,0.23953919298946857,0.7604279089719057,0.20054192282259464,0.6300529930740595,0.24404004216194153,2.6171021163463593,0.0,0.0,14.292346080765128,154.5489493291825,696.4240947272629,34000,34000,,2.793683898093503,,False,False,ok
BNCI2014_001,resampled_spectral_normalized_power_s1,resampled,spectral,normalized_power,1,1788,69,500,500,1.0,22,253,0.00033033134736271276,0.018175019872415897,5.525057759272607,0.7890228373862482,21.097716261375176,21.097716261375176,0.00019112603760408335,2.793683898093503,0.00021358285616288465,0.0001009761973113551,0.00071093462194782,5.569398315662326e-05,188.240737610482,5.716247880429664,0.03017952124818757,0.09236224807369398,0.1459989447547685,4134,21a7b2d05d0b9319b11aded13e55ed6bf7e3f815f19f5844b4a4551aa08cb0c4,three_row_sha256,c1b1f98f14519779ced6ab3b248e9b5c6729e8a4f2e11f24bc02fd0c818a8034,944f93c6fa033d604d9e90219484c40564bfebf4e3306a041f5ec522a76c0b9b,0f2cf9a67445117338a1c28f1312c232b1cbb8285fc218b4057ed38b092a75be,0.30089495703577995,0.23674196563661098,0.23964978754520416,0.7766459602862597,0.1917160116136074,0.7336549460887909,0.23059104569256306,2.709894673898816,0.0,0.0,13.132328866049647,157.25884400308132,709.5564235933125,34500,34500,,2.793683898093503,,False,False,ok
BNCI2014_001,resampled_spectral_normalized_power_s1,resampled,spectral,normalized_power,1,1788,70,500,500,1.0,22,253,0.00034786057167635563,0.01865102066044525,5.510868924464337,0.7869965572662193,21.300344273378062,21.300344273378062,0.00019713149741070255,2.793683898093503,0.0002170421866255943,0.000112301198367605,0.0006989502835136466,5.26056994365945e-05,188.24073761048203,5.716247880429664,0.03017952124818757,0.09236224807369398,0.1459989447547685,4203,deb258976a860fdc1998330ef4b8bacc0763af87d740811669e706021bd6374a,three_row_sha256,fa3cc4c6a07c74b941c08166bc2ca502a05acbb72196fecf7bed6faf03936c31,944f93c6fa033d604d9e90219484c40564bfebf4e3306a041f5ec522a76c0b9b,0f2cf9a67445117338a1c28f1312c232b1cbb8285fc218b4057ed38b092a75be,0.3016628324985504,0.2375519834458828,0.23969891481101513,0.8004971314221621,0.20312611013650894,1.064827898517251,0.25495211593806744,3.102316986769438,0.0,0.0,13.459717156365514,160.36116098985076,723.016140749678,35000,35000,,2.793683898093503,,False,False,ok
BNCI2014_001,resampled_spectral_normalized_power_s1,resampled,spectral,normalized_power,1,1788,71,500,500,1.0,22,253,0.0003267844436035751,0.018077180189497895,5.515935919473241,0.7877201650461086,21.227983495389136,21.227983495389136,0.00018336513760059092,2.793683898093503,0.0002188863250090977,9.894115817175223e-05,0.0005498820314954228,5.294374225526739e-05,188.24073761048203,5.716247880429664,0.03017952124818757,0.09236224807369398,0.1459989447547685,4273,daf1bf9c594daf10ee372552797d6afdb75391a72f7ec91955d7b5264d442719,three_row_sha256,fb1cbd35a94bc4aab9b1872f2d3159a2952addd19d369f9f6440a51ef48fe941,944f93c6fa033d604d9e90219484c40564bfebf4e3306a041f5ec522a76c0b9b,0f2cf9a67445117338a1c28f1312c232b1cbb8285fc218b4057ed38b092a75be,0.31516700983047485,0.23926491849124432,0.2467071171849966,0.8204688783735037,0.1961111556738615,0.7289391942322254,0.2345070242881775,2.781165298074484,0.0,0.0,13.850804883986712,163.14232628792524,736.8669456336647,35500,35500,,2.793683898093503,,False,False,ok
BNCI2014_001,resampled_spectral_normalized_power_s1,resampled,spectral,normalized_power,1,1788,72,500,500,1.0,22,253,0.0003199045248651385,0.01788587500977066,5.518372212693577,0.7880680873798052,21.193191262019486,21.193191262019486,0.0001867955928980356,2.793683898093503,0.0002147783913070236,9.258686401254669e-05,0.0007014829402412408,4.1003998475423625e-05,188.240737610482,5.716247880429664,0.03017952124818757,0.09236224807369398,0.1459989447547685,4344,f50ffe74f8422fe5c8e51e59c36491c97ae9747d97f3705ede1855200e98464e,three_row_sha256,5f0d68533260ffac75395e0d379bd218e112b4817812ce293492d4fd95597b2f,944f93c6fa033d604d9e90219484c40564bfebf4e3306a041f5ec522a76c0b9b,0f2cf9a67445117338a1c28f1312c232b1cbb8285fc218b4057ed38b092a75be,0.29564788565039635,0.23564696311950684,0.23614894598722458,0.7558332290500402,0.19340100698173046,0.7375010754913092,0.24322513490915298,2.6974042411893606,0.0,0.0,14.47617495432496,165.8397305291146,751.3431205879897,36000,36000,,2.793683898093503,,False,False,ok
BNCI2014_001,resampled_spectral_normalized_power_s1,resampled,spectral,normalized_power,1,1788,73,500,500,1.0,22,253,0.00031465986148784564,0.01773865444411852,5.508621456142698,0.7866756006519469,21.33243993480531,21.33243993480531,0.00018105335820411966,2.793683898093503,0.00021148828811350988,9.315341469977828e-05,0.0005308300836333158,4.99222520698261e-05,188.240737610482,5.716247880429664,0.03017952124818757,0.09236224807369398,0.1459989447547685,4416,a9eba3c8f36b5f52becbc262e4da0425a10f299c4d52c84dd6211ef52186475d,three_row_sha256,1aa1c0bec1f1e1a6f8333f08a49d963ef8571e73eec5d4ccb43c573c825e7576,944f93c6fa033d604d9e90219484c40564bfebf4e3306a041f5ec522a76c0b9b,0f2cf9a67445117338a1c28f1312c232b1cbb8285fc218b4057ed38b092a75be,0.3159239422529936,0.23880903609097004,0.24253688752651215,0.5979689303785563,0.13371906243264675,0.8012780454009771,0.17106113955378532,2.5012970436364412,0.0,0.0,9.490124881267548,168.34102757275105,760.8332454692572,36500,36500,,2.793683898093503,,False,False,ok
BNCI2014_001,resampled_spectral_normalized_power_s1,resampled,spectral,normalized_power,1,1788,74,500,500,1.0,22,253,0.0003320458336454932,0.01822212483892845,5.5044842448792615,0.7860847734946264,21.39152265053736,21.39152265053736,0.00019023143423764206,2.793683898093503,0.00022116315991911102,9.632349855668912e-05,0.0007164931810471851,6.34541752074692e-05,188.24073761048203,5.716247880429665,0.03017952124818757,0.09236224807369398,0.1459989447547685,4489,c2101b6d35298d9608202cd9ae171216116ec58b6b5d6927dfc54ff681e123ac,three_row_sha256,45198d41e2ebd16723d8a31729d5f776941639dd5645c13a333c4c912d3d489f,944f93c6fa033d604d9e90219484c40564bfebf4e3306a041f5ec522a76c0b9b,0f2cf9a67445117338a1c28f1312c232b1cbb8285fc218b4057ed38b092a75be,0.21528499200940132,0.2213660627603531,0.22336794063448906,0.5483089480549097,0.13295910321176052,0.9400260169059038,0.16597402282059193,2.4472870863974094,0.0,0.0,10.63242880627513,170.78831465914845,771.4656742755324,37000,37000,,2.793683898093503,,False,False,ok
BNCI2014_001,resampled_spectral_normalized_power_s1,resampled,spectral,normalized_power,1,1788,75,500,500,1.0,22,253,0.000333381123174331,0.018258727315295854,5.506616898874297,0.7863893336964636,21.361066630353648,21.361066630353648,0.00019027338690799173,2.793683898093503,0.00022276928283058856,9.742010959465953e-05,0.0006909553693135388,5.02984469046411e-05,188.240737610482,5.716247880429664,0.03017952124818757,0.09236224807369398,0.1459989447547685,4563,6d92b907aa8e2094199017f4183c2bad53b1dd696fae30a19bacb6ae438c27b2,three_row_sha256,85db638048563cd7596b94b2160b76bdf5b4aeea1ff1a37ded92ef000f5fed41,944f93c6fa033d604d9e90219484c40564bfebf4e3306a041f5ec522a76c0b9b,0f2cf9a67445117338a1c28f1312c232b1cbb8285fc218b4057ed38b092a75be,0.2251868136227131,0.2220761962234974,0.22460008040070534,0.5514509975910187,0.14188513159751892,0.5839350633323193,0.1641041599214077,2.1132384426891804,0.0,0.0,9.723675902932882,172.90155310183764,781.1893501784652,37500,37500,,2.793683898093503,,False,False,ok
BNCI2014_001,resampled_spectral_normalized_power_s1,resampled,spectral,normalized_power,1,1788,76,500,500,1.0,22,253,0.0003464749885561284,0.01861383863033438,5.495925436165986,0.7848625065374599,21.51374934625401,21.51374934625401,0.000199113679587411,2.793683898093503,0.00021918046656905913,0.00010751423504217028,0.0007535843122448589,5.6229571350130584e-05,188.24073761048203,5.716247880429664,0.03017952124818757,0.09236224807369398,0.1459989447547685,4638,2a387303b53f4a351b432249eac87da3f52eea943572aa600025ac734bf359d2,three_row_sha256,492354c3f9d874927c7763dcd28fa1c464712cc5b4d735330af345ccd86f73ca,944f93c6fa033d604d9e90219484c40564bfebf4e3306a041f5ec522a76c0b9b,0f2cf9a67445117338a1c28f1312c232b1cbb8285fc218b4057ed38b092a75be,0.22279913537204266,0.2254890277981758,0.22610509768128395,0.5743501242250204,0.13697822578251362,0.5586429033428431,0.17844210378825665,2.122806617990136,0.0,0.0,9.19334590435028,175.02435971982777,790.3826960828155,38000,38000,,2.793683898093503,,False,False,ok
BNCI2014_001,resampled_spectral_normalized_power_s1,resampled,spectral,normalized_power,1,1788,77,500,500,1.0,22,253,0.00033061682428099794,0.01818287172811264,5.505580752975355,0.7862413636999948,21.375863630000524,21.375863630000524,0.0001907002829172177,2.7936838980935024,0.0002157220828042265,9.957218010814972e-05,0.0007137974986531044,5.196544946608848e-05,188.240737610482,5.716247880429664,0.03017952124818757,0.09236224807369398,0.1459989447547685,4714,b66e476f34c64579a0b8824fa1e3e2ea38df065155be491060ab5541f0aab3ce,three_row_sha256,4ba903f6f260d30a531d68083bc18ff2518efe37713385cbd9323552c396169e,944f93c6fa033d604d9e90219484c40564bfebf4e3306a041f5ec522a76c0b9b,0f2cf9a67445117338a1c28f1312c232b1cbb8285fc218b4057ed38b092a75be,0.21820305846631527,0.221695052459836,0.22263405844569206,0.5505790468305349,0.13167713768780231,0.6467839702963829,0.1619479153305292,2.1535202395170927,0.0,0.0,9.183184010908008,177.17787995934486,799.5658800937235,38500,38500,,2.793683898093503,,False,False,ok
BNCI2014_001,resampled_spectral_normalized_power_s1,resampled,spectral,normalized_power,1,1788,78,500,500,1.0,22,253,0.00033059373563032175,0.01818223681592344,5.498880171438308,0.7852844665802088,21.471553341979117,21.471553341979117,0.000191690040496333,2.793683898093503,0.00021617175072304748,9.817985240893084e-05,0.0007226363295007439,4.406402408936313e-05,188.24073761048203,5.716247880429664,0.03017952124818757,0.09236224807369398,0.1459989447547685,4791,b45550099e7866e0ccb4a2e9a17eda2a5c25be095b8183776cb02c73556ccadd,three_row_sha256,a4b8a5ab8fc0a8fa12ef474edb0a7c92f76d8b037070f748c94f429249160fba,944f93c6fa033d604d9e90219484c40564bfebf4e3306a041f5ec522a76c0b9b,0f2cf9a67445117338a1c28f1312c232b1cbb8285fc218b4057ed38b092a75be,0.22283894941210747,0.22399704903364182,0.22553117014467716,0.5638380534946918,0.13265013694763184,0.5872910842299461,0.18118810839951038,2.1373345516622066,0.0,0.0,9.228866081684828,179.31521451100707,808.7947461754084,39000,39000,,2.793683898093503,,False,False,ok
BNCI2014_001,resampled_spectral_normalized_power_s1,resampled,spectral,normalized_power,1,1788,79,500,500,1.0,22,253,0.00029947066574419136,0.01730522076554331,5.482367577496098,0.7829263349022144,21.707366509778556,21.707366509778556,0.0001783448205172072,2.793683898093503,0.00020366309541600738,8.490487157819587e-05,0.0005558788118428218,4.303711615632937e-05,188.24073761048203,5.716247880429664,0.03017952124818757,0.09236224807369398,0.1459989447547685,4869,ed30519f815d5d5795395ee17733677d9c863a42c662b5ce9eb83c0fc390700c,three_row_sha256,ecc6a536fc1a3a47ff5c573dc222e6785f05da104e6d3376578160c2e33e5039,944f93c6fa033d604d9e90219484c40564bfebf4e3306a041f5ec522a76c0b9b,0f2cf9a67445117338a1c28f1312c232b1cbb8285fc218b4057ed38b092a75be,0.22059003822505474,0.24071009829640388,0.2240990288555622,0.6050209049135447,0.13363896869122982,0.7186629809439182,0.1964149996638298,2.3391370195895433,0.0,0.0,10.76361513696611,181.6543515305966,819.5583613123745,39500,39500,,2.793683898093503,,False,False,ok
BNCI2014_001,resampled_spectral_normalized_power_s1,resampled,spectral,normalized_power,1,1788,80,500,500,1.0,22,253,0.00032440760269605374,0.018011318738394858,5.492254095757879,0.7843382094980392,21.56617905019608,21.56617905019608,0.00018807110753002362,2.793683898093503,0.0002156938494651513,9.505541087825083e-05,0.000669174781089225,5.4689185832985025e-05,188.24073761048203,5.716247880429664,0.03017952124818757,0.09236224807369398,0.1459989447547685,4948,1f1813a2374d3ff8959e2c7f25168bcfb8861a3726cb6e6092247b2f9df76b18,three_row_sha256,8ed3a9397cb0dfebde05fe7cd9f7f95b43c4c7dde99b843780173b1d6970e95b,944f93c6fa033d604d9e90219484c40564bfebf4e3306a041f5ec522a76c0b9b,0f2cf9a67445117338a1c28f1312c232b1cbb8285fc218b4057ed38b092a75be,0.2922830171883106,0.22547715343534946,0.24910620413720608,0.6920211017131805,0.153613043949008,0.7245719898492098,0.18238299526274204,2.5194555055350065,0.0,0.0,10.086212074384093,184.17380703613162,829.6445733867586,40000,40000,,2.793683898093503,,False,False,ok
BNCI2014_001,resampled_spectral_normalized_power_s1,resampled,spectral,normalized_power,1,1788,81,500,500,1.0,22,253,0.0003224038585016208,0.01795560799587752,5.487584443753409,0.7836713455058955,21.632865449410453,21.632865449410453,0.00018519040230909905,2.793683898093503,0.00021422175727258414,9.561233782851266e-05,0.0005968958721273754,5.6140210295730104e-05,188.24073761048203,5.716247880429664,0.03017952124818757,0.09236224807369398,0.1459989447547685,5028,a2b1820c9222a368ab4e6f91b122d366c4860d9b782185119c79ae5ea75298c2,three_row_sha256,12c951701eca473c074e1ac7b83d2edd4f7ac700b2a0074575593bab2042427b,944f93c6fa033d604d9e90219484c40564bfebf4e3306a041f5ec522a76c0b9b,0f2cf9a67445117338a1c28f1312c232b1cbb8285fc218b4057ed38b092a75be,0.21846499294042587,0.2295440062880516,0.2287612296640873,0.7875880692154169,0.17468910664319992,0.7731409277766943,0.1972028985619545,2.6093912310898304,0.0,0.0,10.142927058041096,186.78319826722145,839.7875004447997,40500,40500,,2.793683898093503,,False,False,ok
BNCI2014_001,resampled_spectral_normalized_power_s1,resampled,spectral,normalized_power,1,1788,82,500,500,1.0,22,253,0.00034293617093834823,0.018518535874586527,5.485764813018005,0.7834114875517529,21.65885124482471,21.65885124482471,0.00019380037530916156,2.793683898093503,0.00022295249405363644,0.00010480745410884299,0.0006916450248815164,4.362333383925694e-05,188.240737610482,5.716247880429665,0.03017952124818757,0.09236224807369398,0.1459989447547685,5109,123f80cec81aae9bf499262b0accd87af28b5b4e87e709c2d830fecd629bbd84,three_row_sha256,0afdb2cab5237a4f4b8ec93931a435c6b080b493bc840fa3ebf53b52300def06,944f93c6fa033d604d9e90219484c40564bfebf4e3306a041f5ec522a76c0b9b,0f2cf9a67445117338a1c28f1312c232b1cbb8285fc218b4057ed38b092a75be,0.2813898026943207,0.22391998209059238,0.2402679529041052,0.6717771757394075,0.15277392230927944,3.7940600886940956,0.17854315228760242,5.542732076719403,0.0,0.0,11.79585698992014,192.32593034394085,851.5833574347198,41000,41000,,2.793683898093503,,False,False,ok
BNCI2014_001,resampled_spectral_normalized_power_s1,resampled,spectral,normalized_power,1,1788,83,500,500,1.0,22,253,0.0003271319364343302,0.018086789002869752,5.477875680520938,0.7822848557628084,21.771514423719164,21.771514423719164,0.0001849869023824437,2.793683898093503,0.00021960270441238888,9.676426961421909e-05,0.000620007757147327,6.22399835113196e-05,188.24073761048206,5.716247880429665,0.03017952124818757,0.09236224807369398,0.1459989447547685,5191,22dcd167654ed7cfcf644c10b2260fef1ee3d3c052e51bfcd1f49fae56fdff40,three_row_sha256,a5051b3c63cb9386c261e192261bd67c597d0b14c437088d18f43e806addcd2a,944f93c6fa033d604d9e90219484c40564bfebf4e3306a041f5ec522a76c0b9b,0f2cf9a67445117338a1c28f1312c232b1cbb8285fc218b4057ed38b092a75be,0.25759800337255,0.2252231352031231,0.23996992968022823,0.5899870302528143,0.13837497681379318,0.7686868775635958,0.17360993660986423,2.393449889495969,0.0,0.0,10.94060786999762,194.71938023343682,862.5239653047174,41500,41500,,2.793683898093503,,False,False,ok
BNCI2014_001,resampled_spectral_normalized_power_s1,resampled,spectral,normalized_power,1,1788,84,500,500,1.0,22,253,0.00033136965348994193,0.01820356156058319,5.481328550305036,0.7827779534339777,21.722204656602223,21.722204656602223,0.0001905382282007975,2.793683898093503,0.00021496535230208175,0.00010048219392630587,0.0006636199150344762,5.01536532507662e-05,188.24073761048203,5.716247880429664,0.03017952124818757,0.09236224807369398,0.1459989447547685,5274,4ff8bc7c0a8ba30d4823704d75aeb16ab2a43e1a9cdc39cefe5dc04a26e05749,three_row_sha256,6c32459ecc2888ffd4de92c2fb5888c654a55e7288178303f4062817bd0e3ad2,944f93c6fa033d604d9e90219484c40564bfebf4e3306a041f5ec522a76c0b9b,0f2cf9a67445117338a1c28f1312c232b1cbb8285fc218b4057ed38b092a75be,0.2844659611582756,0.22735493257641792,0.24300510995090008,0.8180108852684498,0.15589199028909206,0.80477399751544,0.20184391178190708,2.7353467885404825,0.0,0.0,10.26299991644919,197.4547270219773,872.7869652211666,42000,42000,,2.793683898093503,,False,False,ok
BNCI2014_001,resampled_spectral_normalized_power_s1,resampled,spectral,normalized_power,1,1788,85,500,500,1.0,22,253,0.0003235918218029983,0.01798865814348025,5.482148442338249,0.7828950406331678,21.71049593668322,21.71049593668322,0.00018568063570460343,2.7936838980935024,0.00021342611747139433,9.617123202437284e-05,0.0006303340913479938,5.27778759451959e-05,188.24073761048203,5.716247880429664,0.03017952124818757,0.09236224807369398,0.1459989447547685,5358,f9a8405da8177f102d649dd6219e4a282e2d3e209657d18e69b325955b5ead36,three_row_sha256,23132486b0226624aa83760919f7b0a92e23a3f4d011fd8ea6dc2603c6849b50,944f93c6fa033d604d9e90219484c40564bfebf4e3306a041f5ec522a76c0b9b,0f2cf9a67445117338a1c28f1312c232b1cbb8285fc218b4057ed38b092a75be,0.25509693659842014,0.2230401150882244,0.23081502877175808,0.6735660135746002,0.15300186350941658,0.6572569254785776,0.19035302102565765,2.3831299040466547,0.0,0.0,9.659580187872052,199.83785692602396,882.4465454090387,42500,42500,,2.793683898093503,,False,False,ok
BNCI2014_001,resampled_spectral_normalized_power_s1,resampled,spectral,normalized_power,1,1788,86,500,500,1.0,22,253,0.0003258471303685506,0.018051236255961823,5.464372618998971,0.7803565096025202,21.96434903974798,21.96434903974798,0.00018986490729463583,2.793683898093503,0.00021194832841216028,9.836532363077814e-05,0.0006755443871712835,5.36603812261194e-05,188.24073761048203,5.716247880429664,0.03017952124818757,0.09236224807369398,0.1459989447547685,5443,e514bc47c7f1ddbb548dc2c92b16115f133bd52b198ce0c84bd930a69f93cc32,three_row_sha256,85067de7ba913d1a83071363bb38c9670bf28cce940bdab4ad42905cbc21c2b3,944f93c6fa033d604d9e90219484c40564bfebf4e3306a041f5ec522a76c0b9b,0f2cf9a67445117338a1c28f1312c232b1cbb8285fc218b4057ed38b092a75be,0.38744998164474964,0.22636400535702705,0.24336017668247223,0.6846070755273104,0.15336507931351662,0.7861130870878696,0.19948300905525684,2.6807424146682024,0.0,0.0,9.744963143020868,202.51859934069216,892.1915085520595,43000,43000,,2.793683898093503,,False,False,ok
BNCI2014_001,resampled_spectral_normalized_power_s1,resampled,spectral,normalized_power,1,1788,87,500,500,1.0,22,253,0.0003202435620742457,0.017895350292024062,5.477886815300816,0.7822864458992369,21.771355410076314,21.771355410076314,0.0001902457484911687,2.793683898093503,0.00020793526574185695,9.510820662788983e-05,0.0007427596136100331,4.7469376737511266e-05,188.24073761048203,5.716247880429664,0.03017952124818757,0.09236224807369398,0.1459989447547685,5529,65a9a629cf2a7646d3f5f13e68e5bb5c6e3dd73c8d68adab40c00bd106f801b7,three_row_sha256,2842a0557f62b47c422a3e9dc014b44240643225b1224e96f0cd5c31da023f04,944f93c6fa033d604d9e90219484c40564bfebf4e3306a041f5ec522a76c0b9b,0f2cf9a67445117338a1c28f1312c232b1cbb8285fc218b4057ed38b092a75be,0.23397081531584263,0.22192602045834064,0.22293603979051113,0.5699808243662119,0.13451185077428818,0.5857949145138264,0.1741189043968916,2.1432393696159124,0.0,0.0,9.323167847469449,204.66183871030807,901.514676399529,43500,43500,,2.793683898093503,,False,False,ok
BNCI2014_001,resampled_spectral_normalized_power_s1,resampled,spectral,normalized_power,1,1788,88,500,500,1.0,22,253,0.0003375190131429766,0.01837169053579383,5.4627077889987765,0.7801187584426676,21.988124155733235,21.988124155733235,0.00019924429398354932,2.7936838980935033,0.00021735823579895327,0.00010001989456502338,0.0008252852454939408,5.0194281884575985e-05,188.24073761048203,5.716247880429664,0.03017952124818757,0.09236224807369398,0.1459989447547685,5616,a6a9be676c4b7fab284a268915c8874f46bb8147b13b0037357971e6767a7cac,three_row_sha256,81e61e4b350ac88bbc7dced78f84ecc012e63564b008dffebf4cb46aa0335ea5,944f93c6fa033d604d9e90219484c40564bfebf4e3306a041f5ec522a76c0b9b,0f2cf9a67445117338a1c28f1312c232b1cbb8285fc218b4057ed38b092a75be,0.21471804939210415,0.2275311853736639,0.2222331240773201,0.6944250781089067,0.15102489851415157,0.6044548936188221,0.19254605285823345,2.306933281943202,0.0,0.0,11.462053982540965,206.96877199225128,912.97673038207,44000,44000,,2.793683898093503,,False,False,ok
BNCI2014_001,resampled_spectral_normalized_power_s1,resampled,spectral,normalized_power,1,1788,89,500,500,1.0,22,253,0.00030871826612475324,0.017570380363690286,5.462586642201362,0.7801014577022952,21.98985422977048,21.98985422977048,0.00018475192020424685,2.793683898093503,0.0002065082734179758,8.718844902816234e-05,0.0006948175722869098,6.198217312043677e-05,188.24073761048203,5.716247880429664,0.03017952124818757,0.09236224807369398,0.1459989447547685,5704,46efc2344d7eb749752cead3b9ed582fde04c2fd5dcf5dcdb989f946a40e0369,three_row_sha256,41989c2a78439681bc5d96c7b429e7243fc7cc9434f7182cf6a1fecf5b508639,944f93c6fa033d604d9e90219484c40564bfebf4e3306a041f5ec522a76c0b9b,0f2cf9a67445117338a1c28f1312c232b1cbb8285fc218b4057ed38b092a75be,0.2309961710125208,0.2231770195066929,0.2398029901087284,0.5739200860261917,0.13263802975416183,0.5850570742040873,0.16861106269061565,2.1542024333029985,0.0,0.0,9.490599855780602,209.12297442555428,922.4673302378505,44500,44500,,2.793683898093503,,False,False,ok
BNCI2014_001,resampled_spectral_normalized_power_s1,resampled,spectral,normalized_power,1,1788,90,500,500,1.0,22,253,0.0003266169629383011,0.018072547217763774,5.475112935259127,0.7818903134429944,21.810968655700563,21.810968655700563,0.000187832507484245,2.793683898093503,0.00021465599174211547,9.786033916570128e-05,0.0006724099162620137,4.05949889855136e-05,188.240737610482,5.716247880429664,0.03017952124818757,0.09236224807369398,0.1459989447547685,5793,588b9eee0990b94b82a68e67cc05ae8e4c20b1c1dc45802685592dfc33612dcd,three_row_sha256,5454087dddd15e37181cdbbef482c2ef481bc4f445f12fee2840ee47b8834b50,944f93c6fa033d604d9e90219484c40564bfebf4e3306a041f5ec522a76c0b9b,0f2cf9a67445117338a1c28f1312c232b1cbb8285fc218b4057ed38b092a75be,0.21262094378471375,0.22308481857180595,0.2235660795122385,0.5512558855116367,0.13246596790850163,0.5800412036478519,0.17045298591256142,2.09348788484931,0.0,0.0,9.66594205237925,211.21646231040359,932.1332722902298,45000,45000,,2.793683898093503,,False,False,ok
BNCI2014_001,resampled_spectral_normalized_power_s1,resampled,spectral,normalized_power,1,1788,91,500,500,1.0,22,253,0.00033252241085108685,0.01823519703351425,5.483809385161687,0.7831322366728085,21.686776332719152,21.686776332719152,0.00019191601871207015,2.793683898093503,0.0002172817658095921,9.8763928350891e-05,0.0006780272056766264,6.54313009966438e-05,188.240737610482,5.716247880429664,0.03017952124818757,0.09236224807369398,0.1459989447547685,5883,18342f02bb3929d663a2fd701ab2f4c83813442fc13249db4207daa54c2f3ab0,three_row_sha256,726fbff31b0e5bd1124ffba986e753fbc41f1f198e42b660ee540fdbb02814cc,944f93c6fa033d604d9e90219484c40564bfebf4e3306a041f5ec522a76c0b9b,0f2cf9a67445117338a1c28f1312c232b1cbb8285fc218b4057ed38b092a75be,0.2155369147658348,0.22193905897438526,0.22760778665542603,0.5665319040417671,0.13364688493311405,0.5582929588854313,0.17441995441913605,2.0979754626750946,0.0,0.0,9.114885004237294,213.31443777307868,941.2481572944671,45500,45500,,2.793683898093503,,False,False,ok
BNCI2014_001,resampled_spectral_normalized_power_s1,resampled,spectral,normalized_power,1,1788,92,500,500,1.0,22,253,0.0003288931844540699,0.018135412442347978,5.469981819135202,0.7811575486503978,21.88424513496022,21.88424513496022,0.00018618119951981468,2.793683898093503,0.00021811048875822864,0.00010039882561152576,0.0005794572894163813,5.22146214469256e-05,188.240737610482,5.716247880429664,0.03017952124818757,0.09236224807369398,0.1459989447547685,5974,bcfb20faf93e10e5eec4178fee22e5e1c7696115d03f3ed9c18cdc1c7928d7f9,three_row_sha256,b536baa4c132e1f00a742014c5550981b4b1e1d54ef20c6e19f6c94537caf854,944f93c6fa033d604d9e90219484c40564bfebf4e3306a041f5ec522a76c0b9b,0f2cf9a67445117338a1c28f1312c232b1cbb8285fc218b4057ed38b092a75be,0.2206871286034584,0.22184010595083237,0.22582896053791046,0.5673209670931101,0.13452395796775818,0.6108160596340895,0.17157313413918018,2.152590313926339,0.0,0.0,9.39978682436049,215.46702808700502,950.6479441188276,46000,46000,,2.793683898093503,,False,False,ok
BNCI2014_001,resampled_spectral_normalized_power_s1,resampled,spectral,normalized_power,1,1788,93,500,500,1.0,22,253,0.00030135991874244607,0.017359721159697413,5.454796371339912,0.7789889441527683,22.101105584723165,22.101105584723165,0.00017654297017409012,2.793683898093503,0.0002097915142871053,8.315528458151786e-05,0.0005608228942270126,6.050220926463897e-05,188.24073761048203,5.716247880429664,0.03017952124818757,0.09236224807369398,0.1459989447547685,6066,57147ce71bc38365a0a70a8a2594b912381453ef8a31545f52bc3e9f89f54488,three_row_sha256,da450a19e0716e2430f7e17d1c7c391266cf1ae1960cc98ddbbcfdc45cedb85b,944f93c6fa033d604d9e90219484c40564bfebf4e3306a041f5ec522a76c0b9b,0f2cf9a67445117338a1c28f1312c232b1cbb8285fc218b4057ed38b092a75be,0.21635391749441624,0.22178585641086102,0.2218338195234537,0.5533918738365173,0.13115606270730495,0.6776049267500639,0.1587949227541685,2.1809213794767857,0.0,0.0,11.856961995363235,217.6479494664818,962.5049061141908,46500,46500,,2.793683898093503,,False,False,ok
BNCI2014_001,resampled_spectral_normalized_power_s1,resampled,spectral,normalized_power,1,1788,94,500,500,1.0,22,253,0.0003210484145914199,0.017917823935718866,5.454618603037838,0.778963557404573,22.103644259542698,22.103644259542698,0.00019151646764326604,2.7936838980935024,0.0002100538687361529,9.443955128906061e-05,0.0007962337111140158,5.6428330629055136e-05,188.24073761048203,5.716247880429664,0.03017952124818757,0.09236224807369398,0.1459989447547685,6159,7d49c7b1ff57adfee910ff7572a049ba643dba22b77f3ca9927fd1162cfab3dd,three_row_sha256,46dc63ebaad1f4dd7a377ef3ec81df961dcdb266aa28a51fc087b851784d99a5,944f93c6fa033d604d9e90219484c40564bfebf4e3306a041f5ec522a76c0b9b,0f2cf9a67445117338a1c28f1312c232b1cbb8285fc218b4057ed38b092a75be,0.2732989378273487,0.22677099332213402,0.24522212333977222,0.5815420299768448,0.14073890633881092,0.5974799860268831,0.18279789946973324,2.247850876301527,0.0,0.0,9.431435028091073,219.89580034278333,971.9363411422819,47000,47000,,2.793683898093503,,False,False,ok
BNCI2014_001,resampled_spectral_normalized_power_s1,resampled,spectral,normalized_power,1,1788,95,500,500,1.0,22,253,0.0003392578683088477,0.018418954050348452,5.458237475990301,0.779480361667895,22.051963833210497,22.051963833210497,0.00019248527309644427,2.793683898093503,0.00021932378880475933,0.00010363525754002013,0.0006323166110379066,4.876439525760596e-05,188.240737610482,5.716247880429664,0.03017952124818757,0.09236224807369398,0.1459989447547685,6253,1cd9dd21a322eb565f1dbaf0cc885ff40079e7b561acb96ef92c3154d74f9676,three_row_sha256,a4c975ed1c8281250834a714938cc278b9d6e15149aa4c71a140f9f1238653b9,944f93c6fa033d604d9e90219484c40564bfebf4e3306a041f5ec522a76c0b9b,0f2cf9a67445117338a1c28f1312c232b1cbb8285fc218b4057ed38b092a75be,0.22938894107937813,0.22430485114455223,0.22785388864576817,0.5621940363198519,0.13450696133077145,0.9444442111998796,0.17612893134355545,2.498821821063757,0.0,0.0,8.955320809036493,222.3946221638471,980.8916619513184,47500,47500,,2.793683898093503,,False,False,ok
BNCI2014_001,resampled_spectral_normalized_power_s1,resampled,spectral,normalized_power,1,1788,96,500,500,1.0,22,253,0.00032483412539186375,0.018023155256276957,5.463744192882816,0.7802667652814903,21.973323471850968,21.973323471850968,0.0001899387601609635,2.7936838980935033,0.00021312624089890738,9.701009315340943e-05,0.0007836040822644369,4.756092706393003e-05,188.24073761048203,5.716247880429665,0.03017952124818757,0.09236224807369398,0.1459989447547685,6348,fc2a5d1084970b5913af0bde9e89fb772549af085e80124d35db7d31fabe2535,three_row_sha256,4200473532a170a350dbda977a3562e02e96a1e4617c8f4e70ced496ad01e2aa,944f93c6fa033d604d9e90219484c40564bfebf4e3306a041f5ec522a76c0b9b,0f2cf9a67445117338a1c28f1312c232b1cbb8285fc218b4057ed38b092a75be,0.22651883773505688,0.22137793712317944,0.22415188141167164,0.5579518619924784,0.1329910010099411,0.5267139058560133,0.16224710270762444,2.051952527835965,0.0,0.0,10.012730024755001,224.44657469168305,990.9043919760734,48000,48000,,2.793683898093503,,False,False,ok
BNCI2014_001,resampled_spectral_normalized_power_s1,resampled,spectral,normalized_power,1,1788,97,500,500,1.0,22,253,0.00031902510027154716,0.01786127375837309,5.466990203421987,0.7807303217830498,21.92696782169502,21.92696782169502,0.00018383053704684475,2.793683898093503,0.00021359852381699896,9.402687848673106e-05,0.0006278970977695413,4.3917178864283864e-05,188.24073761048203,5.716247880429664,0.03017952124818757,0.09236224807369398,0.1459989447547685,6444,f418cf0e031d164722555cfc6a4d18da3ff015bbbc9d126395525fbc1575e319,three_row_sha256,8ab5f891859c1adc55d410173379ad7f76bcca387ce65b90fd63fc99cdb42b7e,944f93c6fa033d604d9e90219484c40564bfebf4e3306a041f5ec522a76c0b9b,0f2cf9a67445117338a1c28f1312c232b1cbb8285fc218b4057ed38b092a75be,0.24363002739846706,0.22471300326287746,0.23918808437883854,0.602060928940773,0.1377540174871683,0.9019072167575359,0.19369181245565414,2.5429450906813145,0.0,0.0,9.14165610447526,226.98951978236437,1000.0460480805486,48500,48500,,2.793683898093503,,False,False,ok
BNCI2014_001,resampled_spectral_normalized_power_s1,resampled,spectral,normalized_power,1,1788,98,500,500,1.0,22,253,0.0003449721732679867,0.018573426535456152,5.460292109468875,0.7797737799103256,22.022622008967442,22.022622008967442,0.00019593294722446714,2.7936838980935033,0.00022416220042481173,0.00010475015453997051,0.0007591021921859551,5.540024724839285e-05,188.24073761048203,5.716247880429664,0.03017952124818757,0.09236224807369398,0.1459989447547685,6541,d7d098bd45bd7bbb424068aa31229bb7ae038f6799627c51e0f2d67cf3d424a7,three_row_sha256,a70fea2b47718778140cf55470681785216c41e7e83ce3fab8cb9d8719ef9a00,944f93c6fa033d604d9e90219484c40564bfebf4e3306a041f5ec522a76c0b9b,0f2cf9a67445117338a1c28f1312c232b1cbb8285fc218b4057ed38b092a75be,0.2368090208619833,0.22399891167879105,0.23314496502280235,0.5803811363875866,0.13579404912889004,0.5928610917180777,0.17550215125083923,2.1784913260489702,0.0,0.0,8.764093043282628,229.16801110841334,1008.8101411238313,49000,49000,,2.793683898093503,,False,False,ok
BNCI2014_001,resampled_spectral_normalized_power_s1,resampled,spectral,normalized_power,1,1788,99,500,500,1.0,22,253,0.000305571523669875,0.017480604213524056,5.452119362577377,0.7786066456969779,22.139335430302214,22.139335430302214,0.00017873885009854002,2.7936838980935024,0.00020519197286996476,8.920946836406138e-05,0.0005373158181297665,4.797044054637452e-05,188.24073761048203,5.716247880429665,0.03017952124818757,0.09236224807369398,0.1459989447547685,6639,c04cf7507d4fb84c8149bf472971f949260b7a28c3ef447d142a3bcb24d1c808,three_row_sha256,366c3dc3afb086040804dfafe57c2c54fe4e27cc9b7ed620db29305ff5a3c474,944f93c6fa033d604d9e90219484c40564bfebf4e3306a041f5ec522a76c0b9b,0f2cf9a67445117338a1c28f1312c232b1cbb8285fc218b4057ed38b092a75be,0.2769969869405031,0.22668903693556786,0.24713901802897453,0.6892941892147064,0.151580898091197,0.6944760680198669,0.19660801626741886,2.4827842134982347,0.0,0.0,8.860843954607844,231.65079532191157,1017.6709850784391,49500,49500,,2.793683898093503,,False,False,ok
BNCI2014_001,resampled_spectral_normalized_power_s1,resampled,spectral,normalized_power,1,1788,100,500,500,1.0,22,253,0.00034560518507917954,0.018590459517698308,5.446939481510559,0.7778669168769842,22.213308312301585,22.213308312301585,0.00020475063758062652,2.793683898093503,0.00021459618925062142,0.0001081108585940421,0.0009222398747887082,5.294563680713195e-05,188.24073761048203,5.716247880429664,0.03017952124818757,0.09236224807369398,0.1459989447547685,6738,d47a1e0aefc38fe54fe36d93718822aa72c6fadcf39a196d8decbcb6f72b8c9d,three_row_sha256,e7c4bd92c4c2bb007316e75e994aa6a2427a9f09b079b5b5bff3b5682669f441,944f93c6fa033d604d9e90219484c40564bfebf4e3306a041f5ec522a76c0b9b,0f2cf9a67445117338a1c28f1312c232b1cbb8285fc218b4057ed38b092a75be,0.21834485232830048,0.228038989007473,0.22401800379157066,0.5542009603232145,0.1307050697505474,0.5703228525817394,0.16236514784395695,2.0879958756268024,0.0,0.0,8.714654017239809,233.73879119753838,1026.385639095679,50000,50000,,2.793683898093503,,False,False,ok
BNCI2014_001,resampled_spectral_normalized_power_s1,resampled,spectral,normalized_power,1,1788,101,500,500,1.0,22,253,0.00033785358781001756,0.018380793992916016,5.440919556094753,0.7770072229444708,22.29927770555292,22.29927770555292,0.00019237883899996018,2.793683898093503,0.00021807195246263954,0.00010427093510176717,0.0006436023664514181,5.974049825794938e-05,188.24073761048203,5.716247880429665,0.03017952124818757,0.09236224807369398,0.1459989447547685,6838,e6855f361350fa477f6ac3b1e57e6a3fa84b70533c217669d08452241da95361,three_row_sha256,e87102823aaf47139675731f40878b5c26bdfe9d1de2beaab2c24613e12bc540,944f93c6fa033d604d9e90219484c40564bfebf4e3306a041f5ec522a76c0b9b,0f2cf9a67445117338a1c28f1312c232b1cbb8285fc218b4057ed38b092a75be,0.21150591783225536,0.22033718414604664,0.22074393928050995,0.5327239632606506,0.1296538393944502,0.6304818671196699,0.16175489872694016,2.107201609760523,0.0,0.0,8.705033920705318,235.8459928072989,1035.0906730163842,50500,50500,,2.793683898093503,,False,False,ok
BNCI2014_001,resampled_spectral_normalized_power_s1,resampled,spectral,normalized_power,1,1788,102,500,500,1.0,22,253,0.00031633553989004966,0.017785824127378794,5.442381771688557,0.7772160391319137,22.27839608680863,22.27839608680863,0.0001823911659479676,2.793683898093503,0.00021309250522461612,9.22425560386103e-05,0.0005762185664526574,5.166851827332315e-05,188.240737610482,5.716247880429664,0.03017952124818757,0.09236224807369398,0.1459989447547685,6939,92c218004acb996e31f4d4d61efc70680a8a566dade846c855c142ef0f1ead53,three_row_sha256,5fc638f3d388db8d13f15f1363beb7fbb109d2c93e7a2ad3f2a34889650ba9d1,944f93c6fa033d604d9e90219484c40564bfebf4e3306a041f5ec522a76c0b9b,0f2cf9a67445117338a1c28f1312c232b1cbb8285fc218b4057ed38b092a75be,0.2160170115530491,0.22015790455043316,0.22058398462831974,0.5281770136207342,0.12943614274263382,0.6790070328861475,0.163668068125844,2.1570471581071615,0.0,0.0,9.367080871015787,238.00303996540606,1044.4577538874,51000,51000,,2.793683898093503,,False,False,ok
BNCI2014_001,resampled_spectral_normalized_power_s1,resampled,spectral,normalized_power,1,1788,103,500,500,1.0,22,253,0.00032715149150135494,0.018087329584583648,5.448255230281917,0.7780548164201376,22.194518357986233,22.194518357986233,0.0001864234062679916,2.793683898093503,0.00021661481860182924,9.818540648852347e-05,0.0005957848877529297,5.0322539765791955e-05,188.24073761048203,5.716247880429664,0.03017952124818757,0.09236224807369398,0.1459989447547685,7041,b06e0cf6f59266645a103eddde23ae68bbbe27aae676afef4e742da0a0fd52ef,three_row_sha256,2489c5a32e34325d1a3c17a7c4064fd05b8f9bbff79f4575b2e3477bf3b5ff8b,944f93c6fa033d604d9e90219484c40564bfebf4e3306a041f5ec522a76c0b9b,0f2cf9a67445117338a1c28f1312c232b1cbb8285fc218b4057ed38b092a75be,0.21273503080010414,0.21963496692478657,0.2177779097110033,0.529636861756444,0.1263150479644537,0.6918751168996096,0.1606170553714037,2.158591989427805,0.0,0.0,8.631436852738261,240.16163195483387,1053.0891907401383,51500,51500,,2.793683898093503,,False,False,ok
BNCI2014_001,resampled_spectral_normalized_power_s1,resampled,spectral,normalized_power,1,1788,104,500,500,1.0,22,253,0.0003339501546239372,0.018274303122798888,5.438009485700742,0.7765916414068076,22.340835859319245,22.340835859319245,0.00019247554086391044,2.793683898093503,0.00021757257086404535,0.0001004349475383611,0.0006949084659128071,5.677170253496663e-05,188.240737610482,5.716247880429664,0.03017952124818757,0.09236224807369398,0.1459989447547685,7144,6b6bd4f0d96d89a557cb34cd72bb3c74fed6d94de0aca7aa58cff036949aabbe,three_row_sha256,0df4857a1060b01f2a192e3935e7485f72a22b3f2f0a89b021fca621fc1121c3,944f93c6fa033d604d9e90219484c40564bfebf4e3306a041f5ec522a76c0b9b,0f2cf9a67445117338a1c28f1312c232b1cbb8285fc218b4057ed38b092a75be,0.2260119654238224,0.22143102250993252,0.2282019704580307,0.5591840017586946,0.13199797831475735,0.5501529667526484,0.16739312559366226,2.0843730308115482,0.0,0.0,11.247257003560662,242.2460049856454,1064.336447743699,52000,52000,,2.793683898093503,,False,False,ok
BNCI2014_001,resampled_spectral_normalized_power_s1,resampled,spectral,normalized_power,1,1788,105,500,500,1.0,22,253,0.0003122168271293377,0.017669658376135565,5.413890571753225,0.7731472658460985,22.685273415390153,22.685273415390153,0.00018456274619631604,2.793683898093503,0.00020577109940051713,9.246178168554186e-05,0.0006262766198047078,4.6875271578125115e-05,188.240737610482,5.716247880429665,0.03017952124818757,0.09236224807369398,0.1459989447547685,7248,1ba77f4057f414739ec772121e0a08d9b4c6fa19b8662acbd343d5dccfce188c,three_row_sha256,a4e8ff6f9173a9839b686bf03a83b0ce668bf8b882e5eef2929867c815a1d9c9,944f93c6fa033d604d9e90219484c40564bfebf4e3306a041f5ec522a76c0b9b,0f2cf9a67445117338a1c28f1312c232b1cbb8285fc218b4057ed38b092a75be,0.2691168338060379,0.22869999520480633,0.24364306591451168,0.6045040208846331,0.13956683687865734,0.576321966946125,0.1916110049933195,2.253463724628091,0.0,0.0,9.187357034534216,244.4994687102735,1073.5238047782332,52500,52500,,2.793683898093503,,False,False,ok
BNCI2014_001,resampled_spectral_normalized_power_s1,resampled,spectral,normalized_power,1,1788,106,500,500,1.0,22,253,0.0003329777904671213,0.018247679043295377,5.423610641652366,0.7745353702724354,22.54646297275647,22.54646297275647,0.0001934525561167517,2.793683898093503,0.00021257965745686603,0.00010275102647193583,0.0007206800975323941,4.5031904459612155e-05,188.24073761048206,5.716247880429664,0.03017952124818757,0.09236224807369398,0.1459989447547685,7353,5ec9a44cefe3be921c41d40e31e21aa2caa4a12214411ff824ad70f624b8dae4,three_row_sha256,619f030efb8d1ba4545d26a5df7515c2442797a0bbb433d5682b41545c019cf6,944f93c6fa033d604d9e90219484c40564bfebf4e3306a041f5ec522a76c0b9b,0f2cf9a67445117338a1c28f1312c232b1cbb8285fc218b4057ed38b092a75be,0.22611813619732857,0.22403988987207413,0.22621406242251396,0.560621963813901,0.14301296323537827,0.872038071975112,0.17071585170924664,2.4227609392255545,0.0,0.0,9.46198683232069,246.92222964949906,1082.9857916105539,53000,53000,,2.793683898093503,,False,False,ok
BNCI2014_001,resampled_spectral_normalized_power_s1,resampled,spectral,normalized_power,1,1788,107,500,500,1.0,22,253,0.00031812366299723157,0.017836021501367157,5.426590578279544,0.7749609292720424,22.50390707279576,22.50390707279576,0.00018600491542882373,2.793683898093503,0.00021155889259458563,9.299035133179082e-05,0.0006534310696102867,6.426671582827473e-05,188.24073761048203,5.716247880429664,0.03017952124818757,0.09236224807369398,0.1459989447547685,7459,6eebc9c8b7f5b2dfbcffafcdb2503b6c811f18cecb623301d8734052a1488f26,three_row_sha256,093c2eb5fd8ec29886195c19134b77d9541d5ff11a89dca2b9367afc12f79e56,944f93c6fa033d604d9e90219484c40564bfebf4e3306a041f5ec522a76c0b9b,0f2cf9a67445117338a1c28f1312c232b1cbb8285fc218b4057ed38b092a75be,0.21473714150488377,0.22106594406068325,0.222441041842103,0.5459990352392197,0.1443650107830763,0.8167959749698639,0.1657430548220873,2.331147203221917,0.0,0.0,8.496863069012761,249.25337685272098,1091.4826546795666,53500,53500,,2.793683898093503,,False,False,ok
BNCI2014_001,resampled_spectral_normalized_power_s1,resampled,spectral,normalized_power,1,1788,108,500,500,1.0,22,253,0.00033069902031926835,0.01818513184772847,5.408849859131732,0.7724274114032406,22.757258859675943,22.757258859675943,0.00018823050913885245,2.7936838980935033,0.00021344080029857225,0.00010350748297693287,0.0005965366129292023,5.071967415363945e-05,188.24073761048203,5.716247880429665,0.03017952124818757,0.09236224807369398,0.1459989447547685,7566,335ed526497ffa7703ff2ab1c2872e4debd6107654635a6fab14c5bee5f941a4,three_row_sha256,1377bfb206b064ec9ad309b9881625194c49d289637fe4ad647e7a7c39251651,944f93c6fa033d604d9e90219484c40564bfebf4e3306a041f5ec522a76c0b9b,0f2cf9a67445117338a1c28f1312c232b1cbb8285fc218b4057ed38b092a75be,0.20567886531352997,0.220476184040308,0.21983683109283447,0.5303111393004656,0.13933400623500347,0.8053260389715433,0.16161706298589706,2.282580127939582,0.0,0.0,9.394708089530468,251.53595698066056,1100.877362769097,54000,54000,,2.793683898093503,,False,False,ok
BNCI2014_001,resampled_spectral_normalized_power_s1,resampled,spectral,normalized_power,1,1788,109,500,500,1.0,22,253,0.00032574516549054044,0.01804841171656222,5.403588814774508,0.7716760918103576,22.83239081896424,22.83239081896424,0.00018998421640162376,2.793683898093503,0.00021417098341360954,9.604073550681608e-05,0.0006749011582483644,5.5382385185967994e-05,188.240737610482,5.716247880429664,0.03017952124818757,0.09236224807369398,0.1459989447547685,7674,09ef256621d24bd89d27c3b15a4b0fe845ac1a6414e03892fa6a0aefc62b3fe4,three_row_sha256,99bc6c003f9753db3ec6854cb0e3b7e167e8241b808f43c1653423f25d6e3b82,944f93c6fa033d604d9e90219484c40564bfebf4e3306a041f5ec522a76c0b9b,0f2cf9a67445117338a1c28f1312c232b1cbb8285fc218b4057ed38b092a75be,0.22053997963666916,0.22168690338730812,0.22423500195145607,0.5491378251463175,0.13775890693068504,0.5478549282997847,0.16414117999374866,2.065354725345969,0.0,0.0,9.15757310576737,253.60131170600653,1110.0349358748645,54500,54500,,2.793683898093503,,False,False,ok
BNCI2014_001,resampled_spectral_normalized_power_s1,resampled,spectral,normalized_power,1,1788,110,500,500,1.0,22,253,0.00031442639051486364,0.017732072369434533,5.403599319468726,0.7716775919654688,22.832240803453114,22.832240803453114,0.00018476784457123322,2.793683898093503,0.0002096515574280847,9.10499944989124e-05,0.0006573137328692604,4.993518266576534e-05,188.24073761048203,5.716247880429665,0.03017952124818757,0.09236224807369398,0.1459989447547685,7783,efb5584c503929662fa794d146b0aba513874c611617ca1eaff2ea27dc0881d8,three_row_sha256,4cf7da4eff950300325bd66ba4975182ded5b84192749e8f185ce2fff16be172,944f93c6fa033d604d9e90219484c40564bfebf4e3306a041f5ec522a76c0b9b,0f2cf9a67445117338a1c28f1312c232b1cbb8285fc218b4057ed38b092a75be,0.2883390989154577,0.2301849890500307,0.2448481973260641,0.8816779591143131,0.1798449084162712,1.525052823126316,0.21565589122474194,3.565603867173195,0.0,0.0,9.25900787115097,257.1669155731797,1119.2939437460154,55000,55000,,2.793683898093503,,False,False,ok
BNCI2014_001,resampled_spectral_normalized_power_s1,resampled,spectral,normalized_power,1,1788,111,500,500,1.0,22,253,0.0003163690151803003,0.017786765169088514,5.423013515885995,0.7744500958939607,22.554990410603928,22.554990410603928,0.00018453297053435682,2.793683898093503,0.0002116943927696927,9.068789145248942e-05,0.0006114684727659817,5.601958302061409e-05,188.240737610482,5.716247880429664,0.03017952124818757,0.09236224807369398,0.1459989447547685,7893,a26e08e4df4bb2bc5e66f54bc478ebf96d5233f684bc5d6be943e332efaf850d,three_row_sha256,f76a2d1456cb0675190194988d9d475e00fe2601e94a03bfd42ce56ac83ccda7,944f93c6fa033d604d9e90219484c40564bfebf4e3306a041f5ec522a76c0b9b,0f2cf9a67445117338a1c28f1312c232b1cbb8285fc218b4057ed38b092a75be,0.22628391161561012,0.2231001853942871,0.22409716621041298,0.5633418913930655,0.13313000090420246,0.6157432217150927,0.1644650474190712,2.150161424651742,0.0,0.0,8.819769835099578,259.31707699783146,1128.113713581115,55500,55500,,2.793683898093503,,False,False,ok
BNCI2014_001,resampled_spectral_normalized_power_s1,resampled,spectral,normalized_power,1,1788,112,500,500,1.0,22,253,0.0003320908195715707,0.018223359173642237,5.415802215328637,0.7734202639763735,22.65797360236265,22.65797360236265,0.00019650454537044592,2.793683898093503,0.0002172992493184635,9.638856788806384e-05,0.0009155163592591001,5.120103103643143e-05,188.24073761048203,5.716247880429664,0.03017952124818757,0.09236224807369398,0.1459989447547685,8004,5e2aa045eb2c57485fcd6f6a33e674959354ec8d090f0441e2fadffa420c6a04,three_row_sha256,7787e265d4eade4312506f8bdc9ff11b98a5d06905dbd049f7d93f3e9b793d09,944f93c6fa033d604d9e90219484c40564bfebf4e3306a041f5ec522a76c0b9b,0f2cf9a67445117338a1c28f1312c232b1cbb8285fc218b4057ed38b092a75be,0.20946492440998554,0.2207229845225811,0.22155093029141426,0.536944018676877,0.12885895557701588,0.5537020042538643,0.15908200293779373,2.030325820669532,0.0,0.0,9.077074937522411,261.347402818501,1137.1907885186374,56000,56000,,2.793683898093503,,False,False,ok
BNCI2014_001,resampled_spectral_normalized_power_s1,resampled,spectral,normalized_power,1,1788,113,500,500,1.0,22,253,0.00033185349211787624,0.01821684638234281,5.411186658416541,0.7727611251999891,22.72388748000109,22.72388748000109,0.00018736257786625636,2.793683898093503,0.00021792778723381584,0.0001017396396654974,0.0005902102086003519,4.997070264324299e-05,188.24073761048203,5.716247880429664,0.03017952124818757,0.09236224807369398,0.1459989447547685,8116,25815d159b2828d4139b079dbbe6695e49116720ae79e452286951e2034ab614,three_row_sha256,d039fb0e2b420d03c5bdfb16e521c8f338d63c7623f82bb03f8aee0fab606d10,944f93c6fa033d604d9e90219484c40564bfebf4e3306a041f5ec522a76c0b9b,0f2cf9a67445117338a1c28f1312c232b1cbb8285fc218b4057ed38b092a75be,0.21518184803426266,0.22152811288833618,0.21999608725309372,0.5436257924884558,0.13295980170369148,0.5452360492199659,0.16074092127382755,2.0392686128616333,0.0,0.0,8.654502918943763,263.38667143136263,1145.8452914375812,56500,56500,,2.793683898093503,,False,False,ok
BNCI2014_001,resampled_spectral_normalized_power_s1,resampled,spectral,normalized_power,1,1788,114,500,500,1.0,22,253,0.0003351148661206,0.01830614285207564,5.3901559436942135,0.7697577694116043,23.02422305883956,23.02422305883956,0.000191579269232429,2.7936838980935033,0.00021882350045513115,0.00010131858799035,0.0006934451420318264,4.740529643520437e-05,188.24073761048203,5.716247880429664,0.03017952124818757,0.09236224807369398,0.1459989447547685,8229,d941aca12a653ab413308c3361ef33e268ce02564f4824d063940f44c808af35,three_row_sha256,7234051a0cd9f45b10b4add1b602ffaed252d24cb034ffa1de6f2a274eb8b7fc,944f93c6fa033d604d9e90219484c40564bfebf4e3306a041f5ec522a76c0b9b,0f2cf9a67445117338a1c28f1312c232b1cbb8285fc218b4057ed38b092a75be,0.21546799689531326,0.22104219533503056,0.2222508192062378,0.5368071142584085,0.137801980599761,0.554241007193923,0.16283593140542507,2.0504470448940992,0.0,0.0,8.824574062600732,265.4371184762567,1154.669865500182,57000,57000,,2.793683898093503,,False,False,ok
BNCI2014_001,resampled_spectral_normalized_power_s1,resampled,spectral,normalized_power,1,1788,115,500,500,1.0,22,253,0.00032394080982080215,0.01799835575325708,5.40353681795716,0.7716686662452057,22.83313337547943,22.83313337547943,0.00018935420729968732,2.793683898093503,0.0002123083594606718,9.656443736387386e-05,0.0006629690173428355,5.3823345888278945e-05,188.240737610482,5.716247880429664,0.03017952124818757,0.09236224807369398,0.1459989447547685,8343,b92d1672793f8d76ce8e519c70b3f831f9f06755ea0b89d041534f4d26c0bc4c,three_row_sha256,afcc31463c511362a188570ac56863e2afd49c5b8dd33eef5b00fe8631d255fd,944f93c6fa033d604d9e90219484c40564bfebf4e3306a041f5ec522a76c0b9b,0f2cf9a67445117338a1c28f1312c232b1cbb8285fc218b4057ed38b092a75be,0.20905793644487858,0.22119213826954365,0.2219090238213539,0.5361130461096764,0.13368017971515656,0.5491049960255623,0.15870202332735062,2.029759343713522,0.0,0.0,8.902613073587418,267.46687781997025,1163.5724785737693,57500,57500,,2.793683898093503,,False,False,ok
BNCI2014_001,resampled_spectral_normalized_power_s1,resampled,spectral,normalized_power,1,1788,116,500,500,1.0,22,253,0.00031569563774131153,0.01776782591487522,5.403704572051233,0.7716926228836801,22.83073771163199,22.83073771163199,0.00018671324434471262,2.793683898093503,0.00020918074837812667,9.19262908131541e-05,0.0007172084730917147,6.352655284479952e-05,188.24073761048203,5.716247880429664,0.03017952124818757,0.09236224807369398,0.1459989447547685,8458,4a32a0a9d3b046c9eb54cf07ea491e11a2fe7163253f96c7dd9b6ffb6c3bfd47,three_row_sha256,18ed285508f92d6136b7ca0c350167abb7676d8c9eeb293771ca362df93b63e0,944f93c6fa033d604d9e90219484c40564bfebf4e3306a041f5ec522a76c0b9b,0f2cf9a67445117338a1c28f1312c232b1cbb8285fc218b4057ed38b092a75be,0.2652960829436779,0.2521779388189316,0.2294329460710287,0.6800799164921045,0.15189219266176224,0.6602539215236902,0.19753188826143742,2.4366648867726326,0.0,0.0,8.917819010093808,269.9035427067429,1172.4902975838631,58000,58000,,2.793683898093503,,False,False,ok
BNCI2014_001,resampled_spectral_normalized_power_s1,resampled,spectral,normalized_power,1,1788,117,500,500,1.0,22,253,0.00032565986332868123,0.018046048413120287,5.419744960806292,0.7739833198500701,22.601668014992995,22.601668014992995,0.00018882939116207173,2.793683898093503,0.00021432685919479133,9.737509903415549e-05,0.0007170141311166077,5.75722915660775e-05,188.240737610482,5.716247880429664,0.03017952124818757,0.09236224807369398,0.1459989447547685,8574,912f0028f5544bdebe2ac3191a60b9272f7873c1aa197c6a32849c5c3584c64c,three_row_sha256,d7030c45deae37d3be8a9ebd993e0e357b15abe3e7cf69397597a401bae00964,944f93c6fa033d604d9e90219484c40564bfebf4e3306a041f5ec522a76c0b9b,0f2cf9a67445117338a1c28f1312c232b1cbb8285fc218b4057ed38b092a75be,0.22071204148232937,0.22236397489905357,0.22289017215371132,0.5658960435539484,0.13343500904738903,0.5822631064802408,0.17367606051266193,2.1212364081293344,0.0,0.0,8.955833967775106,272.0247791148722,1181.4461315516382,58500,58500,,2.793683898093503,,False,False,ok
BNCI2014_001,resampled_spectral_normalized_power_s1,resampled,spectral,normalized_power,1,1788,118,500,500,1.0,22,253,0.00032099331963656553,0.017916286435435372,5.39847825518189,0.7709462626563307,22.905373734366922,22.905373734366922,0.00018791379933041731,2.7936838980935024,0.0002116546048807274,9.669773671999093e-05,0.0007549409755603674,5.055699857273786e-05,188.24073761048203,5.716247880429664,0.03017952124818757,0.09236224807369398,0.1459989447547685,8691,67fe19379f4e5b9e7726f26dcc537a22f59c1427d746651c01b7f4d24c8ef067,three_row_sha256,2a19f24ac65d45e48ca12d30c6a2057fed46853d542923daa4d14eee1764dadd,944f93c6fa033d604d9e90219484c40564bfebf4e3306a041f5ec522a76c0b9b,0f2cf9a67445117338a1c28f1312c232b1cbb8285fc218b4057ed38b092a75be,0.22770301438868046,0.22081215865910053,0.22022798657417297,0.5430548917502165,0.1308550126850605,0.584959052503109,0.15987991355359554,2.0874920301139355,0.0,0.0,9.095326997339725,274.11227114498615,1190.541458548978,59000,59000,,2.793683898093503,,False,False,ok
BNCI2014_001,resampled_spectral_normalized_power_s1,resampled,spectral,normalized_power,1,1788,119,500,500,1.0,22,253,0.00031450192686955286,0.01773420217741844,5.385595286223081,0.7691064707184495,23.089352928155055,23.089352928155055,0.000185560232689456,2.793683898093503,0.0002084760531200332,9.167802247080232e-05,0.0006496573696150185,4.67518814450178e-05,188.240737610482,5.716247880429664,0.03017952124818757,0.09236224807369398,0.1459989447547685,8809,3a92f33dff71243995b6d8879a059e4115760e50cd586dbbdec9bfc8870a25f3,three_row_sha256,721ced0a6397c4fee831f63b56d699782ea3721397de5c853cd74c4d628a5e6f,944f93c6fa033d604d9e90219484c40564bfebf4e3306a041f5ec522a76c0b9b,0f2cf9a67445117338a1c28f1312c232b1cbb8285fc218b4057ed38b092a75be,0.22284197621047497,0.22374093532562256,0.2274580765515566,0.6321689579635859,0.22354512475430965,0.7031380664557219,0.1955449115484953,2.4284380488097668,0.0,0.0,8.888347074389458,276.5407091937959,1199.4298056233674,59500,59500,,2.793683898093503,,False,False,ok
BNCI2014_001,resampled_spectral_normalized_power_s1,resampled,spectral,normalized_power,1,1788,120,500,500,1.0,22,253,0.00031570574142015856,0.017768110237730925,5.389951591405529,0.7697285862555779,23.027141374442213,23.027141374442213,0.00018732757024878427,2.793683898093503,0.00020749296518633514,9.331330574646019e-05,0.0007081954900613666,5.8072647163496216e-05,188.24073761048203,5.716247880429664,0.03017952124818757,0.09236224807369398,0.1459989447547685,8928,db2c0b78de457eabd05c702a0f330f1c7ec28d58124d99cbce2894e61bf62d82,three_row_sha256,fe8a8a1dcff99615af1f4c3c0a309fea9d714c7324bfd38c835d86bc9a5a8647,944f93c6fa033d604d9e90219484c40564bfebf4e3306a041f5ec522a76c0b9b,0f2cf9a67445117338a1c28f1312c232b1cbb8285fc218b4057ed38b092a75be,0.24474295787513256,0.22308691404759884,0.22844597697257996,0.5903788842260838,0.13522710651159286,0.7239589467644691,0.17673103138804436,2.3225718177855015,0.0,0.0,9.084800956770778,278.8632810115814,1208.5146065801382,60000,60000,,2.793683898093503,,False,False,ok
BNCI2014_001,resampled_spectral_normalized_power_s1,resampled,spectral,normalized_power,1,1788,121,500,500,1.0,22,253,0.0003066666707467151,0.017511900831911856,5.389046923561102,0.7695993923863728,23.040060761362717,23.040060761362717,0.00018202754422194385,2.793683898093503,0.00020584873055768996,8.987348143592949e-05,0.0006589932938382109,4.698844590926342e-05,188.240737610482,5.716247880429664,0.03017952124818757,0.09236224807369398,0.1459989447547685,9048,99712a3439b78b5944b4e0b3f20c8def05075db6544565bac2afd0c5c7f522b2,three_row_sha256,3af2ff2cf77672b43fc56f26acde146e9056de111ec40235340e4c4fa0954c0f,944f93c6fa033d604d9e90219484c40564bfebf4e3306a041f5ec522a76c0b9b,0f2cf9a67445117338a1c28f1312c232b1cbb8285fc218b4057ed38b092a75be,0.2344569656997919,0.2241521142423153,0.22779987193644047,0.582982087507844,0.13545015826821327,0.5989968776702881,0.1802861224859953,2.1841241978108883,0.0,0.0,10.463363956660032,281.0474052093923,1218.9779705367982,60500,60500,,2.793683898093503,,False,False,ok
BNCI2014_001,resampled_spectral_normalized_power_s1,resampled,spectral,normalized_power,1,1788,122,500,500,1.0,22,253,0.00031165736394812653,0.017653820095042506,5.384138621145984,0.768898447189587,23.110155281041298,23.110155281041298,0.0001834130890609313,2.793683898093503,0.00020600384193430313,9.309138383717407e-05,0.0005909214987958463,4.815922461887173e-05,188.24073761048203,5.716247880429664,0.03017952124818757,0.09236224807369398,0.1459989447547685,9169,936eb60f359670d72e650e6a264bc91c256337be6673f86c8ad71e0c4776173a,three_row_sha256,06bd5ecedab3cfe6702fecabcf157345d050a6ddbeb9052a146156cb554e457c,944f93c6fa033d604d9e90219484c40564bfebf4e3306a041f5ec522a76c0b9b,0f2cf9a67445117338a1c28f1312c232b1cbb8285fc218b4057ed38b092a75be,0.273014884442091,0.22622104734182358,0.24352106265723705,0.698423944413662,0.15449593774974346,0.8081689011305571,0.1765808556228876,2.5804266333580017,0.0,0.0,9.02376207523048,283.6278318427503,1228.0017326120287,61000,61000,,2.793683898093503,,False,False,ok
BNCI2014_001,resampled_spectral_normalized_power_s1,resampled,spectral,normalized_power,1,1788,123,500,500,1.0,22,253,0.0003289496634078375,0.018136969521059396,5.382933189830079,0.768726301869377,23.12736981306231,23.12736981306231,0.00019128718788466922,2.793683898093503,0.0002158870583017854,9.749340302324941e-05,0.000720451316937476,4.576641841843593e-05,188.24073761048203,5.716247880429664,0.03017952124818757,0.09236224807369398,0.1459989447547685,9291,560a8a361e229d0af0dd5787f4b298cb5af2a5a4a2b09b3bd6f88bce6d9c3179,three_row_sha256,d16b49cef1e5b954050f5fc69016f4e34b85f36dcb8a693f68c8ba4702105dd7,944f93c6fa033d604d9e90219484c40564bfebf4e3306a041f5ec522a76c0b9b,0f2cf9a67445117338a1c28f1312c232b1cbb8285fc218b4057ed38b092a75be,0.21612993441522121,0.22041704505681992,0.21942402236163616,0.5620880983769894,0.15863985754549503,0.5774088203907013,0.17011119052767754,2.1242189686745405,0.0,0.0,8.990003960207105,285.75205081142485,1236.9917365722358,61500,61500,,2.793683898093503,,False,False,ok
BNCI2014_001,resampled_spectral_normalized_power_s1,resampled,spectral,normalized_power,1,1788,124,500,500,1.0,22,253,0.00031482548249745965,0.017743322194489385,5.377937108152429,0.7680128210854889,23.198717891451114,23.198717891451114,0.00018657234623965457,2.793683898093503,0.00020985612119660675,9.016742713239707e-05,0.0006868383152319209,5.60717878421218e-05,188.24073761048203,5.716247880429664,0.03017952124818757,0.09236224807369398,0.1459989447547685,9414,c0ba0b201bdbd8df605193d38c107b95a127da3dab5d16dd08d8d570bddfae43,three_row_sha256,90c6862b3a9ef8fb6980143bf843a9a837135c09a04145255700cbfbce62d58f,944f93c6fa033d604d9e90219484c40564bfebf4e3306a041f5ec522a76c0b9b,0f2cf9a67445117338a1c28f1312c232b1cbb8285fc218b4057ed38b092a75be,0.2165590412914753,0.22019818425178528,0.22272812202572823,0.5446260329335928,0.13101892545819283,0.752761960029602,0.16020983457565308,2.2481021005660295,0.0,0.0,9.99833201058209,288.0001529119909,1246.990068582818,62000,62000,,2.793683898093503,,False,False,ok
BNCI2014_001,resampled_spectral_normalized_power_s1,resampled,spectral,normalized_power,1,1788,125,500,500,1.0,22,253,0.0003135308755410441,0.017706803086414105,5.384918798276922,0.7690098627802174,23.099013721978256,23.099013721978256,0.00018417226841933399,2.7936838980935024,0.00021092607143785962,8.980661101160322e-05,0.0006262318575543773,4.532125148399786e-05,188.240737610482,5.716247880429664,0.03017952124818757,0.09236224807369398,0.1459989447547685,9538,b8852fb539f2993a19d815d2b004f4155ce987cdb40288a936af2855e382a007,three_row_sha256,4d5c7e0679251d902f4d341683934e13cf384384888202d534c3aa01352bf8ef,944f93c6fa033d604d9e90219484c40564bfebf4e3306a041f5ec522a76c0b9b,0f2cf9a67445117338a1c28f1312c232b1cbb8285fc218b4057ed38b092a75be,0.24884799495339394,0.22624805569648743,0.23721694014966488,0.5902659613639116,0.14226697385311127,0.626767985522747,0.18761702813208103,2.259230939671397,0.0,0.0,8.842526003718376,290.2593838516623,1255.8325945865363,62500,62500,,2.793683898093503,,False,False,ok
BNCI2014_001,resampled_spectral_normalized_power_s1,resampled,spectral,normalized_power,1,1788,126,500,500,1.0,22,253,0.000324686233933499,0.018019051970997225,5.386471167300778,0.769231553605045,23.076844639495494,23.076844639495494,0.00018814434601036007,2.793683898093503,0.00021235847427169025,9.727075560550294e-05,0.0006988518380711338,5.385760248816111e-05,188.240737610482,5.716247880429664,0.03017952124818757,0.09236224807369398,0.1459989447547685,9663,e70f80b215ffd2b69d006021c1d708bb5f978632fa174a357f0c6acc682ec51e,three_row_sha256,8af2ce0fe73755621045343bbba835cfc5023cddbba2706d6e5824172db2d2d8,944f93c6fa033d604d9e90219484c40564bfebf4e3306a041f5ec522a76c0b9b,0f2cf9a67445117338a1c28f1312c232b1cbb8285fc218b4057ed38b092a75be,0.21712901070713997,0.22157607600092888,0.2256748266518116,0.5589209031313658,0.13275095261633396,0.7244059816002846,0.16036280430853367,2.2408205550163984,0.0,0.0,10.155898053199053,292.5002044066787,1265.9884926397353,63000,63000,,2.793683898093503,,False,False,ok
BNCI2014_001,resampled_spectral_normalized_power_s1,resampled,spectral,normalized_power,1,1788,127,500,500,1.0,22,253,0.0003200136010932549,0.017888923978072433,5.3839991370213705,0.7688785277309012,23.112147226909883,23.112147226909883,0.0001861507102177977,2.7936838980935033,0.0002088044062246928,9.626992515380955e-05,0.0006633570698830578,4.851450204741264e-05,188.240737610482,5.716247880429665,0.03017952124818757,0.09236224807369398,0.1459989447547685,9789,c3c8cc82e6118df5f2d6a300cd7de0b2fe0cf234974c962dfccc8b4c6af116fa,three_row_sha256,00ba3c7f937846b4151f1cc8b18199193ac0ada14341cdd3f1dd173ed65dfeb6,944f93c6fa033d604d9e90219484c40564bfebf4e3306a041f5ec522a76c0b9b,0f2cf9a67445117338a1c28f1312c232b1cbb8285fc218b4057ed38b092a75be,0.27675414457917213,0.22750301286578178,0.24776090867817402,0.6817439571022987,0.1516970805823803,0.6194019224494696,0.2027330920100212,2.4075941182672977,0.0,0.0,9.512817021459341,294.907798524946,1275.5013096611947,63500,63500,,2.793683898093503,,False,False,ok
BNCI2014_001,resampled_spectral_normalized_power_s1,resampled,spectral,normalized_power,1,1788,128,500,500,1.0,22,253,0.0003101983470611739,0.017612448638993212,5.376633855076726,0.7678267060285199,23.217329397148013,23.217329397148013,0.0001824207207297978,2.7936838980935024,0.0002076428530623678,9.004995302664857e-05,0.0005882415311418056,5.105153792301073e-05,188.240737610482,5.716247880429664,0.03017952124818757,0.09236224807369398,0.1459989447547685,9916,33a10714d7c51134425aa33d382563f987dc1781315994c84ef12eb47cb98175,three_row_sha256,0525de703617d3a6a59f55c712b20f5c964f53cd517bd241cf2d6f6a7b2a6b72,944f93c6fa033d604d9e90219484c40564bfebf4e3306a041f5ec522a76c0b9b,0f2cf9a67445117338a1c28f1312c232b1cbb8285fc218b4057ed38b092a75be,0.22914796136319637,0.22297189570963383,0.22235792130231857,0.5834389012306929,0.1335178967565298,0.5903651472181082,0.16686017625033855,2.148659899830818,0.0,0.0,8.774299174547195,297.0564584247768,1284.2756088357419,64000,64000,,2.793683898093503,,False,False,ok
BNCI2014_001,resampled_spectral_normalized_power_s1,resampled,spectral,normalized_power,1,1788,129,500,500,1.0,22,253,0.00032339858676060985,0.017983286317039215,5.385156469103029,0.7690438040922813,23.09561959077186,23.09561959077186,0.00018943436133436305,2.793683898093503,0.00021394066297381376,9.449788850034369e-05,0.0006771219361920008,5.8097247562371e-05,188.24073761048203,5.716247880429664,0.03017952124818757,0.09236224807369398,0.1459989447547685,10044,fabed8d5b07dbcf67d9f5475dcebebda385630995099452f3065a72a406f95b3,three_row_sha256,1e7b0346d9654119bf6b46005252cd7f6257619e6daa5fcb246e8a8f19beb4b9,944f93c6fa033d604d9e90219484c40564bfebf4e3306a041f5ec522a76c0b9b,0f2cf9a67445117338a1c28f1312c232b1cbb8285fc218b4057ed38b092a75be,0.2231420949101448,0.2212580293416977,0.21959585137665272,0.547036062926054,0.13019493781030178,0.6710479501634836,0.15919492579996586,2.1714698523283005,0.0,0.0,8.542781928554177,299.2279282771051,1292.818390764296,64500,64500,,2.793683898093503,,False,False,ok
BNCI2014_001,resampled_spectral_normalized_power_s1,resampled,spectral,normalized_power,1,1788,130,500,500,1.0,22,253,0.00032191264766934707,0.01794192430229676,5.369496109801611,0.7668073783988567,23.319262160114327,23.319262160114327,0.00018965784140099166,2.793683898093503,0.00021311329002256547,9.357563012628387e-05,0.0006420461458164794,6.0511843409037214e-05,188.240737610482,5.716247880429664,0.03017952124818757,0.09236224807369398,0.1459989447547685,10173,2905be1e395bdfb2138d5e4422f21a99ae2784ab6bbed11d8cfcaa024908fa8e,three_row_sha256,e4c9ea8cd7e46c6740d6826ba9945c576d89ffc5bf4d41aa95412b914f1d978e,944f93c6fa033d604d9e90219484c40564bfebf4e3306a041f5ec522a76c0b9b,0f2cf9a67445117338a1c28f1312c232b1cbb8285fc218b4057ed38b092a75be,0.21367310546338558,0.21993787959218025,0.21870899945497513,0.5450670141726732,0.13177096843719482,0.5499380640685558,0.15907012857496738,2.0381661597639322,0.0,0.0,8.76625394448638,301.266094436869,1301.5846447087824,65000,65000,,2.793683898093503,,False,False,ok
BNCI2014_001,resampled_spectral_normalized_power_s1,resampled,spectral,normalized_power,1,1788,131,500,500,1.0,22,253,0.00031840785928641935,0.017843986642183392,5.386734732353181,0.7692691928216007,23.073080717839936,23.073080717839936,0.00018549823824772635,2.793683898093503,0.00021432035150686677,9.156362351955468e-05,0.0006477197290190385,5.014754835887116e-05,188.240737610482,5.716247880429664,0.03017952124818757,0.09236224807369398,0.1459989447547685,10303,3e817464fc573e524a50dc082e5b8c4fd98ee1f2273e5519ceafc04ee3a80d9b,three_row_sha256,2984f44fd9c0f3588e9b2ffab0e0003ac4001afc53f3fd45e7ced9580dd855a5,944f93c6fa033d604d9e90219484c40564bfebf4e3306a041f5ec522a76c0b9b,0f2cf9a67445117338a1c28f1312c232b1cbb8285fc218b4057ed38b092a75be,0.21771714091300964,0.22071902640163898,0.22049504332244396,0.5421091336756945,0.130761181935668,0.5458348896354437,0.16078096814453602,2.0384173840284348,0.0,0.0,8.825960103422403,303.30451182089746,1310.4106048122048,65500,65500,,2.793683898093503,,False,False,ok
BNCI2014_001,resampled_spectral_normalized_power_s1,resampled,spectral,normalized_power,1,1788,132,500,500,1.0,22,253,0.00030502668331737893,0.017465013121019377,5.384135283228398,0.7688979705080174,23.110202949198257,23.110202949198257,0.0001766953812487443,2.793683898093503,0.00020838956541263944,8.794772871159462e-05,0.0005287641831097095,4.4043444544844185e-05,188.24073761048203,5.716247880429664,0.03017952124818757,0.09236224807369398,0.1459989447547685,10434,5849b10c1570017877127d7ff48281e7ba9a4e9df2084f075fff82682af7f418,three_row_sha256,b909275be6f5de709f7cecb90799509aab37a5fdfe027fb1730ce857199fe927,944f93c6fa033d604d9e90219484c40564bfebf4e3306a041f5ec522a76c0b9b,0f2cf9a67445117338a1c28f1312c232b1cbb8285fc218b4057ed38b092a75be,0.21746614947915077,0.219718087464571,0.22076605819165707,0.5398588255047798,0.12981798499822617,0.5520049016922712,0.16189320012927055,2.0415252074599266,0.0,0.0,10.921675013378263,305.3460370283574,1321.332279825583,66000,66000,,2.793683898093503,,False,False,ok
BNCI2014_001,resampled_spectral_normalized_power_s1,resampled,spectral,normalized_power,1,1788,133,500,500,1.0,22,253,0.0003268670671885772,0.018079465345761117,5.39256820243399,0.7701022594275095,22.98977405724905,22.98977405724905,0.00018985221461099912,2.793683898093503,0.00021440688668337236,9.76234497939291e-05,0.0007403985597610188,4.494330301999452e-05,188.240737610482,5.716247880429664,0.03017952124818757,0.09236224807369398,0.1459989447547685,10566,1ac9b539217b31c6041ef35cb8e50c989b7d9b74c342d3da396059b9d15bc766,three_row_sha256,51944b13fcae7f148f6facc2afe8683d074b3da148409d944bc775e7aa238766,944f93c6fa033d604d9e90219484c40564bfebf4e3306a041f5ec522a76c0b9b,0f2cf9a67445117338a1c28f1312c232b1cbb8285fc218b4057ed38b092a75be,0.24246703833341599,0.2233348786830902,0.23358012549579144,0.570198055356741,0.1349740196019411,0.6401101127266884,0.17570587806403637,2.2203701082617044,0.0,0.0,8.836696855723858,307.5664071366191,1330.168976681307,66500,66500,,2.793683898093503,,False,False,ok
BNCI2014_001,resampled_spectral_normalized_power_s1,resampled,spectral,normalized_power,1,1788,134,500,500,1.0,22,253,0.00030979993160380325,0.017601134384005006,5.379447959820963,0.7682285828969152,23.177141710308476,23.177141710308476,0.00018271774197090309,2.793683898093503,0.0002089664917797744,8.81295721280345e-05,0.0005848811820335627,6.124612362855409e-05,188.24073761048203,5.716247880429664,0.03017952124818757,0.09236224807369398,0.1459989447547685,10699,b0065cccd9231998fb54791ba46bbeed3e1410a664816f20038994a5b453c94f,three_row_sha256,24507844a947d46a9e8137a3e2029227ecb5f5b29ba01d33901d25ef7e2799bf,944f93c6fa033d604d9e90219484c40564bfebf4e3306a041f5ec522a76c0b9b,0f2cf9a67445117338a1c28f1312c232b1cbb8285fc218b4057ed38b092a75be,0.21179486066102982,0.22203591652214527,0.22097397595643997,0.5420101806521416,0.13848883099853992,0.54961908608675,0.16072392463684082,2.0456467755138874,0.0,0.0,9.452877100557089,309.612053912133,1339.621853781864,67000,67000,,2.793683898093503,,False,False,ok
BNCI2014_001,resampled_spectral_normalized_power_s1,resampled,spectral,normalized_power,1,1788,135,500,500,1.0,22,253,0.00031004393856992087,0.017608064588986515,5.3677917224242595,0.7665639781263027,23.343602187369726,23.343602187369726,0.0001841173608861724,2.793683898093503,0.0002074880799720121,8.989668001278392e-05,0.0006304046319009201,6.0603557026417886e-05,188.24073761048203,5.716247880429664,0.03017952124818757,0.09236224807369398,0.1459989447547685,10833,f185875a657c3d75d308163db4f310bae23b5707921aec910fbf716c4c200e66,three_row_sha256,9b480da8d55d2b4c26ea3b7af24446506b6c4c8a4251c1601e651aa2846d9c04,944f93c6fa033d604d9e90219484c40564bfebf4e3306a041f5ec522a76c0b9b,0f2cf9a67445117338a1c28f1312c232b1cbb8285fc218b4057ed38b092a75be,0.21187495440244675,0.24057994596660137,0.22035697475075722,0.5556889809668064,0.13075722381472588,0.557237071916461,0.16401195898652077,2.0805071108043194,0.0,0.0,9.282707935199142,311.6925610229373,1348.9045617170632,67500,67500,,2.793683898093503,,False,False,ok
BNCI2014_001,resampled_spectral_normalized_power_s1,resampled,spectral,normalized_power,1,1788,136,500,500,1.0,22,253,0.000333207022845109,0.018253959100565254,5.379166615394576,0.7681884046422683,23.181159535773165,23.181159535773165,0.00020127403255992005,2.793683898093503,0.00020932349230758207,0.00010265502082701574,0.0010649105580458154,6.18004011530052e-05,188.240737610482,5.716247880429664,0.03017952124818757,0.09236224807369398,0.1459989447547685,10968,bdffdfbb0e2018a8876f8e9e1039457e43d5f4b14fd75a77520a1fa943f09e5f,three_row_sha256,6ed9652c6f5abd51f57aa7962aeaca63fb1ea80758458b7246a20930fb5658ca,944f93c6fa033d604d9e90219484c40564bfebf4e3306a041f5ec522a76c0b9b,0f2cf9a67445117338a1c28f1312c232b1cbb8285fc218b4057ed38b092a75be,0.21966989152133465,0.22040610201656818,0.22160587832331657,0.6573880091309547,0.16495701856911182,0.5509110633283854,0.1773349940776825,2.212272956967354,0.0,0.0,8.360184961929917,313.90483397990465,1357.264746678993,68000,68000,,2.793683898093503,,False,False,ok
BNCI2014_001,resampled_spectral_normalized_power_s1,resampled,spectral,normalized_power,1,1788,137,500,500,1.0,22,253,0.0003129624692089435,0.01769074529828926,5.369419470669701,0.7667964337123124,23.320356628768756,23.320356628768756,0.00018095835308083665,2.793683898093503,0.00021297521340094068,9.000245045288734e-05,0.0005685988858221776,5.577213956138542e-05,188.240737610482,5.716247880429664,0.03017952124818757,0.09236224807369398,0.1459989447547685,11104,1fc61a41279bdab8a3ba3bfda79770b01e4760c85c120414115e8117ac67fdc1,three_row_sha256,a91685e3fe843b8f8bac482941f377eae20659d40c17b39457efabe17f57d78c,944f93c6fa033d604d9e90219484c40564bfebf4e3306a041f5ec522a76c0b9b,0f2cf9a67445117338a1c28f1312c232b1cbb8285fc218b4057ed38b092a75be,0.208534998819232,0.22001401521265507,0.21960190497338772,0.5379228387027979,0.13275397941470146,0.5448248703032732,0.16861595213413239,2.0322685595601797,0.0,0.0,9.949181927368045,315.93710253946483,1367.2139286063612,68500,68500,,2.793683898093503,,False,False,ok
BNCI2014_001,resampled_spectral_normalized_power_s1,resampled,spectral,normalized_power,1,1788,138,500,500,1.0,22,253,0.00031233495446967636,0.01767300072058156,5.358595733302207,0.7652507166644695,23.47492833355304,23.47492833355304,0.00018231006452253744,2.793683898093503,0.0002077667617853974,9.183565942783846e-05,0.0005731697658961565,5.5740205622006785e-05,188.24073761048203,5.716247880429665,0.03017952124818757,0.09236224807369398,0.1459989447547685,11241,73572d84d1b4a46b5a975f935cf97160a1c28597cd9bcc0c1c40164b51d36fcc,three_row_sha256,6f803e0e03913fcd6a530bf364d703243ba3c3d57188328db46da609b1399560,944f93c6fa033d604d9e90219484c40564bfebf4e3306a041f5ec522a76c0b9b,0f2cf9a67445117338a1c28f1312c232b1cbb8285fc218b4057ed38b092a75be,0.25729695335030556,0.2274438738822937,0.23988797329366207,0.5910578183829784,0.15922682359814644,0.7410459220409393,0.22689090110361576,2.4428502656519413,0.0,0.0,10.327154072001576,318.3799528051168,1377.5410826783627,69000,69000,,2.793683898093503,,False,False,ok
BNCI2014_001,resampled_spectral_normalized_power_s1,resampled,spectral,normalized_power,1,1788,139,500,500,1.0,22,253,0.00033042047394826984,0.01817747160493642,5.363041375155812,0.765885590199221,23.41144098007791,23.41144098007791,0.00018702842316035777,2.793683898093503,0.00022118547559518386,9.719255668963121e-05,0.0005880372708584874,5.5463036722879905e-05,188.24073761048203,5.716247880429664,0.03017952124818757,0.09236224807369398,0.1459989447547685,11379,b570168dfe679c36edbfed4df72c71d8ea80c99b7ae24a0aee65bd6e660fec0e,three_row_sha256,6c877576bffa68a1bab9b111ff6f45a2caa04b78df59e1497174a6fbe9fd07d4,944f93c6fa033d604d9e90219484c40564bfebf4e3306a041f5ec522a76c0b9b,0f2cf9a67445117338a1c28f1312c232b1cbb8285fc218b4057ed38b092a75be,0.23109489120543003,0.22166012786328793,0.22612279281020164,0.5719540640711784,0.13267691247165203,0.642529921606183,0.16856007277965546,2.1945987828075886,0.0,0.0,8.773267967626452,320.57455158792436,1386.3143506459892,69500,69500,,2.793683898093503,,False,False,ok
BNCI2014_001,resampled_spectral_normalized_power_s1,resampled,spectral,normalized_power,1,1788,140,500,500,1.0,22,253,0.0003110206873362414,0.017635778614403203,5.366710343441007,0.7664095484803458,23.359045151965418,23.359045151965418,0.00018458372303185668,2.793683898093503,0.000206999494518675,9.06442975585068e-05,0.0006592561199296141,5.240569070067161e-05,188.240737610482,5.716247880429664,0.03017952124818757,0.09236224807369398,0.1459989447547685,11518,76f0cc99341bd330d375290942fd6285e34d681d4b60124f222cecd123e89d34,three_row_sha256,44c798b01b252c99fddd92cc0ea24a1ab225efc90dee8b2083d1b217e3de3c58,944f93c6fa033d604d9e90219484c40564bfebf4e3306a041f5ec522a76c0b9b,0f2cf9a67445117338a1c28f1312c232b1cbb8285fc218b4057ed38b092a75be,0.2153830137103796,0.22049900144338608,0.22204406559467316,0.54974015802145,0.13108993880450726,0.5720499902963638,0.1615709625184536,2.0723771303892136,0.0,0.0,9.591662092134356,322.6469287183136,1395.9060127381235,70000,70000,,2.793683898093503,,False,False,ok
BNCI2014_001,resampled_spectral_normalized_power_s1,resampled,spectral,normalized_power,1,1788,141,500,500,1.0,22,253,0.0003147602700255605,0.01774148443692242,5.343646413360669,0.7631158331299995,23.688416687000046,23.688416687000046,0.00018092486055061002,2.793683898093503,0.00021062349438551395,9.26338309865894e-05,0.0005391690310783046,4.908865365758974e-05,188.24073761048203,5.716247880429665,0.03017952124818757,0.09236224807369398,0.1459989447547685,11658,f2dfa74c967d4a8c09d8b974c8eeeb372dd7157e0676a0c14624ad80e0cfcd59,three_row_sha256,42023a665b91fe40c36857b7a4bdbee9ae6eea9dca316f83fa170c4f61831aa6,944f93c6fa033d604d9e90219484c40564bfebf4e3306a041f5ec522a76c0b9b,0f2cf9a67445117338a1c28f1312c232b1cbb8285fc218b4057ed38b092a75be,0.235856045037508,0.22413209080696106,0.23336289450526237,0.5736660677939653,0.13378402218222618,0.6001079455018044,0.1759999431669712,2.1769090089946985,0.0,0.0,8.921129861846566,324.8238377273083,1404.82714259997,70500,70500,,2.793683898093503,,False,False,ok
BNCI2014_001,resampled_spectral_normalized_power_s1,resampled,spectral,normalized_power,1,1788,142,500,500,1.0,22,253,0.00031334650367020563,0.017701596076913677,5.335578695292541,0.7619636978802524,23.803630211974756,23.803630211974756,0.0001880815833167721,2.793683898093503,0.00020187280679738424,9.480282223429038e-05,0.0007040982834664248,4.429856723893165e-05,188.24073761048203,5.716247880429664,0.03017952124818757,0.09236224807369398,0.1459989447547685,11799,48bdf7053611ad731f27213f4184e3ab94f4bf73aad2640adbc4e1a2d203a5f4,three_row_sha256,f9ea08e16c4382f06dc9aac546b8fdcbb8df1f156b20d0b3e5e79522f8d1a759,944f93c6fa033d604d9e90219484c40564bfebf4e3306a041f5ec522a76c0b9b,0f2cf9a67445117338a1c28f1312c232b1cbb8285fc218b4057ed38b092a75be,0.21575507707893848,0.22331182844936848,0.22324593737721443,0.5578959826380014,0.1442967914044857,0.579246086999774,0.1675488892942667,2.111300593242049,0.0,0.0,9.196542901918292,326.9351383205503,1414.0236855018884,71000,71000,,2.793683898093503,,False,False,ok
BNCI2014_001,resampled_spectral_normalized_power_s1,resampled,spectral,normalized_power,1,1788,143,500,500,1.0,22,253,0.00032066727596614963,0.017907185037468888,5.3492902967769105,0.7639218252301702,23.607817476982984,23.607817476982984,0.0001885674822352848,2.793683898093503,0.00020899208389301048,9.578414537702658e-05,0.0006906701404642833,5.69027137501841e-05,188.24073761048203,5.716247880429664,0.03017952124818757,0.09236224807369398,0.1459989447547685,11941,ad1d663aeb6f62a5fbdca0630f04827412d5e4054c1600267c241e3858c53d44,three_row_sha256,deae766dab40b299b7ca6c6dc10d7aeff2cc0822addeb7c21269a569e3cbd197,944f93c6fa033d604d9e90219484c40564bfebf4e3306a041f5ec522a76c0b9b,0f2cf9a67445117338a1c28f1312c232b1cbb8285fc218b4057ed38b092a75be,0.22403313778340816,0.22192602045834064,0.2246310468763113,0.5622990429401398,0.13059889897704124,0.6142349448055029,0.1657288521528244,2.1434519439935684,0.0,0.0,9.746026014909148,329.0785902645439,1423.7697115167975,71500,71500,,2.793683898093503,,False,False,ok
BNCI2014_001,resampled_spectral_normalized_power_s1,resampled,spectral,normalized_power,1,1788,144,500,500,1.0,22,253,0.0003172343685745847,0.01781107432398688,5.344914314590949,0.763296899658139,23.670310034186105,23.670310034186105,0.0001868159272354577,2.793683898093503,0.00020772935191684915,9.492277359114376e-05,0.0006827130738520054,4.024389671243356e-05,188.24073761048203,5.716247880429664,0.03017952124818757,0.09236224807369398,0.1459989447547685,12084,eda296470caf1e10f651f63728ad2633f0a170dcd09507eed4d2e323f4cf3366,three_row_sha256,93693b41d7fad0af65fb5266d1e98c880236900be90986192275f2bf678ee9ec,944f93c6fa033d604d9e90219484c40564bfebf4e3306a041f5ec522a76c0b9b,0f2cf9a67445117338a1c28f1312c232b1cbb8285fc218b4057ed38b092a75be,0.27168099768459797,0.226565171033144,0.24251011200249195,0.6691159214824438,0.1546749845147133,0.6685720290988684,0.20786584354937077,2.44098505936563,0.0,0.0,9.540345054119825,331.5195753239095,1433.3100565709174,72000,72000,,2.793683898093503,,False,False,ok
BNCI2014_001,resampled_spectral_normalized_power_s1,resampled,spectral,normalized_power,1,1788,145,500,500,1.0,22,253,0.0003028372219575584,0.017402218880291052,5.341884086718898,0.7628641586628941,23.713584133710583,23.713584133710583,0.00018011661566037898,2.7936838980935024,0.0002032552694387735,8.705456242644261e-05,0.0006177621856255217,6.0350785603955854e-05,188.240737610482,5.716247880429664,0.03017952124818757,0.09236224807369398,0.1459989447547685,12228,0277494b86ef4b3a856779524c45a72a2ba7e1601fb7d1dadf307f8b4ed7ccb5,three_row_sha256,c4940f1df29e1dd7bc1e4a178222a2bb676238d47e3b368e70bef8dd399dc413,944f93c6fa033d604d9e90219484c40564bfebf4e3306a041f5ec522a76c0b9b,0f2cf9a67445117338a1c28f1312c232b1cbb8285fc218b4057ed38b092a75be,0.2188100479543209,0.22178306244313717,0.22234092466533184,0.5592000670731068,0.13258191756904125,0.5858051590621471,0.17147604376077652,2.1119972225278616,0.0,0.0,8.546323981136084,333.6315725464374,1441.8563805520535,72500,72500,,2.793683898093503,,False,False,ok
BNCI2014_001,resampled_spectral_normalized_power_s1,resampled,spectral,normalized_power,1,1788,146,500,500,1.0,22,253,0.00031730428396706104,0.017813036910281778,5.3530305825076585,0.7644559682180796,23.554403178192043,23.554403178192043,0.00018593632402798916,2.793683898093503,0.00020853508784754514,9.436900376905831e-05,0.0006825657210957212,4.4062485922382585e-05,188.24073761048203,5.716247880429664,0.03017952124818757,0.09236224807369398,0.1459989447547685,12373,56b4eca86d240d1c1cea44e85555218d08cb981b2fcf5482c4ef5111945aaeac,three_row_sha256,1229df66539bd4bbfaafaedf929cbece1c005fb88e1f6a537c408bfc198fe4bd,944f93c6fa033d604d9e90219484c40564bfebf4e3306a041f5ec522a76c0b9b,0f2cf9a67445117338a1c28f1312c232b1cbb8285fc218b4057ed38b092a75be,0.20974804647266865,0.22182008251547813,0.2191290259361267,0.5336818285286427,0.1411191187798977,0.5719941109418869,0.15830015763640404,2.0557923708111048,0.0,0.0,8.912143995985389,335.6873649172485,1450.7685245480388,73000,73000,,2.793683898093503,,False,False,ok
BNCI2014_001,resampled_spectral_normalized_power_s1,resampled,spectral,normalized_power,1,1788,147,500,500,1.0,22,253,0.00031853884337009614,0.017847656523199234,5.341025112772473,0.7627414902510913,23.725850974890868,23.725850974890868,0.00018800646753569755,2.793683898093503,0.00020923638715005026,9.436947902004481e-05,0.0007014092163742023,4.806689878293169e-05,188.240737610482,5.716247880429664,0.03017952124818757,0.09236224807369398,0.1459989447547685,12519,c08f7ed0a64e6741e8f6cf7809ae662bf5defd834dca055fa46988136c31712e,three_row_sha256,7b46644af07ad9783868480ebfa0698b0fcc80cf044e9b3240477691cfff79c6,944f93c6fa033d604d9e90219484c40564bfebf4e3306a041f5ec522a76c0b9b,0f2cf9a67445117338a1c28f1312c232b1cbb8285fc218b4057ed38b092a75be,0.20733801648020744,0.22107386030256748,0.2197690773755312,0.540425069630146,0.13306993059813976,0.5753929726779461,0.16699288971722126,2.0640618167817593,0.0,0.0,8.47585080191493,337.75142673403025,1459.2443753499538,73500,73500,,2.793683898093503,,False,False,ok
BNCI2014_001,resampled_spectral_normalized_power_s1,resampled,spectral,normalized_power,1,1788,148,500,500,1.0,22,253,0.00032813994961028165,0.018114633576484004,5.3380836305640385,0.7623214228528229,23.767857714717714,23.767857714717714,0.00019169288674406767,2.793683898093503,0.00021348658276206677,9.937444781095054e-05,0.0007468441920978294,4.8420537281704737e-05,188.240737610482,5.716247880429664,0.03017952124818757,0.09236224807369398,0.1459989447547685,12666,27eec89d94b456b1a32d753aa4b9b061287455b9c5ab806808a393779fb7aaa6,three_row_sha256,f3dfbc4f125a613f6901e9bb26656eb6c7b7f7893b6505ae80360cd0bdbee8d8,944f93c6fa033d604d9e90219484c40564bfebf4e3306a041f5ec522a76c0b9b,0f2cf9a67445117338a1c28f1312c232b1cbb8285fc218b4057ed38b092a75be,0.20602997392416,0.22664200514554977,0.21820701658725739,0.5245700012892485,0.13226293958723545,0.5419438239187002,0.15990319661796093,2.0095589570701122,0.0,0.0,9.306784020736814,339.76098569110036,1468.5511593706906,74000,74000,,2.793683898093503,,False,False,ok
BNCI2014_001,resampled_spectral_normalized_power_s1,resampled,spectral,normalized_power,1,1788,149,500,500,1.0,22,253,0.0003214610401737104,0.01792933462718877,5.35856454740673,0.7652462630669132,23.47537369330868,23.47537369330868,0.00018467730784045948,2.793683898093503,0.00021428415992310573,9.375764995590706e-05,0.0006495204488620768,5.068276295864936e-05,188.24073761048203,5.716247880429664,0.03017952124818757,0.09236224807369398,0.1459989447547685,12814,a34c2a47d7ef759a9ef7fb160863fc7e2b77e06ac2023d111e8ece02ef24e749,three_row_sha256,44e1c641027d36f09c77953cb9f873a55b3b6a73ff3f54009ab02b84ef0c0b6b,944f93c6fa033d604d9e90219484c40564bfebf4e3306a041f5ec522a76c0b9b,0f2cf9a67445117338a1c28f1312c232b1cbb8285fc218b4057ed38b092a75be,0.22957590408623219,0.22223894484341145,0.22543594241142273,0.5569430068135262,0.1333937980234623,0.6725538987666368,0.16611185856163502,2.2062533535063267,0.0,0.0,10.835048975422978,341.9672390446067,1479.3862083461136,74500,74500,,2.793683898093503,,False,False,ok
BNCI2014_001,resampled_spectral_normalized_power_s1,resampled,spectral,normalized_power,1,1788,150,500,500,1.0,22,253,0.00030813521631805946,0.01755378068445825,5.344116003105487,0.7631828943353312,23.68171056646688,23.68171056646688,0.00018476351564744925,2.793683898093503,0.0002056660893570657,8.880306556329913e-05,0.0006410331253274913,5.244293670078356e-05,188.240737610482,5.716247880429664,0.03017952124818757,0.09236224807369398,0.1459989447547685,12963,7a4cd729ce8f3288d205be86ae3fd823129aa359f8e682716652ce35875d3218,three_row_sha256,2c8e99d8cedd5458d3094f3114d040d8400a548e0e97cabfd40e85bdfd00677e,944f93c6fa033d604d9e90219484c40564bfebf4e3306a041f5ec522a76c0b9b,0f2cf9a67445117338a1c28f1312c232b1cbb8285fc218b4057ed38b092a75be,0.2832491882145405,0.23052189499139786,0.24900399148464203,0.6962118204683065,0.15762518160045147,0.7987599819898605,0.18075318075716496,2.596125239506364,0.0,0.0,8.602147921919823,344.56336428411305,1487.9883562680334,75000,75000,,2.793683898093503,,False,False,ok
BNCI2014_001,resampled_spectral_normalized_power_s1,resampled,spectral,normalized_power,1,1788,151,500,500,1.0,22,253,0.00032110010578091354,0.017919266329314756,5.338448031145383,0.7623734621966931,23.76265378033069,23.76265378033069,0.00019274079275100387,2.793683898093503,0.00020819150987403043,9.599757910427499e-05,0.0008516952165668563,4.988055799921861e-05,188.24073761048203,5.716247880429664,0.03017952124818757,0.09236224807369398,0.1459989447547685,13113,0ae070ba5febdb7a2c3911bced069b615b90e025e6e27de9da74cde000ec7a45,three_row_sha256,52c06adf5052e37e07fcc65e242eb4f5d9097d476db3992b5d55ef495738ee07,944f93c6fa033d604d9e90219484c40564bfebf4e3306a041f5ec522a76c0b9b,0f2cf9a67445117338a1c28f1312c232b1cbb8285fc218b4057ed38b092a75be,0.2165050245821476,0.2212680410593748,0.21984498016536236,0.5559339188039303,0.1328259240835905,0.7228800095617771,0.16535096801817417,2.234608866274357,0.0,0.0,8.077787002548575,346.7979731503874,1496.066143270582,75500,75500,,2.793683898093503,,False,False,ok
BNCI2014_001,resampled_spectral_normalized_power_s1,resampled,spectral,normalized_power,1,1788,152,500,500,1.0,22,253,0.00032496806009577403,0.018026870501997125,5.333077613303405,0.7616065231875007,23.839347681249926,23.839347681249926,0.00018677205264751705,2.793683898093503,0.00021243549634931933,9.920422393558044e-05,0.0006016638819944616,2.9965009051149013e-05,188.24073761048203,5.716247880429664,0.03017952124818757,0.09236224807369398,0.1459989447547685,13264,0cf65368d71b65c0b0df9790f9b11c2b55acdf2e29710c411f052e221ed32224,three_row_sha256,745975744e66c810db480aa2947cecf2f1476ff8eee92fbbbfdffdf49add4caa,944f93c6fa033d604d9e90219484c40564bfebf4e3306a041f5ec522a76c0b9b,0f2cf9a67445117338a1c28f1312c232b1cbb8285fc218b4057ed38b092a75be,0.21388987079262733,0.22144988179206848,0.21990202367305756,0.5463100969791412,0.13039191253483295,0.7216809317469597,0.15876605175435543,2.2123907692730427,0.0,0.0,8.421072969213128,349.01036391966045,1504.487216239795,76000,76000,,2.793683898093503,,False,False,ok
BNCI2014_001,resampled_spectral_normalized_power_s1,resampled,spectral,normalized_power,1,1788,153,500,500,1.0,22,253,0.0003161870650153875,0.01778164967080916,5.3405707939383005,0.7626766098550419,23.7323390144958,23.7323390144958,0.00018682737007219409,2.793683898093503,0.00020850582197619205,9.167082919938995e-05,0.0006858710377917699,4.3208218525609484e-05,188.24073761048203,5.716247880429664,0.03017952124818757,0.09236224807369398,0.1459989447547685,13416,ee8433954a591f7d6143bd7c29dd8d8ce3fb091d884ed4555b0bb15bab845ed8,three_row_sha256,21cd8be3e64726d8f122a1c231e0e0d809a52357b8b85964e862a89f6f2bc5bb,944f93c6fa033d604d9e90219484c40564bfebf4e3306a041f5ec522a76c0b9b,0f2cf9a67445117338a1c28f1312c232b1cbb8285fc218b4057ed38b092a75be,0.2103671431541443,0.2205120399594307,0.21870690397918224,0.5470870528370142,0.12983893975615501,0.704233068972826,0.1594198402017355,2.190164988860488,0.0,0.0,9.213584940880537,351.20052890852094,1513.7008011806756,76500,76500,,2.793683898093503,,False,False,ok
BNCI2014_001,resampled_spectral_normalized_power_s1,resampled,spectral,normalized_power,1,1788,154,500,500,1.0,22,253,0.00030919618420942785,0.017583975210669168,5.333806221453085,0.7617105743114259,23.828942568857414,23.828942568857414,0.0001795216192785644,2.793683898093503,0.0002085424801965319,9.175780739504821e-05,0.0005537711225778319,5.1939308700546955e-05,188.240737610482,5.716247880429664,0.03017952124818757,0.09236224807369398,0.1459989447547685,13569,4c250bcc5ed0e85201dc70b25b1bd3e7f16af1a25037d33a03bfd36eaf225d32,three_row_sha256,a385bbe3449b9ac2b7349acc54349ae01e595a85bb9753bea07bcc855fb27b1f,944f93c6fa033d604d9e90219484c40564bfebf4e3306a041f5ec522a76c0b9b,0f2cf9a67445117338a1c28f1312c232b1cbb8285fc218b4057ed38b092a75be,0.20705792121589184,0.22002286277711391,0.2187918871641159,0.5341100040823221,0.12980797328054905,0.731967855244875,0.15998398885130882,2.2017424926161766,0.0,0.0,8.361343992874026,353.4022714011371,1522.0621451735497,77000,77000,,2.793683898093503,,False,False,ok
BNCI2014_001,resampled_spectral_normalized_power_s1,resampled,spectral,normalized_power,1,1788,155,500,500,1.0,22,253,0.00031006079702934906,0.017608543296631585,5.33160650382298,0.7613964368812711,23.86035631187289,23.86035631187289,0.0001801759280638452,2.793683898093503,0.0002062293104613259,9.15961773054314e-05,0.0005660286434207376,5.490985697084684e-05,188.240737610482,5.716247880429664,0.03017952124818757,0.09236224807369398,0.1459989447547685,13723,230deb36f30f7d11baed855bd6c5be9d100a09f5b20c50f7ac66c6128a9b45c9,three_row_sha256,317f5fdf130340c00d503b2f3855f9fb1deb3d549edf4b060244f18bfde4bd65,944f93c6fa033d604d9e90219484c40564bfebf4e3306a041f5ec522a76c0b9b,0f2cf9a67445117338a1c28f1312c232b1cbb8285fc218b4057ed38b092a75be,0.20976597443223,0.22152205929160118,0.22047199308872223,0.5420739762485027,0.13132602907717228,0.550844008103013,0.16241404227912426,2.0384180825203657,0.0,0.0,10.686765890568495,355.4406894836575,1532.7489110641181,77500,77500,,2.793683898093503,,False,False,ok
BNCI2014_001,resampled_spectral_normalized_power_s1,resampled,spectral,normalized_power,1,1788,156,500,500,1.0,22,253,0.000310102513293523,0.017609727802936733,5.315160317992647,0.759047788817592,24.095221118240797,24.095221118240797,0.0001839604019601013,2.793683898093503,0.00020581834646557357,9.082541912895481e-05,0.0006172927708019864,4.391754149522448e-05,188.240737610482,5.716247880429664,0.03017952124818757,0.09236224807369398,0.1459989447547685,13878,9981782343d85ef3307a987b4f83999d7bf6064d1a3399531b76c4bc06633767,three_row_sha256,4991c5c0fbe93dbb37b0e50fcd55c171f359378315d4d7497008dca64d84fd60,944f93c6fa033d604d9e90219484c40564bfebf4e3306a041f5ec522a76c0b9b,0f2cf9a67445117338a1c28f1312c232b1cbb8285fc218b4057ed38b092a75be,0.2673149574548006,0.2262098714709282,0.24922611191868782,0.6767529994249344,0.15314901247620583,0.8604631293565035,0.18044793978333473,2.613564021885395,0.0,0.0,9.375564055517316,358.0542535055429,1542.1244751196355,78000,78000,,2.793683898093503,,False,False,ok
BNCI2014_001,resampled_spectral_normalized_power_s1,resampled,spectral,normalized_power,1,1788,157,500,500,1.0,22,253,0.00031858945923807935,0.01784907446446676,5.310303496542592,0.7583541955180887,24.164580448191135,24.164580448191135,0.00018728090400148002,2.7936838980935024,0.000208047372491345,9.605663055927071e-05,0.0006705413934306663,4.508701574626484e-05,188.24073761048203,5.716247880429664,0.03017952124818757,0.09236224807369398,0.1459989447547685,14034,88d5301aa3998d7ce3ade450c8edb07fd6745621330e0d3b0264a71889f47cfb,three_row_sha256,d12041a454ea8d65d9efee920c0422bbfa7f748665e1220bde7f6d8b919fdd76,944f93c6fa033d604d9e90219484c40564bfebf4e3306a041f5ec522a76c0b9b,0f2cf9a67445117338a1c28f1312c232b1cbb8285fc218b4057ed38b092a75be,0.2473990898579359,0.22752000950276852,0.23582903668284416,0.5941879935562611,0.13510300777852535,0.6596220191568136,0.1994750928133726,2.2991362493485212,0.0,0.0,8.851563092321157,360.3533897548914,1550.9760382119566,78500,78500,,2.793683898093503,,False,False,ok
BNCI2014_001,resampled_spectral_normalized_power_s1,resampled,spectral,normalized_power,1,1788,158,500,500,1.0,22,253,0.00031085993822936575,0.017631220554158063,5.323896426554767,0.760295375624052,23.970462437594794,23.970462437594794,0.0001838134832735995,2.793683898093503,0.00020648861378601464,9.106924450082016e-05,0.0006209215121705245,4.3791094562443516e-05,188.24073761048203,5.716247880429665,0.03017952124818757,0.09236224807369398,0.1459989447547685,14191,e8b3736767aac8f38c679d0987fc7182631980a7e715f57dfcbd29893573c2ed,three_row_sha256,550b29a434ad00fccb08b933c61f4463dd0f5378d9b2524448c72e07507e1f81,944f93c6fa033d604d9e90219484c40564bfebf4e3306a041f5ec522a76c0b9b,0f2cf9a67445117338a1c28f1312c232b1cbb8285fc218b4057ed38b092a75be,0.21268194541335106,0.2245260402560234,0.22069388069212437,0.5524028092622757,0.1314838882535696,0.6575209554284811,0.16137096099555492,2.16068048030138,0.0,0.0,8.689807960763574,362.5140702351928,1559.6658461727202,79000,79000,,2.793683898093503,,False,False,ok
BNCI2014_001,resampled_spectral_normalized_power_s1,resampled,spectral,normalized_power,1,1788,159,500,500,1.0,22,253,0.000314117953037416,0.017723373071664886,5.330354143612573,0.7612175897361917,23.878241026380827,23.878241026380827,0.0001835726538319071,2.793683898093503,0.0002051721343829758,9.572015546879968e-05,0.0006002791534447456,5.105643287505009e-05,188.24073761048203,5.716247880429664,0.03017952124818757,0.09236224807369398,0.1459989447547685,14349,90db45e1dfc0625c7e7314668f3f1f03c043e191218ece20c6c702887e12b013,three_row_sha256,6b10206418b5613732de5664775895b1f70fa33f7b996f886993427c85d03182,944f93c6fa033d604d9e90219484c40564bfebf4e3306a041f5ec522a76c0b9b,0f2cf9a67445117338a1c28f1312c232b1cbb8285fc218b4057ed38b092a75be,0.208765035495162,0.2202480100095272,0.2189120277762413,0.5308131221681833,0.12870808131992817,0.6980330217629671,0.1608189195394516,2.1662982180714607,0.0,0.0,8.281470974907279,364.68036845326424,1567.9473171476275,79500,79500,,2.793683898093503,,False,False,ok
BNCI2014_001,resampled_spectral_normalized_power_s1,resampled,spectral,normalized_power,1,1788,160,500,500,1.0,22,253,0.000303726996291115,0.01742776509742758,5.316502221872983,0.7592394235213895,24.076057647861045,24.076057647861045,0.00018044469684882854,2.793683898093503,0.00020459730643161814,8.83303215318363e-05,0.0005740078122145752,3.422949028149856e-05,188.240737610482,5.716247880429664,0.03017952124818757,0.09236224807369398,0.1459989447547685,14508,eafdac4ab2dbdca8771fe4dd573707d2790daf9438301c163cdae25323e2b456,three_row_sha256,ee4ddaa3ee6dcfa0e1ece33e602350135dc2e569da2a7c44822b6c3832def4d7,944f93c6fa033d604d9e90219484c40564bfebf4e3306a041f5ec522a76c0b9b,0f2cf9a67445117338a1c28f1312c232b1cbb8285fc218b4057ed38b092a75be,0.23290910758078098,0.22320798598229885,0.22451486438512802,0.5573020316660404,0.13189809396862984,0.5774649325758219,0.16492698341608047,2.1122239995747805,0.0,0.0,9.362997021526098,366.792592452839,1577.3103141691536,80000,80000,,2.793683898093503,,False,False,ok
BNCI2014_001,resampled_spectral_normalized_power_s1,resampled,spectral,normalized_power,1,1788,161,500,500,1.0,22,253,0.0003078455679028621,0.01754552843042529,5.311471002927835,0.7585209248521313,24.147907514786866,24.147907514786866,0.00018051335485091594,2.7936838980935024,0.00020918065352088172,8.679539996245221e-05,0.0006526315873072734,4.646118627877729e-05,188.24073761048203,5.716247880429664,0.03017952124818757,0.09236224807369398,0.1459989447547685,14668,a7001b4cecb5eb09fcb5440e694a79589548fe741ef484675e171af12e70531e,three_row_sha256,2d36bfbcf54298e8a7104fafcb968a366dc8718587dec4a48819a88d529c609a,944f93c6fa033d604d9e90219484c40564bfebf4e3306a041f5ec522a76c0b9b,0f2cf9a67445117338a1c28f1312c232b1cbb8285fc218b4057ed38b092a75be,0.2258939202874899,0.2226368524134159,0.22574001923203468,0.5658420268446207,0.13429089449346066,0.7185740396380424,0.16827089712023735,2.2612486500293016,0.0,0.0,10.87919482961297,369.0538411028683,1588.1895089987665,80500,80500,,2.793683898093503,,False,False,ok
BNCI2014_001,resampled_spectral_normalized_power_s1,resampled,spectral,normalized_power,1,1788,162,500,500,1.0,22,253,0.0003152773989370281,0.017756052459289146,5.313678071027535,0.7588361119886653,24.116388801133464,24.116388801133464,0.0001855600963763547,2.793683898093503,0.00020594333778924714,9.460898596921105e-05,0.0006596417691923391,4.272298491538596e-05,188.24073761048203,5.716247880429664,0.03017952124818757,0.09236224807369398,0.1459989447547685,14829,279c547e6b988712eb84c9c9161faa496f0b89309762bbf310179c6be4cf1288,three_row_sha256,cf9061b50765cf4df7fba391b1c45e496bb5821d809b5ce9a8261ac14daad0c8,944f93c6fa033d604d9e90219484c40564bfebf4e3306a041f5ec522a76c0b9b,0f2cf9a67445117338a1c28f1312c232b1cbb8285fc218b4057ed38b092a75be,0.24185096845030785,0.22461009211838245,0.23294403217732906,0.5818239878863096,0.13882690109312534,0.7758231367915869,0.2605668269097805,2.4564459454268217,0.0,0.0,8.80834786221385,371.51028704829514,1596.9978568609804,81000,81000,,2.793683898093503,,False,False,ok
BNCI2014_001,resampled_spectral_normalized_power_s1,resampled,spectral,normalized_power,1,1788,163,500,500,1.0,22,253,0.0003154711055852904,0.01776150628706052,5.325196420607397,0.7604810252662245,23.951897473377542,23.951897473377542,0.00018388203099778898,2.793683898093503,0.00020719297016078505,9.509066643452925e-05,0.0006424676976181094,5.0939042346018654e-05,188.24073761048203,5.716247880429664,0.03017952124818757,0.09236224807369398,0.1459989447547685,14991,40af2f23ab16b0b0348953b5d75012a89527b498567fad2a408f4d31100cb8c3,three_row_sha256,e25064b6942b802382dbf46f0049e11ff8ba7ff3c6e0da3271032ed700ed5e67,944f93c6fa033d604d9e90219484c40564bfebf4e3306a041f5ec522a76c0b9b,0f2cf9a67445117338a1c28f1312c232b1cbb8285fc218b4057ed38b092a75be,0.23351795971393585,0.2229709643870592,0.225794967263937,0.577092869207263,0.13396190479397774,0.7526611443608999,0.1646820455789566,2.3106818553060293,0.0,0.0,8.884453913196921,373.82096890360117,1605.8823107741773,81500,81500,,2.793683898093503,,False,False,ok
BNCI2014_001,resampled_spectral_normalized_power_s1,resampled,spectral,normalized_power,1,1788,164,500,500,1.0,22,253,0.00031726741990590024,0.017812002130751618,5.324024310289178,0.7603136384533974,23.96863615466026,23.96863615466026,0.0001838354546235335,2.7936838980935033,0.00021678413453617534,8.968746665037364e-05,0.0006448382549777866,4.465019575839657e-05,188.24073761048203,5.716247880429664,0.03017952124818757,0.09236224807369398,0.1459989447547685,15154,7977498b8a15587660505a6d3c24aef50915319f01ec0ebb66603a9de4ca20cd,three_row_sha256,5c1f315e307343f37a53f098c1abefbd2478ab887c2f4a4543d0d06d17e3e777,944f93c6fa033d604d9e90219484c40564bfebf4e3306a041f5ec522a76c0b9b,0f2cf9a67445117338a1c28f1312c232b1cbb8285fc218b4057ed38b092a75be,0.22554583847522736,0.22192089818418026,0.22363103926181793,0.5676131695508957,0.1321309246122837,0.6133290007710457,0.16412115655839443,2.148292027413845,0.0,0.0,8.68543703109026,375.969260931015,1614.5677478052676,82000,82000,,2.793683898093503,,False,False,ok
BNCI2014_001,resampled_spectral_normalized_power_s1,resampled,spectral,normalized_power,1,1788,165,500,500,1.0,22,253,0.00032224375141017816,0.0179511490275742,5.311238634144368,0.7584877407145458,24.15122592854542,24.15122592854542,0.00018909919535686502,2.793683898093503,0.00021413337792239109,9.406115858783692e-05,0.0006697278856618752,4.420485001366987e-05,188.24073761048206,5.716247880429664,0.03017952124818757,0.09236224807369398,0.1459989447547685,15318,18e850d7cbd91ee2585dd3bc31361b25bca70c315dacc154f36bef20c694d943,three_row_sha256,3ff0efc86621ba91c7a2cc4426001eef7b78e63f50db3d4a53673add6c38de37,944f93c6fa033d604d9e90219484c40564bfebf4e3306a041f5ec522a76c0b9b,0f2cf9a67445117338a1c28f1312c232b1cbb8285fc218b4057ed38b092a75be,0.2221670001745224,0.22155093029141426,0.21947291679680347,0.5454220809042454,0.1317700371146202,0.5810358561575413,0.16075791791081429,2.0821767393499613,0.0,0.0,9.713565930724144,378.051437670365,1624.2813137359917,82500,82500,,2.793683898093503,,False,False,ok
BNCI2014_001,resampled_spectral_normalized_power_s1,resampled,spectral,normalized_power,1,1788,166,500,500,1.0,22,253,0.00032200230579144723,0.01794442269317816,5.3228756855491675,0.7601496055706761,23.98503944293239,23.98503944293239,0.0001899629287681397,2.793683898093503,0.00021115548476045832,9.486883370087136e-05,0.0007268577126979576,6.02504195076497e-05,188.240737610482,5.716247880429664,0.03017952124818757,0.09236224807369398,0.1459989447547685,15483,adbf196319692e8b8f3312e5cefe17629dbcd29393e2872900279a1fc1164cc6,three_row_sha256,a320fafe6656f32a1618df8256aa7b77cc1ce0798f757991478080bebcd9c026,944f93c6fa033d604d9e90219484c40564bfebf4e3306a041f5ec522a76c0b9b,0f2cf9a67445117338a1c28f1312c232b1cbb8285fc218b4057ed38b092a75be,0.21224608644843102,0.2219111192971468,0.22149714641273022,0.5415331106632948,0.13306387700140476,0.7270139176398516,0.16021309420466423,2.2174783516675234,0.0,0.0,10.46709599904716,380.2689160220325,1634.7484097350389,83000,83000,,2.793683898093503,,False,False,ok
BNCI2014_001,resampled_spectral_normalized_power_s1,resampled,spectral,normalized_power,1,1788,167,500,500,1.0,22,253,0.0003061816358610364,0.017498046629868043,5.3324101886929975,0.7615112095667587,23.848879043324132,23.848879043324132,0.00017797753086720835,2.793683898093503,0.00020458036198509158,9.160904970181803e-05,0.0005527870025991712,4.727782236148171e-05,188.240737610482,5.716247880429664,0.03017952124818757,0.09236224807369398,0.1459989447547685,15649,2cc4e4f39548f1b1f216280230300c10a2118052dde391e8d7374b3cfcb4e5b8,three_row_sha256,61e496a1bee0ebe3725e426c2debea0be7a9c15ab5a17fe2df8775a01edd4348,944f93c6fa033d604d9e90219484c40564bfebf4e3306a041f5ec522a76c0b9b,0f2cf9a67445117338a1c28f1312c232b1cbb8285fc218b4057ed38b092a75be,0.26627397164702415,0.22515887394547462,0.2370018046349287,0.6554839201271534,0.15054596588015556,0.7421469781547785,0.20445301197469234,2.4810645263642073,0.0,0.0,8.57017282396555,382.7499805483967,1643.3185825590044,83500,83500,,2.793683898093503,,False,False,ok
BNCI2014_001,resampled_spectral_normalized_power_s1,resampled,spectral,normalized_power,1,1788,168,500,500,1.0,22,253,0.00030717999925625156,0.01752655126533031,5.318302683686131,0.7594965439987332,24.050345600126676,24.050345600126676,0.00018110197913779322,2.793683898093503,0.00020592331840777533,8.947581721936774e-05,0.000561250151234219,4.623831341200221e-05,188.24073761048203,5.716247880429664,0.03017952124818757,0.09236224807369398,0.1459989447547685,15816,6afe3bc5d4c3a3e316bec7ecd39e01656e9d52b4a1ad57f17155d43d9b1f9bb8,three_row_sha256,7c16161472cef68c9758983c5f68d2460e326074d57769b1695c460b3296c0c2,944f93c6fa033d604d9e90219484c40564bfebf4e3306a041f5ec522a76c0b9b,0f2cf9a67445117338a1c28f1312c232b1cbb8285fc218b4057ed38b092a75be,0.21874485537409782,0.22146804258227348,0.22191903553903103,0.5455168429762125,0.14203297905623913,0.6117660086601973,0.1622720155864954,2.1237197797745466,0.0,0.0,8.272190811112523,384.87370032817125,1651.590773370117,84000,84000,,2.793683898093503,,False,False,ok
BNCI2014_001,resampled_spectral_normalized_power_s1,resampled,spectral,normalized_power,1,1788,169,500,500,1.0,22,253,0.0003149500573753043,0.017746832319467727,5.319821986651079,0.7597135127234929,24.028648727650715,24.028648727650715,0.00018327132033104737,2.793683898093503,0.0002118800297660319,9.068452972694669e-05,0.0006020606589779681,4.893445008817995e-05,188.24073761048203,5.716247880429664,0.03017952124818757,0.09236224807369398,0.1459989447547685,15984,c327e03500398f81533c6ffc40836c5732e79d8d4aa43d0bd7883e8eed527e23,three_row_sha256,742ba42fb90ed55411f4f60e64af2ed241e73f97ad67335bab4c0f999de44163,944f93c6fa033d604d9e90219484c40564bfebf4e3306a041f5ec522a76c0b9b,0f2cf9a67445117338a1c28f1312c232b1cbb8285fc218b4057ed38b092a75be,0.21955114789307117,0.22231112234294415,0.2239178866147995,0.5571891088038683,0.13205897994339466,0.735980924218893,0.165269011631608,2.256278181448579,0.0,0.0,8.44434299506247,387.12997850961983,1660.0351163651794,84500,84500,,2.793683898093503,,False,False,ok
BNCI2014_001,resampled_spectral_normalized_power_s1,resampled,spectral,normalized_power,1,1788,170,500,500,1.0,22,253,0.0003150660792272174,0.017750100823015553,5.321576766164725,0.7599641093997938,24.003589060020627,24.003589060020627,0.00018362348012770908,2.793683898093503,0.00021041431075275008,9.351320711248868e-05,0.0005738275057854376,4.3446358826484534e-05,188.240737610482,5.716247880429664,0.03017952124818757,0.09236224807369398,0.1459989447547685,16153,354ef3c3ef68ffcec245e9f474dec695477b2836ce726f0355c12740ec12c6c7,three_row_sha256,9a076e81888a2090d1eddecab15b1979c6d666205e996f05d5ed00edfe7d4655,944f93c6fa033d604d9e90219484c40564bfebf4e3306a041f5ec522a76c0b9b,0f2cf9a67445117338a1c28f1312c232b1cbb8285fc218b4057ed38b092a75be,0.2199129667133093,0.22102193906903267,0.21943892352283,0.5505569279193878,0.1317639835178852,0.5977761466056108,0.1581599935889244,2.0986308809369802,0.0,0.0,9.032235015183687,389.2286093905568,1669.067351380363,85000,85000,,2.793683898093503,,False,False,ok
BNCI2014_001,resampled_spectral_normalized_power_s1,resampled,spectral,normalized_power,1,1788,171,500,500,1.0,22,253,0.00033089639129068715,0.0181905577509511,5.300286426392639,0.7569236770590285,24.30763229409715,24.30763229409715,0.0001923912867160817,2.7936838980935033,0.00021465521632582475,0.00010029105526910675,0.0006676842056819513,5.4899583935837784e-05,188.24073761048203,5.716247880429664,0.03017952124818757,0.09236224807369398,0.1459989447547685,16323,1e536e0d4b07b5986e7b5a2fe2ee830e3500c41c075ebf2496503fa24d7a8f06,three_row_sha256,2ae02f55eb5814ccaf670859172168f4dae43ad80341093e367545c4fcbaa6dc,944f93c6fa033d604d9e90219484c40564bfebf4e3306a041f5ec522a76c0b9b,0f2cf9a67445117338a1c28f1312c232b1cbb8285fc218b4057ed38b092a75be,0.2187888603657484,0.2233248669654131,0.22138701751828194,0.5567111074924469,0.1320401206612587,0.5948699545115232,0.16152393072843552,2.108645858243108,0.0,0.0,8.9236821513623,391.3372552487999,1677.9910335317254,85500,85500,,2.793683898093503,,False,False,ok
BNCI2014_001,resampled_spectral_normalized_power_s1,resampled,spectral,normalized_power,1,1788,172,500,500,1.0,22,253,0.0003117183879332411,0.017655548361159477,5.290485076433578,0.7555239651841734,24.44760348158266,24.44760348158266,0.00018424005654919023,2.793683898093503,0.00020633800939653485,9.061256578353605e-05,0.0006453286037823346,4.822470740716903e-05,188.24073761048203,5.716247880429664,0.03017952124818757,0.09236224807369398,0.1459989447547685,16494,0b08eb1946d6f9c517d21bda69007c27f614b80eead6978d0730f7ee362026b3,three_row_sha256,ac014fa508ce387a1db10c54322cf1a6a090518c72c49feb2c0e1ab09f8cfd07,944f93c6fa033d604d9e90219484c40564bfebf4e3306a041f5ec522a76c0b9b,0f2cf9a67445117338a1c28f1312c232b1cbb8285fc218b4057ed38b092a75be,0.20706094801425934,0.2208501100540161,0.2192119136452675,0.5495611112564802,0.1320920418947935,0.7485179230570793,0.16188295558094978,2.2391770035028458,0.0,0.0,9.753805119544268,393.57643225230277,1687.7448386512697,86000,86000,,2.793683898093503,,False,False,ok
BNCI2014_001,resampled_spectral_normalized_power_s1,resampled,spectral,normalized_power,1,1788,173,500,500,1.0,22,253,0.0003253927126722645,0.01803864497882988,5.293157352528897,0.755905587776891,24.409441222310903,24.409441222310903,0.00019184839505622647,2.793683898093503,0.00021313508471406222,9.52215155714191e-05,0.0007522105703857578,5.2536553102546165e-05,188.24073761048203,5.716247880429664,0.03017952124818757,0.09236224807369398,0.1459989447547685,16666,57cf03425c0d00a9173d020d9a1dd0ef397b0e1e7aeca468b77462fc41208fba,three_row_sha256,62720ec3ab515c02fde5fcf866b50908e0257b969364d8008f7bd028bec46eee,944f93c6fa033d604d9e90219484c40564bfebf4e3306a041f5ec522a76c0b9b,0f2cf9a67445117338a1c28f1312c232b1cbb8285fc218b4057ed38b092a75be,0.28525502420961857,0.22463803179562092,0.24161487817764282,0.6832899525761604,0.15205400995910168,0.687094870954752,0.20095007494091988,2.4748968426138163,0.0,0.0,8.661195170134306,396.0513290949166,1696.406033821404,86500,86500,,2.793683898093503,,False,False,ok
BNCI2014_001,resampled_spectral_normalized_power_s1,resampled,spectral,normalized_power,1,1788,174,500,500,1.0,22,253,0.00030825257904229715,0.017557123313410347,5.303748258603066,0.757418054637008,24.258194536299204,24.258194536299204,0.00018240118180041641,2.793683898093503,0.00020615659632798686,8.918020050700653e-05,0.0006693533521096812,4.627956956290187e-05,188.240737610482,5.716247880429665,0.03017952124818757,0.09236224807369398,0.1459989447547685,16839,3d8ee78d31042989ed4a88debbe8fb0914af1742dc8d580b54d951ef08cd0876,three_row_sha256,ff825ad348063376d12bec65a00c45b8337f6bd289e149acce541f8537d3580b,944f93c6fa033d604d9e90219484c40564bfebf4e3306a041f5ec522a76c0b9b,0f2cf9a67445117338a1c28f1312c232b1cbb8285fc218b4057ed38b092a75be,0.2149171195924282,0.22209086455404758,0.2205988857895136,0.5480658728629351,0.131240114569664,0.623560044914484,0.16052788123488426,2.1210007835179567,0.0,0.0,8.515478111803532,398.17232987843454,1704.9215119332075,87000,87000,,2.793683898093503,,False,False,ok
BNCI2014_001,resampled_spectral_normalized_power_s1,resampled,spectral,normalized_power,1,1788,175,500,500,1.0,22,253,0.00031262448875122537,0.017681190252673187,5.292535753489346,0.7558168184174974,24.418318158250262,24.418318158250262,0.0001859242904115805,2.7936838980935033,0.0002056916618435347,9.222767441602744e-05,0.0006326356146894765,4.081243748532569e-05,188.240737610482,5.716247880429664,0.03017952124818757,0.09236224807369398,0.1459989447547685,17013,0baeaad36c340f76cbeb95f2f2a86d93271c4cb6c1304158863cf437d6a1c266,three_row_sha256,d2ff9295070d353158dd98fd0b05528390bd26dfd94d4c96be71892957cf02f6,944f93c6fa033d604d9e90219484c40564bfebf4e3306a041f5ec522a76c0b9b,0f2cf9a67445117338a1c28f1312c232b1cbb8285fc218b4057ed38b092a75be,0.21221907809376717,0.22010388784110546,0.22055581212043762,0.5352648440748453,0.13062497600913048,0.644453102722764,0.16037491150200367,2.1235966123640537,0.0,0.0,8.930395124480128,400.2959264907986,1713.8519070576876,87500,87500,,2.793683898093503,,False,False,ok
BNCI2014_001,resampled_spectral_normalized_power_s1,resampled,spectral,normalized_power,1,1788,176,500,500,1.0,22,253,0.0003138960533228298,0.0177171118787129,5.279703387933648,0.7539842530539695,24.60157469460305,24.60157469460305,0.00018049321287317947,2.793683898093503,0.0002107306682294213,9.300183664724466e-05,0.0005494778245866293,4.8372952336918476e-05,188.240737610482,5.716247880429664,0.03017952124818757,0.09236224807369398,0.1459989447547685,17188,141d3c904eb0cc56a499eac7f2bc13fd8108aba8c4f85ff73b57e2e093e3d751,three_row_sha256,f046f0f0d3a0fd4dcf6e95a547a2a94b83abb5e6ccc4abbae019dbc70982f5fc,944f93c6fa033d604d9e90219484c40564bfebf4e3306a041f5ec522a76c0b9b,0f2cf9a67445117338a1c28f1312c232b1cbb8285fc218b4057ed38b092a75be,0.21966500207781792,0.22226315923035145,0.22369809448719025,0.5470979958772659,0.14141015708446503,0.6126821972429752,0.16405107453465462,2.1308676805347204,0.0,0.0,8.203679928556085,402.4267941713333,1722.0555869862437,88000,88000,,2.793683898093503,,False,False,ok
BNCI2014_001,resampled_spectral_normalized_power_s1,resampled,spectral,normalized_power,1,1788,177,500,500,1.0,22,253,0.00031076765939242916,0.017628603444187776,5.282221285600309,0.7543438291611807,24.565617083881925,24.565617083881925,0.0001820104478183324,2.7936838980935033,0.00020715422614115339,9.158560652003408e-05,0.0005594074866557448,5.381402798693148e-05,188.24073761048203,5.716247880429664,0.03017952124818757,0.09236224807369398,0.1459989447547685,17364,387588d7dc61ce4ae67f0d4af6b4613933c016102ce90a9f2ef84e203049d426,three_row_sha256,aee2c0a8774e7ca8531cad23fe32c0b4717e6d1a6f3278030e693615af80a92b,944f93c6fa033d604d9e90219484c40564bfebf4e3306a041f5ec522a76c0b9b,0f2cf9a67445117338a1c28f1312c232b1cbb8285fc218b4057ed38b092a75be,0.21895300596952438,0.22167107090353966,0.22226409055292606,0.5622981116175652,0.13443594798445702,0.7361660245805979,0.16790302470326424,2.2636912763118744,0.0,0.0,8.650054223835468,404.6904854476452,1730.7056412100792,88500,88500,,2.793683898093503,,False,False,ok
BNCI2014_001,resampled_spectral_normalized_power_s1,resampled,spectral,normalized_power,1,1788,178,500,500,1.0,22,253,0.0003131741283487931,0.01769672648680521,5.278037188983056,0.7537463063969523,24.625369360304774,24.625369360304774,0.00018081266285913355,2.793683898093503,0.00020864784719759616,9.334858263962104e-05,0.0005484495210016905,5.212484185537239e-05,188.240737610482,5.716247880429664,0.03017952124818757,0.09236224807369398,0.1459989447547685,17541,7d43d048ac1334505d8c25c1d102182a24224e652165b862fa37e7bda126976c,three_row_sha256,b9628654ddef91e0fa3c39f9755ec5099b9f25e024edc0afe86234b7753b4b09,944f93c6fa033d604d9e90219484c40564bfebf4e3306a041f5ec522a76c0b9b,0f2cf9a67445117338a1c28f1312c232b1cbb8285fc218b4057ed38b092a75be,0.2094560768455267,0.22094091400504112,0.21954206749796867,0.5407189019024372,0.1311851665377617,0.6102041807025671,0.1602889969944954,2.092336304485798,0.0,0.0,10.857461020350456,406.782821752131,1741.5631022304296,89000,89000,,2.793683898093503,,False,False,ok
BNCI2014_001,resampled_spectral_normalized_power_s1,resampled,spectral,normalized_power,1,1788,179,500,500,1.0,22,253,0.000314798369825556,0.017742558153365486,5.298607074032039,0.756683851988909,24.331614801109108,24.331614801109108,0.00018856048119099116,2.793683898093503,0.0002043684699446467,9.368010859784706e-05,0.0007405361164125707,5.9511636082183764e-05,188.240737610482,5.716247880429664,0.03017952124818757,0.09236224807369398,0.1459989447547685,17719,7a347173108731f125c20a514f9894549408a369d4942d9d9ff3d6df408dfc6c,three_row_sha256,19b3861d51ec5fa50527d510d93852ca869bf0a97e9be76fcc9fc0f8be6ea7b6,944f93c6fa033d604d9e90219484c40564bfebf4e3306a041f5ec522a76c0b9b,0f2cf9a67445117338a1c28f1312c232b1cbb8285fc218b4057ed38b092a75be,0.26595802046358585,0.23146392777562141,0.24987803772091866,0.6079948507249355,0.14483300037682056,0.7466909009963274,0.18585007637739182,2.4326688144356012,0.0,0.0,8.573168190196157,409.2154905665666,1750.1362704206258,89500,89500,,2.793683898093503,,False,False,ok
BNCI2014_001,resampled_spectral_normalized_power_s1,resampled,spectral,normalized_power,1,1788,180,500,500,1.0,22,253,0.0003213122584341634,0.017925185032076053,5.2764053515446765,0.7535132668411897,24.648673315881034,24.648673315881034,0.00019140500870610906,2.793683898093503,0.00020910143916550662,9.500728376570411e-05,0.0007926747800476837,5.1497539469978934e-05,188.24073761048203,5.716247880429664,0.03017952124818757,0.09236224807369398,0.1459989447547685,17898,69e9e37d56e71cb8a9141541ef5d0c0f51cad74926cbbdd903cfedab65887571,three_row_sha256,c038009fa2bf9337032dd0b881a7c85f02ffd651c39f7224a0aaf6fcadefba8b,944f93c6fa033d604d9e90219484c40564bfebf4e3306a041f5ec522a76c0b9b,0f2cf9a67445117338a1c28f1312c232b1cbb8285fc218b4057ed38b092a75be,0.21438207477331161,0.22034882567822933,0.22028503008186817,0.5603500176221132,0.1334820408374071,0.7792219985276461,0.16300613060593605,2.2910761181265116,0.0,0.0,8.303359849378467,411.5065666846931,1758.4396302700043,90000,90000,,2.793683898093503,,False,False,ok
BNCI2014_001,resampled_spectral_normalized_power_s1,resampled,spectral,normalized_power,1,1788,181,500,500,1.0,22,253,0.0003109676201311297,0.01763427401769434,5.269786199986519,0.7525679985795607,24.74320014204393,24.74320014204393,0.00018392275980716924,2.793683898093503,0.00020598795168869484,9.226894760847066e-05,0.0006424040269933818,5.230740782353171e-05,188.240737610482,5.716247880429665,0.03017952124818757,0.09236224807369398,0.1459989447547685,18078,4b0ef7b3bcc2a4cf522bb9cee968d6bb969088b2dcd38d16556b20fbd1526c2c,three_row_sha256,9b59a1b2f7a56110b7ad525690283c2ccc9affc300213e6f42d9d8c1d104cb2f,944f93c6fa033d604d9e90219484c40564bfebf4e3306a041f5ec522a76c0b9b,0f2cf9a67445117338a1c28f1312c232b1cbb8285fc218b4057ed38b092a75be,0.20972895435988903,0.22214488126337528,0.22472511045634747,0.54368213750422,0.13718404807150364,0.6117091979831457,0.1587308943271637,2.107905223965645,0.0,0.0,8.929908042773604,413.61447190865874,1767.3695383127779,90500,90500,,2.793683898093503,,False,False,ok
BNCI2014_001,resampled_spectral_normalized_power_s1,resampled,spectral,normalized_power,1,1788,182,500,500,1.0,22,253,0.00031813147826917414,0.017836240586770916,5.267558090394884,0.7522498065481654,24.77501934518346,24.77501934518346,0.0001931337959612658,2.7936838980935024,0.00020141212253504216,9.765229947923597e-05,0.0008365860338764694,4.6461511930898146e-05,188.240737610482,5.716247880429664,0.03017952124818757,0.09236224807369398,0.1459989447547685,18259,7b6ff334d06e3b12e5d1e5c305fbf855f8c7a5281754dffeecf0dc119acdebe2,three_row_sha256,d850a682db139cb9600e1e03f2a587b5d311f2a40f3ae053b3a5e239c68cd707,944f93c6fa033d604d9e90219484c40564bfebf4e3306a041f5ec522a76c0b9b,0f2cf9a67445117338a1c28f1312c232b1cbb8285fc218b4057ed38b092a75be,0.20777108147740364,0.22062193602323532,0.21851900964975357,0.5350520368665457,0.13034092262387276,0.5721438210457563,0.16642315313220024,2.0508719608187675,0.0,0.0,8.576896041631699,415.6653438694775,1775.9464343544096,91000,91000,,2.793683898093503,,False,False,ok
BNCI2014_001,resampled_spectral_normalized_power_s1,resampled,spectral,normalized_power,1,1788,183,500,500,1.0,22,253,0.0003159592577954334,0.017775242833655842,5.270164041723815,0.7526219574289762,24.73780425710238,24.73780425710238,0.00018722681007192607,2.793683898093503,0.00020749445058956966,9.334989307224459e-05,0.0007056888075280027,5.616914082334653e-05,188.24073761048203,5.716247880429664,0.03017952124818757,0.09236224807369398,0.1459989447547685,18441,3818f2c02a81bd22c0cf026e928fbaf25570be18e0a9e7e51768e0c0bed292c7,three_row_sha256,16e8847fde5c98588b9968c8752cf1afc88bd309d057a5100090056117172222,944f93c6fa033d604d9e90219484c40564bfebf4e3306a041f5ec522a76c0b9b,0f2cf9a67445117338a1c28f1312c232b1cbb8285fc218b4057ed38b092a75be,0.22110086865723133,0.2206710632890463,0.22346503101289272,0.5443498957902193,0.1402029301971197,0.5920690018683672,0.1627318561077118,2.1045906469225883,0.0,0.0,9.359032148495317,417.7699345164001,1785.305466502905,91500,91500,,2.793683898093503,,False,False,ok
BNCI2014_001,resampled_spectral_normalized_power_s1,resampled,spectral,normalized_power,1,1788,184,500,500,1.0,22,253,0.0003038544743029388,0.01743142203903453,5.2713869992928615,0.7527966056395786,24.720339436042135,24.720339436042135,0.00017813001288487744,2.793683898093503,0.00020374812365279063,8.988334333813968e-05,0.0005544113863317018,3.954432618754176e-05,188.24073761048206,5.716247880429664,0.03017952124818757,0.09236224807369398,0.1459989447547685,18624,777a076f69ba7d39e9bc5b1a98fc529e2a6076af67f3bb76e11bd0ff11b8c679,three_row_sha256,af6f9728269d1169c963ce2212c6d020ad9f47c224624854f58a40b00df6cc08,944f93c6fa033d604d9e90219484c40564bfebf4e3306a041f5ec522a76c0b9b,0f2cf9a67445117338a1c28f1312c232b1cbb8285fc218b4057ed38b092a75be,0.2538978587836027,0.2341440413147211,0.22957893088459969,0.8263301569968462,0.15550106763839722,0.6627610418945551,0.205283984541893,2.567497082054615,0.0,0.0,9.615994058549404,420.3374315984547,1794.9214605614543,92000,92000,,2.793683898093503,,False,False,ok
BNCI2014_001,resampled_spectral_normalized_power_s1,resampled,spectral,normalized_power,1,1788,185,500,500,1.0,22,253,0.00030628593643894765,0.01750102672527951,5.26508718356161,0.751896941111196,24.8103058888804,24.8103058888804,0.00018082191821511533,2.7936838980935024,0.00020599783853121576,8.892913502855241e-05,0.000591721993108084,4.510709010114304e-05,188.240737610482,5.716247880429664,0.03017952124818757,0.09236224807369398,0.1459989447547685,18808,e85f9902257ea9cbfc73328c62f6f1240592cd11ae2ce2a8608138f4bfde7404,three_row_sha256,252c8a4a1accabb5eac428b33fe7b3d46c2de8e56752bd7030fc4756aa6dc418,944f93c6fa033d604d9e90219484c40564bfebf4e3306a041f5ec522a76c0b9b,0f2cf9a67445117338a1c28f1312c232b1cbb8285fc218b4057ed38b092a75be,0.22635702043771744,0.22244895808398724,0.22573699243366718,0.5725589580833912,0.13529392890632153,0.7440329063683748,0.1677048858255148,2.294133650138974,0.0,0.0,8.697399869561195,422.6315652485937,1803.6188604310155,92500,92500,,2.793683898093503,,False,False,ok
BNCI2014_001,resampled_spectral_normalized_power_s1,resampled,spectral,normalized_power,1,1788,186,500,500,1.0,22,253,0.0003080983210664249,0.017552729732620648,5.254082727246551,0.7503254159391689,24.967458406083104,24.967458406083104,0.00018132329906503058,2.793683898093503,0.0002069818661475011,8.937772688029693e-05,0.0005549983291267585,4.599481882272296e-05,188.240737610482,5.716247880429664,0.03017952124818757,0.09236224807369398,0.1459989447547685,18993,c0a163e8d23a2dc8a4069a5240e38d8a5ca57816b793bda38c849020c02045b9,three_row_sha256,d30c19839fb2efcba2715f3ac2cd160f7261e3a780028465a7b7a224323c9521,944f93c6fa033d604d9e90219484c40564bfebf4e3306a041f5ec522a76c0b9b,0f2cf9a67445117338a1c28f1312c232b1cbb8285fc218b4057ed38b092a75be,0.214369036257267,0.2200829330831766,0.21813996136188507,0.5387968849390745,0.13023708015680313,0.5549069028347731,0.16069691628217697,2.0372297149151564,0.0,0.0,8.685099892318249,424.66879496350884,1812.3039603233337,93000,93000,,2.793683898093503,,False,False,ok
BNCI2014_001,resampled_spectral_normalized_power_s1,resampled,spectral,normalized_power,1,1788,187,500,500,1.0,22,253,0.0003060219095957871,0.017493481917439622,5.276520050555027,0.7535296467855334,24.647035321446666,24.647035321446666,0.00017743995635164376,2.793683898093503,0.00020828948158143018,8.749895583037382e-05,0.0005103501810422241,6.033071679441e-05,188.24073761048206,5.716247880429664,0.03017952124818757,0.09236224807369398,0.1459989447547685,19179,76d8c72579904a424c1c984899e1081a470ee78b6381a96abdadf1d33818dc30,three_row_sha256,160fb1154aa19935b0640c5fa74f84dd5f7ce3ec3f1fe990cddb2178ada5835d,944f93c6fa033d604d9e90219484c40564bfebf4e3306a041f5ec522a76c0b9b,0f2cf9a67445117338a1c28f1312c232b1cbb8285fc218b4057ed38b092a75be,0.21287589333951473,0.22104592062532902,0.22583804093301296,0.5463080015033484,0.13125385157763958,0.5710630211979151,0.16407808288931847,2.072462812066078,0.0,0.0,9.590462082996964,426.7412577755749,1821.8944224063307,93500,93500,,2.793683898093503,,False,False,ok
BNCI2014_001,resampled_spectral_normalized_power_s1,resampled,spectral,normalized_power,1,1788,188,500,500,1.0,22,253,0.0003070325526214184,0.017522344381429626,5.2774729975245815,0.7536657353034378,24.63342646965621,24.63342646965621,0.00018393099800794198,2.793683898093503,0.00020499700126392072,8.788571725269935e-05,0.0006294458381554699,4.8956786811537754e-05,188.240737610482,5.716247880429664,0.03017952124818757,0.09236224807369398,0.1459989447547685,19366,9b9bea2c94a02e415002f9cfc42969a62e301c7e4cc7bcec3b503446a6269e48,three_row_sha256,8a60535043f53b5a14d928d0e6d1adff571715aafe26e3a5ba86dc361732bc29,944f93c6fa033d604d9e90219484c40564bfebf4e3306a041f5ec522a76c0b9b,0f2cf9a67445117338a1c28f1312c232b1cbb8285fc218b4057ed38b092a75be,0.20707515068352222,0.22090901620686054,0.22185500711202621,0.5280580371618271,0.13168808072805405,0.5576459225267172,0.15713507309556007,2.0243662875145674,0.0,0.0,9.242614032700658,428.7656240630895,1831.1370364390314,94000,94000,,2.793683898093503,,False,False,ok
BNCI2014_001,resampled_spectral_normalized_power_s1,resampled,spectral,normalized_power,1,1788,189,500,500,1.0,22,253,0.00030258112909088805,0.017394859271948365,5.279519947256113,0.75395805624478,24.604194375522003,24.604194375522003,0.00018255850909824588,2.793683898093503,0.0002003484498556621,8.813863806587588e-05,0.0006665945184601325,5.796549466845898e-05,188.24073761048203,5.716247880429664,0.03017952124818757,0.09236224807369398,0.1459989447547685,19554,b5e79a861febd627b5c66b34457733cdeaf4f1dafe4a3fc8576957474cbd122e,three_row_sha256,6578f77a5902a1b535b21cf61556c129d55463ac1b0c5c7378a722571ea887b3,944f93c6fa033d604d9e90219484c40564bfebf4e3306a041f5ec522a76c0b9b,0f2cf9a67445117338a1c28f1312c232b1cbb8285fc218b4057ed38b092a75be,0.22271019406616688,0.22791605442762375,0.2238210290670395,0.561312073841691,0.13413093984127045,0.6782598793506622,0.163304153829813,2.211454324424267,0.0,0.0,11.09779509715736,430.97707838751376,1842.2348315361887,94500,94500,,2.793683898093503,,False,False,ok
BNCI2014_001,resampled_spectral_normalized_power_s1,resampled,spectral,normalized_power,1,1788,190,500,500,1.0,22,253,0.00030687477065608143,0.017517841495346437,5.2800478073350385,0.7540334389240864,24.59665610759136,24.59665610759136,0.0001807302066003416,2.793683898093503,0.00020317985311465265,9.126794359115627e-05,0.0005856986875476663,5.7450776032341944e-05,188.24073761048203,5.716247880429664,0.03017952124818757,0.09236224807369398,0.1459989447547685,19743,cdb4a8622658a0c71cc637c7326c1fde4ca34765488fa33935b21dcab0eef9d4,three_row_sha256,1ef3d5df259020225d3a35ea814c5298da4d5a6777d3f95e61663b26182eca12,944f93c6fa033d604d9e90219484c40564bfebf4e3306a041f5ec522a76c0b9b,0f2cf9a67445117338a1c28f1312c232b1cbb8285fc218b4057ed38b092a75be,0.2792440354824066,0.2257530577480793,0.24621211923658848,0.5915609654039145,0.13826903887093067,0.7304099854081869,0.1788521185517311,2.3903013207018375,0.0,0.0,8.347722003236413,433.3673797082156,1850.5825535394251,95000,95000,,2.793683898093503,,False,False,ok
BNCI2014_001,resampled_spectral_normalized_power_s1,resampled,spectral,normalized_power,1,1788,191,500,500,1.0,22,253,0.00031578294613840094,0.017770282669063005,5.28860313958808,0.7552552094146749,24.474479058532502,24.474479058532502,0.00018788913982944908,2.793683898093503,0.00020828119059798097,9.184110530179501e-05,0.0007594356849368219,5.502284642797557e-05,188.24073761048203,5.716247880429664,0.03017952124818757,0.09236224807369398,0.1459989447547685,19933,86015dccf5effd2f01a7ec1ae7bde7a365b788f331e793d05dd4ebb386d0f1bc,three_row_sha256,78187339151363a4060b2e44043cbb6e3e10245ab1a56daf2876b85388c4c34d,944f93c6fa033d604d9e90219484c40564bfebf4e3306a041f5ec522a76c0b9b,0f2cf9a67445117338a1c28f1312c232b1cbb8285fc218b4057ed38b092a75be,0.21520699374377728,0.22058887407183647,0.22508995607495308,0.5556370597332716,0.13060588389635086,0.6636648904532194,0.24682795628905296,2.2576216142624617,0.0,0.0,9.171308018267155,435.62500132247806,1859.7538615576923,95500,95500,,2.793683898093503,,False,False,ok
BNCI2014_001,resampled_spectral_normalized_power_s1,resampled,spectral,normalized_power,1,1788,192,500,500,1.0,22,253,0.0002997883630436848,0.01731439756513881,5.2781727177581805,0.7537656609998099,24.623433900019013,24.623433900019013,0.00018119257236426763,2.7936838980935024,0.00020529366641454646,8.252028926780478e-05,0.000631942732940612,4.553103407865601e-05,188.24073761048203,5.716247880429664,0.03017952124818757,0.09236224807369398,0.1459989447547685,20124,b351f8d07719df0dd4b89f31648b23524778a4557df04f4811b788dfecc4acb4,three_row_sha256,720b6b3f175a6645fe26bde8a05b3fd15dad788dc92aca1fc993b403bd7f68f5,944f93c6fa033d604d9e90219484c40564bfebf4e3306a041f5ec522a76c0b9b,0f2cf9a67445117338a1c28f1312c232b1cbb8285fc218b4057ed38b092a75be,0.21228613331913948,0.22261613048613071,0.21963287144899368,0.5474661011248827,0.1360329333692789,0.7008230313658714,0.17178291454911232,2.2106401156634092,0.0,0.0,8.341660955920815,437.83564143814147,1868.095522513613,96000,96000,,2.793683898093503,,False,False,ok
BNCI2014_001,resampled_spectral_normalized_power_s1,resampled,spectral,normalized_power,1,1788,193,500,500,1.0,22,253,0.0003243780947696535,0.018010499570241062,5.273900061015034,0.7531554911348891,24.68445088651109,24.68445088651109,0.0001995395801397398,2.793683898093503,0.00020622892836091067,9.794957430844875e-05,0.0010944886032570288,5.029238194288444e-05,188.24073761048203,5.716247880429664,0.03017952124818757,0.09236224807369398,0.1459989447547685,20316,c6e56adee05f025ee49a17eb9fd9580326302c5f7d42eed5ebc4e47c65f33a7b,three_row_sha256,ed9a361d83422ab89e10105cb432f53165823b76519de96336aea773b937a0bb,944f93c6fa033d604d9e90219484c40564bfebf4e3306a041f5ec522a76c0b9b,0f2cf9a67445117338a1c28f1312c232b1cbb8285fc218b4057ed38b092a75be,0.23935595527291298,0.22199400700628757,0.22338214330375195,0.8078450337052345,0.19558100029826164,0.6046390626579523,0.24711806327104568,2.5399152655154467,0.0,0.0,11.850403156131506,440.3755567036569,1879.9459256697446,96500,96500,,2.793683898093503,,False,False,ok
BNCI2014_001,resampled_spectral_normalized_power_s1,resampled,spectral,normalized_power,1,1788,194,500,500,1.0,22,253,0.00030796627758652447,0.017548967992065075,5.2610194501538246,0.7513160359523757,24.86839640476243,24.86839640476243,0.00018337578056823052,2.793683898093503,0.0002019085497346608,9.152508322046083e-05,0.0006262602483584517,4.40945067201988e-05,188.240737610482,5.716247880429664,0.03017952124818757,0.09236224807369398,0.1459989447547685,20509,9230c6984d1820538b6554ccc4e237135f1150f42432b88816bb6e9c18e1e718,three_row_sha256,4f188dad0112702c6a355df3f6370b61a946c6fcbf79a4b60d2586f6ec4e66b2,944f93c6fa033d604d9e90219484c40564bfebf4e3306a041f5ec522a76c0b9b,0f2cf9a67445117338a1c28f1312c232b1cbb8285fc218b4057ed38b092a75be,0.22271298803389072,0.22234302014112473,0.22483989596366882,0.5649030208587646,0.21763192489743233,0.6074518896639347,0.2481511328369379,2.308033872395754,0.0,0.0,11.709264013916254,442.68359057605267,1891.6551896836609,97000,97000,,2.793683898093503,,False,False,ok
BNCI2014_001,resampled_spectral_normalized_power_s1,resampled,spectral,normalized_power,1,1788,195,500,500,1.0,22,253,0.00031421000183578954,0.017725969700859514,5.258703448597127,0.7509852922390472,24.90147077609528,24.90147077609528,0.00018291400670434496,2.793683898093503,0.000209320107951336,9.293971466881442e-05,0.0005679855957982324,4.975680308769462e-05,188.24073761048203,5.716247880429664,0.03017952124818757,0.09236224807369398,0.1459989447547685,20703,0b1a6d64948d74de7526f2148027521f3b144272a004676462af4c8b9fab2271,three_row_sha256,066738ed2f7da911df8040713cfdcd918443f87f58a77f0b49eba7c377ba7fb0,944f93c6fa033d604d9e90219484c40564bfebf4e3306a041f5ec522a76c0b9b,0f2cf9a67445117338a1c28f1312c232b1cbb8285fc218b4057ed38b092a75be,0.24358509108424187,0.2233819104731083,0.23971195332705975,0.5899490788578987,0.13945112004876137,0.6394120864570141,0.1972659956663847,2.2727572359144688,0.0,0.0,13.239974854514003,444.95634781196713,1904.8951645381749,97500,97500,,2.793683898093503,,False,False,ok
BNCI2014_001,resampled_spectral_normalized_power_s1,resampled,spectral,normalized_power,1,1788,196,500,500,1.0,22,253,0.0003286417360299097,0.01812847859115347,5.2566138619986225,0.7506868824090053,24.931311759099472,24.931311759099472,0.00019627851560040914,2.793683898093503,0.00021154441514193293,9.827848300285085e-05,0.000867555743535224,4.927292122475102e-05,188.24073761048203,5.716247880429664,0.03017952124818757,0.09236224807369398,0.1459989447547685,20898,4e95fca9da91e746cde20ae2fe520fc98d12b4a47878508ce064a1fbdeb6783e,three_row_sha256,5332cfee96e2af5ef5e1e948cd32a12b53289042e4e7925993b16df90c6db9da,944f93c6fa033d604d9e90219484c40564bfebf4e3306a041f5ec522a76c0b9b,0f2cf9a67445117338a1c28f1312c232b1cbb8285fc218b4057ed38b092a75be,0.22203498519957066,0.22413209080696106,0.23742485791444778,0.5571090150624514,0.13361498713493347,0.6961331237107515,0.1639991533011198,2.2344482131302357,0.0,0.0,12.483912985771894,447.19079602509737,1917.3790775239468,98000,98000,,2.793683898093503,,False,False,ok
BNCI2014_001,resampled_spectral_normalized_power_s1,resampled,spectral,normalized_power,1,1788,197,500,500,1.0,22,253,0.0003047960362034714,0.017458408753476685,5.274273721006675,0.7532088527972767,24.679114720272338,24.679114720272338,0.00018847392043154626,2.793683898093503,0.00019970098045019093,8.824655166654081e-05,0.0008388624243279623,4.143259390995114e-05,188.24073761048206,5.716247880429664,0.03017952124818757,0.09236224807369398,0.1459989447547685,21094,81dbc8c28d6b93f5bbaf36c2312d42cbdceedc2656bfd34cded0e4c913c8e14b,three_row_sha256,1b0b67700f5ebba82d624b8147012ea3c527fa3cecbf4736b8f52c2a89a63a26,944f93c6fa033d604d9e90219484c40564bfebf4e3306a041f5ec522a76c0b9b,0f2cf9a67445117338a1c28f1312c232b1cbb8285fc218b4057ed38b092a75be,0.21674809977412224,0.22118492051959038,0.22180192172527313,0.5437450017780066,0.13193697668612003,1.0015598963946104,0.1689030323177576,2.5058798491954803,0.0,0.0,12.312792940065265,449.69667587429285,1929.691870464012,98500,98500,,2.793683898093503,,False,False,ok
BNCI2014_001,resampled_spectral_normalized_power_s1,resampled,spectral,normalized_power,1,1788,198,500,500,1.0,22,253,0.00030370380011915485,0.017427099589982117,5.251041485006204,0.7498911020032412,25.01088979967588,25.01088979967588,0.00018230899921854537,2.793683898093503,0.00020557000683871023,8.611535209731043e-05,0.0006088712110827491,5.5920660345295345e-05,188.240737610482,5.716247880429665,0.03017952124818757,0.09236224807369398,0.1459989447547685,21291,385f55ae96c8d1766318608a6fb389a440b9671179b6877a6db14315e05fd8ed,three_row_sha256,db7fb01ffb533e8583612a61e2d2b70925ae3ca5ccdb9c125f8eb9d457ae4692,944f93c6fa033d604d9e90219484c40564bfebf4e3306a041f5ec522a76c0b9b,0f2cf9a67445117338a1c28f1312c232b1cbb8285fc218b4057ed38b092a75be,0.23576710373163223,0.22562104277312756,0.23042201064527035,0.6128589157015085,0.14968612231314182,0.7082859519869089,0.19077816978096962,2.353419316932559,0.0,0.0,12.3870640527457,452.0500951912254,1942.0789345167577,99000,99000,,2.793683898093503,,False,False,ok
BNCI2014_001,resampled_spectral_normalized_power_s1,resampled,spectral,normalized_power,1,1788,199,500,500,1.0,22,253,0.0003042404947057663,0.01744249106939047,5.258444077525324,0.7509482519567684,24.90517480432316,24.90517480432316,0.0001799063397669969,2.793683898093503,0.00020420735107999313,8.849749230224133e-05,0.0006140732482929829,5.432608984677758e-05,188.24073761048203,5.716247880429664,0.03017952124818757,0.09236224807369398,0.1459989447547685,21489,51f9ae2dd8c22d3a8df2af105d34ad23e3f7b14ddc8449c478abaf437e9b64f2,three_row_sha256,f25af1c63c90eb09b09efefcd8880094eafe49b81c4c19b9338aa383335e9796,944f93c6fa033d604d9e90219484c40564bfebf4e3306a041f5ec522a76c0b9b,0f2cf9a67445117338a1c28f1312c232b1cbb8285fc218b4057ed38b092a75be,0.24341698735952377,0.2338059712201357,0.23352401331067085,0.7515780162066221,0.15652203001081944,0.8967730682343245,0.22167805582284927,2.7372981421649456,0.0,0.0,9.857767960056663,454.78739333339036,1951.9367024768144,99500,99500,,2.793683898093503,,False,False,ok
BNCI2014_001,resampled_spectral_normalized_power_s1,resampled,spectral,normalized_power,1,1788,200,500,500,1.0,22,253,0.00031411290078034904,0.017723230540179435,5.258008711870685,0.7508860782277161,24.91139217722839,24.91139217722839,0.00018531152976380673,2.793683898093503,0.0002079548932572303,9.20347645369709e-05,0.0006545982383340818,5.3992378612715765e-05,188.24073761048203,5.716247880429664,0.03017952124818757,0.09236224807369398,0.1459989447547685,21688,afc24703e3bebe052ed86269c00abc7a51eda64d1e57228cfb73421c2b07fd18,three_row_sha256,d2aba8bfe1e3164c8325abb2809630eb6429c95f61f088dc7b35e9a02e302ddf,944f93c6fa033d604d9e90219484c40564bfebf4e3306a041f5ec522a76c0b9b,0f2cf9a67445117338a1c28f1312c232b1cbb8285fc218b4057ed38b092a75be,0.23410306312143803,0.22117584012448788,0.22294814698398113,0.5746190436184406,0.14614290557801723,0.6058800499886274,0.1752621028572321,2.1801311522722244,0.0,0.0,8.72473488561809,456.9675244856626,1960.6614373624325,100000,100000,,2.793683898093503,,False,False,ok
BNCI2014_001,resampled_spectral_normalized_power_s1,resampled,spectral,normalized_power,1,1788,201,500,500,1.0,22,253,0.00030803421019943164,0.017550903401233556,5.270225640688836,0.7526307542583088,24.736924574169123,24.736924574169123,0.00018214376676777062,2.793683898093503,0.00020405791274092952,9.03735174189239e-05,0.0006088302926539663,5.227477973675712e-05,188.240737610482,5.716247880429664,0.03017952124818757,0.09236224807369398,0.1459989447547685,21888,0464f2c2ee4e5555c04dbc1130dc2aff0e36ad7b218200ee1fab11a130ecfddc,three_row_sha256,06d90d9570cbe323539c1b9de026d23c50cd0c37666584067b2b364a3adbf2f0,944f93c6fa033d604d9e90219484c40564bfebf4e3306a041f5ec522a76c0b9b,0f2cf9a67445117338a1c28f1312c232b1cbb8285fc218b4057ed38b092a75be,0.22112601436674595,0.22242986597120762,0.22684200666844845,0.5675789434462786,0.13231788761913776,0.4389171954244375,0.16735191456973553,1.9765638280659914,0.0,0.0,9.400079026818275,458.94408831372857,1970.0615163892508,100500,100500,,2.793683898093503,,False,False,ok
BNCI2014_001,resampled_spectral_normalized_power_s1,resampled,spectral,normalized_power,1,1788,202,500,500,1.0,22,253,0.00034548473521646834,0.01858721967418657,5.268515559238196,0.7523865408261359,24.761345917386414,24.761345917386414,0.00020128511298503292,2.7936838980935024,0.0002173142224373004,0.00010667788209456637,0.0008441862021914509,3.944952740320521e-05,188.24073761048203,5.716247880429665,0.03017952124818757,0.09236224807369398,0.1459989447547685,22089,5d890e842c10197e79599fb6ef3bc1a734a564040aa9abc3c0a7db265337975c,three_row_sha256,95ceb622b64167591e0f638acc13a72d34d22d3578ffd34d0ad6232a26f3c0ea,944f93c6fa033d604d9e90219484c40564bfebf4e3306a041f5ec522a76c0b9b,0f2cf9a67445117338a1c28f1312c232b1cbb8285fc218b4057ed38b092a75be,0.22193999029695988,0.22131484001874924,0.22370903752744198,0.5432888865470886,0.13216189108788967,0.7057629991322756,0.16492092981934547,2.2130985744297504,0.0,0.0,11.682882905006409,461.1571868881583,1981.7443992942572,101000,101000,,2.793683898093503,,False,False,ok
BNCI2014_001,resampled_spectral_normalized_power_s1,resampled,spectral,normalized_power,1,1788,203,500,500,1.0,22,253,0.0003040068683306522,0.017435792735939832,5.266348334187987,0.7520770435986182,24.79229564013819,24.79229564013819,0.00018070931268721085,2.793683898093503,0.00020153455020694054,8.897849411486518e-05,0.0005912371518769046,6.201316609841591e-05,188.240737610482,5.716247880429664,0.03017952124818757,0.09236224807369398,0.1459989447547685,22291,cafbeb05890ebc59164dc088d82ac3d7a6075d1e938dd7bb561387ddf7660896,three_row_sha256,3a2dedc21347bca204c1633a8d00a5a86520dcffee459c1e95266791744a87d6,944f93c6fa033d604d9e90219484c40564bfebf4e3306a041f5ec522a76c0b9b,0f2cf9a67445117338a1c28f1312c232b1cbb8285fc218b4057ed38b092a75be,0.23573893122375011,0.22361800074577332,0.22819195874035358,0.5651738028973341,0.13357005082070827,0.7332249078899622,0.1669710036367178,2.2864886559545994,0.0,0.0,12.214242946356535,463.4436755441129,1993.9586422406137,101500,101500,,2.793683898093503,,False,False,ok
BNCI2014_001,resampled_spectral_normalized_power_s1,resampled,spectral,normalized_power,1,1788,204,500,500,1.0,22,253,0.0003250615977495301,0.018029464710565594,5.267020161052295,0.752172985896745,24.782701410325505,24.782701410325505,0.00018677678643601583,2.793683898093503,0.00021487897870099375,9.661760865944602e-05,0.0006431427156737498,5.21546693753084e-05,188.24073761048203,5.716247880429664,0.03017952124818757,0.09236224807369398,0.1459989447547685,22494,51593f8d18afc1543f602422b69a276e9303bbf9417a16d6cc7035f6b4678139,three_row_sha256,688bfe3f4fc6ebc1151b24ef6faa08414f4a9e7ad46029722cf79b5ebf649f1f,944f93c6fa033d604d9e90219484c40564bfebf4e3306a041f5ec522a76c0b9b,0f2cf9a67445117338a1c28f1312c232b1cbb8285fc218b4057ed38b092a75be,0.2368418499827385,0.22804480977356434,0.22897799499332905,0.7206851150840521,0.3163989167660475,0.6992318667471409,0.20686490461230278,2.637045457959175,0.0,0.0,9.702966082841158,466.0807210020721,2003.6616083234549,102000,102000,,2.793683898093503,,False,False,ok
BNCI2014_001,resampled_spectral_normalized_power_s1,resampled,spectral,normalized_power,1,1788,205,500,500,1.0,22,253,0.0003012991978913816,0.017357972171062542,5.247996052394466,0.749456189648461,25.054381035153902,25.054381035153902,0.000181918674983717,2.793683898093503,0.00020326451544681296,8.62071146460975e-05,0.0006345263067912838,4.6127297568940985e-05,188.24073761048203,5.716247880429665,0.03017952124818757,0.09236224807369398,0.1459989447547685,22698,31ecbe9642f5b1560e0ae08d369bb18d7786bf491d4d249ac849a7d16a0ddf85,three_row_sha256,3d9fe136954a9435b614e01138bb372522b1975108ac8d7cf4e13b6ba30e1829,944f93c6fa033d604d9e90219484c40564bfebf4e3306a041f5ec522a76c0b9b,0f2cf9a67445117338a1c28f1312c232b1cbb8285fc218b4057ed38b092a75be,0.23215985856950283,0.22267107851803303,0.2284068614244461,0.5789981223642826,0.13603991828858852,0.5969770718365908,0.18440792337059975,2.1796608343720436,0.0,0.0,8.840754861012101,468.26038183644414,2012.502363184467,102500,102500,,2.793683898093503,,False,False,ok
BNCI2014_001,resampled_spectral_normalized_power_s1,resampled,spectral,normalized_power,1,1788,206,500,500,1.0,22,253,0.0003112374117340563,0.017641921996598225,5.251728966112047,0.7499892798533951,25.001072014660483,25.001072014660483,0.00018423190197107165,2.793683898093503,0.0002059338167731801,9.192649962501564e-05,0.0006044110617287795,5.782315779311342e-05,188.24073761048203,5.716247880429665,0.03017952124818757,0.09236224807369398,0.1459989447547685,22903,d7c7dfed166513152f285ffefce94a17f94b77f81203a594aef8b1d9b3979cc2,three_row_sha256,7cf0604784bbbba53b65cf2541548a60db3ef6f06b584524ea164afd038c978a,944f93c6fa033d604d9e90219484c40564bfebf4e3306a041f5ec522a76c0b9b,0f2cf9a67445117338a1c28f1312c232b1cbb8285fc218b4057ed38b092a75be,0.21672388538718224,0.22091297432780266,0.22272695787250996,0.563646899536252,0.1313819084316492,0.5661537870764732,0.1626969315111637,2.084243344143033,0.0,0.0,9.163409937173128,470.3446251805872,2021.66577312164,103000,103000,,2.793683898093503,,False,False,ok
BNCI2014_001,resampled_spectral_normalized_power_s1,resampled,spectral,normalized_power,1,1788,207,500,500,1.0,22,253,0.00030085711934768123,0.017345233332177495,5.249914094117238,0.7497301014858145,25.026989851418552,25.026989851418552,0.00017896336617106014,2.793683898093503,0.00020781957375676387,8.211670218545153e-05,0.0006254242272434462,4.7029332372223074e-05,188.24073761048206,5.716247880429664,0.03017952124818757,0.09236224807369398,0.1459989447547685,23109,dabf234c7f8a21a97cb8a7d73aca1903600856fefdc3458c81186963dcb62ee9,three_row_sha256,68211b75e217b4070cfef40872cee6feb40245c82d535c2972ff31ad350bdd2a,944f93c6fa033d604d9e90219484c40564bfebf4e3306a041f5ec522a76c0b9b,0f2cf9a67445117338a1c28f1312c232b1cbb8285fc218b4057ed38b092a75be,0.2088479232043028,0.2197730354964733,0.21988805383443832,0.536689069122076,0.12987293303012848,0.5688120145350695,0.15761214308440685,2.0414951723068953,0.0,0.0,8.570410078391433,472.38612035289407,2030.2361832000315,103500,103500,,2.793683898093503,,False,False,ok
BNCI2014_001,resampled_spectral_normalized_power_s1,resampled,spectral,normalized_power,1,1788,208,500,500,1.0,22,253,0.00032254256913751006,0.01795947017975503,5.2600580955546965,0.7511787467571153,24.882125324288477,24.882125324288477,0.0001873961408629537,2.7936838980935024,0.00021189901173518039,9.563651403045849e-05,0.0006391180703955201,5.248269144207459e-05,188.24073761048203,5.716247880429664,0.03017952124818757,0.09236224807369398,0.1459989447547685,23316,9e8cf3c9877496740b7e743fbc1523f3ba4cfbf2ec5ec9cf1ec5d1ec857b35c6,three_row_sha256,5a2cc87a6962331dd235374a5b60a13f3d4087effdabc5198c6fb7a71d4e504c,944f93c6fa033d604d9e90219484c40564bfebf4e3306a041f5ec522a76c0b9b,0f2cf9a67445117338a1c28f1312c232b1cbb8285fc218b4057ed38b092a75be,0.2085389569401741,0.22024009376764297,0.21933089010417461,0.5436039064079523,0.13178307563066483,0.5610249936580658,0.1575220376253128,2.0420439541339874,0.0,0.0,9.3187321908772,474.42816430702806,2039.5549153909087,104000,104000,,2.793683898093503,,False,False,ok
BNCI2014_001,resampled_spectral_normalized_power_s1,resampled,spectral,normalized_power,1,1788,209,500,500,1.0,22,253,0.00029673253494310405,0.01722592624340137,5.258168842786181,0.7509089462147676,24.909105378523247,24.909105378523247,0.00017652817848512473,2.793683898093503,0.00020204407525614967,8.476376531976958e-05,0.0005211067520916721,4.2116811458396396e-05,188.24073761048203,5.716247880429665,0.03017952124818757,0.09236224807369398,0.1459989447547685,23524,c4629fd98ab8450eb6c4327c872ec86842368f3161c9f8b49df6130e40a7d6a9,three_row_sha256,26733a3d868f41f647591cdbb2bc18998bf5553b6ee7cc80875472a6787d9af2,944f93c6fa033d604d9e90219484c40564bfebf4e3306a041f5ec522a76c0b9b,0f2cf9a67445117338a1c28f1312c232b1cbb8285fc218b4057ed38b092a75be,0.21961401216685772,0.22215698845684528,0.2255688887089491,0.5568068008869886,0.13498100452125072,0.5663640331476927,0.17187604680657387,2.097367774695158,0.0,0.0,9.346857899799943,476.5255320817232,2048.9017732907087,104500,104500,,2.793683898093503,,False,False,ok
BNCI2014_001,resampled_spectral_normalized_power_s1,resampled,spectral,normalized_power,1,1788,210,500,500,1.0,22,253,0.0003051348873390387,0.017468110582974872,5.270608519375546,0.7526854324247507,24.731456757524924,24.731456757524924,0.00018015365500756835,2.793683898093503,0.0002032896300884465,8.85290551992626e-05,0.000569661858896675,5.672812397884712e-05,188.24073761048203,5.716247880429664,0.03017952124818757,0.09236224807369398,0.1459989447547685,23733,deb1aadb50ffa3975dfa05b2e022339dfb60571500d975d2e1d64069b41be413,three_row_sha256,c262b43a0f118f9639d4d932427314c7321af8cda53187264e9844a7394e9279,944f93c6fa033d604d9e90219484c40564bfebf4e3306a041f5ec522a76c0b9b,0f2cf9a67445117338a1c28f1312c232b1cbb8285fc218b4057ed38b092a75be,0.22678705863654613,0.23521296679973602,0.2325011882930994,0.6576399318873882,0.1603520940989256,0.6936271674931049,0.20574498921632767,2.411865396425128,0.0,0.0,11.240296997129917,478.93739747814834,2060.1420702878386,105000,105000,,2.793683898093503,,False,False,ok
BNCI2014_001,resampled_spectral_normalized_power_s1,resampled,spectral,normalized_power,1,1788,211,500,500,1.0,22,253,0.00030892447057727346,0.017576247340580796,5.256739892542148,0.7507048805877362,24.92951194122638,24.92951194122638,0.0001859613805614159,2.793683898093503,0.0002037357694009363,9.100801600560954e-05,0.0006831550800765127,4.761111618953003e-05,188.24073761048203,5.716247880429664,0.03017952124818757,0.09236224807369398,0.1459989447547685,23943,0d197a8e63b6f2c75c6b058dff2bdf24b9da02a9b1f1f4d97fd4896e97f6d4b6,three_row_sha256,647a47a4e491d6b91f037b0c6c8681fed15bd7c545ef27301e452522fbea5823,944f93c6fa033d604d9e90219484c40564bfebf4e3306a041f5ec522a76c0b9b,0f2cf9a67445117338a1c28f1312c232b1cbb8285fc218b4057ed38b092a75be,0.2442849799990654,0.22298889234662056,0.2237649168819189,0.6361501291394234,0.15368685126304626,0.6186880636960268,0.18622097559273243,2.2857848089188337,0.0,0.0,10.784924030303955,481.2231822870672,2070.9269943181425,105500,105500,,2.793683898093503,,False,False,ok
BNCI2014_001,resampled_spectral_normalized_power_s1,resampled,spectral,normalized_power,1,1788,212,500,500,1.0,22,253,0.000311827102793566,0.017658626866026872,5.23995644734355,0.7483080691644547,25.16919308355453,25.16919308355453,0.00018495191150606926,2.793683898093503,0.0002102972878954867,8.849090080864532e-05,0.0007384721792541378,5.2789960073689114e-05,188.24073761048203,5.716247880429664,0.03017952124818757,0.09236224807369398,0.1459989447547685,24154,89c206d2698797731e30f6b98d2382b3eb7773aad69e6422cde63647bf823db5,three_row_sha256,0031521365e895be401505608b123cce8b072f83bcb2a93c54d3d9d819a6b074,944f93c6fa033d604d9e90219484c40564bfebf4e3306a041f5ec522a76c0b9b,0f2cf9a67445117338a1c28f1312c232b1cbb8285fc218b4057ed38b092a75be,0.23283110931515694,0.22202078253030777,0.22332509979605675,0.633257208392024,0.1463450025767088,0.6498068105429411,0.18033897504210472,2.2879249881953,0.0,0.0,10.831494117155671,483.5111072752625,2081.758488435298,106000,106000,,2.793683898093503,,False,False,ok
BNCI2014_001,resampled_spectral_normalized_power_s1,resampled,spectral,normalized_power,1,1788,213,500,500,1.0,22,253,0.0003072835437620499,0.0175295049491436,5.232023775615935,0.7471752196220093,25.282478037799073,25.282478037799073,0.00017935028968202825,2.7936838980935024,0.00020712103484759223,8.921399152251732e-05,0.0005406861940420579,4.689468511275893e-05,188.24073761048203,5.716247880429664,0.03017952124818757,0.09236224807369398,0.1459989447547685,24366,135ff4309de2080ef36ca497bf00673f0385371ede584e6b88b3f533c8084cc6,three_row_sha256,25c4c4a7671e628860413d2ec7dd24574f3b79742c5d4d00181b310041bf6e1e,944f93c6fa033d604d9e90219484c40564bfebf4e3306a041f5ec522a76c0b9b,0f2cf9a67445117338a1c28f1312c232b1cbb8285fc218b4057ed38b092a75be,0.2322690561413765,0.22044498473405838,0.22209598682820797,0.6182719953358173,0.14549610204994678,0.6024718750268221,0.18107588402926922,2.2221258841454983,0.0,0.0,11.552492156624794,485.733233159408,2093.310980591923,106500,106500,,2.793683898093503,,False,False,ok
BNCI2014_001,resampled_spectral_normalized_power_s1,resampled,spectral,normalized_power,1,1788,214,500,500,1.0,22,253,0.0003138023202398197,0.017714466411377444,5.243428390982722,0.7488038907360622,25.11961092639378,25.11961092639378,0.00018194833268351463,2.7936838980935024,0.00021004879972490309,9.16011867004187e-05,0.0005985754506300767,4.313887797410617e-05,188.24073761048203,5.716247880429664,0.03017952124818757,0.09236224807369398,0.1459989447547685,24579,7ddae404e424b3078de209fbfc9e6673c0f4e4d7ac0a21b7760ebdc148540797,three_row_sha256,f9ac30d8a8453b1d3536a5215de035e149b91f6610b5b309738b9001f820eb66,944f93c6fa033d604d9e90219484c40564bfebf4e3306a041f5ec522a76c0b9b,0f2cf9a67445117338a1c28f1312c232b1cbb8285fc218b4057ed38b092a75be,0.26533007621765137,0.22727996110916138,0.24099205620586872,0.6834350060671568,0.1557101495563984,0.6566119845956564,0.21428591571748257,2.4436451494693756,0.0,0.0,9.433272061869502,488.17687830887735,2102.7442526537925,107000,107000,,2.793683898093503,,False,False,ok
BNCI2014_001,resampled_spectral_normalized_power_s1,resampled,spectral,normalized_power,1,1788,215,500,500,1.0,22,253,0.0003126117190535182,0.017680829139311263,5.262167101996216,0.7514799298974653,24.852007010253466,24.852007010253466,0.00018786166265976877,2.7936838980935024,0.00020310056260932523,9.432498125926135e-05,0.0007525712524737661,6.060885755247403e-05,188.24073761048203,5.716247880429664,0.03017952124818757,0.09236224807369398,0.1459989447547685,24793,707229a2fe60d24cc417d3715bd43692fc97c89fd204a28250ec84c1b8c77106,three_row_sha256,9b7a8d6094ce32bb22621234708f0b20f4a2000c07160ec1759c0cd3cc532164,944f93c6fa033d604d9e90219484c40564bfebf4e3306a041f5ec522a76c0b9b,0f2cf9a67445117338a1c28f1312c232b1cbb8285fc218b4057ed38b092a75be,0.23024296388030052,0.22431602701544762,0.2271188423037529,0.5771068390458822,0.13853306882083416,0.6210720166563988,0.17713196575641632,2.1955217234790325,0.0,0.0,8.822782896459103,490.3724000323564,2111.5670355502516,107500,107500,,2.793683898093503,,False,False,ok
BNCI2014_001,resampled_spectral_normalized_power_s1,resampled,spectral,normalized_power,1,1788,216,500,500,1.0,22,253,0.0003160271559643538,0.017777152639395145,5.254222101217267,0.7503453196669893,24.965468033301082,24.965468033301082,0.00018480708991585397,2.793683898093503,0.0002132017851870017,9.015053872094e-05,0.0006262322612705055,6.699382464666069e-05,188.240737610482,5.716247880429664,0.03017952124818757,0.09236224807369398,0.1459989447547685,25008,2736e1c2695f8218250f4f969b137ee6b154c7ceee3992361d2065a010e311cd,three_row_sha256,f514aaef75889367ff79eefd0f74ea8510b06586753fcf16741c27da561aa6fc,944f93c6fa033d604d9e90219484c40564bfebf4e3306a041f5ec522a76c0b9b,0f2cf9a67445117338a1c28f1312c232b1cbb8285fc218b4057ed38b092a75be,0.21044001914560795,0.2258939202874899,0.22263010032474995,0.6959389429539442,0.2994800452142954,0.7268078625202179,0.1992101315408945,2.5804010219872,0.0,0.0,10.209098923951387,492.9528010543436,2121.776134474203,108000,108000,,2.793683898093503,,False,False,ok
BNCI2014_001,resampled_spectral_normalized_power_s1,resampled,spectral,normalized_power,1,1788,217,500,500,1.0,22,253,0.0003107919454752309,0.017629292256787592,5.2575714038275665,0.7508236271099129,24.917637289008702,24.917637289008702,0.00017993537906646934,2.793683898093503,0.0002102925505436824,9.066569375642186e-05,0.000540658074765413,4.807200731191736e-05,188.24073761048206,5.716247880429664,0.03017952124818757,0.09236224807369398,0.1459989447547685,25224,74afc7a3cc7cc94d44d610044b77b09bdbaa9257038770912bd7db731724869d,three_row_sha256,6cc237877caa81fc8df7d1ba2fbaed1d5dc521ae5a05f647dbba933989eb6c31,944f93c6fa033d604d9e90219484c40564bfebf4e3306a041f5ec522a76c0b9b,0f2cf9a67445117338a1c28f1312c232b1cbb8285fc218b4057ed38b092a75be,0.2315109595656395,0.2220321912318468,0.22461707703769207,0.5774169694632292,0.13444200158119202,0.654356088489294,0.17277291044592857,2.217148197814822,0.0,0.0,9.773073950782418,495.1699492521584,2131.5492084249854,108500,108500,,2.793683898093503,,False,False,ok
BNCI2014_001,resampled_spectral_normalized_power_s1,resampled,spectral,normalized_power,1,1788,218,500,500,1.0,22,253,0.00030980430851988033,0.01760125871975866,5.250182561370452,0.7497684407762084,25.023155922379154,25.023155922379154,0.00018256306727202444,2.793683898093503,0.0002071625017618371,8.999627402108905e-05,0.0005979181563609789,3.8576803007774944e-05,188.24073761048203,5.716247880429664,0.03017952124818757,0.09236224807369398,0.1459989447547685,25441,cebaaa2e8df39cf1bd662a26b94dffed2d69e5d655dc0dc2e90097f4afe6aeee,three_row_sha256,4299289b20cb0a63e3eca50d0820b543a2269a76ee5a2d02ee486517b8868727,944f93c6fa033d604d9e90219484c40564bfebf4e3306a041f5ec522a76c0b9b,0f2cf9a67445117338a1c28f1312c232b1cbb8285fc218b4057ed38b092a75be,0.23257802240550518,0.22301706485450268,0.22762920707464218,0.575933838263154,0.13159122318029404,0.6405510939657688,0.17229793593287468,2.2035983856767416,0.0,0.0,9.814098943024874,497.37354763783514,2141.3633073680103,109000,109000,,2.793683898093503,,False,False,ok
BNCI2014_001,resampled_spectral_normalized_power_s1,resampled,spectral,normalized_power,1,1788,219,500,500,1.0,22,253,0.000310244776390557,0.017613766672422936,5.250184065637402,0.7497686555976689,25.023134440233104,25.023134440233104,0.00018394644165776206,2.793683898093503,0.00020541712837102136,9.046791951212607e-05,0.0006364056635629661,5.591043085628271e-05,188.240737610482,5.716247880429664,0.03017952124818757,0.09236224807369398,0.1459989447547685,25659,00d30bb6e146ef007bad40bf6da13d27a1a8a386dcab9cc30e992e5a879a8098,three_row_sha256,2ddfb6bf03baffd9d7b1e0abc8506909f3d2257de32a06e99fd541afd04c7e65,944f93c6fa033d604d9e90219484c40564bfebf4e3306a041f5ec522a76c0b9b,0f2cf9a67445117338a1c28f1312c232b1cbb8285fc218b4057ed38b092a75be,0.22352905943989754,0.22396002896130085,0.226286007091403,0.5692960694432259,0.1401051413267851,0.5663640331476927,0.16480404883623123,2.1143443882465363,0.0,0.0,9.348060004413128,499.4878920260817,2150.7113673724234,109500,109500,,2.793683898093503,,False,False,ok
BNCI2014_001,resampled_spectral_normalized_power_s1,resampled,spectral,normalized_power,1,1788,220,500,500,1.0,22,253,0.00031366394845890115,0.017710560365468427,5.252963967251536,0.7501656479830531,24.983435201694693,24.983435201694693,0.00018397914790913377,2.793683898093503,0.00020926747142955443,9.08645533909198e-05,0.0006452803576665566,5.999630649875441e-05,188.24073761048203,5.716247880429664,0.03017952124818757,0.09236224807369398,0.1459989447547685,25878,f855f4e061b154775f75e8783ac92f45ebf17061e0fa4d06086a0df5914fc29b,three_row_sha256,96d8621926979a350958aa5f4d83b021ed983356d4c8c8233f51f80a3ab0d40a,944f93c6fa033d604d9e90219484c40564bfebf4e3306a041f5ec522a76c0b9b,0f2cf9a67445117338a1c28f1312c232b1cbb8285fc218b4057ed38b092a75be,0.212131068110466,0.22121192887425423,0.22100796923041344,0.5594799295067787,0.1325691118836403,0.6931379903107882,0.16393978148698807,2.203477779403329,0.0,0.0,8.61530308611691,501.691369805485,2159.3266704585403,110000,110000,,2.793683898093503,,False,False,ok
BNCI2014_001,resampled_spectral_normalized_power_s1,resampled,spectral,normalized_power,1,1788,221,500,500,1.0,22,253,0.00031550952686049084,0.017762587842442633,5.230644935231827,0.7469783100873812,25.30216899126188,25.30216899126188,0.00018495980525650796,2.793683898093503,0.00021134185272523616,9.201095058016132e-05,0.0006586608044307481,4.370208533809219e-05,188.240737610482,5.716247880429664,0.03017952124818757,0.09236224807369398,0.1459989447547685,26098,4c1640e1efc52216b7801c0907b54b1241f8feb3e6953745d1285e73fbe21fa0,three_row_sha256,33aa0a0e9642206b2e664539f47cdb86932dde9151f19c3ec917a7194b5781ef,944f93c6fa033d604d9e90219484c40564bfebf4e3306a041f5ec522a76c0b9b,0f2cf9a67445117338a1c28f1312c232b1cbb8285fc218b4057ed38b092a75be,0.2103468868881464,0.21978095173835754,0.21961098536849022,0.5522191058844328,0.13115513138473034,0.6516119465231895,0.15969108790159225,2.144416095688939,0.0,0.0,10.515863075852394,503.83578590117395,2169.8425335343927,110500,110500,,2.793683898093503,,False,False,ok
BNCI2014_001,resampled_spectral_normalized_power_s1,resampled,spectral,normalized_power,1,1788,222,500,500,1.0,22,253,0.00031591151153718955,0.01777389972789285,5.246121486387611,0.7491884864942062,25.081151350579376,25.081151350579376,0.00018958714035161283,2.793683898093503,0.0002101051077472631,8.994518036787865e-05,0.0007494880094578955,5.012816195495946e-05,188.24073761048203,5.716247880429664,0.03017952124818757,0.09236224807369398,0.1459989447547685,26319,97e291adf1d9e1054d53683114bc150cf27d9d2548ccbbf6513e8c37919a1c1c,three_row_sha256,bececa78aa2700b3ba676133d5735cf18d93ed18ba293a728686cccdac1eca43,944f93c6fa033d604d9e90219484c40564bfebf4e3306a041f5ec522a76c0b9b,0f2cf9a67445117338a1c28f1312c232b1cbb8285fc218b4057ed38b092a75be,0.23230607621371746,0.2227621152997017,0.2287370152771473,0.5652979016304016,0.13329903595149517,0.6029121577739716,0.16785506159067154,2.1531693637371063,0.0,0.0,9.545814013108611,505.98895526491106,2179.3883475475013,111000,111000,,2.793683898093503,,False,False,ok
BNCI2014_001,resampled_spectral_normalized_power_s1,resampled,spectral,normalized_power,1,1788,223,500,500,1.0,22,253,0.0003211377603348003,0.017920316970823934,5.244226968695207,0.7489179340782374,25.108206592176263,25.108206592176263,0.00019064367417536668,2.793683898093503,0.0002113293753801818,9.3969778324109e-05,0.0008076015567557793,5.1021953370524065e-05,188.24073761048203,5.716247880429664,0.03017952124818757,0.09236224807369398,0.1459989447547685,26541,b3711faf3992e2662d0291c087564ca5c30f1f61fead23608ee3fc96030fcb2a,three_row_sha256,8bc39802df511abcddf74b704b25c9a42588166adea5f0296d5c3c4bf5c3707e,944f93c6fa033d604d9e90219484c40564bfebf4e3306a041f5ec522a76c0b9b,0f2cf9a67445117338a1c28f1312c232b1cbb8285fc218b4057ed38b092a75be,0.227408017963171,0.22150995209813118,0.22454815916717052,0.5560589488595724,0.1319290604442358,0.5746530368924141,0.16406201757490635,2.1001691929996014,0.0,0.0,8.5229289252311,508.08912445791066,2187.9112764727324,111500,111500,,2.793683898093503,,False,False,ok
BNCI2014_001,resampled_spectral_normalized_power_s1,resampled,spectral,normalized_power,1,1788,224,500,500,1.0,22,253,0.0003008743002497098,0.01734572858803313,5.2444447834158625,0.7489490397781964,25.105096022180362,25.105096022180362,0.00018375249592959605,2.793683898093503,0.00019827450286497708,8.692327029097056e-05,0.0006512019895597141,4.7423947134785914e-05,188.24073761048203,5.716247880429665,0.03017952124818757,0.09236224807369398,0.1459989447547685,26764,cec6753e21f5f4180387b91cd740eb26fc1cf6044970b9b69857bda0acb9a5fc,three_row_sha256,751d67ae50485f7a66ce6b50712f2ca3b0694feecd9075a3ec91b923538a6a84,944f93c6fa033d604d9e90219484c40564bfebf4e3306a041f5ec522a76c0b9b,0f2cf9a67445117338a1c28f1312c232b1cbb8285fc218b4057ed38b092a75be,0.2179818693548441,0.22188900038599968,0.2221730537712574,0.5591218359768391,0.13014720752835274,0.6536999717354774,0.16170507296919823,2.1667180117219687,0.0,0.0,9.159511886537075,510.2558424696326,2197.0707883592695,112000,112000,,2.793683898093503,,False,False,ok
BNCI2014_001,resampled_spectral_normalized_power_s1,resampled,spectral,normalized_power,1,1788,225,500,500,1.0,22,253,0.00031845471568548,0.017845299540368606,5.254337900599931,0.7503618567533796,24.96381432466204,24.96381432466204,0.00018517795066123627,2.793683898093503,0.0002083572534288013,9.624918671928094e-05,0.0006059831901800662,3.7361376343502555e-05,188.240737610482,5.716247880429665,0.03017952124818757,0.09236224807369398,0.1459989447547685,26988,7651bf35e297051e229a1ca2cd0c6f58f146b4478f8d6a811e0a31facd2ebb43,three_row_sha256,96a4cd034cc2cd46b59b5444cc7690a3c709695bddb354ee997c6bee9292ae84,944f93c6fa033d604d9e90219484c40564bfebf4e3306a041f5ec522a76c0b9b,0f2cf9a67445117338a1c28f1312c232b1cbb8285fc218b4057ed38b092a75be,0.30553294345736504,0.24652318097651005,0.2437490038573742,0.7204129360616207,0.13899104669690132,0.7611471228301525,0.17767795361578465,2.5940341874957085,0.0,0.0,8.573205908760428,512.8498766571283,2205.64399426803,112500,112500,,2.793683898093503,,False,False,ok
BNCI2014_001,resampled_spectral_normalized_power_s1,resampled,spectral,normalized_power,1,1788,226,500,500,1.0,22,253,0.0002946319331057325,0.017164845851499293,5.241524614912903,0.7485320161490797,25.146798385092033,25.146798385092033,0.00017968024417780893,2.793683898093503,0.0001968568363218178,8.502024383483981e-05,0.0006028631558903251,3.8533155687865694e-05,188.24073761048206,5.716247880429664,0.03017952124818757,0.09236224807369398,0.1459989447547685,27213,92de46bc777d8364d23318156c774517cd7500cf9b12ad4802c06e03ad19a24e,three_row_sha256,5ea332f2184477d9d11212eb1b85f79b0f72ca980c6bd8b1c6d10ed73276dd97,944f93c6fa033d604d9e90219484c40564bfebf4e3306a041f5ec522a76c0b9b,0f2cf9a67445117338a1c28f1312c232b1cbb8285fc218b4057ed38b092a75be,0.22503314539790154,0.22109807468950748,0.21989899687469006,0.554380938410759,0.13087294064462185,0.5662788171321154,0.16231206245720387,2.079874975606799,0.0,0.0,10.21259417757392,514.9297516327351,2215.856588445604,113000,113000,,2.793683898093503,,False,False,ok
BNCI2014_001,resampled_spectral_normalized_power_s1,resampled,spectral,normalized_power,1,1788,227,500,500,1.0,22,253,0.0003242124922243221,0.018005901594319626,5.245435945989013,0.7490905857927092,25.09094142072908,25.09094142072908,0.00018706706034368655,2.793683898093503,0.00021291193523681386,9.698753361789134e-05,0.0006378371826515328,5.014916062000162e-05,188.24073761048206,5.716247880429664,0.03017952124818757,0.09236224807369398,0.1459989447547685,27439,b98788d04ee2ed94bf5b67a0b1768e6f9a714f949f692cdcb757c33c209ba831,three_row_sha256,a1121600fb74e77b68d302e2c56413986bc5367f76cc93735067b46b755cf47d,944f93c6fa033d604d9e90219484c40564bfebf4e3306a041f5ec522a76c0b9b,0f2cf9a67445117338a1c28f1312c232b1cbb8285fc218b4057ed38b092a75be,0.24403491988778114,0.2266978845000267,0.23324904032051563,0.5994569510221481,0.14059199020266533,0.6509409286081791,0.2188039943575859,2.313775708898902,0.0,0.0,8.646076079457998,517.243527341634,2224.502664525062,113500,113500,,2.793683898093503,,False,False,ok
BNCI2014_001,resampled_spectral_normalized_power_s1,resampled,spectral,normalized_power,1,1788,228,500,500,1.0,22,253,0.0003060694314293303,0.017494840137289917,5.236117469414197,0.7477598321341001,25.224016786589985,25.224016786589985,0.0001827308183995703,2.793683898093503,0.0002021150070330439,9.005093838605086e-05,0.0006231552006903444,3.9891823146634955e-05,188.24073761048203,5.716247880429664,0.03017952124818757,0.09236224807369398,0.1459989447547685,27666,2c7a7e9e5fbebdc923f4e0ea2b62278bff1492a6f8bdd7d17ece2f65b36cc5c0,three_row_sha256,9468e5b377c5347924da514351e049121306c702a6480d7fb13059d16496b05d,944f93c6fa033d604d9e90219484c40564bfebf4e3306a041f5ec522a76c0b9b,0f2cf9a67445117338a1c28f1312c232b1cbb8285fc218b4057ed38b092a75be,0.21900306455790997,0.22121984511613846,0.22742501460015774,0.5539699923247099,0.13289088383316994,0.610776012763381,0.16301311552524567,2.1282979287207127,0.0,0.0,11.06253918260336,519.3718252703547,2235.565203707665,114000,114000,,2.793683898093503,,False,False,ok
BNCI2014_001,resampled_spectral_normalized_power_s1,resampled,spectral,normalized_power,1,1788,229,500,500,1.0,22,253,0.0002985902645001421,0.017279764596201595,5.249211010438538,0.7496296954623377,25.037030453766228,25.037030453766228,0.00017647207927708753,2.793683898093503,0.00020589605264535786,8.350330667651096e-05,0.0005698988557594968,3.558098494677244e-05,188.24073761048203,5.716247880429664,0.03017952124818757,0.09236224807369398,0.1459989447547685,27894,a44dda87fc899222f54cc7e53cdbe4d73744ea5e5bccbd32038ed79b6bf8a598,three_row_sha256,f92a319397fc3d236a89b2794c46981f668945139f9b75ece64175969a962f0c,944f93c6fa033d604d9e90219484c40564bfebf4e3306a041f5ec522a76c0b9b,0f2cf9a67445117338a1c28f1312c232b1cbb8285fc218b4057ed38b092a75be,0.37634395994246006,0.25713793002068996,0.2737899776548147,1.1328980326652527,0.21837116219103336,0.6916129495948553,0.1966159325093031,3.146769944578409,0.0,0.0,8.921118918806314,522.5185952149332,2244.4863226264715,114500,114500,,2.793683898093503,,False,False,ok
BNCI2014_001,resampled_spectral_normalized_power_s1,resampled,spectral,normalized_power,1,1788,230,500,500,1.0,22,253,0.0003320893645204363,0.018223319250905864,5.237907390990136,0.7480154473805065,25.198455261949345,25.198455261949345,0.0001899753967731808,2.7936838980935024,0.0002185396981103374,9.968907517033547e-05,0.0007008391871224412,4.7388765084399746e-05,188.240737610482,5.716247880429664,0.03017952124818757,0.09236224807369398,0.1459989447547685,28123,761ab2923e815d6acba3472cb287cc44ea6cad3ab4ec03192a966386f08fa74b,three_row_sha256,e558634e44e61eb0835ac0fb6cec868659acc5335910647c47e2aa481087f97c,944f93c6fa033d604d9e90219484c40564bfebf4e3306a041f5ec522a76c0b9b,0f2cf9a67445117338a1c28f1312c232b1cbb8285fc218b4057ed38b092a75be,0.3196371253579855,0.22780918516218662,0.23368303664028645,0.7224190048873425,0.1596489455550909,0.6182440556585789,0.2507369499653578,2.5321783032268286,0.0,0.0,11.521021137014031,525.05077351816,2256.0073437634856,115000,115000,,2.793683898093503,,False,False,ok
BNCI2014_001,resampled_spectral_normalized_power_s1,resampled,spectral,normalized_power,1,1788,231,500,500,1.0,22,253,0.00031631010800846284,0.017785109164929598,5.227176990744075,0.7464830596268712,25.351694037312875,25.351694037312875,0.00018544886731219714,2.793683898093503,0.00020908329345268657,9.323234917954119e-05,0.0006082274237314644,5.819100170628983e-05,188.24073761048203,5.716247880429664,0.03017952124818757,0.09236224807369398,0.1459989447547685,28353,14608a7dd5fbf3f43c14e4aa1f19a69a57410d29888146260fe58bb1a71c83ca,three_row_sha256,c515effffd2ab5cb067cbdabe097bb848958ab9ff53a4c6990ab000ee1a4e7b2,944f93c6fa033d604d9e90219484c40564bfebf4e3306a041f5ec522a76c0b9b,0f2cf9a67445117338a1c28f1312c232b1cbb8285fc218b4057ed38b092a75be,0.2424190752208233,0.22485596127808094,0.2355331089347601,0.5992769729346037,0.14129700139164925,0.7762971799820662,0.17288303934037685,2.3925623390823603,0.0,0.0,12.882011942565441,527.4433358572423,2268.889355706051,115500,115500,,2.793683898093503,,False,False,ok
BNCI2014_001,resampled_spectral_normalized_power_s1,resampled,spectral,normalized_power,1,1788,232,500,500,1.0,22,253,0.0003251268061890082,0.01803127300522645,5.2219087464405405,0.7457307118235487,25.42692881764513,25.42692881764513,0.00019192898091446964,2.7936838980935024,0.00020879413450986705,9.818805164479234e-05,0.0007062968152845614,3.8516947313958256e-05,188.24073761048206,5.716247880429664,0.03017952124818757,0.09236224807369398,0.1459989447547685,28584,d8056f41eae9cdee16a01247f9f39db59e78812dd678e2a939db9525f67ed2cc,three_row_sha256,d2e7a81ce04489add05c7033fd7283e02e1da5851e714aabf2e39a6cfe92d207,944f93c6fa033d604d9e90219484c40564bfebf4e3306a041f5ec522a76c0b9b,0f2cf9a67445117338a1c28f1312c232b1cbb8285fc218b4057ed38b092a75be,0.23863883689045906,0.23334287106990814,0.23212400265038013,0.6147520616650581,0.14397501945495605,0.7596479263156652,0.2337978221476078,2.4562785401940346,0.0,0.0,12.374009005725384,529.8996143974364,2281.2633647117764,116000,116000,,2.793683898093503,,False,False,ok
BNCI2014_001,resampled_spectral_normalized_power_s1,resampled,spectral,normalized_power,1,1788,233,500,500,1.0,22,253,0.0003199942651392264,0.017888383525048495,5.2146802955289955,0.7446984306969736,25.53015693030264,25.53015693030264,0.0001894396934393194,2.793683898093503,0.00020913775375747592,9.452425325482541e-05,0.0007208104334101768,4.491180120802493e-05,188.24073761048203,5.716247880429664,0.03017952124818757,0.09236224807369398,0.1459989447547685,28816,5241f541235172a7072c5a62d05fb439d74b409babdda5905616d3ac6db377ac,three_row_sha256,f102cbcc7f5a2d76abcbc3ade0d1ddd1130538a8c0912f9f01a59a5015d6ab47,944f93c6fa033d604d9e90219484c40564bfebf4e3306a041f5ec522a76c0b9b,0f2cf9a67445117338a1c28f1312c232b1cbb8285fc218b4057ed38b092a75be,0.40220399387180805,0.2540159039199352,0.2606501802802086,0.6875649560242891,0.14744512736797333,0.7723430171608925,0.18771621398627758,2.7119393926113844,0.0,0.0,8.41731601394713,532.6115537900478,2289.6806807257235,116500,116500,,2.793683898093503,,False,False,ok
BNCI2014_001,resampled_spectral_normalized_power_s1,resampled,spectral,normalized_power,1,1788,234,500,500,1.0,22,253,0.00031021300441410796,0.01761286474183311,5.225079130506536,0.7461834682544037,25.381653174559627,25.381653174559627,0.00018444367250474144,2.793683898093503,0.00020239910237849535,9.406270219694712e-05,0.0006135677096539084,4.414048942900872e-05,188.24073761048203,5.716247880429665,0.03017952124818757,0.09236224807369398,0.1459989447547685,29049,df5ae347cf6891aa921d5e742ccdb100c40159f66ff702d82986bca32f7d4c7c,three_row_sha256,ac0e5e3ffce09cd01f772dd09742a0b6dabcc58d98836f122881cd2a7ec90129,944f93c6fa033d604d9e90219484c40564bfebf4e3306a041f5ec522a76c0b9b,0f2cf9a67445117338a1c28f1312c232b1cbb8285fc218b4057ed38b092a75be,0.2539020497351885,0.23777992464601994,0.25174999609589577,0.848385039716959,0.19886810332536697,0.6489120423793793,0.28384593315422535,2.723443089053035,0.0,0.0,11.172248981893063,535.3349968791008,2300.8529297076166,117000,117000,,2.793683898093503,,False,False,ok
BNCI2014_001,resampled_spectral_normalized_power_s1,resampled,spectral,normalized_power,1,1788,235,500,500,1.0,22,253,0.0003069511175688179,0.017520020478550186,5.225899964150783,0.7463006899232485,25.369931007675145,25.369931007675145,0.0001817414558706233,2.7936838980935024,0.00020193845412817292,9.136143224144421e-05,0.0006061937579264751,4.817741864850911e-05,188.24073761048203,5.716247880429664,0.03017952124818757,0.09236224807369398,0.1459989447547685,29283,69550e21025af9f3eaf7338077255bd61b4d3346c894115996e6baa9d397c56f,three_row_sha256,8630d4491ab8f172c0acc72d232c1c735c6b4ac8f22d23fafc61d334aadbaa31,944f93c6fa033d604d9e90219484c40564bfebf4e3306a041f5ec522a76c0b9b,0f2cf9a67445117338a1c28f1312c232b1cbb8285fc218b4057ed38b092a75be,0.22319494746625423,0.22091693244874477,0.22155302576720715,0.5564161110669374,0.13231299817562103,0.5882368423044682,0.16169296577572823,2.104323823004961,0.0,0.0,11.903250124305487,537.4393207021058,2312.756179831922,117500,117500,,2.793683898093503,,False,False,ok
BNCI2014_001,resampled_spectral_normalized_power_s1,resampled,spectral,normalized_power,1,1788,236,500,500,1.0,22,253,0.00030273437747859,0.017399263705070684,5.244096166606945,0.7488992544844099,25.110074551559013,25.110074551559013,0.00017862267360508564,2.793683898093503,0.00020299949417159187,8.833665614527994e-05,0.000595685241541237,3.625237153651651e-05,188.240737610482,5.716247880429664,0.03017952124818757,0.09236224807369398,0.1459989447547685,29518,7dd2d3987d6ce0540bd25edcd8580c902e64cfefb3f730b19e809fc6203f98ba,three_row_sha256,8f85f4f7080c2d4625c6f1e51e6737f1fa3bd453f2cf3bb0ac05fbc297f9d47b,944f93c6fa033d604d9e90219484c40564bfebf4e3306a041f5ec522a76c0b9b,0f2cf9a67445117338a1c28f1312c232b1cbb8285fc218b4057ed38b092a75be,0.2106658648699522,0.22737099789083004,0.2206538338214159,0.5358851049095392,0.13527297414839268,0.5707191303372383,0.16068900004029274,2.061256906017661,0.0,0.0,12.565940851345658,539.5005776081234,2325.3221206832677,118000,118000,,2.793683898093503,,False,False,ok
BNCI2014_001,resampled_spectral_normalized_power_s1,resampled,spectral,normalized_power,1,1788,237,500,500,1.0,22,253,0.00032370732643096137,0.017991868341863816,5.231856552256769,0.7471513387767629,25.28486612232371,25.28486612232371,0.00019250835769105728,2.793683898093503,0.00020901080951902018,9.772921740842384e-05,0.0007119180423974445,6.3205791326736e-05,188.24073761048203,5.716247880429664,0.03017952124818757,0.09236224807369398,0.1459989447547685,29754,9c01b8e0e54e3762c28c3c9f4e9655f6711d0939e81125f986b1adb2b4d7cfa0,three_row_sha256,0fceeedb747fba6997cf7c4d8941ff9dc5bc3bfeb1eae4beec45a59939917307,944f93c6fa033d604d9e90219484c40564bfebf4e3306a041f5ec522a76c0b9b,0f2cf9a67445117338a1c28f1312c232b1cbb8285fc218b4057ed38b092a75be,0.24402886629104614,0.22186688147485256,0.22273813374340534,0.544580165296793,0.13848114758729935,0.5550531204789877,0.16100890934467316,2.0877572242170572,0.0,0.0,10.362146887928247,541.5883348323405,2335.684267571196,118500,118500,,2.793683898093503,,False,False,ok
BNCI2014_001,resampled_spectral_normalized_power_s1,resampled,spectral,normalized_power,1,1788,238,500,500,1.0,22,253,0.00030164834640504035,0.017368026554707944,5.213700139928902,0.7445584565670438,25.54415434329562,25.54415434329562,0.00018087290642259613,2.793683898093503,0.0002006932491927345,8.868877056848493e-05,0.0006181358973942699,5.1112646834348393e-05,188.240737610482,5.716247880429664,0.03017952124818757,0.09236224807369398,0.1459989447547685,29991,185466a80b2410497c871f82ee9983f1224bcecbb22b207be94c6414fa7a6a3f,three_row_sha256,4093b51a7a1b6409cadc37784d58024f24891f79064533c7d4875fdcc9c2e810,944f93c6fa033d604d9e90219484c40564bfebf4e3306a041f5ec522a76c0b9b,0f2cf9a67445117338a1c28f1312c232b1cbb8285fc218b4057ed38b092a75be,0.34741987474262714,0.24854298681020737,0.2505900338292122,0.9708108846098185,0.24900794960558414,0.6173790898174047,0.29937783256173134,2.9831286519765854,0.0,0.0,9.70596494153142,544.5714634843171,2345.3902325127274,119000,119000,,2.793683898093503,,False,False,ok
BNCI2014_001,resampled_spectral_normalized_power_s1,resampled,spectral,normalized_power,1,1788,239,500,500,1.0,22,253,0.00030711235536871157,0.01752462140443301,5.21888722012827,0.7452992134812655,25.470078651873447,25.470078651873447,0.00018134047050395358,2.7936838980935024,0.00020616793529824762,8.858280072667313e-05,0.0005928992721345198,3.98393958351356e-05,188.24073761048203,5.716247880429664,0.03017952124818757,0.09236224807369398,0.1459989447547685,30229,6cdd8f26a4e2e2331e1facc1dd7e6e31755c868265557932f58cc1225e61b5d3,three_row_sha256,6dad17c4ff898fb5a7927b488c6408c313fded61e2f6895c77471a519b3f148e,944f93c6fa033d604d9e90219484c40564bfebf4e3306a041f5ec522a76c0b9b,0f2cf9a67445117338a1c28f1312c232b1cbb8285fc218b4057ed38b092a75be,0.22782478481531143,0.22021192125976086,0.22355210967361927,0.5645789206027985,0.1319281291216612,0.7681709248572588,0.23191096261143684,2.368177752941847,0.0,0.0,11.310482863336802,546.9396412372589,2356.700715376064,119500,119500,,2.793683898093503,,False,False,ok
BNCI2014_001,resampled_spectral_normalized_power_s1,resampled,spectral,normalized_power,1,1788,240,500,500,1.0,22,253,0.0002992475861500022,0.01729877412275223,5.21233992973226,0.7443642075735388,25.563579242646124,25.563579242646124,0.00017940040451895864,2.793683898093503,0.00020050953974057122,8.750008713999442e-05,0.0005765140235997103,5.5832498955860024e-05,188.240737610482,5.716247880429664,0.03017952124818757,0.09236224807369398,0.1459989447547685,30468,7bab45a1e868f34f7a535d77e602b9737e578897fbd8fd2a926e93a0fe1772c4,three_row_sha256,8e7042c063d948f84b7162832cf0e8491ad1a9c1e93dcd9da61e19a63cf673e4,944f93c6fa033d604d9e90219484c40564bfebf4e3306a041f5ec522a76c0b9b,0f2cf9a67445117338a1c28f1312c232b1cbb8285fc218b4057ed38b092a75be,0.26846304535865784,0.2395289484411478,0.24118414148688316,0.702359015122056,0.15673483721911907,0.8027581498026848,0.22333301603794098,2.6343611534684896,0.0,0.0,9.407157078385353,549.5740023907274,2366.1078724544495,120000,120000,,2.793683898093503,,False,False,ok
BNCI2014_001,resampled_spectral_normalized_power_s1,resampled,spectral,normalized_power,1,1788,241,500,500,1.0,22,253,0.00032129975973297465,0.017924836393478593,5.207491667158765,0.7436718365506816,25.632816344931847,25.632816344931847,0.00019091537642518022,2.7936838980935024,0.0002092221454447547,9.493197096176592e-05,0.0007107153665249186,5.238681035962889e-05,188.24073761048203,5.716247880429664,0.03017952124818757,0.09236224807369398,0.1459989447547685,30708,46c361688044524223f3644540ba2697a8b1170b8d681a9d7dc3bad957ccd93e,three_row_sha256,f7bdbd0fb25b0053287bf379c559ea0fec1b096eff017f7515cb90a7867b95c1,944f93c6fa033d604d9e90219484c40564bfebf4e3306a041f5ec522a76c0b9b,0f2cf9a67445117338a1c28f1312c232b1cbb8285fc218b4057ed38b092a75be,0.23585697636008263,0.22354698739945889,0.22675096988677979,0.5752078723162413,0.1426120288670063,0.5986508913338184,0.17510890029370785,2.177734626457095,0.0,0.0,9.038709104061127,551.7517370171845,2375.1465815585107,120500,120500,,2.793683898093503,,False,False,ok
BNCI2014_001,resampled_spectral_normalized_power_s1,resampled,spectral,normalized_power,1,1788,242,500,500,1.0,22,253,0.00030860850991957036,0.01756725675566821,5.210604148497797,0.7441163240048287,25.588367599517127,25.588367599517127,0.0001821914076609655,2.793683898093503,0.0002067463399579223,8.921809598800086e-05,0.0006260081114392245,4.906388703279372e-05,188.240737610482,5.716247880429664,0.03017952124818757,0.09236224807369398,0.1459989447547685,30949,10a80a69387f87f7058222e164fbaf15a53c20ac12485b7d2a4bfa1e27637d30,three_row_sha256,df9647ca39690acf6a7f77f8af321026bb6ddb1f2f5de502fa3b218d746bdd77,944f93c6fa033d604d9e90219484c40564bfebf4e3306a041f5ec522a76c0b9b,0f2cf9a67445117338a1c28f1312c232b1cbb8285fc218b4057ed38b092a75be,0.23509887978434563,0.22194813936948776,0.22285687737166882,0.573465833440423,0.13335305266082287,0.6342390552163124,0.16449089162051678,2.1854527294635773,0.0,0.0,8.89801885932684,553.9371897466481,2384.0446004178375,121000,121000,,2.793683898093503,,False,False,ok
BNCI2014_001,resampled_spectral_normalized_power_s1,resampled,spectral,normalized_power,1,1788,243,500,500,1.0,22,253,0.00032081967631150085,0.01791143981681821,5.196387067172829,0.7420860100542548,25.791398994574518,25.791398994574518,0.00018863129946875814,2.793683898093503,0.0002087162098435733,9.552410133106949e-05,0.0006443568799533668,3.930777338952709e-05,188.240737610482,5.716247880429664,0.03017952124818757,0.09236224807369398,0.1459989447547685,31191,c35f7013d8f42c31df4fc4dc89a024ca28e9c0501db3463b38b139ef06f31c38,three_row_sha256,8d92c684c7484fa7f65d67d91a72e4a1db9241b6b075cb372a89360fd2326e13,944f93c6fa033d604d9e90219484c40564bfebf4e3306a041f5ec522a76c0b9b,0f2cf9a67445117338a1c28f1312c232b1cbb8285fc218b4057ed38b092a75be,0.2202137839049101,0.22296002134680748,0.22630300372838974,0.5605639889836311,0.1314869150519371,0.6126039661467075,0.16448390670120716,2.1386155858635902,0.0,0.0,10.807315120473504,556.0758053325117,2394.851915538311,121500,121500,,2.793683898093503,,False,False,ok
BNCI2014_001,resampled_spectral_normalized_power_s1,resampled,spectral,normalized_power,1,1788,244,500,500,1.0,22,253,0.0003147417702229328,0.017740963057932702,5.197850426659159,0.7422949895987823,25.770501040121772,25.770501040121772,0.00018189715463575796,2.793683898093503,0.000209564374272142,9.224583027355898e-05,0.0005631778751003465,5.241655924785822e-05,188.240737610482,5.716247880429664,0.03017952124818757,0.09236224807369398,0.1459989447547685,31434,ac5576a6d669ed150fb45815dd7b1a15024c9ceabd9c487818fb0115931463ca,three_row_sha256,334b98bab09a569be36b54e5b430a1c7b73eaf85ca794d2bf75efae7e3e2433c,944f93c6fa033d604d9e90219484c40564bfebf4e3306a041f5ec522a76c0b9b,0f2cf9a67445117338a1c28f1312c232b1cbb8285fc218b4057ed38b092a75be,0.24776090867817402,0.22699101828038692,0.24052103981375694,0.5994620732963085,0.1392869744449854,0.6143441423773766,0.20060385577380657,2.268970012664795,0.0,0.0,8.797171991318464,558.3447753451765,2403.6490875296295,122000,122000,,2.793683898093503,,False,False,ok
BNCI2014_001,resampled_spectral_normalized_power_s1,resampled,spectral,normalized_power,1,1788,245,500,500,1.0,22,253,0.000314604921794251,0.017737105789678624,5.2005629976768795,0.7426823666316145,25.731763336838558,25.731763336838558,0.00018535274618566633,2.7936838980935033,0.0002072257008626876,9.387759808102811e-05,0.0006369286616093099,4.63488646501723e-05,188.24073761048203,5.716247880429664,0.03017952124818757,0.09236224807369398,0.1459989447547685,31678,90acc16f32911657ba70461b79463b0a8a9df9341c48d5da177f9f52ccef7d8d,three_row_sha256,5ad8557f4d2edfd3e54e44eea9a9be2bf2dee3f7d8ad26d260e29dbbbaf76ee8,944f93c6fa033d604d9e90219484c40564bfebf4e3306a041f5ec522a76c0b9b,0f2cf9a67445117338a1c28f1312c232b1cbb8285fc218b4057ed38b092a75be,0.25286711752414703,0.22651394829154015,0.23153400979936123,0.6080321036279202,0.13651186600327492,0.6181979551911354,0.17283018678426743,2.2464871872216463,0.0,0.0,9.048033971339464,560.5912625323981,2412.697121500969,122500,122500,,2.793683898093503,,False,False,ok
BNCI2014_001,resampled_spectral_normalized_power_s1,resampled,spectral,normalized_power,1,1788,246,500,500,1.0,22,253,0.0003313122971339077,0.01820198607663207,5.193099457084906,0.7416165128014091,25.83834871985909,25.83834871985909,0.0001906091714105603,2.793683898093503,0.00021806059782152436,9.76562448972994e-05,0.0007286554519587056,5.775745497086289e-05,188.24073761048203,5.716247880429664,0.03017952124818757,0.09236224807369398,0.1459989447547685,31923,47162e4269484a29c161a076f08a82d08cea47c9d3b4b3b49f19dade3f635abd,three_row_sha256,7fe6a70adedf5e9f8056ad78582bd715357a10090c809e74f8c1868134dd30ce,944f93c6fa033d604d9e90219484c40564bfebf4e3306a041f5ec522a76c0b9b,0f2cf9a67445117338a1c28f1312c232b1cbb8285fc218b4057ed38b092a75be,0.2241551410406828,0.22508203983306885,0.22480986081063747,0.5715771112591028,0.1428048126399517,0.7357068825513124,0.19145198166370392,2.31558782979846,0.0,0.0,8.335752179846168,562.9068503621966,2421.032873680815,123000,123000,,2.793683898093503,,False,False,ok
BNCI2014_001,resampled_spectral_normalized_power_s1,resampled,spectral,normalized_power,1,1788,247,500,500,1.0,22,253,0.00030840292374624903,0.017561404378529898,5.178653515785375,0.7395535157994788,26.04464842005212,26.04464842005212,0.00018032764074418062,2.793683898093503,0.00020696441682478757,9.046074295170572e-05,0.0005486478193381719,4.7216694229482166e-05,188.24073761048203,5.716247880429664,0.03017952124818757,0.09236224807369398,0.1459989447547685,32169,082d8d5a29dd1f9328b9c9980aa8f72ad2d9c0d9a6a0bfc7a2edc692e6d462b6,three_row_sha256,f6b8922a3c647c006f6286ad7e8b533a1a7ec3541e664c303606462a3821bd32,944f93c6fa033d604d9e90219484c40564bfebf4e3306a041f5ec522a76c0b9b,0f2cf9a67445117338a1c28f1312c232b1cbb8285fc218b4057ed38b092a75be,0.23662811145186424,0.2250010147690773,0.22473488934338093,0.5645060446113348,0.13295607641339302,0.645320164039731,0.16648788005113602,2.1956341806799173,0.0,0.0,8.921559900045395,565.1024845428765,2429.9544335808605,123500,123500,,2.793683898093503,,False,False,ok
BNCI2014_001,resampled_spectral_normalized_power_s1,resampled,spectral,normalized_power,1,1788,248,500,500,1.0,22,253,0.0003214543139438592,0.01792914705009302,5.181913526769427,0.7400190716775563,25.99809283224437,25.99809283224437,0.00018698205319139896,2.7936838980935024,0.00020984738626964177,9.741594971517087e-05,0.0006311141962886031,4.568169129410178e-05,188.24073761048203,5.716247880429664,0.03017952124818757,0.09236224807369398,0.1459989447547685,32416,c3d0e027bdd0f0f29ef8ca6027d158070fc1c506876cecdb577a6c8f18fbd366,three_row_sha256,d33c44d04942ddcf37811cde436d4a7efb0f4d2c6802f2cecccda9cf3d2a38f3,944f93c6fa033d604d9e90219484c40564bfebf4e3306a041f5ec522a76c0b9b,0f2cf9a67445117338a1c28f1312c232b1cbb8285fc218b4057ed38b092a75be,0.21518603898584843,0.22169295698404312,0.22233999334275723,0.5702250637114048,0.13395212590694427,0.7309310603886843,0.16387109644711018,2.2581983357667923,0.0,0.0,9.115368127822876,567.3606828786433,2439.0698017086834,124000,124000,,2.793683898093503,,False,False,ok
BNCI2014_001,resampled_spectral_normalized_power_s1,resampled,spectral,normalized_power,1,1788,249,500,500,1.0,22,253,0.00031638948638366087,0.017787340621454935,5.179117744458301,0.7396198114004783,26.038018859952167,26.038018859952167,0.00018833942880445832,2.793683898093503,0.00020674635495963095,9.364887352831105e-05,0.0007465661403678105,5.638217888733233e-05,188.24073761048203,5.716247880429664,0.03017952124818757,0.09236224807369398,0.1459989447547685,32664,7ca9b34492e36ac300736e1e04ee1a2328e935bae52dd6f072c9a3e9f7d42a77,three_row_sha256,e6849e3aa55f6d13651ad4518b8f12267a7a8cfb600aaab8aaa9039f91cd1352,944f93c6fa033d604d9e90219484c40564bfebf4e3306a041f5ec522a76c0b9b,0f2cf9a67445117338a1c28f1312c232b1cbb8285fc218b4057ed38b092a75be,0.2579549327492714,0.2299710176885128,0.24362490512430668,0.5995188839733601,0.14889100566506386,0.803288072347641,0.1858258619904518,2.4690746795386076,0.0,0.0,8.499711053445935,569.8297575581819,2447.5695127621293,124500,124500,,2.793683898093503,,False,False,ok
BNCI2014_001,resampled_spectral_normalized_power_s1,resampled,spectral,normalized_power,1,1788,250,500,500,1.0,22,253,0.00030152132842468693,0.017364369508412532,5.171222446402813,0.7384922991200327,26.150770087996733,26.150770087996733,0.0001785481563540918,2.793683898093503,0.00020499263663727963,8.594374892308529e-05,0.0005626627809463551,5.202428574746412e-05,188.24073761048203,5.716247880429664,0.03017952124818757,0.09236224807369398,0.1459989447547685,32913,1ad468bc91ecb294e0393cba0ed273847a33424d888a65789cfe8045bc38ed6b,three_row_sha256,24fd4e708d47b3fe5176d024da5761a63974ff7d6dd3c6c522a155f2a07a5920,944f93c6fa033d604d9e90219484c40564bfebf4e3306a041f5ec522a76c0b9b,0f2cf9a67445117338a1c28f1312c232b1cbb8285fc218b4057ed38b092a75be,0.24195597507059574,0.22314907982945442,0.22999616339802742,0.5864028353244066,0.13567903079092503,0.6618748884648085,0.17093284986913204,2.2499908227473497,0.0,0.0,8.944992907345295,572.0797483809292,2456.5145056694746,125000,125000,,2.793683898093503,,False,False,ok
BNCI2014_001,resampled_spectral_normalized_power_s1,resampled,spectral,normalized_power,1,1788,251,500,500,1.0,22,253,0.0003170244984320662,0.017805181785987646,5.181837835293665,0.7400082623239579,25.999173767604212,25.999173767604212,0.00018397851449159706,2.793683898093503,0.00020921511572211045,9.547451921914667e-05,0.000607663317878661,4.3699625057209086e-05,188.24073761048203,5.716247880429664,0.03017952124818757,0.09236224807369398,0.1459989447547685,33163,2267b9c8ecb3734ca685413e5aa7bc21d96dc1e1e68dc896639aebb846886b97,three_row_sha256,e4dc8df8e815135c796dcdfcb6700ddda7480959c0adc70e66067894562618e9,944f93c6fa033d604d9e90219484c40564bfebf4e3306a041f5ec522a76c0b9b,0f2cf9a67445117338a1c28f1312c232b1cbb8285fc218b4057ed38b092a75be,0.24063210003077984,0.2262250054627657,0.2339931670576334,0.5830570589751005,0.1348659861832857,0.7884169463068247,0.17997599206864834,2.387166256085038,0.0,0.0,9.305236861109734,574.4669146370143,2465.8197425305843,125500,125500,,2.793683898093503,,False,False,ok
BNCI2014_001,resampled_spectral_normalized_power_s1,resampled,spectral,normalized_power,1,1788,252,500,500,1.0,22,253,0.0003335358345983917,0.01826296346703874,5.182400874152523,0.7400886688169451,25.991133118305488,25.991133118305488,0.0001946900009753758,2.793683898093503,0.0002158642881929918,9.980782579472221e-05,0.0007411249892906433,4.751674950563355e-05,188.24073761048203,5.716247880429664,0.03017952124818757,0.09236224807369398,0.1459989447547685,33414,1a28dc07e6043e6c1a7f05b667aecc6c47012410ab8a602a8ef04a1dc53beceb,three_row_sha256,ccc77d66dec26f600426041f5b6840795b7b513aec580cbec2128b702afecf94,944f93c6fa033d604d9e90219484c40564bfebf4e3306a041f5ec522a76c0b9b,0f2cf9a67445117338a1c28f1312c232b1cbb8285fc218b4057ed38b092a75be,0.22598099894821644,0.22343709133565426,0.22694491781294346,0.5731678102165461,0.13606296852231026,0.7741299923509359,0.17200596630573273,2.331729745492339,0.0,0.0,8.748357882723212,576.7986443825066,2474.5681004133075,126000,126000,,2.793683898093503,,False,False,ok
BNCI2014_001,resampled_spectral_normalized_power_s1,resampled,spectral,normalized_power,1,1788,253,500,500,1.0,22,253,0.00031489854855615187,0.017745381048491236,5.184723230132034,0.7404203199931341,25.95796800068659,25.95796800068659,0.00018510006663876146,2.793683898093503,0.00020644956659720664,9.495337017567956e-05,0.000613972863969077,5.718211955571503e-05,188.24073761048203,5.716247880429664,0.03017952124818757,0.09236224807369398,0.1459989447547685,33666,bd728937e859a3e1da0c0927f3b9f7a80da7ad6400aca8452e55e29cc3f2c9c9,three_row_sha256,ee96d26813b2052d417d6d74cd62529bafb007a91f3d3b30e0327c685327a741,944f93c6fa033d604d9e90219484c40564bfebf4e3306a041f5ec522a76c0b9b,0f2cf9a67445117338a1c28f1312c232b1cbb8285fc218b4057ed38b092a75be,0.23246696218848228,0.22298400290310383,0.22969814017415047,0.5779629573225975,0.13794400729238987,0.6132358685135841,0.1839271280914545,2.1982190664857626,0.0,0.0,9.009890025481582,578.9968634489924,2483.577990438789,126500,126500,,2.793683898093503,,False,False,ok
BNCI2014_001,resampled_spectral_normalized_power_s1,resampled,spectral,normalized_power,1,1788,254,500,500,1.0,22,253,0.00031037306500988264,0.01761740801054124,5.182834992699406,0.7401506644489453,25.984933555105474,25.984933555105474,0.00018221072659381005,2.7936838980935033,0.00020946888865603825,8.981015258170878e-05,0.0005838167501362162,5.5604180718516735e-05,188.240737610482,5.716247880429665,0.03017952124818757,0.09236224807369398,0.1459989447547685,33919,e832c7a9259e0e5d8fdb5f8d0e00d55d14fbb4be56edde3b667e5b2871202218,three_row_sha256,bbeab572c188ec5d02387179acc6077802bc0d12c239476e3d542b2730d994a0,944f93c6fa033d604d9e90219484c40564bfebf4e3306a041f5ec522a76c0b9b,0f2cf9a67445117338a1c28f1312c232b1cbb8285fc218b4057ed38b092a75be,0.23050489835441113,0.22170506417751312,0.22128503769636154,0.5716870073229074,0.13349298387765884,0.739529961720109,0.16335002146661282,2.281554974615574,0.0,0.0,8.351607946678996,581.278418423608,2491.929598385468,127000,127000,,2.793683898093503,,False,False,ok
BNCI2014_001,resampled_spectral_normalized_power_s1,resampled,spectral,normalized_power,1,1788,255,500,500,1.0,22,253,0.00032379690622612247,0.017994357621935894,5.1896062016957885,0.7411176477399153,25.888235226008472,25.888235226008472,0.00018941105000502823,2.793683898093503,0.00021496120316782794,9.350927529356506e-05,0.0007389792168257421,4.550286910877429e-05,188.24073761048206,5.716247880429664,0.03017952124818757,0.09236224807369398,0.1459989447547685,34173,19d1db0d4fe70716446cb57929c2abb3f095238b881955566c79391dd3e228f1,three_row_sha256,5b47dd351720205fa2e77710fdde4775a445cdb53dc7b74219d06c3394214a56,944f93c6fa033d604d9e90219484c40564bfebf4e3306a041f5ec522a76c0b9b,0f2cf9a67445117338a1c28f1312c232b1cbb8285fc218b4057ed38b092a75be,0.2211080864071846,0.2213211264461279,0.2302799839526415,0.5695950239896774,0.13482500799000263,0.7366409990936518,0.16391417011618614,2.277684397995472,0.0,0.0,8.876712992787361,583.5561028216034,2500.8063113782555,127500,127500,,2.793683898093503,,False,False,ok
BNCI2014_001,resampled_spectral_normalized_power_s1,resampled,spectral,normalized_power,1,1788,256,500,500,1.0,22,253,0.0003157609778573439,0.01776966453980896,5.185961788030148,0.740597196056628,25.940280394337204,25.940280394337204,0.00018675232821073088,2.793683898093503,0.00020782704586952674,9.35327981222489e-05,0.0007320350705802838,5.091104656686197e-05,188.24073761048203,5.716247880429664,0.03017952124818757,0.09236224807369398,0.1459989447547685,34428,aff1b76a0fe94eea529e12ed647c2c9f4e27f43f93a37cd7490cec40b94c0287,three_row_sha256,9edb7561834df5dfb4660207401afa5d42464b0d7cbbe463fa7ab51c998c7f25,944f93c6fa033d604d9e90219484c40564bfebf4e3306a041f5ec522a76c0b9b,0f2cf9a67445117338a1c28f1312c232b1cbb8285fc218b4057ed38b092a75be,0.23005087859928608,0.22457120940089226,0.2275549340993166,0.5734669975936413,0.13638404197990894,0.7711329963058233,0.17908192239701748,2.342242980375886,0.0,0.0,9.539546212181449,585.8983458019793,2510.345857590437,128000,128000,,2.793683898093503,,False,False,ok
BNCI2014_001,resampled_spectral_normalized_power_s1,resampled,spectral,normalized_power,1,1788,257,500,500,1.0,22,253,0.0003011900192869039,0.017354826973695357,5.17509020460023,0.7390446462049348,26.09553537950652,26.09553537950652,0.00017909405183314366,2.793683898093503,0.0002005676571441621,8.803068086139635e-05,0.0005590920127356785,4.393078186915952e-05,188.24073761048203,5.716247880429664,0.03017952124818757,0.09236224807369398,0.1459989447547685,34684,9d223d3a1344c0368793cf71b9ed57165109b028c7ba3773470e48aed83646f3,three_row_sha256,468efe19dd18c8b36f05c7f043d3263f97724f352606363c28f9efc94b621ce7,944f93c6fa033d604d9e90219484c40564bfebf4e3306a041f5ec522a76c0b9b,0f2cf9a67445117338a1c28f1312c232b1cbb8285fc218b4057ed38b092a75be,0.24929200299084187,0.22576400078833103,0.23533799685537815,0.5919421091675758,0.15064794570207596,0.6317440420389175,0.1948559656739235,2.279584063217044,0.0,0.0,9.008802007883787,588.1779298651963,2519.3546595983207,128500,128500,,2.793683898093503,,False,False,ok
BNCI2014_001,resampled_spectral_normalized_power_s1,resampled,spectral,normalized_power,1,1788,258,500,500,1.0,22,253,0.00030684547135546354,0.017517005205098943,5.156827334586143,0.7364365609784685,26.356343902153142,26.356343902153142,0.00018914234603319998,2.793683898093503,0.00020170547642466913,8.862447864301641e-05,0.0008457989653696237,3.891829624251231e-05,188.24073761048203,5.716247880429665,0.03017952124818757,0.09236224807369398,0.1459989447547685,34941,0b327adf3cddd6e886835ef8afc8824294b7c0e2f6a00c6e02456b3c25d3da79,three_row_sha256,c67d031730f67f45bdeb7de6faf4a07e06e1476c4d6451f554c5ddccbac5c440,944f93c6fa033d604d9e90219484c40564bfebf4e3306a041f5ec522a76c0b9b,0f2cf9a67445117338a1c28f1312c232b1cbb8285fc218b4057ed38b092a75be,0.25354395620524883,0.22694701328873634,0.2385301049798727,0.6134589202702045,0.14168606139719486,0.7350030355155468,0.17920485697686672,2.388373948633671,0.0,0.0,8.960410952568054,590.56630381383,2528.315070550889,129000,129000,,2.793683898093503,,False,False,ok
BNCI2014_001,resampled_spectral_normalized_power_s1,resampled,spectral,normalized_power,1,1788,259,500,500,1.0,22,253,0.0003183989965558703,0.017843738301036312,5.154131630288843,0.7360515926494334,26.394840735056654,26.394840735056654,0.00018420542069572248,2.7936838980935033,0.00020949624108326543,9.4987693033743e-05,0.0006002902918525099,5.1785465317788e-05,188.24073761048203,5.716247880429664,0.03017952124818757,0.09236224807369398,0.1459989447547685,35199,8e5085ff55ba021ba967d478dda91c6baba1a8dcf4b336fd30abdfb33bb10f02,three_row_sha256,25e75b51b4a37f5456d59fb155ca8f5750a8f45d85d3a5f220e4270100fca295,944f93c6fa033d604d9e90219484c40564bfebf4e3306a041f5ec522a76c0b9b,0f2cf9a67445117338a1c28f1312c232b1cbb8285fc218b4057ed38b092a75be,0.251994002610445,0.2261900808662176,0.23603299632668495,0.6063659675419331,0.138050876557827,0.7274940144270658,0.1778069417923689,2.3639348801225424,0.0,0.0,9.074725909158587,592.9302386939526,2537.3897964600474,129500,129500,,2.793683898093503,,False,False,ok
BNCI2014_001,resampled_spectral_normalized_power_s1,resampled,spectral,normalized_power,1,1788,260,500,500,1.0,22,253,0.00031484153604645164,0.017743774571563165,5.151396214003915,0.7356609531280739,26.433904687192612,26.433904687192612,0.00018802568452828738,2.793683898093503,0.00020609620789855098,9.25981531892727e-05,0.0006904749463251026,5.564352710562027e-05,188.24073761048203,5.716247880429664,0.03017952124818757,0.09236224807369398,0.1459989447547685,35458,f83ade58c57cbb11aa9a02c223f3382d95d80c39caab53982506643b411dc6de,three_row_sha256,0a37394c401352a220ef7ffc6711c9ef5f03f2734d187ec94cbc540ac22480eb,944f93c6fa033d604d9e90219484c40564bfebf4e3306a041f5ec522a76c0b9b,0f2cf9a67445117338a1c28f1312c232b1cbb8285fc218b4057ed38b092a75be,0.23823813535273075,0.22680708207190037,0.23318501189351082,0.5843949038535357,0.14369608834385872,0.728958984836936,0.18276204355061054,2.338042249903083,0.0,0.0,8.68104794062674,595.2682809438556,2546.070844400674,130000,130000,,2.793683898093503,,False,False,ok
BNCI2014_001,resampled_spectral_normalized_power_s1,resampled,spectral,normalized_power,1,1788,261,500,500,1.0,22,253,0.000312959507085365,0.01769066157850986,5.163172203576031,0.7373426594757818,26.26573405242182,26.26573405242182,0.00018701617765662636,2.793683898093503,0.00020601285190518056,9.21415853893054e-05,0.0007794140046391925,4.329412262043602e-05,188.240737610482,5.716247880429664,0.03017952124818757,0.09236224807369398,0.1459989447547685,35718,150a33ccbf791e11234d18834dd11c188486cd2d97364c3ad59c487cb5875fc2,three_row_sha256,2be7e92dce069418470d4cced6059fc4f41ea6839bfa5648a5f341809ac67e16,944f93c6fa033d604d9e90219484c40564bfebf4e3306a041f5ec522a76c0b9b,0f2cf9a67445117338a1c28f1312c232b1cbb8285fc218b4057ed38b092a75be,0.24399999529123306,0.22571696899831295,0.23280293680727482,0.6055478006601334,0.1380781177431345,0.8691789116710424,0.18221093341708183,2.497535664588213,0.0,0.0,9.483751142397523,597.7658166084439,2555.5545955430716,130500,130500,,2.793683898093503,,False,False,ok
BNCI2014_001,resampled_spectral_normalized_power_s1,resampled,spectral,normalized_power,1,1788,262,500,500,1.0,22,253,0.0003047779251993334,0.017457890055769438,5.162387456784332,0.7372305913007158,26.276940869928424,26.276940869928424,0.00018726042795673604,2.793683898093503,0.00020298778014149265,8.664191211196048e-05,0.0008563276599379568,5.2212107406920944e-05,188.24073761048203,5.716247880429664,0.03017952124818757,0.09236224807369398,0.1459989447547685,35979,f0cbb26e72ec160475f84451290e587408cb915ca4422e29797a3bda12e3b7c2,three_row_sha256,1d9791f1a720caf542aa453f31a9481b39a9fe7cf7c29da4ed65405f8da1e907,944f93c6fa033d604d9e90219484c40564bfebf4e3306a041f5ec522a76c0b9b,0f2cf9a67445117338a1c28f1312c232b1cbb8285fc218b4057ed38b092a75be,0.2548729535192251,0.2241621259599924,0.23561716079711914,0.5990241188555956,0.1395640429109335,0.7447481621056795,0.18045795150101185,2.378446515649557,0.0,0.0,10.347696952521801,600.1442631240934,2565.9022924955934,131000,131000,,2.793683898093503,,False,False,ok
BNCI2014_001,resampled_spectral_normalized_power_s1,resampled,spectral,normalized_power,1,1788,263,500,500,1.0,22,253,0.0003255709403505594,0.018043584465137725,5.153257742575771,0.7359267944313934,26.407320556860657,26.407320556860657,0.0001934877214933164,2.793683898093503,0.00020626758136248942,0.00010039535284527988,0.0007397387209407691,4.3107733446264435e-05,188.240737610482,5.716247880429664,0.03017952124818757,0.09236224807369398,0.1459989447547685,36241,29538d514cad2c8d1bf1bfdb90c4beab178a6aeebe268a6174a509256e08cbfe,three_row_sha256,dadba10dd52e1c91afaccc212aecc4a43f8c38b1027844308eca944da3e32933,944f93c6fa033d604d9e90219484c40564bfebf4e3306a041f5ec522a76c0b9b,0f2cf9a67445117338a1c28f1312c232b1cbb8285fc218b4057ed38b092a75be,0.2749720588326454,0.226286007091403,0.2393599133938551,0.6043610628694296,0.140319112688303,0.7171910256147385,0.18418999388813972,2.3866791743785143,0.0,0.0,9.147136006504297,602.5309422984719,2575.0494285020977,131500,131500,,2.793683898093503,,False,False,ok
BNCI2014_001,resampled_spectral_normalized_power_s1,resampled,spectral,normalized_power,1,1788,264,500,500,1.0,22,253,0.0003065363675080841,0.017508180017011595,5.163783836175183,0.7374300055470533,26.256999445294667,26.256999445294667,0.0001803355790812521,2.793683898093503,0.00020437039839460192,8.962202395392399e-05,0.0005958997838582203,4.327683543534601e-05,188.24073761048203,5.716247880429664,0.03017952124818757,0.09236224807369398,0.1459989447547685,36504,c8e5857e4f1c3b012bf4cedd5cd725da291bdfc308369ddc014f7c0415c743b8,three_row_sha256,3c09d74e69257b09340a586b230de1362053e6cb3d6d562f50af3e3587c94abc,944f93c6fa033d604d9e90219484c40564bfebf4e3306a041f5ec522a76c0b9b,0f2cf9a67445117338a1c28f1312c232b1cbb8285fc218b4057ed38b092a75be,0.24950504302978516,0.22599915973842144,0.23326999507844448,0.601805979385972,0.13743387535214424,0.8500730618834496,0.18883892334997654,2.4869260378181934,0.0,0.0,9.234739933162928,605.0178683362901,2584.2841684352607,132000,132000,,2.793683898093503,,False,False,ok
BNCI2014_001,resampled_spectral_normalized_power_s1,resampled,spectral,normalized_power,1,1788,265,500,500,1.0,22,253,0.00031349151219732795,0.01770569151988501,5.147206228700675,0.7350625894119623,26.493741058803767,26.493741058803767,0.00018575796728542221,2.793683898093503,0.00020730269280302827,9.236634099005821e-05,0.0006435979335885991,5.2530330889302706e-05,188.240737610482,5.716247880429664,0.03017952124818757,0.09236224807369398,0.1459989447547685,36768,18850d78a083fba944fe107338c889e3785368bec51ddba25b0f2f8875d32772,three_row_sha256,e325299d31e312a9434d3cfcdca6fe6094dadad58e01e1463d97ee845e2558c4,944f93c6fa033d604d9e90219484c40564bfebf4e3306a041f5ec522a76c0b9b,0f2cf9a67445117338a1c28f1312c232b1cbb8285fc218b4057ed38b092a75be,0.26741204783320427,0.22785086184740067,0.2412919420748949,0.6146649830043316,0.1396068837493658,0.7567030843347311,0.1879280898720026,2.435457892715931,0.0,0.0,8.920540800318122,607.453326229006,2593.204709235579,132500,132500,,2.793683898093503,,False,False,ok
BNCI2014_001,resampled_spectral_normalized_power_s1,resampled,spectral,normalized_power,1,1788,266,500,500,1.0,22,253,0.0003049288782259649,0.017462212867387826,5.15413530428581,0.736052117325851,26.394788267414906,26.394788267414906,0.00018343202324047742,2.793683898093503,0.000203102561616552,8.831982733783728e-05,0.0006711088851327262,4.214224843699012e-05,188.24073761048203,5.716247880429664,0.03017952124818757,0.09236224807369398,0.1459989447547685,37033,4ed251b2b75c2aa9b1d2a85cd9e2d724d0aec5f0cde8bfefe57ca235bade584d,three_row_sha256,3bd027f901ebd298dca44984a5588e2c096dd9f07e6fe484dfb37bfbd4572367,944f93c6fa033d604d9e90219484c40564bfebf4e3306a041f5ec522a76c0b9b,0f2cf9a67445117338a1c28f1312c232b1cbb8285fc218b4057ed38b092a75be,0.24291709996759892,0.2261381596326828,0.23741810582578182,0.5980341229587793,0.1386741641908884,0.8536048699170351,0.17822394147515297,2.4750104639679193,0.0,0.0,8.811294101178646,609.928336692974,2602.0160033367574,133000,133000,,2.793683898093503,,False,False,ok
BNCI2014_001,resampled_spectral_normalized_power_s1,resampled,spectral,normalized_power,1,1788,267,500,500,1.0,22,253,0.0003121611471827012,0.017668082725148793,5.158121048074606,0.7366213137053915,26.337868629460853,26.337868629460853,0.00018722296058807414,2.793683898093503,0.00020502184590812214,9.103126788657108e-05,0.0007001204790903538,4.224844737000335e-05,188.24073761048203,5.716247880429664,0.03017952124818757,0.09236224807369398,0.1459989447547685,37299,82a530c0767f81212b78245797a7402fee010a2aa88f8522a092ee0c5e4dbed9,three_row_sha256,33a137e55183dcc4af4a133c03d579c49990ddf1875b84d868c3498e3b00c13c,944f93c6fa033d604d9e90219484c40564bfebf4e3306a041f5ec522a76c0b9b,0f2cf9a67445117338a1c28f1312c232b1cbb8285fc218b4057ed38b092a75be,0.24839513935148716,0.22872118279337883,0.23413216695189476,0.5880019161850214,0.13745995238423347,0.6677380297333002,0.21757185459136963,2.3220202419906855,0.0,0.0,8.827920071780682,612.2503569349647,2610.843923408538,133500,133500,,2.793683898093503,,False,False,ok
BNCI2014_001,resampled_spectral_normalized_power_s1,resampled,spectral,normalized_power,1,1788,268,500,500,1.0,22,253,0.000299106595872748,0.017294698490368313,5.17224995506767,0.7386390356497683,26.136096435023166,26.136096435023166,0.00017763462729817272,2.793683898093503,0.0002009089947927254,8.711576924939175e-05,0.0005265154466483185,4.747193132039314e-05,188.24073761048203,5.716247880429664,0.03017952124818757,0.09236224807369398,0.1459989447547685,37566,047979b7e7cb73f4307e8d980b6fead5c6596b5f9f01ad884a2b84e72cfd2f0d,three_row_sha256,f03b6d917e5c3d0167de24f0fd123b54a0e9b9d56742ffa339a40d9dcd568109,944f93c6fa033d604d9e90219484c40564bfebf4e3306a041f5ec522a76c0b9b,0f2cf9a67445117338a1c28f1312c232b1cbb8285fc218b4057ed38b092a75be,0.2390919253230095,0.22556795738637447,0.22999802604317665,0.5997279658913612,0.1369318924844265,0.7115001790225506,0.17336104065179825,2.316178986802697,0.0,0.0,8.727112086489797,614.5665359217674,2619.571035495028,134000,134000,,2.793683898093503,,False,False,ok
BNCI2014_001,resampled_spectral_normalized_power_s1,resampled,spectral,normalized_power,1,1788,269,500,500,1.0,22,253,0.0003141711381581319,0.01772487343137129,5.162101462407522,0.7371897489956216,26.281025100437844,26.281025100437844,0.00018306761544290595,2.793683898093503,0.00020881300116317556,9.2459886561517e-05,0.0005780890219419047,5.149328120944594e-05,188.24073761048203,5.716247880429664,0.03017952124818757,0.09236224807369398,0.1459989447547685,37834,7cac003c76371eb7bd201c82bb5af06cc90c508961d6a099a842d552d514de8d,three_row_sha256,60ac8d6e66591ed6ae18d9e4edd46174615c79c8790b31cfa202d67bacc3fcc2,944f93c6fa033d604d9e90219484c40564bfebf4e3306a041f5ec522a76c0b9b,0f2cf9a67445117338a1c28f1312c232b1cbb8285fc218b4057ed38b092a75be,0.24995696730911732,0.22492418065667152,0.23191003128886223,0.5924329161643982,0.13712397776544094,0.8483319543302059,0.17683813348412514,2.4615181609988213,0.0,0.0,8.348912000656128,617.0280540827662,2627.919947495684,134500,134500,,2.793683898093503,,False,False,ok
BNCI2014_001,resampled_spectral_normalized_power_s1,resampled,spectral,normalized_power,1,1788,270,500,500,1.0,22,253,0.0003137648402530345,0.017713408487725745,5.143535917156164,0.7345384393025665,26.546156069743354,26.546156069743354,0.00018648280285973824,2.793683898093503,0.00020439356289293388,9.473557418444446e-05,0.0006623638289606213,4.9821997864489866e-05,188.24073761048203,5.716247880429664,0.03017952124818757,0.09236224807369398,0.1459989447547685,38103,3502d251bf035d84d8dfb297b394f9ea16dd95f1ec055e981f21e6a6c8d0971c,three_row_sha256,c70bdc52b47d3a3f225e1ae4b3e2b0152587a550449e250322a66d582b9de257,944f93c6fa033d604d9e90219484c40564bfebf4e3306a041f5ec522a76c0b9b,0f2cf9a67445117338a1c28f1312c232b1cbb8285fc218b4057ed38b092a75be,0.23599108681082726,0.2252559643238783,0.22834609262645245,0.5951779894530773,0.14077196829020977,0.7714400999248028,0.17219199799001217,2.36917519941926,0.0,0.0,9.601443074643612,619.3972292821854,2637.5213905703276,135000,135000,,2.793683898093503,,False,False,ok
BNCI2014_001,resampled_spectral_normalized_power_s1,resampled,spectral,normalized_power,1,1788,271,500,500,1.0,22,253,0.00031550934039649577,0.017762582593657258,5.145084829279047,0.7347596364540365,26.524036354596344,26.524036354596344,0.00018649644389887336,2.793683898093503,0.00020350120199638913,9.618041266342188e-05,0.0006675229683484506,4.794139234401476e-05,188.24073761048203,5.716247880429664,0.03017952124818757,0.09236224807369398,0.1459989447547685,38373,a14c090d41acbb09b4981910858b9edf01c72bc1a7301f2c98dc4bf8449f7af8,three_row_sha256,0513eae834192835589d449ba0c29de8d79ebb037299e767b0aa96c7400b1c3a,944f93c6fa033d604d9e90219484c40564bfebf4e3306a041f5ec522a76c0b9b,0f2cf9a67445117338a1c28f1312c232b1cbb8285fc218b4057ed38b092a75be,0.23875199258327484,0.22593489848077297,0.2333249431103468,0.5840060766786337,0.1456469763070345,0.728958984836936,0.1861141063272953,2.342737978324294,0.0,0.0,9.36322403140366,621.7399672605097,2646.8846146017313,135500,135500,,2.793683898093503,,False,False,ok
BNCI2014_001,resampled_spectral_normalized_power_s1,resampled,spectral,normalized_power,1,1788,272,500,500,1.0,22,253,0.00032458031399845407,0.01801611262171876,5.147847516120945,0.7351541704310154,26.484582956898457,26.484582956898457,0.0001900248646514347,2.793683898093503,0.00020835576724097932,9.925140754402972e-05,0.000703644214524968,4.474894397991235e-05,188.24073761048203,5.716247880429664,0.03017952124818757,0.09236224807369398,0.1459989447547685,38644,c79d860e892537ec91a2ccd6a0efb8aa54a17ec7b46438a24e1d90a88c4002c0,three_row_sha256,47e8ef69dc815472577b58abb0bab90b0ee6e5ae0d52cbb2b74bb289f8712cf7,944f93c6fa033d604d9e90219484c40564bfebf4e3306a041f5ec522a76c0b9b,0f2cf9a67445117338a1c28f1312c232b1cbb8285fc218b4057ed38b092a75be,0.2345519606024027,0.22469600662589073,0.22719986736774445,0.5790870636701584,0.1431540586054325,0.857566948980093,0.17597200348973274,2.4422279093414545,0.0,0.0,8.803319185972214,624.1821951698512,2655.6879337877035,136000,136000,,2.793683898093503,,False,False,ok
BNCI2014_001,resampled_spectral_normalized_power_s1,resampled,spectral,normalized_power,1,1788,273,500,500,1.0,22,253,0.0003111741343293851,0.017640128523607336,5.147609929315713,0.7351202411178106,26.48797588821894,26.48797588821894,0.00018552391317098728,2.793683898093503,0.00020332868149422478,9.248019925843187e-05,0.0006655306536846401,5.053394448521239e-05,188.240737610482,5.716247880429664,0.03017952124818757,0.09236224807369398,0.1459989447547685,38916,b383cbe4312a8274527daf6bba561284d03a02f88374c1168aefffdd01e6c1ea,three_row_sha256,4f6d20dd8586cbc0ec27696bb0db4ef9e744ccd918f5db9627bb8af2fd707b21,944f93c6fa033d604d9e90219484c40564bfebf4e3306a041f5ec522a76c0b9b,0f2cf9a67445117338a1c28f1312c232b1cbb8285fc218b4057ed38b092a75be,0.23741694167256355,0.223672017455101,0.2263511996716261,0.6042460445314646,0.13497192412614822,0.8332510478794575,0.16882317140698433,2.4287323467433453,0.0,0.0,8.777091978117824,626.6109275165945,2664.4650257658213,136500,136500,,2.793683898093503,,False,False,ok
BNCI2014_001,resampled_spectral_normalized_power_s1,resampled,spectral,normalized_power,1,1788,274,500,500,1.0,22,253,0.00029968373614464006,0.017311375917143042,5.1513357870266585,0.7356523236680524,26.434767633194756,26.434767633194756,0.00018123008640812685,2.793683898093503,0.00020010105519324784,8.582348940784325e-05,0.0006761735599020372,4.1560595851098024e-05,188.240737610482,5.716247880429664,0.03017952124818757,0.09236224807369398,0.1459989447547685,39189,33d6e83f467e80c74df9d5845d87fd802b704b458902424ab8e5ce12acf5384d,three_row_sha256,6ae1d68b18cb357c4203726215c146d0fc76b245112f242534e3e68e24f3b04f,944f93c6fa033d604d9e90219484c40564bfebf4e3306a041f5ec522a76c0b9b,0f2cf9a67445117338a1c28f1312c232b1cbb8285fc218b4057ed38b092a75be,0.23200898431241512,0.2259579487144947,0.22781291045248508,0.5771149881184101,0.14260387979447842,0.7142960093915462,0.18394109793007374,2.3037358187139034,0.0,0.0,8.515892084687948,628.9146633353084,2672.9809178505093,137000,137000,,2.793683898093503,,False,False,ok
BNCI2014_001,resampled_spectral_normalized_power_s1,resampled,spectral,normalized_power,1,1788,275,500,500,1.0,22,253,0.0003058427128025459,0.01748835935136701,5.156551024661492,0.7363971016913,26.36028983087,26.36028983087,0.00018116377917969635,2.793683898093503,0.00020103294334527575,9.117493180481632e-05,0.0006262208446054325,5.154994323602511e-05,188.24073761048206,5.716247880429664,0.03017952124818757,0.09236224807369398,0.1459989447547685,39463,660d0f54dab564d7efa424ba8cb80b72f545d7e9e01f4f68d953c74d1e602931,three_row_sha256,a52665cb4651049913d6cda8a2ec30286e265d4645f2e7f37f09f513a9dd69fe,944f93c6fa033d604d9e90219484c40564bfebf4e3306a041f5ec522a76c0b9b,0f2cf9a67445117338a1c28f1312c232b1cbb8285fc218b4057ed38b092a75be,0.2383559476584196,0.22576400078833103,0.23053097538650036,0.5945700686424971,0.1396150328218937,0.8160020224750042,0.17360481433570385,2.41844286210835,0.0,0.0,8.072491968050599,631.3331061974168,2681.05340981856,137500,137500,,2.793683898093503,,False,False,ok
BNCI2014_001,resampled_spectral_normalized_power_s1,resampled,spectral,normalized_power,1,1788,276,500,500,1.0,22,253,0.00030835722799688124,0.017560103302568617,5.158035136683215,0.7366090448653625,26.339095513463747,26.339095513463747,0.0001832474282789084,2.793683898093503,0.00020346775299310082,9.077185733011834e-05,0.0006164583049233579,5.16900970848443e-05,188.24073761048203,5.716247880429664,0.03017952124818757,0.09236224807369398,0.1459989447547685,39738,0fa011c49ddfb6b859d24b5440c8a67ee46d9768654e1eaa1085fd35758a97fa,three_row_sha256,19429a63f398976b162d744062dcb250decbf8ec490bf734eefc342ea82900a2,944f93c6fa033d604d9e90219484c40564bfebf4e3306a041f5ec522a76c0b9b,0f2cf9a67445117338a1c28f1312c232b1cbb8285fc218b4057ed38b092a75be,0.2322120126336813,0.22958707995712757,0.23011094890534878,0.5766181275248528,0.1366068609058857,0.7009219843894243,0.1727389171719551,2.2787959314882755,0.0,0.0,8.720191894099116,633.6119021289051,2689.773601712659,138000,138000,,2.793683898093503,,False,False,ok
BNCI2014_001,resampled_spectral_normalized_power_s1,resampled,spectral,normalized_power,1,1788,277,500,500,1.0,22,253,0.0003010995620885538,0.017352220667354187,5.1588006727643965,0.7367183695959287,26.32816304040712,26.32816304040712,0.00017601666510094955,2.793683898093503,0.00020504286802822916,8.660652271859927e-05,0.0005208119950493634,3.280396539047262e-05,188.24073761048203,5.716247880429664,0.03017952124818757,0.09236224807369398,0.1459989447547685,40014,cb7720f4ae7e87cd321224252b3761b80843901cac61cce02752d68d36f80f64,three_row_sha256,4c3a0eed44501fddd0bea2fa101be9816deefc3cca699ca1a2400f0c1a7a04bf,944f93c6fa033d604d9e90219484c40564bfebf4e3306a041f5ec522a76c0b9b,0f2cf9a67445117338a1c28f1312c232b1cbb8285fc218b4057ed38b092a75be,0.23641809821128845,0.22364710457623005,0.23648608475923538,0.6022220477461815,0.14198501594364643,0.6969708483666182,0.18380582332611084,2.321535022929311,0.0,0.0,8.576398948207498,635.9334371518344,2698.3500006608665,138500,138500,,2.793683898093503,,False,False,ok
BNCI2014_001,resampled_spectral_normalized_power_s1,resampled,spectral,normalized_power,1,1788,278,500,500,1.0,22,253,0.00030961247201297007,0.01759580836486264,5.157012318527469,0.7364629781781823,26.353702182181774,26.353702182181774,0.0001804190093212528,2.793683898093503,0.0002067465891527175,9.08130029457673e-05,0.0005621574642105461,6.515783467186204e-05,188.24073761048203,5.716247880429664,0.03017952124818757,0.09236224807369398,0.1459989447547685,40291,cad443eb5d60a0d9554558cd7111459b770c3ea45d142f03501b11e2968bfca2,three_row_sha256,70f8a4578f51f679b5051c018537628a0f9672e0bd04bb6cb2c74ccd711a44ca,944f93c6fa033d604d9e90219484c40564bfebf4e3306a041f5ec522a76c0b9b,0f2cf9a67445117338a1c28f1312c232b1cbb8285fc218b4057ed38b092a75be,0.23960391990840435,0.22902293130755424,0.24303398095071316,0.601168954744935,0.13850582763552666,0.7797719445079565,0.1952298916876316,2.4263374507427216,0.0,0.0,8.922114036977291,638.3597746025771,2707.272114697844,139000,139000,,2.793683898093503,,False,False,ok
BNCI2014_001,resampled_spectral_normalized_power_s1,resampled,spectral,normalized_power,1,1788,279,500,500,1.0,22,253,0.0003046615563729193,0.017454556894201563,5.163996782454453,0.7374604159942924,26.253958400570767,26.253958400570767,0.00018636011299612875,2.793683898093503,0.00020033137734873734,8.782004406214707e-05,0.0007583467535550772,4.309670956296639e-05,188.24073761048203,5.716247880429664,0.03017952124818757,0.09236224807369398,0.1459989447547685,40569,4ebd44e4ca80d63f766ad02a24c1e02816593e24f862f065104e54939d71588e,three_row_sha256,cb7e8c1a6d91551a5325a836fabb30e257cdb6d21666b305918d2c1387f2e9ec,944f93c6fa033d604d9e90219484c40564bfebf4e3306a041f5ec522a76c0b9b,0f2cf9a67445117338a1c28f1312c232b1cbb8285fc218b4057ed38b092a75be,0.27071498334407806,0.2289358526468277,0.24223211221396923,0.6081908941268921,0.14002015814185143,0.6914720870554447,0.18846988677978516,2.3700359743088484,0.0,0.0,9.472232079133391,640.7298105768859,2716.744346776977,139500,139500,,2.793683898093503,,False,False,ok
BNCI2014_001,resampled_spectral_normalized_power_s1,resampled,spectral,normalized_power,1,1788,280,500,500,1.0,22,253,0.00030628045804492775,0.017500870208219013,5.157918076454556,0.7365923277199885,26.340767228001145,26.340767228001145,0.00018329207989387325,2.793683898093503,0.00020426888058615024,8.892251882800371e-05,0.0006755888230502226,4.2163187325617836e-05,188.24073761048206,5.716247880429664,0.03017952124818757,0.09236224807369398,0.1459989447547685,40848,301700a0a8feab551c9b4e36480bfb7b7b56a7e56cbee46832b82074776bd450,three_row_sha256,d36d64ed266dc87eab40f55a876913b1a182e9865d457a1c48e01d4504841238,944f93c6fa033d604d9e90219484c40564bfebf4e3306a041f5ec522a76c0b9b,0f2cf9a67445117338a1c28f1312c232b1cbb8285fc218b4057ed38b092a75be,0.2568380441516638,0.22982992231845856,0.24348008446395397,0.6177709437906742,0.13895099982619286,0.6932641845196486,0.18378603272140026,2.363920211791992,0.0,0.0,8.36614309810102,643.0937307886779,2725.110489875078,140000,140000,,2.793683898093503,,False,False,ok
BNCI2014_001,resampled_spectral_normalized_power_s1,resampled,spectral,normalized_power,1,1788,281,500,500,1.0,22,253,0.00031291346420995726,0.01768936019786915,5.164438939345539,0.7375235595667172,26.247644043328282,26.247644043328282,0.0001880721455769988,2.793683898093503,0.0002039338339999336,9.301296963622649e-05,0.0007393363787816802,3.712814125996903e-05,188.240737610482,5.716247880429665,0.03017952124818757,0.09236224807369398,0.1459989447547685,41128,cd92392c977fba8bc24bed5879b5f0711f26bc268150485c2988ee5c25668382,three_row_sha256,58f038dd3bacf127de0cea5973bb611c2d18fc0fba2b80a68691b07df61910ca,944f93c6fa033d604d9e90219484c40564bfebf4e3306a041f5ec522a76c0b9b,0f2cf9a67445117338a1c28f1312c232b1cbb8285fc218b4057ed38b092a75be,0.24176505394279957,0.22606481797993183,0.2403229009360075,0.5915041547268629,0.1362909097224474,0.714810099452734,0.1850940752774477,2.335852012038231,0.0,0.0,8.82092397660017,645.4295828007162,2733.9314138516784,140500,140500,,2.793683898093503,,False,False,ok
BNCI2014_001,resampled_spectral_normalized_power_s1,resampled,spectral,normalized_power,1,1788,282,500,500,1.0,22,253,0.00032346971019879436,0.01798526369555905,5.160072393285301,0.7368999815495925,26.310001845040752,26.310001845040752,0.00019122919815643197,2.7936838980935024,0.00021102907704522247,9.583491824783723e-05,0.0007208340921876829,5.474952708472384e-05,188.24073761048203,5.716247880429664,0.03017952124818757,0.09236224807369398,0.1459989447547685,41409,48bf1a33e42e12fcc1a8416f9a4ddb03bfba946426a4f714b9673c0dddcba100,three_row_sha256,f9dfed97c995bb5e9f0554f9657a9a00f4b056922b381174333478b6f0fd3fad,944f93c6fa033d604d9e90219484c40564bfebf4e3306a041f5ec522a76c0b9b,0f2cf9a67445117338a1c28f1312c232b1cbb8285fc218b4057ed38b092a75be,0.2581330481916666,0.2309279516339302,0.24948292411863804,0.6177239120006561,0.1489650458097458,0.9011800866574049,0.2712458372116089,2.6776588056236506,0.0,0.0,9.42724896594882,648.1072416063398,2743.358662817627,141000,141000,,2.793683898093503,,False,False,ok
BNCI2014_001,resampled_spectral_normalized_power_s1,resampled,spectral,normalized_power,1,1788,283,500,500,1.0,22,253,0.00033001239424425646,0.01816624326172741,5.161643518717464,0.7371243509408979,26.287564905910212,26.287564905910212,0.00019488728332490136,2.793683898093503,0.00020992108385566832,0.00010095305347801857,0.0007746580091971215,5.028406954819966e-05,188.24073761048203,5.716247880429664,0.03017952124818757,0.09236224807369398,0.1459989447547685,41691,426b71cc91a65539bfa59a5d3c6528291b6363c6736b5ecefda8fc6e81327c15,three_row_sha256,4225f61aead0b7649acdf0deb44166a25d4e990b87df583b8a41ad5fb0481e48,944f93c6fa033d604d9e90219484c40564bfebf4e3306a041f5ec522a76c0b9b,0f2cf9a67445117338a1c28f1312c232b1cbb8285fc218b4057ed38b092a75be,0.26713195256888866,0.22796494886279106,0.24779979139566422,0.6760801188647747,0.16309693455696106,0.7590930908918381,0.18850411288440228,2.52967095002532,0.0,0.0,9.219832019880414,650.6369125563651,2752.5784948375076,141500,141500,,2.793683898093503,,False,False,ok
BNCI2014_001,resampled_spectral_normalized_power_s1,resampled,spectral,normalized_power,1,1788,284,500,500,1.0,22,253,0.0003107273285477495,0.017627459503506155,5.163084336199535,0.7373301113052944,26.266988869470563,26.266988869470563,0.0001841916347793883,2.793683898093503,0.00020516094266212362,9.152416549900492e-05,0.0006559591472287323,4.907674603931811e-05,188.240737610482,5.716247880429664,0.03017952124818757,0.09236224807369398,0.1459989447547685,41974,ec5be754d230f79e018303a58571aaaadd670f031d08860a0b23a3ce422be374,three_row_sha256,552a6ae91ea3ea190d7733fdb916d4fb1e6d9a4660eaf8fc3c49068104f16b92,944f93c6fa033d604d9e90219484c40564bfebf4e3306a041f5ec522a76c0b9b,0f2cf9a67445117338a1c28f1312c232b1cbb8285fc218b4057ed38b092a75be,0.2483248244971037,0.2259090542793274,0.23431982845067978,0.6068539805710316,0.13935682363808155,1.0180720128118992,0.3041778691112995,2.7770143933594227,0.0,0.0,12.200911063700914,653.4139269497246,2764.7794059012085,142000,142000,,2.793683898093503,,False,False,ok
BNCI2014_001,resampled_spectral_normalized_power_s1,resampled,spectral,normalized_power,1,1788,285,500,500,1.0,22,253,0.00029365410650999317,0.01713633877203626,5.151221464071625,0.735635997427443,26.4364002572557,26.4364002572557,0.0001760521956279403,2.793683898093503,0.00020058325525127132,8.193468242366173e-05,0.0005844149533336924,5.340707903872177e-05,188.24073761048203,5.716247880429664,0.03017952124818757,0.09236224807369398,0.1459989447547685,42258,4087b76d11ed781fe846ecee342852556a5963020e3a1ef15559c28bf2c6f17d,three_row_sha256,6b8d565275281464097ef69b2c6ecb750b87d977db37223909dd1f0d9284a672,944f93c6fa033d604d9e90219484c40564bfebf4e3306a041f5ec522a76c0b9b,0f2cf9a67445117338a1c28f1312c232b1cbb8285fc218b4057ed38b092a75be,0.2609328366816044,0.22907089442014694,0.24948897771537304,0.6190198473632336,0.14937901869416237,0.6112270057201385,0.2025908324867487,2.3217094130814075,0.0,0.0,12.262204894796014,655.735636362806,2777.0416107960045,142500,142500,,2.793683898093503,,False,False,ok
BNCI2014_001,resampled_spectral_normalized_power_s1,resampled,spectral,normalized_power,1,1788,286,500,500,1.0,22,253,0.0003173370205026704,0.017813955779182523,5.128880644627441,0.7324455481117231,26.755445188827686,26.755445188827686,0.0001929998413146156,2.793683898093503,0.0002039028770384328,9.431437794103661e-05,0.0007677035775054791,4.53048140382859e-05,188.240737610482,5.716247880429664,0.03017952124818757,0.09236224807369398,0.1459989447547685,42543,ca5360e0a16ea13cea8c50028a8862a07959b9d369c4983312024d65cc85d4cf,three_row_sha256,f2e9fcb31b9b91430a4df341af9edb84add290a260c159346c35b95296532509,944f93c6fa033d604d9e90219484c40564bfebf4e3306a041f5ec522a76c0b9b,0f2cf9a67445117338a1c28f1312c232b1cbb8285fc218b4057ed38b092a75be,0.36609009839594364,0.22866087965667248,0.251611927524209,0.619012862443924,0.14884001575410366,1.0202918201684952,0.2037249505519867,2.8382325544953346,0.0,0.0,10.606633964926004,658.5738689173013,2787.6482447609305,143000,143000,,2.793683898093503,,False,False,ok
BNCI2014_001,resampled_spectral_normalized_power_s1,resampled,spectral,normalized_power,1,1788,287,500,500,1.0,22,253,0.0003079489871331501,0.01754847535067221,5.140715711911377,0.7341356912334591,26.58643087665409,26.58643087665409,0.00018004783548615679,2.793683898093503,0.0002086834160554354,8.857570413721437e-05,0.0005575084061361031,5.6573168844789714e-05,188.240737610482,5.716247880429664,0.03017952124818757,0.09236224807369398,0.1459989447547685,42829,95b32cdcb0007410be3684e57788696aef5098825b8182e9102c2c13dd0de51c,three_row_sha256,303f1ccae02c82fd7d24fe65c4e41b381b9eaf387ce1d2b534c54f8c0b9c708d,944f93c6fa033d604d9e90219484c40564bfebf4e3306a041f5ec522a76c0b9b,0f2cf9a67445117338a1c28f1312c232b1cbb8285fc218b4057ed38b092a75be,0.4014051519334316,0.25153602473437786,0.2636921126395464,1.0078360792249441,0.24642306379973888,1.0706069879233837,0.3157840110361576,3.55728343129158,0.0,0.0,9.399840841069818,662.1311523485929,2797.0480856020004,143500,143500,,2.793683898093503,,False,False,ok
BNCI2014_001,resampled_spectral_normalized_power_s1,resampled,spectral,normalized_power,1,1788,288,500,500,1.0,22,253,0.0003081915794643204,0.01755538605284203,5.138225663451134,0.7337800922176781,26.621990778232178,26.621990778232178,0.00018221941947204153,2.793683898093503,0.00020489249752230604,9.045155878991671e-05,0.000605542279556592,6.18291882310333e-05,188.240737610482,5.716247880429664,0.03017952124818757,0.09236224807369398,0.1459989447547685,43116,968a70a418e894c8504d3262e53bbc35b7637be8d8979e3446dae20d1dfd1f6d,three_row_sha256,463b42e0e52b030a1cef6e7c97cde04157bdd2772e7990fd0f75ba9ac8f23823,944f93c6fa033d604d9e90219484c40564bfebf4e3306a041f5ec522a76c0b9b,0f2cf9a67445117338a1c28f1312c232b1cbb8285fc218b4057ed38b092a75be,0.2525190357118845,0.2323240041732788,0.2408518921583891,0.6153921131044626,0.14006602577865124,0.6144128274172544,0.2973738592118025,2.392939757555723,0.0,0.0,11.614480055868626,664.5240921061486,2808.662565657869,144000,144000,,2.793683898093503,,False,False,ok
BNCI2014_001,resampled_spectral_normalized_power_s1,resampled,spectral,normalized_power,1,1788,289,500,500,1.0,22,253,0.0003078214963909534,0.017544842444175823,5.136814250956294,0.7335785311227679,26.6421468877232,26.6421468877232,0.00018310415378641954,2.793683898093503,0.00020435510001928187,9.051121769681648e-05,0.0006114329973041395,5.318394680718411e-05,188.240737610482,5.716247880429664,0.03017952124818757,0.09236224807369398,0.1459989447547685,43404,d6e3aef265efa4ea7f044bb9a9b86f089e4f37d302f282b9181a14c74d7b5ded,three_row_sha256,a54309ad548297e1203d7a18dbdce4abc368627551600278b354763a407377a4,944f93c6fa033d604d9e90219484c40564bfebf4e3306a041f5ec522a76c0b9b,0f2cf9a67445117338a1c28f1312c232b1cbb8285fc218b4057ed38b092a75be,0.2659729216247797,0.23778993636369705,0.24803495034575462,0.6121911574155092,0.15070592053234577,1.0405771899968386,0.1995170023292303,2.7547890786081553,0.0,0.0,12.148535810410976,667.2788811847568,2820.81110146828,144500,144500,,2.793683898093503,,False,False,ok
BNCI2014_001,resampled_spectral_normalized_power_s1,resampled,spectral,normalized_power,1,1788,290,500,500,1.0,22,253,0.000321592885212972,0.017933011047032005,5.133965473021769,0.7331717026429734,26.682829735702665,26.682829735702665,0.00018853359169499588,2.793683898093503,0.00021032767558256825,9.682387364058654e-05,0.0006439885659320513,4.776541987023146e-05,188.24073761048203,5.716247880429664,0.03017952124818757,0.09236224807369398,0.1459989447547685,43693,92984e3d0d2cdcdd8e4ada51eba1e3479e310114d7ba56b2bcae5cea793150fb,three_row_sha256,e0c439e3e64f1f7bb85af7631b80e4ad1e454f01681afd0e022095d22f4f7f4e,944f93c6fa033d604d9e90219484c40564bfebf4e3306a041f5ec522a76c0b9b,0f2cf9a67445117338a1c28f1312c232b1cbb8285fc218b4057ed38b092a75be,0.40979497134685516,0.240829074755311,0.2678080927580595,0.614434015005827,0.1499280333518982,0.983495032414794,0.19660894758999348,2.8628981672227383,0.0,0.0,8.662292966619134,670.1417793519795,2829.473394434899,145000,145000,,2.793683898093503,,False,False,ok
BNCI2014_001,resampled_spectral_normalized_power_s1,resampled,spectral,normalized_power,1,1788,291,500,500,1.0,22,253,0.00030373053368873263,0.01742786658454593,5.145715343049919,0.7348496789090081,26.515032109099188,26.515032109099188,0.00018655011327915988,2.793683898093503,0.0001982168472571135,8.854515566199817e-05,0.0007559204299082736,6.653784051091868e-05,188.24073761048203,5.716247880429664,0.03017952124818757,0.09236224807369398,0.1459989447547685,43983,0af3f2c4962d2e8a5254db0b77feb12d33bb49b3f4bb13588d53a6fa7edc2e12,three_row_sha256,e4f51c5dbf1ecae953a0d1fdd54955eb9d3d13e3c5d3a0730df07c4e990a8212,944f93c6fa033d604d9e90219484c40564bfebf4e3306a041f5ec522a76c0b9b,0f2cf9a67445117338a1c28f1312c232b1cbb8285fc218b4057ed38b092a75be,0.41404995135962963,0.25116000324487686,0.27182302437722683,1.0413560084998608,0.24854601360857487,1.0004888754338026,0.33455085940659046,3.561974735930562,0.0,0.0,10.306278010830283,673.70375408791,2839.7796724457294,145500,145500,,2.793683898093503,,False,False,ok
BNCI2014_001,resampled_spectral_normalized_power_s1,resampled,spectral,normalized_power,1,1788,292,500,500,1.0,22,253,0.00030044733017191793,0.01733341657527211,5.14922426670416,0.7353507815252106,26.464921847478944,26.464921847478944,0.00017791905613300112,2.793683898093503,0.00020626193210194382,8.344363372316695e-05,0.0005881367539699084,4.810717555260091e-05,188.240737610482,5.716247880429664,0.03017952124818757,0.09236224807369398,0.1459989447547685,44274,d246fb95a410d2d4876ecf4b217442fab3d1fd28bfb2b4dcd6d61928899605cb,three_row_sha256,e185e90fa4568c1ff670ca88fbbc1a5d0b42119d4e577f9ef444bea67b4ee06c,944f93c6fa033d604d9e90219484c40564bfebf4e3306a041f5ec522a76c0b9b,0f2cf9a67445117338a1c28f1312c232b1cbb8285fc218b4057ed38b092a75be,0.27616415172815323,0.23069302551448345,0.2547700423747301,0.6295300554484129,0.14251796528697014,1.0258900001645088,0.1974310725927353,2.756996313109994,0.0,0.0,11.968701845034957,676.46075040102,2851.7483742907643,146000,146000,,2.793683898093503,,False,False,ok
BNCI2014_001,resampled_spectral_normalized_power_s1,resampled,spectral,normalized_power,1,1788,293,500,500,1.0,22,253,0.00031007236221439855,0.017608871690554126,5.140022113739133,0.734036639816856,26.5963360183144,26.5963360183144,0.00018576239121022856,2.793683898093503,0.0002037132420352466,9.097055374626926e-05,0.0007086189437769184,5.660000008982767e-05,188.240737610482,5.716247880429664,0.03017952124818757,0.09236224807369398,0.1459989447547685,44566,367c2f2bb159df317216da43e206d497f06efbc1285fb2fccdfa47846fe475e9,three_row_sha256,6005a3972b9d477004bc54c45820d077fca728fc3d09c2980fcdec54019e4f81,944f93c6fa033d604d9e90219484c40564bfebf4e3306a041f5ec522a76c0b9b,0f2cf9a67445117338a1c28f1312c232b1cbb8285fc218b4057ed38b092a75be,0.26370398700237274,0.2284240908920765,0.24400814436376095,0.6045280024409294,0.13707811012864113,0.8737731259316206,0.1877029426395893,2.5392184033989906,0.0,0.0,10.431618895381689,678.999968804419,2862.179993186146,146500,146500,,2.793683898093503,,False,False,ok
BNCI2014_001,resampled_spectral_normalized_power_s1,resampled,spectral,normalized_power,1,1788,294,500,500,1.0,22,253,0.00031396353627697693,0.01771901623332901,5.1433908142241345,0.7345177174328356,26.548228256716445,26.548228256716445,0.00018974223480408537,2.793683898093503,0.00020578223764038938,9.098973024967397e-05,0.0007949963437317547,5.353541631677089e-05,188.240737610482,5.716247880429665,0.03017952124818757,0.09236224807369398,0.1459989447547685,44859,4f8a7dcf89982995ac0f112b815cb9ed5d23ac4a6079f1fcb07bfd677f03216a,three_row_sha256,efc592495ffb78d9930351473f4f8f5f44ae8cf2dfbf96a05bdd81756fc318cb,944f93c6fa033d604d9e90219484c40564bfebf4e3306a041f5ec522a76c0b9b,0f2cf9a67445117338a1c28f1312c232b1cbb8285fc218b4057ed38b092a75be,0.4070401191711426,0.25344500318169594,0.2670090179890394,1.0345610789954662,0.2507469616830349,1.089584780856967,0.3082549665123224,3.6106419283896685,0.0,0.0,9.2126140370965,682.6106107328087,2871.3926072232425,147000,147000,,2.793683898093503,,False,False,ok
BNCI2014_001,resampled_spectral_normalized_power_s1,resampled,spectral,normalized_power,1,1788,295,500,500,1.0,22,253,0.0003149808469391218,0.017747699764733508,5.1308203339431175,0.7327225514000479,26.727744859995205,26.727744859995205,0.00018721325443884433,2.793683898093503,0.00020464746334476468,9.452568559185241e-05,0.0006479975561212381,6.840909458821961e-05,188.240737610482,5.716247880429664,0.03017952124818757,0.09236224807369398,0.1459989447547685,45153,0e5ca561091255e9c9e8e0dae4339fe909c4ca1320939e13fbb95abed722a296,three_row_sha256,cf1a4cc1784ac6f45d79979f68f33bcba399562784cf2cf82d77b2c90e5a323c,944f93c6fa033d604d9e90219484c40564bfebf4e3306a041f5ec522a76c0b9b,0f2cf9a67445117338a1c28f1312c232b1cbb8285fc218b4057ed38b092a75be,0.28854398988187313,0.2370770089328289,0.25683408603072166,0.658947043120861,0.14876597560942173,0.9917791467159986,0.33638812601566315,2.9183353763073683,0.0,0.0,11.684953002259135,685.5289461091161,2883.0775602255017,147500,147500,,2.793683898093503,,False,False,ok
BNCI2014_001,resampled_spectral_normalized_power_s1,resampled,spectral,normalized_power,1,1788,296,500,500,1.0,22,253,0.00030851566497705084,0.01756461400022929,5.1386341126770105,0.7338384220634773,26.616157793652278,26.616157793652278,0.00018223673902739715,2.793683898093503,0.00020578810383940345,8.990696974304875e-05,0.0006182278314461585,4.4313968525774643e-05,188.24073761048203,5.716247880429664,0.03017952124818757,0.09236224807369398,0.1459989447547685,45448,244a61e0aa32bcb2ee2e13f703cbc4fa02289f3ca1bae280eb14336c37d75cd6,three_row_sha256,8bfc8f3f4a166c805b97d73bb97e7d9676f472ff706680f22ececbaab9cd608b,944f93c6fa033d604d9e90219484c40564bfebf4e3306a041f5ec522a76c0b9b,0f2cf9a67445117338a1c28f1312c232b1cbb8285fc218b4057ed38b092a75be,0.28933421708643436,0.23149605840444565,0.25682104751467705,0.6371850613504648,0.1450488343834877,0.6661410443484783,0.20251283422112465,2.4285390973091125,0.0,0.0,12.32831715606153,687.9574852064252,2895.405877381563,148000,148000,,2.793683898093503,,False,False,ok
BNCI2014_001,resampled_spectral_normalized_power_s1,resampled,spectral,normalized_power,1,1788,297,500,500,1.0,22,253,0.0003054032986775559,0.017475791789717452,5.137462957179819,0.7336711716067985,26.632882839320146,26.632882839320146,0.00018094585177751065,2.793683898093503,0.00020279989515277803,8.958523475131815e-05,0.0005978206072106561,4.53079582258491e-05,188.24073761048203,5.716247880429664,0.03017952124818757,0.09236224807369398,0.1459989447547685,45744,43d40c503ad9bf046421047b517292fdfc11d3c45557eb06967960954b85f445,three_row_sha256,94c86112775f40518fca6207b138fc64caa4e52aa6dc9c04b4e7b08b5c52548b,944f93c6fa033d604d9e90219484c40564bfebf4e3306a041f5ec522a76c0b9b,0f2cf9a67445117338a1c28f1312c232b1cbb8285fc218b4057ed38b092a75be,0.426360871642828,0.23814779706299305,0.28273812495172024,0.649286201223731,0.1465680543333292,0.780327944085002,0.2045759465545416,2.728004939854145,0.0,0.0,9.389691986143589,690.6854901462793,2904.795569367707,148500,148500,,2.793683898093503,,False,False,ok
BNCI2014_001,resampled_spectral_normalized_power_s1,resampled,spectral,normalized_power,1,1788,298,500,500,1.0,22,253,0.00032313492549300286,0.017975954091313286,5.14092282953382,0.7341652693014636,26.58347306985364,26.58347306985364,0.0001869756522444865,2.793683898093503,0.00020981507629518281,9.813924429645916e-05,0.0006386790731448236,3.680920534591508e-05,188.24073761048203,5.716247880429664,0.03017952124818757,0.09236224807369398,0.1459989447547685,46041,09742733b62a99a4ffccb50ba7e4f91aa2fda1fe1623568a549e50d03ff9272e,three_row_sha256,36a2c3b368e5392eb9a81c81b59a7a20956f3370c4ac74ba49730482af8e713b,944f93c6fa033d604d9e90219484c40564bfebf4e3306a041f5ec522a76c0b9b,0f2cf9a67445117338a1c28f1312c232b1cbb8285fc218b4057ed38b092a75be,0.4439791664481163,0.26007904671132565,0.2861099783331156,1.0866648517549038,0.2583600580692291,0.8164949249476194,0.3408510237932205,3.4925390500575304,0.0,0.0,10.52091596648097,694.1780291963369,2915.3164853341877,149000,149000,,2.793683898093503,,False,False,ok
BNCI2014_001,resampled_spectral_normalized_power_s1,resampled,spectral,normalized_power,1,1788,299,500,500,1.0,22,253,0.0002892483782748891,0.0170073036744479,5.146358359960615,0.7349415069132518,26.505849308674826,26.505849308674826,0.00017617361500148296,2.793683898093503,0.00019579155198851873,8.313006854292181e-05,0.0006131618844379318,3.7639551284814724e-05,188.240737610482,5.716247880429664,0.03017952124818757,0.09236224807369398,0.1459989447547685,46339,994a79dcc4fc6f186c00cde739339fd6c6647fc2055d723a1351db11f98bf0d8,three_row_sha256,a6aa4441bf0282239a5aa206781350523677763b65bd4b371e0f98cf21042ff3,944f93c6fa033d604d9e90219484c40564bfebf4e3306a041f5ec522a76c0b9b,0f2cf9a67445117338a1c28f1312c232b1cbb8285fc218b4057ed38b092a75be,0.2892198972404003,0.23638899438083172,0.2565598115324974,0.6373401265591383,0.14390400610864162,0.7990200538188219,0.20063691772520542,2.5630698073655367,0.0,0.0,12.929165968671441,696.7410990037024,2928.245651302859,149500,149500,,2.793683898093503,,False,False,ok
BNCI2014_001,resampled_spectral_normalized_power_s1,resampled,spectral,normalized_power,1,1788,300,500,500,1.0,22,253,0.000304850116921686,0.01745995752920625,5.143098710884336,0.7344760027185249,26.55239972814751,26.55239972814751,0.00018133222042964687,2.793683898093503,0.00020219941567837737,9.040765494998904e-05,0.0005983286326353336,5.5778192672155825e-05,188.24073761048203,5.716247880429664,0.03017952124818757,0.09236224807369398,0.1459989447547685,46638,0f5cb462dd3d6232b0cf724801eef9336929092ebdfbd55f86a4ad0f8e93a73e,three_row_sha256,d029e1b2d9feb62f03374623cb1d6a2852dfa8d3e38c0d667dd77adbfb8192e8,944f93c6fa033d604d9e90219484c40564bfebf4e3306a041f5ec522a76c0b9b,0f2cf9a67445117338a1c28f1312c232b1cbb8285fc218b4057ed38b092a75be,0.2886268775910139,0.23360713385045528,0.2569970674812794,0.6406749598681927,0.1436320599168539,0.7734519895166159,0.2016171347349882,2.5386072229593992,0.0,0.0,10.011728154495358,699.2797062266618,2938.2573794573545,150000,150000,,2.793683898093503,,False,False,ok
BNCI2014_001,resampled_spectral_normalized_power_s1,resampled,spectral,normalized_power,1,1788,301,500,500,1.0,22,253,0.0003219809530815955,0.01794382771544565,5.145947004199619,0.7348827619907807,26.511723800921928,26.511723800921928,0.00019561597158823245,2.793683898093503,0.00020491123996960298,9.828126693447436e-05,0.0009290914547502027,5.179336825551283e-05,188.24073761048203,5.716247880429664,0.03017952124818757,0.09236224807369398,0.1459989447547685,46938,4f466c72e19b902d2fe8eb21bd838b6a22278efdfefbeb662b9545d45653c740,three_row_sha256,83e484dc6751d4396085adc7ead038821c4fef1b875e205d23540bc947d2e721,944f93c6fa033d604d9e90219484c40564bfebf4e3306a041f5ec522a76c0b9b,0f2cf9a67445117338a1c28f1312c232b1cbb8285fc218b4057ed38b092a75be,0.43713697232306004,0.2616459969431162,0.2890110481530428,1.063882140442729,0.2542228903621435,0.6322339177131653,0.3211370203644037,3.2592699863016605,0.0,0.0,9.649383137002587,702.5389762129635,2947.906762594357,150500,150500,,2.793683898093503,,False,False,ok
BNCI2014_001,resampled_spectral_normalized_power_s1,resampled,spectral,normalized_power,1,1788,302,500,500,1.0,22,253,0.0003082393127870182,0.017556745506699646,5.136299767540857,0.7335050587389625,26.649494126103747,26.649494126103747,0.00018880553193917953,2.793683898093503,0.0002019477938881053,9.047280012534605e-05,0.0008579535851991464,4.880798003524015e-05,188.24073761048203,5.716247880429664,0.03017952124818757,0.09236224807369398,0.1459989447547685,47239,758b07e64c2e979dbb759dfe594358f6ff5e580e2a491baf984e6385c4ccc8fe,three_row_sha256,2cdb8b56c5c82908f471e6a064ece849220716552ee3ef4464daa2e186ab3612,944f93c6fa033d604d9e90219484c40564bfebf4e3306a041f5ec522a76c0b9b,0f2cf9a67445117338a1c28f1312c232b1cbb8285fc218b4057ed38b092a75be,0.2887300215661526,0.26172189973294735,0.2622611355036497,1.080402173101902,0.25068107061088085,0.7943750824779272,0.3350048791617155,3.273176262155175,0.0,0.0,11.888961074873805,705.8121524751186,2959.795723669231,151000,151000,,2.793683898093503,,False,False,ok
BNCI2014_001,resampled_spectral_normalized_power_s1,resampled,spectral,normalized_power,1,1788,303,500,500,1.0,22,253,0.0003019046555493498,0.01737540375212472,5.123658482578592,0.7316997812262714,26.830021877372857,26.830021877372857,0.00017825360125463992,2.793683898093503,0.00020432112941739275,8.673258355400295e-05,0.0005576391952088218,6.191602610566596e-05,188.24073761048203,5.716247880429664,0.03017952124818757,0.09236224807369398,0.1459989447547685,47541,a39c99199d7ed780ee25d36151f04237811d934edae94f610fdd98fe87921419,three_row_sha256,d07dd9f9c87b82abceb3ccb52231cdf936952fc983f3f6c480ce4f1718192360,944f93c6fa033d604d9e90219484c40564bfebf4e3306a041f5ec522a76c0b9b,0f2cf9a67445117338a1c28f1312c232b1cbb8285fc218b4057ed38b092a75be,0.2813129685819149,0.23233797401189804,0.2650679089128971,0.6573819555342197,0.14514103531837463,0.7900309283286333,0.20155194215476513,2.572824712842703,0.0,0.0,13.007811037823558,708.3849771879613,2972.8035347070545,151500,151500,,2.793683898093503,,False,False,ok
BNCI2014_001,resampled_spectral_normalized_power_s1,resampled,spectral,normalized_power,1,1788,304,500,500,1.0,22,253,0.00031430214709370736,0.017728568670191833,5.132281209507985,0.7329311762205443,26.706882377945572,26.706882377945572,0.00018314659890144734,2.793683898093503,0.00020812978680721325,9.429801839425576e-05,0.0006051450358841529,4.327896125702709e-05,188.24073761048203,5.716247880429664,0.03017952124818757,0.09236224807369398,0.1459989447547685,47844,d8d04cb9e35e06bb88656ed53141c19daff5d7f2b34dd371614e7d2f76f63823,three_row_sha256,6556eca352b46813ad05af2565b7a2e5cb9aca8c6fbe22506673aba629c83f02,944f93c6fa033d604d9e90219484c40564bfebf4e3306a041f5ec522a76c0b9b,0f2cf9a67445117338a1c28f1312c232b1cbb8285fc218b4057ed38b092a75be,0.2826349809765816,0.23207813501358032,0.2565709874033928,0.6407150067389011,0.14667212963104248,0.7928628474473953,0.20680390298366547,2.558337990194559,0.0,0.0,10.250357910990715,710.9433151781559,2983.053892618045,152000,152000,,2.793683898093503,,False,False,ok
BNCI2014_001,resampled_spectral_normalized_power_s1,resampled,spectral,normalized_power,1,1788,305,500,500,1.0,22,253,0.0003065689776991684,0.017509111276680162,5.1324771170215735,0.7329591533945344,26.70408466054656,26.70408466054656,0.00018882812769264537,2.793683898093503,0.00020100599425508143,8.87149515323049e-05,0.0008430838890566213,3.921868563087608e-05,188.240737610482,5.716247880429664,0.03017952124818757,0.09236224807369398,0.1459989447547685,48148,b7a3ad83e4ed88d1dade2fb5ca0728337ee0a0e651a73232b1c702ebcadb40e8,three_row_sha256,460290e5f70723c4173927084a9af5308bd0d0e927c589a53041871d43f782d8,944f93c6fa033d604d9e90219484c40564bfebf4e3306a041f5ec522a76c0b9b,0f2cf9a67445117338a1c28f1312c232b1cbb8285fc218b4057ed38b092a75be,0.41708583012223244,0.2671510446816683,0.27684099040925503,1.0564499534666538,0.25841500610113144,0.7882658392190933,0.3230019938200712,3.3872106578201056,0.0,0.0,9.96367703191936,714.330525835976,2993.0175696499646,152500,152500,,2.793683898093503,,False,False,ok
BNCI2014_001,resampled_spectral_normalized_power_s1,resampled,spectral,normalized_power,1,1788,306,500,500,1.0,22,253,0.000296896340111461,0.0172306801987461,5.120639097348719,0.731268588647834,26.8731411352166,26.8731411352166,0.00017450723111904669,2.793683898093503,0.00020212764538929889,8.655525297043865e-05,0.0004927246192458892,5.223878408244202e-05,188.24073761048203,5.716247880429664,0.03017952124818757,0.09236224807369398,0.1459989447547685,48453,8c2a8153960442ade7e819ce134178883357724f72826a9e23da0781b0a18a6e,three_row_sha256,cde8fa081231d25b535364a3095348dfe62270337c86c33f7c8db01aac31140f,944f93c6fa033d604d9e90219484c40564bfebf4e3306a041f5ec522a76c0b9b,0f2cf9a67445117338a1c28f1312c232b1cbb8285fc218b4057ed38b092a75be,0.2672700211405754,0.23540807887911797,0.252261059358716,0.6472999230027199,0.14803907833993435,0.787853030487895,0.3353471402078867,2.6734783314168453,0.0,0.0,11.975684901699424,717.0040041673928,3004.993254551664,153000,153000,,2.793683898093503,,False,False,ok
BNCI2014_001,resampled_spectral_normalized_power_s1,resampled,spectral,normalized_power,1,1788,307,500,500,1.0,22,253,0.0003127006483494545,0.01768334381132297,5.126507256657008,0.7321066091553825,26.789339084461748,26.789339084461748,0.0001818662919215081,2.793683898093503,0.00020794260417395045,9.208338871414955e-05,0.000603704547488181,4.9747961658489436e-05,188.240737610482,5.716247880429665,0.03017952124818757,0.09236224807369398,0.1459989447547685,48759,ea74ac60a5adcc0fab8b047d2dd61f0306d33c210d6ff35672481d14b74c2d18,three_row_sha256,c70c25f3bc0e496d7fe5a5f0654823fb3801d5402438246c9de9dc700e04b61d,944f93c6fa033d604d9e90219484c40564bfebf4e3306a041f5ec522a76c0b9b,0f2cf9a67445117338a1c28f1312c232b1cbb8285fc218b4057ed38b092a75be,0.2873968333005905,0.23637386038899422,0.2540911082178354,0.6432870868593454,0.143520999699831,0.7741539739072323,0.20248000510036945,2.5413038674741983,0.0,0.0,11.503025190904737,719.545308034867,3016.4962797425687,153500,153500,,2.793683898093503,,False,False,ok
BNCI2014_001,resampled_spectral_normalized_power_s1,resampled,spectral,normalized_power,1,1788,308,500,500,1.0,22,253,0.00030805875190380235,0.01755160254517525,5.1185584115764815,0.7309714499276161,26.902855007238387,26.902855007238387,0.0001811091241093742,2.793683898093503,0.00020635005098347816,8.927901948715588e-05,0.000594120262262949,3.9258008245397836e-05,188.24073761048203,5.716247880429664,0.03017952124818757,0.09236224807369398,0.1459989447547685,49066,49a6a2d61c5267486727e4808dbf66430ee796e187ec779c8af044a537258a6c,three_row_sha256,30638da1f449a450b47b71e937954caab9effc3f6b98281579625dca6d99926a,944f93c6fa033d604d9e90219484c40564bfebf4e3306a041f5ec522a76c0b9b,0f2cf9a67445117338a1c28f1312c232b1cbb8285fc218b4057ed38b092a75be,0.4556761123239994,0.2654560375958681,0.2861961256712675,1.0424181818962097,0.1859369222074747,0.7850320544093847,0.20384718663990498,3.224562620744109,0.0,0.0,8.996751857921481,722.7698706556112,3025.49303160049,154000,154000,,2.793683898093503,,False,False,ok
BNCI2014_001,resampled_spectral_normalized_power_s1,resampled,spectral,normalized_power,1,1788,309,500,500,1.0,22,253,0.00031675676432128407,0.01779766176556022,5.118975123566734,0.7310309597628517,26.896904023714825,26.896904023714825,0.00018844027241019326,2.793683898093503,0.00020827789662159916,9.310843811731165e-05,0.0006940302302760497,2.5974992753326755e-05,188.240737610482,5.716247880429664,0.03017952124818757,0.09236224807369398,0.1459989447547685,49374,e58be9562eed1f4a5018cdacce7077f33c9725d63e6c3fba2521f4dce3561528,three_row_sha256,4c8139b8b06b101e8dda98c8d1da4e0e5636d87a9eb11a17f8c829ec2e5efe0a,944f93c6fa033d604d9e90219484c40564bfebf4e3306a041f5ec522a76c0b9b,0f2cf9a67445117338a1c28f1312c232b1cbb8285fc218b4057ed38b092a75be,0.283458037301898,0.24017994292080402,0.262225978076458,1.0709508787840605,0.2663589548319578,0.812529819086194,0.3272518515586853,3.2629554625600576,0.0,0.0,11.427973862737417,726.0328261181712,3036.9210054632276,154500,154500,,2.793683898093503,,False,False,ok
BNCI2014_001,resampled_spectral_normalized_power_s1,resampled,spectral,normalized_power,1,1788,310,500,500,1.0,22,253,0.00031563431444402677,0.017766100147303763,5.114741247645499,0.7304263281122763,26.95736718877237,26.95736718877237,0.00018801147288622323,2.793683898093503,0.0002056606069245276,9.520882889863652e-05,0.0007276446123769629,4.113082193943334e-05,188.240737610482,5.716247880429664,0.03017952124818757,0.09236224807369398,0.1459989447547685,49683,d2d51aaeeb2433bb773f887e986ad7ec788471f328753346a47aea21f46cac8a,three_row_sha256,8cbb324d409362b03ba9e0c492554c440b90967a19149ffa52de65c5607bb0f0,944f93c6fa033d604d9e90219484c40564bfebf4e3306a041f5ec522a76c0b9b,0f2cf9a67445117338a1c28f1312c232b1cbb8285fc218b4057ed38b092a75be,0.2833509352058172,0.23576314561069012,0.25564804673194885,0.6427781190723181,0.14621997252106667,0.7669180631637573,0.2085869200527668,2.539265202358365,0.0,0.0,12.640191009268165,728.5720913205296,3049.561196472496,155000,155000,,2.793683898093503,,False,False,ok
BNCI2014_001,resampled_spectral_normalized_power_s1,resampled,spectral,normalized_power,1,1788,311,500,500,1.0,22,253,0.00030278181951000924,0.01740062698611775,5.127598838314391,0.7322624958255448,26.77375041744552,26.77375041744552,0.00018278051651400722,2.793683898093503,0.00020016008783891491,8.797023658473568e-05,0.0006215868178753776,5.078410516937863e-05,188.240737610482,5.716247880429664,0.03017952124818757,0.09236224807369398,0.1459989447547685,49993,563f9f57b93d1e70713b28494a2de8b5fe3b4082421aff54bc14343134c78c7c,three_row_sha256,5308d79a9594378957fc0f469b22c512e334f4e3591d1deee63bbdbb1f54e6de,944f93c6fa033d604d9e90219484c40564bfebf4e3306a041f5ec522a76c0b9b,0f2cf9a67445117338a1c28f1312c232b1cbb8285fc218b4057ed38b092a75be,0.28908601962029934,0.23443298414349556,0.25704503059387207,0.6372090429067612,0.14113308861851692,0.781388022005558,0.21049520000815392,2.550789387896657,0.0,0.0,9.96791711077094,731.1228807084262,3059.5291135832667,155500,155500,,2.793683898093503,,False,False,ok
BNCI2014_001,resampled_spectral_normalized_power_s1,resampled,spectral,normalized_power,1,1788,312,500,500,1.0,22,253,0.00031602460921146695,0.017777081009307093,5.133065694035734,0.7330432069422016,26.695679305779834,26.695679305779834,0.0001848105791611267,2.793683898093503,0.00021051726496896755,9.066940468784765e-05,0.0006744549588554961,5.455526904391178e-05,188.240737610482,5.716247880429664,0.03017952124818757,0.09236224807369398,0.1459989447547685,50304,74394911f6d0d32a98e792d87b90ad430e44c26e052279ca1b5afa97d9c8405b,three_row_sha256,9ab12236c784b1fbab7801322486a7ff98a19ce055321467a8d1386df426b1b7,944f93c6fa033d604d9e90219484c40564bfebf4e3306a041f5ec522a76c0b9b,0f2cf9a67445117338a1c28f1312c232b1cbb8285fc218b4057ed38b092a75be,0.4360510502010584,0.2608029171824455,0.28482195921242237,1.044319011271,0.25714398361742496,0.7841771002858877,0.3336381632834673,3.400954185053706,0.0,0.0,9.792635915800929,734.52383489348,3069.3217494990677,156000,156000,,2.793683898093503,,False,False,ok
BNCI2014_001,resampled_spectral_normalized_power_s1,resampled,spectral,normalized_power,1,1788,313,500,500,1.0,22,253,0.00031077769424764064,0.01762888806044331,5.126658014148193,0.7321281385417953,26.787186145820478,26.787186145820478,0.00018395268969156704,2.793683898093503,0.00020654140024339203,9.048275260452767e-05,0.0005946835726777584,4.02228351537411e-05,188.24073761048203,5.716247880429664,0.03017952124818757,0.09236224807369398,0.1459989447547685,50616,6fdf5ce1789b1ecb6a0bb7a5b289c3eee1c2a3dae4a82c0ea4f80f85eaaa70ff,three_row_sha256,10f9f4c62a0cfd8bd5979d49c7df949d9638ae85ed869fbc4af0870f5b0cae2e,944f93c6fa033d604d9e90219484c40564bfebf4e3306a041f5ec522a76c0b9b,0f2cf9a67445117338a1c28f1312c232b1cbb8285fc218b4057ed38b092a75be,0.28818007558584213,0.2345009706914425,0.2559621352702379,0.6212349981069565,0.15365192666649818,0.7535850163549185,0.21436112001538277,2.5214762426912785,0.0,0.0,12.939659878611565,737.0453111361712,3082.2614093776792,156500,156500,,2.793683898093503,,False,False,ok
BNCI2014_001,resampled_spectral_normalized_power_s1,resampled,spectral,normalized_power,1,1788,314,500,500,1.0,22,253,0.0003311587911581071,0.018197768851101144,5.110928908882168,0.7298818953698181,27.011810463018197,27.011810463018197,0.00019410091554699258,2.793683898093503,0.00021327968377146263,9.992215195536449e-05,0.0007435360898608539,6.0460795314606504e-05,188.24073761048203,5.716247880429664,0.03017952124818757,0.09236224807369398,0.1459989447547685,50929,9eae63c2e59bd6da16c49862153b43ec83a22a09322135eee0216ebfba464901,three_row_sha256,5de3cdfe4c203e588ca1b94232b182067371f8fc4ba53d8e787361150d6ecb52,944f93c6fa033d604d9e90219484c40564bfebf4e3306a041f5ec522a76c0b9b,0f2cf9a67445117338a1c28f1312c232b1cbb8285fc218b4057ed38b092a75be,0.2779390197247267,0.23528491146862507,0.25654700584709644,0.6284220144152641,0.15341304242610931,0.7730699144303799,0.2012457698583603,2.525921678170562,0.0,0.0,11.052213842049241,739.5712328143418,3093.3136232197285,157000,157000,,2.793683898093503,,False,False,ok
BNCI2014_001,resampled_spectral_normalized_power_s1,resampled,spectral,normalized_power,1,1788,315,500,500,1.0,22,253,0.0003151933965219604,0.017753686843074608,5.103988910320441,0.7288908075667195,27.11091924332805,27.11091924332805,0.00019432055732147548,2.7936838980935033,0.00020231970431031627,9.396636699488175e-05,0.0008815302374834443,4.738222752457239e-05,188.24073761048203,5.716247880429664,0.03017952124818757,0.09236224807369398,0.1459989447547685,51243,e8993c776afe1e735a098b674b18e0786d1effd8a8155184d0670181604cf9b2,three_row_sha256,9e556f3e5a7c4351b76728df9b265e1505008287e121a3719be5a015f61ee835,944f93c6fa033d604d9e90219484c40564bfebf4e3306a041f5ec522a76c0b9b,0f2cf9a67445117338a1c28f1312c232b1cbb8285fc218b4057ed38b092a75be,0.43368502520024776,0.2655710559338331,0.28161099180579185,1.0586439166218042,0.2509448677301407,0.797951128333807,0.20963908173143864,3.2980460673570633,0.0,0.0,9.006435051560402,742.8692788816988,3102.320058271289,157500,157500,,2.793683898093503,,False,False,ok
BNCI2014_001,resampled_spectral_normalized_power_s1,resampled,spectral,normalized_power,1,1788,316,500,500,1.0,22,253,0.0003195060403808971,0.01787473189675574,5.1082744309578345,0.7295028144995553,27.049718550044467,27.049718550044467,0.00018732620074486038,2.7936838980935024,0.00020810581345957047,9.645744378466963e-05,0.000671161005973164,4.052848484645548e-05,188.24073761048203,5.716247880429664,0.03017952124818757,0.09236224807369398,0.1459989447547685,51558,f13e4c2eb97d1571e1f7c35f57c819c42e92f3eaae0130d2f713b2f0f0f9ac64,three_row_sha256,85a01cfc7bcd47319b53edb415e788bd2f130996f86d3d66e729891221348bf8,944f93c6fa033d604d9e90219484c40564bfebf4e3306a041f5ec522a76c0b9b,0f2cf9a67445117338a1c28f1312c232b1cbb8285fc218b4057ed38b092a75be,0.2842389512807131,0.2674199640750885,0.26156893000006676,1.1045921128243208,0.2530529163777828,0.8218318689614534,0.31770113855600357,3.310405882075429,0.0,0.0,11.155510088428855,746.1796847637743,3113.4755683597177,158000,158000,,2.793683898093503,,False,False,ok
BNCI2014_001,resampled_spectral_normalized_power_s1,resampled,spectral,normalized_power,1,1788,317,500,500,1.0,22,253,0.0003160023376882935,0.017776454587129953,5.1192194607986785,0.7310658530914699,26.893414690853014,26.893414690853014,0.0001891067026956486,2.7936838980935024,0.0002073603309691583,9.37899549797407e-05,0.0007367264987779452,4.6238192841730594e-05,188.24073761048203,5.716247880429664,0.03017952124818757,0.09236224807369398,0.1459989447547685,51874,29ae23550351c93e82ef0fe6733e3c532cac66d3d4a6ededf2b7eda28606d4a5,three_row_sha256,34545e31164027a1871393b6a91cdf551bb300258bb1c6fc26a2742e1c2018ca,944f93c6fa033d604d9e90219484c40564bfebf4e3306a041f5ec522a76c0b9b,0f2cf9a67445117338a1c28f1312c232b1cbb8285fc218b4057ed38b092a75be,0.27706404216587543,0.2345070242881775,0.2526531461626291,0.6235800683498383,0.1417640596628189,0.7755709812045097,0.2081270795315504,2.5132664013653994,0.0,0.0,12.42230786010623,748.6929511651397,3125.897876219824,158500,158500,,2.793683898093503,,False,False,ok
BNCI2014_001,resampled_spectral_normalized_power_s1,resampled,spectral,normalized_power,1,1788,318,500,500,1.0,22,253,0.00029985919779016866,0.0173164429889677,5.110781965600314,0.7298609106832799,27.01390893167201,27.01390893167201,0.00017603462287527812,2.793683898093503,0.00020637529649137072,8.362843427351617e-05,0.0005255255564620006,3.901953313002744e-05,188.240737610482,5.716247880429664,0.03017952124818757,0.09236224807369398,0.1459989447547685,52191,9b99a31f5da1aacac13f936c69d10d1bb48307b3bb20b086829dd402c175ac41,three_row_sha256,fd75157bcfc647f9e8e3dd25394c452f892583db5ec68b54a664a66a3733a3fe,944f93c6fa033d604d9e90219484c40564bfebf4e3306a041f5ec522a76c0b9b,0f2cf9a67445117338a1c28f1312c232b1cbb8285fc218b4057ed38b092a75be,0.2932909410446882,0.23113400675356388,0.25467900559306145,0.6343619897961617,0.1445759553462267,0.7705669850111008,0.20016892813146114,2.528777811676264,0.0,0.0,9.347297018393874,751.2217289768159,3135.245173238218,159000,159000,,2.793683898093503,,False,False,ok
BNCI2014_001,resampled_spectral_normalized_power_s1,resampled,spectral,normalized_power,1,1788,319,500,500,1.0,22,253,0.0003019848596417159,0.017377711576663825,5.125344115967449,0.7319405032779164,26.80594967220836,26.80594967220836,0.00017945150112554196,2.793683898093503,0.0002064948499796334,8.461062287013996e-05,0.0006234847423473662,6.027720470849009e-05,188.24073761048206,5.716247880429664,0.03017952124818757,0.09236224807369398,0.1459989447547685,52509,ec98ecb0476ead637b55eb8f684c60d7c0a0199c7fcc98c1adcd88f4372a7d28,three_row_sha256,f7ac900a78b3f3100729fa2db03f6059709d77b21914648a7ad5a1086dae750a,944f93c6fa033d604d9e90219484c40564bfebf4e3306a041f5ec522a76c0b9b,0f2cf9a67445117338a1c28f1312c232b1cbb8285fc218b4057ed38b092a75be,0.4394529387354851,0.2646490465849638,0.28807809576392174,1.0852320119738579,0.25115604512393475,0.8151750080287457,0.33204304054379463,3.4757861867547035,0.0,0.0,10.433922987431288,754.6975151635706,3145.679096225649,159500,159500,,2.793683898093503,,False,False,ok
BNCI2014_001,resampled_spectral_normalized_power_s1,resampled,spectral,normalized_power,1,1788,320,500,500,1.0,22,253,0.0003231631867734964,0.01797674015981475,5.111836665146383,0.7300115302902935,26.998846970970646,26.998846970970646,0.00018953748803636624,2.793683898093503,0.00021221874557627858,9.481683820543068e-05,0.0006990677374595659,6.003260542153047e-05,188.24073761048203,5.716247880429664,0.03017952124818757,0.09236224807369398,0.1459989447547685,52828,92a1e4d807f8cdf61b0a301270f28805ca8edfc5a0acc599c01ea168c32de3c3,three_row_sha256,f1821ef2126cc686ed81f7dcb46c6a4bde92f074f16023c73884b1f4be5edf5e,944f93c6fa033d604d9e90219484c40564bfebf4e3306a041f5ec522a76c0b9b,0f2cf9a67445117338a1c28f1312c232b1cbb8285fc218b4057ed38b092a75be,0.2791199367493391,0.23454101756215096,0.257349805906415,0.6383250001817942,0.14611007645726204,0.7590928580611944,0.2061531413346529,2.5206918362528086,0.0,0.0,12.409221846610308,757.2182069998235,3158.0883180722594,160000,160000,,2.793683898093503,,False,False,ok
BNCI2014_001,resampled_spectral_normalized_power_s1,resampled,spectral,normalized_power,1,1788,321,500,500,1.0,22,253,0.00030300814283189606,0.017407129080692658,5.100319773771871,0.7283668252562266,27.16331747437734,27.16331747437734,0.00018244646275760975,2.793683898093503,0.00020044444288040526,8.990916735338366e-05,0.0006655353571693638,5.184213906799824e-05,188.24073761048203,5.716247880429664,0.03017952124818757,0.09236224807369398,0.1459989447547685,53148,3059f9fad8567340e05acedf32f2a438791ca5ada97b2e1dcf582cc1c48c5815,three_row_sha256,0c3bf1d8f65529282d6b1057bacc7a84a3c1748c033f63586a0d89d9a438748a,944f93c6fa033d604d9e90219484c40564bfebf4e3306a041f5ec522a76c0b9b,0f2cf9a67445117338a1c28f1312c232b1cbb8285fc218b4057ed38b092a75be,0.2869099844247103,0.23720110766589642,0.26417593471705914,0.661215977743268,0.14857901260256767,0.7905371021479368,0.2047359012067318,2.59335502050817,0.0,0.0,11.226881993934512,759.8115620203316,3169.315200066194,160500,160500,,2.793683898093503,,False,False,ok
BNCI2014_001,resampled_spectral_normalized_power_s1,resampled,spectral,normalized_power,1,1788,322,500,500,1.0,22,253,0.0003217312753872497,0.017936869163464667,5.095834174136763,0.7277262454278017,27.22737545721982,27.22737545721982,0.00019556890950867586,2.793683898093503,0.00020715650551315006,9.540495772650925e-05,0.0009123903044881941,5.6314308701361975e-05,188.24073761048203,5.716247880429664,0.03017952124818757,0.09236224807369398,0.1459989447547685,53469,64ae79e0a0e90cb3402b0fe02c08d9ddf79917cb139e6fd19748cf20d963d637,three_row_sha256,f1fc26c5a985a32947024d37d5817cafb371b304aa562a67245698e346c54037,944f93c6fa033d604d9e90219484c40564bfebf4e3306a041f5ec522a76c0b9b,0f2cf9a67445117338a1c28f1312c232b1cbb8285fc218b4057ed38b092a75be,0.43419981375336647,0.26099709793925285,0.2869931049644947,1.0626371949911118,0.26031211018562317,0.8185079786926508,0.2788619603961706,3.4025092609226704,0.0,0.0,9.169799974188209,763.2140712812543,3178.485000040382,161000,161000,,2.793683898093503,,False,False,ok
BNCI2014_001,resampled_spectral_normalized_power_s1,resampled,spectral,normalized_power,1,1788,323,500,500,1.0,22,253,0.00030989023090541084,0.017603699352846572,5.107713797030114,0.7294227514501433,27.05772485498567,27.05772485498567,0.0001860454505783128,2.793683898093503,0.00020445049293572344,8.966849405926856e-05,0.0006811924115490844,5.862263940997533e-05,188.24073761048206,5.716247880429664,0.03017952124818757,0.09236224807369398,0.1459989447547685,53791,9be89846248e68b826656ced0078d11a2e5574b91f1cc7f983a177cc0600a1f2,three_row_sha256,31743ad27beefa0758b1083149c140b039d1aaf7120a31adb72d8f013064f91a,944f93c6fa033d604d9e90219484c40564bfebf4e3306a041f5ec522a76c0b9b,0f2cf9a67445117338a1c28f1312c232b1cbb8285fc218b4057ed38b092a75be,0.28118398040533066,0.24987501092255116,0.2643249463289976,1.0947000700980425,0.2618830185383558,0.7998170331120491,0.3350619226694107,3.2868459820747375,0.0,0.0,10.949118994176388,766.500917263329,3189.4341190345585,161500,161500,,2.793683898093503,,False,False,ok
BNCI2014_001,resampled_spectral_normalized_power_s1,resampled,spectral,normalized_power,1,1788,324,500,500,1.0,22,253,0.00030421996888129637,0.017441902673770895,5.105363676290416,0.7290871352421272,27.091286475787275,27.091286475787275,0.00018497265042786938,2.7936838980935033,0.000199268807494385,9.03140719488514e-05,0.0006907178012826455,5.117788076388198e-05,188.24073761048203,5.716247880429664,0.03017952124818757,0.09236224807369398,0.1459989447547685,54114,e463e3db6f194e7d13f61f8994bcf006997a4fce31a0e109ce921d5da73e8cec,three_row_sha256,716159065e528b4f7e1fbeaba3affd9fcca17e6b194f17b55bd66cfb9ae9679e,944f93c6fa033d604d9e90219484c40564bfebf4e3306a041f5ec522a76c0b9b,0f2cf9a67445117338a1c28f1312c232b1cbb8285fc218b4057ed38b092a75be,0.2746470272541046,0.23288303054869175,0.25508785620331764,0.6325352005660534,0.14317198656499386,0.7669900078326464,0.20013400353491306,2.5054491125047207,0.0,0.0,12.590561993420124,769.0063663758337,3202.0246810279787,162000,162000,,2.793683898093503,,False,False,ok
BNCI2014_001,resampled_spectral_normalized_power_s1,resampled,spectral,normalized_power,1,1788,325,500,500,1.0,22,253,0.00030332050311225264,0.017416098963667283,5.0943365481100455,0.7275123723447628,27.24876276552372,27.24876276552372,0.00017657689362765696,2.793683898093503,0.00020561044963988428,8.844549469249394e-05,0.0005052312835008538,5.5045042676901705e-05,188.240737610482,5.716247880429664,0.03017952124818757,0.09236224807369398,0.1459989447547685,54438,7a7b0d1d0144adc96dd909f1cc7de12582a8145b708a34ea6af4939c78124a3b,three_row_sha256,a4fae9e262df331707634411eb9eff84d1e851fbd5258e918e7e1915da5b88d2,944f93c6fa033d604d9e90219484c40564bfebf4e3306a041f5ec522a76c0b9b,0f2cf9a67445117338a1c28f1312c232b1cbb8285fc218b4057ed38b092a75be,0.2787390258163214,0.23565697483718395,0.25280192494392395,0.634451862424612,0.14334195293486118,0.7671278435736895,0.20963489077985287,2.521754475310445,0.0,0.0,10.457714088261127,771.5281208511442,3212.48239511624,162500,162500,,2.793683898093503,,False,False,ok
BNCI2014_001,resampled_spectral_normalized_power_s1,resampled,spectral,normalized_power,1,1788,326,500,500,1.0,22,253,0.0003105228645688677,0.01762165896188176,5.102769161550499,0.7287166175985254,27.128338240147468,27.128338240147468,0.00018382013983331345,2.7936838980935024,0.0002060714630779416,9.09945941224002e-05,0.0006096393225839602,4.6991194621679576e-05,188.240737610482,5.716247880429664,0.03017952124818757,0.09236224807369398,0.1459989447547685,54763,d526c309b1222ee2d103e87472c886396e14be9e8aab44896b96687b959c36ad,three_row_sha256,22f06979a4e1dbc7c195b3e8e234a9dbf03c07eb11be81b854ec8a2c63fe07bd,944f93c6fa033d604d9e90219484c40564bfebf4e3306a041f5ec522a76c0b9b,0f2cf9a67445117338a1c28f1312c232b1cbb8285fc218b4057ed38b092a75be,0.4275331739336252,0.2596220001578331,0.28495583683252335,1.0586539283394814,0.260715140029788,0.7984088733792305,0.33024605363607407,3.4201350063085556,0.0,0.0,10.50966908223927,774.9482558574528,3222.992064198479,163000,163000,,2.793683898093503,,False,False,ok
BNCI2014_001,resampled_spectral_normalized_power_s1,resampled,spectral,normalized_power,1,1788,327,500,500,1.0,22,253,0.0003175057931433527,0.01781869223998643,5.110637075490003,0.7298402192062081,27.01597807937919,27.01597807937919,0.00018528212659260203,2.793683898093503,0.0002112574901726484,9.441605772000251e-05,0.000650393297389503,2.707406677858044e-05,188.240737610482,5.716247880429664,0.03017952124818757,0.09236224807369398,0.1459989447547685,55089,9c50ca57f148d6c0bd62ccbcf3707eac91211fba7cde8100ef3b55bbded6dab7,three_row_sha256,5c1725e7d3d015cc10c5ccd88b0e8868636494cc99d6ef3d966046390b38a359,944f93c6fa033d604d9e90219484c40564bfebf4e3306a041f5ec522a76c0b9b,0f2cf9a67445117338a1c28f1312c232b1cbb8285fc218b4057ed38b092a75be,0.28936308808624744,0.23956620134413242,0.25624711997807026,0.630528200417757,0.14234287664294243,0.7660358678549528,0.21548708900809288,2.5395704433321953,0.0,0.0,12.43584300391376,777.487826300785,3235.427907202393,163500,163500,,2.793683898093503,,False,False,ok
BNCI2014_001,resampled_spectral_normalized_power_s1,resampled,spectral,normalized_power,1,1788,328,500,500,1.0,22,253,0.000304425768684395,0.01744780125644475,5.116685809376136,0.7307040272207798,26.929597277922028,26.929597277922028,0.000179520504637162,2.793683898093503,0.00020476218947476912,8.762010876725537e-05,0.0006127361751468239,4.875855199086263e-05,188.240737610482,5.716247880429664,0.03017952124818757,0.09236224807369398,0.1459989447547685,55416,81cbc981cce6d258a6a30bb1f8a2fed7aba3237b8e3ae61f723dea73f486b50c,three_row_sha256,3b5080f95b0ce438eb0cdc1a1573cc2109617de0f8d8cbf532e92313003c1873,944f93c6fa033d604d9e90219484c40564bfebf4e3306a041f5ec522a76c0b9b,0f2cf9a67445117338a1c28f1312c232b1cbb8285fc218b4057ed38b092a75be,0.28314394876360893,0.23692194372415543,0.2555190585553646,0.6450710352510214,0.14732405543327332,0.7906961254775524,0.20448118448257446,2.5631573516875505,0.0,0.0,12.449712958186865,780.0509836524725,3247.8776201605797,164000,164000,,2.793683898093503,,False,False,ok
BNCI2014_001,resampled_spectral_normalized_power_s1,resampled,spectral,normalized_power,1,1788,329,500,500,1.0,22,253,0.00032715485061656196,0.018087422442585953,5.117849405351141,0.7308701981166819,26.91298018833181,26.91298018833181,0.00019269634784224303,2.793683898093503,0.0002113796303628748,9.839477166303026e-05,0.0007473864807850416,4.795522618194089e-05,188.24073761048203,5.716247880429664,0.03017952124818757,0.09236224807369398,0.1459989447547685,55744,3ba3b1ee4334ddadc93b1bedec369a234ce8f93932db639e77cfa970903d3fee,three_row_sha256,485f79a9bd73cf467d1902aedd011d2ee8dc8246cf76f06264e25a5a81222822,944f93c6fa033d604d9e90219484c40564bfebf4e3306a041f5ec522a76c0b9b,0f2cf9a67445117338a1c28f1312c232b1cbb8285fc218b4057ed38b092a75be,0.4280239809304476,0.2590350341051817,0.2854699268937111,0.8323108777403831,0.14554406516253948,0.7921268697828054,0.22157514467835426,2.9640858992934227,0.0,0.0,8.931480115279555,783.0150695517659,3256.8091002758592,164500,164500,,2.793683898093503,,False,False,ok
BNCI2014_001,resampled_spectral_normalized_power_s1,resampled,spectral,normalized_power,1,1788,330,500,500,1.0,22,253,0.00030273232278222695,0.017399204659473,5.1164914822752445,0.7306762757424772,26.93237242575228,26.93237242575228,0.00017872880186708915,2.793683898093503,0.00020289697706427206,8.84720142831086e-05,0.0005553089837574236,5.53109530760274e-05,188.24073761048203,5.716247880429664,0.03017952124818757,0.09236224807369398,0.1459989447547685,56073,ee974c1433bfd2dd548b59296a3567813889ac9a98f28f01af4c31b9c29843a6,three_row_sha256,5a2acb06a93840db6407a2db0e7035dcbc70b0aa8a765b636533aada08597e32,944f93c6fa033d604d9e90219484c40564bfebf4e3306a041f5ec522a76c0b9b,0f2cf9a67445117338a1c28f1312c232b1cbb8285fc218b4057ed38b092a75be,0.4326759371906519,0.26467302814126015,0.2805129624903202,1.0602627880871296,0.25830906815826893,0.7943259552121162,0.32105110585689545,3.4118108451366425,0.0,0.0,11.990536004304886,786.4268803969026,3268.799636280164,165000,165000,,2.793683898093503,,False,False,ok
BNCI2014_001,resampled_spectral_normalized_power_s1,resampled,spectral,normalized_power,1,1788,331,500,500,1.0,22,253,0.0003012867646885079,0.017357614026372054,5.105408876621988,0.7290935902142599,27.090640978574008,27.090640978574008,0.00018079326375035012,2.793683898093503,0.00020042412141148044,8.764520073971114e-05,0.0006024294667808632,4.5608709298645745e-05,188.24073761048203,5.716247880429664,0.03017952124818757,0.09236224807369398,0.1459989447547685,56403,d36ef1ce9408c6a2ce0c4e9ed6ad7876e8a41b8d0457151e5bd37792f7392351,three_row_sha256,949ce910c25e102915f6619d6d277f14a8d08ae0c10173118920d684d5d333a0,944f93c6fa033d604d9e90219484c40564bfebf4e3306a041f5ec522a76c0b9b,0f2cf9a67445117338a1c28f1312c232b1cbb8285fc218b4057ed38b092a75be,0.27951598167419434,0.24953600950539112,0.2558119595050812,0.748214079067111,0.1565408892929554,0.7635739166289568,0.21724682301282883,2.6704396586865187,0.0,0.0,12.766183819621801,789.0973200555891,3281.565820099786,165500,165500,,2.793683898093503,,False,False,ok
BNCI2014_001,resampled_spectral_normalized_power_s1,resampled,spectral,normalized_power,1,1788,332,500,500,1.0,22,253,0.00030969238011305613,0.017598078875634582,5.105111845487433,0.7290511717710888,27.094882822891115,27.094882822891115,0.000181409003065792,2.793683898093503,0.00020212179092890048,9.539747930842824e-05,0.0005868568370166617,3.980698298753087e-05,188.240737610482,5.716247880429664,0.03017952124818757,0.09236224807369398,0.1459989447547685,56734,7801b765b4af8fa26cbc67609193915dd39537b78c3bcca2d260e8c5291e1e08,three_row_sha256,95b8b2c287703c39501c33c162109a2ab6fad03ebc9c278776087cd69c99328e,944f93c6fa033d604d9e90219484c40564bfebf4e3306a041f5ec522a76c0b9b,0f2cf9a67445117338a1c28f1312c232b1cbb8285fc218b4057ed38b092a75be,0.28561591170728207,0.2367999404668808,0.2589679788798094,0.6483958568423986,0.1432949211448431,0.7848960813134909,0.37618307396769524,2.7341537643224,0.0,0.0,12.59938906878233,791.8314738199115,3294.1652091685683,166000,166000,,2.793683898093503,,False,False,ok
BNCI2014_001,resampled_spectral_normalized_power_s1,resampled,spectral,normalized_power,1,1788,333,500,500,1.0,22,253,0.0003161921437925098,0.017781792479739208,5.09626249935945,0.7277874137263525,27.221258627364758,27.221258627364758,0.00018655166574374358,2.793683898093503,0.00021063156306658082,9.093167712378402e-05,0.0006620820106521673,4.722852372813226e-05,188.24073761048203,5.716247880429664,0.03017952124818757,0.09236224807369398,0.1459989447547685,57066,4c17d94cf3543692845cd11a56a967e8f16248af7a1a28cf2e82360c94b4a8bc,three_row_sha256,b976bd47bee606590b14729e0194b481dca90b79d1d0f6f08c4557cfdb8c9bbc,944f93c6fa033d604d9e90219484c40564bfebf4e3306a041f5ec522a76c0b9b,0f2cf9a67445117338a1c28f1312c232b1cbb8285fc218b4057ed38b092a75be,0.2899740356951952,0.23596896789968014,0.2585190813988447,0.6779469549655914,0.15058391727507114,0.7899601478129625,0.2020730171352625,2.6050261221826077,0.0,0.0,12.565519893541932,794.4364999420941,3306.73072906211,166500,166500,,2.793683898093503,,False,False,ok
BNCI2014_001,resampled_spectral_normalized_power_s1,resampled,spectral,normalized_power,1,1788,334,500,500,1.0,22,253,0.00030092993358354935,0.01734733217482012,5.0971903478594776,0.7279199179802541,27.208008201974582,27.208008201974582,0.00018247431570366174,2.793683898093503,0.00020073222101225764,8.748038217552412e-05,0.0006943057284492632,4.899275479694746e-05,188.24073761048203,5.716247880429664,0.03017952124818757,0.09236224807369398,0.1459989447547685,57399,7fe023f71d422c12dc057c481e6ef91ca88b6b5df3f9c53a15cd0c9f69300bc3,three_row_sha256,ae44bf8d92191313db3d9d6e443c1fef6d8a16420b02185f18e6d4048934fc6b,944f93c6fa033d604d9e90219484c40564bfebf4e3306a041f5ec522a76c0b9b,0f2cf9a67445117338a1c28f1312c232b1cbb8285fc218b4057ed38b092a75be,0.28100796043872833,0.2562468871474266,0.2551071811467409,0.6530908867716789,0.15771505422890186,0.7569289300590754,0.23115193471312523,2.5912488345056772,0.0,0.0,12.144018895924091,797.0277487765998,3318.8747479580343,167000,167000,,2.793683898093503,,False,False,ok
BNCI2014_001,resampled_spectral_normalized_power_s1,resampled,spectral,normalized_power,1,1788,335,500,500,1.0,22,253,0.00031368084333201717,0.017711037330772502,5.096718171696125,0.7278524874134824,27.214751258651763,27.214751258651763,0.0001846407222651142,2.7936838980935024,0.00020811525597164604,9.240652222970175e-05,0.0006950246175774742,5.276923545614754e-05,188.24073761048203,5.716247880429664,0.03017952124818757,0.09236224807369398,0.1459989447547685,57733,5164a62ab8c253c46c63d74843de5aae6bb895ded1c0de95082eaeeb84411271,three_row_sha256,b52d00ea8f3772d04621d3aa6e9124f1840941ec3b5e2fd97414f903a88855e8,944f93c6fa033d604d9e90219484c40564bfebf4e3306a041f5ec522a76c0b9b,0f2cf9a67445117338a1c28f1312c232b1cbb8285fc218b4057ed38b092a75be,0.2817928325384855,0.24071196094155312,0.25949999690055847,0.674456125125289,0.1674520317465067,0.7736480329185724,0.2098300028592348,2.6073909830302,0.0,0.0,12.184918159618974,799.63513975963,3331.0596661176533,167500,167500,,2.793683898093503,,False,False,ok
BNCI2014_001,resampled_spectral_normalized_power_s1,resampled,spectral,normalized_power,1,1788,336,500,500,1.0,22,253,0.00031572105064074554,0.017768541038609375,5.0903288009557,0.7269400337070462,27.305996629295386,27.305996629295386,0.00019123120641557627,2.793683898093503,0.00020531900929292562,9.318088300731568e-05,0.0007828639323365634,4.809867193635154e-05,188.24073761048203,5.716247880429664,0.03017952124818757,0.09236224807369398,0.1459989447547685,58068,948269d4dcfa4aee8e9aba3eb8237c5061af75ec522608e75b0eb8711f8aebe6,three_row_sha256,1d510644e8eca3b3bdc36a6eb4ac93816b5a484c0a04ee1af45308ae4cc6f925,944f93c6fa033d604d9e90219484c40564bfebf4e3306a041f5ec522a76c0b9b,0f2cf9a67445117338a1c28f1312c232b1cbb8285fc218b4057ed38b092a75be,0.2906669396907091,0.23704697377979755,0.25579892098903656,0.6362700369209051,0.15496998094022274,0.75575802475214,0.2119180280715227,2.542428905144334,0.0,0.0,11.918118922039866,802.1775686647743,3342.977785039693,168000,168000,,2.793683898093503,,False,False,ok
BNCI2014_001,resampled_spectral_normalized_power_s1,resampled,spectral,normalized_power,1,1788,337,500,500,1.0,22,253,0.00029966126855621167,0.01731072697942555,5.0899041266761005,0.7268793867926329,27.31206132073671,27.31206132073671,0.0001755741966382797,2.793683898093503,0.0002011505828590553,8.873728014675077e-05,0.0005072386054174376,5.181508580427546e-05,188.240737610482,5.716247880429664,0.03017952124818757,0.09236224807369398,0.1459989447547685,58404,92422b759945783ca1d496a04df4cb91a81ec0257de3098801e53df403c65c2d,three_row_sha256,2c9bfb99de37d083bc665a6db860b297dd34426e0ff7ad29e73c6270e544add2,944f93c6fa033d604d9e90219484c40564bfebf4e3306a041f5ec522a76c0b9b,0f2cf9a67445117338a1c28f1312c232b1cbb8285fc218b4057ed38b092a75be,0.44821901246905327,0.2617610152810812,0.2929090987890959,0.6497099529951811,0.14550401829183102,0.7588958833366632,0.20433403551578522,2.761333016678691,0.0,0.0,11.415258049964905,804.938901681453,3354.393043089658,168500,168500,,2.793683898093503,,False,False,ok
BNCI2014_001,resampled_spectral_normalized_power_s1,resampled,spectral,normalized_power,1,1788,338,500,500,1.0,22,253,0.0003120856782166622,0.01766594685310307,5.081734691615036,0.7257127255353989,27.428727446460112,27.428727446460112,0.0001886914967258354,2.793683898093503,0.00020242078734839113,9.239510171224008e-05,0.0006785249982111511,5.286270646140122e-05,188.240737610482,5.716247880429664,0.03017952124818757,0.09236224807369398,0.1459989447547685,58741,7064fc8b3c5b8ae41a6117fac8f46b03d3f35329e3f35df6e12a078f12a755aa,three_row_sha256,d8f6f2c211cdbd4662168b0ecfe9614f94d8625fdbcc48d60a7bd8da1701198c,944f93c6fa033d604d9e90219484c40564bfebf4e3306a041f5ec522a76c0b9b,0f2cf9a67445117338a1c28f1312c232b1cbb8285fc218b4057ed38b092a75be,0.43942383490502834,0.26140594854950905,0.28159492649137974,1.0516999755054712,0.24626892991364002,0.8119980338960886,0.2149771898984909,3.307368839159608,0.0,0.0,10.617738822475076,808.2462705206126,3365.010781912133,169000,169000,,2.793683898093503,,False,False,ok
BNCI2014_001,resampled_spectral_normalized_power_s1,resampled,spectral,normalized_power,1,1788,339,500,500,1.0,22,253,0.00030967547790477395,0.017597598640291066,5.079789904973283,0.7254349943077729,27.45650056922271,27.45650056922271,0.00018464574519308025,2.7936838980935033,0.0002035030318975271,9.195254744065415e-05,0.0006738907580192434,4.617548307272231e-05,188.240737610482,5.716247880429664,0.03017952124818757,0.09236224807369398,0.1459989447547685,59079,082762c1f1d8903e02b0b5eadbf221cf3153383952a4b379bacc7d8a8c44a8ba,three_row_sha256,11390a4b11276d22fbe61f982610e4e12b82a06a63f04ee0f47468f3bc84797a,944f93c6fa033d604d9e90219484c40564bfebf4e3306a041f5ec522a76c0b9b,0f2cf9a67445117338a1c28f1312c232b1cbb8285fc218b4057ed38b092a75be,0.44656614772975445,0.26400177739560604,0.28334720991551876,1.0872408747673035,0.2566790208220482,0.7916789036244154,0.3463628236204386,3.475876757875085,0.0,0.0,10.211534099653363,811.7221472784877,3375.2223160117865,169500,169500,,2.793683898093503,,False,False,ok
BNCI2014_001,resampled_spectral_normalized_power_s1,resampled,spectral,normalized_power,1,1788,340,500,500,1.0,22,253,0.00031686117556906654,0.01780059480941765,5.0723383134128035,0.7243708468956983,27.56291531043017,27.56291531043017,0.0001957727522359988,2.793683898093503,0.00020065343159223316,9.606082043286051e-05,0.0009101540668985642,4.114305519849181e-05,188.24073761048203,5.716247880429664,0.03017952124818757,0.09236224807369398,0.1459989447547685,59418,95e2a26d566f5cb5a38b27f4c3e54acd0d10ddfcfcb54ab72788e2ff541db014,three_row_sha256,2675f85d50d83f1dffa3fe81f8f2e0814c576893d9845120f7d649945be4ccd9,944f93c6fa033d604d9e90219484c40564bfebf4e3306a041f5ec522a76c0b9b,0f2cf9a67445117338a1c28f1312c232b1cbb8285fc218b4057ed38b092a75be,0.2785320393741131,0.23854197934269905,0.2569940406829119,1.0727441404014826,0.2591509837657213,0.6723669357597828,0.3478459548205137,3.1261760741472244,0.0,0.0,11.234157020226121,814.8483233526349,3386.4564730320126,170000,170000,,2.793683898093503,,False,False,ok
BNCI2014_001,resampled_spectral_normalized_power_s1,resampled,spectral,normalized_power,1,1788,341,500,500,1.0,22,253,0.0003069545416394005,0.017520118197072772,5.0746257332953055,0.7246975089152865,27.530249108471352,27.530249108471352,0.00018201388419353896,2.7936838980935033,0.00020346008895887058,9.084579819657912e-05,0.0006321314538156178,5.235728868045583e-05,188.240737610482,5.716247880429664,0.03017952124818757,0.09236224807369398,0.1459989447547685,59758,50126556093781b4eced57f402d7ea9ee99e07255bebf3847b8cb1304e2b4270,three_row_sha256,72b6c293ad74bba9eb1765f99c67b540a18f98aaaf54e5a10d5e512845435ff8,944f93c6fa033d604d9e90219484c40564bfebf4e3306a041f5ec522a76c0b9b,0f2cf9a67445117338a1c28f1312c232b1cbb8285fc218b4057ed38b092a75be,0.2795241307467222,0.2356541808694601,0.2588180359452963,0.6471229717135429,0.1452649012207985,0.7154080085456371,0.2078500110656023,2.4896422401070595,0.0,0.0,12.922841124236584,817.337965592742,3399.379314156249,170500,170500,,2.793683898093503,,False,False,ok
BNCI2014_001,resampled_spectral_normalized_power_s1,resampled,spectral,normalized_power,1,1788,342,500,500,1.0,22,253,0.0003121584878682557,0.017668007467404344,5.080450249463423,0.7255292968302015,27.447070316979854,27.447070316979854,0.00018226160347830788,2.793683898093503,0.00020792982358166996,9.177325256385404e-05,0.000573452748356077,4.3690023064739677e-05,188.240737610482,5.716247880429664,0.03017952124818757,0.09236224807369398,0.1459989447547685,60099,fc137a58f8f0e079f525f038e831c235ba47e5e6590f4f2c751e9426d9e4f68c,three_row_sha256,5e1dcc9c4ba8f0cfa3f3e23990940e8a6a1a76c7b2c969d43baed1efcbcf1a9a,944f93c6fa033d604d9e90219484c40564bfebf4e3306a041f5ec522a76c0b9b,0f2cf9a67445117338a1c28f1312c232b1cbb8285fc218b4057ed38b092a75be,0.2812978345900774,0.2361438237130642,0.25655096396803856,0.655987998470664,0.14786492101848125,1.0403920896351337,0.22131088189780712,2.8395485132932663,0.0,0.0,12.645893963053823,820.1775141060352,3412.025208119303,171000,171000,,2.793683898093503,,False,False,ok
BNCI2014_001,resampled_spectral_normalized_power_s1,resampled,spectral,normalized_power,1,1788,343,500,500,1.0,22,253,0.00031295157589412363,0.017690437413872037,5.081694359444647,0.725706965775971,27.4293034224029,27.4293034224029,0.0001872000234529111,2.793683898093503,0.0002026710080620309,9.443404189648632e-05,0.0006575984426219902,5.661285076597119e-05,188.24073761048203,5.716247880429664,0.03017952124818757,0.09236224807369398,0.1459989447547685,60441,c33914dae68250f6ba6e866277cdcb1cfe173d4b13af1e54fe2016217d9d1379,three_row_sha256,21e84bc708b5723318386dba3149e8ac81dda186f92930f71ec1bd143f122526,944f93c6fa033d604d9e90219484c40564bfebf4e3306a041f5ec522a76c0b9b,0f2cf9a67445117338a1c28f1312c232b1cbb8285fc218b4057ed38b092a75be,0.28733396902680397,0.234982930123806,0.25765690952539444,0.6459369324147701,0.14595501124858856,0.9877542033791542,0.21741888485848904,2.7770388405770063,0.0,0.0,10.007363045588136,822.9545529466122,3422.032571164891,171500,171500,,2.793683898093503,,False,False,ok
BNCI2014_001,resampled_spectral_normalized_power_s1,resampled,spectral,normalized_power,1,1788,344,500,500,1.0,22,253,0.00032648106509233625,0.01806878703987449,5.095347927867396,0.7276568055363399,27.234319446366012,27.234319446366012,0.00019038961644920734,2.7936838980935024,0.00021116926785244285,9.808890003510843e-05,0.0006839631180934089,5.0587754435224635e-05,188.24073761048203,5.716247880429664,0.03017952124818757,0.09236224807369398,0.1459989447547685,60784,e73ca11c78614244bfaf0d3fefd97183addc31d4ed3bcee97a23cddefe1be440,three_row_sha256,666aafdedf8e98a23f097fa219a32e77aa4c97ace228a0c751da96872a2a7528,944f93c6fa033d604d9e90219484c40564bfebf4e3306a041f5ec522a76c0b9b,0f2cf9a67445117338a1c28f1312c232b1cbb8285fc218b4057ed38b092a75be,0.44099101796746254,0.25889184325933456,0.28221495449543,1.078456873074174,0.25067292153835297,0.997588038444519,0.3251300659030676,3.6339457146823406,0.0,0.0,10.609622113406658,826.5884986612946,3432.642193278298,172000,172000,,2.793683898093503,,False,False,ok
BNCI2014_001,resampled_spectral_normalized_power_s1,resampled,spectral,normalized_power,1,1788,345,500,500,1.0,22,253,0.0003151750269098425,0.017753169489131863,5.084654680363998,0.7261297234941939,27.38702765058061,27.38702765058061,0.00018564157363807596,2.793683898093503,0.0002076623456946624,9.245031196585821e-05,0.0006145831837310832,5.6695008673157e-05,188.24073761048203,5.716247880429664,0.03017952124818757,0.09236224807369398,0.1459989447547685,61128,530657cf02f4cea85038433f4f82417931d7a131293686855fad2d7f5d83d8e9,three_row_sha256,41997ac14d5e9b6099dcb2412ca50b39987cd1a748e4fe547f77e6964e1c9eef,944f93c6fa033d604d9e90219484c40564bfebf4e3306a041f5ec522a76c0b9b,0f2cf9a67445117338a1c28f1312c232b1cbb8285fc218b4057ed38b092a75be,0.28145103715360165,0.23181014694273472,0.25713187642395496,0.6265342235565186,0.1537189818918705,0.9673440363258123,0.20675989799201488,2.7247502002865076,0.0,0.0,12.331004021689296,829.3132488615811,3444.973197299987,172500,172500,,2.793683898093503,,False,False,ok
BNCI2014_001,resampled_spectral_normalized_power_s1,resampled,spectral,normalized_power,1,1788,346,500,500,1.0,22,253,0.00029736458493523083,0.01724426237724394,5.090870809270565,0.7270174368686264,27.298256313137358,27.298256313137358,0.0001769289186323531,2.7936838980935024,0.0002003692150232746,8.653907658583611e-05,0.0005729288656608727,3.8518756023874526e-05,188.24073761048203,5.716247880429664,0.03017952124818757,0.09236224807369398,0.1459989447547685,61473,2e955526655149e6d4645c18262f17de8d07c5c5299c64752467ffc919e3ca68,three_row_sha256,12371aa99d2d33014dc2348ac43a3faee2ba4278f6d10f6f0f3c5df4e488361f,944f93c6fa033d604d9e90219484c40564bfebf4e3306a041f5ec522a76c0b9b,0f2cf9a67445117338a1c28f1312c232b1cbb8285fc218b4057ed38b092a75be,0.2851311583071947,0.23299618624150753,0.25574094615876675,0.6515569984912872,0.1467210240662098,0.8237471338361502,0.20278291776776314,2.5986763648688793,0.0,0.0,10.469004977494478,831.91192522645,3455.4422022774816,173000,173000,,2.793683898093503,,False,False,ok
BNCI2014_001,resampled_spectral_normalized_power_s1,resampled,spectral,normalized_power,1,1788,347,500,500,1.0,22,253,0.00030981528461580625,0.017601570515604743,5.084904644040808,0.7261654203245465,27.383457967545358,27.383457967545358,0.00018175188023051398,2.793683898093503,0.00020483934966090882,9.257338275039825e-05,0.0005570634006664845,4.012911247217176e-05,188.240737610482,5.716247880429664,0.03017952124818757,0.09236224807369398,0.1459989447547685,61819,fc28e55ad4dc28d918e8d94e50fa7d3af37be338ad993bc2cf248dc08603ad4f,three_row_sha256,a8e3e5f84fc7cd7ceefa485c8169b2a049e174601733d054a13f9a2a36187c24,944f93c6fa033d604d9e90219484c40564bfebf4e3306a041f5ec522a76c0b9b,0f2cf9a67445117338a1c28f1312c232b1cbb8285fc218b4057ed38b092a75be,0.44397893361747265,0.26028999127447605,0.2858450170606375,1.0623389389365911,0.24626217782497406,1.0400949977338314,0.3454301040619612,3.684240160509944,0.0,0.0,9.90489893592894,835.5961653869599,3465.3471012134105,173500,173500,,2.793683898093503,,False,False,ok
BNCI2014_001,resampled_spectral_normalized_power_s1,resampled,spectral,normalized_power,1,1788,348,500,500,1.0,22,253,0.0003076476656441986,0.017539887845827253,5.089923412288728,0.7268821409337585,27.31178590662415,27.31178590662415,0.0001875022704163483,2.793683898093503,0.0001989227302365301,9.175529469181516e-05,0.0006827580683709995,5.208048927756142e-05,188.24073761048203,5.716247880429664,0.03017952124818757,0.09236224807369398,0.1459989447547685,62166,f1726d37e46fbc15823482e5e028b1048ba1e4686822075d7af5135d5fe9f8e0,three_row_sha256,51a1c0ce5c563a3d7a5661802abfeea09c43c9981c3a4fcbdb017b9177f6b160,944f93c6fa033d604d9e90219484c40564bfebf4e3306a041f5ec522a76c0b9b,0f2cf9a67445117338a1c28f1312c232b1cbb8285fc218b4057ed38b092a75be,0.274099875241518,0.2330038696527481,0.2561081200838089,0.911226961761713,0.2646748907864094,1.0937131009995937,0.3288679290562868,3.361694747582078,0.0,0.0,14.000785071402788,838.957860134542,3479.3478862848133,174000,174000,,2.793683898093503,,False,False,ok
BNCI2014_001,resampled_spectral_normalized_power_s1,resampled,spectral,normalized_power,1,1788,349,500,500,1.0,22,253,0.00030577309416209475,0.017486368810078746,5.081706502491253,0.7257086999010254,27.429130009897463,27.429130009897463,0.00018513252051183013,2.793683898093503,0.00020164011511883672,8.855093970244102e-05,0.0007170310632582662,5.236895998626595e-05,188.24073761048203,5.716247880429665,0.03017952124818757,0.09236224807369398,0.1459989447547685,62514,9bd7ea4dde3172866a4dc22364e093baab2391f74e4e62eb2938f96d46382ce1,three_row_sha256,19528839d877b62b85dfd3351d807f7fc411769968b6cf89c505138260335803,944f93c6fa033d604d9e90219484c40564bfebf4e3306a041f5ec522a76c0b9b,0f2cf9a67445117338a1c28f1312c232b1cbb8285fc218b4057ed38b092a75be,0.2745420206338167,0.23400108329951763,0.25755492970347404,0.6221290677785873,0.14064600691199303,0.6868599448353052,0.19922596402466297,2.414959017187357,0.0,0.0,11.992920888587832,841.3728191517293,3491.340807173401,174500,174500,,2.793683898093503,,False,False,ok
BNCI2014_001,resampled_spectral_normalized_power_s1,resampled,spectral,normalized_power,1,1788,350,500,500,1.0,22,253,0.0003042300835742201,0.017442192625189645,5.085849501135288,0.7263003535430019,27.369964645699802,27.369964645699802,0.00018083033555571493,2.793683898093503,0.00020505862547115573,8.694515343345481e-05,0.0006644957170834433,5.1574831642316974e-05,188.240737610482,5.716247880429664,0.03017952124818757,0.09236224807369398,0.1459989447547685,62863,65779fc66880338c3d19a8da30a314c515422134651e35f3fff06804d25d1b94,three_row_sha256,3f3d7352c7145531d4368ab6faff6b5da948948b4e0b15f15ccd9746de2d2770,944f93c6fa033d604d9e90219484c40564bfebf4e3306a041f5ec522a76c0b9b,0f2cf9a67445117338a1c28f1312c232b1cbb8285fc218b4057ed38b092a75be,0.44078705832362175,0.26078708469867706,0.2871188335120678,0.6653380114585161,0.14519598335027695,0.9675710462033749,0.21327892318367958,2.980076940730214,0.0,0.0,8.82535008713603,844.3528960924596,3500.166157260537,175000,175000,,2.793683898093503,,False,False,ok
BNCI2014_001,resampled_spectral_normalized_power_s1,resampled,spectral,normalized_power,1,1788,351,500,500,1.0,22,253,0.00030563554359797063,0.01748243528796748,5.092304486248679,0.7272221775114311,27.27778224885688,27.27778224885688,0.00018356111756975726,2.793683898093503,0.0002042866146004212,8.691340997549955e-05,0.0006248997382788511,4.720073928247806e-05,188.24073761048206,5.716247880429664,0.03017952124818757,0.09236224807369398,0.1459989447547685,63213,be88d92ebb5a28280e17e68de8137d4b1e2bcdccc11626515f48e033bc1feae4,three_row_sha256,a6b6552a03b682cf07291bd2c06fe852ce75ff9701f6d8c17af4df53932aa129,944f93c6fa033d604d9e90219484c40564bfebf4e3306a041f5ec522a76c0b9b,0f2cf9a67445117338a1c28f1312c232b1cbb8285fc218b4057ed38b092a75be,0.4302349407225847,0.2587810158729553,0.2832738682627678,1.2264910619705915,0.31617889180779457,1.2044350150972605,0.4656398668885231,4.1850346606224775,0.0,0.0,14.76684701628983,848.537930753082,3514.933004276827,175500,175500,,2.793683898093503,,False,False,ok
BNCI2014_001,resampled_spectral_normalized_power_s1,resampled,spectral,normalized_power,1,1788,352,500,500,1.0,22,253,0.00029550318501932405,0.017190206078442575,5.096639392514804,0.7278412371106112,27.215876288938883,27.215876288938883,0.0001797665135030508,2.793683898093503,0.00019873363251546517,8.473653263670362e-05,0.0006233188023817792,4.62162467711293e-05,188.24073761048203,5.716247880429664,0.03017952124818757,0.09236224807369398,0.1459989447547685,63564,b0fcb84af50083997cd621f513bb65a5d196374e12ef5988bc82239a29f9808b,three_row_sha256,f57b8926dc6cea3a45da92a08ba6d1fe7c93cf85a1a861116fc2d073cd8a896d,944f93c6fa033d604d9e90219484c40564bfebf4e3306a041f5ec522a76c0b9b,0f2cf9a67445117338a1c28f1312c232b1cbb8285fc218b4057ed38b092a75be,0.35357591696083546,0.24939700961112976,0.2722649369388819,0.8593760430812836,0.20821206271648407,0.683165155351162,0.2614031545817852,2.887394279241562,0.0,0.0,12.53242208622396,851.4253250323236,3527.465426363051,176000,176000,,2.793683898093503,,False,False,ok
BNCI2014_001,resampled_spectral_normalized_power_s1,resampled,spectral,normalized_power,1,1788,353,500,500,1.0,22,253,0.0003105902293991345,0.01762357027957543,5.076869892443139,0.7250179929528331,27.498200704716687,27.498200704716687,0.00018524884153944157,2.793683898093503,0.00020423726449552893,9.153619859410511e-05,0.0006359184518636237,5.6363028406136115e-05,188.24073761048203,5.716247880429664,0.03017952124818757,0.09236224807369398,0.1459989447547685,63916,746aa83dd55eeb8aa9b85b902c8e0359d68f9d3906f9a8e7c13583ee9089eb21,three_row_sha256,b85a511d25d9adcb7adc76fcbb5c3629b249bf4cf6bbc325cc4697f9fdcd51a7,944f93c6fa033d604d9e90219484c40564bfebf4e3306a041f5ec522a76c0b9b,0f2cf9a67445117338a1c28f1312c232b1cbb8285fc218b4057ed38b092a75be,0.31512812711298466,0.24221092462539673,0.24879910051822662,0.81015401519835,0.1962550450116396,0.6454430986195803,0.2361079677939415,2.6940982788801193,0.0,0.0,12.542190961539745,854.1194233112037,3540.0076173245907,176500,176500,,2.793683898093503,,False,False,ok
BNCI2014_001,resampled_spectral_normalized_power_s1,resampled,spectral,normalized_power,1,1788,354,500,500,1.0,22,253,0.0002975102239959493,0.01724848468695002,5.072870915846352,0.7244469068215175,27.555309317848256,27.555309317848256,0.00017754680573703227,2.793683898093503,0.00020239677830289016,8.437159938924064e-05,0.0005610060052919269,3.577045439164846e-05,188.24073761048203,5.716247880429664,0.03017952124818757,0.09236224807369398,0.1459989447547685,64269,7fff75b7a12049c48e78aa641c36b44e279e814a76370fa7f104f38acd701687,three_row_sha256,307d19a812751f950acb9a8c27ebde034778692d2089fd91d3f617b18686d73f,944f93c6fa033d604d9e90219484c40564bfebf4e3306a041f5ec522a76c0b9b,0f2cf9a67445117338a1c28f1312c232b1cbb8285fc218b4057ed38b092a75be,0.36294711753726006,0.25637587532401085,0.28886296786367893,0.908988993614912,0.24332990869879723,0.6484370678663254,0.2763459924608469,2.9852879233658314,0.0,0.0,13.392646797001362,857.1047112345695,3553.400264121592,177000,177000,,2.793683898093503,,False,False,ok
BNCI2014_001,resampled_spectral_normalized_power_s1,resampled,spectral,normalized_power,1,1788,355,500,500,1.0,22,253,0.0002992839981661733,0.017299826535724955,5.072893105832116,0.7244500757305664,27.55499242694336,27.55499242694336,0.0001775895464296303,2.793683898093503,0.00020230373445383128,8.623978723685242e-05,0.0005671883445254692,4.953268656086628e-05,188.240737610482,5.716247880429664,0.03017952124818757,0.09236224807369398,0.1459989447547685,64623,6d4b3838fc6c922f601a97090d649fea3e96488a4d1bc87b905b5e2fde1073b9,three_row_sha256,b4cab782faaae919a48dd718965e5b30c764f7394f81ac08a93f4002f5e5de75,944f93c6fa033d604d9e90219484c40564bfebf4e3306a041f5ec522a76c0b9b,0f2cf9a67445117338a1c28f1312c232b1cbb8285fc218b4057ed38b092a75be,0.36264420486986637,0.24783890694379807,0.2642120234668255,0.8578200358897448,0.20560878328979015,0.6519050803035498,0.2639980521053076,2.854027086868882,0.0,0.0,12.728245928883553,859.9587383214384,3566.1285100504756,177500,177500,,2.793683898093503,,False,False,ok
BNCI2014_001,resampled_spectral_normalized_power_s1,resampled,spectral,normalized_power,1,1788,356,500,500,1.0,22,253,0.0003028478559110771,0.017402524412023595,5.078287206271491,0.7252203968057949,27.477960319420518,27.477960319420518,0.00018065772397873127,2.793683898093503,0.00020185584548298709,8.806243236365441e-05,0.0006160596348679801,4.902630812363304e-05,188.24073761048203,5.716247880429664,0.03017952124818757,0.09236224807369398,0.1459989447547685,64978,b1b734c0da12fbc77e48ee1c24d5395933bc1472edc6ebd3136b25cd81e9954f,three_row_sha256,9a7c3fab5abbc237d7bc3af5d0efc5abae39fe516dea45c0feb75a035ace63c5,944f93c6fa033d604d9e90219484c40564bfebf4e3306a041f5ec522a76c0b9b,0f2cf9a67445117338a1c28f1312c232b1cbb8285fc218b4057ed38b092a75be,0.33492501825094223,0.2454160712659359,0.2606359776109457,0.8813259191811085,0.20204903557896614,0.6983228959143162,0.25281705893576145,2.875491976737976,0.0,0.0,12.965128989890218,862.8342302981764,3579.093639040366,178000,178000,,2.793683898093503,,False,False,ok
BNCI2014_001,resampled_spectral_normalized_power_s1,resampled,spectral,normalized_power,1,1788,357,500,500,1.0,22,253,0.000296699621305561,0.017224970865158555,5.0710860196603,0.7241920092413439,27.58079907586562,27.58079907586562,0.0001767006092110688,2.793683898093503,0.00020025141151952763,8.713663437047892e-05,0.0005126539535127641,5.3729194218054345e-05,188.240737610482,5.716247880429664,0.03017952124818757,0.09236224807369398,0.1459989447547685,65334,12cc05c2f4a5916c7e4afcf56ebd18281129f709ad7b0de9e410f6131153d227,three_row_sha256,cb4f818a019d97907852d9f20896048e142118951014aad62f291c7994c06a03,944f93c6fa033d604d9e90219484c40564bfebf4e3306a041f5ec522a76c0b9b,0f2cf9a67445117338a1c28f1312c232b1cbb8285fc218b4057ed38b092a75be,0.34550903365015984,0.25318306870758533,0.2575269900262356,0.8376091718673706,0.20343298092484474,0.6328190211206675,0.25463104248046875,2.7847113087773323,0.0,0.0,13.824444962665439,865.6189416069537,3592.9180840030313,178500,178500,,2.793683898093503,,False,False,ok
BNCI2014_001,resampled_spectral_normalized_power_s1,resampled,spectral,normalized_power,1,1788,358,500,500,1.0,22,253,0.0003196430652496062,0.01787856440684224,5.072177734388368,0.7243479149150738,27.565208508492624,27.565208508492624,0.00018905981531467783,2.793683898093503,0.00021071752451350638,9.281123513604119e-05,0.0006981154816528582,4.2210407093145405e-05,188.24073761048203,5.716247880429664,0.03017952124818757,0.09236224807369398,0.1459989447547685,65691,fc5c19d2434f9548367fdccc89f198423fde53deadd31541eced60b92e89e540,three_row_sha256,94a8d0c003bdaa542b121b49b15dd21f6bd7a05520aedbeda7b43bd667febeb4,944f93c6fa033d604d9e90219484c40564bfebf4e3306a041f5ec522a76c0b9b,0f2cf9a67445117338a1c28f1312c232b1cbb8285fc218b4057ed38b092a75be,0.30944705940783024,0.24273386225104332,0.2501120325177908,0.8116080425679684,0.19728485494852066,0.9135550353676081,0.2443299163132906,2.969070803374052,0.0,0.0,13.741871807724237,868.5880124103278,3606.6599558107555,179000,179000,,2.793683898093503,,False,False,ok
BNCI2014_001,resampled_spectral_normalized_power_s1,resampled,spectral,normalized_power,1,1788,359,500,500,1.0,22,253,0.000296773502123431,0.01722711531636771,5.06846696237414,0.7238179867240706,27.618201327592942,27.618201327592942,0.00017998404848114128,2.793683898093503,0.00019650250626635204,8.678818533573151e-05,0.0005871222784352181,5.7373495306839605e-05,188.24073761048203,5.716247880429664,0.03017952124818757,0.09236224807369398,0.1459989447547685,66049,bc4659b86b1d4db0df314891b7b75ae49b824ecd80ae6d36aa00dbe1b00cb23d,three_row_sha256,273474af0ccddb867f998b0c6918a41691243de18201404726e6cca445476cf3,944f93c6fa033d604d9e90219484c40564bfebf4e3306a041f5ec522a76c0b9b,0f2cf9a67445117338a1c28f1312c232b1cbb8285fc218b4057ed38b092a75be,0.3475330304354429,0.2454649657011032,0.26570307090878487,0.8518090471625328,0.20626606419682503,0.631352886557579,0.27445703744888306,2.822586102411151,0.0,0.0,13.176748994737864,871.4105985127389,3619.8367048054934,179500,179500,,2.793683898093503,,False,False,ok
BNCI2014_001,resampled_spectral_normalized_power_s1,resampled,spectral,normalized_power,1,1788,360,500,500,1.0,22,253,0.0002966712034424226,0.017224145942322442,5.0648693160846765,0.7233042137995322,27.669578620046778,27.669578620046778,0.0001788423220207931,2.793683898093503,0.0001984363584768289,8.700017157860797e-05,0.0006270712761916004,5.1174961849575324e-05,188.24073761048206,5.716247880429664,0.03017952124818757,0.09236224807369398,0.1459989447547685,66408,df5398f3cc1c5e364ccc132950a2b4fde036ef34e64e0a110234e8826b25aa78,three_row_sha256,622f46d6ee25972f987f345836f7ce43253422092d12b6a4cf6fe30feaa8a5be,944f93c6fa033d604d9e90219484c40564bfebf4e3306a041f5ec522a76c0b9b,0f2cf9a67445117338a1c28f1312c232b1cbb8285fc218b4057ed38b092a75be,0.32165413722395897,0.24208496324717999,0.24570105597376823,0.7959690410643816,0.20547793246805668,0.7205200381577015,0.2460661344230175,2.7774733025580645,0.0,0.0,12.530911015346646,874.188071815297,3632.36761582084,180000,180000,,2.793683898093503,,False,False,ok
BNCI2014_001,resampled_spectral_normalized_power_s1,resampled,spectral,normalized_power,1,1788,361,500,500,1.0,22,253,0.0002973977579975516,0.017245224208387422,5.053121086321486,0.7216264717765712,27.837352822342872,27.837352822342872,0.0001799893443148716,2.793683898093503,0.00019810603946659251,8.650241467077995e-05,0.0006047109968944668,4.820958701797191e-05,188.240737610482,5.716247880429664,0.03017952124818757,0.09236224807369398,0.1459989447547685,66768,732f673b7c395963560fd69b36e817863a5d09212274acf199e8afbdf6688f09,three_row_sha256,912a3601c6ea4e3c97760c1ee45ecca00eebe86133a95f81d57f1a15cab36060,944f93c6fa033d604d9e90219484c40564bfebf4e3306a041f5ec522a76c0b9b,0f2cf9a67445117338a1c28f1312c232b1cbb8285fc218b4057ed38b092a75be,0.2958450932055712,0.2362108789384365,0.23500504903495312,0.7577640935778618,0.1895760651677847,0.970005989074707,0.22754701785743237,2.9119541868567467,0.0,0.0,12.169664027169347,877.1000260021538,3644.5372798480093,180500,180500,,2.793683898093503,,False,False,ok
BNCI2014_001,resampled_spectral_normalized_power_s1,resampled,spectral,normalized_power,1,1788,362,500,500,1.0,22,253,0.00030583811831777534,0.01748822799250328,5.060606561757458,0.7226954580795223,27.730454192047766,27.730454192047766,0.00018001470272019455,2.7936838980935033,0.00020821026892029767,8.74301087724773e-05,0.0005931101402345383,4.75975982994123e-05,188.24073761048203,5.716247880429664,0.03017952124818757,0.09236224807369398,0.1459989447547685,67129,f4cf10949b6fd7ae7221f053edc0a740943157bfceba5150f5da27eaab797f69,three_row_sha256,90d251b79dd1cd8dce807a5ebe7a52f6e24f476f0dd5657b3cb403b59cbafb5c,944f93c6fa033d604d9e90219484c40564bfebf4e3306a041f5ec522a76c0b9b,0f2cf9a67445117338a1c28f1312c232b1cbb8285fc218b4057ed38b092a75be,0.3354258369654417,0.2406029962003231,0.24916697293519974,0.7939599454402924,0.19575399346649647,0.6685401313006878,0.24318392388522625,2.7266338001936674,0.0,0.0,13.826307840645313,879.8266598023474,3658.3635876886547,181000,181000,,2.793683898093503,,False,False,ok
BNCI2014_001,resampled_spectral_normalized_power_s1,resampled,spectral,normalized_power,1,1788,363,500,500,1.0,22,253,0.0003147783736634106,0.017741994635987537,5.060265112022743,0.722646696301773,27.735330369822695,27.735330369822695,0.00018238249614559057,2.793683898093503,0.00021242722378939734,9.107143543753883e-05,0.0006112854507979745,5.085672556242431e-05,188.24073761048203,5.716247880429664,0.03017952124818757,0.09236224807369398,0.1459989447547685,67491,b85af487c10f42410800a1e0c37b98d725baa41adda1ca303d3afa11d8fc7736,three_row_sha256,0af81276985619b371df129b96b38185c474d0321edc4016765f110031501930,944f93c6fa033d604d9e90219484c40564bfebf4e3306a041f5ec522a76c0b9b,0f2cf9a67445117338a1c28f1312c232b1cbb8285fc218b4057ed38b092a75be,0.4634459037333727,0.24523399770259857,0.2754379529505968,0.8405179250985384,0.20083901472389698,0.7020120974630117,0.2578489948064089,2.985335886478424,0.0,0.0,13.992893043905497,882.8119956888258,3672.35648073256,181500,181500,,2.793683898093503,,False,False,ok
BNCI2014_001,resampled_spectral_normalized_power_s1,resampled,spectral,normalized_power,1,1788,364,500,500,1.0,22,253,0.0003172333780726575,0.017811046518176787,5.05054244889525,0.7212582215414992,27.874177845850085,27.874177845850085,0.0001911207772792564,2.793683898093503,0.00020369022326432258,9.55534937511234e-05,0.000781126257430623,4.642540759196199e-05,188.24073761048206,5.716247880429664,0.03017952124818757,0.09236224807369398,0.1459989447547685,67854,5b46551639ebdf16b2e7cbb73e699cd90cd7d35605ab88dc00e9ace0338785bd,three_row_sha256,e95d04f548fadced11e6175de9c24ca6f841535ad748617a59bb791ad4b5a485,944f93c6fa033d604d9e90219484c40564bfebf4e3306a041f5ec522a76c0b9b,0f2cf9a67445117338a1c28f1312c232b1cbb8285fc218b4057ed38b092a75be,0.29071210883557796,0.23589306510984898,0.23218011483550072,0.7772210519760847,0.20812777802348137,0.6406730972230434,0.24541211314499378,2.630219329148531,0.0,0.0,14.049591030925512,885.4422150179744,3686.4060717634857,182000,182000,,2.793683898093503,,False,False,ok
BNCI2014_001,resampled_spectral_normalized_power_s1,resampled,spectral,normalized_power,1,1788,365,500,500,1.0,22,253,0.00030311060281444256,0.017410071878497302,5.061498088569254,0.7228227753032145,27.71772246967855,27.71772246967855,0.0001828762732869287,2.793683898093503,0.00020046803450501224,8.81944361537372e-05,0.0006094565298402362,5.390039218413713e-05,188.240737610482,5.716247880429664,0.03017952124818757,0.09236224807369398,0.1459989447547685,68218,09455ffd2b8d990a0427d43dcbed89595c17199c53d77fbcb1016f6fe3f54712,three_row_sha256,f826bc46fc97ec7077ed43b30f12a3cc72642c9e5f90f40a52eec6805148e4a9,944f93c6fa033d604d9e90219484c40564bfebf4e3306a041f5ec522a76c0b9b,0f2cf9a67445117338a1c28f1312c232b1cbb8285fc218b4057ed38b092a75be,0.3251261077821255,0.24001509882509708,0.24680094793438911,0.8307781536132097,0.19627204164862633,0.6200619973242283,0.24027214385569096,2.699326490983367,0.0,0.0,13.595048105344176,888.1415415089577,3700.00111986883,182500,182500,,2.793683898093503,,False,False,ok
BNCI2014_001,resampled_spectral_normalized_power_s1,resampled,spectral,normalized_power,1,1788,366,500,500,1.0,22,253,0.00030947723600831923,0.01759196509797354,5.056678612337457,0.7221345152022687,27.78654847977313,27.78654847977313,0.00018139006146543132,2.793683898093503,0.00020911387167332857,8.929154201832684e-05,0.0005783439896536207,4.95788933757757e-05,188.24073761048203,5.716247880429664,0.03017952124818757,0.09236224807369398,0.1459989447547685,68583,b98b074fca1b3c1555bd3b8e64b592851c40797265f68eb7547a756fe1df26ff,three_row_sha256,e5c248503f5447f238f5c26adf487e137a6c1f62badb8e9cbe3db7369f43ad3c,944f93c6fa033d604d9e90219484c40564bfebf4e3306a041f5ec522a76c0b9b,0f2cf9a67445117338a1c28f1312c232b1cbb8285fc218b4057ed38b092a75be,0.3105869982391596,0.24196295998990536,0.2502340357750654,0.8080820553004742,0.19703106954693794,0.6423341110348701,0.25739218108356,2.7076234109699726,0.0,0.0,13.837306993082166,890.8491649199277,3713.838426861912,183000,183000,,2.793683898093503,,False,False,ok
BNCI2014_001,resampled_spectral_normalized_power_s1,resampled,spectral,normalized_power,1,1788,367,500,500,1.0,22,253,0.0002995833921054976,0.017308477463529183,5.049210295655998,0.7210679793079399,27.893202069206012,27.893202069206012,0.0001808396591477601,2.793683898093503,0.0001987954630152565,8.71461467655771e-05,0.0005875764054452275,5.139376749195992e-05,188.240737610482,5.716247880429664,0.03017952124818757,0.09236224807369398,0.1459989447547685,68949,a72f2ad06e5c437fcaf65156fafc19a5068d55b5c05d67163d1a73fbfb397a24,three_row_sha256,fba4fd67a69607108f756e2865c34fd0984ba9b9c1d2b256864a05dd37371db2,944f93c6fa033d604d9e90219484c40564bfebf4e3306a041f5ec522a76c0b9b,0f2cf9a67445117338a1c28f1312c232b1cbb8285fc218b4057ed38b092a75be,0.3479490987956524,0.24536903947591782,0.2576978877186775,0.8242200128734112,0.21855789236724377,0.6756531074643135,0.25778496637940407,2.8272320050746202,0.0,0.0,9.454462910071015,893.6763969250023,3723.292889771983,183500,183500,,2.793683898093503,,False,False,ok
BNCI2014_001,resampled_spectral_normalized_power_s1,resampled,spectral,normalized_power,1,1788,368,500,500,1.0,22,253,0.00030523746331958526,0.017471046428865825,5.053625807553613,0.7216985500418154,27.830144995818465,27.830144995818465,0.00018064852148337682,2.793683898093503,0.00020415591848747924,8.816090027423047e-05,0.0006070618336670964,4.34048801882837e-05,188.24073761048206,5.716247880429664,0.03017952124818757,0.09236224807369398,0.1459989447547685,69316,fb070e65470107f6eaee32bf7ecefd5d408fb57637adc623549e22aceb8f1690,three_row_sha256,e865e502915e22481f1be8a4bbb72f697dd26ff87809a851202db089c67fe774,944f93c6fa033d604d9e90219484c40564bfebf4e3306a041f5ec522a76c0b9b,0f2cf9a67445117338a1c28f1312c232b1cbb8285fc218b4057ed38b092a75be,0.22256188094615936,0.22207293659448624,0.2262380439788103,0.5684869829565287,0.1356059219688177,0.6137560121715069,0.17655198462307453,2.1652737632393837,0.0,0.0,8.767942199483514,895.8416706882417,3732.0608319714665,184000,184000,,2.793683898093503,,False,False,ok
BNCI2014_001,resampled_spectral_normalized_power_s1,resampled,spectral,normalized_power,1,1788,369,500,500,1.0,22,253,0.00029520560378809194,0.017181548352464975,5.0638244384980835,0.7231549968475988,27.684500315240122,27.684500315240122,0.00017700872622142553,2.7936838980935033,0.00019953688099132424,8.539800027661957e-05,0.0006111623118333905,4.8510244952623386e-05,188.240737610482,5.716247880429664,0.03017952124818757,0.09236224807369398,0.1459989447547685,69684,92facbda2206a01da899182249ed8e6294ece0a93ce766661eb5b42dffb0a4cb,three_row_sha256,ca51f17bb18d9cc90d109bde983b63733204f858ee5d92536c49563b05f309fd,944f93c6fa033d604d9e90219484c40564bfebf4e3306a041f5ec522a76c0b9b,0f2cf9a67445117338a1c28f1312c232b1cbb8285fc218b4057ed38b092a75be,0.2160689327865839,0.2225218340754509,0.22203405387699604,0.5510977935045958,0.1324610784649849,0.5889211315661669,0.16475096344947815,2.0978557877242565,0.0,0.0,8.871880127117038,897.939526475966,3740.9327120985836,184500,184500,,2.793683898093503,,False,False,ok
BNCI2014_001,resampled_spectral_normalized_power_s1,resampled,spectral,normalized_power,1,1788,370,500,500,1.0,22,253,0.0003188766209233781,0.017857116814407024,5.055275207603601,0.7219340976802527,27.806590231974727,27.806590231974727,0.00018419235807834786,2.7936838980935033,0.0002088692935195171,9.662644966215107e-05,0.0005911795513581262,4.820109376980721e-05,188.24073761048203,5.716247880429664,0.03017952124818757,0.09236224807369398,0.1459989447547685,70053,b38567877ebda8ba857a943344410be23c4eeabf6ba11216c1df5db3640c7dc8,three_row_sha256,25385d66707f1cb357fea2b615bfdeef96a47abca5bd6de732c56ae0e69c0958,944f93c6fa033d604d9e90219484c40564bfebf4e3306a041f5ec522a76c0b9b,0f2cf9a67445117338a1c28f1312c232b1cbb8285fc218b4057ed38b092a75be,0.22829091176390648,0.22282591089606285,0.22567808628082275,0.5674720741808414,0.13413093984127045,0.6052989047020674,0.16871397383511066,2.152410801500082,0.0,0.0,9.094954933971167,900.0919372774661,3750.0276670325547,185000,185000,,2.793683898093503,,False,False,ok
BNCI2014_001,resampled_spectral_normalized_power_s1,resampled,spectral,normalized_power,1,1788,371,500,500,1.0,22,253,0.0002954041319129189,0.01718732474566414,5.066925469283101,0.7235978490702222,27.640215092977787,27.640215092977787,0.00017844285671228129,2.7936838980935024,0.00019941786807808483,8.375639100303662e-05,0.0006035945612583302,5.25087651999306e-05,188.240737610482,5.716247880429664,0.03017952124818757,0.09236224807369398,0.1459989447547685,70423,0ef0cce0f4dae8cea1e639ac8fad663c27f6d2aca755dde4c1ebed10694773c7,three_row_sha256,5dadd0f34f62eb4fba706ecf102283f5c350b59b76d4a8ae22f0fc71696c45b8,944f93c6fa033d604d9e90219484c40564bfebf4e3306a041f5ec522a76c0b9b,0f2cf9a67445117338a1c28f1312c232b1cbb8285fc218b4057ed38b092a75be,0.22377190180122852,0.2231830731034279,0.22671022452414036,0.5620480515062809,0.14401692897081375,0.5992259830236435,0.1660690177232027,2.1450251806527376,0.0,0.0,10.644161142408848,902.2369624581188,3760.6718281749636,185500,185500,,2.793683898093503,,False,False,ok
BNCI2014_001,resampled_spectral_normalized_power_s1,resampled,spectral,normalized_power,1,1788,372,500,500,1.0,22,253,0.0003094762968427658,0.017591938404927576,5.06868327057378,0.7238488772806704,27.615112271932965,27.615112271932965,0.00017944848128033497,2.793683898093503,0.0002078056174950021,9.156119545155739e-05,0.0005341636583701422,4.292004014570226e-05,188.24073761048203,5.716247880429664,0.03017952124818757,0.09236224807369398,0.1459989447547685,70794,5131e7d593d0d131f5eb2eb850ad7ddcd32082dd596aece1010b1d1ea835b779,three_row_sha256,c599c3815d57d244450c2492fa7bc82ad5f6f39c85cb686ae9b2f43ffeca3c75,944f93c6fa033d604d9e90219484c40564bfebf4e3306a041f5ec522a76c0b9b,0f2cf9a67445117338a1c28f1312c232b1cbb8285fc218b4057ed38b092a75be,0.24575507268309593,0.2283710055053234,0.2408039290457964,0.5986089818179607,0.13951212167739868,0.6064621265977621,0.1813359558582306,2.240849193185568,0.0,0.0,7.864230079576373,904.4778116513044,3768.53605825454,186000,186000,,2.793683898093503,,False,False,ok
BNCI2014_001,resampled_spectral_normalized_power_s1,resampled,spectral,normalized_power,1,1788,373,500,500,1.0,22,253,0.000316190124460874,0.01778173569876895,5.0638017082106375,0.7231517507791092,27.684824922089074,27.684824922089074,0.00018501821826649595,2.793683898093503,0.00020861637470655721,9.370233038590768e-05,0.0006186364986871355,5.087997406138532e-05,188.24073761048203,5.716247880429665,0.03017952124818757,0.09236224807369398,0.1459989447547685,71166,cfd14bc0d48c10c1afae42f829d46e8f7013dc5d337d8ec00326c7f005bdb86b,three_row_sha256,ead9726d00bde8b89b2a7983602a8d5c542a10ad8baba2e65f9413a1b7254ef9,944f93c6fa033d604d9e90219484c40564bfebf4e3306a041f5ec522a76c0b9b,0f2cf9a67445117338a1c28f1312c232b1cbb8285fc218b4057ed38b092a75be,0.229154946282506,0.22167502902448177,0.2236948348581791,0.5694229621440172,0.13305991888046265,0.5719931796193123,0.1641828566789627,2.1131837274879217,0.0,0.0,8.06858902797103,906.5909953787923,3776.604647282511,186500,186500,,2.793683898093503,,False,False,ok
BNCI2014_001,resampled_spectral_normalized_power_s1,resampled,spectral,normalized_power,1,1788,374,500,500,1.0,22,253,0.00029699941455257493,0.01723367095405314,5.053095469647884,0.7216228135088444,27.83771864911556,27.83771864911556,0.00017844032818891792,2.793683898093503,0.00020012727008205332,8.619883642137448e-05,0.0006081957370649911,4.8335468708776236e-05,188.24073761048203,5.716247880429664,0.03017952124818757,0.09236224807369398,0.1459989447547685,71539,34a2fe562bcea2fb3166f09f95da226300229f03504a0ac1350be8e97e309671,three_row_sha256,fb9a517a1b05ff4a88ab04c84d6ea7bf6ffc99c72ecf6cd4dec2659548dc7c33,944f93c6fa033d604d9e90219484c40564bfebf4e3306a041f5ec522a76c0b9b,0f2cf9a67445117338a1c28f1312c232b1cbb8285fc218b4057ed38b092a75be,0.21342094987630844,0.22798404097557068,0.22209319286048412,0.5461529362946749,0.13326597400009632,1.147306989878416,0.16560987569391727,2.6558339595794678,0.0,0.0,8.326729061082006,909.2468293383718,3784.931376343593,187000,187000,,2.793683898093503,,False,False,ok
BNCI2014_001,resampled_spectral_normalized_power_s1,resampled,spectral,normalized_power,1,1788,375,500,500,1.0,22,253,0.0003094703609272311,0.01759176969287715,5.060591672285302,0.7226933317427345,27.73066682572654,27.73066682572654,0.00018279008200534308,2.793683898093503,0.00020407717219626952,9.154810984029551e-05,0.0005735030038487806,4.420811505237654e-05,188.24073761048203,5.716247880429665,0.03017952124818757,0.09236224807369398,0.1459989447547685,71913,71f6d00e7348c5e3e09e77eaaa3c5517d734b5074c9a39983d03e235d044abc2,three_row_sha256,d7e143ea2cffcdabe36032e65cc69b57e01a2d0fb8551f5e886e1b73b7934dfe,944f93c6fa033d604d9e90219484c40564bfebf4e3306a041f5ec522a76c0b9b,0f2cf9a67445117338a1c28f1312c232b1cbb8285fc218b4057ed38b092a75be,0.21203793585300446,0.22180681116878986,0.22074510343372822,0.5466071888804436,0.1411170233041048,0.932853203266859,0.17388397827744484,2.449051244184375,0.0,0.0,9.063717909157276,911.6958805825561,3793.9950942527503,187500,187500,,2.793683898093503,,False,False,ok
BNCI2014_001,resampled_spectral_normalized_power_s1,resampled,spectral,normalized_power,1,1788,376,500,500,1.0,22,253,0.00032243779683314327,0.017956553033172687,5.057985852432731,0.7223211996378092,27.76788003621909,27.76788003621909,0.00019154297100595796,2.793683898093503,0.00020684275276524719,9.80469962243211e-05,0.0008047197961950278,4.636368357758115e-05,188.24073761048203,5.716247880429664,0.03017952124818757,0.09236224807369398,0.1459989447547685,72288,bb9e7fdeeb748125114b31878ba67ff1dd0c95514d26799c8c01ab5f63c122ce,three_row_sha256,01918a86fc4f9d4be5eaacab9c338a9e0b2d58b4c1103032c4830867f14fb033,944f93c6fa033d604d9e90219484c40564bfebf4e3306a041f5ec522a76c0b9b,0f2cf9a67445117338a1c28f1312c232b1cbb8285fc218b4057ed38b092a75be,0.2229670062661171,0.2286930102854967,0.226074131205678,0.5506521556526423,0.13763993047177792,0.9500309824943542,0.1773228868842125,2.4933801032602787,0.0,0.0,8.47031595185399,914.1892606858164,3802.4654102046043,188000,188000,,2.793683898093503,,False,False,ok
BNCI2014_001,resampled_spectral_normalized_power_s1,resampled,spectral,normalized_power,1,1788,377,500,500,1.0,22,253,0.0003104303359183747,0.017619033342336766,5.06066308736344,0.7227035303922401,27.729646960775984,27.729646960775984,0.0001833235962958646,2.7936838980935033,0.00020415741488874405,9.236849177707373e-05,0.0006241486742435023,5.7270975831504644e-05,188.240737610482,5.716247880429664,0.03017952124818757,0.09236224807369398,0.1459989447547685,72664,eb3f7e80b3ccbaf25193e70403e3c78413237405c722c49af59ba67d17cfc4a1,three_row_sha256,7be676b348ec417dc52ff25da635e8ad29712c6919ebbfa0113472e063891d18,944f93c6fa033d604d9e90219484c40564bfebf4e3306a041f5ec522a76c0b9b,0f2cf9a67445117338a1c28f1312c232b1cbb8285fc218b4057ed38b092a75be,0.21925196051597595,0.2287880051881075,0.23154588416218758,0.743635930120945,0.23544090799987316,0.6817139219492674,0.2040478866547346,2.544424496591091,0.0,0.0,9.684006916359067,916.7336851824075,3812.1494171209633,188500,188500,,2.793683898093503,,False,False,ok
BNCI2014_001,resampled_spectral_normalized_power_s1,resampled,spectral,normalized_power,1,1788,378,500,500,1.0,22,253,0.00030118807513268396,0.017354770961689005,5.059854440089672,0.7225880490354485,27.741195096455154,27.741195096455154,0.00017951152779880586,2.793683898093503,0.00020191677517837365,8.65796947089664e-05,0.0005875720024220718,5.82403502268284e-05,188.240737610482,5.716247880429664,0.03017952124818757,0.09236224807369398,0.1459989447547685,73041,375c3c1acf04a617cda55c98838d54132dcbf655b4546e296151920ed382401f,three_row_sha256,a1598d32d910c2d07a0abcb68372278e1e41588e6de7a980c25f0b93db041683,944f93c6fa033d604d9e90219484c40564bfebf4e3306a041f5ec522a76c0b9b,0f2cf9a67445117338a1c28f1312c232b1cbb8285fc218b4057ed38b092a75be,0.22440403699874878,0.22186106070876122,0.22378587163984776,0.5698790773749352,0.13321288861334324,0.6635461468249559,0.16794097609817982,2.204630058258772,0.0,0.0,9.119206108152866,918.9383152406663,3821.268623229116,189000,189000,,2.793683898093503,,False,False,ok
BNCI2014_001,resampled_spectral_normalized_power_s1,resampled,spectral,normalized_power,1,1788,379,500,500,1.0,22,253,0.00031629455356901263,0.017784671871277597,5.054310901034269,0.7217963869198235,27.82036130801765,27.82036130801765,0.00018805595080177267,2.793683898093503,0.00020420751640775315,9.534502649933394e-05,0.0006697194675725519,3.917040317317398e-05,188.24073761048203,5.716247880429664,0.03017952124818757,0.09236224807369398,0.1459989447547685,73419,0ff015107613f99c4f94ed96d196ea845ac6e1866453132c7bd1fba05784acdd,three_row_sha256,254b896f80d3e9e9ce0e45712d4571feff16dfb718368ce8b8a201fd1c89488e,944f93c6fa033d604d9e90219484c40564bfebf4e3306a041f5ec522a76c0b9b,0f2cf9a67445117338a1c28f1312c232b1cbb8285fc218b4057ed38b092a75be,0.22134510800242424,0.22321403957903385,0.22236700169742107,0.5711039993911982,0.13380893506109715,0.6207569967955351,0.17655501142144203,2.1691510919481516,0.0,0.0,8.286931784823537,921.1074663326144,3829.5555550139397,189500,189500,,2.793683898093503,,False,False,ok
BNCI2014_001,resampled_spectral_normalized_power_s1,resampled,spectral,normalized_power,1,1788,380,500,500,1.0,22,253,0.00030236054733294535,0.01738851768647763,5.054103788117094,0.7217668095237693,27.823319047623073,27.823319047623073,0.00017925573381228225,2.793683898093503,0.00020081249248416922,8.918833110628547e-05,0.00055002504260664,6.15657235993192e-05,188.240737610482,5.716247880429664,0.03017952124818757,0.09236224807369398,0.1459989447547685,73798,7e6e4cf26c41b828da5a2abb5caa2234f998dfa7a47d1fac62de01aacd498b7f,three_row_sha256,8d63ec722686e41c4edc106d5ceaa5b4b8c2d7592a50081a5036f549b5c0906e,944f93c6fa033d604d9e90219484c40564bfebf4e3306a041f5ec522a76c0b9b,0f2cf9a67445117338a1c28f1312c232b1cbb8285fc218b4057ed38b092a75be,0.21591992117464542,0.22143404930830002,0.2207688521593809,0.547247938811779,0.13348087668418884,0.8994911331683397,0.17106090672314167,2.4094036780297756,0.0,0.0,9.11543401889503,923.5168700106442,3838.6709890328348,190000,190000,,2.793683898093503,,False,False,ok
BNCI2014_001,resampled_spectral_normalized_power_s1,resampled,spectral,normalized_power,1,1788,381,500,500,1.0,22,253,0.00031849984577576407,0.017846563976736923,5.052620867946509,0.7215550365556681,27.844496344433196,27.844496344433196,0.0001884665669333081,2.793683898093503,0.00020706601254744773,9.54562393155414e-05,0.0006742024755442759,5.108548561980387e-05,188.240737610482,5.716247880429664,0.03017952124818757,0.09236224807369398,0.1459989447547685,74178,44d15a762d093296f280c2b7681e54cb7664e77cebaf28a943761776857b8136,three_row_sha256,1f2d2cc95d7d1319ba65fd9f6cba6952ccb337943b0020b88404e8e9eb24d776,944f93c6fa033d604d9e90219484c40564bfebf4e3306a041f5ec522a76c0b9b,0f2cf9a67445117338a1c28f1312c232b1cbb8285fc218b4057ed38b092a75be,0.22441986948251724,0.2218990121036768,0.22187991999089718,0.5644189659506083,0.1334750559180975,0.9254319593310356,0.165160046890378,2.4566848296672106,0.0,0.0,8.782614953815937,925.9735548403114,3847.4536039866507,190500,190500,,2.793683898093503,,False,False,ok
BNCI2014_001,resampled_spectral_normalized_power_s1,resampled,spectral,normalized_power,1,1788,382,500,500,1.0,22,253,0.0003087865391682576,0.017572323101065993,5.04330864120441,0.7202251754236095,27.977482457639052,27.977482457639052,0.0001822492020134075,2.7936838980935033,0.0002078668748840717,8.90742500007466e-05,0.0005874171868358309,5.561653358225522e-05,188.24073761048203,5.716247880429664,0.03017952124818757,0.09236224807369398,0.1459989447547685,74559,8b89d52d7bdc60dd01920e09ef55c41dd42d3b800d20c66d984da1a8fa431a7a,three_row_sha256,9a1e062bf10b526969ad22274c8827c315aeb89c9940ed292da0e237568529ba,944f93c6fa033d604d9e90219484c40564bfebf4e3306a041f5ec522a76c0b9b,0f2cf9a67445117338a1c28f1312c232b1cbb8285fc218b4057ed38b092a75be,0.21461979486048222,0.22221985273063183,0.22064195945858955,0.54168701171875,0.14074495993554592,0.9260219521820545,0.1677689142525196,2.4337044451385736,0.0,0.0,11.094182962551713,928.40725928545,3858.5477869492024,191000,191000,,2.793683898093503,,False,False,ok
BNCI2014_001,resampled_spectral_normalized_power_s1,resampled,spectral,normalized_power,1,1788,383,500,500,1.0,22,253,0.0003026858540596712,0.017397869239066926,5.0337778789950205,0.7188641056631557,28.113589433684428,28.113589433684428,0.0001800385902161811,2.793683898093503,0.00020450733574776746,8.5831280761716e-05,0.000588959805573239,4.291002081038505e-05,188.24073761048206,5.716247880429664,0.03017952124818757,0.09236224807369398,0.1459989447547685,74941,4e8955b3feb470536d5259764340485763c07db36b1901a22e7eadd955a6d029,three_row_sha256,4deb0aab1bcbc80edfab79f8e800a3c93626920aabfb869badbc4c05af299431,944f93c6fa033d604d9e90219484c40564bfebf4e3306a041f5ec522a76c0b9b,0f2cf9a67445117338a1c28f1312c232b1cbb8285fc218b4057ed38b092a75be,0.25949697010219097,0.22933701984584332,0.24324399419128895,0.5999780260026455,0.15106191858649254,0.6444850005209446,0.18209591507911682,2.3096988443285227,0.0,0.0,8.534689899533987,930.7169581297785,3867.0824768487364,191500,191500,,2.793683898093503,,False,False,ok
BNCI2014_001,resampled_spectral_normalized_power_s1,resampled,spectral,normalized_power,1,1788,384,500,500,1.0,22,253,0.0002824887349293523,0.01680740119499003,5.05162473702137,0.7214127810203946,27.85872189796054,27.85872189796054,0.00016898075587352496,2.793683898093503,0.00019756221599151474,7.808914327473815e-05,0.0004773564927427931,5.130769686452286e-05,188.24073761048203,5.716247880429664,0.03017952124818757,0.09236224807369398,0.1459989447547685,75324,298f308127cc16bdc2375135eb3b4c8cfe4fac47f8ff15411b78917d8b5f7138,three_row_sha256,626f2d8cd9b0eb52b6bb08b47bd021ff7accd9f868d378bb754315752f025a5b,944f93c6fa033d604d9e90219484c40564bfebf4e3306a041f5ec522a76c0b9b,0f2cf9a67445117338a1c28f1312c232b1cbb8285fc218b4057ed38b092a75be,0.21860701963305473,0.22366107441484928,0.2250368706882,0.5660371389240026,0.14182599261403084,0.9632350411266088,0.16564596444368362,2.50404910184443,0.0,0.0,8.37822793982923,933.2210072316229,3875.4607047885656,192000,192000,,2.793683898093503,,False,False,ok
BNCI2014_001,resampled_spectral_normalized_power_s1,resampled,spectral,normalized_power,1,1788,385,500,500,1.0,22,253,0.0003085757844957135,0.017566325298585175,5.069434625275399,0.7239561767957857,27.604382320421422,27.604382320421422,0.00018441612209612395,2.793683898093503,0.00020552309876816576,8.905052638268326e-05,0.0006434840542844339,4.3477781916791254e-05,188.24073761048203,5.716247880429665,0.03017952124818757,0.09236224807369398,0.1459989447547685,75708,e8db49c40492b3492b9242fdcf11bb5804b08ec3ed8181b7f626a2c92a250d5d,three_row_sha256,0fcdcf3aabc85902192f931bb0fa7dc25bb8873a409cf5c1aa9f59cfe2e82f65,944f93c6fa033d604d9e90219484c40564bfebf4e3306a041f5ec522a76c0b9b,0f2cf9a67445117338a1c28f1312c232b1cbb8285fc218b4057ed38b092a75be,0.220566987991333,0.2234929706901312,0.22305594757199287,0.5670031532645226,0.13735704123973846,0.7003978826105595,0.17788098193705082,2.2497549653053284,0.0,0.0,8.697306970134377,935.4707621969283,3884.1580117587,192500,192500,,2.793683898093503,,False,False,ok
BNCI2014_001,resampled_spectral_normalized_power_s1,resampled,spectral,normalized_power,1,1788,386,500,500,1.0,22,253,0.0003067534310213111,0.017514377837117453,5.062440557161723,0.7229573674243065,27.704263257569345,27.704263257569345,0.00018660936086400344,2.793683898093503,0.00020315803939604588,8.750026466306037e-05,0.0007398759238182206,5.7695756484437926e-05,188.24073761048203,5.716247880429664,0.03017952124818757,0.09236224807369398,0.1459989447547685,76093,8dbd3f62e9860234b3232ad0b6722e7c95aa2ae8de6046d6f1ab695711111ed2,three_row_sha256,7305ff20d83ab99a80cc5732b8ad9e3bc8599f4c8a244b61d3b7f390e6664578,944f93c6fa033d604d9e90219484c40564bfebf4e3306a041f5ec522a76c0b9b,0f2cf9a67445117338a1c28f1312c232b1cbb8285fc218b4057ed38b092a75be,0.2216850407421589,0.22477004677057266,0.2266711089760065,0.5733659490942955,0.13535702601075172,1.0119699873030186,0.16866391524672508,2.562483074143529,0.0,0.0,8.730872999876738,938.0332452710718,3892.8888847585768,193000,193000,,2.793683898093503,,False,False,ok
BNCI2014_001,resampled_spectral_normalized_power_s1,resampled,spectral,normalized_power,1,1788,387,500,500,1.0,22,253,0.00030231465541321614,0.017387198032265468,5.0540573356190865,0.7217601757321641,27.82398242678359,27.82398242678359,0.00018150055274995268,2.793683898093503,0.00020059624033416095,8.814077116171728e-05,0.000609399356949989,4.2729049939952066e-05,188.240737610482,5.716247880429664,0.03017952124818757,0.09236224807369398,0.1459989447547685,76479,3c6029a2d9343bbee946880dbc5a122311c59a64af22c0f9fbded035b4a26ed3,three_row_sha256,01edc98bfac67cb56b4759b368c4cd8ac54fb0f24c150179979d5b987fb9f8d6,944f93c6fa033d604d9e90219484c40564bfebf4e3306a041f5ec522a76c0b9b,0f2cf9a67445117338a1c28f1312c232b1cbb8285fc218b4057ed38b092a75be,0.2294839359819889,0.22425688803195953,0.22796192206442356,0.5666660144925117,0.13632280752062798,0.9517818689346313,0.17747213132679462,2.5139455683529377,0.0,0.0,9.095521876588464,940.5471908394247,3901.984406635165,193500,193500,,2.793683898093503,,False,False,ok
BNCI2014_001,resampled_spectral_normalized_power_s1,resampled,spectral,normalized_power,1,1788,388,500,500,1.0,22,253,0.0003023566020207705,0.017388404240204748,5.06046962373658,0.7226759022249979,27.73240977750021,27.73240977750021,0.0001803833344724179,2.793683898093503,0.0002026892524638416,8.747550521696017e-05,0.0006298388450026958,4.279671680941069e-05,188.24073761048203,5.716247880429664,0.03017952124818757,0.09236224807369398,0.1459989447547685,76866,317b97bb75a1b8b16c84cb4ec782adb060f32c712a057e0edfab1a4c63d9e7c9,three_row_sha256,a1b543d04cd0733e444afb976e98fd63da311d4245ae87f7b64c462876d59918,944f93c6fa033d604d9e90219484c40564bfebf4e3306a041f5ec522a76c0b9b,0f2cf9a67445117338a1c28f1312c232b1cbb8285fc218b4057ed38b092a75be,0.2462069969624281,0.23697293363511562,0.2516040112823248,0.9025959298014641,0.18601492047309875,0.6436430849134922,0.2867120783776045,2.753749955445528,0.0,0.0,14.087322866544127,943.3009407948703,3916.0717295017093,194000,194000,,2.793683898093503,,False,False,ok
BNCI2014_001,resampled_spectral_normalized_power_s1,resampled,spectral,normalized_power,1,1788,389,500,500,1.0,22,253,0.00032522575830743687,0.018034016699211435,5.050404607070419,0.7212385366164763,27.876146338352374,27.876146338352374,0.00019497207535745337,2.793683898093503,0.0002091698238865037,9.700159319113215e-05,0.0008235475968676324,5.2672844499948494e-05,188.240737610482,5.716247880429664,0.03017952124818757,0.09236224807369398,0.1459989447547685,77254,9090e7ae4a2c899ede529e2cc3317aa92d1b35c6fb3179b6dda2fbb41a2194d0,three_row_sha256,34d9108300fa7681d3e060208d8774587ca837a5a0eacb9bb1d92baea08aec3f,944f93c6fa033d604d9e90219484c40564bfebf4e3306a041f5ec522a76c0b9b,0f2cf9a67445117338a1c28f1312c232b1cbb8285fc218b4057ed38b092a75be,0.331053975969553,0.24256808683276176,0.2494018990546465,0.8257362060248852,0.195586821064353,0.9829059708863497,0.2819129731506109,3.10916593298316,0.0,0.0,12.56229099817574,946.4101067278534,3928.634020499885,194500,194500,,2.793683898093503,,False,False,ok
BNCI2014_001,resampled_spectral_normalized_power_s1,resampled,spectral,normalized_power,1,1788,390,500,500,1.0,22,253,0.0003097429848322821,0.017599516607915176,5.060392362306637,0.7226648686692724,27.733513133072766,27.733513133072766,0.00018388492725812517,2.793683898093503,0.0002082027455043968,8.794586733940897e-05,0.0006070446540366176,3.929966316136937e-05,188.240737610482,5.716247880429664,0.03017952124818757,0.09236224807369398,0.1459989447547685,77643,33c92b695c23ec01fbf8b366087e2b14bb366d0dcf6069115239c646eed2b077,three_row_sha256,cf7748fcc4afe5b09cc2453e1be58c76d1a7a090e13cad782a1b9b846f7760e7,944f93c6fa033d604d9e90219484c40564bfebf4e3306a041f5ec522a76c0b9b,0f2cf9a67445117338a1c28f1312c232b1cbb8285fc218b4057ed38b092a75be,0.29937480576336384,0.245572067797184,0.23996387608349323,0.7925040554255247,0.19404105842113495,0.5697349552065134,0.25808392092585564,2.5992747396230698,0.0,0.0,12.047681957483292,949.0093814674765,3940.6817024573684,195000,195000,,2.793683898093503,,False,False,ok
BNCI2014_001,resampled_spectral_normalized_power_s1,resampled,spectral,normalized_power,1,1788,391,500,500,1.0,22,253,0.0003120152687468384,0.017663953938652534,5.050282860888988,0.721221150279229,27.87788497207711,27.87788497207711,0.0001869042386054889,2.793683898093503,0.00020317230926423109,9.302795075738167e-05,0.0007094909574243637,5.527701841489989e-05,188.24073761048203,5.716247880429664,0.03017952124818757,0.09236224807369398,0.1459989447547685,78033,c7ac680f0dd6185a5e9d4887906f1dcbe62cdef2335db7342e92bcfcbc375216,three_row_sha256,5be289d07f59187d9e6e3689d7afca98b99d3c4dbee4c606cdf5ae72c94e8f76,944f93c6fa033d604d9e90219484c40564bfebf4e3306a041f5ec522a76c0b9b,0f2cf9a67445117338a1c28f1312c232b1cbb8285fc218b4057ed38b092a75be,0.2942611463367939,0.23730192333459854,0.23790309205651283,0.7803060580044985,0.18737604841589928,0.9804768487811089,0.23684999905526638,2.9544751159846783,0.0,0.0,13.043293030932546,951.9638565834612,3953.724995488301,195500,195500,,2.793683898093503,,False,False,ok
BNCI2014_001,resampled_spectral_normalized_power_s1,resampled,spectral,normalized_power,1,1788,392,500,500,1.0,22,253,0.0002968405711239053,0.01722906181786766,5.03548580494356,0.719108011272233,28.0891988727767,28.0891988727767,0.00017884305499447705,2.793683898093503,0.00019835181133394787,8.606974163875463e-05,0.00058703868294781,5.1988222224651784e-05,188.24073761048203,5.716247880429664,0.03017952124818757,0.09236224807369398,0.1459989447547685,78424,3473966ff72a1b3924eca327f4c1f2cd34564926d2638ee6f09ce58f1a7994aa,three_row_sha256,4898df6d7c4ef3c36d2e8e59c06ba618a9e1de64e7a774a1a9b51cf46f16b09d,944f93c6fa033d604d9e90219484c40564bfebf4e3306a041f5ec522a76c0b9b,0f2cf9a67445117338a1c28f1312c232b1cbb8285fc218b4057ed38b092a75be,0.3013701643794775,0.23883185349404812,0.24452386423945427,0.7836790755391121,0.19318703562021255,1.0883440263569355,0.3336360678076744,3.1835720874369144,0.0,0.0,13.862969819456339,955.1474286708981,3967.5879653077573,196000,196000,,2.793683898093503,,False,False,ok
BNCI2014_001,resampled_spectral_normalized_power_s1,resampled,spectral,normalized_power,1,1788,393,500,500,1.0,22,253,0.0003013804502350697,0.017360312503957687,5.041750292706685,0.7200026306816567,27.99973693183433,27.99973693183433,0.00018360658280147817,2.793683898093503,0.00020160536451638706,8.554285938774027e-05,0.0006536387242319052,5.142098478884465e-05,188.24073761048203,5.716247880429664,0.03017952124818757,0.09236224807369398,0.1459989447547685,78816,71ddceab6485ce21e2bbcd30351ff0e58e404f44771363db5ddecb37bf82f14a,three_row_sha256,b1999489a06ebfab9a862a9e48f74c53c6cce9fb5b41cc044abb07f5c876aa44,944f93c6fa033d604d9e90219484c40564bfebf4e3306a041f5ec522a76c0b9b,0f2cf9a67445117338a1c28f1312c232b1cbb8285fc218b4057ed38b092a75be,0.3592069260776043,0.24789199233055115,0.2686430234462023,0.846445094794035,0.20149489864706993,0.8126660250127316,0.2633731346577406,2.9997210949659348,0.0,0.0,12.304838048294187,958.147149765864,3979.8928033560514,196500,196500,,2.793683898093503,,False,False,ok
BNCI2014_001,resampled_spectral_normalized_power_s1,resampled,spectral,normalized_power,1,1788,394,500,500,1.0,22,253,0.0003130271188183945,0.017692572419475763,5.0597467862751175,0.722572675201922,27.7427324798078,27.7427324798078,0.0001909116615365955,2.793683898093503,0.00020257727084374655,9.330714181878246e-05,0.0008196512985278366,4.341047536695312e-05,188.24073761048203,5.716247880429664,0.03017952124818757,0.09236224807369398,0.1459989447547685,79209,7d4e35d1ea7395d3b6bc0dba05d3272447374bb0e7195f5379d82b977671e2d5,three_row_sha256,c86d9fbec16dee40a894408bc5ca24a0ca6d1370434af00e99ef663185f22c72,944f93c6fa033d604d9e90219484c40564bfebf4e3306a041f5ec522a76c0b9b,0f2cf9a67445117338a1c28f1312c232b1cbb8285fc218b4057ed38b092a75be,0.3165099769830704,0.2416821662336588,0.25174510665237904,0.8016480132937431,0.19141403026878834,0.9917591232806444,0.3175369929522276,3.1122954096645117,0.0,0.0,13.885607942938805,961.2594451755285,3993.7784112989902,197000,197000,,2.793683898093503,,False,False,ok
BNCI2014_001,resampled_spectral_normalized_power_s1,resampled,spectral,normalized_power,1,1788,395,500,500,1.0,22,253,0.0003029853026064013,0.017406473008809143,5.039576027467839,0.7196921280583845,28.030787194161555,28.030787194161555,0.00018254788551411196,2.793683898093503,0.00020067824583945505,8.828993699483141e-05,0.000656119779945211,5.001380975091541e-05,188.240737610482,5.716247880429664,0.03017952124818757,0.09236224807369398,0.1459989447547685,79603,d36f774452e2b9ae74bdba445f6ce84bad9fad2fa9264d64d52857ff7bad1a46,three_row_sha256,4d8ac67bd3f54fff9de60717337cc898ffffbffa5e9c856bbf2cc0db70e1228c,944f93c6fa033d604d9e90219484c40564bfebf4e3306a041f5ec522a76c0b9b,0f2cf9a67445117338a1c28f1312c232b1cbb8285fc218b4057ed38b092a75be,0.31283311545848846,0.25003193877637386,0.24724891409277916,0.7975571788847446,0.19685388542711735,1.0139020159840584,0.2434360794723034,3.0618631280958652,0.0,0.0,12.524651130661368,964.3213083036244,4006.3030624296516,197500,197500,,2.793683898093503,,False,False,ok
BNCI2014_001,resampled_spectral_normalized_power_s1,resampled,spectral,normalized_power,1,1788,396,500,500,1.0,22,253,0.0003128902494743659,0.017688704007766252,5.046621522974647,0.720698281676642,27.93017183233581,27.93017183233581,0.00018758788626793476,2.793683898093503,0.00020592828643085437,9.102103091771376e-05,0.0007140887675034912,5.414598563559576e-05,188.24073761048203,5.716247880429664,0.03017952124818757,0.09236224807369398,0.1459989447547685,79998,86c349a3443e2f3cdfc89d6a33a2943aaeee022509fd46c985e6cee65c4cb5b5,three_row_sha256,5356bd9f3a3386d787db683e3e1d32e6e5967717f03f9c7d9ae7fe10d09f2e11,944f93c6fa033d604d9e90219484c40564bfebf4e3306a041f5ec522a76c0b9b,0f2cf9a67445117338a1c28f1312c232b1cbb8285fc218b4057ed38b092a75be,0.3278939984738827,0.24302303791046143,0.2560419961810112,0.8180851582437754,0.19755703397095203,0.9267309214919806,0.24994602426886559,3.019278170540929,0.0,0.0,12.961586005985737,967.3405864741653,4019.2646484356374,198000,198000,,2.793683898093503,,False,False,ok
BNCI2014_001,resampled_spectral_normalized_power_s1,resampled,spectral,normalized_power,1,1788,397,500,500,1.0,22,253,0.00030749567565654967,0.017535554615025716,5.029375877545722,0.7182354643303345,28.176453566966554,28.176453566966554,0.000187542381494464,2.793683898093503,0.0001989561806183069,9.181603659174404e-05,0.0007188738322779435,5.439957657569514e-05,188.240737610482,5.716247880429664,0.03017952124818757,0.09236224807369398,0.1459989447547685,80394,1c6455fbf7a2b41ef17775eb03da2a4bfd5b8c7f99ad44ca1a3fbaea8dd9710f,three_row_sha256,6261e6818636cff22a3a5ee3d63d3ca92d1cdf277fbd5f2a7538471117c27c37,944f93c6fa033d604d9e90219484c40564bfebf4e3306a041f5ec522a76c0b9b,0f2cf9a67445117338a1c28f1312c232b1cbb8285fc218b4057ed38b092a75be,0.3498159348964691,0.24785497225821018,0.2644588239490986,0.8411589078605175,0.2023319248110056,0.8516539819538593,0.2567698247730732,3.0140443705022335,0.0,0.0,13.212773017585278,970.3546308446676,4032.4774214532226,198500,198500,,2.793683898093503,,False,False,ok
BNCI2014_001,resampled_spectral_normalized_power_s1,resampled,spectral,normalized_power,1,1788,398,500,500,1.0,22,253,0.0003083376720504284,0.017559546464827283,5.032487617247598,0.7186798458727103,28.132015412728972,28.132015412728972,0.0001797311070793384,2.7936838980935024,0.00021182235783927096,8.607542321192515e-05,0.0005863485593047568,6.368382936041938e-05,188.240737610482,5.716247880429664,0.03017952124818757,0.09236224807369398,0.1459989447547685,80791,8f50220ab7c8c7719e60e3c02180fcd04dff050eeffb3be80274f2da0791b9cc,three_row_sha256,d525e4a3ac77007d5286eecca30f42bfb8c4d4a921f2c67887332c51dd9463b7,944f93c6fa033d604d9e90219484c40564bfebf4e3306a041f5ec522a76c0b9b,0f2cf9a67445117338a1c28f1312c232b1cbb8285fc218b4057ed38b092a75be,0.34446618519723415,0.24383002892136574,0.2606869675219059,0.8339888881891966,0.19855494610965252,1.1229498777538538,0.2708309330046177,3.2753078266978264,0.0,0.0,12.95686885714531,973.6299386713654,4045.434290310368,199000,199000,,2.793683898093503,,False,False,ok
BNCI2014_001,resampled_spectral_normalized_power_s1,resampled,spectral,normalized_power,1,1788,399,500,500,1.0,22,253,0.0003044536111069032,0.017448599115886157,5.045999271942077,0.7206094192073834,27.939058079261656,27.939058079261656,0.0001802855989956472,2.793683898093503,0.00020380741518853833,8.836042367252315e-05,0.0005767505646546343,4.928261186783958e-05,188.24073761048203,5.716247880429664,0.03017952124818757,0.09236224807369398,0.1459989447547685,81189,0dc001b11c337d6cc831930759aa65ddbc52d06fa543c8a5b3171960757193f6,three_row_sha256,880f414f929f965046c15463d4b4dddb4d00e1ec7b33b55481200ef0f0008ac9,944f93c6fa033d604d9e90219484c40564bfebf4e3306a041f5ec522a76c0b9b,0f2cf9a67445117338a1c28f1312c232b1cbb8285fc218b4057ed38b092a75be,0.3290087915956974,0.24400395341217518,0.2573970705270767,0.8172979578375816,0.19813096150755882,1.0411599650979042,0.3300299867987633,3.2170286867767572,0.0,0.0,13.888146029785275,976.8469673581421,4059.322436340153,199500,199500,,2.793683898093503,,False,False,ok
BNCI2014_001,resampled_spectral_normalized_power_s1,resampled,spectral,normalized_power,1,1788,400,500,500,1.0,22,253,0.00030653948560282595,0.01750826906358324,5.04642959716173,0.7206708731216415,27.93291268783585,27.93291268783585,0.00018329276939492057,2.793683898093503,0.00020406187563290373,8.857890994781368e-05,0.0006194054513887014,4.597219348427552e-05,188.240737610482,5.716247880429664,0.03017952124818757,0.09236224807369398,0.1459989447547685,81588,55c570b12a6e71159821bab3a1a1843b86ca01b4357326afadf55617b6d96839,three_row_sha256,0958885779715c27db052127fd69dbc217ec9c79635856583fbc1e41867ebbe1,944f93c6fa033d604d9e90219484c40564bfebf4e3306a041f5ec522a76c0b9b,0f2cf9a67445117338a1c28f1312c232b1cbb8285fc218b4057ed38b092a75be,0.42910012416541576,0.2364239189773798,0.2552950754761696,0.7986261043697596,0.19613001495599747,1.0755090042948723,0.25443919003009796,3.2455234322696924,0.0,0.0,13.081949902698398,980.0924907904118,4072.4043862428516,200000,200000,,2.793683898093503,,False,False,ok
BNCI2014_001,resampled_spectral_normalized_power_s1,resampled,spectral,normalized_power,1,1788,401,500,500,1.0,22,253,0.0003022777963975794,0.017386138052988633,5.051992203929716,0.7214652582605071,27.853474173949287,27.853474173949287,0.00018386931619250577,2.793683898093503,0.0001983746850251029,8.880772883331979e-05,0.0007008168312691456,4.980096302925048e-05,188.240737610482,5.716247880429664,0.03017952124818757,0.09236224807369398,0.1459989447547685,81988,1abdefbaee6ef8fed2ee44ec3938e77a7d8e930a7000037f5df5226ad7ba1e97,three_row_sha256,9cfb102ce470efd6c183d28abcc27cb4832c9761044a280b3992b8df9ac898bb,944f93c6fa033d604d9e90219484c40564bfebf4e3306a041f5ec522a76c0b9b,0f2cf9a67445117338a1c28f1312c232b1cbb8285fc218b4057ed38b092a75be,0.31858496367931366,0.24042092263698578,0.25011179968714714,0.8078999817371368,0.19452301785349846,0.7900591008365154,0.235862098634243,2.8374618850648403,0.0,0.0,11.975419940426946,982.9299526754767,4084.3798061832786,200500,200500,,2.793683898093503,,False,False,ok
BNCI2014_001,resampled_spectral_normalized_power_s1,resampled,spectral,normalized_power,1,1788,402,500,500,1.0,22,253,0.0003157763918864027,0.01777009825201883,5.033198145124743,0.7187813149878026,28.12186850121974,28.12186850121974,0.0001875359780548483,2.793683898093503,0.000208784211412948,9.237474277041224e-05,0.0006715149149233648,4.0535686080547386e-05,188.240737610482,5.716247880429664,0.03017952124818757,0.09236224807369398,0.1459989447547685,82389,b042acf85185b046e241183650fddff5d8f73c08f3aeb2a36f3d984fa932bb85,three_row_sha256,5e8eb0169209d5f78e83e011058a44694bc7cddc8c7b3eeb2219429bdafc5cc0,944f93c6fa033d604d9e90219484c40564bfebf4e3306a041f5ec522a76c0b9b,0f2cf9a67445117338a1c28f1312c232b1cbb8285fc218b4057ed38b092a75be,0.31000212766230106,0.23906701244413853,0.2563761081546545,0.6663990207016468,0.13444595970213413,0.9941719472408295,0.17522601410746574,2.7756881900131702,0.0,0.0,8.508787024766207,985.7056408654898,4092.8885932080448,201000,201000,,2.793683898093503,,False,False,ok
BNCI2014_001,resampled_spectral_normalized_power_s1,resampled,spectral,normalized_power,1,1788,403,500,500,1.0,22,253,0.00030904888945053094,0.01757978638808023,5.011477663699902,0.7156794549476138,28.43205450523863,28.43205450523863,0.0001818896826205829,2.793683898093503,0.00020848229059144415,8.925836048108486e-05,0.000601637648757493,5.7570087103410774e-05,188.24073761048206,5.716247880429664,0.03017952124818757,0.09236224807369398,0.1459989447547685,82791,7ef2b69056a3eadf90a405e20a4543fb1de08fad85750eaee3bebebb2c3c4185,three_row_sha256,ee46b9f1773036b9dfe70ffb09a021128bbf471a6cc5d3a09010dc19c937fbf4,944f93c6fa033d604d9e90219484c40564bfebf4e3306a041f5ec522a76c0b9b,0f2cf9a67445117338a1c28f1312c232b1cbb8285fc218b4057ed38b092a75be,0.22292905487120152,0.22285105660557747,0.22439192980527878,0.5500968545675278,0.13271206989884377,0.68704504519701,0.166015001013875,2.2060410119593143,0.0,0.0,8.52977205067873,987.9116818774492,4101.4183652587235,201500,201500,,2.793683898093503,,False,False,ok
BNCI2014_001,resampled_spectral_normalized_power_s1,resampled,spectral,normalized_power,1,1788,404,500,500,1.0,22,253,0.00030842334684808633,0.017561985845800192,5.016727654964368,0.716429196069648,28.357080393035194,28.357080393035194,0.00018479637542326378,2.793683898093503,0.00020232097605426064,9.054438168439095e-05,0.000655820261987437,5.216955727439976e-05,188.24073761048203,5.716247880429664,0.03017952124818757,0.09236224807369398,0.1459989447547685,83194,6e5a8bbb904494066972fad7da56bb611d15b40e37cec4bfa244939c8f4ffc5e,three_row_sha256,93964ebf1b644bf58285bcf23c3cfcee773603e8c729d3035ee0769597273f1f,944f93c6fa033d604d9e90219484c40564bfebf4e3306a041f5ec522a76c0b9b,0f2cf9a67445117338a1c28f1312c232b1cbb8285fc218b4057ed38b092a75be,0.21876883693039417,0.2218428999185562,0.22410694509744644,0.5493350327014923,0.1326659694314003,0.966052059084177,0.17305510118603706,2.4858268443495035,0.0,0.0,8.123737061396241,990.3975087217987,4109.54210232012,202000,202000,,2.793683898093503,,False,False,ok
BNCI2014_001,resampled_spectral_normalized_power_s1,resampled,spectral,normalized_power,1,1788,405,500,500,1.0,22,253,0.0003126988720397011,0.017683293585746437,5.006454939393545,0.7149621693813298,28.503783061867015,28.503783061867015,0.00018374337816080778,2.793683898093503,0.00020551615472700537,9.441353605037165e-05,0.0006218006360685442,5.22698772771328e-05,188.240737610482,5.716247880429664,0.03017952124818757,0.09236224807369398,0.1459989447547685,83598,fbaefcd4afce1ea24265fa799bd4e4e0560b432de85a7ed9e8667475537603af,three_row_sha256,580538fab7be88c7af9a8a1527cdc4607c4182ce457f0c6fa4d11196c01737ef,944f93c6fa033d604d9e90219484c40564bfebf4e3306a041f5ec522a76c0b9b,0f2cf9a67445117338a1c28f1312c232b1cbb8285fc218b4057ed38b092a75be,0.22112112492322922,0.22717704996466637,0.22572814486920834,0.5789101123809814,0.13459008187055588,0.854377867653966,0.18002605065703392,2.421930432319641,0.0,0.0,8.660214953124523,992.8194391541183,4118.202317273244,202500,202500,,2.793683898093503,,False,False,ok
BNCI2014_001,resampled_spectral_normalized_power_s1,resampled,spectral,normalized_power,1,1788,406,500,500,1.0,22,253,0.0003047918575263966,0.017458289077867756,5.012974639628353,0.7158932351913736,28.410676480862634,28.410676480862634,0.00018044805052620265,2.793683898093503,0.0002037091659474177,8.806615344880436e-05,0.000593072669782197,5.069885299096662e-05,188.240737610482,5.716247880429664,0.03017952124818757,0.09236224807369398,0.1459989447547685,84003,faa91e840357c26c1c2ced11cb00db611e2639c1fee5d829870cb4f84967a4b9,three_row_sha256,d31a7e9e1d91b877eac86b9b88a8db0d58dd377bb383aef377530927073b6ea6,944f93c6fa033d604d9e90219484c40564bfebf4e3306a041f5ec522a76c0b9b,0f2cf9a67445117338a1c28f1312c232b1cbb8285fc218b4057ed38b092a75be,0.21902704611420631,0.22111507132649422,0.2208349760621786,0.5530130583792925,0.14184112660586834,0.7248451001942158,0.17501995898783207,2.255696337670088,0.0,0.0,8.631937904283404,995.0751354917884,4126.834255177528,203000,203000,,2.793683898093503,,False,False,ok
BNCI2014_001,resampled_spectral_normalized_power_s1,resampled,spectral,normalized_power,1,1788,407,500,500,1.0,22,253,0.0003223592038490179,0.017954364479118103,4.999224690671552,0.7139296315129138,28.607036848708624,28.607036848708624,0.00019470170071202088,2.793683898093503,0.0002073164680813756,9.516333744402972e-05,0.0007963955483523087,5.702620467032975e-05,188.24073761048203,5.716247880429664,0.03017952124818757,0.09236224807369398,0.1459989447547685,84409,d9464d5b3d11a9f794322a8958939b7bc9062fcf083ee9cee96eaa007def5982,three_row_sha256,dea591b3a48361dea3c634f01060c24471b91c0d6a7c6a8d254f483fdcb460e3,944f93c6fa033d604d9e90219484c40564bfebf4e3306a041f5ec522a76c0b9b,0f2cf9a67445117338a1c28f1312c232b1cbb8285fc218b4057ed38b092a75be,0.22217794321477413,0.2213509287685156,0.22022100165486336,0.5640739109367132,0.1350811216980219,0.6470768712460995,0.1752020325511694,2.185183810070157,0.0,0.0,8.561745984479785,997.2603193018585,4135.396001162007,203500,203500,,2.793683898093503,,False,False,ok
BNCI2014_001,resampled_spectral_normalized_power_s1,resampled,spectral,normalized_power,1,1788,408,500,500,1.0,22,253,0.0003054215729485857,0.017476314627191448,5.002441091309068,0.7143889594815535,28.56110405184465,28.56110405184465,0.0001848220780968071,2.793683898093503,0.00019849079380569184,9.09044443111925e-05,0.0007135507471321564,4.923868205387061e-05,188.24073761048203,5.716247880429664,0.03017952124818757,0.09236224807369398,0.1459989447547685,84816,8951e8549274c7d3ee8d2381cf45ba8df1b402b5718db12b79563008fb37f4c4,three_row_sha256,aa509f3f9bf980a9b5e5dd148499f509dd0dc297487ac7055ffb8a376655bbc6,944f93c6fa033d604d9e90219484c40564bfebf4e3306a041f5ec522a76c0b9b,0f2cf9a67445117338a1c28f1312c232b1cbb8285fc218b4057ed38b092a75be,0.22734305821359158,0.22281496785581112,0.22409390658140182,0.5764169618487358,0.1385500654578209,0.6419001147150993,0.1787280198186636,2.209847094491124,0.0,0.0,8.387683890759945,999.4701663963497,4143.783685052767,204000,204000,,2.793683898093503,,False,False,ok
BNCI2014_001,resampled_spectral_normalized_power_s1,resampled,spectral,normalized_power,1,1788,409,500,500,1.0,22,253,0.00030659467981686706,0.01750984522538298,4.988649280686326,0.7124193776193574,28.75806223806427,28.75806223806427,0.0001870868248702163,2.793683898093503,0.00019818031407915976,9.235422885755916e-05,0.0006395791347730654,5.021544584451089e-05,188.24073761048203,5.716247880429665,0.03017952124818757,0.09236224807369398,0.1459989447547685,85224,efff74c5eefd165975b3062b4d3619ec8f7fc0f535e83d5ad976b7a506cc4e02,three_row_sha256,6835472bdc63888b65b991e4a9c3969d4930d8c16ae1433fe178633da7bbfc30,944f93c6fa033d604d9e90219484c40564bfebf4e3306a041f5ec522a76c0b9b,0f2cf9a67445117338a1c28f1312c232b1cbb8285fc218b4057ed38b092a75be,0.22381311282515526,0.22181496024131775,0.22113905288279057,0.5644960328936577,0.14000805094838142,0.6440700963139534,0.1660841517150402,2.1814254578202963,0.0,0.0,8.747574873268604,1001.65159185417,4152.531259926036,204500,204500,,2.793683898093503,,False,False,ok
BNCI2014_001,resampled_spectral_normalized_power_s1,resampled,spectral,normalized_power,1,1788,410,500,500,1.0,22,253,0.00031672881400798234,0.017796876523929202,4.997364326826952,0.7136639565420461,28.633604345795387,28.633604345795387,0.0001901670691609718,2.793683898093503,0.0002029548449529634,9.603066715163057e-05,0.0007104613201631283,4.4564249573928475e-05,188.24073761048203,5.716247880429664,0.03017952124818757,0.09236224807369398,0.1459989447547685,85633,6ce8b9181dce7b776e58f6148b957782b72e685ecfa5079fde8f403219be2037,three_row_sha256,2a36435237ef808db8a1cad725d80f4379c77321d49ed9126b236090cb6a270b,944f93c6fa033d604d9e90219484c40564bfebf4e3306a041f5ec522a76c0b9b,0f2cf9a67445117338a1c28f1312c232b1cbb8285fc218b4057ed38b092a75be,0.24582399055361748,0.22558006457984447,0.23864908143877983,0.593867152929306,0.13979710638523102,0.6735739298164845,0.17950008623301983,2.296791411936283,0.0,0.0,8.935214951634407,1003.9483832661062,4161.46647487767,205000,205000,,2.793683898093503,,False,False,ok
BNCI2014_001,resampled_spectral_normalized_power_s1,resampled,spectral,normalized_power,1,1788,411,500,500,1.0,22,253,0.00031060455967803105,0.017623976840600734,4.99245065375574,0.7129622443722268,28.703775562777324,28.703775562777324,0.0001812996403644492,2.793683898093503,0.00020643623661162819,9.209618751242726e-05,0.0005635340453719249,5.126413901629491e-05,188.240737610482,5.716247880429664,0.03017952124818757,0.09236224807369398,0.1459989447547685,86043,b8eebe8f731497d38d3d53850ca3a0160255fdda8be2143a98689cfabe78fb50,three_row_sha256,138d5be609b155e559032fd3d8cc14ce7dfbed744dae6c3a07faf985ba7fd856,944f93c6fa033d604d9e90219484c40564bfebf4e3306a041f5ec522a76c0b9b,0f2cf9a67445117338a1c28f1312c232b1cbb8285fc218b4057ed38b092a75be,0.28349109925329685,0.22662407718598843,0.2381601370871067,0.6883051246404648,0.15224399976432323,0.6773069035261869,0.1976580824702978,2.4637894239276648,0.0,0.0,8.627453120425344,1006.4121726900339,4170.093927998096,205500,205500,,2.793683898093503,,False,False,ok
BNCI2014_001,resampled_spectral_normalized_power_s1,resampled,spectral,normalized_power,1,1788,412,500,500,1.0,22,253,0.000319348500347865,0.017870324573097854,5.005257406682641,0.7147911520456587,28.52088479543414,28.52088479543414,0.00019083526049413837,2.793683898093503,0.00020333907785874902,9.85267758003789e-05,0.0007176171723840038,5.6459531275061565e-05,188.240737610482,5.716247880429664,0.03017952124818757,0.09236224807369398,0.1459989447547685,86454,a93d8b6d3d67031f4307dbe92d65e6913de2a7c165fca87f1ebb6324d105710f,three_row_sha256,de65d769f4824d5eb2a1b56dce41faa2241c26c55e1dc8ac4fb94af63f4e3ce9,944f93c6fa033d604d9e90219484c40564bfebf4e3306a041f5ec522a76c0b9b,0f2cf9a67445117338a1c28f1312c232b1cbb8285fc218b4057ed38b092a75be,0.21777511574327946,0.22534606978297234,0.2260569017380476,0.55145681835711,0.1313900575041771,0.5995901301503181,0.1635630615055561,2.1151781547814608,0.0,0.0,9.163306094706059,1008.5273508448154,4179.257234092802,206000,206000,,2.793683898093503,,False,False,ok
BNCI2014_001,resampled_spectral_normalized_power_s1,resampled,spectral,normalized_power,1,1788,413,500,500,1.0,22,253,0.0002922868987735955,0.017096400170023965,4.999298440979556,0.7139401636520903,28.605983634790967,28.605983634790967,0.00017525109894536836,2.793683898093503,0.0001999193505902026,8.258587707210506e-05,0.0005721883924918957,4.8259568924966e-05,188.24073761048203,5.716247880429665,0.03017952124818757,0.09236224807369398,0.1459989447547685,86866,67ac1f0541bb684cc13a7d4a9a2449adfe166a76e605fc242acc64e744efd4fb,three_row_sha256,d793c1c27647f3924e4ac316f7bf21766575b01df9503c89b7d05233448514ab,944f93c6fa033d604d9e90219484c40564bfebf4e3306a041f5ec522a76c0b9b,0f2cf9a67445117338a1c28f1312c232b1cbb8285fc218b4057ed38b092a75be,0.21241093054413795,0.2198689617216587,0.21880515851080418,0.538314925506711,0.12943590991199017,0.518260058015585,0.1619560644030571,1.999052008613944,0.0,0.0,8.757177973166108,1010.5264028534293,4188.014412065968,206500,206500,,2.793683898093503,,False,False,ok
BNCI2014_001,resampled_spectral_normalized_power_s1,resampled,spectral,normalized_power,1,1788,414,500,500,1.0,22,253,0.0002911302459087039,0.017062539257352755,4.999704591671982,0.7139981652487627,28.600183475123735,28.600183475123735,0.00017470298244873458,2.7936838980935033,0.00019570276674496046,8.45917966374304e-05,0.0004927436625952477,5.148081340169477e-05,188.24073761048203,5.716247880429664,0.03017952124818757,0.09236224807369398,0.1459989447547685,87279,f3e66cec95c2c1232dab3d019e5c8c9121fef4329a65e157f3beadfdf4a0be75,three_row_sha256,90d818b51a8221d511fb58e7c98c2c6c33a8e6fb21c8b70ec58a0c53d859262a,944f93c6fa033d604d9e90219484c40564bfebf4e3306a041f5ec522a76c0b9b,0f2cf9a67445117338a1c28f1312c232b1cbb8285fc218b4057ed38b092a75be,0.2108910121023655,0.22216280922293663,0.22164499387145042,0.5437880754470825,0.13056001625955105,0.8381709922105074,0.16170507296919823,2.3289229720830917,0.0,0.0,8.840854046866298,1012.8553258255124,4196.855266112834,207000,207000,,2.793683898093503,,False,False,ok
BNCI2014_001,resampled_spectral_normalized_power_s1,resampled,spectral,normalized_power,1,1788,415,500,500,1.0,22,253,0.0003019015283505504,0.017375313762650457,4.9811358658654505,0.7113464013467604,28.865359865323963,28.865359865323963,0.00017754802523550084,2.7936838980935024,0.00020429226369796997,8.802198877546465e-05,0.0005387225507902111,5.3622989891827954e-05,188.240737610482,5.716247880429664,0.03017952124818757,0.09236224807369398,0.1459989447547685,87693,7913cccec135a7319b6f3c396f6d3d462009e692de7bac88058c05e0b8d6f266,three_row_sha256,80a51b810f29339469938bc954a7beaceecb9f0c365e19edd5b24d25d242a3f8,944f93c6fa033d604d9e90219484c40564bfebf4e3306a041f5ec522a76c0b9b,0f2cf9a67445117338a1c28f1312c232b1cbb8285fc218b4057ed38b092a75be,0.20993012003600597,0.22122403606772423,0.2218368463218212,0.5331931170076132,0.1308848150074482,1.0335228871554136,0.16291788779199123,2.5135097093880177,0.0,0.0,8.460476994514465,1015.3688355349004,4205.315743107349,207500,207500,,2.793683898093503,,False,False,ok
BNCI2014_001,resampled_spectral_normalized_power_s1,resampled,spectral,normalized_power,1,1788,416,500,500,1.0,22,253,0.000308121767928519,0.01755339761779807,4.989356241890937,0.7125203373848273,28.74796626151727,28.74796626151727,0.0001850148244935168,2.793683898093503,0.00020095327592146775,9.32832077922687e-05,0.0006692766377369838,5.2573494504094085e-05,188.24073761048203,5.716247880429664,0.03017952124818757,0.09236224807369398,0.1459989447547685,88108,381de3a655043c9df3c9cdc8a6567f6b1cf30b97f4648765a553b0a2ae245405,three_row_sha256,5f73c6429673aad60d343c20c4e4a8c5495588f17bfa861ebb72e435470263a6,944f93c6fa033d604d9e90219484c40564bfebf4e3306a041f5ec522a76c0b9b,0f2cf9a67445117338a1c28f1312c232b1cbb8285fc218b4057ed38b092a75be,0.2166489139199257,0.22066780366003513,0.22289808839559555,0.5439820233732462,0.13037584722042084,0.802663154900074,0.16181496903300285,2.2990508005023003,0.0,0.0,10.407759109511971,1017.6678863354027,4215.723502216861,208000,208000,,2.793683898093503,,False,False,ok
BNCI2014_001,resampled_spectral_normalized_power_s1,resampled,spectral,normalized_power,1,1788,417,500,500,1.0,22,253,0.0002866399434177299,0.01693044427703331,4.997466400369604,0.7136785334677099,28.632146653229004,28.632146653229004,0.0001727122640974128,2.793683898093503,0.00019427722384728015,8.344126829630911e-05,0.0005101749621031158,3.950171370392377e-05,188.240737610482,5.716247880429664,0.03017952124818757,0.09236224807369398,0.1459989447547685,88524,51089006f192dbe06ccd63a0fe22252aeba08def3281fa1770e8424a3beb520d,three_row_sha256,31668eae62d5d882ee51912640cf5f0839aaded7b74ed4850e28680d900c55c1,944f93c6fa033d604d9e90219484c40564bfebf4e3306a041f5ec522a76c0b9b,0f2cf9a67445117338a1c28f1312c232b1cbb8285fc218b4057ed38b092a75be,0.28664409182965755,0.22689788602292538,0.24581700563430786,0.6879030261188745,0.1492390874773264,0.5582799203693867,0.2016020007431507,2.356383018195629,0.0,0.0,9.310958907008171,1020.0242693535984,4225.034461123869,208500,208500,,2.793683898093503,,False,False,ok
BNCI2014_001,resampled_spectral_normalized_power_s1,resampled,spectral,normalized_power,1,1788,418,500,500,1.0,22,253,0.0003052924336173151,0.01747261954079339,4.998202423579502,0.7137836435220766,28.621635647792342,28.621635647792342,0.000183623815859842,2.793683898093503,0.00020189101945072193,9.028560259807893e-05,0.0005913700250028534,5.072947332438205e-05,188.24073761048203,5.716247880429664,0.03017952124818757,0.09236224807369398,0.1459989447547685,88941,c5ddb171cc9bbc0c7389b0ecccd88d4aa6a49e3237ae673c1047acc032045b96,three_row_sha256,a2d888f7d07b2466d746da61014a1a6a53a8db4bf1920369201ea0c6845cb301,944f93c6fa033d604d9e90219484c40564bfebf4e3306a041f5ec522a76c0b9b,0f2cf9a67445117338a1c28f1312c232b1cbb8285fc218b4057ed38b092a75be,0.2177839633077383,0.22229691967368126,0.23287814110517502,0.5645488854497671,0.13412418775260448,0.9401491843163967,0.17388188280165195,2.485663164407015,0.0,0.0,8.727418957278132,1022.5099325180054,4233.761880081147,209000,209000,,2.793683898093503,,False,False,ok
BNCI2014_001,resampled_spectral_normalized_power_s1,resampled,spectral,normalized_power,1,1788,419,500,500,1.0,22,253,0.0003097301820343114,0.017599152878315233,5.009051229029567,0.7153329404944196,28.466705950558037,28.466705950558037,0.00018658712654317678,2.793683898093503,0.00020353420874349827,9.027034578702083e-05,0.0007474653572060272,5.542226933682201e-05,188.24073761048203,5.716247880429664,0.03017952124818757,0.09236224807369398,0.1459989447547685,89359,e508307bb7a4380dd27ff48e9bd2d41ea4b1ae24f3f44e7777da96ac5ca1efbf,three_row_sha256,46c197f7860a43ff68a641f95dc8d86aecbffb4acdb18ad94e962c8c175ccd64,944f93c6fa033d604d9e90219484c40564bfebf4e3306a041f5ec522a76c0b9b,0f2cf9a67445117338a1c28f1312c232b1cbb8285fc218b4057ed38b092a75be,0.22048503160476685,0.22192089818418026,0.22326293401420116,0.5528770852833986,0.1321209128946066,0.8929108735173941,0.16699405387043953,2.410571789368987,0.0,0.0,8.919419022276998,1024.9205043073744,4242.681299103424,209500,209500,,2.793683898093503,,False,False,ok
BNCI2014_001,resampled_spectral_normalized_power_s1,resampled,spectral,normalized_power,1,1788,420,500,500,1.0,22,253,0.00031208933801517844,0.017666050436223102,5.007809597935014,0.7151556255536723,28.48443744463277,28.48443744463277,0.00018707980253462926,2.793683898093503,0.0002033186460655958,9.229411245496414e-05,0.0007122825323556109,3.619284563030132e-05,188.240737610482,5.716247880429664,0.03017952124818757,0.09236224807369398,0.1459989447547685,89778,25f7f1e6cce61a000eb24b58a264b8d2d43b2924e3b7dda50f911fe40501d612,three_row_sha256,dcf61f8b4d4a11e91ee37d33ae2526c5501b1862cd503f291e56a375a3a79ecb,944f93c6fa033d604d9e90219484c40564bfebf4e3306a041f5ec522a76c0b9b,0f2cf9a67445117338a1c28f1312c232b1cbb8285fc218b4057ed38b092a75be,0.21281791850924492,0.22107386030256748,0.2213639672845602,0.5493510980159044,0.13069785200059414,0.8662319742143154,0.16434909775853157,2.365885768085718,0.0,0.0,8.543388918042183,1027.28639007546,4251.224688021466,210000,210000,,2.793683898093503,,False,False,ok
BNCI2014_001,resampled_spectral_normalized_power_s1,resampled,spectral,normalized_power,1,1788,421,500,500,1.0,22,253,0.0003177967855303134,0.017826855738753075,4.990854695172614,0.7127343286065507,28.726567139344922,28.726567139344922,0.00018934881401965227,2.793683898093503,0.0002080361310554209,9.379723687880606e-05,0.0006814208670779512,5.007836420461199e-05,188.24073761048203,5.716247880429664,0.03017952124818757,0.09236224807369398,0.1459989447547685,90198,254a57c92d3a6eb48f6605fd5cfd606b02e1a9c486fac2920dd78b3a489138e8,three_row_sha256,e1cf0bf5822beabca5436fc0faabbf86313a94fc4d50f134279d75b0f2e3aa49,944f93c6fa033d604d9e90219484c40564bfebf4e3306a041f5ec522a76c0b9b,0f2cf9a67445117338a1c28f1312c232b1cbb8285fc218b4057ed38b092a75be,0.21950597874820232,0.22144382819533348,0.22106594406068325,0.558188883587718,0.13190601021051407,0.8557450491935015,0.16410090029239655,2.371956594288349,0.0,0.0,8.544555865228176,1029.6583466697484,4259.769243886694,210500,210500,,2.793683898093503,,False,False,ok
BNCI2014_001,resampled_spectral_normalized_power_s1,resampled,spectral,normalized_power,1,1788,422,500,500,1.0,22,253,0.0002962556228287524,0.01721207781846086,4.991436548819251,0.7128174220030754,28.718257799692463,28.718257799692463,0.00017621318161527627,2.793683898093503,0.00019849181371311964,8.6933582251549e-05,0.0005374505522421062,4.553830419131643e-05,188.24073761048206,5.716247880429665,0.03017952124818757,0.09236224807369398,0.1459989447547685,90619,20d22130f7494d749de7399210db4f3a084835a8fe5764a4df3b9b059b4d6cc9,three_row_sha256,3e9de3b086d798c2a196c22a55c977c3328a441e4e44bb00aa5b8ff568c13a45,944f93c6fa033d604d9e90219484c40564bfebf4e3306a041f5ec522a76c0b9b,0f2cf9a67445117338a1c28f1312c232b1cbb8285fc218b4057ed38b092a75be,0.23478595539927483,0.2220610622316599,0.22374093532562256,0.5713771097362041,0.13318913988769054,0.8824469987303019,0.16779894940555096,2.435400150716305,0.0,0.0,10.912727098912,1032.0937468204647,4270.681970985606,211000,211000,,2.793683898093503,,False,False,ok
BNCI2014_001,resampled_spectral_normalized_power_s1,resampled,spectral,normalized_power,1,1788,423,500,500,1.0,22,253,0.00030196378276361904,0.017377105131857234,4.993417444215762,0.7131003098522924,28.689969014770753,28.689969014770753,0.00018156504543964284,2.793683898093503,0.00019871763121341685,8.968472252737347e-05,0.0006236975908245334,6.419281419223333e-05,188.24073761048203,5.716247880429664,0.03017952124818757,0.09236224807369398,0.1459989447547685,91041,769f84917b442be014a5ee134374e691dc1c74d55d19036820dcb0cbb90963d1,three_row_sha256,61254e1466ed16adcacddf9e95f9a12585607d1a82d6d013f94b1e496b3b18ae,944f93c6fa033d604d9e90219484c40564bfebf4e3306a041f5ec522a76c0b9b,0f2cf9a67445117338a1c28f1312c232b1cbb8285fc218b4057ed38b092a75be,0.28388481587171555,0.22878311574459076,0.25697890669107437,0.6688509602099657,0.14053704217076302,0.601920997723937,0.1857830211520195,2.366738859564066,0.0,0.0,8.701869985088706,1034.4604856800288,4279.383840970695,211500,211500,,2.793683898093503,,False,False,ok
BNCI2014_001,resampled_spectral_normalized_power_s1,resampled,spectral,normalized_power,1,1788,424,500,500,1.0,22,253,0.000305500748403967,0.01747857970213733,4.997637759661655,0.7137030049575508,28.629699504244922,28.629699504244922,0.00018115448218079873,2.793683898093503,0.00020578036814814063,8.787059512325299e-05,0.0006166435381960942,5.1145798439390524e-05,188.24073761048206,5.716247880429664,0.03017952124818757,0.09236224807369398,0.1459989447547685,91464,45435f9eb37f34fd44a9d4e880e1e17ed680aa3a00ec7eb5f3d078a3db293cfb,three_row_sha256,b51f3324a67e0a538f1de787c9a54c1031e0ca7c0d8138836760de7e58ace474,944f93c6fa033d604d9e90219484c40564bfebf4e3306a041f5ec522a76c0b9b,0f2cf9a67445117338a1c28f1312c232b1cbb8285fc218b4057ed38b092a75be,0.22570695728063583,0.2215390559285879,0.22707204334437847,0.5634468980133533,0.13541709631681442,0.9693021420389414,0.1696429681032896,2.512127161026001,0.0,0.0,9.181559085845947,1036.9726128410548,4288.565400056541,212000,212000,,2.793683898093503,,False,False,ok
BNCI2014_001,resampled_spectral_normalized_power_s1,resampled,spectral,normalized_power,1,1788,425,500,500,1.0,22,253,0.00029282556909029174,0.017112146828796547,5.003438292051253,0.7145313677953348,28.546863220466527,28.546863220466527,0.00017771671443978732,2.793683898093503,0.00019451820619927995,8.545302183528568e-05,0.0006020260262908077,4.867516570686052e-05,188.240737610482,5.716247880429664,0.03017952124818757,0.09236224807369398,0.1459989447547685,91888,8ae972bb29f0425d94fc0bbb516edaa3a7a2ab45135b6959d21ad21123c908e1,three_row_sha256,17e4a779647436c73f864ecde4391172d229952a1b5a6d8d15b8380f4554746d,944f93c6fa033d604d9e90219484c40564bfebf4e3306a041f5ec522a76c0b9b,0f2cf9a67445117338a1c28f1312c232b1cbb8285fc218b4057ed38b092a75be,0.23899204097688198,0.22208411246538162,0.22849277593195438,0.5827420391142368,0.136061804369092,0.8155610412359238,0.1720287837088108,2.3959625978022814,0.0,0.0,8.9454788248986,1039.368575438857,4297.51087888144,212500,212500,,2.793683898093503,,False,False,ok
BNCI2014_001,resampled_spectral_normalized_power_s1,resampled,spectral,normalized_power,1,1788,426,500,500,1.0,22,253,0.0003077059397678291,0.017541548955774377,5.006395191815522,0.714953636945002,28.504636305499798,28.504636305499798,0.00018308072651703462,2.793683898093503,0.00020352972688649092,9.00155726023032e-05,0.0006469642750337155,5.280177919310557e-05,188.24073761048203,5.716247880429664,0.03017952124818757,0.09236224807369398,0.1459989447547685,92313,a646831e525bc790172e14d8cad6a293d259842a71efecc24beb8868abe27492,three_row_sha256,0fdd192c69e5346189b7509345c4b6e5ee331393133ad51bd3da863139400c96,944f93c6fa033d604d9e90219484c40564bfebf4e3306a041f5ec522a76c0b9b,0f2cf9a67445117338a1c28f1312c232b1cbb8285fc218b4057ed38b092a75be,0.2182680182158947,0.22149179130792618,0.22318516857922077,0.5572219379246235,0.13545085676014423,0.5574100650846958,0.17223414033651352,2.0852619782090187,0.0,0.0,8.627166040241718,1041.453837417066,4306.138044921681,213000,213000,,2.793683898093503,,False,False,ok
BNCI2014_001,resampled_spectral_normalized_power_s1,resampled,spectral,normalized_power,1,1788,427,500,500,1.0,22,253,0.0003003864534184555,0.017331660434547393,4.995543645547849,0.713403948561785,28.6596051438215,28.6596051438215,0.00018008219148170677,2.793683898093503,0.00020163504929475074,8.721941974487497e-05,0.0005851321017826596,4.444323128487651e-05,188.240737610482,5.716247880429664,0.03017952124818757,0.09236224807369398,0.1459989447547685,92739,c568974fef3fdec75829bc1ecc6b80aa364c300bf858c4623ef89aeab0ba9ee6,three_row_sha256,b68e8ef29379dfbeea4b4d06279219a7745ce7622baad5cb7a3a0c5489ed1250,944f93c6fa033d604d9e90219484c40564bfebf4e3306a041f5ec522a76c0b9b,0f2cf9a67445117338a1c28f1312c232b1cbb8285fc218b4057ed38b092a75be,0.22034905850887299,0.22203894332051277,0.22406503558158875,0.5601230077445507,0.13611488975584507,0.761436065658927,0.16908813267946243,2.2932151332497597,0.0,0.0,8.443308062851429,1043.7470525503159,4314.581352984533,213500,213500,,2.793683898093503,,False,False,ok
BNCI2014_001,resampled_spectral_normalized_power_s1,resampled,spectral,normalized_power,1,1788,428,500,500,1.0,22,253,0.00031158105683930454,0.017651658756029264,5.020987248200522,0.7170375003603429,28.296249963965717,28.296249963965717,0.00018970990557935031,2.793683898093503,0.0002039943669062629,9.057654929517325e-05,0.0007575749139682502,6.181837914109615e-05,188.24073761048203,5.716247880429664,0.03017952124818757,0.09236224807369398,0.1459989447547685,93166,175dd7b7e4d5cc5f1ef5b615ca5a70ffa86258f6bbae4f9232f28041117d670a,three_row_sha256,73b3b4d8fdb3a2f9b83af66b154bf34265cadd6f548d9695b62e87d1db7e9b6b,944f93c6fa033d604d9e90219484c40564bfebf4e3306a041f5ec522a76c0b9b,0f2cf9a67445117338a1c28f1312c232b1cbb8285fc218b4057ed38b092a75be,0.27517182752490044,0.23066182620823383,0.24426588788628578,0.7571959868073463,0.15214900486171246,0.6233910098671913,0.2096311654895544,2.4924667086452246,0.0,0.0,9.233466815203428,1046.239519258961,4323.814819799736,214000,214000,,2.793683898093503,,False,False,ok
BNCI2014_001,resampled_spectral_normalized_power_s1,resampled,spectral,normalized_power,1,1788,429,500,500,1.0,22,253,0.00030922755224372457,0.017584867137505605,5.012493555916258,0.7158245325547541,28.41754674452459,28.41754674452459,0.00018494190819520902,2.793683898093503,0.00020365179913089606,9.09539076912517e-05,0.0006908136384099919,5.313046833762711e-05,188.240737610482,5.716247880429664,0.03017952124818757,0.09236224807369398,0.1459989447547685,93594,5e7e464a10b66bd654c3ee69e621f25f03c3cbd72e64e006201e9b9f4ef62152,three_row_sha256,a70b66c6dfdef32ec0dfad5cefc3228eba7993eabf5edf1630794a915772b20d,944f93c6fa033d604d9e90219484c40564bfebf4e3306a041f5ec522a76c0b9b,0f2cf9a67445117338a1c28f1312c232b1cbb8285fc218b4057ed38b092a75be,0.24980492889881134,0.22582802921533585,0.2423629630357027,0.5973828956484795,0.13916403986513615,0.6895619444549084,0.20223506726324558,2.3463398683816195,0.0,0.0,8.526506135240197,1048.5858591273427,4332.341325934976,214500,214500,,2.793683898093503,,False,False,ok
BNCI2014_001,resampled_spectral_normalized_power_s1,resampled,spectral,normalized_power,1,1788,430,500,500,1.0,22,253,0.00031146209182441546,0.017648288637270627,4.995465435699021,0.7133927795641886,28.66072204358114,28.66072204358114,0.00018686412345686717,2.793683898093503,0.00020553040999285273,8.995352271255964e-05,0.0006994752063214508,5.8406137188866444e-05,188.24073761048203,5.716247880429664,0.03017952124818757,0.09236224807369398,0.1459989447547685,94023,ab120a4b14260965acee3442dd61d6cd00bbc0d3b0b369953f83ef8cbc7bbab2,three_row_sha256,7bb700737259140f3d30b52a68db3698c3fae7f0d16021d9e2a4297369a7a68d,944f93c6fa033d604d9e90219484c40564bfebf4e3306a041f5ec522a76c0b9b,0f2cf9a67445117338a1c28f1312c232b1cbb8285fc218b4057ed38b092a75be,0.24074409157037735,0.22447900846600533,0.23249583318829536,0.5936271045356989,0.13649999164044857,0.8492069318890572,0.17688702791929245,2.453939989209175,0.0,0.0,9.00160986930132,1051.0397991165519,4341.342935804278,215000,215000,,2.793683898093503,,False,False,ok
BNCI2014_001,resampled_spectral_normalized_power_s1,resampled,spectral,normalized_power,1,1788,431,500,500,1.0,22,253,0.00030185131805863597,0.017373868828175144,5.00192474442299,0.7143152209791016,28.56847790208984,28.56847790208984,0.00018419053214809792,2.7936838980935024,0.00019852819705886977,8.676253897949483e-05,0.000712723476959241,4.73091990485146e-05,188.240737610482,5.716247880429664,0.03017952124818757,0.09236224807369398,0.1459989447547685,94453,0e48afc9a58880933b82c566f8f4532f4c0c0f17dfebf724ca3292cb36890230,three_row_sha256,9c8767b2e6b0ee1b9f8290c3e853ca056ab660695fbbcd6e4d1bf24a7290e8da,944f93c6fa033d604d9e90219484c40564bfebf4e3306a041f5ec522a76c0b9b,0f2cf9a67445117338a1c28f1312c232b1cbb8285fc218b4057ed38b092a75be,0.2704630605876446,0.22924714721739292,0.2590268850326538,0.6159900221973658,0.14025811105966568,0.9140500333160162,0.19436492584645748,2.6234001852571964,0.0,0.0,8.6981609929353,1053.663199301809,4350.041096797213,215500,215500,,2.793683898093503,,False,False,ok
BNCI2014_001,resampled_spectral_normalized_power_s1,resampled,spectral,normalized_power,1,1788,432,500,500,1.0,22,253,0.00030343332332530916,0.017419337625906136,4.996855976635435,0.7135913600321139,28.640863996788607,28.640863996788607,0.0001789011143175512,2.7936838980935033,0.00020361079700561367,8.823079653267719e-05,0.0005424796951941648,5.236363855773329e-05,188.24073761048203,5.716247880429664,0.03017952124818757,0.09236224807369398,0.1459989447547685,94884,f2ec451909f157bc3bdabee2e520594cce3d92a0648be8b6d00020b0e72c330b,three_row_sha256,2d7d26e147806d08318cba2ff8dd78353c95f53a17e1c433b4ad0b61f570aee1,944f93c6fa033d604d9e90219484c40564bfebf4e3306a041f5ec522a76c0b9b,0f2cf9a67445117338a1c28f1312c232b1cbb8285fc218b4057ed38b092a75be,0.2282408531755209,0.23007788695394993,0.22320100106298923,0.5764428060501814,0.1360031310468912,0.67737209610641,0.1717719715088606,2.2431097459048033,0.0,0.0,9.542663116008043,1055.9063090477139,4359.583759913221,216000,216000,,2.793683898093503,,False,False,ok
BNCI2014_001,resampled_spectral_normalized_power_s1,resampled,spectral,normalized_power,1,1788,433,500,500,1.0,22,253,0.00031743034120353814,0.017816574901016697,5.000560487439846,0.7141203940718249,28.58796059281751,28.58796059281751,0.0001869057629068356,2.793683898093503,0.0002073367001598898,9.577385663325701e-05,0.0006578645010691097,4.664131540854511e-05,188.240737610482,5.716247880429664,0.03017952124818757,0.09236224807369398,0.1459989447547685,95316,53148424f5c2a781f25817f2fa2f85978db7fc3e3a872dc641dac88570c23967,three_row_sha256,f8084b3e4cb23c9bf389650e2798eccf212664c383b442d4471fc15f54056ed5,944f93c6fa033d604d9e90219484c40564bfebf4e3306a041f5ec522a76c0b9b,0f2cf9a67445117338a1c28f1312c232b1cbb8285fc218b4057ed38b092a75be,0.27187797240912914,0.23235613480210304,0.25712698698043823,0.6358048412948847,0.14309491962194443,0.8260731119662523,0.19996403716504574,2.5662980042397976,0.0,0.0,12.185302097350359,1058.4726070519537,4371.769062010571,216500,216500,,2.793683898093503,,False,False,ok
BNCI2014_001,resampled_spectral_normalized_power_s1,resampled,spectral,normalized_power,1,1788,434,500,500,1.0,22,253,0.0003095829719343495,0.017594970074835292,4.999588961795185,0.713981652369178,28.601834763082202,28.601834763082202,0.0001825763110495698,2.793683898093503,0.00020531647541609225,9.129211493735013e-05,0.0006231809578824477,3.283792651418079e-05,188.24073761048203,5.716247880429664,0.03017952124818757,0.09236224807369398,0.1459989447547685,95749,88dcfecdbd59b6850f84d59421afeab08371a43f59375725f26c23f6a50d84b9,three_row_sha256,960b32993c045d2ca835e30f0cc953770f5a07c73ed4960d8c59d8c4fd29bf7e,944f93c6fa033d604d9e90219484c40564bfebf4e3306a041f5ec522a76c0b9b,0f2cf9a67445117338a1c28f1312c232b1cbb8285fc218b4057ed38b092a75be,0.2713028807193041,0.231156125664711,0.2546762116253376,0.6339710671454668,0.14092610217630863,0.786053016781807,0.19551091827452183,2.513596322387457,0.0,0.0,9.21629392541945,1060.9862033743411,4380.985355935991,217000,217000,,2.793683898093503,,False,False,ok
BNCI2014_001,resampled_spectral_normalized_power_s1,resampled,spectral,normalized_power,1,1788,435,500,500,1.0,22,253,0.00030338649655352757,0.017417993470934808,5.007515945311862,0.7151136895891954,28.488631041080453,28.488631041080453,0.00017850344202842625,2.7936838980935033,0.0002021771386432184,8.969916337344614e-05,0.0005494027246744321,4.446386994564105e-05,188.24073761048203,5.716247880429664,0.03017952124818757,0.09236224807369398,0.1459989447547685,96183,84440da6a25f3471e2b1fb3d9821ce06c02fd2055a01912951e24e8496571189,three_row_sha256,f4dbd4a7535d78c6c17ffd4379ecba116bab21404b6c4f6082560d5d88c526b2,944f93c6fa033d604d9e90219484c40564bfebf4e3306a041f5ec522a76c0b9b,0f2cf9a67445117338a1c28f1312c232b1cbb8285fc218b4057ed38b092a75be,0.24916394613683224,0.22586993873119354,0.24239509366452694,0.6087780930101871,0.13649393804371357,0.7367441430687904,0.1781440805643797,2.3775892332196236,0.0,0.0,8.694174932315946,1063.3637926075608,4389.679530868307,217500,217500,,2.793683898093503,,False,False,ok
BNCI2014_001,resampled_spectral_normalized_power_s1,resampled,spectral,normalized_power,1,1788,436,500,500,1.0,22,253,0.00029035181815010626,0.017039712971470684,5.001652183420045,0.7142762970682079,28.5723702931792,28.5723702931792,0.00017846934897922836,2.793683898093503,0.00019871751596563692,7.920494539231297e-05,0.0006730450830268901,4.920434806173141e-05,188.24073761048203,5.716247880429664,0.03017952124818757,0.09236224807369398,0.1459989447547685,96618,a68af723c41014922aa7326e4829a0a4d6a2f8ce502931485768e8e446896663,three_row_sha256,5322deb495dffb76c4d9584a568dec1cbec7b3b94e4edd23441965123e1f27cb,944f93c6fa033d604d9e90219484c40564bfebf4e3306a041f5ec522a76c0b9b,0f2cf9a67445117338a1c28f1312c232b1cbb8285fc218b4057ed38b092a75be,0.24826987646520138,0.22503291256725788,0.23685884661972523,0.5906219594180584,0.13803201727569103,0.6955070421099663,0.18316996283829212,2.3174926172941923,0.0,0.0,9.330973960459232,1065.681285224855,4399.010504828766,218000,218000,,2.793683898093503,,False,False,ok
BNCI2014_001,resampled_spectral_normalized_power_s1,resampled,spectral,normalized_power,1,1788,437,500,500,1.0,22,253,0.0003017177210594129,0.017370023634394195,4.99654583808171,0.7135470697437034,28.64529302562966,28.64529302562966,0.00018190415320066343,2.793683898093503,0.00020100175861768304,8.785000643095694e-05,0.0006088013709246943,4.704690850826154e-05,188.24073761048203,5.716247880429664,0.03017952124818757,0.09236224807369398,0.1459989447547685,97054,8c22c43ad4806a769c306b8229c86ccfa4f6847eafdc2e294fad85cd7a192139,three_row_sha256,19a2d80dd3918aaaead5d92c8f7aa3276af08c33a03c29049fdd0bebb7cc9c00,944f93c6fa033d604d9e90219484c40564bfebf4e3306a041f5ec522a76c0b9b,0f2cf9a67445117338a1c28f1312c232b1cbb8285fc218b4057ed38b092a75be,0.2653289120644331,0.230391975492239,0.25088596157729626,0.6303021218627691,0.14065206050872803,0.9301030077040195,0.20697899162769318,2.6546430308371782,0.0,0.0,9.661860996857285,1068.3359282556921,4408.672365825623,218500,218500,,2.793683898093503,,False,False,ok
BNCI2014_001,resampled_spectral_normalized_power_s1,resampled,spectral,normalized_power,1,1788,438,500,500,1.0,22,253,0.0003123422373847452,0.01767320676574416,4.986249668629629,0.7120766936518597,28.792330634814036,28.792330634814036,0.00018471571651052898,2.793683898093503,0.0002034247316161248,9.396237691008521e-05,0.0006463499725579307,3.700582512336615e-05,188.24073761048203,5.716247880429664,0.03017952124818757,0.09236224807369398,0.1459989447547685,97491,a550f6d24d61d3d03ff70f0165f71b306dbdb7e24ed4d250e2c813290464bffc,three_row_sha256,dc47b38e80cafb079acf3e98e10838d39e0538d0c0e53b9a57030f1085427421,944f93c6fa033d604d9e90219484c40564bfebf4e3306a041f5ec522a76c0b9b,0f2cf9a67445117338a1c28f1312c232b1cbb8285fc218b4057ed38b092a75be,0.2516570966690779,0.22469088435173035,0.24330196902155876,0.6035028491169214,0.1381209585815668,0.70155318826437,0.17618993297219276,2.339016878977418,0.0,0.0,10.480503086000681,1070.6749451346695,4419.152868911624,219000,219000,,2.793683898093503,,False,False,ok
BNCI2014_001,resampled_spectral_normalized_power_s1,resampled,spectral,normalized_power,1,1788,439,500,500,1.0,22,253,0.00030475839459048423,0.017457330683425924,4.991493332132085,0.7128255311184115,28.717446888158854,28.717446888158854,0.00018048490169309426,2.793683898093503,0.00020525427627792614,8.69995967110011e-05,0.0005828986349132304,4.4805217426801216e-05,188.240737610482,5.716247880429664,0.03017952124818757,0.09236224807369398,0.1459989447547685,97929,9f7451919e0415e17889062a94a63e15b8e0d9d000e7624e069e7166e22f70dc,three_row_sha256,81025bd7d9eb0bdcc1b8936c4747d8044daa947f9bfa219192860be66a8410cc,944f93c6fa033d604d9e90219484c40564bfebf4e3306a041f5ec522a76c0b9b,0f2cf9a67445117338a1c28f1312c232b1cbb8285fc218b4057ed38b092a75be,0.29891286976635456,0.2291921991854906,0.254881102591753,0.6776070222258568,0.13894191943109035,0.8262470364570618,0.20147697068750858,2.6272591203451157,0.0,0.0,9.475991828367114,1073.3022042550147,4428.628860739991,219500,219500,,2.793683898093503,,False,False,ok
BNCI2014_001,resampled_spectral_normalized_power_s1,resampled,spectral,normalized_power,1,1788,440,500,500,1.0,22,253,0.00029184464808603046,0.017083461244315524,4.979507539240527,0.7111138631634929,28.888613683650707,28.888613683650707,0.0001741371862606004,2.793683898093503,0.00019937494776847115,8.277413082041599e-05,0.0005414876031740152,5.606555086272303e-05,188.24073761048203,5.716247880429664,0.03017952124818757,0.09236224807369398,0.1459989447547685,98368,4bfdee17a211481ab5a0a8e761fd7eee98421adbc0b8243a37aff8d407d92ecf,three_row_sha256,2d93ce8dd7b16c361932596ebf6452a224e58b914d8fdbc65d7dd4609e53dbfd,944f93c6fa033d604d9e90219484c40564bfebf4e3306a041f5ec522a76c0b9b,0f2cf9a67445117338a1c28f1312c232b1cbb8285fc218b4057ed38b092a75be,0.24552689865231514,0.22412603721022606,0.23521180264651775,0.5916720256209373,0.1409600954502821,0.7587471045553684,0.1819678582251072,2.378211822360754,0.0,0.0,8.37053288705647,1075.6804160773754,4436.9993936270475,220000,220000,,2.793683898093503,,False,False,ok
BNCI2014_001,resampled_spectral_normalized_power_s1,resampled,spectral,normalized_power,1,1788,441,500,500,1.0,22,253,0.0003065362959562989,0.017508177973629892,4.975713597596881,0.7105720576781976,28.942794232180237,28.942794232180237,0.00018425824636947975,2.793683898093503,0.00020277729811719034,9.110739803520098e-05,0.0006967420283397639,5.191015065163037e-05,188.240737610482,5.716247880429664,0.03017952124818757,0.09236224807369398,0.1459989447547685,98808,bf309dd34a42435c660e5888650aa94d994fffb2c8536f31e7d139e8d7a43a88,three_row_sha256,017f6e0f8044aeacf7fb38aa0c5a09e76a70ef266345ad0ce0222c322eb484b1,944f93c6fa033d604d9e90219484c40564bfebf4e3306a041f5ec522a76c0b9b,0f2cf9a67445117338a1c28f1312c232b1cbb8285fc218b4057ed38b092a75be,0.2199381124228239,0.22133998572826385,0.2208759542554617,0.5550580099225044,0.14182087033987045,0.7742689922451973,0.1762709580361843,2.309572882950306,0.0,0.0,8.773979032412171,1077.9899889603257,4445.77337265946,220500,220500,,2.793683898093503,,False,False,ok
BNCI2014_001,resampled_spectral_normalized_power_s1,resampled,spectral,normalized_power,1,1788,442,500,500,1.0,22,253,0.00030799486911558486,0.017549782594539022,4.978948696844418,0.7110340559592534,28.896594404074666,28.896594404074666,0.00018631835849610795,2.793683898093503,0.0002038036078804436,8.928745808992607e-05,0.0007109857233619832,4.274567761886334e-05,188.240737610482,5.716247880429664,0.03017952124818757,0.09236224807369398,0.1459989447547685,99249,21b6c526a3476402b4ba755051c8504893dc18c88d281fa4a02effdfdb2dbae2,three_row_sha256,57531c1965529b8dfd007981ad17c7095b32a8d45c5a522acc6090457e505480,944f93c6fa033d604d9e90219484c40564bfebf4e3306a041f5ec522a76c0b9b,0f2cf9a67445117338a1c28f1312c232b1cbb8285fc218b4057ed38b092a75be,0.2176759298890829,0.22079702466726303,0.22744806483387947,0.5577269475907087,0.13138004578649998,0.7784799672663212,0.16371207311749458,2.29722005315125,0.0,0.0,8.005260024219751,1080.287209013477,4453.7786326836795,221000,221000,,2.793683898093503,,False,False,ok
BNCI2014_001,resampled_spectral_normalized_power_s1,resampled,spectral,normalized_power,1,1788,443,500,500,1.0,22,253,0.0003007994604193368,0.01734357115531103,4.987546896094752,0.7122619482030087,28.773805179699128,28.773805179699128,0.00018000189167557333,2.793683898093503,0.00020199094218716125,8.592082769767151e-05,0.0006344210438620022,5.269097335482553e-05,188.240737610482,5.716247880429664,0.03017952124818757,0.09236224807369398,0.1459989447547685,99691,12338de0c0093480e59a123f73a6a63bad6cdb23bd142917d4e599b5f82fcd20,three_row_sha256,d6445081329fd87080eb36fec58d64835ce9e337b47b7057e4f59eadf98ec70f,944f93c6fa033d604d9e90219484c40564bfebf4e3306a041f5ec522a76c0b9b,0f2cf9a67445117338a1c28f1312c232b1cbb8285fc218b4057ed38b092a75be,0.22160611115396023,0.2276089508086443,0.22379192523658276,0.5577520933002234,0.13500615023076534,0.7105169352144003,0.16972795128822327,2.2460101172327995,0.0,0.0,8.778069168329239,1082.5332191307098,4462.556701852009,221500,221500,,2.793683898093503,,False,False,ok
BNCI2014_001,resampled_spectral_normalized_power_s1,resampled,spectral,normalized_power,1,1788,444,500,500,1.0,22,253,0.00030349103955690736,0.017420994218382238,4.993532018826457,0.7131166720313613,28.68833279686387,28.68833279686387,0.00018167780089861982,2.793683898093503,0.00019993835221974643,9.020648040432312e-05,0.0005867714366756975,4.627494034044684e-05,188.24073761048203,5.716247880429664,0.03017952124818757,0.09236224807369398,0.1459989447547685,100134,97d08c0a0acebee1f2e17e935d8bc0e2bdac41a16ace68c0506b74a9693345e4,three_row_sha256,a11b97a7161eb9577a69874a0b5ac96e93beb0709c24506943858afd14e33116,944f93c6fa033d604d9e90219484c40564bfebf4e3306a041f5ec522a76c0b9b,0f2cf9a67445117338a1c28f1312c232b1cbb8285fc218b4057ed38b092a75be,0.24651107378304005,0.22607902064919472,0.2396858762949705,0.5949342157691717,0.1373381819576025,0.8971909992396832,0.18158392049372196,2.5233232881873846,0.0,0.0,11.124958982691169,1085.0565424188972,4473.6816608347,222000,222000,,2.793683898093503,,False,False,ok
BNCI2014_001,resampled_spectral_normalized_power_s1,resampled,spectral,normalized_power,1,1788,445,500,500,1.0,22,253,0.0003163265439082113,0.017785571228054815,4.988218171004506,0.7123578116775708,28.764218832242914,28.764218832242914,0.00019258160713062173,2.793683898093503,0.0002002064471829088,9.699413117842454e-05,0.0008497700273666729,4.927932398698253e-05,188.24073761048206,5.716247880429664,0.03017952124818757,0.09236224807369398,0.1459989447547685,100578,fc983669a007ce9095d5669a118e809d2bd434dedd713aa35665699f63acb575,three_row_sha256,99d8355b191c58b9b049b516a18e472e33c3a3b37c461b301e5b51dce8b4dcc5,944f93c6fa033d604d9e90219484c40564bfebf4e3306a041f5ec522a76c0b9b,0f2cf9a67445117338a1c28f1312c232b1cbb8285fc218b4057ed38b092a75be,0.26419200003147125,0.22611115127801895,0.24442491121590137,0.6017170380800962,0.13899500481784344,0.6939771119505167,0.18286309204995632,2.3522803094238043,0.0,0.0,8.308683056384325,1087.408822728321,4481.990343891084,222500,222500,,2.793683898093503,,False,False,ok
BNCI2014_001,resampled_spectral_normalized_power_s1,resampled,spectral,normalized_power,1,1788,446,500,500,1.0,22,253,0.0003027357628576603,0.017399303516453187,4.98238850219713,0.711525287924186,28.8474712075814,28.8474712075814,0.00018569736392316344,2.793683898093503,0.00019770660780603564,8.908775835583971e-05,0.000755795354707723,5.714328367785102e-05,188.24073761048203,5.716247880429664,0.03017952124818757,0.09236224807369398,0.1459989447547685,101023,e8c430b8e323c5991c5fd04f60fffad21e6ad13e3df74a75d679896b5761ff29,three_row_sha256,c09818917160709e71b15997b8a0e7af9b37a76e224aeca2b10a1fd9ea8a57fa,944f93c6fa033d604d9e90219484c40564bfebf4e3306a041f5ec522a76c0b9b,0f2cf9a67445117338a1c28f1312c232b1cbb8285fc218b4057ed38b092a75be,0.2417461946606636,0.22358004935085773,0.23647397756576538,0.5942659918218851,0.138936098664999,0.6552338600158691,0.17661717720329762,2.2668533492833376,0.0,0.0,8.605820126831532,1089.6756760776043,4490.596164017916,223000,223000,,2.793683898093503,,False,False,ok
BNCI2014_001,resampled_spectral_normalized_power_s1,resampled,spectral,normalized_power,1,1788,447,500,500,1.0,22,253,0.00030137045475064905,0.017360024618376813,4.995715338198062,0.7134284676578618,28.657153234213816,28.657153234213816,0.0001798546069611571,2.793683898093503,0.00020364944953672222,8.55851815648955e-05,0.0005879832150648618,4.544083212500063e-05,188.24073761048206,5.716247880429665,0.03017952124818757,0.09236224807369398,0.1459989447547685,101469,f1a01db7647adb42f69e21a10a9d9ac92103ad49c1578663423c603d8b9ff56b,three_row_sha256,e1ce43820a15333dc08ed15c938c310aff99c256937dac339b3fb4aa01232dde,944f93c6fa033d604d9e90219484c40564bfebf4e3306a041f5ec522a76c0b9b,0f2cf9a67445117338a1c28f1312c232b1cbb8285fc218b4057ed38b092a75be,0.21574296988546848,0.22070412524044514,0.21940097212791443,0.5650499369949102,0.13304897584021091,0.616501085460186,0.16920408234000206,2.1396521478891373,0.0,0.0,8.399534970521927,1091.8153282254934,4498.995698988438,223500,223500,,2.793683898093503,,False,False,ok
BNCI2014_001,resampled_spectral_normalized_power_s1,resampled,spectral,normalized_power,1,1788,448,500,500,1.0,22,253,0.0003038718705352816,0.017431921022517328,4.990391952653509,0.7126682452403107,28.733175475968935,28.733175475968935,0.00018037460689076994,2.7936838980935033,0.0002028987329052112,8.878655534766944e-05,0.0005656535049863643,3.433264465633246e-05,188.24073761048203,5.716247880429665,0.03017952124818757,0.09236224807369398,0.1459989447547685,101916,dbf12f6523cc11bef47f497a865226593fc1681002c50d3ca159150de197818c,three_row_sha256,88537bf1dbc1ce5b1f1279f866c578e38a6de5d40a8181e9430b00af7603f98b,944f93c6fa033d604d9e90219484c40564bfebf4e3306a041f5ec522a76c0b9b,0f2cf9a67445117338a1c28f1312c232b1cbb8285fc218b4057ed38b092a75be,0.21139299497008324,0.22180983796715736,0.22221310064196587,0.5450830794870853,0.13156887143850327,0.7404668722301722,0.16822805628180504,2.2407628130167723,0.0,0.0,8.436470991000533,1094.0560910385102,4507.432169979438,224000,224000,,2.793683898093503,,False,False,ok
BNCI2014_001,resampled_spectral_normalized_power_s1,resampled,spectral,normalized_power,1,1788,449,500,500,1.0,22,253,0.0002888832943961666,0.016996567135635555,4.986895380654579,0.7121689065401693,28.78310934598307,28.78310934598307,0.00017549408989606444,2.793683898093503,0.00019605702707170807,8.196958577032611e-05,0.0005697566666264086,5.590725587481084e-05,188.240737610482,5.716247880429664,0.03017952124818757,0.09236224807369398,0.1459989447547685,102364,e96fd2568e505c36a10c03fde6c146363e4fba28cdb0db5d1f236b28d110edf0,three_row_sha256,7dfb1b8e15ab42a91b328bc77cdcacfa7f148b0934b3df6a02eaf68486786dd0,944f93c6fa033d604d9e90219484c40564bfebf4e3306a041f5ec522a76c0b9b,0f2cf9a67445117338a1c28f1312c232b1cbb8285fc218b4057ed38b092a75be,0.23591495119035244,0.2242510672658682,0.23310608230531216,0.5737910978496075,0.1450791023671627,0.8532509673386812,0.2018518280237913,2.4672450963407755,0.0,0.0,9.363799123093486,1096.523336134851,4516.795969102532,224500,224500,,2.793683898093503,,False,False,ok
BNCI2014_001,resampled_spectral_normalized_power_s1,resampled,spectral,normalized_power,1,1788,450,500,500,1.0,22,253,0.00030116815218406774,0.017354196961659383,4.97679323791186,0.7107262390282932,28.92737609717067,28.92737609717067,0.00017577809276557443,2.793683898093503,0.00020555032120138806,8.749375721872022e-05,0.0004807779327154633,5.883304255767659e-05,188.24073761048203,5.716247880429664,0.03017952124818757,0.09236224807369398,0.1459989447547685,102813,e2c8032ae9c51a82ed41f554232c7730717a24e72b77f360998106596021b285,three_row_sha256,89b7aa03e19ef4ebc0dfa5abcbcc253f4d97b1c0b74015434bee6ee4b2c73d8f,944f93c6fa033d604d9e90219484c40564bfebf4e3306a041f5ec522a76c0b9b,0f2cf9a67445117338a1c28f1312c232b1cbb8285fc218b4057ed38b092a75be,0.2824082039296627,0.2280748449265957,0.25189598090946674,0.6969689857214689,0.15807803720235825,0.7092920131981373,0.21286006085574627,2.539578126743436,0.0,0.0,8.382929023355246,1099.0629142615944,4525.178898125887,225000,225000,,2.793683898093503,,False,False,ok
BNCI2014_001,resampled_spectral_normalized_power_s1,resampled,spectral,normalized_power,1,1788,451,500,500,1.0,22,253,0.00029831649364888085,0.017271841061359986,4.985590177228395,0.7119825129574117,28.801748704258838,28.801748704258838,0.00017840967439574764,2.793683898093503,0.00019929509199202578,8.695920541334815e-05,0.000586052888772586,3.306924008694976e-05,188.24073761048203,5.716247880429664,0.03017952124818757,0.09236224807369398,0.1459989447547685,103263,580d859870e32bf33b89351284bc12dc9c81724597eea6fb854f6fb3e6dfe484,three_row_sha256,6af533dfbb73e9b06c2b183fec05616c4278144515ab5db9bcb4194bd1f77dbd,944f93c6fa033d604d9e90219484c40564bfebf4e3306a041f5ec522a76c0b9b,0f2cf9a67445117338a1c28f1312c232b1cbb8285fc218b4057ed38b092a75be,0.2425189595669508,0.22382382303476334,0.23245788179337978,0.5823220126330853,0.13302289880812168,0.5993021186441183,0.17186207696795464,2.185309771448374,0.0,0.0,8.99902218952775,1101.2482240330428,4534.177920315415,225500,225500,,2.793683898093503,,False,False,ok
BNCI2014_001,resampled_spectral_normalized_power_s1,resampled,spectral,normalized_power,1,1788,452,500,500,1.0,22,253,0.0003116486132070302,0.017653572250596484,4.991231476622425,0.7127881360383564,28.721186396164363,28.721186396164363,0.00018685124724609345,2.793683898093503,0.0002067630660634197,8.98817826484057e-05,0.0007129850184407931,5.492265221440504e-05,188.240737610482,5.716247880429665,0.03017952124818757,0.09236224807369398,0.1459989447547685,103714,f4fc35e2a708daefa0c7327581e587bc5d9c19faa4488e844e461c09e679b52e,three_row_sha256,fe6c5e2ee785bb4d50956d8da0652f2ef837ab92abd1adcb2588a77253d9a95e,944f93c6fa033d604d9e90219484c40564bfebf4e3306a041f5ec522a76c0b9b,0f2cf9a67445117338a1c28f1312c232b1cbb8285fc218b4057ed38b092a75be,0.2567840274423361,0.22719311527907848,0.24193711578845978,0.6110230460762978,0.16083591617643833,0.654138159006834,0.19941991195082664,2.351331291720271,0.0,0.0,9.096744004637003,1103.599555324763,4543.274664320052,226000,226000,,2.793683898093503,,False,False,ok
BNCI2014_001,resampled_spectral_normalized_power_s1,resampled,spectral,normalized_power,1,1788,453,500,500,1.0,22,253,0.00031084964413516673,0.017630928623732976,4.984551667529547,0.7118342053912395,28.81657946087605,28.81657946087605,0.0001858585212583129,2.793683898093503,0.00020239179129552477,9.300410814145166e-05,0.0006450457325364303,5.57891842618562e-05,188.24073761048203,5.716247880429664,0.03017952124818757,0.09236224807369398,0.1459989447547685,104166,6816994876a2fbd89955c4cccd25826e8122ef41fc11ed7ec80999f51e16ef17,three_row_sha256,a7964031cc5f236888af4e11453ce9befbfacfce27f506c8776e1d4ac017b60d,944f93c6fa033d604d9e90219484c40564bfebf4e3306a041f5ec522a76c0b9b,0f2cf9a67445117338a1c28f1312c232b1cbb8285fc218b4057ed38b092a75be,0.28915307484567165,0.2278890460729599,0.24553993716835976,0.5888689775019884,0.13743992894887924,0.6310539320111275,0.17162715084850788,2.2915720473974943,0.0,0.0,8.236536057665944,1105.8911273721606,4551.511200377718,226500,226500,,2.793683898093503,,False,False,ok
BNCI2014_001,resampled_spectral_normalized_power_s1,resampled,spectral,normalized_power,1,1788,454,500,500,1.0,22,253,0.00031555866153472974,0.01776397088307481,5.000047057984715,0.7140470722020571,28.59529277979429,28.59529277979429,0.0001941756400939871,2.7936838980935024,0.0001999164548035475,9.537320213231323e-05,0.0008385881440946386,6.051813151679011e-05,188.24073761048203,5.716247880429664,0.03017952124818757,0.09236224807369398,0.1459989447547685,104619,fff1f173e0f5f2c34391b79c9d5b7a383cb89d3ec1a3d36654885c9fcff27a0c,three_row_sha256,4d2b8611cc5733ffbde6ba3dc35c887f8b6015df9859899feacb205b1e70c0bf,944f93c6fa033d604d9e90219484c40564bfebf4e3306a041f5ec522a76c0b9b,0f2cf9a67445117338a1c28f1312c232b1cbb8285fc218b4057ed38b092a75be,0.25397399440407753,0.22577610798180103,0.23971102200448513,0.6041498854756355,0.13925903476774693,0.7900870405137539,0.18074596300721169,2.4337030481547117,0.0,0.0,8.684766013175249,1108.3248304203153,4560.195966390893,227000,227000,,2.793683898093503,,False,False,ok
BNCI2014_001,resampled_spectral_normalized_power_s1,resampled,spectral,normalized_power,1,1788,455,500,500,1.0,22,253,0.0002933364679715369,0.01712706828302897,4.985196099070924,0.711926235416161,28.8073764583839,28.8073764583839,0.00017699330355121,2.793683898093503,0.0001962871811870272,8.528262053414603e-05,0.0005555199555461157,4.96267857870968e-05,188.240737610482,5.716247880429664,0.03017952124818757,0.09236224807369398,0.1459989447547685,105073,1c1c55a707027fca8b465449e85adb51cbf3b3d8842deb38bd879ce09b2c876b,three_row_sha256,318e4778331ffdc30739659fb525550e3d7c46fd1a4906b7baaa5b51e3e0de5c,944f93c6fa033d604d9e90219484c40564bfebf4e3306a041f5ec522a76c0b9b,0f2cf9a67445117338a1c28f1312c232b1cbb8285fc218b4057ed38b092a75be,0.24821492843329906,0.22573000751435757,0.23529515601694584,0.5859730299562216,0.14639110304415226,0.7857400923967361,0.186525983735919,2.4138703010976315,0.0,0.0,11.100615141913295,1110.738700721413,4571.296581532806,227500,227500,,2.793683898093503,,False,False,ok
BNCI2014_001,resampled_spectral_normalized_power_s1,resampled,spectral,normalized_power,1,1788,456,500,500,1.0,22,253,0.0002930766139883956,0.01711948054084573,4.976299449069814,0.7106557219965814,28.934427800341858,28.934427800341858,0.00017923010988340525,2.793683898093503,0.00019965542727550184,8.272655740522496e-05,0.00071655915576557,4.880832884858004e-05,188.24073761048206,5.716247880429664,0.03017952124818757,0.09236224807369398,0.1459989447547685,105528,d9012638ba8cd42e1d1dfe3a60b34ddc341b421266eecd7507c62b1a9b216e4f,three_row_sha256,6ee6ae442eda2da138b7b1ea4a2e4281713b09f20350150476f6ef05a31e9e7a,944f93c6fa033d604d9e90219484c40564bfebf4e3306a041f5ec522a76c0b9b,0f2cf9a67445117338a1c28f1312c232b1cbb8285fc218b4057ed38b092a75be,0.2554480452090502,0.23399386554956436,0.24548498913645744,0.6032311357557774,0.13949908316135406,0.6950041279196739,0.18423818983137608,2.3568994365632534,0.0,0.0,8.38967110030353,1113.0956001579762,4579.68625263311,228000,228000,,2.793683898093503,,False,False,ok
BNCI2014_001,resampled_spectral_normalized_power_s1,resampled,spectral,normalized_power,1,1788,457,500,500,1.0,22,253,0.0002975239160238467,0.0172488815876232,4.981151222804432,0.7113485944415834,28.865140555841656,28.865140555841656,0.0001751330880929409,2.793683898093503,0.000201718699873103,8.681296826948615e-05,0.000526985805895979,3.9849411070694706e-05,188.24073761048206,5.716247880429664,0.03017952124818757,0.09236224807369398,0.1459989447547685,105984,e487fbcb5c5415d567a46cb705ee4c755456540ab672708caa2b228d6d237f5a,three_row_sha256,3dfd9e63cd527cde7a06bdeec5a852de1ba5e930cccdb0d7769ef7cb13b8a2b8,944f93c6fa033d604d9e90219484c40564bfebf4e3306a041f5ec522a76c0b9b,0f2cf9a67445117338a1c28f1312c232b1cbb8285fc218b4057ed38b092a75be,0.22353394888341427,0.2206240314990282,0.22063101641833782,0.5654408596456051,0.13189599849283695,0.6367319729179144,0.16506994143128395,2.1639277692884207,0.0,0.0,8.481194032356143,1115.2595279272646,4588.167446665466,228500,228500,,2.793683898093503,,False,False,ok
BNCI2014_001,resampled_spectral_normalized_power_s1,resampled,spectral,normalized_power,1,1788,458,500,500,1.0,22,253,0.0002913697136876052,0.017069555169587906,4.981426783319945,0.711387946707079,28.861205329292098,28.861205329292098,0.00017303652087312632,2.793683898093503,0.0001984112238786466,8.460007688924513e-05,0.0004947993268796246,4.284415682748924e-05,188.24073761048203,5.716247880429664,0.03017952124818757,0.09236224807369398,0.1459989447547685,106441,63c652d325e1d67f3ecc0ba81fcb61b93553672bcd5b35def9b3c2d3f11fd6a5,three_row_sha256,7b3edeb823b02cfde2a0ed517d9fd148d01baeafd629efdf0d42cace4cd8a134,944f93c6fa033d604d9e90219484c40564bfebf4e3306a041f5ec522a76c0b9b,0f2cf9a67445117338a1c28f1312c232b1cbb8285fc218b4057ed38b092a75be,0.2250918187201023,0.22330088540911674,0.22324500605463982,0.5777261685580015,0.1336471177637577,0.6787779275327921,0.2200850285589695,2.2818739525973797,0.0,0.0,8.532633073627949,1117.541401879862,4596.700079739094,229000,229000,,2.793683898093503,,False,False,ok
BNCI2014_001,resampled_spectral_normalized_power_s1,resampled,spectral,normalized_power,1,1788,459,500,500,1.0,22,253,0.0003046971889983761,0.017455577589938872,4.966934319729273,0.7093183059465208,29.06816940534792,29.06816940534792,0.00017918451427924447,2.793683898093503,0.00020733662650786378,8.690071214522918e-05,0.0006026273484377494,3.1701495857229626e-05,188.240737610482,5.716247880429664,0.03017952124818757,0.09236224807369398,0.1459989447547685,106899,e52c23edcce53854593039604aafcf23fc50dc0a0c5a8d4bcc004724f71a7bf8,three_row_sha256,274c5524e076b003a0016e49b2bb746fed4705c3e590fb50fc4239bcf7db3f04,944f93c6fa033d604d9e90219484c40564bfebf4e3306a041f5ec522a76c0b9b,0f2cf9a67445117338a1c28f1312c232b1cbb8285fc218b4057ed38b092a75be,0.22765598259866238,0.22354093380272388,0.22625108249485493,0.5701771005988121,0.13627205044031143,0.7531531155109406,0.170478830114007,2.3075290955603123,0.0,0.0,8.087720023468137,1119.8489309754223,4604.787799762562,229500,229500,,2.793683898093503,,False,False,ok
BNCI2014_001,resampled_spectral_normalized_power_s1,resampled,spectral,normalized_power,1,1788,460,500,500,1.0,22,253,0.00029571623314743177,0.017196401750000836,4.981696593489951,0.7114264777768288,28.85735222231713,28.85735222231713,0.00017933034664158266,2.793683898093503,0.0001978411807097407,8.537804200567628e-05,0.0006043040579264362,5.4689712914139755e-05,188.24073761048203,5.716247880429664,0.03017952124818757,0.09236224807369398,0.1459989447547685,107358,b5c537dc00242151f613a79c22308d58d04cfe53ada35df0b63669382bc42549,three_row_sha256,d09382a66816f5809c12243623d6542d1994757a8121352eef0877e481cc9678,944f93c6fa033d604d9e90219484c40564bfebf4e3306a041f5ec522a76c0b9b,0f2cf9a67445117338a1c28f1312c232b1cbb8285fc218b4057ed38b092a75be,0.2322730142623186,0.22172508761286736,0.22439495660364628,0.5809089634567499,0.1359269954264164,0.6480722222477198,0.1668110489845276,2.210112288594246,0.0,0.0,10.955983074381948,1122.0590432640165,4615.743782836944,230000,230000,,2.793683898093503,,False,False,ok
BNCI2014_001,resampled_spectral_normalized_power_s1,resampled,spectral,normalized_power,1,1788,461,500,500,1.0,22,253,0.00030727389962620605,0.017529229864035843,4.964198739198981,0.7089276429695976,29.107235703040228,29.107235703040228,0.00018509946019450212,2.793683898093503,0.00020187758850804968,8.965132917175138e-05,0.0006604584468409564,4.667802327250173e-05,188.240737610482,5.716247880429664,0.03017952124818757,0.09236224807369398,0.1459989447547685,107818,bb9046af42c72fcee287d8eb47ff063e7dc5a94e2494f4af1f7cb7dba71af391,three_row_sha256,30e5a81d40ed17c545a179eb425043ff5f8816db33a1c3e0219cefc93fabdac3,944f93c6fa033d604d9e90219484c40564bfebf4e3306a041f5ec522a76c0b9b,0f2cf9a67445117338a1c28f1312c232b1cbb8285fc218b4057ed38b092a75be,0.2922799903899431,0.229742843657732,0.2563619054853916,0.7001860067248344,0.15706801787018776,0.6644199602305889,0.18831412307918072,2.4883728474378586,0.0,0.0,8.903050096705556,1124.5474161114544,4624.646832933649,230500,230500,,2.793683898093503,,False,False,ok
BNCI2014_001,resampled_spectral_normalized_power_s1,resampled,spectral,normalized_power,1,1788,462,500,500,1.0,22,253,0.0002974198383726759,0.01724586438461917,4.976328124392844,0.7106598170641311,28.93401829358689,28.93401829358689,0.00018114672553128878,2.793683898093503,0.00019586316602345055,8.830265437894781e-05,0.000655585989496421,4.208599697159492e-05,188.24073761048203,5.716247880429664,0.03017952124818757,0.09236224807369398,0.1459989447547685,108279,ca01d1367fb3e939f895bbc139f00a2f801b9b089a5cf8eddf2325ac81ef4c91,three_row_sha256,cc4c69d45db37bce4139be37f23bd0cdc8cf5a6ad76ef0d3e08c5a080102da12,944f93c6fa033d604d9e90219484c40564bfebf4e3306a041f5ec522a76c0b9b,0f2cf9a67445117338a1c28f1312c232b1cbb8285fc218b4057ed38b092a75be,0.22396608255803585,0.22359006106853485,0.22694002836942673,0.5705039948225021,0.13522105291485786,0.9341519325971603,0.16885902732610703,2.483232179656625,0.0,0.0,8.491405984386802,1127.030648291111,4633.138238918036,231000,231000,,2.793683898093503,,False,False,ok
BNCI2014_001,resampled_spectral_normalized_power_s1,resampled,spectral,normalized_power,1,1788,463,500,500,1.0,22,253,0.0003126017889492293,0.017680548321509414,4.9781788126305155,0.7109241102802435,28.907588971975652,28.907588971975652,0.00018329283154337972,2.793683898093503,0.00020562207872896156,9.314998009677244e-05,0.0005930662867359042,5.223956646715655e-05,188.24073761048206,5.716247880429664,0.03017952124818757,0.09236224807369398,0.1459989447547685,108741,0a6aa4b50a322059c2ab3267e123a39a4b46f8e14ab0848a51acd65a7f6f1ff7,three_row_sha256,27a55b30ab9f4e95b88d447b21c025f25e7e3deabcb2240a9036e36d80a42804,944f93c6fa033d604d9e90219484c40564bfebf4e3306a041f5ec522a76c0b9b,0f2cf9a67445117338a1c28f1312c232b1cbb8285fc218b4057ed38b092a75be,0.21719210781157017,0.22242381237447262,0.22338703274726868,0.5426290445029736,0.1310049556195736,0.6932970136404037,0.16063591465353966,2.190569881349802,0.0,0.0,9.240956977009773,1129.2212181724608,4642.379195895046,231500,231500,,2.793683898093503,,False,False,ok
BNCI2014_001,resampled_spectral_normalized_power_s1,resampled,spectral,normalized_power,1,1788,464,500,500,1.0,22,253,0.00030583846969473667,0.01748823803860002,4.977328178506237,0.7108026328623488,28.919736713765122,28.919736713765122,0.00018674117099503406,2.7936838980935024,0.0001981980125086169,9.173760518100251e-05,0.0007516342608127945,5.5469685937271596e-05,188.240737610482,5.716247880429664,0.03017952124818757,0.09236224807369398,0.1459989447547685,109204,c4af8bce1dcdb39c1a28d3641be569714a5bd5d71ebe7c43e8ff1154362c11ba,three_row_sha256,169294321a53bd25e7f78d977fb5a2a03c928bda815cea0669c7a24384ad0b0e,944f93c6fa033d604d9e90219484c40564bfebf4e3306a041f5ec522a76c0b9b,0f2cf9a67445117338a1c28f1312c232b1cbb8285fc218b4057ed38b092a75be,0.23453496396541595,0.22210017777979374,0.23101083934307098,0.5671039689332247,0.13408390805125237,0.9355898946523666,0.17475802451372147,2.499181777238846,0.0,0.0,8.397019933909178,1131.7203999496996,4650.776215828955,232000,232000,,2.793683898093503,,False,False,ok
BNCI2014_001,resampled_spectral_normalized_power_s1,resampled,spectral,normalized_power,1,1788,465,500,500,1.0,22,253,0.00030652729907594653,0.017507921038088632,4.975577302356063,0.7105525936178533,28.944740638214668,28.944740638214668,0.00018093341078862115,2.793683898093503,0.00020450822349702376,8.946848097847038e-05,0.0005920705007137846,5.164197104478293e-05,188.24073761048203,5.716247880429664,0.03017952124818757,0.09236224807369398,0.1459989447547685,109668,56f033cee6ea7df496559d795d3a143dcdb24805a1f4fa65362fbf4c1c306437,three_row_sha256,d2d0a39b175883a4444b648bddd703f7491f910613e0f23e27e86e848e87a29f,944f93c6fa033d604d9e90219484c40564bfebf4e3306a041f5ec522a76c0b9b,0f2cf9a67445117338a1c28f1312c232b1cbb8285fc218b4057ed38b092a75be,0.21689594723284245,0.22647506557404995,0.22230716422200203,0.5535550881177187,0.13112183660268784,0.8769540581852198,0.16711698845028877,2.3944261483848095,0.0,0.0,8.438254008069634,1134.1148260980844,4659.214469837025,232500,232500,,2.793683898093503,,False,False,ok
BNCI2014_001,resampled_spectral_normalized_power_s1,resampled,spectral,normalized_power,1,1788,466,500,500,1.0,22,253,0.00029196612473572354,0.017087016261937704,4.967318101224694,0.7093731130413327,29.06268869586673,29.06268869586673,0.00017617918987851167,2.793683898093503,0.00019874613158003696,8.347563311619896e-05,0.000565356505931142,5.082147590921417e-05,188.24073761048203,5.716247880429664,0.03017952124818757,0.09236224807369398,0.1459989447547685,110133,2c8baf9549a868f36b684c6dfb95d62ea10ac03646158f9d34a2e44014af55da,three_row_sha256,04dd1d324b2de3e09252c33c496dbe8a82c2306ebcc3a53bffcc633be1c13546,944f93c6fa033d604d9e90219484c40564bfebf4e3306a041f5ec522a76c0b9b,0f2cf9a67445117338a1c28f1312c232b1cbb8285fc218b4057ed38b092a75be,0.24474598467350006,0.2340350765734911,0.23964699357748032,0.5967740435153246,0.15194504521787167,0.9946390055119991,0.19833608530461788,2.6601222343742847,0.0,0.0,10.31823200173676,1136.7749483324587,4669.532701838762,233000,233000,,2.793683898093503,,False,False,ok
BNCI2014_001,resampled_spectral_normalized_power_s1,resampled,spectral,normalized_power,1,1788,467,500,500,1.0,22,253,0.000304829491011717,0.01745936685598069,4.973039499594575,0.7101901749024587,28.980982509754124,28.980982509754124,0.00018236484224305627,2.793683898093503,0.0002027056225075759,8.838295521687269e-05,0.0006278347896992001,5.741095273893209e-05,188.240737610482,5.716247880429664,0.03017952124818757,0.09236224807369398,0.1459989447547685,110599,162fdcaa49d4b24a4b55b30f5e3d2d79d69253c6e31fafc7cc45a9cdde4eeaed,three_row_sha256,6c59c7f4b49891854644b7d8fe75c8baaf2a3cc7daf32d7462188aa911023f26,944f93c6fa033d604d9e90219484c40564bfebf4e3306a041f5ec522a76c0b9b,0f2cf9a67445117338a1c28f1312c232b1cbb8285fc218b4057ed38b092a75be,0.2676951698958874,0.2242398913949728,0.23701507598161697,0.6787318270653486,0.15207193791866302,0.8209981024265289,0.2662460319697857,2.6469980366528034,0.0,0.0,11.757373111322522,1139.4219463691115,4681.290074950084,233500,233500,,2.793683898093503,,False,False,ok
BNCI2014_001,resampled_spectral_normalized_power_s1,resampled,spectral,normalized_power,1,1788,468,500,500,1.0,22,253,0.00028874568766016457,0.01699251857907369,4.964271357302224,0.7089380134207972,29.106198657920284,29.106198657920284,0.00017419210020225875,2.793683898093503,0.0001959587964856552,8.30081067771315e-05,0.0005458507175907036,4.982553949924119e-05,188.24073761048203,5.716247880429664,0.03017952124818757,0.09236224807369398,0.1459989447547685,111066,16515ce9338921e13ba59a1eb39b4b737658da9b083ee30c06b08c07783233d0,three_row_sha256,bdcf9171c610be156d34289f843e021fe5d292e592c39c9ce55bf982ef382746,944f93c6fa033d604d9e90219484c40564bfebf4e3306a041f5ec522a76c0b9b,0f2cf9a67445117338a1c28f1312c232b1cbb8285fc218b4057ed38b092a75be,0.26754802092909813,0.2279470209032297,0.23578410036861897,0.6935540586709976,0.15528802759945393,0.6330418400466442,0.19956892356276512,2.4127319920808077,0.0,0.0,10.714519070461392,1141.8346783611923,4692.0045940205455,234000,234000,,2.793683898093503,,False,False,ok
BNCI2014_001,resampled_spectral_normalized_power_s1,resampled,spectral,normalized_power,1,1788,469,500,500,1.0,22,253,0.0003113209486051817,0.01764428940493727,4.969614220395924,0.7097010173895578,29.029898261044217,29.029898261044217,0.00018769639325417806,2.793683898093503,0.00020264717908138958,9.198153548895111e-05,0.0007021696459099897,6.388538281012107e-05,188.240737610482,5.716247880429664,0.03017952124818757,0.09236224807369398,0.1459989447547685,111534,ce5c1fc089f56750b51c25cc0479bfaba03031cf08e5e532fcd588642ff6e3fb,three_row_sha256,731b1690562c47d25d3e9253ca3f74ebc5572c4cdfbbbca961749ecba22a4d63,944f93c6fa033d604d9e90219484c40564bfebf4e3306a041f5ec522a76c0b9b,0f2cf9a67445117338a1c28f1312c232b1cbb8285fc218b4057ed38b092a75be,0.293864868581295,0.22959290072321892,0.24970085360109806,0.9414460510015488,0.16924692317843437,0.6381270941346884,0.21629617549479008,2.7382748667150736,0.0,0.0,9.932336863130331,1144.5729532279074,4701.936930883676,234500,234500,,2.793683898093503,,False,False,ok
BNCI2014_001,resampled_spectral_normalized_power_s1,resampled,spectral,normalized_power,1,1788,470,500,500,1.0,22,253,0.0003068719153533014,0.01751775999816476,4.971883682917235,0.7100251149530451,28.99748850469549,28.99748850469549,0.00018115482193433496,2.793683898093503,0.00020092807460515277,9.259290794259097e-05,0.0005620398620478774,5.037112896316852e-05,188.24073761048203,5.716247880429664,0.03017952124818757,0.09236224807369398,0.1459989447547685,112003,6bccde65e3556bec330ed1d6640f376124cdbad50f17526476bd0d7f0da4f558,three_row_sha256,c397202f0f62b27015fedabb3a0d668604f6e927b8359883169283a89d52420c,944f93c6fa033d604d9e90219484c40564bfebf4e3306a041f5ec522a76c0b9b,0f2cf9a67445117338a1c28f1312c232b1cbb8285fc218b4057ed38b092a75be,0.24209404364228249,0.22563012316823006,0.23014890030026436,0.5937679670751095,0.1445738598704338,0.7550609298050404,0.252382131293416,2.4436579551547766,0.0,0.0,9.067017817869782,1147.0166111830622,4711.003948701546,235000,235000,,2.793683898093503,,False,False,ok
BNCI2014_001,resampled_spectral_normalized_power_s1,resampled,spectral,normalized_power,1,1788,471,500,500,1.0,22,253,0.0002932834816408076,0.01712552135383935,4.979717117910361,0.7111437926889266,28.88562073110734,28.88562073110734,0.00018102159904399641,2.7936838980935033,0.000194452394626766,8.476419395756175e-05,0.0006115789546551152,4.2283830813742633e-05,188.24073761048203,5.716247880429664,0.03017952124818757,0.09236224807369398,0.1459989447547685,112473,29ddff6151d0fbb7478acf3869d7bcc4519961a4ef5eb925203e68693f635cfb,three_row_sha256,7f9522b53e094d71aaa5f4abbb946c72ba0b1d0d1eaea523eacbbd34fbbe8498,944f93c6fa033d604d9e90219484c40564bfebf4e3306a041f5ec522a76c0b9b,0f2cf9a67445117338a1c28f1312c232b1cbb8285fc218b4057ed38b092a75be,0.25847298093140125,0.24297996424138546,0.2521080896258354,0.6282608956098557,0.15481491573154926,0.6222908850759268,0.20109210163354874,2.3600198328495026,0.0,0.0,10.379309998825192,1149.3766310159117,4721.383258700371,235500,235500,,2.793683898093503,,False,False,ok
BNCI2014_001,resampled_spectral_normalized_power_s1,resampled,spectral,normalized_power,1,1788,472,500,500,1.0,22,253,0.0002863702872534616,0.016922478756182902,4.975375632822314,0.7105237935808825,28.94762064191175,28.94762064191175,0.00017294887680528685,2.7936838980935033,0.0001943294256084582,8.247604091182056e-05,0.0005287508561118124,4.261164134003597e-05,188.24073761048203,5.716247880429664,0.03017952124818757,0.09236224807369398,0.1459989447547685,112944,92a54810b828a67515a7afcc02fcf1601180d8494ecf9ed42e4a8868a20cf57f,three_row_sha256,5d7fefa9eca40a901f0494d14ebf77a95de625878f576c54bb3f1f69ce64fb9c,944f93c6fa033d604d9e90219484c40564bfebf4e3306a041f5ec522a76c0b9b,0f2cf9a67445117338a1c28f1312c232b1cbb8285fc218b4057ed38b092a75be,0.2955598756670952,0.22966903634369373,0.25820406153798103,0.7108550053089857,0.15680701471865177,0.7219021208584309,0.21060602739453316,2.5836031418293715,0.0,0.0,8.615801110863686,1151.960234157741,4729.9990598112345,236000,236000,,2.793683898093503,,False,False,ok
BNCI2014_001,resampled_spectral_normalized_power_s1,resampled,spectral,normalized_power,1,1788,473,500,500,1.0,22,253,0.00030918389193057203,0.01758362567648015,4.9663596050672405,0.7092362320546121,29.076376794538795,29.076376794538795,0.00018648286942262062,2.793683898093503,0.00020006554703467746,9.320174202903478e-05,0.0006739468342161686,4.5756422565626405e-05,188.24073761048203,5.716247880429664,0.03017952124818757,0.09236224807369398,0.1459989447547685,113416,264f9d8902d2db2959f97b401bd8d16ada939e6ce58f29b23e22fc1c81cb2877,three_row_sha256,6edce06a600ed40eee3cd089d28c3d8be2ea51bfb1b05c8a6e8913b9b005dbc4,944f93c6fa033d604d9e90219484c40564bfebf4e3306a041f5ec522a76c0b9b,0f2cf9a67445117338a1c28f1312c232b1cbb8285fc218b4057ed38b092a75be,0.23649213835597038,0.2275649458169937,0.2363789826631546,0.5877148360013962,0.13601919636130333,1.1041478719562292,0.1798630692064762,2.7081810403615236,0.0,0.0,9.080479154363275,1154.6684151981026,4739.079538965598,236500,236500,,2.793683898093503,,False,False,ok
BNCI2014_001,resampled_spectral_normalized_power_s1,resampled,spectral,normalized_power,1,1788,474,500,500,1.0,22,253,0.000303390073335476,0.017418096145545757,4.971177911289142,0.7099243250687023,29.007567493129777,29.007567493129777,0.00018449412598557728,2.793683898093503,0.00020222630956613145,8.719811851958134e-05,0.0007353487928569557,4.9242335070690636e-05,188.24073761048203,5.716247880429664,0.03017952124818757,0.09236224807369398,0.1459989447547685,113889,bc64d1dd3314cf752648160accaa2daa44f11f3f3c1a5f420bd10935c36c4891,three_row_sha256,94371cf05f5c7eb211b62619307c4bb78ae9129711acd8f1f5c95b124ecf6ced,944f93c6fa033d604d9e90219484c40564bfebf4e3306a041f5ec522a76c0b9b,0f2cf9a67445117338a1c28f1312c232b1cbb8285fc218b4057ed38b092a75be,0.23516593500971794,0.22596493363380432,0.23539992980659008,0.5857509095221758,0.1377919688820839,0.6836899556219578,0.1766399946063757,2.2804036270827055,0.0,0.0,8.147849002853036,1156.9488188251853,4747.227387968451,237000,237000,,2.793683898093503,,False,False,ok
BNCI2014_001,resampled_spectral_normalized_power_s1,resampled,spectral,normalized_power,1,1788,475,500,500,1.0,22,253,0.00030405480123442744,0.017437167236521747,4.971556091223653,0.7099783322154094,29.002166778459056,29.002166778459056,0.00018206459788031157,2.793683898093503,0.0002031305229891761,8.773268943661182e-05,0.000627421185892511,5.02623841219599e-05,188.24073761048203,5.716247880429664,0.03017952124818757,0.09236224807369398,0.1459989447547685,114363,8019f0e500710d933c1a0e0ba7279a0e0528843b3b64b946703d2871a750f6f1,three_row_sha256,6f336504b8b420a2a8d83c5c0ba1d0d309bd13cb90b0e58fffdb2787ec8d0d03,944f93c6fa033d604d9e90219484c40564bfebf4e3306a041f5ec522a76c0b9b,0f2cf9a67445117338a1c28f1312c232b1cbb8285fc218b4057ed38b092a75be,0.2445520367473364,0.22457190789282322,0.23339781910181046,0.5944801960140467,0.1346999779343605,0.7875540759414434,0.17427699640393257,2.3935330100357533,0.0,0.0,9.96655598282814,1159.342351835221,4757.193943951279,237500,237500,,2.793683898093503,,False,False,ok
BNCI2014_001,resampled_spectral_normalized_power_s1,resampled,spectral,normalized_power,1,1788,476,500,500,1.0,22,253,0.00029212743984993224,0.0170917360104213,4.969666874596332,0.709708536834316,29.029146316568394,29.029146316568394,0.0001745348944392962,2.793683898093503,0.0001992822824170254,8.267551131175835e-05,0.0005180719270733,5.5328087595579786e-05,188.24073761048203,5.716247880429664,0.03017952124818757,0.09236224807369398,0.1459989447547685,114838,d9494729fec8a4d801fb8c4d281637741a9b564ae109c1a30a4497c66209b6f2,three_row_sha256,21eb4d4a2aa3517c6b0c009f4b76891f2fab32016dc0cb15dc874d08d2edc97e,944f93c6fa033d604d9e90219484c40564bfebf4e3306a041f5ec522a76c0b9b,0f2cf9a67445117338a1c28f1312c232b1cbb8285fc218b4057ed38b092a75be,0.2474889624863863,0.22622104734182358,0.24199788458645344,0.5986189935356379,0.13870792463421822,0.6864969618618488,0.18227705731987953,2.3218088317662477,0.0,0.0,9.107535006478429,1161.6641606669873,4766.301478957757,238000,238000,,2.793683898093503,,False,False,ok
BNCI2014_001,resampled_spectral_normalized_power_s1,resampled,spectral,normalized_power,1,1788,477,500,500,1.0,22,253,0.0003031585332054495,0.01741144833738565,4.96240595967634,0.7086716195853374,29.132838041466254,29.132838041466254,0.00018254717177880743,2.793683898093503,0.0002046298473553488,8.502539062272256e-05,0.0006733301152203385,5.0754934433084114e-05,188.240737610482,5.716247880429664,0.03017952124818757,0.09236224807369398,0.1459989447547685,115314,3c1552777bc6b008bc0cb22cdedbdb173fb467212e39d22ff57c06c1361bbc30,three_row_sha256,7c7588dd9c71ebd05a05c1c82e3113269734cf342c7cae3a1e5a7701fe0be708,944f93c6fa033d604d9e90219484c40564bfebf4e3306a041f5ec522a76c0b9b,0f2cf9a67445117338a1c28f1312c232b1cbb8285fc218b4057ed38b092a75be,0.24115992709994316,0.22694491781294346,0.2363699022680521,0.5933179054409266,0.14728517271578312,4.476935137063265,0.29043713584542274,6.212450098246336,0.0,0.0,12.760249897837639,1167.8766107652336,4779.061728855595,238500,238500,,2.793683898093503,,False,False,ok
BNCI2014_001,resampled_spectral_normalized_power_s1,resampled,spectral,normalized_power,1,1788,478,500,500,1.0,22,253,0.00030224275942234693,0.01738513041142766,4.964854703702522,0.7090213199945917,29.09786800054083,29.09786800054083,0.00018023800276763653,2.793683898093503,0.00020368313091197554,8.73255257595399e-05,0.0006275634574432803,5.263788491604193e-05,188.24073761048203,5.716247880429664,0.03017952124818757,0.09236224807369398,0.1459989447547685,115791,7e0bd929b603585f5ec10acc00a23c541627adf560eb37f2febba6b10192fcce,three_row_sha256,b7077c5476af425830da83f0878dc2e005833d74592a42e19fae756f6a98b518,944f93c6fa033d604d9e90219484c40564bfebf4e3306a041f5ec522a76c0b9b,0f2cf9a67445117338a1c28f1312c232b1cbb8285fc218b4057ed38b092a75be,0.33888197503983974,0.24925591424107552,0.25770696811378,0.8334361482411623,0.20224787294864655,0.6200508214533329,0.25086081586778164,2.7524405159056187,0.0,0.0,13.281841995194554,1170.6290512811393,4792.34357085079,239000,239000,,2.793683898093503,,False,False,ok
BNCI2014_001,resampled_spectral_normalized_power_s1,resampled,spectral,normalized_power,1,1788,479,500,500,1.0,22,253,0.0003139630413885313,0.017719002268427285,4.960131527442955,0.7083468123068586,29.165318769314148,29.165318769314148,0.00018394059595114271,2.793683898093503,0.00020745634401309998,9.345867256650192e-05,0.0006073884193224161,4.614106100609298e-05,188.24073761048203,5.716247880429664,0.03017952124818757,0.09236224807369398,0.1459989447547685,116269,61d9ff5f578d7c707365bad73d0a307e4d53d15104ba49f8974c4991c2735f5b,three_row_sha256,0c5194e22907770307310a8b0a388117570412d56b8e77d00bed2be2903c59ba,944f93c6fa033d604d9e90219484c40564bfebf4e3306a041f5ec522a76c0b9b,0f2cf9a67445117338a1c28f1312c232b1cbb8285fc218b4057ed38b092a75be,0.36614807322621346,0.24789408780634403,0.26742881163954735,0.8353418670594692,0.20544580183923244,0.694013899192214,0.2631968818604946,2.879469422623515,0.0,0.0,12.66360399313271,1173.5085207037628,4805.007174843922,239500,239500,,2.793683898093503,,False,False,ok
BNCI2014_001,resampled_spectral_normalized_power_s1,resampled,spectral,normalized_power,1,1788,480,500,500,1.0,22,253,0.0003046520988849284,0.017454285974651852,4.960338674399753,0.7083763945640458,29.162360543595423,29.162360543595423,0.00018284060662368936,2.793683898093503,0.00020255358151373372,8.766808768794777e-05,0.0006366324716500739,3.723347014976107e-05,188.240737610482,5.716247880429664,0.03017952124818757,0.09236224807369398,0.1459989447547685,116748,cddaeccba4e1b3239e983450f73835e1156d165a3dcb6a97d818379a7be581fd,three_row_sha256,c5f05d47597c642c5ca779162d0253b030dedf706dd229a6dc8549defdd2fd7d,944f93c6fa033d604d9e90219484c40564bfebf4e3306a041f5ec522a76c0b9b,0f2cf9a67445117338a1c28f1312c232b1cbb8285fc218b4057ed38b092a75be,0.31845993362367153,0.2414998598396778,0.252382829785347,0.8156509138643742,0.20135007798671722,0.7620938122272491,0.24878699332475662,2.8402244206517935,0.0,0.0,13.87592195533216,1176.3487451244146,4818.883096799254,240000,240000,,2.793683898093503,,False,False,ok
BNCI2014_001,resampled_spectral_normalized_power_s1,resampled,spectral,normalized_power,1,1788,481,500,500,1.0,22,253,0.0002959018090430348,0.017201796680667833,4.94698544218081,0.7064694452374101,29.35305547625899,29.35305547625899,0.00018116701700153504,2.793683898093503,0.00019429307745325237,8.724812256239968e-05,0.0006078440042446218,5.547194052506256e-05,188.240737610482,5.716247880429665,0.03017952124818757,0.09236224807369398,0.1459989447547685,117228,e2471d7a06c5efeafc670a914b0c8f1d35ff93c70523233a255dd6d1d64bf9fe,three_row_sha256,eecd2131dbdd608729faf648995c0d61e61e8bdb5fd1a7c9e42cdedafaa14541,944f93c6fa033d604d9e90219484c40564bfebf4e3306a041f5ec522a76c0b9b,0f2cf9a67445117338a1c28f1312c232b1cbb8285fc218b4057ed38b092a75be,0.47060311771929264,0.25466899387538433,0.2803811803460121,0.8559040725231171,0.20173308439552784,0.7248858455568552,0.26402994990348816,3.0522062443196774,0.0,0.0,13.70057207532227,1179.4009513687342,4832.583668874577,240500,240500,,2.793683898093503,,False,False,ok
BNCI2014_001,resampled_spectral_normalized_power_s1,resampled,spectral,normalized_power,1,1788,482,500,500,1.0,22,253,0.0003018437786044111,0.01737365184998281,4.944125418000403,0.7060610107029419,29.393898929705806,29.393898929705806,0.00017792430439566605,2.793683898093503,0.00020430282983557475,8.797940258930952e-05,0.0005444162564473358,5.135035338814607e-05,188.240737610482,5.716247880429664,0.03017952124818757,0.09236224807369398,0.1459989447547685,117709,8a89c7ab32899e2f5cc29a2c3d5eff18723c85d2272553280a97698057c54613,three_row_sha256,081f5944719e6a57253cac4cfb353ed204a6cca5ce97f277e2fba19e7476d105,944f93c6fa033d604d9e90219484c40564bfebf4e3306a041f5ec522a76c0b9b,0f2cf9a67445117338a1c28f1312c232b1cbb8285fc218b4057ed38b092a75be,0.35539688542485237,0.2461110707372427,0.2648651134222746,0.8499340619891882,0.2084209118038416,0.7512869779020548,0.2780540380626917,2.954069059342146,0.0,0.0,13.420101953670382,1182.3550204280764,4846.003770828247,241000,241000,,2.793683898093503,,False,False,ok
BNCI2014_001,resampled_spectral_normalized_power_s1,resampled,spectral,normalized_power,1,1788,483,500,500,1.0,22,253,0.00031336998627763386,0.017702259355168025,4.935139134506051,0.7047776968971503,29.522230310284964,29.522230310284964,0.00018310466151192032,2.793683898093503,0.00020870425071091664,9.16192207277145e-05,0.0005858290911042092,4.563472660368116e-05,188.24073761048203,5.716247880429664,0.03017952124818757,0.09236224807369398,0.1459989447547685,118191,9ce10a150e0154a259b2139a50dbcead3f8b379c0bac2da4869982f5b3f679e9,three_row_sha256,1178fcd84c0c58cba1d6a9861818cf3f1e36e29c71edd15183293968e2de1958,944f93c6fa033d604d9e90219484c40564bfebf4e3306a041f5ec522a76c0b9b,0f2cf9a67445117338a1c28f1312c232b1cbb8285fc218b4057ed38b092a75be,0.3506180364638567,0.24328287690877914,0.2616019919514656,0.8214619010686874,0.1943148672580719,1.0919279884546995,0.3473651595413685,3.310572821646929,0.0,0.0,14.208211796358228,1185.6655932497233,4860.211982624605,241500,241500,,2.793683898093503,,False,False,ok
BNCI2014_001,resampled_spectral_normalized_power_s1,resampled,spectral,normalized_power,1,1788,484,500,500,1.0,22,253,0.0003114559980254503,0.017648115990820386,4.945097810874319,0.7061998762529255,29.38001237470746,29.38001237470746,0.00019119014556574784,2.793683898093503,0.00020286004862304832,9.117194584324952e-05,0.0008511159847225487,4.490404425694852e-05,188.24073761048203,5.716247880429664,0.03017952124818757,0.09236224807369398,0.1459989447547685,118674,d2679c823d5b8722b247966c43d1e3f8a52878b92c6ecda43733f5bcdb162bf4,three_row_sha256,f95a5d71e6a6b6a13e8178684c2e0925d82a795638bc49f35242074ead4fa9eb,944f93c6fa033d604d9e90219484c40564bfebf4e3306a041f5ec522a76c0b9b,0f2cf9a67445117338a1c28f1312c232b1cbb8285fc218b4057ed38b092a75be,0.36195083521306515,0.24743890389800072,0.2693010028451681,0.8379828650504351,0.20241388119757175,1.1170420330017805,0.26884302496910095,3.3049725461751223,0.0,0.0,13.852704083546996,1188.9705657958984,4874.064686708152,242000,242000,,2.793683898093503,,False,False,ok
BNCI2014_001,resampled_spectral_normalized_power_s1,resampled,spectral,normalized_power,1,1788,485,500,500,1.0,22,253,0.00029189402770505603,0.017084906429508356,4.954540907779094,0.7075484267003871,29.245157329961287,29.245157329961287,0.00017779718785298652,2.793683898093503,0.00019696085764559306,8.315232104860343e-05,0.0006209685622780969,5.545013674493949e-05,188.24073761048203,5.716247880429664,0.03017952124818757,0.09236224807369398,0.1459989447547685,119158,f18207fb379cae6bd887e0d6113911a0584016ca809c67e325dab918a590fb75,three_row_sha256,ddea635c8dfc625b3494bfbc572ed5182200bea37d714b1ebb2c5842fc5d908c,944f93c6fa033d604d9e90219484c40564bfebf4e3306a041f5ec522a76c0b9b,0f2cf9a67445117338a1c28f1312c232b1cbb8285fc218b4057ed38b092a75be,0.36213709972798824,0.2500468399375677,0.2727340906858444,0.8482309058308601,0.2044679131358862,0.7783989422023296,0.25973585434257984,2.975751645863056,0.0,0.0,12.727587018162012,1191.9463174417615,4886.792273726314,242500,242500,,2.793683898093503,,False,False,ok
BNCI2014_001,resampled_spectral_normalized_power_s1,resampled,spectral,normalized_power,1,1788,486,500,500,1.0,22,253,0.00030917885999123395,0.017583482589954527,4.945201413179187,0.7062146714981713,29.378532850182868,29.378532850182868,0.00018657314060981239,2.793683898093503,0.00020154264733887652,9.133787385087759e-05,0.0006951701932874663,4.115977209655404e-05,188.240737610482,5.716247880429665,0.03017952124818757,0.09236224807369398,0.1459989447547685,119643,7a404053645ce247b9d0219dd591573c15bf99ab681a85235cb1972855be54b8,three_row_sha256,8bcd15b1d9c4ce39a794905d90e5dd4a216a282823252a3b7359b87b9052916e,944f93c6fa033d604d9e90219484c40564bfebf4e3306a041f5ec522a76c0b9b,0f2cf9a67445117338a1c28f1312c232b1cbb8285fc218b4057ed38b092a75be,0.35349209792912006,0.24622702039778233,0.26318500749766827,0.8261341135948896,0.21030893549323082,0.7119199726730585,0.2569500356912613,2.868217183277011,0.0,0.0,13.486478943377733,1194.8145346250385,4900.278752669692,243000,243000,,2.793683898093503,,False,False,ok
BNCI2014_001,resampled_spectral_normalized_power_s1,resampled,spectral,normalized_power,1,1788,487,500,500,1.0,22,253,0.0002963630433552803,0.017215198034158084,4.946103800633939,0.7063435397093272,29.365646029067285,29.365646029067285,0.00017796156763505308,2.793683898093503,0.00019983781131910008,8.468519841465101e-05,0.0005813180698875202,3.6069417478916505e-05,188.24073761048203,5.716247880429665,0.03017952124818757,0.09236224807369398,0.1459989447547685,120129,23b8167e3728c1ea080ca691c23ba3721bccd5fa0383eaac39ed3e87cd20f9aa,three_row_sha256,2700786c0956e0c12372e4a77321878d0203beba4615d41d6f833475583ca25b,944f93c6fa033d604d9e90219484c40564bfebf4e3306a041f5ec522a76c0b9b,0f2cf9a67445117338a1c28f1312c232b1cbb8285fc218b4057ed38b092a75be,0.39398204535245895,0.24432106874883175,0.26924279518425465,0.8246030192822218,0.19983109086751938,0.6700179073959589,0.2595861442387104,2.861584071069956,0.0,0.0,12.539284070953727,1197.6761186961085,4912.818036740646,243500,243500,,2.793683898093503,,False,False,ok
BNCI2014_001,resampled_spectral_normalized_power_s1,resampled,spectral,normalized_power,1,1788,488,500,500,1.0,22,253,0.00029684327703000357,0.017229140345066656,4.957185113333657,0.7079260405933445,29.207395940665545,29.207395940665545,0.00017851442286205587,2.793683898093503,0.00019901712654360714,8.578568084800611e-05,0.0006177703177911462,4.7113543080319926e-05,188.24073761048203,5.716247880429664,0.03017952124818757,0.09236224807369398,0.1459989447547685,120616,6c977258f67439ae79c97fbd32aca45acffa669d07df9b308ca219a58dce7121,three_row_sha256,08db440a274fbd021debdc04ab17f3c1cd05053e814e13eed2acf8f9d7671059,944f93c6fa033d604d9e90219484c40564bfebf4e3306a041f5ec522a76c0b9b,0f2cf9a67445117338a1c28f1312c232b1cbb8285fc218b4057ed38b092a75be,0.3463928587734699,0.24656089954078197,0.27907080948352814,0.8344368543475866,0.19820104353129864,0.6809951737523079,0.26324018836021423,2.8488978277891874,0.0,0.0,12.517947005107999,1200.5250165238976,4925.335983745754,244000,244000,,2.793683898093503,,False,False,ok
BNCI2014_001,resampled_spectral_normalized_power_s1,resampled,spectral,normalized_power,1,1788,489,500,500,1.0,22,253,0.0003022100289287302,0.0173841890500745,4.958373554298852,0.7080957595543546,29.19042404456454,29.19042404456454,0.00018381509765563346,2.793683898093503,0.00019705610829720476,8.993519517569926e-05,0.000654781969622114,4.527111645717361e-05,188.24073761048203,5.716247880429664,0.03017952124818757,0.09236224807369398,0.1459989447547685,121104,f99eda71e8b5643cb4b775714ccf2b8b7798d93f3f559a369c9aba4f3d8e0140,three_row_sha256,4793758012d4eff58989eaf778c36b4b250eb467a6f41dd15c7554a61ce7a214,944f93c6fa033d604d9e90219484c40564bfebf4e3306a041f5ec522a76c0b9b,0f2cf9a67445117338a1c28f1312c232b1cbb8285fc218b4057ed38b092a75be,0.3542019985616207,0.2510340418666601,0.2639829181134701,0.8420119993388653,0.19909092225134373,0.9980879258364439,0.2648781519383192,3.173287957906723,0.0,0.0,13.219262938946486,1203.6983044818044,4938.5552466847,244500,244500,,2.793683898093503,,False,False,ok
BNCI2014_001,resampled_spectral_normalized_power_s1,resampled,spectral,normalized_power,1,1788,490,500,500,1.0,22,253,0.0003020302756974593,0.017379018260461645,4.962433236969768,0.7086755150029774,29.132448499702264,29.132448499702264,0.0001781270656040374,2.793683898093503,0.00020211681973172744,8.863799458700635e-05,0.0005525210485315876,5.278979851254801e-05,188.24073761048206,5.716247880429664,0.03017952124818757,0.09236224807369398,0.1459989447547685,121593,d39f3b77c233d9262def0ff8e62de72c728ea859f7825a393f0bc4561555ec97,three_row_sha256,9c52b858d4b154b4a61e4c33c23fdc86d2472e787976008f315584b3058bc9ec,944f93c6fa033d604d9e90219484c40564bfebf4e3306a041f5ec522a76c0b9b,0f2cf9a67445117338a1c28f1312c232b1cbb8285fc218b4057ed38b092a75be,0.328955939039588,0.24070381186902523,0.2522990107536316,0.8153310045599937,0.19775191321969032,1.1108391918241978,0.32638292759656906,3.2722637988626957,0.0,0.0,11.769573902711272,1206.970568280667,4950.3248205874115,245000,245000,,2.793683898093503,,False,False,ok
BNCI2014_001,resampled_spectral_normalized_power_s1,resampled,spectral,normalized_power,1,1788,491,500,500,1.0,22,253,0.00029357073859360424,0.017133906110213287,4.955986015851659,0.7077547997957327,29.224520020426723,29.224520020426723,0.0001774166874343685,2.793683898093503,0.00019799580618344825,8.363407765404813e-05,0.0005452006721911818,5.2417115605324667e-05,188.240737610482,5.716247880429664,0.03017952124818757,0.09236224807369398,0.1459989447547685,122083,d4f91063020ed943ca231582e82b7ee6ad2b04ebeeee47b8ac52293274cc49c1,three_row_sha256,ea8c0fdf3abc4ad4c6556832a1be6b1cabe177662f5f52afb9d1a2da3ad26139,944f93c6fa033d604d9e90219484c40564bfebf4e3306a041f5ec522a76c0b9b,0f2cf9a67445117338a1c28f1312c232b1cbb8285fc218b4057ed38b092a75be,0.4057700280100107,0.2551588695496321,0.2761981450021267,1.0376670397818089,0.25544012896716595,0.7011699490249157,0.2924008294939995,3.2238049898296595,0.0,0.0,8.813858032226562,1210.1943732704967,4959.138678619638,245500,245500,,2.793683898093503,,False,False,ok
BNCI2014_001,resampled_spectral_normalized_power_s1,resampled,spectral,normalized_power,1,1788,492,500,500,1.0,22,253,0.0002966807186933803,0.017224422158475458,4.952004627076235,0.7071862253472484,29.28137746527516,29.28137746527516,0.00017849652234815428,2.793683898093503,0.00019981312254327443,8.442087590743935e-05,0.0005870090253237086,4.825830282386096e-05,188.24073761048206,5.716247880429664,0.03017952124818757,0.09236224807369398,0.1459989447547685,122574,f81c2c14bdb08e481f45c07fbc0a5d49cdbab6b80b338ff12b833c139fcca360,three_row_sha256,c4a605c8f7fa344dbbab7590db717b6f8d8ad82c0982c562cbf151754672b3a3,944f93c6fa033d604d9e90219484c40564bfebf4e3306a041f5ec522a76c0b9b,0f2cf9a67445117338a1c28f1312c232b1cbb8285fc218b4057ed38b092a75be,0.23821904323995113,0.23559690453112125,0.2372758463025093,0.7537330966442823,0.20723487250506878,0.6348809693008661,0.258399173617363,2.565339906141162,0.0,0.0,11.21594407595694,1212.759713176638,4970.354622695595,246000,246000,,2.793683898093503,,False,False,ok
BNCI2014_001,resampled_spectral_normalized_power_s1,resampled,spectral,normalized_power,1,1788,493,500,500,1.0,22,253,0.00031113634610862375,0.017639057404198893,4.955830342142142,0.7077325683336665,29.226743166633355,29.226743166633355,0.00018648662362854762,2.793683898093503,0.00020426559370171526,9.148156967533804e-05,0.0006734306637083884,5.147427649495534e-05,188.24073761048203,5.716247880429664,0.03017952124818757,0.09236224807369398,0.1459989447547685,123066,6574b22fa27d3683d9be0cdf3dd3ec03f7759f13cf6dc9f0cd169e41acbaa246,three_row_sha256,bb6e2d6de5cf02a4d352c775044d3b32ec385f7b6841aec79f6ed75819698e23,944f93c6fa033d604d9e90219484c40564bfebf4e3306a041f5ec522a76c0b9b,0f2cf9a67445117338a1c28f1312c232b1cbb8285fc218b4057ed38b092a75be,0.2462619449943304,0.22614188492298126,0.23778504692018032,0.57817786000669,0.1373710110783577,0.7637660019099712,0.18411013297736645,2.3736138828098774,0.0,0.0,10.391587857156992,1215.1333270594478,4980.746210552752,246500,246500,,2.793683898093503,,False,False,ok
BNCI2014_001,resampled_spectral_normalized_power_s1,resampled,spectral,normalized_power,1,1788,494,500,500,1.0,22,253,0.00029132951215700637,0.017068377549052702,4.962354527934713,0.7086642747175591,29.133572528244095,29.133572528244095,0.00017497913935133282,2.793683898093503,0.0001968365735736499,8.371330858375846e-05,0.0005625552991811985,4.9811509979094986e-05,188.24073761048206,5.716247880429664,0.03017952124818757,0.09236224807369398,0.1459989447547685,123559,15d3f41733e9c368a7dac6ed5a8b94ed9df5ac3d86bbb8dcab7078ffd8527a6a,three_row_sha256,183403074ee7a8ccd6355808ad7e593bde93453111706f80eda812039725d07a,944f93c6fa033d604d9e90219484c40564bfebf4e3306a041f5ec522a76c0b9b,0f2cf9a67445117338a1c28f1312c232b1cbb8285fc218b4057ed38b092a75be,0.3781430423259735,0.24854694493114948,0.25345594622194767,0.9875851683318615,0.2411350142210722,0.7891291752457619,0.18420396372675896,3.082199255004525,0.0,0.0,8.308328920975327,1218.2155263144523,4989.054539473727,247000,247000,,2.793683898093503,,False,False,ok
BNCI2014_001,resampled_spectral_normalized_power_s1,resampled,spectral,normalized_power,1,1788,495,500,500,1.0,22,253,0.00031454256044344996,0.0177353477677617,4.969803394256433,0.709728032943545,29.027196705645498,29.027196705645498,0.00018594454112970347,2.793683898093503,0.00020526722581383424,9.382284449064065e-05,0.0006383483846826893,4.224737866444223e-05,188.24073761048203,5.716247880429664,0.03017952124818757,0.09236224807369398,0.1459989447547685,124053,440dbdea6e61537af4888c1aa6e0341b783a57faaa9ebdbf2f9fb161978d23a2,three_row_sha256,949b1eb3f60440de84931e78ff7c4c96faf7d02d4d5dc8d38f4500e691a26728,944f93c6fa033d604d9e90219484c40564bfebf4e3306a041f5ec522a76c0b9b,0f2cf9a67445117338a1c28f1312c232b1cbb8285fc218b4057ed38b092a75be,0.23812009021639824,0.22544991225004196,0.2329710405319929,0.7575659547001123,0.1981139648705721,1.013436121866107,0.2627698704600334,2.928426954895258,0.0,0.0,13.131062965840101,1221.1439532693475,5002.185602439567,247500,247500,,2.793683898093503,,False,False,ok
BNCI2014_001,resampled_spectral_normalized_power_s1,resampled,spectral,normalized_power,1,1788,496,500,500,1.0,22,253,0.0003027112847371988,0.017398600079810984,4.959493468586085,0.7082556923527147,29.17443076472853,29.17443076472853,0.0001847542960818559,2.793683898093503,0.00020204593005036952,8.660626794912643e-05,0.0007485364872961604,4.379271157366986e-05,188.240737610482,5.716247880429664,0.03017952124818757,0.09236224807369398,0.1459989447547685,124548,df7dd42a875bc6ec10a2d90d74eb9fb25d1c8dc85fd260eb5a32467421bdf700,three_row_sha256,44553d117962d192cb9bdba54ed4b08d566d7cf67e87fad50b7eb95c9d475428,944f93c6fa033d604d9e90219484c40564bfebf4e3306a041f5ec522a76c0b9b,0f2cf9a67445117338a1c28f1312c232b1cbb8285fc218b4057ed38b092a75be,0.39986707270145416,0.24955114349722862,0.2722288481891155,1.0148670990020037,0.24878699332475662,0.7971629966050386,0.26334403082728386,3.245808184146881,0.0,0.0,12.265478959307075,1224.3897614534944,5014.4510813988745,248000,248000,,2.793683898093503,,False,False,ok
BNCI2014_001,resampled_spectral_normalized_power_s1,resampled,spectral,normalized_power,1,1788,497,500,500,1.0,22,253,0.00031053738322250565,0.01762207091185669,4.950103479495799,0.7069147261297627,29.308527387023723,29.308527387023723,0.00018735774677845302,2.7936838980935033,0.00020281844085045923,9.193561407811614e-05,0.0006732628239114044,5.289145784230314e-05,188.240737610482,5.716247880429664,0.03017952124818757,0.09236224807369398,0.1459989447547685,125044,6fdd4fed67a957871a2abc89cad11950750d2bc53426478f99742fc049d4fef7,three_row_sha256,fd753b6759ed63abe9edace11797ec14d77bb48cb82806fdb8a6177895fdd58d,944f93c6fa033d604d9e90219484c40564bfebf4e3306a041f5ec522a76c0b9b,0f2cf9a67445117338a1c28f1312c232b1cbb8285fc218b4057ed38b092a75be,0.41501899249851704,0.2465618308633566,0.25762012228369713,0.7956831250339746,0.19099004566669464,1.024445053189993,0.3154659643769264,3.2457851339131594,0.0,0.0,13.090257998555899,1227.6355465874076,5027.54133939743,248500,248500,,2.793683898093503,,False,False,ok
BNCI2014_001,resampled_spectral_normalized_power_s1,resampled,spectral,normalized_power,1,1788,498,500,500,1.0,22,253,0.0002985136984265048,0.01727754897045599,4.944281835927738,0.7060833484453188,29.391665155468118,29.391665155468118,0.00017657534710541987,2.793683898093503,0.00020354521110318148,8.391447006130739e-05,0.0005471528074015019,5.113895505729258e-05,188.240737610482,5.716247880429664,0.03017952124818757,0.09236224807369398,0.1459989447547685,125541,b70858f2415b922f5fc37b267c2288d77be10214c0046a2982daa8f03f5dea99,three_row_sha256,a4a1f0c188546d714bbfb1695d529c47d38e45a414e99c20a93f76ba72a13805,944f93c6fa033d604d9e90219484c40564bfebf4e3306a041f5ec522a76c0b9b,0f2cf9a67445117338a1c28f1312c232b1cbb8285fc218b4057ed38b092a75be,0.3284390550106764,0.2416821662336588,0.25697704404592514,0.807624077424407,0.19459589384496212,0.6470510270446539,0.24565192870795727,2.7220211923122406,0.0,0.0,12.63733790256083,1230.3575677797198,5040.178677299991,249000,249000,,2.793683898093503,,False,False,ok
BNCI2014_001,resampled_spectral_normalized_power_s1,resampled,spectral,normalized_power,1,1788,499,500,500,1.0,22,253,0.00030196702663681015,0.01737719846916672,4.954195977610933,0.7074991678886533,29.250083211134672,29.250083211134672,0.00018263260179039763,2.793683898093503,0.00019734398934251942,8.972202184429436e-05,0.0006172532358506449,3.9761111890536754e-05,188.24073761048203,5.716247880429664,0.03017952124818757,0.09236224807369398,0.1459989447547685,126039,59a8a0f6da761cab37d24a83cf2daa893acb90134d06db7de56d985f4338efe8,three_row_sha256,e546f84506111e678e766120e5165bc7c34d937a694ebc243f8f633c33c27b8f,944f93c6fa033d604d9e90219484c40564bfebf4e3306a041f5ec522a76c0b9b,0f2cf9a67445117338a1c28f1312c232b1cbb8285fc218b4057ed38b092a75be,0.29367092065513134,0.23809191770851612,0.25404104962944984,0.7741311565041542,0.18605380319058895,0.7691439241170883,0.23396010510623455,2.7490928769111633,0.0,0.0,12.258565053343773,1233.106660656631,5052.437242353335,249500,249500,,2.793683898093503,,False,False,ok
BNCI2014_001,resampled_spectral_normalized_power_s1,resampled,spectral,normalized_power,1,1788,500,500,500,1.0,22,253,0.0003061891903077066,0.017498262493965126,4.953127017876517,0.7073465118116584,29.265348818834156,29.265348818834156,0.0001832415660696173,2.793683898093503,0.00020547889851659008,8.697142118180111e-05,0.0006626233743273447,5.503223782652842e-05,188.240737610482,5.716247880429664,0.03017952124818757,0.09236224807369398,0.1459989447547685,126538,3725168aa5e9af404c7e229f4cdbbfd17560f54f9bec9c2737c9facf538349c3,three_row_sha256,296385ea07cfcaae9af94af68fd1934788ae4fe363f708e122d3d9ee10a5d223,944f93c6fa033d604d9e90219484c40564bfebf4e3306a041f5ec522a76c0b9b,0f2cf9a67445117338a1c28f1312c232b1cbb8285fc218b4057ed38b092a75be,0.33641187474131584,0.24431315250694752,0.27258810587227345,0.8099668193608522,0.1919739879667759,0.8038310334086418,0.25783106684684753,2.9169160407036543,0.0,0.0,13.377700001001358,1236.0235766973346,5065.814942354336,250000,250000,,2.793683898093503,,False,False,ok
