dataset,method,sampling,aggregation,update,subject,seed,epoch,epochs,N_proj,sigma,d,m,objective_power,rooted_distance,lew,relative_lew,lew_reduction_pct,gap_closure,raw_gradient_norm,applied_update_norm,mean_h,std_h,max_h,min_h,spectral_effective_N,spectral_entropy,spectral_max_weight,spectral_top5_mass,spectral_top10_mass,bank_seed,bank_hash,bank_hash_kind,target_projection_hash,initial_source_hash,target_hash,direction_sampling_ms,source_projection_ms,target_projection_ms,wasserstein_1d_ms,sorting_aggregation_ms,backward_ms,optimizer_update_ms,total_epoch_ms,one_time_bank_sampling_ms,one_time_target_projection_ms,evaluation_ms,cumulative_optimization_ms,cumulative_evaluation_ms,cumulative_direct_projection_count,cumulative_direction_draw_count,learning_rate,eta_norm,eta_root,nan,diverged,status
BNCI2014_001,resampled_spectral_raw_power_s1,resampled,spectral,raw_power,1,6398,0,500,500,1.0,22,253,0.011851565202279476,0.1088648942601768,7.00240537723237,1.0,0.0,0.0,,0.0,0.0045735860696544456,0.005801917333588886,0.04948639845906723,5.848081696263883e-05,188.24073761048203,5.716247880429664,0.03017952124818757,0.09236224807369398,0.1459989447547685,6398,2b1b45e4e4a812f6d748c2c175962332f0dbca2acd50b6a4d146c963428b0e9a,full_tensor_sha256,a14f722cf770d8f4c7b7788547236b65c63a242d714137e51ca7342721f16d1c,944f93c6fa033d604d9e90219484c40564bfebf4e3306a041f5ec522a76c0b9b,0f2cf9a67445117338a1c28f1312c232b1cbb8285fc218b4057ed38b092a75be,0.0,0.0,0.0,0.0,0.0,0.0,0.0,0.0,0.0,0.0,10.853826068341732,0.0,10.853826068341732,0,0,3000.0,,,False,False,initial
BNCI2014_001,resampled_spectral_raw_power_s1,resampled,spectral,raw_power,1,6398,1,500,500,1.0,22,253,0.011851565202279476,0.1088648942601768,6.627991398616626,0.9465306621874371,5.346933781256291,5.346933781256291,0.001901073602002456,5.703220806007368,0.0045735860696544456,0.005801917333588886,0.04948639845906723,5.848081696263883e-05,188.24073761048203,5.716247880429664,0.03017952124818757,0.09236224807369398,0.1459989447547685,6398,2b1b45e4e4a812f6d748c2c175962332f0dbca2acd50b6a4d146c963428b0e9a,full_tensor_sha256,a14f722cf770d8f4c7b7788547236b65c63a242d714137e51ca7342721f16d1c,944f93c6fa033d604d9e90219484c40564bfebf4e3306a041f5ec522a76c0b9b,0f2cf9a67445117338a1c28f1312c232b1cbb8285fc218b4057ed38b092a75be,0.250387005507946,0.230283010751009,0.2484999131411314,0.5973649676889181,0.14138291589915752,0.4956300836056471,0.06508408114314079,2.02863197773695,0.0,0.0,10.002081980928779,2.02863197773695,20.85590804927051,500,500,3000.0,,,False,False,ok
BNCI2014_001,resampled_spectral_raw_power_s1,resampled,spectral,raw_power,1,6398,2,500,500,1.0,22,253,0.007830631519494768,0.08849085556991054,6.380831172811071,0.9112341872633815,8.876581273661854,8.876581273661854,0.0014616265342851504,4.3848796028554515,0.0032078229764463924,0.0037904554951924047,0.024733425729050077,8.226763116854483e-05,188.240737610482,5.716247880429664,0.03017952124818757,0.09236224807369398,0.1459989447547685,6399,4c59c11f613225d31f7f98b61959e7575c5511f9a749fff71a191e3208a8cae1,three_row_sha256,79f78a4a4c230b75f88b505779f80c8165e8b365a4e454dc972ee32f5206cda3,944f93c6fa033d604d9e90219484c40564bfebf4e3306a041f5ec522a76c0b9b,0f2cf9a67445117338a1c28f1312c232b1cbb8285fc218b4057ed38b092a75be,0.2560161519795656,0.23882603272795677,0.23887492716312408,0.605560140684247,0.13617309741675854,0.5599269643425941,0.06194389425218105,2.0973212085664272,0.0,0.0,10.398635873571038,4.125953186303377,31.25454392284155,1000,1000,3000.0,,,False,False,ok
BNCI2014_001,resampled_spectral_raw_power_s1,resampled,spectral,raw_power,1,6398,3,500,500,1.0,22,253,0.005244449941817675,0.07241857456355845,6.226079784089293,0.8891344400500972,11.086555994990277,11.086555994990277,0.0012249968329575657,3.674990498872697,0.002205211975963893,0.002498404875834635,0.015309605726597194,8.338518948546043e-05,188.240737610482,5.716247880429664,0.03017952124818757,0.09236224807369398,0.1459989447547685,6401,87d6859fa43dbc057c7206d96a4af671689812819a7e9b4870a4260850be388e,three_row_sha256,2b2baff2de5dc98ed8d3d429b0b4b0a5efb1d4e6935b733ff273b8ebd80d1ca8,944f93c6fa033d604d9e90219484c40564bfebf4e3306a041f5ec522a76c0b9b,0f2cf9a67445117338a1c28f1312c232b1cbb8285fc218b4057ed38b092a75be,0.21998398005962372,0.2217269502580166,0.2209299709647894,0.5671940743923187,0.13481499627232552,0.5470369942486286,0.05901302210986614,1.9706999883055687,0.0,0.0,12.026648968458176,6.096653174608946,43.281192891299725,1500,1500,3000.0,,,False,False,ok
BNCI2014_001,resampled_spectral_raw_power_s1,resampled,spectral,raw_power,1,6398,4,500,500,1.0,22,253,0.0035465808688343444,0.05955317681563549,6.123206653543671,0.8744433267820617,12.555667321793834,12.555667321793834,0.0010063833757221938,3.019150127166582,0.0014635797320845104,0.0016742983574127494,0.012590769437806008,7.725606066057974e-05,188.24073761048203,5.716247880429664,0.03017952124818757,0.09236224807369398,0.1459989447547685,6404,25e4bdd77bc6f0e59a3b5e133be99511971c9ed954f20e34384eb96524116bd9,three_row_sha256,8b984c286e6dc0b5fa303fc41799706383d7f6ac3278aa9e949a1895e135df64,944f93c6fa033d604d9e90219484c40564bfebf4e3306a041f5ec522a76c0b9b,0f2cf9a67445117338a1c28f1312c232b1cbb8285fc218b4057ed38b092a75be,0.2508650068193674,0.22505689412355423,0.2364940010011196,0.5903320852667093,0.1367339864373207,0.5817089695483446,0.06316695362329483,2.0843578968197107,0.0,0.0,12.829301180317998,8.181011071428657,56.11049407161772,2000,2000,3000.0,,,False,False,ok
BNCI2014_001,resampled_spectral_raw_power_s1,resampled,spectral,raw_power,1,6398,5,500,500,1.0,22,253,0.0022151131183796844,0.047064988243700694,6.062876465816197,0.8658276890865304,13.41723109134696,13.41723109134696,0.0007475644795615344,2.242693438684603,0.0010082359037804876,0.000982543752394764,0.006396161364629465,8.734707329846586e-05,188.24073761048203,5.716247880429664,0.03017952124818757,0.09236224807369398,0.1459989447547685,6408,83856b747164a8dd88eeaffee92426f6aa5d3532691bd1b4a78641b2c71350bf,three_row_sha256,62f1a2da050be58de7277739488a2b08ca0181ce4bf9eaec4ac412b6c8e694c6,944f93c6fa033d604d9e90219484c40564bfebf4e3306a041f5ec522a76c0b9b,0f2cf9a67445117338a1c28f1312c232b1cbb8285fc218b4057ed38b092a75be,0.22746599279344082,0.2206019125878811,0.22272486239671707,0.5634438712149858,0.1340040471404791,0.5602037999778986,0.05856901407241821,1.9870135001838207,0.0,0.0,13.610824942588806,10.168024571612477,69.72131901420653,2500,2500,3000.0,,,False,False,ok
BNCI2014_001,resampled_spectral_raw_power_s1,resampled,spectral,raw_power,1,6398,6,500,500,1.0,22,253,0.0014896128401237318,0.0385955028484373,6.030655831422903,0.8612263224621336,13.877367753786643,13.877367753786643,0.0005819772378911671,1.7459317136735013,0.0007506387865735675,0.0006161961780239085,0.0036998459273143358,8.523759565531199e-05,188.240737610482,5.716247880429664,0.03017952124818757,0.09236224807369398,0.1459989447547685,6413,47e2c18e24dc57072a8f0abfa7530ba5db6404455691bacc23a60497d1cce59c,three_row_sha256,632c62bfb2b9bb6d87e141db6d36f0cee4073192e64e01066ffbf4434b355e6b,944f93c6fa033d604d9e90219484c40564bfebf4e3306a041f5ec522a76c0b9b,0f2cf9a67445117338a1c28f1312c232b1cbb8285fc218b4057ed38b092a75be,0.2520929556339979,0.22874120622873306,0.22551510483026505,0.5526009481400251,0.1337979920208454,0.5517860408872366,0.05863397382199764,2.003168221563101,0.0,0.0,9.783026995137334,12.171192793175578,79.50434600934386,3000,3000,3000.0,,,False,False,ok
BNCI2014_001,resampled_spectral_raw_power_s1,resampled,spectral,raw_power,1,6398,7,500,500,1.0,22,253,0.001301314030060958,0.036073730470537115,6.003704343495769,0.8573774324771629,14.262256752283713,14.262256752283713,0.0005707243616044752,1.7121730848134256,0.0006462176945335592,0.0005291332042569541,0.0038049337478570085,8.055816344804489e-05,188.240737610482,5.716247880429664,0.03017952124818757,0.09236224807369398,0.1459989447547685,6419,5868f6515297be1334f553f9df365ab632d5ef8edf639fb4a7317aedf2fb04dc,three_row_sha256,648f6cc97e1f91c7783cb154fbc472bdc486844129634c8d859f7871bb8cfb00,944f93c6fa033d604d9e90219484c40564bfebf4e3306a041f5ec522a76c0b9b,0f2cf9a67445117338a1c28f1312c232b1cbb8285fc218b4057ed38b092a75be,0.2930629998445511,0.24159601889550686,0.23307092487812042,0.9376201778650284,0.23796712048351765,0.8473419584333897,0.10070903226733208,2.891368232667446,0.0,0.0,11.476278072223067,15.062561025843024,90.98062408156693,3500,3500,3000.0,,,False,False,ok
BNCI2014_001,resampled_spectral_raw_power_s1,resampled,spectral,raw_power,1,6398,8,500,500,1.0,22,253,0.0009253393709148605,0.030419391363320544,5.988968651070101,0.855273056676016,14.47269433239839,14.47269433239839,0.00042565245499723173,1.2769573649916952,0.0005064694008359834,0.0003508797060670242,0.002206984147090147,7.845421699861083e-05,188.24073761048206,5.716247880429664,0.03017952124818757,0.09236224807369398,0.1459989447547685,6426,ab892f114bac21ab0e3c01a4b00e88116c16f5bb1d8ebcdb4502f1ef3d2251f9,three_row_sha256,dbf114762b84c300d0b3b60949e4a5c1563d869379fedada8bc5a34f4341666b,944f93c6fa033d604d9e90219484c40564bfebf4e3306a041f5ec522a76c0b9b,0f2cf9a67445117338a1c28f1312c232b1cbb8285fc218b4057ed38b092a75be,0.2684879582375288,0.2263900823891163,0.24535786360502243,0.5981579888612032,0.13642595149576664,0.5755878519266844,0.0646691769361496,2.1150768734514713,0.0,0.0,13.737753964960575,17.177637899294496,104.7183780465275,4000,4000,3000.0,,,False,False,ok
BNCI2014_001,resampled_spectral_raw_power_s1,resampled,spectral,raw_power,1,6398,9,500,500,1.0,22,253,0.0007547878130122554,0.02747340191917003,5.979884315268404,0.8539757402094154,14.602425979058467,14.602425979058467,0.00034994996753649423,1.0498499026094827,0.0004594901084154235,0.00025908405871518227,0.0014917484633534405,7.428684687644024e-05,188.240737610482,5.716247880429664,0.03017952124818757,0.09236224807369398,0.1459989447547685,6434,5fe6a64c4486fd7e681b8b1ddd6ef9591e6a2da3d152d762c40cbac10dffe005,three_row_sha256,d7b9d2ff4f283ee331409233eee337b72c7d838e13e5958a204f79629931a492,944f93c6fa033d604d9e90219484c40564bfebf4e3306a041f5ec522a76c0b9b,0f2cf9a67445117338a1c28f1312c232b1cbb8285fc218b4057ed38b092a75be,0.22682594135403633,0.22175605408847332,0.22346898913383484,0.5763850640505552,0.13419589959084988,0.5594191607087851,0.05932501517236233,2.001376124098897,0.0,0.0,14.002803014591336,19.179014023393393,118.72118106111884,4500,4500,3000.0,,,False,False,ok
BNCI2014_001,resampled_spectral_raw_power_s1,resampled,spectral,raw_power,1,6398,10,500,500,1.0,22,253,0.0006775657502824939,0.02603009316699604,5.980356074407246,0.8540431112217215,14.595688877827845,14.595688877827845,0.000327391333299223,0.982173999897669,0.0003903855243810494,0.0002381353496712714,0.0016178556753400674,7.802271723651061e-05,188.24073761048203,5.716247880429664,0.03017952124818757,0.09236224807369398,0.1459989447547685,6443,35444c4e0d7cd75f23656a66f28f2cc1de595f106fac6a0f2e925106add1c0ff,three_row_sha256,0478c689f962cd83e26734d64ee7c221341f3383f06bd60a9efc8f00dba32e79,944f93c6fa033d604d9e90219484c40564bfebf4e3306a041f5ec522a76c0b9b,0f2cf9a67445117338a1c28f1312c232b1cbb8285fc218b4057ed38b092a75be,0.25102682411670685,0.2258368767797947,0.2437711227685213,0.5864701233804226,0.13782409951090813,0.5853539332747459,0.0630929134786129,2.0933758933097124,0.0,0.0,12.74365489371121,21.272389916703105,131.46483595483005,5000,5000,3000.0,,,False,False,ok
BNCI2014_001,resampled_spectral_raw_power_s1,resampled,spectral,raw_power,1,6398,11,500,500,1.0,22,253,0.0005963643278187515,0.02442057181596597,5.971916576144281,0.8528378827597412,14.716211724025888,14.716211724025888,0.00030016065117613753,0.9004819535284126,0.0003596885998904967,0.00020253726105578875,0.0014284774391274046,5.861368899717966e-05,188.240737610482,5.716247880429664,0.03017952124818757,0.09236224807369398,0.1459989447547685,6453,d27c394a7d786dc54ee143e9a78e877a467c2c1b1a45486002a71e9dafb0b5ca,three_row_sha256,0822584017d53dd0072c0ea1eb6d54005d949ec1d9baca79308f5155412403ef,944f93c6fa033d604d9e90219484c40564bfebf4e3306a041f5ec522a76c0b9b,0f2cf9a67445117338a1c28f1312c232b1cbb8285fc218b4057ed38b092a75be,0.22818101570010185,0.2213821280747652,0.22593606263399124,0.5675549618899822,0.13405503705143929,0.565763097256422,0.05935784429311752,2.0022301468998194,0.0,0.0,13.47579900175333,23.274620063602924,144.94063495658338,5500,5500,3000.0,,,False,False,ok
BNCI2014_001,resampled_spectral_raw_power_s1,resampled,spectral,raw_power,1,6398,12,500,500,1.0,22,253,0.0005395118149237794,0.023227393631739646,5.958075462599802,0.8508612600424271,14.913873995757285,14.913873995757285,0.0002708747081683829,0.8126241245051488,0.0003295294665267112,0.0001773080128899249,0.0012279082487975546,5.125961236642343e-05,188.24073761048203,5.716247880429664,0.03017952124818757,0.09236224807369398,0.1459989447547685,6464,c9bf8a38de3ced49a95858ecaaca1dfd622ed7f19d8059adcdb03f3897d4c6a5,three_row_sha256,50b4d30421c68bcebeef22af2a8cbcf889beddf6481ea4905c8cfea280418a68,944f93c6fa033d604d9e90219484c40564bfebf4e3306a041f5ec522a76c0b9b,0f2cf9a67445117338a1c28f1312c232b1cbb8285fc218b4057ed38b092a75be,0.25900593027472496,0.22854097187519073,0.24666287936270237,0.5983540322631598,0.13936101458966732,0.5937409587204456,0.06426079198718071,2.1299265790730715,0.0,0.0,13.703583041206002,25.404546642675996,158.64421799778938,6000,6000,3000.0,,,False,False,ok
BNCI2014_001,resampled_spectral_raw_power_s1,resampled,spectral,raw_power,1,6398,13,500,500,1.0,22,253,0.0005511337982946723,0.023476239015112116,5.95316832972259,0.8501604818650931,14.983951813490698,14.983951813490698,0.00028428598275047215,0.8528579482514165,0.0003292969229050662,0.00018034186298308187,0.0016544324894522326,7.34719381961031e-05,188.240737610482,5.716247880429664,0.03017952124818757,0.09236224807369398,0.1459989447547685,6476,287a07980b0806f18f67df932e981cc954ed0925bb7ccffc99db0617ec3ca6c8,three_row_sha256,4f3dc703305a816774017ad101b96870562dfd1d91d5396b9f3c671027107381,944f93c6fa033d604d9e90219484c40564bfebf4e3306a041f5ec522a76c0b9b,0f2cf9a67445117338a1c28f1312c232b1cbb8285fc218b4057ed38b092a75be,0.22473512217402458,0.22179912775754929,0.22292393259704113,0.5663949996232986,0.1364150084555149,0.5692010745406151,0.05997391417622566,2.0014431793242693,0.0,0.0,13.088937848806381,27.405989822000265,171.73315584659576,6500,6500,3000.0,,,False,False,ok
BNCI2014_001,resampled_spectral_raw_power_s1,resampled,spectral,raw_power,1,6398,14,500,500,1.0,22,253,0.0004906295290315304,0.022150158668315007,5.949844435059487,0.8496858028820808,15.031419711791912,15.031419711791912,0.0002442061973739603,0.7326185921218809,0.00030579019213514895,0.0001569481732101713,0.0011253967429378927,7.203265709557259e-05,188.24073761048203,5.716247880429664,0.03017952124818757,0.09236224807369398,0.1459989447547685,6489,59cbdb89cd1f3574bb080dc85b023055f9d1d120406e0d4c45da21f97a52426b,three_row_sha256,2cf872b14d68db2439a681f306cf204550187f9c88d634a2c4fc1433ac5af489,944f93c6fa033d604d9e90219484c40564bfebf4e3306a041f5ec522a76c0b9b,0f2cf9a67445117338a1c28f1312c232b1cbb8285fc218b4057ed38b092a75be,0.3846569452434778,0.2531080972403288,0.2530550118535757,0.9216119069606066,0.190401216968894,0.5774819292128086,0.06465800106525421,2.6449731085449457,0.0,0.0,11.1725521273911,30.05096293054521,182.90570797398686,7000,7000,3000.0,,,False,False,ok
BNCI2014_001,resampled_spectral_raw_power_s1,resampled,spectral,raw_power,1,6398,15,500,500,1.0,22,253,0.0005791825315108236,0.024066211407507074,5.963694963995725,0.851663770193324,14.833622980667604,14.833622980667604,0.00030633967221697434,0.9190190166509231,0.00030789838396856346,0.0002124190433928347,0.00248575893137183,5.161787813146372e-05,188.240737610482,5.716247880429664,0.03017952124818757,0.09236224807369398,0.1459989447547685,6503,c994de82f70996dc93117039f800138189c32c180e7f382cc49b30dbd4a10dc1,three_row_sha256,0b115812dc1d3524addeb6b26361e78e9d830e4c7baf3dae54b4af132f3b0d54,944f93c6fa033d604d9e90219484c40564bfebf4e3306a041f5ec522a76c0b9b,0f2cf9a67445117338a1c28f1312c232b1cbb8285fc218b4057ed38b092a75be,0.3967180382460356,0.25962083600461483,0.26381993666291237,1.0181230027228594,0.24736416526138783,0.8373928721994162,0.1105000264942646,3.1335388775914907,0.0,0.0,13.095848960801959,33.1845018081367,196.00155693478882,7500,7500,3000.0,,,False,False,ok
BNCI2014_001,resampled_spectral_raw_power_s1,resampled,spectral,raw_power,1,6398,16,500,500,1.0,22,253,0.00045850435078036996,0.021412714698990643,5.961474766726,0.8513467081053528,14.865329189464715,14.865329189464715,0.00023595491600690867,0.707864748020726,0.0002857045421856211,0.00014597802437359012,0.0010297396551602193,6.040224739818623e-05,188.24073761048203,5.716247880429664,0.03017952124818757,0.09236224807369398,0.1459989447547685,6518,aa14e8189ed9091febf681bd8aa1b756cdb2f25b65f195db910aa35cff4f9807,three_row_sha256,5dc299bff18ac89db0dcd1e04f90b434ac1093dd615f5753131c57ab733fa94d,944f93c6fa033d604d9e90219484c40564bfebf4e3306a041f5ec522a76c0b9b,0f2cf9a67445117338a1c28f1312c232b1cbb8285fc218b4057ed38b092a75be,0.2794000320136547,0.22834097035229206,0.24642189964652061,0.6981459446251392,0.1676029060035944,0.8443850092589855,0.10134698823094368,2.56564375013113,0.0,0.0,14.864580007269979,35.75014555826783,210.8661369420588,8000,8000,3000.0,,,False,False,ok
BNCI2014_001,resampled_spectral_raw_power_s1,resampled,spectral,raw_power,1,6398,17,500,500,1.0,22,253,0.0004750563598261839,0.02179578766244028,5.959975276184949,0.8511325687546196,14.886743124538036,14.886743124538036,0.0002476676937186131,0.7430030811558394,0.0002926489470011953,0.00015458420395555834,0.0011464893699578232,4.866187530640643e-05,188.24073761048203,5.716247880429664,0.03017952124818757,0.09236224807369398,0.1459989447547685,6534,1c541a573d205dc3c0c1c1ede37e6da5f0e69e1cfea60698b9a26781555e52cb,three_row_sha256,cbc85b78af4a2899e37927e0157e083062aad3a8fb9d1adc27b2423751f94de7,944f93c6fa033d604d9e90219484c40564bfebf4e3306a041f5ec522a76c0b9b,0f2cf9a67445117338a1c28f1312c232b1cbb8285fc218b4057ed38b092a75be,0.4788460209965706,0.24560908786952496,0.26568491011857986,0.8350179996341467,0.1991491299122572,0.6802140269428492,0.09123096242547035,2.795752137899399,0.0,0.0,13.650174019858241,38.54589769616723,224.51631096191704,8500,8500,3000.0,,,False,False,ok
BNCI2014_001,resampled_spectral_raw_power_s1,resampled,spectral,raw_power,1,6398,18,500,500,1.0,22,253,0.000472577490733701,0.02173884750242526,5.954678280623702,0.850376115039662,14.962388496033793,14.962388496033793,0.000244921457232486,0.734764371697458,0.00028292842342039385,0.0001566395822538707,0.0011713071862887643,5.938432427045694e-05,188.240737610482,5.716247880429664,0.03017952124818757,0.09236224807369398,0.1459989447547685,6551,6fa29e7018c593da5980dee4279fb8ce8846091ee43a278913fc398805215f96,three_row_sha256,0e3f26a8303d7a0c88a05e375a816867fc98cc17aba17e8f6ab22669e6d77b2d,944f93c6fa033d604d9e90219484c40564bfebf4e3306a041f5ec522a76c0b9b,0f2cf9a67445117338a1c28f1312c232b1cbb8285fc218b4057ed38b092a75be,0.3410959616303444,0.24663610383868217,0.2635749988257885,0.8189550135284662,0.19996915943920612,0.8207110222429037,0.08760998025536537,2.7785522397607565,0.0,0.0,15.206277137622237,41.32444993592799,239.72258809953928,9000,9000,3000.0,,,False,False,ok
BNCI2014_001,resampled_spectral_raw_power_s1,resampled,spectral,raw_power,1,6398,19,500,500,1.0,22,253,0.0004404635206312238,0.020987222794624918,5.945066652831086,0.8490034970213068,15.099650297869314,15.099650297869314,0.00022994873401823123,0.6898462020546936,0.00027665999910389376,0.00013901612946546347,0.0010595621222569867,5.3624840499138306e-05,188.24073761048203,5.716247880429664,0.03017952124818757,0.09236224807369398,0.1459989447547685,6569,94dab82fd362cf026b0f4f16e79465b0f3ef4ea1e83c05c233caa020fbef0f28,three_row_sha256,adb617a77c0b9548873f0ff449d67b530d4be0816652c09b133910960bcf40b9,944f93c6fa033d604d9e90219484c40564bfebf4e3306a041f5ec522a76c0b9b,0f2cf9a67445117338a1c28f1312c232b1cbb8285fc218b4057ed38b092a75be,0.32767700031399727,0.24028494954109192,0.2547949552536011,0.8112101349979639,0.19387295469641685,0.6585721857845783,0.08509820327162743,2.5715103838592768,0.0,0.0,14.19121096841991,43.895960319787264,253.9137990679592,9500,9500,3000.0,,,False,False,ok
BNCI2014_001,resampled_spectral_raw_power_s1,resampled,spectral,raw_power,1,6398,20,500,500,1.0,22,253,0.0004686613382995395,0.021648587443515558,5.935593906470396,0.847650712392258,15.234928760774205,15.234928760774205,0.00023747273740236762,0.7124182122071029,0.00028612243482524567,0.0001532156071704985,0.0010209320102138838,5.380767458969469e-05,188.240737610482,5.716247880429664,0.03017952124818757,0.09236224807369398,0.1459989447547685,6588,0e6e554e8431dea25620df1e79be8c5e978cf973a4cceb9301a99eca33705da6,three_row_sha256,f5121b5320fb194816941343a27846edc1dc26f92d9eaf909cfbc790ae8781d9,944f93c6fa033d604d9e90219484c40564bfebf4e3306a041f5ec522a76c0b9b,0f2cf9a67445117338a1c28f1312c232b1cbb8285fc218b4057ed38b092a75be,0.35779993049800396,0.24767196737229824,0.2716551534831524,0.8273441344499588,0.19634608179330826,0.6542950868606567,0.0901420135051012,2.6452543679624796,0.0,0.0,15.073972987011075,46.54121468774974,268.98777205497026,10000,10000,3000.0,,,False,False,ok
BNCI2014_001,resampled_spectral_raw_power_s1,resampled,spectral,raw_power,1,6398,21,500,500,1.0,22,253,0.0004201300920873074,0.020497075208119508,5.925912379672956,0.8462681122319017,15.373188776809826,15.373188776809826,0.0002253165407536966,0.6759496222610898,0.00025908919726818914,0.00013600845344891713,0.0009708894361818163,6.295804042611125e-05,188.24073761048203,5.716247880429664,0.03017952124818757,0.09236224807369398,0.1459989447547685,6608,f5765d4f1f3d7cfcfe76040ada3dcc6e960f0b52f90d8583b7e7bcf8d2a8df47,three_row_sha256,4c2c287893c685e04cd31eff588079c81a0d5070b2773b31288553a3f53e6a55,944f93c6fa033d604d9e90219484c40564bfebf4e3306a041f5ec522a76c0b9b,0f2cf9a67445117338a1c28f1312c232b1cbb8285fc218b4057ed38b092a75be,0.3159521147608757,0.24184701032936573,0.2492938656359911,0.7951201405376196,0.19316119141876698,0.8133880328387022,0.08374894969165325,2.6925113052129745,0.0,0.0,13.705213088542223,49.23372599296272,282.6929851435125,10500,10500,3000.0,,,False,False,ok
BNCI2014_001,resampled_spectral_raw_power_s1,resampled,spectral,raw_power,1,6398,22,500,500,1.0,22,253,0.0004143980269597946,0.020356768578529222,5.919196966032925,0.845309096968109,15.469090303189105,15.469090303189105,0.00022757596418314843,0.6827278925494453,0.00025557715821282906,0.00013288125403596496,0.0012516131756867693,3.5187282791172044e-05,188.240737610482,5.716247880429665,0.03017952124818757,0.09236224807369398,0.1459989447547685,6629,def7b9746b73e496b7f4e3323549f67156eb3965c03bac7edd6b525803f8352e,three_row_sha256,790d2146cb45afd91973afda5172ea3329f4526c9381789ed8c40f7567ee3e96,944f93c6fa033d604d9e90219484c40564bfebf4e3306a041f5ec522a76c0b9b,0f2cf9a67445117338a1c28f1312c232b1cbb8285fc218b4057ed38b092a75be,0.2962190192192793,0.2364900428801775,0.24378206580877304,0.7686789613217115,0.1926179975271225,0.6284140981733799,0.08355686441063881,2.4497590493410826,0.0,0.0,13.841571984812617,51.6834850423038,296.5345571283251,11000,11000,3000.0,,,False,False,ok
BNCI2014_001,resampled_spectral_raw_power_s1,resampled,spectral,raw_power,1,6398,23,500,500,1.0,22,253,0.0004382970864926601,0.020935546004168606,5.916215649347536,0.8448833408850518,15.511665911494827,15.511665911494827,0.0002385709648093682,0.7157128944281047,0.0002631053228370133,0.00014162125139898185,0.0013474935297000865,5.9040247936135067e-05,188.24073761048203,5.716247880429664,0.03017952124818757,0.09236224807369398,0.1459989447547685,6651,6cf8489619526108b0e10fb020d1d04942d228563f0f20d90a2459ab310cd02b,three_row_sha256,ff5c76aa4e2eba86fdba74bd14f02fa1dacf8cc074c771dd9ded5ccbf7fc682c,944f93c6fa033d604d9e90219484c40564bfebf4e3306a041f5ec522a76c0b9b,0f2cf9a67445117338a1c28f1312c232b1cbb8285fc218b4057ed38b092a75be,0.32907305285334587,0.24338485673069954,0.26030000299215317,0.9315698407590389,0.2065720036625862,0.7971818558871746,0.09703612886369228,2.8651177417486906,0.0,0.0,14.257936039939523,54.54860278405249,310.7924931682646,11500,11500,3000.0,,,False,False,ok
BNCI2014_001,resampled_spectral_raw_power_s1,resampled,spectral,raw_power,1,6398,24,500,500,1.0,22,253,0.0004016518931984197,0.020041254781036532,5.905618065747318,0.8433699204203248,15.663007957967524,15.663007957967524,0.00021178957069078,0.63536871207234,0.0002581285900267543,0.00012789325077188518,0.0006841146874912749,6.354469088682476e-05,188.24073761048203,5.716247880429664,0.03017952124818757,0.09236224807369398,0.1459989447547685,6674,547982c4eed730e63a2b8f77bbbb561827f860ff661c433ee118b66ee7f577b6,three_row_sha256,17fe63f6338d0322804a4b6dce8de2d34e70ed1bb7c7cf49a6ab313e90ba7a05,944f93c6fa033d604d9e90219484c40564bfebf4e3306a041f5ec522a76c0b9b,0f2cf9a67445117338a1c28f1312c232b1cbb8285fc218b4057ed38b092a75be,0.3264800179749727,0.2391641028225422,0.2544398885220289,0.8052508346736431,0.1985449343919754,0.6534841377288103,0.08842209354043007,2.5657860096544027,0.0,0.0,14.62299912236631,57.114388793706894,325.41549229063094,12000,12000,3000.0,,,False,False,ok
BNCI2014_001,resampled_spectral_raw_power_s1,resampled,spectral,raw_power,1,6398,25,500,500,1.0,22,253,0.0004299006622028203,0.02073404596799236,5.895236042042298,0.8418872836482841,15.811271635171591,15.811271635171591,0.0002240940448304501,0.6722821344913503,0.00026960202423724966,0.00013611412925081858,0.0009351046834404038,6.455119966401694e-05,188.24073761048203,5.716247880429664,0.03017952124818757,0.09236224807369398,0.1459989447547685,6698,59556ffff343a55262574d838f5ee4dcc75aee3ef7a6e5794d435886c162ce96,three_row_sha256,9a335e511549fd999a43942cd622897e24ea00b2f177684cac57932971caa388,944f93c6fa033d604d9e90219484c40564bfebf4e3306a041f5ec522a76c0b9b,0f2cf9a67445117338a1c28f1312c232b1cbb8285fc218b4057ed38b092a75be,0.3123038914054632,0.23912894539535046,0.2486659213900566,0.7923759985715151,0.1913909800350666,0.8275250438600779,0.08117291145026684,2.6925636921077967,0.0,0.0,15.269950032234192,59.80695248581469,340.68544232286513,12500,12500,3000.0,,,False,False,ok
BNCI2014_001,resampled_spectral_raw_power_s1,resampled,spectral,raw_power,1,6398,26,500,500,1.0,22,253,0.0004223175705540986,0.020550366676877048,5.892217020207292,0.8414561429655664,15.854385703443358,15.854385703443358,0.00022090700192827552,0.6627210057848266,0.0002595338340485623,0.00014016834332858288,0.0009371199154045926,6.537668918257816e-05,188.24073761048203,5.716247880429664,0.03017952124818757,0.09236224807369398,0.1459989447547685,6723,a6a2b278d97fda7809fb6952fddfd02497b0c4008e8dcc97c0efe98ec3380f2f,three_row_sha256,21dbf12cd52c29bff8c4aa48852ed9ab30038953f66e8f075a9cad16f919278f,944f93c6fa033d604d9e90219484c40564bfebf4e3306a041f5ec522a76c0b9b,0f2cf9a67445117338a1c28f1312c232b1cbb8285fc218b4057ed38b092a75be,0.3192988224327564,0.24037621915340424,0.24967920035123825,0.8134378585964441,0.19387109205126762,0.48140203580260277,0.08671986870467663,2.38478509709239,0.0,0.0,14.012080151587725,62.19173758290708,354.69752247445285,13000,13000,3000.0,,,False,False,ok
BNCI2014_001,resampled_spectral_raw_power_s1,resampled,spectral,raw_power,1,6398,27,500,500,1.0,22,253,0.0004241166186575499,0.020594091838620848,5.892857141228736,0.8415475574134538,15.84524425865462,15.84524425865462,0.00022991751136614257,0.6897525340984278,0.00026121478100866026,0.00013391063142489262,0.0012485674352680992,4.79297878124269e-05,188.24073761048203,5.716247880429664,0.03017952124818757,0.09236224807369398,0.1459989447547685,6749,6ece0b1951912571f4cbe2c6ea79cfa6c8e4add1aa44b041b1bd17b4037327e5,three_row_sha256,6dfd87f9abf4f46744983cdeebf1d3a866eb3b3957d52f4c4ad7133c15f6a01c,944f93c6fa033d604d9e90219484c40564bfebf4e3306a041f5ec522a76c0b9b,0f2cf9a67445117338a1c28f1312c232b1cbb8285fc218b4057ed38b092a75be,0.3624709788709879,0.24520885199308395,0.26404811069369316,0.812299782410264,0.20885001868009567,0.68835006095469,0.10073790326714516,2.68196570686996,0.0,0.0,14.749635010957718,64.87370328977704,369.44715748541057,13500,13500,3000.0,,,False,False,ok
BNCI2014_001,resampled_spectral_raw_power_s1,resampled,spectral,raw_power,1,6398,28,500,500,1.0,22,253,0.0004012652812196724,0.020031607055343122,5.884299078052221,0.8403253969249537,15.967460307504638,15.967460307504638,0.00021070602398831062,0.6321180719649319,0.00025726048113723155,0.00012602091837582576,0.0008119270239560648,5.557217211828886e-05,188.24073761048206,5.716247880429664,0.03017952124818757,0.09236224807369398,0.1459989447547685,6776,17bf349fce87ec578a1608e86a45a9ede41e68a4626354785087de74c2da1a04,three_row_sha256,09e14cbadcb6468fcc70f6bab3300b9380ceb5d66d46b45dd414576b65153cdc,944f93c6fa033d604d9e90219484c40564bfebf4e3306a041f5ec522a76c0b9b,0f2cf9a67445117338a1c28f1312c232b1cbb8285fc218b4057ed38b092a75be,0.3098039887845516,0.23825699463486671,0.24331198073923588,0.7631250191479921,0.20095310173928738,0.6236450280994177,0.08335313759744167,2.462449250742793,0.0,0.0,13.831977033987641,67.33615254051983,383.2791345193982,14000,14000,3000.0,,,False,False,ok
BNCI2014_001,resampled_spectral_raw_power_s1,resampled,spectral,raw_power,1,6398,29,500,500,1.0,22,253,0.00040050383779739523,0.02001259198098525,5.878550456298676,0.839504447344937,16.049555265506303,16.049555265506303,0.0002141256353248125,0.6423769059744374,0.00025206879965079576,0.00012533038295492265,0.0008683278955850265,4.2641249416645534e-05,188.24073761048203,5.716247880429665,0.03017952124818757,0.09236224807369398,0.1459989447547685,6804,ba5dce0b1b6c76f5560a4d15d137a076ec24969c7c702c933c98c2b89c88a93e,three_row_sha256,9e354ce22fdc9a111f9c10e14073995ff9c48c08e7ab0eb211a8a413d355ad02,944f93c6fa033d604d9e90219484c40564bfebf4e3306a041f5ec522a76c0b9b,0f2cf9a67445117338a1c28f1312c232b1cbb8285fc218b4057ed38b092a75be,0.30865403823554516,0.23965304717421532,0.24196295998990536,0.7610688917338848,0.20017893984913826,0.7373569533228874,0.09298790246248245,2.5818627327680588,0.0,0.0,15.9080910962075,69.91801527328789,399.1872256156057,14500,14500,3000.0,,,False,False,ok
BNCI2014_001,resampled_spectral_raw_power_s1,resampled,spectral,raw_power,1,6398,30,500,500,1.0,22,253,0.000404295340415406,0.02010709676744522,5.873626364788261,0.8388012473379186,16.119875266208137,16.119875266208137,0.00021677506698064968,0.650325200941949,0.00025299558563935233,0.0001285107061307996,0.0009699407519605239,3.5762947518292004e-05,188.24073761048203,5.716247880429664,0.03017952124818757,0.09236224807369398,0.1459989447547685,6833,90062b7f18245ff1c6c2a914709594b12de3205421c3171ec5d864a9146e7407,three_row_sha256,17696b0f6dd4cbe4eef5f2e5d239122eee386f385debcf3cc8d18ffeecdc8d16,944f93c6fa033d604d9e90219484c40564bfebf4e3306a041f5ec522a76c0b9b,0f2cf9a67445117338a1c28f1312c232b1cbb8285fc218b4057ed38b092a75be,0.29972102493047714,0.24380115792155266,0.23552891798317432,0.7734848186373711,0.1896340399980545,0.7673760410398245,0.0807768665254116,2.590322867035866,0.0,0.0,15.635099029168487,72.50833814032376,414.8223246447742,15000,15000,3000.0,,,False,False,ok
BNCI2014_001,resampled_spectral_raw_power_s1,resampled,spectral,raw_power,1,6398,31,500,500,1.0,22,253,0.0004176989171740821,0.020437683752668308,5.852547205566029,0.8357909732839816,16.420902671601848,16.420902671601848,0.00023305186191554104,0.6991555857466231,0.00025217367536914447,0.0001362162159593488,0.0014270194610137947,5.79615497095251e-05,188.240737610482,5.716247880429664,0.03017952124818757,0.09236224807369398,0.1459989447547685,6863,73254bf11fec1755f3e6816295550493274f4feb6f4f7b2a7c30a534a6d758b8,three_row_sha256,89b0e4f5130a2b8de2ccb505b807d2ae0c1d212cb43a1d7665058851a19c3eb3,944f93c6fa033d604d9e90219484c40564bfebf4e3306a041f5ec522a76c0b9b,0f2cf9a67445117338a1c28f1312c232b1cbb8285fc218b4057ed38b092a75be,0.34693186171352863,0.24710409343242645,0.2704937942326069,0.8262509945780039,0.19633094780147076,0.654648058116436,0.09038299322128296,2.6321427430957556,0.0,0.0,14.831928070634604,75.14048088341951,429.6542527154088,15500,15500,3000.0,,,False,False,ok
BNCI2014_001,resampled_spectral_raw_power_s1,resampled,spectral,raw_power,1,6398,32,500,500,1.0,22,253,0.00039244473294905934,0.01981021789251848,5.84966353710366,0.8353791621552308,16.462083784476928,16.462083784476928,0.0002082274668888636,0.6246824006665909,0.0002523088875454272,0.00012273857333718359,0.0007879619095785178,7.034001411221017e-05,188.240737610482,5.716247880429664,0.03017952124818757,0.09236224807369398,0.1459989447547685,6894,ccecf529bec309412040d45987d1234d336c4d3513065104ecc1ec9733603bc3,three_row_sha256,e05535bc9aec3cdea9f5b4632dafa9409587a041928bc5f3168bc7676d4d6328,944f93c6fa033d604d9e90219484c40564bfebf4e3306a041f5ec522a76c0b9b,0f2cf9a67445117338a1c28f1312c232b1cbb8285fc218b4057ed38b092a75be,0.30538090504705906,0.23778295144438744,0.24567893706262112,0.7901550270617008,0.1922929659485817,0.835781916975975,0.08124415762722492,2.68831686116755,0.0,0.0,15.315800905227661,77.82879774458706,444.97005362063646,16000,16000,3000.0,,,False,False,ok
BNCI2014_001,resampled_spectral_raw_power_s1,resampled,spectral,raw_power,1,6398,33,500,500,1.0,22,253,0.0004050981875958605,0.02012705114009155,5.838382180492409,0.8337680933862144,16.62319066137856,16.62319066137856,0.00021519929949269145,0.6455978984780744,0.00025443298160080587,0.0001306795510331398,0.0008938214249101105,5.4705922969586635e-05,188.240737610482,5.716247880429664,0.03017952124818757,0.09236224807369398,0.1459989447547685,6926,2fd4926d5d694c46ffd1d4d1416f274285676df74bdd7455ff496983665aa8a1,three_row_sha256,e9eeeb4e904818cc8dca8cdc479e45d0be2adaab32837a853cc9e943ac0a2fdb,944f93c6fa033d604d9e90219484c40564bfebf4e3306a041f5ec522a76c0b9b,0f2cf9a67445117338a1c28f1312c232b1cbb8285fc218b4057ed38b092a75be,0.30383700504899025,0.24378695525228977,0.24035200476646423,0.7674309890717268,0.19301497377455235,0.9968050289899111,0.12351083569228649,2.868737792596221,0.0,0.0,15.504915965721011,80.69753553718328,460.4749695863575,16500,16500,3000.0,,,False,False,ok
BNCI2014_001,resampled_spectral_raw_power_s1,resampled,spectral,raw_power,1,6398,34,500,500,1.0,22,253,0.0004246723808465918,0.020607580664565934,5.8348562527744665,0.833264562452486,16.673543754751392,16.673543754751392,0.00022663950504723813,0.6799185151417144,0.00025656164269210834,0.0001397134795822936,0.001037788388878441,4.417992613712242e-05,188.24073761048203,5.716247880429664,0.03017952124818757,0.09236224807369398,0.1459989447547685,6959,eb8f132bddd31ec0620580bd1b7f37736a90abea5ab5b40c4cdf91abc7847ba8,three_row_sha256,50f542baff9eea4c4bb5d5ad013acbd5ea6d9961fdcdf1efa16d16814a602500,944f93c6fa033d604d9e90219484c40564bfebf4e3306a041f5ec522a76c0b9b,0f2cf9a67445117338a1c28f1312c232b1cbb8285fc218b4057ed38b092a75be,0.3184308297932148,0.2402330283075571,0.25358120910823345,0.7963709067553282,0.19404292106628418,0.641081016510725,0.08330820128321648,2.527048112824559,0.0,0.0,14.890105929225683,83.22458365000784,475.36507551558316,17000,17000,3000.0,,,False,False,ok
BNCI2014_001,resampled_spectral_raw_power_s1,resampled,spectral,raw_power,1,6398,35,500,500,1.0,22,253,0.00038636302128084956,0.019656119181589472,5.829654300774579,0.832521681725129,16.7478318274871,16.7478318274871,0.0002064411260433392,0.6193233781300176,0.0002458360432735402,0.00012337126636173526,0.0007730706782652529,5.7908676360171675e-05,188.240737610482,5.716247880429664,0.03017952124818757,0.09236224807369398,0.1459989447547685,6993,d391c47deeb5a0fffbc4a7707a4c183aa87e17627cde3a3b9f181bafd6e811fd,three_row_sha256,155dd53e3e5bc7dfbdb024c8db957e3183d09dda0d8a8e9ed7b4745a636a5d28,944f93c6fa033d604d9e90219484c40564bfebf4e3306a041f5ec522a76c0b9b,0f2cf9a67445117338a1c28f1312c232b1cbb8285fc218b4057ed38b092a75be,0.32927701249718666,0.24162698537111282,0.25682616978883743,0.8024070411920547,0.19241892732679844,0.6484610494226217,0.08461996912956238,2.555637154728174,0.0,0.0,14.660904882475734,85.78022080473602,490.0259803980589,17500,17500,3000.0,,,False,False,ok
BNCI2014_001,resampled_spectral_raw_power_s1,resampled,spectral,raw_power,1,6398,36,500,500,1.0,22,253,0.0004001272137484987,0.020003180090888015,5.823355787358702,0.831622203177892,16.837779682210794,16.837779682210794,0.00021948428746705704,0.6584528624011712,0.00024867157284163367,0.00012616194021380304,0.001077069991802346,4.610660640975619e-05,188.24073761048206,5.716247880429664,0.03017952124818757,0.09236224807369398,0.1459989447547685,7028,2025cb164f1612fad3abc4fa22d76b671362dd3115b7ee38b779e5a1f220b6ac,three_row_sha256,2afc6a925a857b1e6e89bb3180e1764878336f97448f862eec3cd88f968ffacd,944f93c6fa033d604d9e90219484c40564bfebf4e3306a041f5ec522a76c0b9b,0f2cf9a67445117338a1c28f1312c232b1cbb8285fc218b4057ed38b092a75be,0.3096850123256445,0.24040392599999905,0.24745706468820572,0.800000037997961,0.19252998754382133,0.7524739485234022,0.08503394201397896,2.627583919093013,0.0,0.0,16.11753599718213,88.40780472382903,506.143516395241,18000,18000,3000.0,,,False,False,ok
BNCI2014_001,resampled_spectral_raw_power_s1,resampled,spectral,raw_power,1,6398,37,500,500,1.0,22,253,0.00038545111606415257,0.0196329090066692,5.8213601157060735,0.8313372051600513,16.86627948399487,16.86627948399487,0.00021588347424197205,0.6476504227259161,0.0002389874735596962,0.00012041565327095147,0.000967854636483082,4.6083196792910756e-05,188.24073761048203,5.716247880429664,0.03017952124818757,0.09236224807369398,0.1459989447547685,7064,6ed3b7d6134f213e5455c036771aa26b2e7886f6f0d2a2d4546dbf01ee551a69,three_row_sha256,876b104d9165decd75ab4e34028f9527cd75b20990e8ecff4fb343b2e8effa03,944f93c6fa033d604d9e90219484c40564bfebf4e3306a041f5ec522a76c0b9b,0f2cf9a67445117338a1c28f1312c232b1cbb8285fc218b4057ed38b092a75be,0.33019809052348137,0.24212501011788845,0.2518638502806425,0.8080790285021067,0.19483687356114388,0.6450249347835779,0.0884300097823143,2.560557797551155,0.0,0.0,13.691372005268931,90.96836252138019,519.83488840051,18500,18500,3000.0,,,False,False,ok
BNCI2014_001,resampled_spectral_raw_power_s1,resampled,spectral,raw_power,1,6398,38,500,500,1.0,22,253,0.0004341356094170058,0.020835921131953965,5.82083834113968,0.8312626915410469,16.873730845895306,16.873730845895306,0.0002350556751443357,0.705167025433007,0.00025484364411010736,0.00014542944419291363,0.0014325458335478756,5.5157291824033147e-05,188.24073761048203,5.716247880429664,0.03017952124818757,0.09236224807369398,0.1459989447547685,7101,8299ec5f5ab99e7033dbe8764c1888df148229e327e270aed0e790a361c17988,three_row_sha256,b0ab0cd02aac49ed65b710efb56f359b0e33e8b41c50845b46bf691162d80937,944f93c6fa033d604d9e90219484c40564bfebf4e3306a041f5ec522a76c0b9b,0f2cf9a67445117338a1c28f1312c232b1cbb8285fc218b4057ed38b092a75be,0.34897588193416595,0.24415086954832077,0.26466697454452515,0.8272319100797176,0.1977561041712761,0.7817868608981371,0.0881589949131012,2.752727596089244,0.0,0.0,15.92002110555768,93.72109011746943,535.7549095060676,19000,19000,3000.0,,,False,False,ok
BNCI2014_001,resampled_spectral_raw_power_s1,resampled,spectral,raw_power,1,6398,39,500,500,1.0,22,253,0.00038933047999253055,0.019731459145043748,5.815227118852622,0.8304613637137117,16.953863628628827,16.953863628628827,0.00020976956007127351,0.6293086802138206,0.00024720079100461705,0.00012236346496301864,0.0008909988198462811,6.883629036237129e-05,188.240737610482,5.716247880429665,0.03017952124818757,0.09236224807369398,0.1459989447547685,7139,f1d0f3345cc0bd2a53e0a3bbf14b5b40496271cc8adeb226416b07ceab169be7,three_row_sha256,73ce446b2b50e75facb5daf48d6647b914c0fa0cabd23a4ecc9c146cd8cec03b,944f93c6fa033d604d9e90219484c40564bfebf4e3306a041f5ec522a76c0b9b,0f2cf9a67445117338a1c28f1312c232b1cbb8285fc218b4057ed38b092a75be,0.3657168708741665,0.24743890389800072,0.27099810540676117,0.8280610200017691,0.1968001015484333,0.789114972576499,0.0910020899027586,2.7891320642083883,0.0,0.0,14.596436871215701,96.51022218167782,550.3513463772833,19500,19500,3000.0,,,False,False,ok
BNCI2014_001,resampled_spectral_raw_power_s1,resampled,spectral,raw_power,1,6398,40,500,500,1.0,22,253,0.00041396229284400407,0.020346063325469232,5.81714969099814,0.8307359225319957,16.926407746800432,16.926407746800432,0.0002233190608719405,0.6699571826158215,0.0002523879009534781,0.0001348045422266824,0.0010012206606957014,3.722283320675709e-05,188.24073761048203,5.716247880429664,0.03017952124818757,0.09236224807369398,0.1459989447547685,7178,4c92b9733b03e21b218235120710d36856f872a54c69fb55eb7f1f78a0a1743f,three_row_sha256,25ea9597528390b209ed45eefa84358e2d963164ef222bd95e0be80e9b4114b1,944f93c6fa033d604d9e90219484c40564bfebf4e3306a041f5ec522a76c0b9b,0f2cf9a67445117338a1c28f1312c232b1cbb8285fc218b4057ed38b092a75be,0.3373171202838421,0.2448740415275097,0.26173098012804985,0.8369190618395805,0.19675912335515022,0.7625250145792961,0.09059184230864048,2.730717184022069,0.0,0.0,13.832024997100234,99.24093936569989,564.1833713743836,20000,20000,3000.0,,,False,False,ok
BNCI2014_001,resampled_spectral_raw_power_s1,resampled,spectral,raw_power,1,6398,41,500,500,1.0,22,253,0.00035696597312391234,0.01889354315960647,5.80901302538231,0.8295739410160032,17.04260589839968,17.04260589839968,0.00019392481026928932,0.581774430807868,0.00023501386528820714,0.00010980318201372387,0.0006210204094409497,5.4167843298606616e-05,188.24073761048203,5.716247880429665,0.03017952124818757,0.09236224807369398,0.1459989447547685,7218,b038d0c99f18d2715baa5ebb80caf881366e1cda5961d0848f6c3ec8a3064d8b,three_row_sha256,5b4dabb42dc55a6cf29aeb8a0f33ecdcb4fba2ee9c866fc07c68b840689bd403,944f93c6fa033d604d9e90219484c40564bfebf4e3306a041f5ec522a76c0b9b,0f2cf9a67445117338a1c28f1312c232b1cbb8285fc218b4057ed38b092a75be,0.34151296131312847,0.2458950038999319,0.2666059881448746,0.8260209579020739,0.19927392713725567,0.6714588962495327,0.08988496847450733,2.6406527031213045,0.0,0.0,13.93941999413073,101.88159206882119,578.1227913685143,20500,20500,3000.0,,,False,False,ok
BNCI2014_001,resampled_spectral_raw_power_s1,resampled,spectral,raw_power,1,6398,42,500,500,1.0,22,253,0.00037613247413030126,0.01939413504465464,5.804301918142754,0.8289011568817294,17.10988431182706,17.10988431182706,0.00020687876843467502,0.6206363053040251,0.0002392559009714315,0.0001173724782079482,0.000889043601739719,2.4370684009231158e-05,188.240737610482,5.716247880429665,0.03017952124818757,0.09236224807369398,0.1459989447547685,7259,d51410d7cce3f5b6eaf27892e546389411cea3f6ea2fa7a7f4306d4b7aaaa841,three_row_sha256,3d6bbe91432e80a45c7f8954a789788aa6a350119c292a1bd8fcd9b3f56d0870,944f93c6fa033d604d9e90219484c40564bfebf4e3306a041f5ec522a76c0b9b,0f2cf9a67445117338a1c28f1312c232b1cbb8285fc218b4057ed38b092a75be,0.33904798328876495,0.25212112814188004,0.26103598065674305,0.8202430326491594,0.19516819156706333,0.6427450571209192,0.08945795707404613,2.599819330498576,0.0,0.0,14.665520982816815,104.48141139931977,592.7883123513311,21000,21000,3000.0,,,False,False,ok
BNCI2014_001,resampled_spectral_raw_power_s1,resampled,spectral,raw_power,1,6398,43,500,500,1.0,22,253,0.00036908502110928783,0.0192115855959181,5.791718457202025,0.8271041371059759,17.28958628940241,17.28958628940241,0.00020636054713460278,0.6190816414038083,0.00023739087237670462,0.00011148850794649384,0.0008661002065140368,3.2495253667816915e-05,188.24073761048203,5.716247880429664,0.03017952124818757,0.09236224807369398,0.1459989447547685,7301,72d78ca0b03f8b5297252e1f187a84370af9fdfc6fd4379f187a6bed2c8d621e,three_row_sha256,2a89b0f1199a8e2d96a20a3217cfc0f161bcbe561686be725f92755ed9506d75,944f93c6fa033d604d9e90219484c40564bfebf4e3306a041f5ec522a76c0b9b,0f2cf9a67445117338a1c28f1312c232b1cbb8285fc218b4057ed38b092a75be,0.4729088395833969,0.24402816779911518,0.2727280370891094,0.8326969109475613,0.1986261922866106,0.6514911074191332,0.0874099787324667,2.7598892338573933,0.0,0.0,14.636036939918995,107.24130063317716,607.4243492912501,21500,21500,3000.0,,,False,False,ok
BNCI2014_001,resampled_spectral_raw_power_s1,resampled,spectral,raw_power,1,6398,44,500,500,1.0,22,253,0.0003920617608011072,0.01980054950755426,5.780479225506544,0.8254990841148959,17.450091588510407,17.450091588510407,0.0002130690158091095,0.6392070474273285,0.00024307208091765104,0.00012604265498282257,0.0008691835142034394,5.520723622111861e-05,188.24073761048203,5.716247880429664,0.03017952124818757,0.09236224807369398,0.1459989447547685,7344,14251a909ac5a6044f6c6f1c0ab08e51fa87dc5535a1c4ada32465d6cd149bef,three_row_sha256,47485d14429263b19445e7f7e539d9a735697d2516ea32ebf4f79c02591d6aa3,944f93c6fa033d604d9e90219484c40564bfebf4e3306a041f5ec522a76c0b9b,0f2cf9a67445117338a1c28f1312c232b1cbb8285fc218b4057ed38b092a75be,0.3549091052263975,0.24404702708125114,0.2658760640770197,0.8412280585616827,0.20718714222311974,0.620958860963583,0.09161396883428097,2.6258202269673347,0.0,0.0,14.821254881098866,109.8671208601445,622.245604172349,22000,22000,3000.0,,,False,False,ok
BNCI2014_001,resampled_spectral_raw_power_s1,resampled,spectral,raw_power,1,6398,45,500,500,1.0,22,253,0.00037763865234062294,0.01943292701423599,5.779701275546917,0.8253879865823028,17.461201341769712,17.461201341769712,0.00020683744480312781,0.6205123344093835,0.00024328430900474502,0.00011597635973914279,0.0008468890600065553,5.043735128229803e-05,188.24073761048203,5.716247880429664,0.03017952124818757,0.09236224807369398,0.1459989447547685,7388,f2da1261362b0cc355c3c6eba3fbce23bc78c408d443c0df40cf898443bbd739,three_row_sha256,e07e0f5b85c9d08bdc08878dada3e146bf3c90703886b89fcdf3d8e1bd49bb7b,944f93c6fa033d604d9e90219484c40564bfebf4e3306a041f5ec522a76c0b9b,0f2cf9a67445117338a1c28f1312c232b1cbb8285fc218b4057ed38b092a75be,0.3511591348797083,0.24585495702922344,0.2669040113687515,0.8468672167509794,0.20151189528405666,0.7690498605370522,0.09165611118078232,2.773003187030554,0.0,0.0,14.915082836523652,112.64012404717505,637.1606870088726,22500,22500,3000.0,,,False,False,ok
BNCI2014_001,resampled_spectral_raw_power_s1,resampled,spectral,raw_power,1,6398,46,500,500,1.0,22,253,0.0003610484243250911,0.019001274281613093,5.772481035809576,0.8243568780776714,17.564312192232858,17.564312192232858,0.00019820901032428215,0.5946270309728464,0.00023902975965234434,0.0001074666032002525,0.0006996456309753601,5.394851043761361e-05,188.240737610482,5.716247880429665,0.03017952124818757,0.09236224807369398,0.1459989447547685,7433,8bc1a9f84f4ec4c3d3321d024b7babd9cebb5b24a569dfc15a3a6126de16a265,three_row_sha256,f8cc95c9c12e6053abbce9e84a6a9af8ee6f561b2ad85bc468918c3abeab7324,944f93c6fa033d604d9e90219484c40564bfebf4e3306a041f5ec522a76c0b9b,0f2cf9a67445117338a1c28f1312c232b1cbb8285fc218b4057ed38b092a75be,0.46962895430624485,0.2447240985929966,0.27455692179501057,0.8302689529955387,0.1995761413127184,0.9836780373007059,0.11827400885522366,3.1207071151584387,0.0,0.0,15.515225939452648,115.76083116233349,652.6759129483253,23000,23000,3000.0,,,False,False,ok
BNCI2014_001,resampled_spectral_raw_power_s1,resampled,spectral,raw_power,1,6398,47,500,500,1.0,22,253,0.0003802987547838392,0.019501250082593145,5.770911608413912,0.824132751179682,17.586724882031803,17.586724882031803,0.00020683625366308187,0.6205087609892456,0.00024088565521845573,0.00011815629732720777,0.0007896543891732534,4.130072325096804e-05,188.240737610482,5.716247880429665,0.03017952124818757,0.09236224807369398,0.1459989447547685,7479,90b0f404cda9ec5f77cd314cd303422b99a86c3ced5c00dd6c5ea04060808354,three_row_sha256,91580dbe67af3d5af2938eb0e668a93f6c35c2c12aa25f42b3bdadc82e5c1e51,944f93c6fa033d604d9e90219484c40564bfebf4e3306a041f5ec522a76c0b9b,0f2cf9a67445117338a1c28f1312c232b1cbb8285fc218b4057ed38b092a75be,0.4780630115419626,0.24884194135665894,0.2747108228504658,0.8400441147387028,0.20149489864706993,0.7021899800747633,0.11001806706190109,2.8553628362715244,0.0,0.0,12.54388689994812,118.61619399860501,665.2197998482734,23500,23500,3000.0,,,False,False,ok
BNCI2014_001,resampled_spectral_raw_power_s1,resampled,spectral,raw_power,1,6398,48,500,500,1.0,22,253,0.00036791354258899737,0.01918107250883009,5.764397739054451,0.8232025180656951,17.679748193430484,17.679748193430484,0.00020366984018975711,0.6110095205692714,0.0002346011986842536,0.00011492713503781793,0.0007671892610129769,6.414147856529043e-05,188.240737610482,5.716247880429664,0.03017952124818757,0.09236224807369398,0.1459989447547685,7526,78d79a36787197f6382f83aff57e1710c3c8aa2935b54128bbc0b4a17d0845b7,three_row_sha256,0349f27dcc4f7d2d4530390e66130a70a5b46d625d1d0a05dff4b0101fa10e4f,944f93c6fa033d604d9e90219484c40564bfebf4e3306a041f5ec522a76c0b9b,0f2cf9a67445117338a1c28f1312c232b1cbb8285fc218b4057ed38b092a75be,0.2690139226615429,0.22787298075854778,0.24395319633185863,0.6033931858837605,0.1400299370288849,0.8353660814464092,0.06580399349331856,2.3854332976043224,0.0,0.0,13.238128973171115,121.00162729620934,678.4579288214445,24000,24000,3000.0,,,False,False,ok
BNCI2014_001,resampled_spectral_raw_power_s1,resampled,spectral,raw_power,1,6398,49,500,500,1.0,22,253,0.0003767266934920386,0.019409448562286324,5.762712827125583,0.822961899044359,17.703810095564098,17.703810095564098,0.0002175283506076382,0.6525850518229146,0.00023100399119539982,0.0001188039647580802,0.0011394720179621447,5.108769372511663e-05,188.24073761048203,5.716247880429664,0.03017952124818757,0.09236224807369398,0.1459989447547685,7574,d576304badfeec304c070a144f69ed0b098ee8264cb2254972ea85e265efde4d,three_row_sha256,acaaac58170bde57494223cd9367810db8fa29cfdf175fb9df4b68f55bf3b91e,944f93c6fa033d604d9e90219484c40564bfebf4e3306a041f5ec522a76c0b9b,0f2cf9a67445117338a1c28f1312c232b1cbb8285fc218b4057ed38b092a75be,0.24286913685500622,0.2230668906122446,0.22564595565199852,0.5846419371664524,0.13557495549321175,0.6582611240446568,0.05788286216557026,2.1279428619891405,0.0,0.0,12.770859990268946,123.12957015819848,691.2287888117135,24500,24500,3000.0,,,False,False,ok
BNCI2014_001,resampled_spectral_raw_power_s1,resampled,spectral,raw_power,1,6398,50,500,500,1.0,22,253,0.00037442511119593837,0.01935006747264563,5.759439299756814,0.8224944129174615,17.750558708253855,17.750558708253855,0.00020604892930506163,0.6181467879151848,0.00023983884136409816,0.00011381163797931721,0.0008479924346617226,5.101207078562895e-05,188.24073761048203,5.716247880429664,0.03017952124818757,0.09236224807369398,0.1459989447547685,7623,810b2df2c25c2b4eb401f93467a3d4e4c898bde827b075db1a3528687c69f224,three_row_sha256,efd44d87ab5b9c594437d08acbe5709db2f6281e15fff4f1a30aeab6dd946f02,944f93c6fa033d604d9e90219484c40564bfebf4e3306a041f5ec522a76c0b9b,0f2cf9a67445117338a1c28f1312c232b1cbb8285fc218b4057ed38b092a75be,0.22280309349298477,0.22079679183661938,0.2219812013208866,0.5731121636927128,0.14305301010608673,0.7232350762933493,0.0578099861741066,2.162791322916746,0.0,0.0,13.547291979193687,125.29236148111522,704.7760807909071,25000,25000,3000.0,,,False,False,ok
BNCI2014_001,resampled_spectral_raw_power_s1,resampled,spectral,raw_power,1,6398,51,500,500,1.0,22,253,0.0003824358053346954,0.019555965978051183,5.760048914432638,0.8225814708129965,17.741852918700356,17.741852918700356,0.0002199566207684166,0.6598698623052498,0.00023160392205386326,0.00012184844564444893,0.0011554576596993302,5.853843802959713e-05,188.24073761048203,5.716247880429665,0.03017952124818757,0.09236224807369398,0.1459989447547685,7673,caa9b0e3db8eaa697f19673d40619f7bb8c14f888909b20ce6081e50649e8357,three_row_sha256,492eabc175a28087966b455b5711154c0c51188f0a83124363d7b2330fc63e05,944f93c6fa033d604d9e90219484c40564bfebf4e3306a041f5ec522a76c0b9b,0f2cf9a67445117338a1c28f1312c232b1cbb8285fc218b4057ed38b092a75be,0.21971599198877811,0.22182310931384563,0.2218389417976141,0.5585618782788515,0.16546505503356457,0.6112079136073589,0.07226015441119671,2.0708730444312096,0.0,0.0,10.457239113748074,127.36323452554643,715.2333199046552,25500,25500,3000.0,,,False,False,ok
BNCI2014_001,resampled_spectral_raw_power_s1,resampled,spectral,raw_power,1,6398,52,500,500,1.0,22,253,0.000375060844773507,0.01936648767261392,5.752222726575132,0.8214638280265688,17.853617197343123,17.853617197343123,0.00020058836774593982,0.6017651032378195,0.00024203873677593077,0.00011911988400247678,0.0006741856305548983,4.945903173706957e-05,188.24073761048203,5.716247880429664,0.03017952124818757,0.09236224807369398,0.1459989447547685,7724,c2c860f288694fe6906eac224bb939016441a0f34e1ef82f4ea9f4493cc48d09,three_row_sha256,64775e8cf5ed950afa85447bdd24c29b2ae8e014970c4d75222c9c8c4d1c9890,944f93c6fa033d604d9e90219484c40564bfebf4e3306a041f5ec522a76c0b9b,0f2cf9a67445117338a1c28f1312c232b1cbb8285fc218b4057ed38b092a75be,0.2398500218987465,0.2332557924091816,0.23479899391531944,0.5742751527577639,0.13576284982264042,0.6088241934776306,0.06168312393128872,2.088450128212571,0.0,0.0,9.521868079900742,129.451684653759,724.755187984556,26000,26000,3000.0,,,False,False,ok
BNCI2014_001,resampled_spectral_raw_power_s1,resampled,spectral,raw_power,1,6398,53,500,500,1.0,22,253,0.0003794936786460312,0.019480597492018338,5.747668309566325,0.8208134205217968,17.91865794782032,17.91865794782032,0.00020925852840232413,0.6277755852069724,0.0002363119357801447,0.000119878579518855,0.0008439026837025543,5.856419357923141e-05,188.24073761048203,5.716247880429664,0.03017952124818757,0.09236224807369398,0.1459989447547685,7776,02ba7a2550eb0c57945327328c1f03d052b16b6f20a1130da53b3fc10793852c,three_row_sha256,47241289187a90515d81839d29ee0da29be2a555869a315d1ba76ab36f56c6db,944f93c6fa033d604d9e90219484c40564bfebf4e3306a041f5ec522a76c0b9b,0f2cf9a67445117338a1c28f1312c232b1cbb8285fc218b4057ed38b092a75be,0.21425588056445122,0.2212761901319027,0.22261799313127995,0.5443959962576628,0.13151206076145172,0.5756898317486048,0.05653104744851589,1.966279000043869,0.0,0.0,9.388228179886937,131.41796365380287,734.1434161644429,26500,26500,3000.0,,,False,False,ok
BNCI2014_001,resampled_spectral_raw_power_s1,resampled,spectral,raw_power,1,6398,54,500,500,1.0,22,253,0.0003633153426635876,0.019060832685472782,5.739321539278473,0.8196214343630134,18.037856563698664,18.037856563698664,0.00020170724960587083,0.6051217488176124,0.00023058574499337022,0.00011512429452073581,0.0007771210735180457,5.043611085553196e-05,188.24073761048203,5.716247880429664,0.03017952124818757,0.09236224807369398,0.1459989447547685,7829,13e8d340181b8990d121aa5183fd8f9319c2eb7bea2220f7db6150d5dec7c7ba,three_row_sha256,b9c6deb63b84096f2a9d4dff1687e43b4883b8a06f4fc6ccd4fc24801f1d4ae6,944f93c6fa033d604d9e90219484c40564bfebf4e3306a041f5ec522a76c0b9b,0f2cf9a67445117338a1c28f1312c232b1cbb8285fc218b4057ed38b092a75be,0.21513807587325573,0.2208349760621786,0.22150087170302868,0.5489899776875973,0.13307202607393265,0.5634080152958632,0.06736814975738525,1.9703120924532413,0.0,0.0,9.253266965970397,133.3882757462561,743.3966831304133,27000,27000,3000.0,,,False,False,ok
BNCI2014_001,resampled_spectral_raw_power_s1,resampled,spectral,raw_power,1,6398,55,500,500,1.0,22,253,0.00037613585224654145,0.019394222135639818,5.737489611134062,0.8193598202396197,18.064017976038024,18.064017976038024,0.00020228801641524626,0.6068640492457388,0.0002449199382964003,0.0001153435688757002,0.0007372152498310916,4.4237078699818604e-05,188.240737610482,5.716247880429664,0.03017952124818757,0.09236224807369398,0.1459989447547685,7883,d7db0eb42abd293f65e8906ffe19f7795e3c6313013692f18e6bc4c665ba0ddc,three_row_sha256,9516a7fe82d6a94122ce0c55d4f1b87e887151d00fd30b7b0c814df3cfa9e0df,944f93c6fa033d604d9e90219484c40564bfebf4e3306a041f5ec522a76c0b9b,0f2cf9a67445117338a1c28f1312c232b1cbb8285fc218b4057ed38b092a75be,0.2092819195240736,0.2253130078315735,0.2188039943575859,0.5315640009939671,0.129729975014925,0.5741878412663937,0.0558758620172739,1.9447566010057926,0.0,0.0,11.911997105926275,135.3330323472619,755.3086802363396,27500,27500,3000.0,,,False,False,ok
BNCI2014_001,resampled_spectral_raw_power_s1,resampled,spectral,raw_power,1,6398,56,500,500,1.0,22,253,0.00036478043422899894,0.019099226011254983,5.731138413463561,0.8184528179556402,18.154718204435984,18.154718204435984,0.0002057344342156242,0.6172033026468726,0.00022974640927247544,0.00011349582062744303,0.0008504165673936632,4.728583713835879e-05,188.24073761048203,5.716247880429664,0.03017952124818757,0.09236224807369398,0.1459989447547685,7938,4e72f5c6840668b4ee849c954ae2690c05baf11249c79314dbd842e25b448b61,three_row_sha256,9fe828b3a4fa4c09c034e8a330019ddb4dc4b3d39932b4ed4ceaebfbae5db38c,944f93c6fa033d604d9e90219484c40564bfebf4e3306a041f5ec522a76c0b9b,0f2cf9a67445117338a1c28f1312c232b1cbb8285fc218b4057ed38b092a75be,0.3447209019213915,0.24748500436544418,0.24901912547647953,0.957411015406251,0.2494149375706911,0.6175581365823746,0.06399303674697876,2.7296021580696106,0.0,0.0,10.721948929131031,138.06263450533152,766.0306291654706,28000,28000,3000.0,,,False,False,ok
BNCI2014_001,resampled_spectral_raw_power_s1,resampled,spectral,raw_power,1,6398,57,500,500,1.0,22,253,0.0003525331211413692,0.018775865389945925,5.727647293085448,0.8179542577909481,18.204574220905187,18.204574220905187,0.0001942495727915975,0.5827487183747926,0.00023139341625295334,0.00010639035013731167,0.0006537924678482687,4.245943910142372e-05,188.240737610482,5.716247880429664,0.03017952124818757,0.09236224807369398,0.1459989447547685,7994,5ca68d2f3b796a81c8252783a9571d56574dc59db3658bcf0a57c577cdf5bfd2,three_row_sha256,61d895331663d83596abda8c523a70040539d0535fc39acbd0aef6e9b6893692,944f93c6fa033d604d9e90219484c40564bfebf4e3306a041f5ec522a76c0b9b,0f2cf9a67445117338a1c28f1312c232b1cbb8285fc218b4057ed38b092a75be,0.36843703128397465,0.2561279106885195,0.2524780575186014,0.978223979473114,0.2395941410213709,0.6664539687335491,0.104124890640378,2.8654399793595076,0.0,0.0,10.59739082120359,140.92807448469102,776.6280199866742,28500,28500,3000.0,,,False,False,ok
BNCI2014_001,resampled_spectral_raw_power_s1,resampled,spectral,raw_power,1,6398,58,500,500,1.0,22,253,0.00038573261681269647,0.019640076802617052,5.717720390584323,0.8165366159998286,18.346338400017135,18.346338400017135,0.00021557819094935763,0.6467345728480729,0.00023710810415395148,0.00012294157226594053,0.0009765411739322985,5.09771266015653e-05,188.24073761048203,5.716247880429664,0.03017952124818757,0.09236224807369398,0.1459989447547685,8051,566b7b853a9873f0b333ccd3ae4085bf6e5f9e32e12006f1ed4ed3873e9e9bf2,three_row_sha256,92157a824aa2078f67222f73dc1f8098f559e377d8d911c7f2f0d561914c9502,944f93c6fa033d604d9e90219484c40564bfebf4e3306a041f5ec522a76c0b9b,0f2cf9a67445117338a1c28f1312c232b1cbb8285fc218b4057ed38b092a75be,0.30248588882386684,0.23775198496878147,0.23954198695719242,0.8032650221139193,0.20949309691786766,0.8194050751626492,0.09950902312994003,2.711452078074217,0.0,0.0,11.514374054968357,143.63952656276524,788.1423940416425,29000,29000,3000.0,,,False,False,ok
BNCI2014_001,resampled_spectral_raw_power_s1,resampled,spectral,raw_power,1,6398,59,500,500,1.0,22,253,0.00038614562737886995,0.01965058847411115,5.720372281037333,0.8169153273583045,18.308467264169554,18.308467264169554,0.00021401248293898318,0.6420374488169496,0.00023842546764143145,0.00012257675357283464,0.0009274632377739121,5.2755832185440166e-05,188.24073761048206,5.716247880429664,0.03017952124818757,0.09236224807369398,0.1459989447547685,8109,67f72984e49f168bde1b8a91a675b73328d878473eaca08ec474b6739c965e26,three_row_sha256,4284e2de4a77f6410be4676d14721a22a06ae63f348230018c54bd61bb4289f5,944f93c6fa033d604d9e90219484c40564bfebf4e3306a041f5ec522a76c0b9b,0f2cf9a67445117338a1c28f1312c232b1cbb8285fc218b4057ed38b092a75be,0.23365113884210587,0.24552620016038418,0.23801694624125957,0.8041840046644211,0.20613311789929867,0.9367759339511395,0.09653996676206589,2.7608273085206747,0.0,0.0,11.400752933695912,146.40035387128592,799.5431469753385,29500,29500,3000.0,,,False,False,ok
BNCI2014_001,resampled_spectral_raw_power_s1,resampled,spectral,raw_power,1,6398,60,500,500,1.0,22,253,0.0003486222659014281,0.018671429133878,5.7148415043821155,0.8161254878164236,18.387451218357647,18.387451218357647,0.00019961798668794367,0.598853960063831,0.000223573024239621,0.00010654458820650625,0.0007638532074587673,4.602656803978068e-05,188.24073761048203,5.716247880429664,0.03017952124818757,0.09236224807369398,0.1459989447547685,8168,bae2f08657984aa11ca7ab8f4e3a5704e577d718db5387950885d27aafa54441,three_row_sha256,2ae3a8fa26468a14ea40d1f068902d705285fbf8bfa9c9ca6c6af788d7718113,944f93c6fa033d604d9e90219484c40564bfebf4e3306a041f5ec522a76c0b9b,0f2cf9a67445117338a1c28f1312c232b1cbb8285fc218b4057ed38b092a75be,0.20925700664520264,0.2247930970042944,0.22026291117072105,0.7944409735500813,0.19782199524343014,0.5794139578938484,0.08222111500799656,2.3082110565155745,0.0,0.0,12.80741416849196,148.7085649278015,812.3505611438304,30000,30000,3000.0,,,False,False,ok
BNCI2014_001,resampled_spectral_raw_power_s1,resampled,spectral,raw_power,1,6398,61,500,500,1.0,22,253,0.0003509476385267766,0.018733596518735438,5.711710384895626,0.8156783386844024,18.432166131559764,18.432166131559764,0.0001976008144557385,0.5928024433672157,0.00022483085185418723,0.00010818559741998625,0.0007335669916135332,5.604944840211853e-05,188.24073761048203,5.716247880429664,0.03017952124818757,0.09236224807369398,0.1459989447547685,8228,3e2a377c59d6b08a6c0b02d0302e1108b1ce85fe0405d339d1e4f98ff4b645a8,three_row_sha256,291c08a5105b9f7e499cf922cff132225ad7b32012e8dc08aa019c50fba3f3b5,944f93c6fa033d604d9e90219484c40564bfebf4e3306a041f5ec522a76c0b9b,0f2cf9a67445117338a1c28f1312c232b1cbb8285fc218b4057ed38b092a75be,0.26140199042856693,0.2347971312701702,0.24296599440276623,0.6125080399215221,0.14082086272537708,0.6278799846768379,0.06458396092057228,2.184957964345813,0.0,0.0,12.747030006721616,150.8935228921473,825.097591150552,30500,30500,3000.0,,,False,False,ok
BNCI2014_001,resampled_spectral_raw_power_s1,resampled,spectral,raw_power,1,6398,62,500,500,1.0,22,253,0.0003584287437826252,0.018932214444766497,5.711716319449956,0.8156791861866549,18.432081381334505,18.432081381334505,0.00019931540472882574,0.5979462141864772,0.00023104030076442312,0.00010984944501897795,0.0007643665824939067,5.7157884352100876e-05,188.24073761048203,5.716247880429664,0.03017952124818757,0.09236224807369398,0.1459989447547685,8289,f2f3f3b9a838c44836cc33a33cd909c374a5bfa9d02ca6115a07938e4291ecc8,three_row_sha256,6d747cac447e6c05f3d488d013352e73ba865aa4873a836aa7c067b5a908b264,944f93c6fa033d604d9e90219484c40564bfebf4e3306a041f5ec522a76c0b9b,0f2cf9a67445117338a1c28f1312c232b1cbb8285fc218b4057ed38b092a75be,0.23677502758800983,0.22255117073655128,0.22851582616567612,0.5789841525256634,0.13675400987267494,0.894616823643446,0.06087706424295902,2.3590740747749805,0.0,0.0,13.170639052987099,153.25259696692228,838.2682302035391,31000,31000,3000.0,,,False,False,ok
BNCI2014_001,resampled_spectral_raw_power_s1,resampled,spectral,raw_power,1,6398,63,500,500,1.0,22,253,0.0003548873572496156,0.01883845421603417,5.707718146259327,0.8151082147882225,18.489178521177745,18.489178521177745,0.0001948448696360904,0.5845346089082712,0.00023272612207028882,0.00010869670787345292,0.0006834723867481499,4.6176571630174266e-05,188.240737610482,5.716247880429665,0.03017952124818757,0.09236224807369398,0.1459989447547685,8351,e432f14564818fe85a9618695a54503949b56bc46c6b54658cb63ec2508fca1d,three_row_sha256,913152a57dba942e05a856902740e08b7a4bb9a71af35590b4d9d81eedd3b2ef,944f93c6fa033d604d9e90219484c40564bfebf4e3306a041f5ec522a76c0b9b,0f2cf9a67445117338a1c28f1312c232b1cbb8285fc218b4057ed38b092a75be,0.21878606639802456,0.22100796923041344,0.22424384951591492,0.5529930349439383,0.1311760861426592,0.5627239588648081,0.05801115185022354,1.968942116945982,0.0,0.0,11.14802504889667,155.22153908386827,849.4162552524358,31500,31500,3000.0,,,False,False,ok
BNCI2014_001,resampled_spectral_raw_power_s1,resampled,spectral,raw_power,1,6398,64,500,500,1.0,22,253,0.0003697246864453926,0.01922822629483522,5.70158468874293,0.8142323075554965,18.576769244450347,18.576769244450347,0.0002035158825060334,0.6105476475181001,0.00023288817112986142,0.00011685324495876637,0.0007601348336515577,5.838702122541568e-05,188.24073761048203,5.716247880429664,0.03017952124818757,0.09236224807369398,0.1459989447547685,8414,b96f75131450f140f032f535eb23e65b4148f8ddda44a4bbc83b07d1d5c4a954,three_row_sha256,328357c24b313ff0984a3ad7d1951327bef05142befe8f06b26cab913f842673,944f93c6fa033d604d9e90219484c40564bfebf4e3306a041f5ec522a76c0b9b,0f2cf9a67445117338a1c28f1312c232b1cbb8285fc218b4057ed38b092a75be,0.36202301271259785,0.24823402054607868,0.24573784321546555,0.9419741109013557,0.23389700800180435,0.7522928062826395,0.09059207513928413,2.874750876799226,0.0,0.0,12.070137076079845,158.0962899606675,861.4863923285156,32000,32000,3000.0,,,False,False,ok
BNCI2014_001,resampled_spectral_raw_power_s1,resampled,spectral,raw_power,1,6398,65,500,500,1.0,22,253,0.00036591222087829973,0.019128832188042733,5.6962394514900705,0.8134689645376474,18.653103546235258,18.653103546235258,0.0002111138483826262,0.6333415451478785,0.00022731578524405352,0.00011464279135175247,0.001089061392235535,5.3060019262725363e-05,188.240737610482,5.716247880429664,0.03017952124818757,0.09236224807369398,0.1459989447547685,8478,928ac97b4dfd5d5a4c5b60a625aeaa74d3ade5e2037104ec737fd60f65fcbf1f,three_row_sha256,f6a503d537e55ce9822ee1a76df25fdf59f53ce8406e77622b5f740dc06163e8,944f93c6fa033d604d9e90219484c40564bfebf4e3306a041f5ec522a76c0b9b,0f2cf9a67445117338a1c28f1312c232b1cbb8285fc218b4057ed38b092a75be,0.2485488075762987,0.22520311176776886,0.2450309693813324,0.6002180743962526,0.13839197345077991,0.5958809051662683,0.06269197911024094,2.115965820848942,0.0,0.0,9.431967046111822,160.21225578151643,870.9183593746275,32500,32500,3000.0,,,False,False,ok
BNCI2014_001,resampled_spectral_raw_power_s1,resampled,spectral,raw_power,1,6398,66,500,500,1.0,22,253,0.00037649242114566486,0.01940341261597209,5.6977687300490665,0.813687357857744,18.6312642142256,18.6312642142256,0.00021700337431390605,0.6510101229417182,0.00023443940073481414,0.0001168035979076024,0.0010922150852028362,6.279235949972925e-05,188.240737610482,5.716247880429664,0.03017952124818757,0.09236224807369398,0.1459989447547685,8543,83fa97f832a56f6c850511095ad436a4fb5b30390c23696fb2426680929f43b9,three_row_sha256,fc5d146ff72a6b1ca84f83564cd42a63b7fb38dee30cb0d54cd8328995fb6d20,944f93c6fa033d604d9e90219484c40564bfebf4e3306a041f5ec522a76c0b9b,0f2cf9a67445117338a1c28f1312c232b1cbb8285fc218b4057ed38b092a75be,0.21733692847192287,0.22138911299407482,0.2230210229754448,0.5554810632020235,0.13471883721649647,0.5783629603683949,0.05824817344546318,1.9885580986738205,0.0,0.0,9.398150024935603,162.20081388019025,880.3165093995631,33000,33000,3000.0,,,False,False,ok
BNCI2014_001,resampled_spectral_raw_power_s1,resampled,spectral,raw_power,1,6398,67,500,500,1.0,22,253,0.00034498893837926845,0.01857387784979939,5.694281077694396,0.8131892929547879,18.681070704521208,18.681070704521208,0.0001953453661957062,0.5860360985871186,0.00022473298696571996,0.00010292960603055476,0.0007555567287588789,6.438842022271988e-05,188.24073761048203,5.716247880429664,0.03017952124818757,0.09236224807369398,0.1459989447547685,8609,4d4cda9b5b1379a37ef06aa2e088cf5c0577d3fb9d8f46bf83899064c7ae4bff,three_row_sha256,51ba34b2b734fae2d7197d5a216ae72462cfdd5809edca8d90607e96f342c5a8,944f93c6fa033d604d9e90219484c40564bfebf4e3306a041f5ec522a76c0b9b,0f2cf9a67445117338a1c28f1312c232b1cbb8285fc218b4057ed38b092a75be,0.20744698122143745,0.22015091963112354,0.21801097318530083,0.5307949613779783,0.12902799062430859,0.5661631003022194,0.05490216426551342,1.9264970906078815,0.0,0.0,9.418035158887506,164.12731097079813,889.7345445584506,33500,33500,3000.0,,,False,False,ok
BNCI2014_001,resampled_spectral_raw_power_s1,resampled,spectral,raw_power,1,6398,68,500,500,1.0,22,253,0.00034864664446093035,0.018672081953037007,5.690818071593251,0.81269474773574,18.730525226426,18.730525226426,0.00020309114203179388,0.6092734260953817,0.00022148242015611897,0.00010630886459673276,0.000854188808590127,5.79981347452624e-05,188.240737610482,5.716247880429664,0.03017952124818757,0.09236224807369398,0.1459989447547685,8676,d19ecd572c05e795d83ed2afe5b509f8c23d920de39fbc0007d6452a74b91b09,three_row_sha256,61b96e5d26b5a4ee42f0f3bc2c1de2c0b220f90d5d86366dc32f4f644c5fe581,944f93c6fa033d604d9e90219484c40564bfebf4e3306a041f5ec522a76c0b9b,0f2cf9a67445117338a1c28f1312c232b1cbb8285fc218b4057ed38b092a75be,0.2162500750273466,0.22252113558351994,0.22367690689861774,0.5527541507035494,0.1313330139964819,0.6079059094190598,0.05916203372180462,2.01360322535038,0.0,0.0,9.06501803547144,166.14091419614851,898.799562593922,34000,34000,3000.0,,,False,False,ok
BNCI2014_001,resampled_spectral_raw_power_s1,resampled,spectral,raw_power,1,6398,69,500,500,1.0,22,253,0.00035557895175020784,0.018856801206731957,5.694240201004304,0.813183455433552,18.681654456644804,18.681654456644804,0.0002021020050817038,0.6063060152451115,0.00022776014487585895,0.00010866479800345649,0.0007773674459986921,4.766125580863888e-05,188.24073761048203,5.716247880429664,0.03017952124818757,0.09236224807369398,0.1459989447547685,8744,edfb9142fd11eb1a847b485cd0e703b481c9dd322d51bf210d85b39eecc1d619,three_row_sha256,23a1a95a2aaa94b7a60f2eb921ac06985905e21979a74a60ad6bed3abcb5beb2,944f93c6fa033d604d9e90219484c40564bfebf4e3306a041f5ec522a76c0b9b,0f2cf9a67445117338a1c28f1312c232b1cbb8285fc218b4057ed38b092a75be,0.22250204347074032,0.22135511972010136,0.22459682077169418,0.558163970708847,0.1322389580309391,0.7431120611727238,0.058469828218221664,2.1604388020932674,0.0,0.0,11.934347916394472,168.30135299824178,910.7339105103165,34500,34500,3000.0,,,False,False,ok
BNCI2014_001,resampled_spectral_raw_power_s1,resampled,spectral,raw_power,1,6398,70,500,500,1.0,22,253,0.00036605798154796447,0.01913264178172906,5.6871774294536745,0.8121748346568124,18.782516534318756,18.782516534318756,0.00020547766405967866,0.6164329921790359,0.00023414946385057038,0.00011230504734587066,0.0009044313916344517,4.9058108783031564e-05,188.24073761048203,5.716247880429665,0.03017952124818757,0.09236224807369398,0.1459989447547685,8813,26326cf6359377e74ba7f6831f3f869a19d6a20063ffda9e6c79d0a7230162c0,three_row_sha256,0145d4cd9cefa37f418f653080297be360b9a6d5b5b168ae389b1068fea9610c,944f93c6fa033d604d9e90219484c40564bfebf4e3306a041f5ec522a76c0b9b,0f2cf9a67445117338a1c28f1312c232b1cbb8285fc218b4057ed38b092a75be,0.23840111680328846,0.22458494640886784,0.23475592024624348,0.5680269096046686,0.14508701860904694,0.6084239576011896,0.060614896938204765,2.0798947662115097,0.0,0.0,10.097155114635825,170.3812477644533,920.8310656249523,35000,35000,3000.0,,,False,False,ok
BNCI2014_001,resampled_spectral_raw_power_s1,resampled,spectral,raw_power,1,6398,71,500,500,1.0,22,253,0.00035587264139861957,0.01886458696602233,5.685460301483884,0.8119296149248367,18.80703850751633,18.80703850751633,0.00019954482780915048,0.5986344834274515,0.00022866446543922872,0.00011083711413626231,0.0007960170428387734,3.079081256699529e-05,188.240737610482,5.716247880429664,0.03017952124818757,0.09236224807369398,0.1459989447547685,8883,cd8724125a06976b686a28dda53857ab5fe3751737df01b0c4cc0b904a2ff8a2,three_row_sha256,7fd4053b41bed9e6d36c89578c484345d6724de28ffc9c502e4c957671ad6f8b,944f93c6fa033d604d9e90219484c40564bfebf4e3306a041f5ec522a76c0b9b,0f2cf9a67445117338a1c28f1312c232b1cbb8285fc218b4057ed38b092a75be,0.2451930195093155,0.22336910478770733,0.23388001136481762,0.5806239787489176,0.13526016846299171,0.6520301103591919,0.06180489435791969,2.1321612875908613,0.0,0.0,9.880982106551528,172.51340905204415,930.7120477315038,35500,35500,3000.0,,,False,False,ok
BNCI2014_001,resampled_spectral_raw_power_s1,resampled,spectral,raw_power,1,6398,72,500,500,1.0,22,253,0.00036529369926733196,0.019112658090054663,5.681637398467553,0.8113836735217923,18.86163264782077,18.86163264782077,0.00020645587507629645,0.6193676252288893,0.00023348825075595152,0.00011104349140286564,0.0008283902829892979,5.048093697324964e-05,188.24073761048203,5.716247880429665,0.03017952124818757,0.09236224807369398,0.1459989447547685,8954,fa96d9efeda3eeec0c09b401e04c138b205ff7eff565f2a7937b32d03670ec7f,three_row_sha256,0c3b9772ed9b83eff511b1e52bab0819223f27e904fe0935ebc19c1751127e6a,944f93c6fa033d604d9e90219484c40564bfebf4e3306a041f5ec522a76c0b9b,0f2cf9a67445117338a1c28f1312c232b1cbb8285fc218b4057ed38b092a75be,0.22399378940463066,0.2237730659544468,0.22689392790198326,0.5628620274364948,0.1323651522397995,0.6472531240433455,0.05810800939798355,2.075249096378684,0.0,0.0,10.302238864824176,174.58865814842284,941.014286596328,36000,36000,3000.0,,,False,False,ok
BNCI2014_001,resampled_spectral_raw_power_s1,resampled,spectral,raw_power,1,6398,73,500,500,1.0,22,253,0.0003464415707886738,0.01861294094947582,5.681114897737818,0.8113090562008024,18.869094379919755,18.869094379919755,0.00020068633690883077,0.6020590107264924,0.00021913169609239457,0.00010693697009807074,0.0008385211444685574,3.777370622149179e-05,188.24073761048203,5.716247880429664,0.03017952124818757,0.09236224807369398,0.1459989447547685,9026,0cee2d06a4e27f756666e0dbc4f673d83b78d9f67897bbbc9d4fcfa693688450,three_row_sha256,fbbb76190b69443d969afb292ca1bd444c211565db832d62036d38d6d2a3078a,944f93c6fa033d604d9e90219484c40564bfebf4e3306a041f5ec522a76c0b9b,0f2cf9a67445117338a1c28f1312c232b1cbb8285fc218b4057ed38b092a75be,0.22317608818411827,0.22215512581169605,0.23247604258358479,0.5621269810944796,0.13115210458636284,1.1683430057018995,0.060718972235918045,2.600148320198059,0.0,0.0,9.421098046004772,177.1888064686209,950.4353846423328,36500,36500,3000.0,,,False,False,ok
BNCI2014_001,resampled_spectral_raw_power_s1,resampled,spectral,raw_power,1,6398,74,500,500,1.0,22,253,0.0003509576319651272,0.018733863241871047,5.679976054516063,0.8111464201978286,18.88535798021714,18.88535798021714,0.0002009294553676102,0.6027883661028306,0.00022862071360342366,0.0001043147450437779,0.000901530523539957,4.556067689253919e-05,188.24073761048203,5.716247880429664,0.03017952124818757,0.09236224807369398,0.1459989447547685,9099,e291559cc2ea9d7fa90ad0061a5417486e24e72dfcb7b33b31487b4fb01ceb90,three_row_sha256,b8ab3012d2db549021990b49c520fe6148a608076ef1fe4d2ee954d6116f8b27,944f93c6fa033d604d9e90219484c40564bfebf4e3306a041f5ec522a76c0b9b,0f2cf9a67445117338a1c28f1312c232b1cbb8285fc218b4057ed38b092a75be,0.2224829513579607,0.22137584164738655,0.22030994296073914,0.5490549374371767,0.12874789535999298,0.8854370098561049,0.05852594040334225,2.285934519022703,0.0,0.0,11.775180930271745,179.4747409876436,962.2105655726045,37000,37000,3000.0,,,False,False,ok
BNCI2014_001,resampled_spectral_raw_power_s1,resampled,spectral,raw_power,1,6398,75,500,500,1.0,22,253,0.00034479742332520176,0.01856872163949909,5.676680049241714,0.8106757240446089,18.932427595539114,18.932427595539114,0.0001954740463302455,0.5864221389907365,0.00022280489137328378,0.00010647347878064876,0.0006679971116394568,6.145282128345138e-05,188.24073761048203,5.716247880429664,0.03017952124818757,0.09236224807369398,0.1459989447547685,9173,a6c8cf325b1f75e8618dbeb1e3ec6bf15264cde4aca6f0c8d32d3d23d44f87e5,three_row_sha256,af00f6955741616714073d950d6cc5163d10b0682e34cfd7ff04463d941c323e,944f93c6fa033d604d9e90219484c40564bfebf4e3306a041f5ec522a76c0b9b,0f2cf9a67445117338a1c28f1312c232b1cbb8285fc218b4057ed38b092a75be,0.25172089226543903,0.2285961527377367,0.23797503672540188,0.5974259693175554,0.16369903460144997,0.6414770614355803,0.10250112973153591,2.223395276814699,0.0,0.0,12.264341115951538,181.6981362644583,974.4749066885561,37500,37500,3000.0,,,False,False,ok
BNCI2014_001,resampled_spectral_raw_power_s1,resampled,spectral,raw_power,1,6398,76,500,500,1.0,22,253,0.0003832065462597865,0.019575662089946957,5.673968173318241,0.8102884462768448,18.97115537231551,18.97115537231551,0.00022238809088763733,0.667164272662912,0.00023372496194166552,0.0001204811006414904,0.0012831454165092978,5.382989904427681e-05,188.24073761048203,5.716247880429664,0.03017952124818757,0.09236224807369398,0.1459989447547685,9248,98ee5f7c1646a78233eb60e7c6f26cb4dcbc7a7f2965db2e8651e951dee326f1,three_row_sha256,0e0d72853833615951bcb1724a2ce6f61a56378bd5226b86446c1db16d3def06,944f93c6fa033d604d9e90219484c40564bfebf4e3306a041f5ec522a76c0b9b,0f2cf9a67445117338a1c28f1312c232b1cbb8285fc218b4057ed38b092a75be,0.21669501438736916,0.22847321815788746,0.22311881184577942,0.5410029552876949,0.13104197569191456,0.8899681270122528,0.057061901316046715,2.287362003698945,0.0,0.0,12.836567126214504,183.98549826815724,987.3114738147706,38000,38000,3000.0,,,False,False,ok
BNCI2014_001,resampled_spectral_raw_power_s1,resampled,spectral,raw_power,1,6398,77,500,500,1.0,22,253,0.0003540989661811458,0.018817517535029582,5.673476351902299,0.8102182102094585,18.978178979054146,18.978178979054146,0.0002001269889148646,0.6003809667445937,0.00022782219727195786,0.00010869470444115051,0.0008085539828408361,4.9071025602736584e-05,188.24073761048203,5.716247880429664,0.03017952124818757,0.09236224807369398,0.1459989447547685,9324,ee345bfd6ef78bc07ed45f9bb9e0d2e9cbdb2aa620538e78f3e40575ba266c2d,three_row_sha256,4ecc21a4356a3bce1a8c3c9a49645e541fb94427d1813dcb4d5b7aa91a970b52,944f93c6fa033d604d9e90219484c40564bfebf4e3306a041f5ec522a76c0b9b,0f2cf9a67445117338a1c28f1312c232b1cbb8285fc218b4057ed38b092a75be,0.2133999951183796,0.22146990522742271,0.2208249643445015,0.5451079923659563,0.1336971763521433,0.9936399292200804,0.08685304783284664,2.4149930104613304,0.0,0.0,13.978419825434685,186.40049127861857,1001.2898936402053,38500,38500,3000.0,,,False,False,ok
BNCI2014_001,resampled_spectral_raw_power_s1,resampled,spectral,raw_power,1,6398,78,500,500,1.0,22,253,0.0003584973331577038,0.018934025804294864,5.668980551001704,0.809576173557994,19.042382644200597,19.042382644200597,0.00020213829147558519,0.6064148744267557,0.00022456211222357576,0.00011427676941840396,0.0007538037042010948,4.539609666419932e-05,188.24073761048203,5.716247880429664,0.03017952124818757,0.09236224807369398,0.1459989447547685,9401,91120ffacbca2318e9440bbfce9044fe39ccb3146ce1aa4637dc39d87ff884bd,three_row_sha256,b5bcc4df8e3c952928be979fc198df6cecde1e3ddcde6d12b370c06e5e9a59c9,944f93c6fa033d604d9e90219484c40564bfebf4e3306a041f5ec522a76c0b9b,0f2cf9a67445117338a1c28f1312c232b1cbb8285fc218b4057ed38b092a75be,0.2832910977303982,0.23785000666975975,0.23614498786628246,0.7651310879737139,0.18475297838449478,0.908310990780592,0.07980992086231709,2.695291070267558,0.0,0.0,12.861066963523626,189.09578234888613,1014.1509606037289,39000,39000,3000.0,,,False,False,ok
BNCI2014_001,resampled_spectral_raw_power_s1,resampled,spectral,raw_power,1,6398,79,500,500,1.0,22,253,0.0003354608611110812,0.018315590656898872,5.665063282305297,0.8090167559742673,19.098324402573276,19.098324402573276,0.0001912091055075239,0.5736273165225717,0.00021950442059300162,0.00010156285697177593,0.0006383577138514872,4.577035993249729e-05,188.24073761048203,5.716247880429664,0.03017952124818757,0.09236224807369398,0.1459989447547685,9479,c4796df146e5564342c48b98e091db0b669ed921eda9182154871daa20dd0994,three_row_sha256,4fccbaad4426c4f8b68a96b1c56febf5099eba41235447af368b6b19707dc374,944f93c6fa033d604d9e90219484c40564bfebf4e3306a041f5ec522a76c0b9b,0f2cf9a67445117338a1c28f1312c232b1cbb8285fc218b4057ed38b092a75be,0.24163606576621532,0.22513908334076405,0.23925886489450932,0.5836091004312038,0.13595400378108025,0.6390558555722237,0.06194110028445721,2.1265940740704536,0.0,0.0,8.659953018650413,191.2223764229566,1022.8109136223793,39500,39500,3000.0,,,False,False,ok
BNCI2014_001,resampled_spectral_raw_power_s1,resampled,spectral,raw_power,1,6398,80,500,500,1.0,22,253,0.0003380299881421134,0.018385591862709053,5.662763543187829,0.8086883346685049,19.131166533149514,19.131166533149514,0.00019224117144296134,0.576723514328884,0.00021890041813855813,0.00010261799434790323,0.0006496244614711228,5.356767825501759e-05,188.24073761048203,5.716247880429664,0.03017952124818757,0.09236224807369398,0.1459989447547685,9558,79fae59c9be0af789bcc9d9cfdef1da29035c845d1bf65b447d1fe9db20de404,three_row_sha256,fdfc87788b345600eee658ad5c05461545b611b603c75a71f7b7770aa4c14344,944f93c6fa033d604d9e90219484c40564bfebf4e3306a041f5ec522a76c0b9b,0f2cf9a67445117338a1c28f1312c232b1cbb8285fc218b4057ed38b092a75be,0.21365797147154808,0.2203111071139574,0.22198702208697796,0.5491690244525671,0.13201800175011158,0.6642579101026058,0.05726213566958904,2.058663172647357,0.0,0.0,9.61072905920446,193.28103959560394,1032.4216426815838,40000,40000,3000.0,,,False,False,ok
BNCI2014_001,resampled_spectral_raw_power_s1,resampled,spectral,raw_power,1,6398,81,500,500,1.0,22,253,0.0003401677683731674,0.018443637612281568,5.661295849118699,0.8084787361105719,19.15212638894281,19.15212638894281,0.00019646038637399874,0.5893811591219962,0.00022110072603999444,0.00010133400135113888,0.0007654738175883174,3.207646666329825e-05,188.24073761048203,5.716247880429664,0.03017952124818757,0.09236224807369398,0.1459989447547685,9638,24a94a99619e22203cd91df3a7bba39e99e6c0257f7891797dbd5c8c3a5b3d37,three_row_sha256,1c6d0f8afec941bfe23a8c8f41717ff798ba23314adb0f13ea02bfd63828eae0,944f93c6fa033d604d9e90219484c40564bfebf4e3306a041f5ec522a76c0b9b,0f2cf9a67445117338a1c28f1312c232b1cbb8285fc218b4057ed38b092a75be,0.20948494784533978,0.22065802477300167,0.21883100271224976,0.5344680976122618,0.13657007366418839,0.8755980525165796,0.056938035413622856,2.252548234537244,0.0,0.0,9.425615193322301,195.5335878301412,1041.847257874906,40500,40500,3000.0,,,False,False,ok
BNCI2014_001,resampled_spectral_raw_power_s1,resampled,spectral,raw_power,1,6398,82,500,500,1.0,22,253,0.0003569750821459435,0.01889378421984181,5.6593108694831935,0.808195264999065,19.180473500093495,19.180473500093495,0.00020468448407471278,0.6140534522241383,0.00022291901208023246,0.00011244772297434007,0.0008578333246576724,6.280354155830792e-05,188.240737610482,5.716247880429664,0.03017952124818757,0.09236224807369398,0.1459989447547685,9719,44b92dc978631e911369659d4f59edbbc6eed3a57a9f260825a40f846b3f8d8f,three_row_sha256,abf40c339c39985ce57a7783bfbbeae15b8a3962f4a700a047a93363a0c6b85f,944f93c6fa033d604d9e90219484c40564bfebf4e3306a041f5ec522a76c0b9b,0f2cf9a67445117338a1c28f1312c232b1cbb8285fc218b4057ed38b092a75be,0.2051780465990305,0.2210419625043869,0.21937210112810135,0.5250319372862577,0.13050995767116547,0.8724869694560766,0.06500701420009136,2.23862798884511,0.0,0.0,8.798344060778618,197.7722158189863,1050.6456019356847,41000,41000,3000.0,,,False,False,ok
BNCI2014_001,resampled_spectral_raw_power_s1,resampled,spectral,raw_power,1,6398,83,500,500,1.0,22,253,0.00033685324400170623,0.018353562161109387,5.656381971529184,0.8077769947338883,19.222300526611164,19.222300526611164,0.00018624269259992382,0.5587280777997714,0.0002255179562859101,0.00010191842673177895,0.0005911273044623164,4.924818035200281e-05,188.24073761048203,5.716247880429664,0.03017952124818757,0.09236224807369398,0.1459989447547685,9801,e9acefa5d05a2c3514f4f0f82dbebd965500f817a55c29e89d3057b16402b990,three_row_sha256,0ee4a3859de8b61b1b651b4a2c8cfdc2163a0e880d53e284cf8ceafca3b3f385,944f93c6fa033d604d9e90219484c40564bfebf4e3306a041f5ec522a76c0b9b,0f2cf9a67445117338a1c28f1312c232b1cbb8285fc218b4057ed38b092a75be,0.20660203881561756,0.21998188458383083,0.22017117589712143,0.5309309344738722,0.12982194311916828,0.5672790575772524,0.05529099144041538,1.930078025907278,0.0,0.0,11.356426868587732,199.70229384489357,1062.0020288042724,41500,41500,3000.0,,,False,False,ok
BNCI2014_001,resampled_spectral_raw_power_s1,resampled,spectral,raw_power,1,6398,84,500,500,1.0,22,253,0.00036052882740947746,0.018987596672814532,5.653158767618021,0.8073166952028669,19.268330479713317,19.268330479713317,0.00020555591399910262,0.6166677419973078,0.00022807592784486767,0.00011144996101281632,0.0009533706554366421,5.8556462363684204e-05,188.240737610482,5.716247880429664,0.03017952124818757,0.09236224807369398,0.1459989447547685,9884,47eb2b24298cc27b655a2ae2fe3d2d15a3aed2db49efb3835e23107f67af4f20,three_row_sha256,76bd994fac2faedd5f2c6b9518705abfeb44915f44f9cccbb6c216cdd032e3ae,944f93c6fa033d604d9e90219484c40564bfebf4e3306a041f5ec522a76c0b9b,0f2cf9a67445117338a1c28f1312c232b1cbb8285fc218b4057ed38b092a75be,0.3962339833378792,0.2508438192307949,0.26424811221659184,1.0028600227087736,0.24263281375169754,0.6515991408377886,0.10617682710289955,2.914594719186425,0.0,0.0,11.34604006074369,202.61688856408,1073.348068865016,42000,42000,3000.0,,,False,False,ok
BNCI2014_001,resampled_spectral_raw_power_s1,resampled,spectral,raw_power,1,6398,85,500,500,1.0,22,253,0.00035453596456918717,0.01882912543293467,5.653018393028944,0.8072966485786691,19.270335142133085,19.270335142133085,0.0002022028749536683,0.6066086248610049,0.0002292242722808361,0.00010540214896634641,0.0009369838340943155,5.6585732376747675e-05,188.24073761048203,5.716247880429664,0.03017952124818757,0.09236224807369398,0.1459989447547685,9968,912659b005c3ac634cc343dfa8e6f7a91d1c0801bd0521c7fb5b47ef21b72adf,three_row_sha256,79c5321065571fd917c6dd02e2defc3db5034bd000b5e63ee1370718481ff919,944f93c6fa033d604d9e90219484c40564bfebf4e3306a041f5ec522a76c0b9b,0f2cf9a67445117338a1c28f1312c232b1cbb8285fc218b4057ed38b092a75be,0.355888856574893,0.25352300144732,0.24448009207844734,0.9504479821771383,0.23338408209383488,0.6221469957381487,0.09954883717000484,2.759419847279787,0.0,0.0,11.329915141686797,205.3763084113598,1084.677984006703,42500,42500,3000.0,,,False,False,ok
BNCI2014_001,resampled_spectral_raw_power_s1,resampled,spectral,raw_power,1,6398,86,500,500,1.0,22,253,0.0003422518826932937,0.018500050883532557,5.649582025468667,0.8068059075582407,19.319409244175937,19.319409244175937,0.00018919001432844834,0.5675700429853451,0.0002259799840437422,0.00010436805300952867,0.0005809926120965214,5.842168915755186e-05,188.24073761048203,5.716247880429664,0.03017952124818757,0.09236224807369398,0.1459989447547685,10053,9b27cb6c5476bcaae1fac6cac1a082c06bed199589044de6827ec0383b9a4556,three_row_sha256,774242d2d045363710486cba8a4b14cb245ca7bd49757e93c54968aca8999df4,944f93c6fa033d604d9e90219484c40564bfebf4e3306a041f5ec522a76c0b9b,0f2cf9a67445117338a1c28f1312c232b1cbb8285fc218b4057ed38b092a75be,0.35335891880095005,0.24594413116574287,0.2472118940204382,0.9664618410170078,0.23235497064888477,0.7692950312048197,0.1011439599096775,2.915770746767521,0.0,0.0,9.400529088452458,208.2920791581273,1094.0785130951554,43000,43000,3000.0,,,False,False,ok
BNCI2014_001,resampled_spectral_raw_power_s1,resampled,spectral,raw_power,1,6398,87,500,500,1.0,22,253,0.00034738309163366544,0.018638215891915874,5.650476394386035,0.8069336306575454,19.30663693424546,19.30663693424546,0.00019187335199998578,0.5756200559999574,0.00023063499815562205,0.00010347084486608411,0.0006278201167650459,4.53824753450754e-05,188.240737610482,5.716247880429665,0.03017952124818757,0.09236224807369398,0.1459989447547685,10139,658542920966614403bcfb17df8289d255d8656c6d7d8b89ed406be312788d69,three_row_sha256,d30e9211b8120e7706f8987e52a0fbb06eacddac8b131f17504ae758f57f0be1,944f93c6fa033d604d9e90219484c40564bfebf4e3306a041f5ec522a76c0b9b,0f2cf9a67445117338a1c28f1312c232b1cbb8285fc218b4057ed38b092a75be,0.36532990634441376,0.24562212638556957,0.2542180009186268,0.9622359648346901,0.23354613222181797,0.6635799072682858,0.10426505468785763,2.8287970926612616,0.0,0.0,10.81859483383596,211.12087625078857,1104.8971079289913,43500,43500,3000.0,,,False,False,ok
BNCI2014_001,resampled_spectral_raw_power_s1,resampled,spectral,raw_power,1,6398,88,500,500,1.0,22,253,0.000315916729317313,0.01777404650937183,5.65370127411842,0.807394169509362,19.2605830490638,19.2605830490638,0.00018196126199678217,0.5458837859903465,0.00020974096609693366,9.552629429272789e-05,0.0005408859992650175,4.7131553010202904e-05,188.24073761048203,5.716247880429664,0.03017952124818757,0.09236224807369398,0.1459989447547685,10226,c7c33308b4d86376191ccf4080b8350747704fff5dbb90a6493520b72b684b8e,three_row_sha256,477528aa37259077e71f8bb1e8766fc8be7371111e3566a40af55d7cd2a46c6f,944f93c6fa033d604d9e90219484c40564bfebf4e3306a041f5ec522a76c0b9b,0f2cf9a67445117338a1c28f1312c232b1cbb8285fc218b4057ed38b092a75be,0.26899902150034904,0.2295440062880516,0.24784216657280922,0.7560919038951397,0.1959840301424265,0.7727460470050573,0.09859912097454071,2.569806296378374,0.0,0.0,14.613500097766519,213.69068254716694,1119.5106080267578,44000,44000,3000.0,,,False,False,ok
BNCI2014_001,resampled_spectral_raw_power_s1,resampled,spectral,raw_power,1,6398,89,500,500,1.0,22,253,0.00034433511321378576,0.0185562688386913,5.6502317337755965,0.8068986911478686,19.31013088521314,19.31013088521314,0.00019444379367158603,0.5833313810147581,0.00022201506612525061,0.00010560072342128698,0.0007130394088692511,5.2003960588038376e-05,188.240737610482,5.716247880429664,0.03017952124818757,0.09236224807369398,0.1459989447547685,10314,77feda1f475cbdcb9ddb87340d0f60bb51f5334c0d473f7f8fb9803de9ad29b5,three_row_sha256,f694e77e17a932b0db5b14c864b436a5d3d7bbbb20ddc014ceeed713fda4a670,944f93c6fa033d604d9e90219484c40564bfebf4e3306a041f5ec522a76c0b9b,0f2cf9a67445117338a1c28f1312c232b1cbb8285fc218b4057ed38b092a75be,0.30357902869582176,0.2386891283094883,0.23799692280590534,0.7866849191486835,0.19132508896291256,0.7057660259306431,0.08332217112183571,2.5473632849752903,0.0,0.0,14.271802036091685,216.23804583214223,1133.7824100628495,44500,44500,3000.0,,,False,False,ok
BNCI2014_001,resampled_spectral_raw_power_s1,resampled,spectral,raw_power,1,6398,90,500,500,1.0,22,253,0.00035786285307095423,0.01891726336104021,5.649765245703639,0.8068320728864531,19.316792711354687,19.316792711354687,0.00019623595365641608,0.5887078609692482,0.00023218179498197723,0.00011044980615399702,0.0006871751976182004,4.00524722329666e-05,188.240737610482,5.716247880429664,0.03017952124818757,0.09236224807369398,0.1459989447547685,10403,7eaff33d0c68bc40b9b9d3eac97a72862048b93cbd1f50ff5ddc86cbb49f3df2,three_row_sha256,11ebbef30168837c64572d1115f8fabd309b0b4b85bbb7865c43b49eb54224f0,944f93c6fa033d604d9e90219484c40564bfebf4e3306a041f5ec522a76c0b9b,0f2cf9a67445117338a1c28f1312c232b1cbb8285fc218b4057ed38b092a75be,0.2930201590061188,0.30266097746789455,0.23965188302099705,1.8234141170978546,0.4089060239493847,0.8936019148677588,0.062132952734827995,4.023388028144836,0.0,0.0,9.894659975543618,220.26143386028707,1143.6770700383931,45000,45000,3000.0,,,False,False,ok
BNCI2014_001,resampled_spectral_raw_power_s1,resampled,spectral,raw_power,1,6398,91,500,500,1.0,22,253,0.0003259503162617547,0.018054094168962195,5.645947895361606,0.8062869244501109,19.371307554988917,19.371307554988917,0.00018916552884838886,0.5674965865451665,0.00021724614792854717,9.513184121941881e-05,0.0007150996211389552,5.424042204039418e-05,188.24073761048203,5.716247880429664,0.03017952124818757,0.09236224807369398,0.1459989447547685,10493,35f43371305206a23228c6d35bbbf3a5c7e29ac2f7b20aa109c9ffa42ac8e2ba,three_row_sha256,2257069ae1d4009c38b73e161c68cd855510722eec50d46d21ecb080b843c409,944f93c6fa033d604d9e90219484c40564bfebf4e3306a041f5ec522a76c0b9b,0f2cf9a67445117338a1c28f1312c232b1cbb8285fc218b4057ed38b092a75be,0.2217360306531191,0.22231298498809338,0.22245082072913647,0.5560889840126038,0.14066905714571476,0.6303580012172461,0.05825888365507126,2.0518747624009848,0.0,0.0,10.614393977448344,222.31330862268806,1154.2914640158415,45500,45500,3000.0,,,False,False,ok
BNCI2014_001,resampled_spectral_raw_power_s1,resampled,spectral,raw_power,1,6398,92,500,500,1.0,22,253,0.0003363527591609093,0.01833992255057009,5.6409659364546165,0.8055754605118494,19.442453948815068,19.442453948815068,0.00019383578568647815,0.5815073570594345,0.00021911443360374922,0.0001002863930024242,0.0007332486266006967,6.503041833695494e-05,188.240737610482,5.716247880429664,0.03017952124818757,0.09236224807369398,0.1459989447547685,10584,7726a3b3bc668f7c29c83fb3cb7c4c524bd2d745f7b1b83ff29836e6fa078ba9,three_row_sha256,51b230682e77e972119b86b419d58afe83d3649ce2ba5563f230e868c574ea75,944f93c6fa033d604d9e90219484c40564bfebf4e3306a041f5ec522a76c0b9b,0f2cf9a67445117338a1c28f1312c232b1cbb8285fc218b4057ed38b092a75be,0.27312710881233215,0.22881408222019672,0.24337507784366608,0.683504855260253,0.1544770784676075,0.6246529519557953,0.06893416866660118,2.276885323226452,0.0,0.0,9.93862608447671,224.5901939459145,1164.2300901003182,46000,46000,3000.0,,,False,False,ok
BNCI2014_001,resampled_spectral_raw_power_s1,resampled,spectral,raw_power,1,6398,93,500,500,1.0,22,253,0.00033979625570861483,0.01843356329385653,5.636165183050585,0.8048898741818089,19.51101258181911,19.51101258181911,0.00019486028421591552,0.5845808526477466,0.0002214147007069846,0.00010103696797860387,0.0007269142285141212,6.341422972867369e-05,188.24073761048203,5.716247880429664,0.03017952124818757,0.09236224807369398,0.1459989447547685,10676,78fa139d571fb8ac152a4b1d4167f8610562e43486b5277946ddb4c273f53199,three_row_sha256,adb2ca16be23c80331b2644c639a06f26e89f1c84f2898727699073d9f19b119,944f93c6fa033d604d9e90219484c40564bfebf4e3306a041f5ec522a76c0b9b,0f2cf9a67445117338a1c28f1312c232b1cbb8285fc218b4057ed38b092a75be,0.2340329810976982,0.22377818822860718,0.22438098676502705,0.5683859344571829,0.13508391566574574,0.6529369857162237,0.05902000702917576,2.0976189989596605,0.0,0.0,9.784701047465205,226.68781294487417,1174.0147911477834,46500,46500,3000.0,,,False,False,ok
BNCI2014_001,resampled_spectral_raw_power_s1,resampled,spectral,raw_power,1,6398,94,500,500,1.0,22,253,0.00035308573532185066,0.01879057570490725,5.632457170463955,0.8043603400593364,19.563965994066354,19.563965994066354,0.0001972519515017017,0.591755854505105,0.00022850120424446229,0.0001068824133214212,0.0007194429334026221,4.790589993883344e-05,188.24073761048203,5.716247880429664,0.03017952124818757,0.09236224807369398,0.1459989447547685,10769,c9542f94bf679d2cc7044fd413f480c0d24bc0014b9be015b739d3fb63c3fda3,three_row_sha256,2eb63b77211db9245879b46b7c50670dc406f1eeed6ed79e6eeadbcffbc272cb,944f93c6fa033d604d9e90219484c40564bfebf4e3306a041f5ec522a76c0b9b,0f2cf9a67445117338a1c28f1312c232b1cbb8285fc218b4057ed38b092a75be,0.21218601614236832,0.22144103422760963,0.2185502089560032,0.5357109475880861,0.1303229946643114,0.5874009802937508,0.05677994340658188,1.9623921252787113,0.0,0.0,9.21809603460133,228.65020507015288,1183.2328871823847,47000,47000,3000.0,,,False,False,ok
BNCI2014_001,resampled_spectral_raw_power_s1,resampled,spectral,raw_power,1,6398,95,500,500,1.0,22,253,0.00033099992441376706,0.018193403321362583,5.629982359625347,0.8040069170988985,19.599308290110148,19.599308290110148,0.00019006020987878233,0.570180629636347,0.00021522103372996577,0.00010020198353799712,0.0006448492779407024,4.154422720896942e-05,188.24073761048203,5.716247880429664,0.03017952124818757,0.09236224807369398,0.1459989447547685,10863,aa04ccfd67090ff85d9c67a797c0e1cfcd9bbabd563ec2948dec7230263d4a97,three_row_sha256,ad240e7c9b8ffcd76f168ae7ee24e367b94af39b5be0dde9d5e3f4fc59762eb4,944f93c6fa033d604d9e90219484c40564bfebf4e3306a041f5ec522a76c0b9b,0f2cf9a67445117338a1c28f1312c232b1cbb8285fc218b4057ed38b092a75be,0.22460613399744034,0.22176792845129967,0.22177002392709255,0.5342192016541958,0.13276608660817146,0.5681640468537807,0.05706818774342537,1.960361609235406,0.0,0.0,9.58057097159326,230.61056667938828,1192.813458153978,47500,47500,3000.0,,,False,False,ok
BNCI2014_001,resampled_spectral_raw_power_s1,resampled,spectral,raw_power,1,6398,96,500,500,1.0,22,253,0.00033212065736881724,0.018224177824220693,5.625050839248983,0.8033026561898687,19.66973438101312,19.66973438101312,0.00018961861661814493,0.5688558498544347,0.00021735612816886174,0.00010065801388631682,0.0006414134442275237,5.24661868565734e-05,188.24073761048203,5.716247880429664,0.03017952124818757,0.09236224807369398,0.1459989447547685,10958,e906b3520d6aa08ff5307b22646374e467be7a9f3bd0ff83082a98e78e1fd40b,three_row_sha256,828250da496609d046266db1ee637c39ef4a313030a8c49e6e2ff3e86ccf84e0,944f93c6fa033d604d9e90219484c40564bfebf4e3306a041f5ec522a76c0b9b,0f2cf9a67445117338a1c28f1312c232b1cbb8285fc218b4057ed38b092a75be,0.22955099120736122,0.22615003399550915,0.23320014588534832,0.5643109325319529,0.14390284195542336,0.6457711569964886,0.06095203571021557,2.103838138282299,0.0,0.0,9.595840936526656,232.71440481767058,1202.4092990905046,48000,48000,3000.0,,,False,False,ok
BNCI2014_001,resampled_spectral_raw_power_s1,resampled,spectral,raw_power,1,6398,97,500,500,1.0,22,253,0.00032584569713718035,0.01805119655693717,5.621645038714723,0.8028162803874432,19.718371961255674,19.718371961255674,0.0001873326275255211,0.5619978825765634,0.0002160653091737022,9.728470304609127e-05,0.0006579146881458421,3.762456084915703e-05,188.24073761048203,5.716247880429664,0.03017952124818757,0.09236224807369398,0.1459989447547685,11054,cc0a5953f36416f3eb6e28e9cd415bd7784245ab26ea4aa28d79e3351954a598,three_row_sha256,c203e98df263bcc4d1116a502656a5397cc063568f2333b83ab24411be1ff9ec,944f93c6fa033d604d9e90219484c40564bfebf4e3306a041f5ec522a76c0b9b,0f2cf9a67445117338a1c28f1312c232b1cbb8285fc218b4057ed38b092a75be,0.23761414922773838,0.22621196694672108,0.23558922111988068,0.7466350216418505,0.1671840436756611,0.8635539561510086,0.07692095823585987,2.55370931699872,0.0,0.0,12.626650976017118,235.2681141346693,1215.0359500665218,48500,48500,3000.0,,,False,False,ok
BNCI2014_001,resampled_spectral_raw_power_s1,resampled,spectral,raw_power,1,6398,98,500,500,1.0,22,253,0.00035998480625797503,0.01897326556652742,5.6188453294606155,0.8024164593112156,19.75835406887844,19.75835406887844,0.00021307096938559503,0.6392129081567851,0.00021971139006710783,0.00011468273074587712,0.0012512554750860588,4.673441131553029e-05,188.24073761048203,5.716247880429664,0.03017952124818757,0.09236224807369398,0.1459989447547685,11151,ea1561a838b30635ca81f864837f0c80cb4b3772b3379ecaec19da2d729f15d1,three_row_sha256,82f0ca07ea1caffaaa5a6ce3f7d92664270154ae5994fe43ce52a832ea5be72a,944f93c6fa033d604d9e90219484c40564bfebf4e3306a041f5ec522a76c0b9b,0f2cf9a67445117338a1c28f1312c232b1cbb8285fc218b4057ed38b092a75be,0.3700649831444025,0.2470670733600855,0.2501311246305704,0.9937339928001165,0.24357694201171398,1.0080051142722368,0.10651093907654285,3.2190901692956686,0.0,0.0,10.196415008977056,238.48720430396497,1225.2323650754988,49000,49000,3000.0,,,False,False,ok
BNCI2014_001,resampled_spectral_raw_power_s1,resampled,spectral,raw_power,1,6398,99,500,500,1.0,22,253,0.0003443757187954106,0.018557362926757956,5.612083275307145,0.8014507834056965,19.854921659430342,19.854921659430342,0.00019211491908442734,0.576344757253282,0.00022576097617839268,0.00010444451029221925,0.000619477397910977,5.7020232637391216e-05,188.240737610482,5.716247880429664,0.03017952124818757,0.09236224807369398,0.1459989447547685,11249,e20df6d5800ff74c490263862fb4ecb4d62a2d8bd7e9865983e25f8d0322a948,three_row_sha256,c798f0b3a586415c64013290df9f0a7c2ee1776093726cac31f6a8896bdfec7d,944f93c6fa033d604d9e90219484c40564bfebf4e3306a041f5ec522a76c0b9b,0f2cf9a67445117338a1c28f1312c232b1cbb8285fc218b4057ed38b092a75be,0.22383593022823334,0.22290297783911228,0.22578006610274315,0.5470288451761007,0.13997103087604046,0.6414889357984066,0.08128909394145012,2.0822968799620867,0.0,0.0,11.605581967160106,240.56950118392706,1236.837947042659,49500,49500,3000.0,,,False,False,ok
BNCI2014_001,resampled_spectral_raw_power_s1,resampled,spectral,raw_power,1,6398,100,500,500,1.0,22,253,0.0003268675997847659,0.018079480075067586,5.609658568341328,0.8011045156826508,19.88954843173491,19.88954843173491,0.00018879841190017304,0.5663952357005192,0.00021631847327996617,9.671574055545759e-05,0.0007197009523172633,4.844000259248535e-05,188.24073761048203,5.716247880429664,0.03017952124818757,0.09236224807369398,0.1459989447547685,11348,11253d73369bd8a6d2d5d7f6ecee453d80a90499e9be2404054e878e4393fa5a,three_row_sha256,e8c76ebf0dbb9f538d1912f7c56b85484398cc3415a3067cc832076245fd3b95,944f93c6fa033d604d9e90219484c40564bfebf4e3306a041f5ec522a76c0b9b,0f2cf9a67445117338a1c28f1312c232b1cbb8285fc218b4057ed38b092a75be,0.2137189731001854,0.22291205823421478,0.22148387506604195,0.6486400961875916,0.20885583944618702,1.0153900366276503,0.06117601878941059,2.5921768974512815,0.0,0.0,10.980424005538225,243.16167808137834,1247.8183710481972,50000,50000,3000.0,,,False,False,ok
BNCI2014_001,resampled_spectral_raw_power_s1,resampled,spectral,raw_power,1,6398,101,500,500,1.0,22,253,0.00034818427672341157,0.018659696587120904,5.611295191513517,0.8013382386798241,19.866176132017582,19.866176132017582,0.0001964959924225978,0.5894879772677935,0.00022477017233299936,0.00010634093750461635,0.000706719726884845,5.253048451764309e-05,188.24073761048203,5.716247880429665,0.03017952124818757,0.09236224807369398,0.1459989447547685,11448,ce329fd37045ede4a896c6d61020267461f81847ac44dc26f0627205426cbfc9,three_row_sha256,f5c6ae24fd0e2e11b95a771f850fb699a47da21fb847bfa9552864437507de3d,944f93c6fa033d604d9e90219484c40564bfebf4e3306a041f5ec522a76c0b9b,0f2cf9a67445117338a1c28f1312c232b1cbb8285fc218b4057ed38b092a75be,0.3653280436992645,0.24970993399620056,0.25063706561923027,0.9936210699379444,0.2455750945955515,0.723979901522398,0.06321817636489868,2.892069285735488,0.0,0.0,11.568675050511956,246.05374736711383,1259.387046098709,50500,50500,3000.0,,,False,False,ok
BNCI2014_001,resampled_spectral_raw_power_s1,resampled,spectral,raw_power,1,6398,102,500,500,1.0,22,253,0.0003371268882686612,0.01836101544764508,5.608621755624241,0.8009564504591694,19.904354954083054,19.904354954083054,0.0001932451283227705,0.5797353849683116,0.0002168725678596793,0.00010383533358465348,0.0006791792550610333,4.625191916414368e-05,188.24073761048203,5.716247880429664,0.03017952124818757,0.09236224807369398,0.1459989447547685,11549,92bcee91d3e7bd52e1fb91aefdfa363e5a0a23b7c0cb5e294842aa0a37b9bc0d,three_row_sha256,7183ac6cb1a4c14745c28d2c5aec3388e526780a9d12deaeb9180fcc9ca9ab82,944f93c6fa033d604d9e90219484c40564bfebf4e3306a041f5ec522a76c0b9b,0f2cf9a67445117338a1c28f1312c232b1cbb8285fc218b4057ed38b092a75be,0.2739978954195976,0.22492394782602787,0.23996597155928612,0.582012115046382,0.13556098565459251,0.5384080577641726,0.06284704431891441,2.057716017588973,0.0,0.0,8.99369502440095,248.1114633847028,1268.38074112311,51000,51000,3000.0,,,False,False,ok
BNCI2014_001,resampled_spectral_raw_power_s1,resampled,spectral,raw_power,1,6398,103,500,500,1.0,22,253,0.0003243696258483262,0.018010264458034095,5.608028706568333,0.8008717582678495,19.912824173215043,19.912824173215043,0.0001861928421261992,0.5585785263785976,0.00021678083137986292,9.496755362989277e-05,0.0006347346994723549,3.9911704474518405e-05,188.24073761048203,5.716247880429664,0.03017952124818757,0.09236224807369398,0.1459989447547685,11651,62d0d4750ebf571ae28c6ccc5fe443664ffaf9f4f872159840974bd56f7f9970,three_row_sha256,d984a7618abe066b47de0144c4babd750bd5c2882cadf8aa45f96053b45838e1,944f93c6fa033d604d9e90219484c40564bfebf4e3306a041f5ec522a76c0b9b,0f2cf9a67445117338a1c28f1312c232b1cbb8285fc218b4057ed38b092a75be,0.21433201618492603,0.2265919465571642,0.2225849311798811,0.5506100133061409,0.13191509060561657,0.8074680808931589,0.05716388113796711,2.210665959864855,0.0,0.0,9.15993400849402,250.32212934456766,1277.540675131604,51500,51500,3000.0,,,False,False,ok
BNCI2014_001,resampled_spectral_raw_power_s1,resampled,spectral,raw_power,1,6398,104,500,500,1.0,22,253,0.00034831884757538143,0.01866330216160531,5.60350085105304,0.800225143958713,19.97748560412869,19.97748560412869,0.00019729593104388777,0.5918877931316632,0.00022367099707022706,0.00010625143467142048,0.0007788736834509171,4.211477858093018e-05,188.24073761048203,5.716247880429664,0.03017952124818757,0.09236224807369398,0.1459989447547685,11754,a85d224d56f425af8b3ecbab6baf613c9bb4f6b51c03727b3a286ece8b73cafd,three_row_sha256,7345bb718738581ebe5e19148baf843f750f3f789f924f5aabc4bbc2b27e5353,944f93c6fa033d604d9e90219484c40564bfebf4e3306a041f5ec522a76c0b9b,0f2cf9a67445117338a1c28f1312c232b1cbb8285fc218b4057ed38b092a75be,0.21829805336892605,0.22166501730680466,0.22197607904672623,0.5635470151901245,0.13552815653383732,0.5702339112758636,0.06784312427043915,1.9990913569927216,0.0,0.0,9.319272125139832,252.32122070156038,1286.859947256744,52000,52000,3000.0,,,False,False,ok
BNCI2014_001,resampled_spectral_raw_power_s1,resampled,spectral,raw_power,1,6398,105,500,500,1.0,22,253,0.00034749785874107293,0.018641294449181178,5.599465246288065,0.7996488270293767,20.035117297062328,20.035117297062328,0.00020202316700192955,0.6060695010057887,0.0002180355307490036,0.00010792719876054125,0.0008396666991372966,5.2526302503545194e-05,188.24073761048203,5.716247880429664,0.03017952124818757,0.09236224807369398,0.1459989447547685,11858,66786a004bc448b616c7fe9bb9522a9e45af436065fe94466d2ee073d35b18a9,three_row_sha256,53194b1c7e96c69d4b3413756da04cded1f00769fad4811eea5375ac4497382a,944f93c6fa033d604d9e90219484c40564bfebf4e3306a041f5ec522a76c0b9b,0f2cf9a67445117338a1c28f1312c232b1cbb8285fc218b4057ed38b092a75be,0.21711084991693497,0.22154487669467926,0.22178399376571178,0.5461908876895905,0.13370788656175137,0.5981209687888622,0.0571119599044323,1.9955714233219624,0.0,0.0,9.769452037289739,254.31679212488234,1296.6293992940336,52500,52500,3000.0,,,False,False,ok
BNCI2014_001,resampled_spectral_raw_power_s1,resampled,spectral,raw_power,1,6398,106,500,500,1.0,22,253,0.00033278783263901863,0.018242473314740482,5.594748840082082,0.7989752861599324,20.102471384006762,20.102471384006762,0.00019053176843690883,0.5715953053107264,0.00021665334236793633,9.975746191729742e-05,0.0006598350373927498,4.7995617560879026e-05,188.24073761048203,5.716247880429664,0.03017952124818757,0.09236224807369398,0.1459989447547685,11963,c554bd1b59d719d26169258eaa4b57153e18b88946e097cdc7da02db4f4e6632,three_row_sha256,91cd0699cd8ed9675be55d3478c9061d774cc45883da11c59579433d87e12c5a,944f93c6fa033d604d9e90219484c40564bfebf4e3306a041f5ec522a76c0b9b,0f2cf9a67445117338a1c28f1312c232b1cbb8285fc218b4057ed38b092a75be,0.22054906003177166,0.22335886023938656,0.22508110851049423,0.564053887501359,0.13530883006751537,0.6152961868792772,0.06367592141032219,2.0473238546401262,0.0,0.0,12.140971841290593,256.36411597952247,1308.7703711353242,53000,53000,3000.0,,,False,False,ok
BNCI2014_001,resampled_spectral_raw_power_s1,resampled,spectral,raw_power,1,6398,107,500,500,1.0,22,253,0.00032646007845385776,0.01806820628767166,5.5926603226345,0.7986770290132706,20.13229709867294,20.13229709867294,0.0001907959728522669,0.5723879185568007,0.00021292944997123775,9.753119308995375e-05,0.0007068241460221586,4.991843624408378e-05,188.240737610482,5.716247880429664,0.03017952124818757,0.09236224807369398,0.1459989447547685,12069,912f72ae8f16ff97b53e27c68a7fc16f519281f3e15c0cd8a721a020ca8998b0,three_row_sha256,c524923121a190a4c7bde525e36012bbb952d8c6be8d30088e3fccc71917c1d9,944f93c6fa033d604d9e90219484c40564bfebf4e3306a041f5ec522a76c0b9b,0f2cf9a67445117338a1c28f1312c232b1cbb8285fc218b4057ed38b092a75be,0.4132359754294157,0.25698496028780937,0.2735650632530451,1.0180729441344738,0.21700304932892323,0.87920599617064,0.06692297756671906,3.1249909661710262,0.0,0.0,12.49468489550054,259.4891069456935,1321.2650560308248,53500,53500,3000.0,,,False,False,ok
BNCI2014_001,resampled_spectral_raw_power_s1,resampled,spectral,raw_power,1,6398,108,500,500,1.0,22,253,0.0003392614679962786,0.01841905176702315,5.590159245271308,0.798319854981141,20.168014501885896,20.168014501885896,0.00019105939144657992,0.5731781743397397,0.00021912856004475923,0.00010458798750226943,0.0006457347312417155,4.473256978102472e-05,188.24073761048203,5.716247880429664,0.03017952124818757,0.09236224807369398,0.1459989447547685,12176,d28aa05af43244cb08cfc415177836d6e20ce619049c3b451c522ac00f3bc301,three_row_sha256,53d02a29d3c0cec9872982c09a7d61bfb48d92b44ac903da3b84208c48191f45,944f93c6fa033d604d9e90219484c40564bfebf4e3306a041f5ec522a76c0b9b,0f2cf9a67445117338a1c28f1312c232b1cbb8285fc218b4057ed38b092a75be,0.37447502836585045,0.2500959672033787,0.24706311523914337,0.9622420184314251,0.2006830181926489,0.857476843520999,0.06467802450060844,2.956714015454054,0.0,0.0,9.837039979174733,262.44582096114755,1331.1020960099995,54000,54000,3000.0,,,False,False,ok
BNCI2014_001,resampled_spectral_raw_power_s1,resampled,spectral,raw_power,1,6398,109,500,500,1.0,22,253,0.0003388746898365373,0.018408549368066386,5.588970018343952,0.7981500237783914,20.184997622160864,20.184997622160864,0.00019606545908499649,0.5881963772549894,0.0002182737968224696,0.00010378368824413205,0.0007917293620154181,4.750223419020522e-05,188.24073761048203,5.716247880429664,0.03017952124818757,0.09236224807369398,0.1459989447547685,12284,42172b5844c4d39163939fcf19aa382903d965b374a240ebb7486cd0e006ae4b,three_row_sha256,2941710398834f41ab7acd95f3d77737935b9e5e8c4f4d8b747d903f8b5c9a8b,944f93c6fa033d604d9e90219484c40564bfebf4e3306a041f5ec522a76c0b9b,0f2cf9a67445117338a1c28f1312c232b1cbb8285fc218b4057ed38b092a75be,0.31415093690156937,0.24710199795663357,0.24529709480702877,0.9605488739907742,0.24092895910143852,0.6161259952932596,0.10383990593254566,2.7279937639832497,0.0,0.0,10.199748910963535,265.1738147251308,1341.301844920963,54500,54500,3000.0,,,False,False,ok
BNCI2014_001,resampled_spectral_raw_power_s1,resampled,spectral,raw_power,1,6398,110,500,500,1.0,22,253,0.00034190498225031784,0.018490672844716005,5.588556133514163,0.7980909176844861,20.19090823155138,20.19090823155138,0.00019254488568867722,0.5776346570660317,0.00022386838655494724,0.00010304868242999903,0.0007011588852613871,5.495057716505535e-05,188.240737610482,5.716247880429664,0.03017952124818757,0.09236224807369398,0.1459989447547685,12393,c86c0968c87b9be4a4b5f910340984229a02470f7acdb72b8faa8693c10e62b7,three_row_sha256,f60d0d211edad9032e983bfbff40eed0dcce8226ddc58a8d4c133c835a2fed51,944f93c6fa033d604d9e90219484c40564bfebf4e3306a041f5ec522a76c0b9b,0f2cf9a67445117338a1c28f1312c232b1cbb8285fc218b4057ed38b092a75be,0.24434411898255348,0.22545712999999523,0.23240805603563786,0.5832938477396965,0.1383849885314703,0.8701230399310589,0.06826897151768208,2.3622801527380943,0.0,0.0,12.827279046177864,267.5360948778689,1354.129123967141,55000,55000,3000.0,,,False,False,ok
BNCI2014_001,resampled_spectral_raw_power_s1,resampled,spectral,raw_power,1,6398,111,500,500,1.0,22,253,0.000331326644722864,0.018202380193888493,5.5853035452083635,0.7976264218247671,20.237357817523296,20.237357817523296,0.00018978417314858775,0.5693525194457633,0.00021698165212541244,9.945322920967451e-05,0.0006715026100023037,4.406365328346418e-05,188.24073761048203,5.716247880429665,0.03017952124818757,0.09236224807369398,0.1459989447547685,12503,d817373be183ca4a4414c91cd8691adb7ed0ffdd0e8129e4b0a00fb603cb085c,three_row_sha256,c3577a698dfced79bf2335479130a8c7db3b78a36d250f3676182428ff582d64,944f93c6fa033d604d9e90219484c40564bfebf4e3306a041f5ec522a76c0b9b,0f2cf9a67445117338a1c28f1312c232b1cbb8285fc218b4057ed38b092a75be,0.29919110238552094,0.2410421147942543,0.24642795324325562,0.7053010631352663,0.15774485655128956,0.7092591840773821,0.07431791163980961,2.4332841858267784,0.0,0.0,11.763587128371,269.96937906369567,1365.892711095512,55500,55500,3000.0,,,False,False,ok
BNCI2014_001,resampled_spectral_raw_power_s1,resampled,spectral,raw_power,1,6398,112,500,500,1.0,22,253,0.0003492064714848264,0.018687066957787313,5.584318943564783,0.7974858127639461,20.251418723605394,20.251418723605394,0.00019867276306959327,0.5960182892087799,0.00022080023414588557,0.00010867348821928319,0.0007625193639095254,5.52181201340134e-05,188.24073761048203,5.716247880429664,0.03017952124818757,0.09236224807369398,0.1459989447547685,12614,cd7ea666bb90521080c23cd5c0f7f909db9ce12e3a99d1df2f6c15e166a8b1a6,three_row_sha256,9204e5adb48f6313014aa4dedaa3c8450f916321af03e4f59f35bcbd3a0dfcca,944f93c6fa033d604d9e90219484c40564bfebf4e3306a041f5ec522a76c0b9b,0f2cf9a67445117338a1c28f1312c232b1cbb8285fc218b4057ed38b092a75be,0.3932737745344639,0.2524659503251314,0.2591379452496767,0.9979449678212404,0.24574901908636093,0.6681859958916903,0.09069987572729588,2.9074575286358595,0.0,0.0,9.361790958791971,272.87683659233153,1375.2545020543039,56000,56000,3000.0,,,False,False,ok
BNCI2014_001,resampled_spectral_raw_power_s1,resampled,spectral,raw_power,1,6398,113,500,500,1.0,22,253,0.00034011084283316634,0.018442094317977185,5.584858338976931,0.7975628427819312,20.24371572180688,20.24371572180688,0.00020388162578110713,0.6116448773433214,0.00021128297347881007,0.00010573534155508779,0.000991789907667281,3.361868663773223e-05,188.24073761048203,5.716247880429664,0.03017952124818757,0.09236224807369398,0.1459989447547685,12726,efb827fa27d959772fa09af8053bf57bd4e45b8f77eff4c10daea28a36addf8e,three_row_sha256,307fd9199b4df166ad7b15157abb980048b580ed6a31d8f026ce6092b09300dd,944f93c6fa033d604d9e90219484c40564bfebf4e3306a041f5ec522a76c0b9b,0f2cf9a67445117338a1c28f1312c232b1cbb8285fc218b4057ed38b092a75be,0.29882299713790417,0.23788097314536572,0.24253805167973042,0.838852021843195,0.19540381617844105,0.6862829905003309,0.0990589614957571,2.5988398119807243,0.0,0.0,11.319599114358425,275.47567640431225,1386.5741011686623,56500,56500,3000.0,,,False,False,ok
BNCI2014_001,resampled_spectral_raw_power_s1,resampled,spectral,raw_power,1,6398,114,500,500,1.0,22,253,0.0003533120374242764,0.018796596431914912,5.584657718164521,0.7975341925108312,20.24658074891688,20.24658074891688,0.00020206097375552402,0.606182921266572,0.00022230017455417283,0.00010929566841230531,0.0008431053425578649,5.286128462619163e-05,188.24073761048203,5.716247880429664,0.03017952124818757,0.09236224807369398,0.1459989447547685,12839,72c63f0b5d12d24cfb495743610e4e1fca9faa933e99962d07d8b47a31c5cad8,three_row_sha256,ddd73a482ff0bdd4b0ac402ca517f2ef027cfda87a78b68035522a7ed7d70122,944f93c6fa033d604d9e90219484c40564bfebf4e3306a041f5ec522a76c0b9b,0f2cf9a67445117338a1c28f1312c232b1cbb8285fc218b4057ed38b092a75be,0.21081604063510895,0.22054906003177166,0.22117001935839653,0.5362390074878931,0.13103289529681206,0.9845469612628222,0.05773687735199928,2.3620908614248037,0.0,0.0,11.507980059832335,277.83776726573706,1398.0820812284946,57000,57000,3000.0,,,False,False,ok
BNCI2014_001,resampled_spectral_raw_power_s1,resampled,spectral,raw_power,1,6398,115,500,500,1.0,22,253,0.0003597241887310055,0.01896639630322549,5.582555395758381,0.797233963904676,20.276603609532394,20.276603609532394,0.00020268977758998352,0.6080693327699505,0.00022316966464396782,0.00011507045275003888,0.0007711103344907202,5.2794427024331405e-05,188.240737610482,5.716247880429664,0.03017952124818757,0.09236224807369398,0.1459989447547685,12953,5ce082770db0150b22b9c37136f10074ab714b5acf37d87ea85e2a27a4ae25ae,three_row_sha256,b892527a94db126e364a77c8dc93ba19825cdfd18abd395cc777521b026bb4d9,944f93c6fa033d604d9e90219484c40564bfebf4e3306a041f5ec522a76c0b9b,0f2cf9a67445117338a1c28f1312c232b1cbb8285fc218b4057ed38b092a75be,0.3458200953900814,0.2460989635437727,0.25200494565069675,0.9403901640325785,0.2499378751963377,0.7111791055649519,0.09529502131044865,2.8407261706888676,0.0,0.0,11.16319582797587,280.6784934364259,1409.2452770564705,57500,57500,3000.0,,,False,False,ok
BNCI2014_001,resampled_spectral_raw_power_s1,resampled,spectral,raw_power,1,6398,116,500,500,1.0,22,253,0.0003246240851782669,0.01801732735946891,5.580600080353483,0.7969547290847019,20.30452709152981,20.30452709152981,0.00018627797826642798,0.5588339347992839,0.00021519235394600056,9.673137864660756e-05,0.0006413788801616471,5.728831938258629e-05,188.24073761048203,5.716247880429665,0.03017952124818757,0.09236224807369398,0.1459989447547685,13068,7351cc8ba4a286dbc87184fc819d5d971b08670f1dea01a81727368e2aba4f52,three_row_sha256,d06f39d6f7fb4762ba1d25adaa12badd2258872de3086ec05d3c581a630b8c60,944f93c6fa033d604d9e90219484c40564bfebf4e3306a041f5ec522a76c0b9b,0f2cf9a67445117338a1c28f1312c232b1cbb8285fc218b4057ed38b092a75be,0.24303398095071316,0.25370996445417404,0.23427396081387997,0.8305241353809834,0.2046430017799139,0.763298012316227,0.0917899888008833,2.6212730444967747,0.0,0.0,11.507089016959071,283.2997664809227,1420.7523660734296,58000,58000,3000.0,,,False,False,ok
BNCI2014_001,resampled_spectral_raw_power_s1,resampled,spectral,raw_power,1,6398,117,500,500,1.0,22,253,0.00033712475969351877,0.018360957483026824,5.576548890430958,0.796376186469089,20.362381353091095,20.362381353091095,0.00020086561342601113,0.6025968402780334,0.00021517395266074896,0.00010022489464352913,0.0009028336843314315,6.281547479779887e-05,188.24073761048203,5.716247880429664,0.03017952124818757,0.09236224807369398,0.1459989447547685,13184,0c5f60c23670994ba91cbf6a381938b665606b256342799a602e588c8f03ce56,three_row_sha256,b49692c980016d6ff55188f01737e6de75b7739e91bf6b38e4084d9abe2a247e,944f93c6fa033d604d9e90219484c40564bfebf4e3306a041f5ec522a76c0b9b,0f2cf9a67445117338a1c28f1312c232b1cbb8285fc218b4057ed38b092a75be,0.2167250495404005,0.22154813632369041,0.2263728529214859,0.554203987121582,0.13305991888046265,0.692941015586257,0.057181110605597496,2.102032070979476,0.0,0.0,12.72304099984467,285.4017985519022,1433.4754070732743,58500,58500,3000.0,,,False,False,ok
BNCI2014_001,resampled_spectral_raw_power_s1,resampled,spectral,raw_power,1,6398,118,500,500,1.0,22,253,0.0003400873743261304,0.01844145803146081,5.57146819783222,0.7956506225628266,20.434937743717335,20.434937743717335,0.00019552521392508115,0.5865756417752435,0.0002162205340352824,0.00010558341157780395,0.0007974452028029055,5.2951661947988476e-05,188.24073761048203,5.716247880429664,0.03017952124818757,0.09236224807369398,0.1459989447547685,13301,c859e3ac8f4b3f65fa0e8287b3a84a9b940e2b45311a3bab97c1a40afbc25970,three_row_sha256,5714001ae4c15781695f5763d6f74c1726ac84e247b5b96644d41f7855ee0bd1,944f93c6fa033d604d9e90219484c40564bfebf4e3306a041f5ec522a76c0b9b,0f2cf9a67445117338a1c28f1312c232b1cbb8285fc218b4057ed38b092a75be,0.2114330418407917,0.2206149511039257,0.22110482677817345,0.543809961527586,0.1307560596615076,0.7015170995146036,0.05720113404095173,2.08643707446754,0.0,0.0,12.271940940991044,287.4882356263697,1445.7473480142653,59000,59000,3000.0,,,False,False,ok
BNCI2014_001,resampled_spectral_raw_power_s1,resampled,spectral,raw_power,1,6398,119,500,500,1.0,22,253,0.00033650055142761797,0.01834395135808035,5.5707489361121185,0.7955479061844747,20.445209381552534,20.445209381552534,0.00018996893321645381,0.5699067996493615,0.00021732750249774964,0.00010471224869764512,0.000632689696361847,5.576879835620866e-05,188.24073761048203,5.716247880429666,0.03017952124818757,0.09236224807369398,0.1459989447547685,13419,b1d809c29c863bf0aa5d5974c8def0947d344780df2cf00b3561b9245d710c9d,three_row_sha256,dd854475f7556f7a412db58f014215f3c400610a1f232796ede02132e6dab273,944f93c6fa033d604d9e90219484c40564bfebf4e3306a041f5ec522a76c0b9b,0f2cf9a67445117338a1c28f1312c232b1cbb8285fc218b4057ed38b092a75be,0.22458704188466072,0.22287201136350632,0.22189808078110218,0.5425750277936459,0.14091003686189651,0.5570189096033573,0.058933161199092865,1.9687942694872618,0.0,0.0,11.986454017460346,289.457029895857,1457.7338020317256,59500,59500,3000.0,,,False,False,ok
BNCI2014_001,resampled_spectral_raw_power_s1,resampled,spectral,raw_power,1,6398,120,500,500,1.0,22,253,0.0003171997763758004,0.017810103210700392,5.568145427110491,0.7951761040877134,20.482389591228657,20.482389591228657,0.00017821917772744184,0.5346575331823256,0.00021437050721889213,9.399645569955939e-05,0.000537287914356823,4.924278278896887e-05,188.24073761048203,5.716247880429664,0.03017952124818757,0.09236224807369398,0.1459989447547685,13538,72493075ed311ad8483e2a15b0b5748e9ca5ce22bb046f2b8dcd45df715ab51f,three_row_sha256,5c973f3ae822e475cee1ab11d5874264789ceb6d260d9e9bef29474f3237ad46,944f93c6fa033d604d9e90219484c40564bfebf4e3306a041f5ec522a76c0b9b,0f2cf9a67445117338a1c28f1312c232b1cbb8285fc218b4057ed38b092a75be,0.3892520908266306,0.2527909819036722,0.2666220534592867,0.9207390248775482,0.20145182497799397,0.5866719875484705,0.06531481631100178,2.682842779904604,0.0,0.0,9.1716970782727,292.1398726757616,1466.9054991099983,60000,60000,3000.0,,,False,False,ok
BNCI2014_001,resampled_spectral_raw_power_s1,resampled,spectral,raw_power,1,6398,121,500,500,1.0,22,253,0.00034008949905623505,0.018441515638803526,5.567725871821529,0.7951161882064754,20.488381179352455,20.488381179352455,0.00020107259926212132,0.603217797786364,0.00021377481483667325,0.00010460812421334162,0.000911305605572966,5.375184107385333e-05,188.24073761048203,5.716247880429664,0.03017952124818757,0.09236224807369398,0.1459989447547685,13658,f95d57421408ef9966ba03c8a10ce13e77626522328faff79070338996f187dd,three_row_sha256,98a202e71a473df872e73f1796d50c92049d33b6570289e3acd35dcc0405522c,944f93c6fa033d604d9e90219484c40564bfebf4e3306a041f5ec522a76c0b9b,0f2cf9a67445117338a1c28f1312c232b1cbb8285fc218b4057ed38b092a75be,0.31805504113435745,0.24487008340656757,0.24256319738924503,0.8467568550258875,0.19648298621177673,0.6077568978071213,0.0977709423750639,2.5542560033500195,0.0,0.0,10.571643942967057,294.6941286791116,1477.4771430529654,60500,60500,3000.0,,,False,False,ok
BNCI2014_001,resampled_spectral_raw_power_s1,resampled,spectral,raw_power,1,6398,122,500,500,1.0,22,253,0.00032719477616830443,0.018088526091650046,5.5670204690798935,0.7950154510020958,20.498454899790424,20.498454899790424,0.00018701203933621058,0.5610361180086317,0.00021604862862584286,9.718217118078955e-05,0.0006997094241137774,4.238406244178314e-05,188.240737610482,5.716247880429665,0.03017952124818757,0.09236224807369398,0.1459989447547685,13779,897fd2625d483d8629ddea2ae53ed4e30c3536f52d6aa128dc680a6a620dc509,three_row_sha256,24270e1d1863a19ce92c6c6b4704bfa04772da0f3c39d3d6e1d05a48b6329509,944f93c6fa033d604d9e90219484c40564bfebf4e3306a041f5ec522a76c0b9b,0f2cf9a67445117338a1c28f1312c232b1cbb8285fc218b4057ed38b092a75be,0.21347706206142902,0.22176280617713928,0.22117001935839653,0.5347807891666889,0.1309181097894907,0.8132979273796082,0.05754898302257061,2.192955696955323,0.0,0.0,12.093924917280674,296.8870843760669,1489.571067970246,61000,61000,3000.0,,,False,False,ok
BNCI2014_001,resampled_spectral_raw_power_s1,resampled,spectral,raw_power,1,6398,123,500,500,1.0,22,253,0.0003276681532405083,0.018101606371825354,5.561831356387856,0.7942744038315178,20.572559616848213,20.572559616848213,0.0001877252479901664,0.5631757439704992,0.000214413617944916,9.966746160200232e-05,0.0006239157613161358,5.303205550155546e-05,188.240737610482,5.716247880429664,0.03017952124818757,0.09236224807369398,0.1459989447547685,13901,ffe26b1292b0edd8a31942ccead058908c93b69139d40b0e52f0025eea3e85ad,three_row_sha256,3198a5a5a251df2db9d6e62bacc55ec2c860940850064cf9f9be852baed5f271,944f93c6fa033d604d9e90219484c40564bfebf4e3306a041f5ec522a76c0b9b,0f2cf9a67445117338a1c28f1312c232b1cbb8285fc218b4057ed38b092a75be,0.381512101739645,0.24766987189650536,0.2620669547468424,0.7803488988429308,0.14503300189971924,0.8310349658131599,0.08845515549182892,2.7361209504306316,0.0,0.0,10.986753972247243,299.62320532649755,1500.5578219424933,61500,61500,3000.0,,,False,False,ok
BNCI2014_001,resampled_spectral_raw_power_s1,resampled,spectral,raw_power,1,6398,124,500,500,1.0,22,253,0.0003400358461455665,0.018440060904063374,5.560320653817272,0.794058663312482,20.594133668751798,20.594133668751798,0.00019427239755594056,0.5828171926678217,0.00021743169490986115,0.00010513569382871483,0.000695499534027721,4.7388278929608205e-05,188.240737610482,5.716247880429665,0.03017952124818757,0.09236224807369398,0.1459989447547685,14024,8cdfd66c11e7468e0c4d1d34c1bc6b4ded7987b6d22153afa848939933aa4de6,three_row_sha256,caa655dd1f979d2fc4bbb723eb83559ac4d03150d22fbb59f60f42eacbd3b8f5,944f93c6fa033d604d9e90219484c40564bfebf4e3306a041f5ec522a76c0b9b,0f2cf9a67445117338a1c28f1312c232b1cbb8285fc218b4057ed38b092a75be,0.404733931645751,0.2626078203320503,0.2703780774027109,1.015127869322896,0.25044381618499756,0.7165069691836834,0.11138711124658585,3.031185595318675,0.0,0.0,10.567731922492385,302.65439092181623,1511.1255538649857,62000,62000,3000.0,,,False,False,ok
BNCI2014_001,resampled_spectral_raw_power_s1,resampled,spectral,raw_power,1,6398,125,500,500,1.0,22,253,0.000350253835997992,0.01871506975669586,5.560275229759089,0.7940521763903836,20.594782360961634,20.594782360961634,0.0002015650222442636,0.6046950667327908,0.0002203621566764666,0.00010928235783256702,0.0008147934855236259,4.0514186730138735e-05,188.24073761048206,5.716247880429664,0.03017952124818757,0.09236224807369398,0.1459989447547685,14148,2f64d0617457c6be0617d744939c0b5e0b0222582d21f007d7dbb37e8655ac7a,three_row_sha256,f6cc1befb6ce46700119137565ee7da0fae136c4256c1a509aa5473b26972b08,944f93c6fa033d604d9e90219484c40564bfebf4e3306a041f5ec522a76c0b9b,0f2cf9a67445117338a1c28f1312c232b1cbb8285fc218b4057ed38b092a75be,0.3168140538036823,0.24004001170396805,0.24211988784372807,0.870036892592907,0.23633986711502075,0.6155821029096842,0.10122801177203655,2.622160827741027,0.0,0.0,10.498140007257462,305.27655174955726,1521.6236938722432,62500,62500,3000.0,,,False,False,ok
BNCI2014_001,resampled_spectral_raw_power_s1,resampled,spectral,raw_power,1,6398,126,500,500,1.0,22,253,0.0003433730697806235,0.018530328377571282,5.561434645044536,0.7942177502500772,20.57822497499228,20.57822497499228,0.00019481440393976198,0.5844432118192859,0.0002246832074490858,0.00010207741378273405,0.0007025748744430909,5.491477426258268e-05,188.24073761048203,5.716247880429665,0.03017952124818757,0.09236224807369398,0.1459989447547685,14273,2d4408c29917fa8de6e648f2783143e31a0ee08572fbf171c3beea8b8bcb7781,three_row_sha256,c59c62ff2382afff40d09c31d6de079d38b34f9bccc5c6226aca3f29e1900d32,944f93c6fa033d604d9e90219484c40564bfebf4e3306a041f5ec522a76c0b9b,0f2cf9a67445117338a1c28f1312c232b1cbb8285fc218b4057ed38b092a75be,0.23576105013489723,0.22447318769991398,0.2304529771208763,0.5700259935110807,0.13407994993031025,0.733198132365942,0.05864002741873264,2.186631318181753,0.0,0.0,11.58618601039052,307.463183067739,1533.2098798826337,63000,63000,3000.0,,,False,False,ok
BNCI2014_001,resampled_spectral_raw_power_s1,resampled,spectral,raw_power,1,6398,127,500,500,1.0,22,253,0.00033726514209500905,0.018364779935926515,5.557048751950636,0.7935914093204074,20.640859067959255,20.640859067959255,0.0001910896319786714,0.5732688959360143,0.000222352774620103,0.00010033321563582417,0.0006512988791974974,6.409114712008251e-05,188.24073761048203,5.716247880429664,0.03017952124818757,0.09236224807369398,0.1459989447547685,14399,1c6b94ccdb5b7c92163718aebf7697a1a44d7306d8a4fe2330a5cfa28dbef4db,three_row_sha256,88e938c3320c0c3f41082759625f16bcbcc8ccb76ce37ae4389e880df8355703,944f93c6fa033d604d9e90219484c40564bfebf4e3306a041f5ec522a76c0b9b,0f2cf9a67445117338a1c28f1312c232b1cbb8285fc218b4057ed38b092a75be,0.2283609937876463,0.22321101278066635,0.22253510542213917,0.5546081811189651,0.1336371060460806,0.7175160571932793,0.05789683200418949,2.1377652883529663,0.0,0.0,12.601496884599328,309.600948356092,1545.811376767233,63500,63500,3000.0,,,False,False,ok
BNCI2014_001,resampled_spectral_raw_power_s1,resampled,spectral,raw_power,1,6398,128,500,500,1.0,22,253,0.000343419022336393,0.01853156826435348,5.554300439389609,0.7931989281067429,20.68010718932571,20.68010718932571,0.0001924534802200875,0.5773604406602625,0.00022303031865945354,0.00010601295174453508,0.0006646655610871347,4.701932323855607e-05,188.240737610482,5.716247880429664,0.03017952124818757,0.09236224807369398,0.1459989447547685,14526,4b7383ce1c394509a1703fe0b52a9c47beb0f06170e1a939a0a717fe9b30d4e5,three_row_sha256,cbbeafee18228ecdef7e11861b95df0aee491102ee2da03756e09828f8e45edd,944f93c6fa033d604d9e90219484c40564bfebf4e3306a041f5ec522a76c0b9b,0f2cf9a67445117338a1c28f1312c232b1cbb8285fc218b4057ed38b092a75be,0.22905878722667694,0.22411299869418144,0.22611301392316818,0.5674960557371378,0.13412488624453545,0.582301989197731,0.06149499677121639,2.024702727794647,0.0,0.0,11.275369906798005,311.6256510838866,1557.086746674031,64000,64000,3000.0,,,False,False,ok
BNCI2014_001,resampled_spectral_raw_power_s1,resampled,spectral,raw_power,1,6398,129,500,500,1.0,22,253,0.00034218987689842194,0.018498374979938694,5.552243481464385,0.7929051779145715,20.70948220854285,20.70948220854285,0.00019747256675483685,0.5924177002645106,0.00022033987979479564,0.00010302743301267827,0.000802880703999653,6.150277958713836e-05,188.24073761048203,5.716247880429665,0.03017952124818757,0.09236224807369398,0.1459989447547685,14654,b42e111d671c0b39cd2ee19610282d97b979bb44f45ba6cbc43de01acb527050,three_row_sha256,a4b41f32dddf8bd7c27956bfb161734c53b67a4b13b2b776935e42bf6c21f4a2,944f93c6fa033d604d9e90219484c40564bfebf4e3306a041f5ec522a76c0b9b,0f2cf9a67445117338a1c28f1312c232b1cbb8285fc218b4057ed38b092a75be,0.24608895182609558,0.22464594803750515,0.23598084226250648,0.5830689333379269,0.1368389930576086,0.5700788460671902,0.061515020206570625,2.0582175347954035,0.0,0.0,9.753243997693062,313.683868618682,1566.839990671724,64500,64500,3000.0,,,False,False,ok
BNCI2014_001,resampled_spectral_raw_power_s1,resampled,spectral,raw_power,1,6398,130,500,500,1.0,22,253,0.0003408544181454383,0.018462243042096437,5.550768106635599,0.7926944824821729,20.730551751782706,20.730551751782706,0.00019407364147496506,0.5822209244248951,0.000221142806411116,0.00010302960004451153,0.0007742024241863077,4.234188160078783e-05,188.240737610482,5.716247880429664,0.03017952124818757,0.09236224807369398,0.1459989447547685,14783,0ee1743a5b9ff32cefbc26a7df2f066fa4d97e2d915bb1d7a45d98f2fdb3a961,three_row_sha256,8db941e993e56dbfd7cfe89d4cf6c056edcfeff6d02bf04d181f37338458a3b9,944f93c6fa033d604d9e90219484c40564bfebf4e3306a041f5ec522a76c0b9b,0f2cf9a67445117338a1c28f1312c232b1cbb8285fc218b4057ed38b092a75be,0.21816091611981392,0.22133300080895424,0.22120214998722076,0.5479829851537943,0.13084383681416512,0.7003250066190958,0.05869404412806034,2.0985419396311045,0.0,0.0,9.063465055078268,315.78241055831313,1575.9034557268023,65000,65000,3000.0,,,False,False,ok
BNCI2014_001,resampled_spectral_raw_power_s1,resampled,spectral,raw_power,1,6398,131,500,500,1.0,22,253,0.0003360272799246507,0.018331046885670516,5.547859139165417,0.7922790584509336,20.77209415490664,20.77209415490664,0.00019272774788283936,0.5781832436485181,0.0002189604955542,0.0001004805870338629,0.0007275357898133491,5.266184982066557e-05,188.24073761048203,5.716247880429665,0.03017952124818757,0.09236224807369398,0.1459989447547685,14913,887f6027c4a50fe7abb04552ad50bca61f480d0fb2e146c00b7e8e7167791d64,three_row_sha256,15e84df8c042c1340825e187f9f04849d5f910fd40824bbcc66b4878cf96329b,944f93c6fa033d604d9e90219484c40564bfebf4e3306a041f5ec522a76c0b9b,0f2cf9a67445117338a1c28f1312c232b1cbb8285fc218b4057ed38b092a75be,0.21427194587886333,0.2210561651736498,0.22061588242650032,0.5455100908875465,0.1322389580309391,0.7218669634312391,0.05922699347138405,2.1147869993001223,0.0,0.0,9.70821501687169,317.89719755761325,1585.611670743674,65500,65500,3000.0,,,False,False,ok
BNCI2014_001,resampled_spectral_raw_power_s1,resampled,spectral,raw_power,1,6398,132,500,500,1.0,22,253,0.00034103536107799796,0.018467142742665903,5.54834289595089,0.7923481428240043,20.765185717599564,20.765185717599564,0.0001989575971389955,0.5968727914169865,0.00021870404509335856,0.00010286653977288593,0.0008397173039378502,4.623233333215265e-05,188.24073761048203,5.716247880429664,0.03017952124818757,0.09236224807369398,0.1459989447547685,15044,7abdb51123944c0470ab2094b4b375636db1663bca0b8d820d619a489981406e,three_row_sha256,851114d72a6d0e3804bc69d57f3fde042044104de0f554d690092612fd306075,944f93c6fa033d604d9e90219484c40564bfebf4e3306a041f5ec522a76c0b9b,0f2cf9a67445117338a1c28f1312c232b1cbb8285fc218b4057ed38b092a75be,0.22277003154158592,0.2299200277775526,0.22744294255971909,0.5597390700131655,0.13301405124366283,0.729857012629509,0.06045098416507244,2.1631941199302673,0.0,0.0,8.645016932860017,320.0603916775435,1594.256687676534,66000,66000,3000.0,,,False,False,ok
BNCI2014_001,resampled_spectral_raw_power_s1,resampled,spectral,raw_power,1,6398,133,500,500,1.0,22,253,0.00033602947258738774,0.018331106692924672,5.547524700824974,0.7922312979568711,20.776870204312893,20.776870204312893,0.0001941112083222545,0.5823336249667636,0.00021877299470992833,0.0001009707739171851,0.0007739985182062983,5.479376488697826e-05,188.24073761048206,5.716247880429664,0.03017952124818757,0.09236224807369398,0.1459989447547685,15176,4bad37b7bba16a83a4bf3841e2764be1e02f1bc486a337fc0206e56b0dc30a73,three_row_sha256,f1ad6edf11745852876e1b74328881f6a490698ca605c686f9eedeaad30a22a8,944f93c6fa033d604d9e90219484c40564bfebf4e3306a041f5ec522a76c0b9b,0f2cf9a67445117338a1c28f1312c232b1cbb8285fc218b4057ed38b092a75be,0.22892910055816174,0.22459495812654495,0.22757891565561295,0.5704369395971298,0.1410720869898796,0.612535048276186,0.06141886115074158,2.0665659103542566,0.0,0.0,11.049899039790034,322.1269575878978,1605.306586716324,66500,66500,3000.0,,,False,False,ok
BNCI2014_001,resampled_spectral_raw_power_s1,resampled,spectral,raw_power,1,6398,134,500,500,1.0,22,253,0.00032567842334571366,0.018046562646269058,5.546302699207381,0.792056786263851,20.794321373614896,20.794321373614896,0.0001896729975127468,0.5690189925382403,0.0002130127278800595,9.699157443222413e-05,0.0007206342449739313,4.118440335646927e-05,188.24073761048203,5.716247880429664,0.03017952124818757,0.09236224807369398,0.1459989447547685,15309,705414f22384c7276d392889145d020225b11d4bd718c1e6905360b986ec4190,three_row_sha256,d571423de6462d2e43ce8a57f3b15f4784231ced7c3f3bc9f434ef6d34f87a81,944f93c6fa033d604d9e90219484c40564bfebf4e3306a041f5ec522a76c0b9b,0f2cf9a67445117338a1c28f1312c232b1cbb8285fc218b4057ed38b092a75be,0.28229295276105404,0.226553063839674,0.23929006420075893,0.5957621615380049,0.13801082968711853,0.6111578550189734,0.06301607936620712,2.156083006411791,0.0,0.0,9.866664884611964,324.28304059430957,1615.173251600936,67000,67000,3000.0,,,False,False,ok
BNCI2014_001,resampled_spectral_raw_power_s1,resampled,spectral,raw_power,1,6398,135,500,500,1.0,22,253,0.0003243117976232096,0.018008658962377227,5.544951240746038,0.7918637870887767,20.813621291122335,20.813621291122335,0.00019053905405469338,0.5716171621640801,0.00021360918376020144,9.501907160646085e-05,0.0007551722967663551,4.553675543594884e-05,188.24073761048203,5.716247880429664,0.03017952124818757,0.09236224807369398,0.1459989447547685,15443,5b4021472fc711dcdf87543123bce452e3f484a610f7f45070b662a5b7f95f19,three_row_sha256,4e008801c8145197b45a42faef11aa54b2db96fa2da74e901fef68f30d10ddc9,944f93c6fa033d604d9e90219484c40564bfebf4e3306a041f5ec522a76c0b9b,0f2cf9a67445117338a1c28f1312c232b1cbb8285fc218b4057ed38b092a75be,0.2145289909094572,0.2216880675405264,0.22009899839758873,0.5422201938927174,0.13255886733531952,0.590610085055232,0.057238852605223656,1.978944055736065,0.0,0.0,8.507722057402134,326.26198465004563,1623.6809736583382,67500,67500,3000.0,,,False,False,ok
BNCI2014_001,resampled_spectral_raw_power_s1,resampled,spectral,raw_power,1,6398,136,500,500,1.0,22,253,0.00033637666629553913,0.018340574317494508,5.541589191233419,0.7913836592853293,20.861634071467076,20.861634071467076,0.00019117828575276674,0.5735348572583001,0.00021948650204869338,0.00010212671708646968,0.0006639060802111399,5.008880223495448e-05,188.240737610482,5.716247880429665,0.03017952124818757,0.09236224807369398,0.1459989447547685,15578,35f94329452f66e78110c27b496a74a787fc53c27ab974a57c00574ee654476d,three_row_sha256,eed43e632271c90a83ac164ea30191dd94a934b3d854cc34f4918d704cb9a10f,944f93c6fa033d604d9e90219484c40564bfebf4e3306a041f5ec522a76c0b9b,0f2cf9a67445117338a1c28f1312c232b1cbb8285fc218b4057ed38b092a75be,0.21999399177730083,0.22119213826954365,0.22126594558358192,0.546575989574194,0.13005896471440792,0.744126969948411,0.057159923017024994,2.1403739228844643,0.0,0.0,9.268214926123619,328.4023585729301,1632.9491885844618,68000,68000,3000.0,,,False,False,ok
BNCI2014_001,resampled_spectral_raw_power_s1,resampled,spectral,raw_power,1,6398,137,500,500,1.0,22,253,0.0003336476074012177,0.018266023305613558,5.5419179555641485,0.7914306094850132,20.856939051498678,20.856939051498678,0.00019418201013187902,0.582546030395637,0.00021439745391947705,0.00010083197758508353,0.0007655922040698028,5.298745945839094e-05,188.24073761048206,5.716247880429665,0.03017952124818757,0.09236224807369398,0.1459989447547685,15714,5e4ee5070ab1877111f6474a30a278032e1f73520ba3a2897b27e37c846cc297,three_row_sha256,f4c5c1f2f24b0e6e18150c93ebe8851346fc5d3fe6e7de6decaeaa298493d709,944f93c6fa033d604d9e90219484c40564bfebf4e3306a041f5ec522a76c0b9b,0f2cf9a67445117338a1c28f1312c232b1cbb8285fc218b4057ed38b092a75be,0.21077902056276798,0.22148783318698406,0.21935184486210346,0.5291937850415707,0.13981596566736698,0.5498179234564304,0.05798018537461758,1.9284265581518412,0.0,0.0,9.13106300868094,330.33078513108194,1642.0802515931427,68500,68500,3000.0,,,False,False,ok
BNCI2014_001,resampled_spectral_raw_power_s1,resampled,spectral,raw_power,1,6398,138,500,500,1.0,22,253,0.00033542022243109276,0.018314481222002788,5.5389356861175285,0.791004717339963,20.899528266003692,20.899528266003692,0.0001879971383287501,0.5639914149862503,0.00022146080756970882,0.00010043015856938646,0.0006104196790352194,4.925669966752705e-05,188.24073761048203,5.716247880429664,0.03017952124818757,0.09236224807369398,0.1459989447547685,15851,6c0185240ce5fc37431da964addba361882fe0739891cf8d8755bb0d4374892c,three_row_sha256,eb5304c7bdd8f8b35c3148f31964ed0cab7dbe3e54f44d33b618802164e77f2d,944f93c6fa033d604d9e90219484c40564bfebf4e3306a041f5ec522a76c0b9b,0f2cf9a67445117338a1c28f1312c232b1cbb8285fc218b4057ed38b092a75be,0.21080696024000645,0.2219798043370247,0.22148899734020233,0.5406038835644722,0.1306349877268076,0.5499820690602064,0.06379885599017143,1.939295558258891,0.0,0.0,9.96276899240911,332.27008068934083,1652.0430205855519,69000,69000,3000.0,,,False,False,ok
BNCI2014_001,resampled_spectral_raw_power_s1,resampled,spectral,raw_power,1,6398,139,500,500,1.0,22,253,0.0003431552214551651,0.018524449288849727,5.537646823839121,0.7908206574049873,20.917934259501273,20.917934259501273,0.00019452742646509547,0.5835822793952864,0.00022228744563752812,0.00010346776275233558,0.0007256556944474919,4.5530775741008654e-05,188.240737610482,5.716247880429664,0.03017952124818757,0.09236224807369398,0.1459989447547685,15989,9920ef6a9d2cb081219e8afa66556e4f97809c280c73df821a9ee8468e437ac1,three_row_sha256,684b69ff94a07fc32d7048690c764b127308a6c2a63594634044dc254d0ad4e1,944f93c6fa033d604d9e90219484c40564bfebf4e3306a041f5ec522a76c0b9b,0f2cf9a67445117338a1c28f1312c232b1cbb8285fc218b4057ed38b092a75be,0.28596306219697,0.22915098816156387,0.24390988983213902,0.6845130119472742,0.15226309187710285,0.748826190829277,0.07271603681147099,2.417342271655798,0.0,0.0,9.621908888220787,334.6874229609966,1661.6649294737726,69500,69500,3000.0,,,False,False,ok
BNCI2014_001,resampled_spectral_raw_power_s1,resampled,spectral,raw_power,1,6398,140,500,500,1.0,22,253,0.0003270672540312207,0.01808500080263257,5.53488214829099,0.7904258394247087,20.957416057529137,20.957416057529137,0.00018854864780248396,0.5656459434074519,0.0002153402975694458,9.667606242495184e-05,0.0006687389475929996,4.472332294385338e-05,188.24073761048203,5.716247880429664,0.03017952124818757,0.09236224807369398,0.1459989447547685,16128,3bb917f388f1fa184d9ce374af4febdb218301a19819b2dc0bb94e697fc1b2e1,three_row_sha256,90fa1a68369b13d67b3aede5f4892c6700ecfd3b30cfd8a896b261072577be21,944f93c6fa033d604d9e90219484c40564bfebf4e3306a041f5ec522a76c0b9b,0f2cf9a67445117338a1c28f1312c232b1cbb8285fc218b4057ed38b092a75be,0.26644114404916763,0.22749300114810467,0.24103093892335892,0.6006720941513777,0.14080991968512535,0.7270369678735733,0.06237206980586052,2.265856135636568,0.0,0.0,9.263754123821855,336.9532790966332,1670.9286835975945,70000,70000,3000.0,,,False,False,ok
BNCI2014_001,resampled_spectral_raw_power_s1,resampled,spectral,raw_power,1,6398,141,500,500,1.0,22,253,0.00032866432227702863,0.018129101529778816,5.533553297122618,0.79023606875352,20.976393124648,20.976393124648,0.00018699459192664762,0.5609837757799429,0.00021776950218081005,9.880078794252273e-05,0.0006386210751120334,5.975598850930941e-05,188.24073761048203,5.716247880429664,0.03017952124818757,0.09236224807369398,0.1459989447547685,16268,1feb639e7d8c128661d0958fc195dbdbf07c4e4045409405bca88172b4c42e05,three_row_sha256,2bcdb3e584cb973627ae8e04d9e0456657c00e1290c9dd3dc05b09a8de9785f0,944f93c6fa033d604d9e90219484c40564bfebf4e3306a041f5ec522a76c0b9b,0f2cf9a67445117338a1c28f1312c232b1cbb8285fc218b4057ed38b092a75be,0.22274884395301342,0.22343709133565426,0.2207290381193161,0.5553108640015125,0.1325700432062149,0.6164570804685354,0.057990895584225655,2.0292438566684723,0.0,0.0,9.366036858409643,338.98252295330167,1680.2947204560041,70500,70500,3000.0,,,False,False,ok
BNCI2014_001,resampled_spectral_raw_power_s1,resampled,spectral,raw_power,1,6398,142,500,500,1.0,22,253,0.0003211272253463918,0.017920023028623368,5.532889065543694,0.7901412111234429,20.985878887655712,20.985878887655712,0.00018952679489948022,0.5685803846984407,0.00021083433408821263,9.399606281485974e-05,0.0007285727518689395,4.993952902425165e-05,188.24073761048206,5.716247880429664,0.03017952124818757,0.09236224807369398,0.1459989447547685,16409,0900ddd02653efde14b03f4fae85672723015176747e09ede4147de1d18ce6e6,three_row_sha256,9acd1e0c1d50f2ef3faf5f20ff9273135122847d22818976d145b670b3a9cbca,944f93c6fa033d604d9e90219484c40564bfebf4e3306a041f5ec522a76c0b9b,0f2cf9a67445117338a1c28f1312c232b1cbb8285fc218b4057ed38b092a75be,0.2143331803381443,0.22103195078670979,0.22063707001507282,0.5453298799693584,0.13133790343999863,0.7084810640662909,0.05642999894917011,2.097581047564745,0.0,0.0,9.912061039358377,341.0801040008664,1690.2067814953625,71000,71000,3000.0,,,False,False,ok
BNCI2014_001,resampled_spectral_raw_power_s1,resampled,spectral,raw_power,1,6398,143,500,500,1.0,22,253,0.0003317319204351317,0.018213509283911536,5.528888540079741,0.7895699038013961,21.043009619860392,21.043009619860392,0.00019382417267161685,0.5814725180148506,0.000211424313344965,0.00010233463841239086,0.0008274525784201828,5.1819032519942454e-05,188.24073761048206,5.716247880429664,0.03017952124818757,0.09236224807369398,0.1459989447547685,16551,07c94233539a1b51a7a6d7a1bc72f9ecd8ef517fed6ed7972a3062363c53b4a3,three_row_sha256,440d79f9adeb393304b0d0e0163e4654ac969577eff128505f4960af22a12766,944f93c6fa033d604d9e90219484c40564bfebf4e3306a041f5ec522a76c0b9b,0f2cf9a67445117338a1c28f1312c232b1cbb8285fc218b4057ed38b092a75be,0.24377298541367054,0.22524595260620117,0.2351398579776287,0.5746760871261358,0.13669789768755436,1.1070962063968182,0.0660379882901907,2.5886669754981995,0.0,0.0,8.8931021746248,343.6687709763646,1699.0998836699873,71500,71500,3000.0,,,False,False,ok
BNCI2014_001,resampled_spectral_raw_power_s1,resampled,spectral,raw_power,1,6398,144,500,500,1.0,22,253,0.00031267276138089367,0.017682555284259504,5.5260942620850315,0.7891708583528428,21.08291416471572,21.08291416471572,0.00018497434225869173,0.5549230267760752,0.00020885347557058535,9.033137664674835e-05,0.0006892042258430393,5.265450614640681e-05,188.24073761048203,5.716247880429665,0.03017952124818757,0.09236224807369398,0.1459989447547685,16694,2bc3041ddf826ca76e9339ac7c7cb1d583aba5028506eddd1f9856797a87980c,three_row_sha256,0722e0bd6db0e8f1b852a921744fb4114b2d0fd5c88a292ad29d17cb343dd6b8,944f93c6fa033d604d9e90219484c40564bfebf4e3306a041f5ec522a76c0b9b,0f2cf9a67445117338a1c28f1312c232b1cbb8285fc218b4057ed38b092a75be,0.27644913643598557,0.22789393551647663,0.2349279820919037,0.832987017929554,0.17145415768027306,0.6534280255436897,0.09860820136964321,2.495748456567526,0.0,0.0,13.773767976090312,346.16451943293214,1712.8736516460776,72000,72000,3000.0,,,False,False,ok
BNCI2014_001,resampled_spectral_raw_power_s1,resampled,spectral,raw_power,1,6398,145,500,500,1.0,22,253,0.0003375144325154278,0.018371565869991262,5.5219552634121545,0.7885797759390291,21.142022406097098,21.142022406097098,0.00019210777664129206,0.5763233299238761,0.00021917723998889893,0.00010251383002972994,0.0006430647397899337,6.238873265117459e-05,188.24073761048203,5.716247880429665,0.03017952124818757,0.09236224807369398,0.1459989447547685,16838,42f00c0f908a9a383ac2da08d32d7db830de9d3628a01effe5aedb6a08895173,three_row_sha256,5efdf8e9603234c59a446d6a3bd5aeea2144cb213da7096145de92c00ebfd0fa,944f93c6fa033d604d9e90219484c40564bfebf4e3306a041f5ec522a76c0b9b,0f2cf9a67445117338a1c28f1312c232b1cbb8285fc218b4057ed38b092a75be,0.3103921189904213,0.2394861076027155,0.23737107403576374,0.7778529543429613,0.20459596998989582,1.1134410742670298,0.11180806905031204,2.9949473682790995,0.0,0.0,14.871316030621529,349.15946680121124,1727.7449676766992,72500,72500,3000.0,,,False,False,ok
BNCI2014_001,resampled_spectral_raw_power_s1,resampled,spectral,raw_power,1,6398,146,500,500,1.0,22,253,0.00035545627743655635,0.018853548139184738,5.521915838972268,0.7885741458108426,21.142585418915736,21.142585418915736,0.0002074354637068731,0.6223063911206194,0.00022058161800977578,0.00011237808502859694,0.001093568893066171,5.3882761112143644e-05,188.24073761048203,5.716247880429664,0.03017952124818757,0.09236224807369398,0.1459989447547685,16983,34747a6895bf1215e74485403b0d5868970bd95c813e8fdfb6d7d9031115e689,three_row_sha256,d57857116bd7e67093f3cbeba73edeb6d42ed5767d92324ce07b4d4539d85ed7,944f93c6fa033d604d9e90219484c40564bfebf4e3306a041f5ec522a76c0b9b,0f2cf9a67445117338a1c28f1312c232b1cbb8285fc218b4057ed38b092a75be,0.2867928706109524,0.23683602921664715,0.2426819410175085,0.7576360367238522,0.18949294462800026,0.9991589467972517,0.13297307305037975,2.845571842044592,0.0,0.0,15.042735962197185,352.00503864325583,1742.7877036388963,73000,73000,3000.0,,,False,False,ok
BNCI2014_001,resampled_spectral_raw_power_s1,resampled,spectral,raw_power,1,6398,147,500,500,1.0,22,253,0.0003288408850931892,0.01813397047238109,5.518241981609999,0.7880494893300548,21.19505106699452,21.19505106699452,0.00018751638931825253,0.5625491679547576,0.00021765015869515227,9.791728121074046e-05,0.0006191902625236995,5.780757867461139e-05,188.240737610482,5.716247880429664,0.03017952124818757,0.09236224807369398,0.1459989447547685,17129,a3c1fc849af6b10c41512027ae5b1be211a40db8f0ec20043d1220de16cb4e75,three_row_sha256,592d0169c3c4b8e7b1f41b1cb547d60f800a5c7f4ee31e4c86737b739c0b52b7,944f93c6fa033d604d9e90219484c40564bfebf4e3306a041f5ec522a76c0b9b,0f2cf9a67445117338a1c28f1312c232b1cbb8285fc218b4057ed38b092a75be,0.32691191881895065,0.24263211525976658,0.2504189033061266,0.8057530503720045,0.19485503435134888,1.1113539803773165,0.08751102723181248,3.019436029717326,0.0,0.0,14.68199910596013,355.02447467297316,1757.4697027448565,73500,73500,3000.0,,,False,False,ok
BNCI2014_001,resampled_spectral_raw_power_s1,resampled,spectral,raw_power,1,6398,148,500,500,1.0,22,253,0.00032206798322880045,0.017946252623564633,5.517666726981275,0.7879673383265448,21.203266167345525,21.203266167345525,0.00018468073806514402,0.554042214195432,0.00021495769024299435,9.538400081572202e-05,0.0006336339805989256,5.9298746381373096e-05,188.24073761048203,5.716247880429664,0.03017952124818757,0.09236224807369398,0.1459989447547685,17276,90919e9d90f5a9767916d7040ffe7650cb46b79e3903ac1c6fe9dc2196fe3197,three_row_sha256,29741f74e4ce03a42b6df3ac58a56939614356ad60c8864d155e5f7606f74d21,944f93c6fa033d604d9e90219484c40564bfebf4e3306a041f5ec522a76c0b9b,0f2cf9a67445117338a1c28f1312c232b1cbb8285fc218b4057ed38b092a75be,0.4546409472823143,0.246700132265687,0.2633009571582079,0.8466390427201986,0.20087300799787045,0.6162920035421848,0.09081698954105377,2.719263080507517,0.0,0.0,14.514373149722815,357.7437377534807,1771.9840758945793,74000,74000,3000.0,,,False,False,ok
BNCI2014_001,resampled_spectral_raw_power_s1,resampled,spectral,raw_power,1,6398,149,500,500,1.0,22,253,0.00033990407020895587,0.018436487469389494,5.51566010621875,0.7876807766874472,21.231922331255284,21.231922331255284,0.00019764218778316019,0.5929265633494806,0.00021224676264332666,0.00010717206903373395,0.0007593376852404127,3.8270632857844306e-05,188.240737610482,5.716247880429664,0.03017952124818757,0.09236224807369398,0.1459989447547685,17424,e726d6aeb87bdad0811e5a690fd98a58d130aa41b8cf55986c3cc4c9453b3a90,three_row_sha256,ee95883487feeec273f0ae9980972644b2bfca8037e76ba59722b9146d6be6d5,944f93c6fa033d604d9e90219484c40564bfebf4e3306a041f5ec522a76c0b9b,0f2cf9a67445117338a1c28f1312c232b1cbb8285fc218b4057ed38b092a75be,0.3016320988535881,0.2416069619357586,0.24092989042401314,0.779896043241024,0.1948049757629633,0.7597960066050291,0.08289585821330547,2.6015618350356817,0.0,0.0,13.371828012168407,360.34529958851635,1785.3559039067477,74500,74500,3000.0,,,False,False,ok
BNCI2014_001,resampled_spectral_raw_power_s1,resampled,spectral,raw_power,1,6398,150,500,500,1.0,22,253,0.0003150971123260141,0.01775097496832256,5.515281298846181,0.7876266799375217,21.237332006247836,21.237332006247836,0.00018415409641980312,0.5524622892594093,0.0002085410265188381,9.2481501542626e-05,0.0006283211707278963,6.064388900318964e-05,188.240737610482,5.716247880429664,0.03017952124818757,0.09236224807369398,0.1459989447547685,17573,8184b4562fbfb3fcbe7429ceffdeedcd2aa11a35f7cb2c177a72ddc35666190b,three_row_sha256,7ef33426906f2ae267ab5b059a8253eb71357aa85b9eac680df38021e5180d31,944f93c6fa033d604d9e90219484c40564bfebf4e3306a041f5ec522a76c0b9b,0f2cf9a67445117338a1c28f1312c232b1cbb8285fc218b4057ed38b092a75be,0.42485794983804226,0.23720809258520603,0.24937395937740803,0.7707891054451466,0.1931050792336464,0.5940459668636322,0.08459901437163353,2.553979167714715,0.0,0.0,12.881485046818852,362.89927875623107,1798.2373889535666,75000,75000,3000.0,,,False,False,ok
BNCI2014_001,resampled_spectral_raw_power_s1,resampled,spectral,raw_power,1,6398,151,500,500,1.0,22,253,0.0003160542241679321,0.017777913943090515,5.511980560558792,0.7871553078718425,21.284469212815754,21.284469212815754,0.00018232867563483613,0.5469860269045084,0.00021131756959287822,9.4174440055425e-05,0.0005708169558758737,6.65354987979118e-05,188.24073761048203,5.716247880429664,0.03017952124818757,0.09236224807369398,0.1459989447547685,17723,3ce58d8ef08ee5e4902e63574fbee3f4b0f909943771dc59a0673aafcba3a8df,three_row_sha256,84b8a13c578914d790fe564a81bac746a694d53bff72c6418c1ed22d3d9d3ab8,944f93c6fa033d604d9e90219484c40564bfebf4e3306a041f5ec522a76c0b9b,0f2cf9a67445117338a1c28f1312c232b1cbb8285fc218b4057ed38b092a75be,0.3020151052623987,0.23956596851348877,0.24090707302093506,0.7859549950808287,0.1969928853213787,0.6055638659745455,0.08240691386163235,2.4534068070352077,0.0,0.0,13.821962988004088,365.3526855632663,1812.0593519415706,75500,75500,3000.0,,,False,False,ok
BNCI2014_001,resampled_spectral_raw_power_s1,resampled,spectral,raw_power,1,6398,152,500,500,1.0,22,253,0.00034971956744859475,0.018700790556781144,5.509041441131251,0.7867355778977544,21.326442210224563,21.326442210224563,0.00019670419245513036,0.5901125773653911,0.00022761600354171923,0.0001055766303240715,0.0008292352849658839,5.108564499060409e-05,188.24073761048203,5.716247880429664,0.03017952124818757,0.09236224807369398,0.1459989447547685,17874,25ecbca124d7107f9c9d77c987dd72fad63e446b7716fa92de0e0e456c718c56,three_row_sha256,f244c7a21928f0fdee88be66549e75f553d75012ddb6a4af9b7fe1940e512ed1,944f93c6fa033d604d9e90219484c40564bfebf4e3306a041f5ec522a76c0b9b,0f2cf9a67445117338a1c28f1312c232b1cbb8285fc218b4057ed38b092a75be,0.4522041417658329,0.24280184879899025,0.25591603480279446,0.8082608692348003,0.19785715267062187,0.6465271580964327,0.0856439583003521,2.6892111636698246,0.0,0.0,14.340922934934497,368.0418967269361,1826.4002748765051,76000,76000,3000.0,,,False,False,ok
BNCI2014_001,resampled_spectral_raw_power_s1,resampled,spectral,raw_power,1,6398,153,500,500,1.0,22,253,0.0003199244815529483,0.017886432890684166,5.506485776759809,0.7863706084003083,21.362939159969173,21.362939159969173,0.00018620682231456826,0.5586204669437047,0.00020904657513957808,9.651200614958666e-05,0.0006511276215002907,4.9253430458890034e-05,188.24073761048203,5.716247880429665,0.03017952124818757,0.09236224807369398,0.1459989447547685,18026,236970c0e1022dffbd77cb8f3278a7e087d76ef2ab2e327618dfbbf18f3e6222,three_row_sha256,de48c2ba9e085463b30e6f986295253934df3a7e3eb9b7c4f022787682337c96,944f93c6fa033d604d9e90219484c40564bfebf4e3306a041f5ec522a76c0b9b,0f2cf9a67445117338a1c28f1312c232b1cbb8285fc218b4057ed38b092a75be,0.30008982867002487,0.2397929783910513,0.23778504692018032,0.7843079511076212,0.19288016483187675,1.0060290805995464,0.082758953794837,2.843644004315138,0.0,0.0,13.874022057279944,370.88554073125124,1840.274296933785,76500,76500,3000.0,,,False,False,ok
BNCI2014_001,resampled_spectral_raw_power_s1,resampled,spectral,raw_power,1,6398,154,500,500,1.0,22,253,0.0003309591892951059,0.018192283784481428,5.503172600395508,0.7858974600768659,21.41025399231341,21.41025399231341,0.00018945319172884774,0.5683595751865432,0.0002165291903385868,9.952925444405652e-05,0.0006324512805360404,4.80233820752653e-05,188.240737610482,5.716247880429664,0.03017952124818757,0.09236224807369398,0.1459989447547685,18179,88343d2ce3205542432f978bc9ff8168224df69def846263d85d56ea98cfe1b6,three_row_sha256,39a1a7d49dbaaa3de265040521a946101dfa56304797e7bfb66004e15ee2e6bc,944f93c6fa033d604d9e90219484c40564bfebf4e3306a041f5ec522a76c0b9b,0f2cf9a67445117338a1c28f1312c232b1cbb8285fc218b4057ed38b092a75be,0.29940204694867134,0.236856983974576,0.23747794330120087,0.7739809807389975,0.19114604219794273,0.9180388879030943,0.1309639774262905,2.787866862490773,0.0,0.0,13.845379929989576,373.673407593742,1854.1196768637747,77000,77000,3000.0,,,False,False,ok
BNCI2014_001,resampled_spectral_raw_power_s1,resampled,spectral,raw_power,1,6398,155,500,500,1.0,22,253,0.0003152700877671632,0.01775584657984978,5.505095703852616,0.7861720947707328,21.38279052292672,21.38279052292672,0.00018864202630917932,0.565926078927538,0.0002008751095253895,9.799726441208003e-05,0.0007428326754771598,2.8254850314265503e-05,188.24073761048203,5.716247880429664,0.03017952124818757,0.09236224807369398,0.1459989447547685,18333,0ab53409ebb6db5a37b6d3fe2fa82dbe228a2641d291a56916f885b72c5ab8c2,three_row_sha256,6b5ba2668e1d94f8c7bf1dedfe78dfb6a0b91690a95c2a4d3bc28ad247cd206d,944f93c6fa033d604d9e90219484c40564bfebf4e3306a041f5ec522a76c0b9b,0f2cf9a67445117338a1c28f1312c232b1cbb8285fc218b4057ed38b092a75be,0.43072900734841824,0.23928983137011528,0.2559400163590908,0.7867461536079645,0.19505596719682217,0.9566049557179213,0.11560693383216858,2.979972865432501,0.0,0.0,14.819361036643386,376.6533804591745,1868.939037900418,77500,77500,3000.0,,,False,False,ok
BNCI2014_001,resampled_spectral_raw_power_s1,resampled,spectral,raw_power,1,6398,156,500,500,1.0,22,253,0.00032938737773178356,0.01814903241861074,5.503414756701114,0.7859320419516018,21.406795804839817,21.406795804839817,0.00019241783622684798,0.5772535086805439,0.00021254506181339259,9.899430474211015e-05,0.0007770770742409774,5.904944514177149e-05,188.24073761048203,5.716247880429664,0.03017952124818757,0.09236224807369398,0.1459989447547685,18488,4056ff5f5a63cd8d350f039bc1faf9ece80c6c740ec5c2251e177ec71b65e783,three_row_sha256,0e7bf30483ee228971fb0c9c360130a161fa6c895de69dc581385ab7d92300da,944f93c6fa033d604d9e90219484c40564bfebf4e3306a041f5ec522a76c0b9b,0f2cf9a67445117338a1c28f1312c232b1cbb8285fc218b4057ed38b092a75be,0.4273990634828806,0.24174409918487072,0.2536429092288017,0.823423033580184,0.19723200239241123,0.7808420341461897,0.0866639893501997,2.8109471313655376,0.0,0.0,14.97055497020483,379.46432759054005,1883.9095928706229,78000,78000,3000.0,,,False,False,ok
BNCI2014_001,resampled_spectral_raw_power_s1,resampled,spectral,raw_power,1,6398,157,500,500,1.0,22,253,0.0003245943252821141,0.018016501471765103,5.504754760692641,0.7861234053359446,21.38765946640554,21.38765946640554,0.00018380761489029102,0.551422844670873,0.0002166414816477916,9.622314312473314e-05,0.0005783483078973773,4.876638306967891e-05,188.24073761048203,5.716247880429664,0.03017952124818757,0.09236224807369398,0.1459989447547685,18644,f7aa1e129bdcd4c51ca79ac0961bac86386e863ab02cc808b072c848b820ab23,three_row_sha256,a5c9f2b16affce72b8aef5886ed5dc9c040c533417af4fc81c9beeb55bfbcf7b,944f93c6fa033d604d9e90219484c40564bfebf4e3306a041f5ec522a76c0b9b,0f2cf9a67445117338a1c28f1312c232b1cbb8285fc218b4057ed38b092a75be,0.36843796260654926,0.2528899349272251,0.2711641136556864,0.8529708720743656,0.2029919996857643,0.7308050990104675,0.09251595474779606,2.7717759367078543,0.0,0.0,14.521768083795905,382.2361035272479,1898.4313609544188,78500,78500,3000.0,,,False,False,ok
BNCI2014_001,resampled_spectral_raw_power_s1,resampled,spectral,raw_power,1,6398,158,500,500,1.0,22,253,0.00034078847128455095,0.018460456963048096,5.50350513777632,0.7859449490985517,21.405505090144832,21.405505090144832,0.00019400691182182989,0.5820207354654896,0.0002184811742516138,0.00010573636173932969,0.0006972936930399816,5.2505248156460075e-05,188.24073761048203,5.716247880429664,0.03017952124818757,0.09236224807369398,0.1459989447547685,18801,f568bec2d70d70f5685dfb38c2cb1f1a78d5869707121ba64591905ceb42e128,three_row_sha256,bd6d3b654e5427593ff0e263c9c8b1617417cb497a9365e72c0b3eb5349372b6,944f93c6fa033d604d9e90219484c40564bfebf4e3306a041f5ec522a76c0b9b,0f2cf9a67445117338a1c28f1312c232b1cbb8285fc218b4057ed38b092a75be,0.34320191480219364,0.2483970019966364,0.2611360978335142,0.8556721732020378,0.20505092106759548,0.9001658763736486,0.1296249683946371,2.9432489536702633,0.0,0.0,14.83363495208323,385.17935248091817,1913.264995906502,79000,79000,3000.0,,,False,False,ok
BNCI2014_001,resampled_spectral_raw_power_s1,resampled,spectral,raw_power,1,6398,159,500,500,1.0,22,253,0.00033335729954737275,0.018258074913510808,5.497774262885659,0.785126533913779,21.4873466086221,21.4873466086221,0.00019467860100528733,0.584035803015862,0.00021421904573158267,0.00010143845849053696,0.0007814091513494505,4.186794273595176e-05,188.240737610482,5.716247880429664,0.03017952124818757,0.09236224807369398,0.1459989447547685,18959,03762b508c4b0d359fa2a9fc9f22547c6ef37c090e9b63db495371505129e51d,three_row_sha256,dfde62d294b4c996f44c1dfecea8269f96f8ff625fe5898c7e8deef4037a3963,944f93c6fa033d604d9e90219484c40564bfebf4e3306a041f5ec522a76c0b9b,0f2cf9a67445117338a1c28f1312c232b1cbb8285fc218b4057ed38b092a75be,0.336651923134923,0.24432805366814137,0.2582981251180172,0.8596561383455992,0.2033428754657507,0.8539918344467878,0.08678506128489971,2.843054011464119,0.0,0.0,13.661981793120503,388.0224064923823,1926.9269776996225,79500,79500,3000.0,,,False,False,ok
BNCI2014_001,resampled_spectral_raw_power_s1,resampled,spectral,raw_power,1,6398,160,500,500,1.0,22,253,0.0003117362236073868,0.01765605345504444,5.494598351194173,0.7846729880933939,21.532701190660607,21.532701190660607,0.00018077557315528144,0.5423267194658443,0.00020728403700396176,9.245408177188028e-05,0.000548738477758999,5.575593550276902e-05,188.24073761048203,5.716247880429664,0.03017952124818757,0.09236224807369398,0.1459989447547685,19118,7ee8f3d02f2dc15d07236cc5e65c7280cb07b2b8b758c3bf3ca131b7e2cb0e5a,three_row_sha256,fc0b88a315e1c653d35fa03292aeee2848130ab1ad4d24259c0c97fcd3e7b2e9,944f93c6fa033d604d9e90219484c40564bfebf4e3306a041f5ec522a76c0b9b,0f2cf9a67445117338a1c28f1312c232b1cbb8285fc218b4057ed38b092a75be,0.3179179038852453,0.24394504725933075,0.2448300365358591,0.8260260801762342,0.19992096349596977,0.7836709264665842,0.08605211041867733,2.7023630682379007,0.0,0.0,15.107293846085668,390.7247695606202,1942.0342715457082,80000,80000,3000.0,,,False,False,ok
BNCI2014_001,resampled_spectral_raw_power_s1,resampled,spectral,raw_power,1,6398,161,500,500,1.0,22,253,0.0003225147636616186,0.017958696045693813,5.491943965102412,0.7842939203375637,21.570607966243628,21.570607966243628,0.000190071376663568,0.570214129990704,0.00020753790399651929,9.79419573379598e-05,0.0006923316977622346,5.628576267676658e-05,188.24073761048203,5.716247880429664,0.03017952124818757,0.09236224807369398,0.1459989447547685,19278,2253738d80b56a6cbb63aa79c6a30254a17e92e5d4791d824618ce01e5f096e1,three_row_sha256,39126e0a117c30e25ae30dad5fbc2257bf6f1c1cd49ba8085ba965fdc74e6261,944f93c6fa033d604d9e90219484c40564bfebf4e3306a041f5ec522a76c0b9b,0f2cf9a67445117338a1c28f1312c232b1cbb8285fc218b4057ed38b092a75be,0.35333307459950447,0.2457411028444767,0.26073609478771687,0.8332980796694756,0.20345719531178474,0.6875789258629084,0.09292690083384514,2.677071373909712,0.0,0.0,14.46122513152659,393.4018409345299,1956.4954966772348,80500,80500,3000.0,,,False,False,ok
BNCI2014_001,resampled_spectral_raw_power_s1,resampled,spectral,raw_power,1,6398,162,500,500,1.0,22,253,0.0003311840882641695,0.018198463898476968,5.4896874215998785,0.7839716677142193,21.602833228578064,21.602833228578064,0.00018849653001653592,0.5654895900496077,0.0002209399407429231,9.766097501683562e-05,0.0006768220103387421,6.190399264563559e-05,188.240737610482,5.716247880429664,0.03017952124818757,0.09236224807369398,0.1459989447547685,19439,f1a1750dc19477afd53e23cf958f8ba24fe16a46f3b5c597314ab056ac2bb6d0,three_row_sha256,b046742cd9c7671f79d17e8fc4fa588da64924f93e339c4e2b0fd686b7ee6837,944f93c6fa033d604d9e90219484c40564bfebf4e3306a041f5ec522a76c0b9b,0f2cf9a67445117338a1c28f1312c232b1cbb8285fc218b4057ed38b092a75be,0.4320910666137934,0.24360907264053822,0.25863409973680973,0.8212961256504059,0.20125205628573895,0.70045399479568,0.08837715722620487,2.745713572949171,0.0,0.0,14.411764917895198,396.1475545074791,1970.90726159513,81000,81000,3000.0,,,False,False,ok
BNCI2014_001,resampled_spectral_raw_power_s1,resampled,spectral,raw_power,1,6398,163,500,500,1.0,22,253,0.0003116613148791619,0.017653931994860574,5.490431766891943,0.7840779662290818,21.592203377091824,21.592203377091824,0.0001863755185121668,0.5591265555365004,0.00020550393535877294,9.142480369497881e-05,0.0007589431371473563,4.796096402412057e-05,188.24073761048206,5.716247880429664,0.03017952124818757,0.09236224807369398,0.1459989447547685,19601,2eced1dd749041371a1f20930d59bfebe27ebc7339c89d6acd8dc178022ecc73,three_row_sha256,ca027a07dc7fab6db942ee21c9725651c97a91948e2e32e3c3d2e2846030cc11,944f93c6fa033d604d9e90219484c40564bfebf4e3306a041f5ec522a76c0b9b,0f2cf9a67445117338a1c28f1312c232b1cbb8285fc218b4057ed38b092a75be,0.4270018544048071,0.23853685706853867,0.24852994829416275,0.7885179948061705,0.194113003090024,0.7090580184012651,0.08701998740434647,2.6927776634693146,0.0,0.0,14.443943975493312,398.8403321709484,1985.3512055706233,81500,81500,3000.0,,,False,False,ok
BNCI2014_001,resampled_spectral_raw_power_s1,resampled,spectral,raw_power,1,6398,164,500,500,1.0,22,253,0.0003355428347636402,0.018317828330990556,5.488404833266755,0.7837885037492633,21.62114962507367,21.62114962507367,0.00019477735955762367,0.5843320786728711,0.0002162666597232892,0.0001011790854622096,0.0007476718797292788,5.647619943810848e-05,188.24073761048203,5.716247880429665,0.03017952124818757,0.09236224807369398,0.1459989447547685,19764,87a2d4150709083c2b748b005e7ec45005496a5e6d2a0bb5f2ab6252d7d72c57,three_row_sha256,6655ac45312d9b29baefa7ba2fbbaf9a92b393050e6a56553a3e2856bc1ea658,944f93c6fa033d604d9e90219484c40564bfebf4e3306a041f5ec522a76c0b9b,0f2cf9a67445117338a1c28f1312c232b1cbb8285fc218b4057ed38b092a75be,0.30941213481128216,0.24252897128462791,0.2520980779081583,0.8052999619394541,0.19622407853603363,0.6262401584535837,0.11407211422920227,2.545875497162342,0.0,0.0,14.07525991089642,401.3862076681107,1999.4264654815197,82000,82000,3000.0,,,False,False,ok
BNCI2014_001,resampled_spectral_raw_power_s1,resampled,spectral,raw_power,1,6398,165,500,500,1.0,22,253,0.0003215895372311908,0.017932917699894538,5.484844437596552,0.7832800505137822,21.671994948621773,21.671994948621773,0.00018738591194356462,0.5621577358306938,0.00021114440192423684,9.687275117538683e-05,0.0006655761835907918,4.196158335136708e-05,188.24073761048203,5.716247880429664,0.03017952124818757,0.09236224807369398,0.1459989447547685,19928,ead8ff4a1833dfc7b9a059512042b67c032bdf269fcc49406a3464554d2c8e16,three_row_sha256,e8d6084ac91d3911184b9cf2ed7039d1aaa91db6b99e34d43d738df588066378,944f93c6fa033d604d9e90219484c40564bfebf4e3306a041f5ec522a76c0b9b,0f2cf9a67445117338a1c28f1312c232b1cbb8285fc218b4057ed38b092a75be,0.42518903501331806,0.24029100313782692,0.25362707674503326,0.7892809808254242,0.19222311675548553,0.6067119538784027,0.08264416828751564,2.5899673346430063,0.0,0.0,14.58951411768794,403.97617500275373,2014.0159795992076,82500,82500,3000.0,,,False,False,ok
BNCI2014_001,resampled_spectral_raw_power_s1,resampled,spectral,raw_power,1,6398,166,500,500,1.0,22,253,0.0003398682869116021,0.018435516996048746,5.48302379678072,0.783020048312003,21.697995168799704,21.697995168799704,0.0001918095539035525,0.5754286617106575,0.0002214356467131306,0.00010348518063154293,0.0006883617766165703,3.8259328927962674e-05,188.24073761048203,5.716247880429664,0.03017952124818757,0.09236224807369398,0.1459989447547685,20093,eb48479cfbc15126825ab1d87fe3e857a214d08a653745178d564a4f870abc60,three_row_sha256,d81e3c3b4f3f66ff5a4991c535290d261764ec90c1d3e68024a753f05b9489f3,944f93c6fa033d604d9e90219484c40564bfebf4e3306a041f5ec522a76c0b9b,0f2cf9a67445117338a1c28f1312c232b1cbb8285fc218b4057ed38b092a75be,0.4618479870259762,0.25093997828662395,0.27819606475532055,0.83885807543993,0.20166300237178802,0.8361460641026497,0.10109506547451019,2.9687462374567986,0.0,0.0,14.94142203591764,406.94492124021053,2028.9574016351253,83000,83000,3000.0,,,False,False,ok
BNCI2014_001,resampled_spectral_raw_power_s1,resampled,spectral,raw_power,1,6398,167,500,500,1.0,22,253,0.00034863786256531724,0.0186718467904307,5.481414063589485,0.7827901654211225,21.72098345788775,21.72098345788775,0.00019761472345395495,0.5928441703618649,0.00022122953224153533,0.00010849538337106914,0.0007181937736254548,5.664840891096797e-05,188.240737610482,5.716247880429664,0.03017952124818757,0.09236224807369398,0.1459989447547685,20259,5153adfd7fd0dd3d91f23c9fcf45617df6bbe5c4ba98bab8904995f2ef06d431,three_row_sha256,4eca3c874590e48d0e5985f816d8ab9345bc09022be683893a30dfc5c9a7d499,944f93c6fa033d604d9e90219484c40564bfebf4e3306a041f5ec522a76c0b9b,0f2cf9a67445117338a1c28f1312c232b1cbb8285fc218b4057ed38b092a75be,0.3021499142050743,0.23829611018300056,0.2349349670112133,0.7961450610309839,0.19514281302690506,0.6860161665827036,0.08803699165582657,2.5407220236957073,0.0,0.0,13.837439939379692,409.48564326390624,2042.794841574505,83500,83500,3000.0,,,False,False,ok
BNCI2014_001,resampled_spectral_raw_power_s1,resampled,spectral,raw_power,1,6398,168,500,500,1.0,22,253,0.00034768462864664593,0.018646303350708576,5.479263101262984,0.7824829906417968,21.75170093582032,21.75170093582032,0.00020168849990612062,0.6050654997183619,0.00021734885681935534,0.00010850292545305094,0.0008566762459642973,5.611545356184193e-05,188.240737610482,5.716247880429664,0.03017952124818757,0.09236224807369398,0.1459989447547685,20426,16e42046441edb5eadf11cd9eea7f15833e2a1b3d9c9c03275995342f0aed37e,three_row_sha256,eac51fed6495031e44a44e0c51b404182f71facf3450b3e3aba60373e3d2a852,944f93c6fa033d604d9e90219484c40564bfebf4e3306a041f5ec522a76c0b9b,0f2cf9a67445117338a1c28f1312c232b1cbb8285fc218b4057ed38b092a75be,0.29074097983539104,0.23930496536195278,0.23713498376309872,0.767895020544529,0.19426411017775536,0.6349431350827217,0.08466001600027084,2.4489432107657194,0.0,0.0,14.179955935105681,411.93458647467196,2056.9747975096107,84000,84000,3000.0,,,False,False,ok
BNCI2014_001,resampled_spectral_raw_power_s1,resampled,spectral,raw_power,1,6398,169,500,500,1.0,22,253,0.0003336665559141266,0.018266541980192272,5.4778131349960955,0.7822759237570941,21.77240762429059,21.77240762429059,0.00019373031650237984,0.5811909495071395,0.000212777194415666,0.00010249416274324948,0.0007264322853978641,4.8684539122897126e-05,188.240737610482,5.716247880429664,0.03017952124818757,0.09236224807369398,0.1459989447547685,20594,cb77c6f3db41f17d65008dfd72de4a9491ced09fad04a2bf6dc505fb1c031641,three_row_sha256,f653f5c297ac1cb6f122af1a75af306cf82ce3de6f22b541764fcf769ab4f90e,944f93c6fa033d604d9e90219484c40564bfebf4e3306a041f5ec522a76c0b9b,0f2cf9a67445117338a1c28f1312c232b1cbb8285fc218b4057ed38b092a75be,0.31739193946123123,0.24282489903271198,0.25116303004324436,0.8109759073704481,0.19599497318267822,1.2049111537635326,0.11160294525325298,3.1348648481070995,0.0,0.0,13.901090947911143,415.06945132277906,2070.875888457522,84500,84500,3000.0,,,False,False,ok
BNCI2014_001,resampled_spectral_raw_power_s1,resampled,spectral,raw_power,1,6398,170,500,500,1.0,22,253,0.00031873672975422116,0.017853199426271504,5.47694698945125,0.7821522311831591,21.784776881684085,21.784776881684085,0.00018236548790948916,0.5470964637284674,0.00021080664807856953,9.667286390437487e-05,0.0005665302973560119,5.2172439543399536e-05,188.24073761048203,5.716247880429664,0.03017952124818757,0.09236224807369398,0.1459989447547685,20763,66cb0765b09a6678773cce29cac307918333d3116fc030073d68728273b73fb1,three_row_sha256,eb2445d76c013a852050ba957db26b3020dfa2fbfbe169c8367e6211a6e72305,944f93c6fa033d604d9e90219484c40564bfebf4e3306a041f5ec522a76c0b9b,0f2cf9a67445117338a1c28f1312c232b1cbb8285fc218b4057ed38b092a75be,0.35348511300981045,0.24711387231945992,0.2741080243140459,0.8688198868185282,0.20573101937770844,0.735508045181632,0.09495904669165611,2.779725007712841,0.0,0.0,14.5466229878366,417.8491763304919,2085.4225114453584,85000,85000,3000.0,,,False,False,ok
BNCI2014_001,resampled_spectral_raw_power_s1,resampled,spectral,raw_power,1,6398,171,500,500,1.0,22,253,0.00032655171712198464,0.01807074201913094,5.477294176239638,0.7822018122584732,21.77981877415268,21.77981877415268,0.00018729071450915053,0.5618721435274516,0.00021494501700199142,9.790966947509874e-05,0.0006510063680300277,4.9028504355877285e-05,188.240737610482,5.716247880429665,0.03017952124818757,0.09236224807369398,0.1459989447547685,20933,d1d072c974c4e816d256f523f05c350dc9511b33d11dde3a0434554d9459d6d9,three_row_sha256,dffb0b9b1a24663f1a1e5c4bf5c9e082087987592c09aa0722ddc95d4dbd4587,944f93c6fa033d604d9e90219484c40564bfebf4e3306a041f5ec522a76c0b9b,0f2cf9a67445117338a1c28f1312c232b1cbb8285fc218b4057ed38b092a75be,0.3629040438681841,0.25007501244544983,0.265657901763916,0.8458711672574282,0.21182699128985405,0.6355468649417162,0.09817094542086124,2.6700529269874096,0.0,0.0,14.497264986857772,420.5192292574793,2099.919776432216,85500,85500,3000.0,,,False,False,ok
BNCI2014_001,resampled_spectral_raw_power_s1,resampled,spectral,raw_power,1,6398,172,500,500,1.0,22,253,0.00033736103615039756,0.018367390564541213,5.474497442672317,0.7818024161343337,21.819758386566637,21.819758386566637,0.00020025331606277123,0.6007599481883137,0.00021446245453100854,0.00010236260182944872,0.0009101962382019786,5.205264065178609e-05,188.24073761048203,5.716247880429664,0.03017952124818757,0.09236224807369398,0.1459989447547685,21104,87adf1b96295e0e07d17f1ecae0484cb162919be4e6b0a400b170c5d8aa696d7,three_row_sha256,6f6145967dd6a7da2e040df9f15dd26615d544c84e789891f0ebee71e47da5aa,944f93c6fa033d604d9e90219484c40564bfebf4e3306a041f5ec522a76c0b9b,0f2cf9a67445117338a1c28f1312c232b1cbb8285fc218b4057ed38b092a75be,0.3365711309015751,0.24378392845392227,0.25472696870565414,0.6066409405320883,0.13733189553022385,0.715950969606638,0.06235204637050629,2.357357880100608,0.0,0.0,9.706994984298944,422.8765871375799,2109.626771416515,86000,86000,3000.0,,,False,False,ok
BNCI2014_001,resampled_spectral_raw_power_s1,resampled,spectral,raw_power,1,6398,173,500,500,1.0,22,253,0.0003308524463455885,0.018189349805465518,5.473277692217862,0.7816282259255776,21.837177407442248,21.837177407442248,0.0001896678009346605,0.5690034028039815,0.0002149238071261611,0.00010035147837801491,0.0006603070719280733,4.4195139276145554e-05,188.240737610482,5.716247880429664,0.03017952124818757,0.09236224807369398,0.1459989447547685,21276,395039c962278fd02fef8c743b6ec36cda3ca36e6c0d952124e07cd77fd98627,three_row_sha256,4d237675093fb946ccd5d6f94c0186fb7d4bc37c0da8d8e305dc756c348533b7,944f93c6fa033d604d9e90219484c40564bfebf4e3306a041f5ec522a76c0b9b,0f2cf9a67445117338a1c28f1312c232b1cbb8285fc218b4057ed38b092a75be,0.2252589911222458,0.22363010793924332,0.2223169431090355,0.5801951047033072,0.14540599659085274,1.2918731663376093,0.06471783854067326,2.753398148342967,0.0,0.0,10.18177391961217,425.6299852859229,2119.8085453361273,86500,86500,3000.0,,,False,False,ok
BNCI2014_001,resampled_spectral_raw_power_s1,resampled,spectral,raw_power,1,6398,174,500,500,1.0,22,253,0.00031208658891230336,0.017665972628539403,5.471455974457066,0.781368069927366,21.86319300726341,21.86319300726341,0.0001820083717471024,0.5460251152413071,0.00020824858320822975,9.193078897128996e-05,0.0005875674659210343,5.5822382335406494e-05,188.24073761048203,5.716247880429664,0.03017952124818757,0.09236224807369398,0.1459989447547685,21449,7fe8b63ca912a38b7608c5af0865d3b794f78876d9d5fee934f3eb487dc74739,three_row_sha256,9a280a4d5af5c567f052260cdaa97aceb63808b696c37294e32a34384951213f,944f93c6fa033d604d9e90219484c40564bfebf4e3306a041f5ec522a76c0b9b,0f2cf9a67445117338a1c28f1312c232b1cbb8285fc218b4057ed38b092a75be,0.39361114613711834,0.252867816016078,0.2634220290929079,1.0107229463756084,0.24580908939242363,0.7360330782830715,0.10897195897996426,3.011438064277172,0.0,0.0,10.720714926719666,428.64142335020006,2130.529260262847,87000,87000,3000.0,,,False,False,ok
BNCI2014_001,resampled_spectral_raw_power_s1,resampled,spectral,raw_power,1,6398,175,500,500,1.0,22,253,0.0003298237973323535,0.01816105165821499,5.469882574463316,0.7811433757103093,21.88566242896906,21.88566242896906,0.00019660963028785965,0.589828890863579,0.00020983795979402002,0.00010036125480449566,0.0008674716504630776,5.0579719802321966e-05,188.24073761048203,5.716247880429665,0.03017952124818757,0.09236224807369398,0.1459989447547685,21623,1d2a6747a3b3ba570900a7cd9ad5971c86726f0c9632f65ff75903a7da0eba8b,three_row_sha256,e315e2dfa0d6f0dde8ce3126b7eff6e8177a52187d303cc1b7d8d208e2a94c92,944f93c6fa033d604d9e90219484c40564bfebf4e3306a041f5ec522a76c0b9b,0f2cf9a67445117338a1c28f1312c232b1cbb8285fc218b4057ed38b092a75be,0.3556350711733103,0.24608313106000423,0.24570384994149208,0.9449189528822899,0.24684215895831585,0.577154103666544,0.11066487058997154,2.727002138271928,0.0,0.0,10.957266902551055,431.368425488472,2141.486527165398,87500,87500,3000.0,,,False,False,ok
BNCI2014_001,resampled_spectral_raw_power_s1,resampled,spectral,raw_power,1,6398,176,500,500,1.0,22,253,0.0003173796362168611,0.01781515187184384,5.468817068593201,0.7809912128730108,21.900878712698926,21.900878712698926,0.00018458487730670147,0.5537546319201044,0.00021272920490866815,9.24818915116331e-05,0.000613953650116386,5.223151010648884e-05,188.24073761048206,5.716247880429664,0.03017952124818757,0.09236224807369398,0.1459989447547685,21798,a873a4d0507e3293f61788adfbd3ad0ecc1336be380cea394fd244d8f80e5b1c,three_row_sha256,87e1ec036914b28a52bc9b3b083869e471122eae1106bfca7f1c4d9f0eb071ec,944f93c6fa033d604d9e90219484c40564bfebf4e3306a041f5ec522a76c0b9b,0f2cf9a67445117338a1c28f1312c232b1cbb8285fc218b4057ed38b092a75be,0.22220495156943798,0.22399891167879105,0.22133509628474712,0.9314289782196283,0.27197785675525665,0.5686520598828793,0.10215700604021549,2.541754860430956,0.0,0.0,11.334335897117853,433.91018034890294,2152.820863062516,88000,88000,3000.0,,,False,False,ok
BNCI2014_001,resampled_spectral_raw_power_s1,resampled,spectral,raw_power,1,6398,177,500,500,1.0,22,253,0.00032491851978953167,0.018025496381224335,5.470143356594849,0.7811806175033054,21.88193824966946,21.88193824966946,0.00019310466492545832,0.5793139947763749,0.00021040984891678775,9.778026579764316e-05,0.0008500447891938914,5.432309148968712e-05,188.240737610482,5.716247880429664,0.03017952124818757,0.09236224807369398,0.1459989447547685,21974,390e1b74004745cacc86df4e111e39e5141119d356c280b203ec27fcbaa58d92,three_row_sha256,edabf8ec745e13b5b5db8e943dd77ee177e203c5f3f7316d1e623502f851166b,944f93c6fa033d604d9e90219484c40564bfebf4e3306a041f5ec522a76c0b9b,0f2cf9a67445117338a1c28f1312c232b1cbb8285fc218b4057ed38b092a75be,0.21503004245460033,0.2228140365332365,0.22134603932499886,0.5475408397614956,0.208031153306365,0.6034960970282555,0.09784102439880371,2.1160992328077555,0.0,0.0,11.791654862463474,436.0262795817107,2164.6125179249793,88500,88500,3000.0,,,False,False,ok
BNCI2014_001,resampled_spectral_raw_power_s1,resampled,spectral,raw_power,1,6398,178,500,500,1.0,22,253,0.0003251511040007209,0.01803194676125462,5.467304581714782,0.7807752175404159,21.922478245958413,21.922478245958413,0.00018877630605003632,0.566328918150109,0.000211297066109987,9.78433409520578e-05,0.0006472559475391945,4.987485118816692e-05,188.240737610482,5.716247880429664,0.03017952124818757,0.09236224807369398,0.1459989447547685,22151,ea74c22b582dacbde284da30f9f127ce695f09ab75b0cccb179f9f33fa3cbaf0,three_row_sha256,59d0b1de8c717e23c83494161522e8edefc4f5274363f3a19ffbcef99c560205,944f93c6fa033d604d9e90219484c40564bfebf4e3306a041f5ec522a76c0b9b,0f2cf9a67445117338a1c28f1312c232b1cbb8285fc218b4057ed38b092a75be,0.42144092731177807,0.236875144764781,0.3331860061734915,0.6776358932256699,0.14815013855695724,0.7108410354703665,0.10395399294793606,2.63208313845098,0.0,0.0,14.499600976705551,438.6583627201617,2179.112118901685,89000,89000,3000.0,,,False,False,ok
BNCI2014_001,resampled_spectral_raw_power_s1,resampled,spectral,raw_power,1,6398,179,500,500,1.0,22,253,0.0003282120822335701,0.01811662447128521,5.463740039237346,0.7802661721073958,21.973382789260423,21.973382789260423,0.00018771264311481063,0.5631379293444319,0.00021500409036556226,9.922493271439674e-05,0.0006312268793447423,4.442740864897016e-05,188.240737610482,5.716247880429664,0.03017952124818757,0.09236224807369398,0.1459989447547685,22329,3f9d141a37c7ea51b3bd401634141f3f74d0fec0cb8b15aca9bf6222e71ef50a,three_row_sha256,2c8be8eb9599b88691c8ce401bb5d0f548184d3ee57854c0dfff90d25f850bc3,944f93c6fa033d604d9e90219484c40564bfebf4e3306a041f5ec522a76c0b9b,0f2cf9a67445117338a1c28f1312c232b1cbb8285fc218b4057ed38b092a75be,0.31969393603503704,0.23816502653062344,0.2416609786450863,0.7989509031176567,0.20445510745048523,0.7710880599915981,0.09320210665464401,2.667216118425131,0.0,0.0,13.910259120166302,441.3255788385868,2193.022378021851,89500,89500,3000.0,,,False,False,ok
BNCI2014_001,resampled_spectral_raw_power_s1,resampled,spectral,raw_power,1,6398,180,500,500,1.0,22,253,0.00031782520044978555,0.01782765269040727,5.462664747476647,0.7801126117659457,21.988738823405427,21.988738823405427,0.00018323730846450523,0.5497119253935158,0.00021132675844922895,9.44875476493946e-05,0.0005722600695704068,4.114056940409677e-05,188.240737610482,5.716247880429664,0.03017952124818757,0.09236224807369398,0.1459989447547685,22508,4d4d93a994d7648d31399fc08905edbdf557c77c051aa16f0382b94a5b7bb3fa,three_row_sha256,9cca5750cdbb882956c29538e8291acadb9cd7133ca46ba30d3dc5824ea98a17,944f93c6fa033d604d9e90219484c40564bfebf4e3306a041f5ec522a76c0b9b,0f2cf9a67445117338a1c28f1312c232b1cbb8285fc218b4057ed38b092a75be,0.3052488900721073,0.23950100876390934,0.24358113296329975,0.7823968771845102,0.19158003851771355,0.6175669841468334,0.08458597585558891,2.4644609075039625,0.0,0.0,14.111076015979052,443.79003974609077,2207.1334540378302,90000,90000,3000.0,,,False,False,ok
BNCI2014_001,resampled_spectral_raw_power_s1,resampled,spectral,raw_power,1,6398,181,500,500,1.0,22,253,0.00033211249999865193,0.0182239540165863,5.460869516247843,0.7798562382582593,22.01437617417407,22.01437617417407,0.00019170051896305005,0.5751015568891502,0.00021416515301320838,0.00010092784348676822,0.0006717696388973229,6.168547701935826e-05,188.24073761048203,5.716247880429664,0.03017952124818757,0.09236224807369398,0.1459989447547685,22688,255ab6c4a4ae2140f83398091a1abeb17a17d21ecc3b86cf456c3f98a28e6102,three_row_sha256,617c5a4b6ff71dcacfbf6296e80044865480ac93314d8852f140106b226a0293,944f93c6fa033d604d9e90219484c40564bfebf4e3306a041f5ec522a76c0b9b,0f2cf9a67445117338a1c28f1312c232b1cbb8285fc218b4057ed38b092a75be,0.29529700987040997,0.23936410434544086,0.2400791272521019,0.7716759573668242,0.18952996470034122,0.9223001543432474,0.11373194865882397,2.7719782665371895,0.0,0.0,15.361075988039374,446.56201801262796,2222.4945300258696,90500,90500,3000.0,,,False,False,ok
BNCI2014_001,resampled_spectral_raw_power_s1,resampled,spectral,raw_power,1,6398,182,500,500,1.0,22,253,0.00030703792946620595,0.017522497808994182,5.458026711089696,0.779450262739134,22.0549737260866,22.0549737260866,0.0001855602711646561,0.5566808134939684,0.00020452278514817069,8.827494695554882e-05,0.0008077569043591662,3.879352515345711e-05,188.240737610482,5.716247880429664,0.03017952124818757,0.09236224807369398,0.1459989447547685,22869,5905eab4cbd9a391e7acd8f3a9e1cb93928543cca3eee3212cbd3457ad234c5c,three_row_sha256,e41129e1b279f068694a2bd5d83b045ce7253ae8c501f5e396c69424b93477b7,944f93c6fa033d604d9e90219484c40564bfebf4e3306a041f5ec522a76c0b9b,0f2cf9a67445117338a1c28f1312c232b1cbb8285fc218b4057ed38b092a75be,0.3379948902875185,0.24762586690485477,0.2633589319884777,0.8190281223505735,0.19609695300459862,0.806471798568964,0.08342182263731956,2.7539983857423067,0.0,0.0,13.465661089867353,449.31601639837027,2235.960191115737,91000,91000,3000.0,,,False,False,ok
BNCI2014_001,resampled_spectral_raw_power_s1,resampled,spectral,raw_power,1,6398,183,500,500,1.0,22,253,0.0003365504193928483,0.018345310555911785,5.455953852495572,0.7791542418031191,22.084575819688084,22.084575819688084,0.00019126255156353455,0.5737876546906038,0.00021854182603801,0.00010197903419284844,0.000711922615321686,4.5467969811890635e-05,188.240737610482,5.716247880429664,0.03017952124818757,0.09236224807369398,0.1459989447547685,23051,f3e5976f4b8a39fbe7eb7d1f0d75b5831ecee938fa6240113afa33fb24f89dd1,three_row_sha256,884540e09252cd9034066bc377395000468da0ff47c8a9adef177bcf1e1d3e86,944f93c6fa033d604d9e90219484c40564bfebf4e3306a041f5ec522a76c0b9b,0f2cf9a67445117338a1c28f1312c232b1cbb8285fc218b4057ed38b092a75be,0.2924450673162937,0.23837899789214134,0.23468304425477982,0.7704570889472961,0.19214791245758533,0.7014069706201553,0.08205091580748558,2.5115699972957373,0.0,0.0,14.424795983359218,451.827586395666,2250.384987099096,91500,91500,3000.0,,,False,False,ok
BNCI2014_001,resampled_spectral_raw_power_s1,resampled,spectral,raw_power,1,6398,184,500,500,1.0,22,253,0.00030696232204767936,0.017520340237783035,5.454933463335199,0.7790085219960811,22.099147800391894,22.099147800391894,0.00018101661510968654,0.5430498453290595,0.00020137695784491248,9.271201409661548e-05,0.0005977851445307061,4.422916627724631e-05,188.24073761048203,5.716247880429664,0.03017952124818757,0.09236224807369398,0.1459989447547685,23234,b92b8cb1dd559c5c173833c54fcc3a7708d9a465fb270e4857ba5f5c4d8e933d,three_row_sha256,679f435ebdcbd3f850e720c9ecf750109e6c2a144391a2fb8f0c4ffc35b044be,944f93c6fa033d604d9e90219484c40564bfebf4e3306a041f5ec522a76c0b9b,0f2cf9a67445117338a1c28f1312c232b1cbb8285fc218b4057ed38b092a75be,0.2990099601447582,0.23809797130525112,0.23728003725409508,0.7690051570534706,0.20193099044263363,0.5766791291534901,0.08141878060996532,2.403422025963664,0.0,0.0,14.168402878567576,454.23100842162967,2264.5533899776638,92000,92000,3000.0,,,False,False,ok
BNCI2014_001,resampled_spectral_raw_power_s1,resampled,spectral,raw_power,1,6398,185,500,500,1.0,22,253,0.0003274646855934409,0.018095985344640422,5.452375685065332,0.77864325061688,22.135674938312,22.135674938312,0.00019178620978921657,0.5753586293676498,0.00020943279239723017,0.0001011588071105663,0.0006968842058524959,5.2572787727572106e-05,188.24073761048203,5.716247880429664,0.03017952124818757,0.09236224807369398,0.1459989447547685,23418,3734dd6b4429a3f094f3af1775c198c8ccf6b8e797318cf149372a825de68906,three_row_sha256,20b0c06ee764083697db88670af99bc42daea57ebea35d70057e32d1f5dacb39,944f93c6fa033d604d9e90219484c40564bfebf4e3306a041f5ec522a76c0b9b,0f2cf9a67445117338a1c28f1312c232b1cbb8285fc218b4057ed38b092a75be,0.2920369151979685,0.24161720648407936,0.23842300288379192,0.7861300837248564,0.19783992320299149,0.5970948841422796,0.08540390990674496,2.438545925542712,0.0,0.0,14.977921033278108,456.6695543471724,2279.531311010942,92500,92500,3000.0,,,False,False,ok
BNCI2014_001,resampled_spectral_raw_power_s1,resampled,spectral,raw_power,1,6398,186,500,500,1.0,22,253,0.00032341298396223697,0.017983686606539744,5.451398340555584,0.7785036779333381,22.14963220666619,22.14963220666619,0.00018856751839084625,0.5657025551725388,0.0002087401931018526,9.86071566306614e-05,0.0006628701575218301,4.516041218518013e-05,188.24073761048203,5.716247880429664,0.03017952124818757,0.09236224807369398,0.1459989447547685,23603,46cb5dce77f91c8c35089a998e3df4c1a3e4de1c1521cd632eba4a0dab091975,three_row_sha256,b3a779316a0e8a2d3826a27e43754b0db23fd99af29719fc7fbd41e5c5c134df,944f93c6fa033d604d9e90219484c40564bfebf4e3306a041f5ec522a76c0b9b,0f2cf9a67445117338a1c28f1312c232b1cbb8285fc218b4057ed38b092a75be,0.3445770125836134,0.24630804546177387,0.2728821709752083,0.8310349658131599,0.20130304619669914,0.7339830044656992,0.09227404370903969,2.7223622892051935,0.0,0.0,14.779993100091815,459.3919166363776,2294.3113041110337,93000,93000,3000.0,,,False,False,ok
BNCI2014_001,resampled_spectral_raw_power_s1,resampled,spectral,raw_power,1,6398,187,500,500,1.0,22,253,0.00032183133627585456,0.017939658198412103,5.452454542796885,0.7786545121373583,22.134548786264176,22.134548786264176,0.00018863338104839727,0.5659001431451918,0.00021166428290239481,9.534421927763996e-05,0.0006368236351666914,5.1568927127160544e-05,188.240737610482,5.716247880429665,0.03017952124818757,0.09236224807369398,0.1459989447547685,23789,3e2f9e2367aa60883426041ea68c6867f40a0335c42d104193bf31548c636155,three_row_sha256,f288a40b9c6b78cf322def1b52a25a968df9a6e2c3f362f4714b8c34919dd158,944f93c6fa033d604d9e90219484c40564bfebf4e3306a041f5ec522a76c0b9b,0f2cf9a67445117338a1c28f1312c232b1cbb8285fc218b4057ed38b092a75be,0.3071960527449846,0.2376120537519455,0.24190195836126804,0.7725660689175129,0.20271888934075832,0.6330469623208046,0.08184998296201229,2.4768919683992863,0.0,0.0,13.663083082064986,461.86880860477686,2307.9743871930987,93500,93500,3000.0,,,False,False,ok
BNCI2014_001,resampled_spectral_raw_power_s1,resampled,spectral,raw_power,1,6398,188,500,500,1.0,22,253,0.00031020481029686575,0.01761263212290729,5.450716527803599,0.7784063095698609,22.15936904301391,22.15936904301391,0.00018730407737373134,0.561912232121194,0.00020566396429924985,8.940441185167863e-05,0.0007765793445458185,5.880808374090185e-05,188.240737610482,5.716247880429664,0.03017952124818757,0.09236224807369398,0.1459989447547685,23976,afe61cb24a4086793f38d623c3d6e66daf4e1e08544510fdcc3080a94a9e1889,three_row_sha256,be86dcb3d5497bd9c628724a7b6f5332ac9b6262f453026d9c28b4b5cb1c82dc,944f93c6fa033d604d9e90219484c40564bfebf4e3306a041f5ec522a76c0b9b,0f2cf9a67445117338a1c28f1312c232b1cbb8285fc218b4057ed38b092a75be,0.30980887822806835,0.2401901874691248,0.2456901129335165,0.781394075602293,0.19219820387661457,0.7495749741792679,0.08281716145575047,2.6016735937446356,0.0,0.0,14.32340801693499,464.4704821985215,2322.2977952100337,94000,94000,3000.0,,,False,False,ok
BNCI2014_001,resampled_spectral_raw_power_s1,resampled,spectral,raw_power,1,6398,189,500,500,1.0,22,253,0.00032581371666828255,0.018050310708358528,5.45047828675417,0.7783722868253047,22.162771317469534,22.162771317469534,0.00018683995263841548,0.5605198579152464,0.00021336062026079396,9.856388084204592e-05,0.0006388184435173196,5.048166681979938e-05,188.24073761048203,5.716247880429664,0.03017952124818757,0.09236224807369398,0.1459989447547685,24164,38b45f38ac4de16ec86de117401dad7addaa857c93d8a71a05ea53b8dcf2705c,three_row_sha256,52e557f3fc5bea8589bfa64fce86f32af3142c2d3ac9240e37eda35915d21709,944f93c6fa033d604d9e90219484c40564bfebf4e3306a041f5ec522a76c0b9b,0f2cf9a67445117338a1c28f1312c232b1cbb8285fc218b4057ed38b092a75be,0.29245996847748756,0.23768795654177666,0.2352418377995491,0.7726750336587429,0.1942871604114771,3.179427934810519,0.08885003626346588,5.000629927963018,0.0,0.0,14.242085861042142,469.4711121264845,2336.539881071076,94500,94500,3000.0,,,False,False,ok
BNCI2014_001,resampled_spectral_raw_power_s1,resampled,spectral,raw_power,1,6398,190,500,500,1.0,22,253,0.0003225130975585755,0.017958649658551044,5.448176530491578,0.7780435774549395,22.19564225450606,22.19564225450606,0.00018726601469227748,0.5617980440768324,0.00021252267749308817,9.507770575060551e-05,0.0006367426741643817,3.814978214465612e-05,188.24073761048203,5.716247880429664,0.03017952124818757,0.09236224807369398,0.1459989447547685,24353,5389918d56adabc5836696657a5d37f57aa6605df8891fab21a8ae73d7f80f2f,three_row_sha256,0f99a3894767918aee320fc12561eeb6fd9290b192f062397bfebb11c0b119d0,944f93c6fa033d604d9e90219484c40564bfebf4e3306a041f5ec522a76c0b9b,0f2cf9a67445117338a1c28f1312c232b1cbb8285fc218b4057ed38b092a75be,0.313169090077281,0.23925607092678547,0.24381699040532112,0.8031330071389675,0.19191205501556396,0.7068009581416845,0.082407146692276,2.5804953183978796,0.0,0.0,14.757370809093118,472.0516074448824,2351.297251880169,95000,95000,3000.0,,,False,False,ok
BNCI2014_001,resampled_spectral_raw_power_s1,resampled,spectral,raw_power,1,6398,191,500,500,1.0,22,253,0.0003184377626427036,0.01784482453381662,5.44866412469634,0.7781132098424541,22.188679015754587,22.188679015754587,0.00018641538967181258,0.5592461690154378,0.00020756238764817563,9.686572133926878e-05,0.0006589901888992594,3.0423620695132597e-05,188.240737610482,5.716247880429664,0.03017952124818757,0.09236224807369398,0.1459989447547685,24543,66d49364b11c25a149da7b3daef49dc8d1a634fab27bdb07b4cfda045327c0a9,three_row_sha256,03a6ff69c5205ae6438e772043239fede9d23c12b36b65dc239de5b81ae30473,944f93c6fa033d604d9e90219484c40564bfebf4e3306a041f5ec522a76c0b9b,0f2cf9a67445117338a1c28f1312c232b1cbb8285fc218b4057ed38b092a75be,0.28917682357132435,0.2365359105169773,0.23576989769935608,0.761169008910656,0.18724100664258003,0.5769249983131886,0.08026394061744213,2.3670815862715244,0.0,0.0,14.103739988058805,474.4186890311539,2365.4009918682277,95500,95500,3000.0,,,False,False,ok
BNCI2014_001,resampled_spectral_raw_power_s1,resampled,spectral,raw_power,1,6398,192,500,500,1.0,22,253,0.0003115746839949746,0.017651478238237574,5.44800086487283,0.7780184909868924,22.198150901310758,22.198150901310758,0.00018727709385915235,0.561831281577457,0.0002029976821770327,9.370213674814688e-05,0.000694157853318373,4.081524037170252e-05,188.240737610482,5.716247880429664,0.03017952124818757,0.09236224807369398,0.1459989447547685,24734,0e57fec89895a24d262e434259b3defce28009ec863ec9f9effe527817fc79c1,three_row_sha256,66fbb3b447fd9dfadc293e7fbbd03e8515e180e33d5fbb40834d17249cf9e494,944f93c6fa033d604d9e90219484c40564bfebf4e3306a041f5ec522a76c0b9b,0f2cf9a67445117338a1c28f1312c232b1cbb8285fc218b4057ed38b092a75be,0.28996518813073635,0.23763487115502357,0.24008192121982574,0.7672139909118414,0.1888759434223175,0.6315589416772127,0.08275709114968777,2.438087947666645,0.0,0.0,13.54041020385921,476.85677697882056,2378.941402072087,96000,96000,3000.0,,,False,False,ok
BNCI2014_001,resampled_spectral_raw_power_s1,resampled,spectral,raw_power,1,6398,193,500,500,1.0,22,253,0.00029312782542564983,0.017120976182030328,5.44745218904886,0.7779401356512026,22.205986434879744,22.205986434879744,0.0001791301225347038,0.5373903676041113,0.0001971344847402663,8.332512865531694e-05,0.0006032995089522183,5.639830333183181e-05,188.24073761048206,5.716247880429664,0.03017952124818757,0.09236224807369398,0.1459989447547685,24926,6408bff0a4f667e56dc6f86da11a671e3b20c7db6ecf9826f69d39414e5e72df,three_row_sha256,9f8cb382c8cac32978d11347d1ab735b97e8c4dd0a160c25cef75cb53e3541a8,944f93c6fa033d604d9e90219484c40564bfebf4e3306a041f5ec522a76c0b9b,0f2cf9a67445117338a1c28f1312c232b1cbb8285fc218b4057ed38b092a75be,0.47941599041223526,0.24789501912891865,0.2743590157479048,0.8142581209540367,0.21179602481424809,0.8256658911705017,0.0895909033715725,2.9429809655994177,0.0,0.0,14.423728920519352,479.79975794442,2393.3651309926063,96500,96500,3000.0,,,False,False,ok
BNCI2014_001,resampled_spectral_raw_power_s1,resampled,spectral,raw_power,1,6398,194,500,500,1.0,22,253,0.0003191364518362113,0.01786439060914789,5.446971989970674,0.7778715593474445,22.212844065255553,22.212844065255553,0.00018540341933899614,0.5562102580169884,0.0002099825025842655,9.612798362583127e-05,0.0006724894486174889,5.720921101733664e-05,188.240737610482,5.716247880429664,0.03017952124818757,0.09236224807369398,0.1459989447547685,25119,4b27efb31dd99a2f0ce2b8d3fd9cee361d169e8881894e213aa8dc68ebde1b30,three_row_sha256,6c9e940fa1037c531e9dcc6e894fb39cba036db95dcb354f58791740d4d33cbf,944f93c6fa033d604d9e90219484c40564bfebf4e3306a041f5ec522a76c0b9b,0f2cf9a67445117338a1c28f1312c232b1cbb8285fc218b4057ed38b092a75be,0.43612485751509666,0.24317298084497452,0.2677848096936941,0.8207990322262049,0.19943690858781338,0.6756607908755541,0.08774385787546635,2.730723237618804,0.0,0.0,13.813965953886509,482.5304811820388,2407.179096946493,97000,97000,3000.0,,,False,False,ok
BNCI2014_001,resampled_spectral_raw_power_s1,resampled,spectral,raw_power,1,6398,195,500,500,1.0,22,253,0.0003032568938643133,0.017414272705580137,5.446514213265078,0.7778061851394495,22.219381486055042,22.219381486055042,0.00017922926078550142,0.5376877823565043,0.00020064549025341043,9.079924241286139e-05,0.0005755046302371859,3.6055495470138556e-05,188.240737610482,5.716247880429665,0.03017952124818757,0.09236224807369398,0.1459989447547685,25313,eb3674d33df251050b40294cf0a4e8b6b9fb922112107f69fdcc6287c2239667,three_row_sha256,0b71387ec82fbb58ed4c6b565176266426a42f048864514bad304fc120ede3bd,944f93c6fa033d604d9e90219484c40564bfebf4e3306a041f5ec522a76c0b9b,0f2cf9a67445117338a1c28f1312c232b1cbb8285fc218b4057ed38b092a75be,0.29441691003739834,0.23932079784572124,0.24288101121783257,0.7817079313099384,0.19101984798908234,0.5824570544064045,0.0829068012535572,2.4147103540599346,0.0,0.0,13.994394103065133,484.9451915360987,2421.173491049558,97500,97500,3000.0,,,False,False,ok
BNCI2014_001,resampled_spectral_raw_power_s1,resampled,spectral,raw_power,1,6398,196,500,500,1.0,22,253,0.00031867899284074015,0.017851582362377296,5.445595940863955,0.7776750484297542,22.232495157024584,22.232495157024584,0.00019024857231232943,0.5707457169369883,0.00021002120862365482,9.27214905899581e-05,0.000787394749398563,5.4688398748124474e-05,188.240737610482,5.716247880429664,0.03017952124818757,0.09236224807369398,0.1459989447547685,25508,db5642a2c1e296463effb000691c1ad69f632789928a5fbf6e2ccc245b76494a,three_row_sha256,9c5af7dab57cfc87e7a24b77a1751765903c476025169e8ff9d0dc93e3d9e007,944f93c6fa033d604d9e90219484c40564bfebf4e3306a041f5ec522a76c0b9b,0f2cf9a67445117338a1c28f1312c232b1cbb8285fc218b4057ed38b092a75be,0.30827801674604416,0.23903907276690006,0.24733785539865494,0.79102604649961,0.19182218238711357,0.8485009893774986,0.08387397974729538,2.7098781429231167,0.0,0.0,14.281596057116985,487.65506967902184,2435.455087106675,98000,98000,3000.0,,,False,False,ok
BNCI2014_001,resampled_spectral_raw_power_s1,resampled,spectral,raw_power,1,6398,197,500,500,1.0,22,253,0.0003192602786033712,0.017867856015856273,5.446299343780268,0.7777755000429385,22.222449995706153,22.222449995706153,0.00019041322136709735,0.5712396641012921,0.0002095745477904058,9.369968767785025e-05,0.0007576189190598246,4.699704676570591e-05,188.24073761048203,5.716247880429664,0.03017952124818757,0.09236224807369398,0.1459989447547685,25704,8a686ad1caf32dcc48f972fe4048de81d73025150039867ece29889fefc5c667,three_row_sha256,1265e6099d5ef4bc553a38e5c3cd8df03e1687d95af2b673bc32a64e760d269c,944f93c6fa033d604d9e90219484c40564bfebf4e3306a041f5ec522a76c0b9b,0f2cf9a67445117338a1c28f1312c232b1cbb8285fc218b4057ed38b092a75be,0.35414891317486763,0.24773785844445229,0.2691391855478287,0.8317150641232729,0.19799894653260708,0.7416610606014729,0.09220396168529987,2.7346049901098013,0.0,0.0,13.607905944809318,490.38967466913164,2449.062993051484,98500,98500,3000.0,,,False,False,ok
BNCI2014_001,resampled_spectral_raw_power_s1,resampled,spectral,raw_power,1,6398,198,500,500,1.0,22,253,0.00029922803056662504,0.01729820888319438,5.4447933240310835,0.7775604282685906,22.24395717314094,22.24395717314094,0.0001777581353977319,0.5332744061931957,0.0002016779936928178,8.521900714386002e-05,0.0005518076758670516,5.428643510366803e-05,188.240737610482,5.716247880429664,0.03017952124818757,0.09236224807369398,0.1459989447547685,25901,305c37e5d52d91130c1aefdbd0c97a980cfec4b71520054950e84afbabf483a9,three_row_sha256,454d4b772de4d31b1246f9f77ce3c13d3525b1118fa85c5294495b4115ac9e3f,944f93c6fa033d604d9e90219484c40564bfebf4e3306a041f5ec522a76c0b9b,0f2cf9a67445117338a1c28f1312c232b1cbb8285fc218b4057ed38b092a75be,0.3015301190316677,0.24015409871935844,0.2528890036046505,0.7931450381875038,0.19303197041153908,0.6100391037762165,0.08186907507479191,2.472658408805728,0.0,0.0,14.110676012933254,492.86233307793736,2463.1736690644175,99000,99000,3000.0,,,False,False,ok
BNCI2014_001,resampled_spectral_raw_power_s1,resampled,spectral,raw_power,1,6398,199,500,500,1.0,22,253,0.00032073114988323233,0.01790896842040971,5.443538144673503,0.7773811785265431,22.261882147345688,22.261882147345688,0.00018753329100133027,0.5625998730039908,0.00020876960689024333,9.731272805398425e-05,0.0006884416666734042,5.267663801041415e-05,188.24073761048203,5.716247880429664,0.03017952124818757,0.09236224807369398,0.1459989447547685,26099,02b27202c0dd924ad13b488b2df54f55b7e90d34965af0629c11ac9b9a340ffe,three_row_sha256,a13dfd9dfdc20e2ae3f9dda9f1f86b3b1fa8b24fecb4a9975f13eb8a5e6a8357,944f93c6fa033d604d9e90219484c40564bfebf4e3306a041f5ec522a76c0b9b,0f2cf9a67445117338a1c28f1312c232b1cbb8285fc218b4057ed38b092a75be,0.2908690366894007,0.23523392155766487,0.2350520808249712,0.7541601080447435,0.18586916849017143,0.5795629695057869,0.07895403541624546,2.359701320528984,0.0,0.0,14.490924077108502,495.22203439846635,2477.664593141526,99500,99500,3000.0,,,False,False,ok
BNCI2014_001,resampled_spectral_raw_power_s1,resampled,spectral,raw_power,1,6398,200,500,500,1.0,22,253,0.0003136053234854295,0.01770890520290369,5.441767828738581,0.7771283631238991,22.287163687610086,22.287163687610086,0.0001829409542261841,0.5488228626785523,0.0002096492946100736,9.155568533529482e-05,0.0006224042569247747,4.7745428628948874e-05,188.240737610482,5.716247880429664,0.03017952124818757,0.09236224807369398,0.1459989447547685,26298,3b8145bbed1ca4dcb94c49d92da76c4e1d9138dc86252c270bcafe4ff454db2f,three_row_sha256,f8455623230ff0706b9ca68f2eeb585424bccdf872aedbeb0ee3456eb09d7998,944f93c6fa033d604d9e90219484c40564bfebf4e3306a041f5ec522a76c0b9b,0f2cf9a67445117338a1c28f1312c232b1cbb8285fc218b4057ed38b092a75be,0.3290299791842699,0.24318811483681202,0.2595488913357258,0.8221680764108896,0.19873189739882946,0.7788869552314281,0.08618808351457119,2.717741997912526,0.0,0.0,14.998253900557756,497.9397763963789,2492.6628470420837,100000,100000,3000.0,,,False,False,ok
BNCI2014_001,resampled_spectral_raw_power_s1,resampled,spectral,raw_power,1,6398,201,500,500,1.0,22,253,0.0003191403233549936,0.017864498967365236,5.441754766567311,0.777126497740425,22.2873502259575,22.2873502259575,0.00019027543011486544,0.5708262903445963,0.0002059189067615254,9.552277320092338e-05,0.0007444917658011313,6.228706581270744e-05,188.24073761048203,5.716247880429664,0.03017952124818757,0.09236224807369398,0.1459989447547685,26498,3d8f838d21d883eb538072f0bf843118586cb6e35b9b47e3532999009f5a7b04,three_row_sha256,9f055b56a5c17453a9fd7cc26ff6898771cc2449882f75370e1fc3f17cfb2a26,944f93c6fa033d604d9e90219484c40564bfebf4e3306a041f5ec522a76c0b9b,0f2cf9a67445117338a1c28f1312c232b1cbb8285fc218b4057ed38b092a75be,0.3405159804970026,0.24299020878970623,0.2525690943002701,0.8175091352313757,0.2027391456067562,0.5291718989610672,0.09040185250341892,2.475897315889597,0.0,0.0,13.382436940446496,500.4156737122685,2506.0452839825302,100500,100500,3000.0,,,False,False,ok
BNCI2014_001,resampled_spectral_raw_power_s1,resampled,spectral,raw_power,1,6398,202,500,500,1.0,22,253,0.00033158461829661687,0.01820946507442261,5.440616766611805,0.7769639821626769,22.303601783732304,22.303601783732304,0.00019232082778425984,0.5769624833527794,0.00021380841459170847,0.00010015785951384692,0.0007857946959154764,5.335197364750544e-05,188.24073761048203,5.716247880429664,0.03017952124818757,0.09236224807369398,0.1459989447547685,26699,4006f835c3ca14caf21c735ec5bd5b60816a14ca858e59d13926295c92fb7545,three_row_sha256,c7bfa3a7279ddeede946ab7f33df19be77a5d9ff5ade1c1707e77d86e509314e,944f93c6fa033d604d9e90219484c40564bfebf4e3306a041f5ec522a76c0b9b,0f2cf9a67445117338a1c28f1312c232b1cbb8285fc218b4057ed38b092a75be,0.3222909290343523,0.24099601432681084,0.24770316667854786,0.7773740217089653,0.2006951253861189,0.5717019084841013,0.08288002572953701,2.4436411913484335,0.0,0.0,13.03026219829917,502.8593149036169,2519.0755461808294,101000,101000,3000.0,,,False,False,ok
BNCI2014_001,resampled_spectral_raw_power_s1,resampled,spectral,raw_power,1,6398,203,500,500,1.0,22,253,0.0003216849959625442,0.017935579052892163,5.438927445855747,0.7767227335252372,22.327726647476275,22.327726647476275,0.0001864105899257203,0.5592317697771609,0.00020699108191540733,0.00010016181364947938,0.0006144200619812197,4.9700672238782295e-05,188.24073761048203,5.716247880429664,0.03017952124818757,0.09236224807369398,0.1459989447547685,26901,76b079204757056a09c4d523375bab4877d708dd303abffa7e03039b171a7b91,three_row_sha256,0355b3b3a87ab520db3836d0d7f2a1e5367308410ffaf08e2d6d3dfa090e213b,944f93c6fa033d604d9e90219484c40564bfebf4e3306a041f5ec522a76c0b9b,0f2cf9a67445117338a1c28f1312c232b1cbb8285fc218b4057ed38b092a75be,0.3149230033159256,0.24394411593675613,0.24667102843523026,0.7919291965663433,0.19178004004061222,0.6166200619190931,0.08418015204370022,2.490047598257661,0.0,0.0,15.28245210647583,505.34936250187457,2534.3579982873052,101500,101500,3000.0,,,False,False,ok
BNCI2014_001,resampled_spectral_raw_power_s1,resampled,spectral,raw_power,1,6398,204,500,500,1.0,22,253,0.00034907487910911986,0.01868354567819288,5.437379219342998,0.7765016342844274,22.34983657155726,22.34983657155726,0.00021144245863706954,0.6343273759112087,0.00021485819591328094,0.000109157395429509,0.0011870388112574111,5.542097859484472e-05,188.24073761048203,5.716247880429664,0.03017952124818757,0.09236224807369398,0.1459989447547685,27104,921dd80ee2bf6d3a2f0a9581f77240836cab31200ffe34a068efa85e6fa27832,three_row_sha256,c95ab73f563b543c4a4041612420d9ae2631afc51f9bcfb8a74e71a842e2d965,944f93c6fa033d604d9e90219484c40564bfebf4e3306a041f5ec522a76c0b9b,0f2cf9a67445117338a1c28f1312c232b1cbb8285fc218b4057ed38b092a75be,0.33724401146173477,0.2458621747791767,0.25478494353592396,0.8111009374260902,0.2099380362778902,0.7799668237566948,0.0899159349501133,2.728812862187624,0.0,0.0,13.777873013168573,508.0781753640622,2548.135871300474,102000,102000,3000.0,,,False,False,ok
BNCI2014_001,resampled_spectral_raw_power_s1,resampled,spectral,raw_power,1,6398,205,500,500,1.0,22,253,0.0003156203714313584,0.017765707737981012,5.437440966259318,0.7765104522423996,22.348954775760046,22.348954775760046,0.00019110597843073255,0.5733179352921977,0.00020688745508119685,9.112201886208049e-05,0.0007664393754748543,6.180554538936494e-05,188.24073761048206,5.716247880429664,0.03017952124818757,0.09236224807369398,0.1459989447547685,27308,47e9a8c8a7c09f32767cadbdab8308ec9194bdfa471adcb926b75fe7b47b2aa5,three_row_sha256,63679ccee7af5dba1aff03f49aa5f1d4a7e9bab13b0abb9a3e1885cbf928e762,944f93c6fa033d604d9e90219484c40564bfebf4e3306a041f5ec522a76c0b9b,0f2cf9a67445117338a1c28f1312c232b1cbb8285fc218b4057ed38b092a75be,0.2944911830127239,0.23903208784759045,0.23377500474452972,0.7745148614048958,0.19651604816317558,0.7512788288295269,0.07960200309753418,2.5692100170999765,0.0,0.0,13.962903060019016,510.64738538116217,2562.098774360493,102500,102500,3000.0,,,False,False,ok
BNCI2014_001,resampled_spectral_raw_power_s1,resampled,spectral,raw_power,1,6398,206,500,500,1.0,22,253,0.00032829006124848075,0.018118776483208813,5.437599086204111,0.7765330330466054,22.346696695339467,22.346696695339467,0.00019580974061458024,0.5874292218437407,0.00020833012047048296,9.947993909949022e-05,0.0007531023037534936,4.860834230370187e-05,188.24073761048203,5.716247880429664,0.03017952124818757,0.09236224807369398,0.1459989447547685,27513,36a63bad8fdb28df055f301ba2c2a6e3abd993f6db9b60e74fcba5efdd55eadc,three_row_sha256,7c2f7a9c5133ae3736c6512d6d1f98ca69b165a4286fb3ed58a769f385fad137,944f93c6fa033d604d9e90219484c40564bfebf4e3306a041f5ec522a76c0b9b,0f2cf9a67445117338a1c28f1312c232b1cbb8285fc218b4057ed38b092a75be,0.28314092196524143,0.23648818023502827,0.23176404647529125,0.7516089826822281,0.18900097347795963,0.7295850664377213,0.07825391367077827,2.499842084944248,0.0,0.0,13.366647996008396,513.1472274661064,2575.465422356501,103000,103000,3000.0,,,False,False,ok
BNCI2014_001,resampled_spectral_raw_power_s1,resampled,spectral,raw_power,1,6398,207,500,500,1.0,22,253,0.0003061785030340934,0.017497957110305575,5.436310741353933,0.7763490470045565,22.365095299544347,22.365095299544347,0.0001800308411079056,0.5400925233237167,0.00020429265171871024,9.05951100578859e-05,0.0005779514701163592,5.194041766025081e-05,188.240737610482,5.716247880429664,0.03017952124818757,0.09236224807369398,0.1459989447547685,27719,62874e26724f18082f032dbd95c0545604f94673dec76b2daab98fcd7fb249ab,three_row_sha256,368fbeceac645bb7ce64929ad35bc806d00d054e7a8c823918a265021e013892,944f93c6fa033d604d9e90219484c40564bfebf4e3306a041f5ec522a76c0b9b,0f2cf9a67445117338a1c28f1312c232b1cbb8285fc218b4057ed38b092a75be,0.3332560881972313,0.24309102445840836,0.2530049532651901,0.7993821054697037,0.2071999479085207,0.6216978654265404,0.08825398981571198,2.5458859745413065,0.0,0.0,11.711555067449808,515.6931134406477,2587.176977423951,103500,103500,3000.0,,,False,False,ok
BNCI2014_001,resampled_spectral_raw_power_s1,resampled,spectral,raw_power,1,6398,208,500,500,1.0,22,253,0.0003258523485590867,0.018051380793697936,5.4362089548487535,0.7763345110701603,22.36654889298397,22.36654889298397,0.00018330173432069371,0.5499052029620811,0.0002180142095600513,9.68398363139931e-05,0.0005501359904013718,4.326116957385038e-05,188.24073761048203,5.716247880429664,0.03017952124818757,0.09236224807369398,0.1459989447547685,27926,6d417f56208f2e4f9be60f19579f98ccf19c11c14e2e84c2cdf4e3b37265b472,three_row_sha256,b99ee81c053391f4e5deba07837b72147c9379e390a7ac97be5822deec06a904,944f93c6fa033d604d9e90219484c40564bfebf4e3306a041f5ec522a76c0b9b,0f2cf9a67445117338a1c28f1312c232b1cbb8285fc218b4057ed38b092a75be,0.23487000726163387,0.22705993615090847,0.23545511066913605,0.7390279788523912,0.16230996698141098,0.9379670955240726,0.08216989226639271,2.618859987705946,0.0,0.0,10.768633102998137,518.3119734283537,2597.945610526949,104000,104000,3000.0,,,False,False,ok
BNCI2014_001,resampled_spectral_raw_power_s1,resampled,spectral,raw_power,1,6398,209,500,500,1.0,22,253,0.0003106889800806986,0.017626371721959643,5.434866865254597,0.7761428498449304,22.385715015506953,22.385715015506953,0.00018679566523914758,0.5603869957174428,0.00020131779484849611,9.235151759213087e-05,0.0007103064008912312,4.6939568806221e-05,188.24073761048203,5.716247880429664,0.03017952124818757,0.09236224807369398,0.1459989447547685,28134,412e9b015fc879a6d0f3a8812763796d5a26113828de7ee6454848438c612198,three_row_sha256,c14fe6bed38ddbaa903e5b4994517e188e0eb0f1918c736c31b175c013e07956,944f93c6fa033d604d9e90219484c40564bfebf4e3306a041f5ec522a76c0b9b,0f2cf9a67445117338a1c28f1312c232b1cbb8285fc218b4057ed38b092a75be,0.24134106934070587,0.22458704188466072,0.2269900869578123,0.5882168188691139,0.14074379578232765,0.6738288793712854,0.07599988020956516,2.171707572415471,0.0,0.0,9.198141982778907,520.4836810007691,2607.143752509728,104500,104500,3000.0,,,False,False,ok
BNCI2014_001,resampled_spectral_raw_power_s1,resampled,spectral,raw_power,1,6398,210,500,500,1.0,22,253,0.0003221034652999644,0.01794724116124716,5.432802978023571,0.7758481100919683,22.415188990803163,22.415188990803163,0.00018752686239836892,0.5625805871951067,0.0002112729581955222,9.525720382815565e-05,0.0006576128040421841,5.6142108289694966e-05,188.24073761048203,5.716247880429664,0.03017952124818757,0.09236224807369398,0.1459989447547685,28343,308de755b586f47263827766232da1b60f22008a27935c961adc245fe178c460,three_row_sha256,22c75572b4031fc089c9ec66ff606f748e0465e2a2a33aada5f7459c5472904d,944f93c6fa033d604d9e90219484c40564bfebf4e3306a041f5ec522a76c0b9b,0f2cf9a67445117338a1c28f1312c232b1cbb8285fc218b4057ed38b092a75be,0.22469996474683285,0.22233184427022934,0.2249560784548521,0.569608062505722,0.1360410824418068,0.5693561397492886,0.05908403545618057,2.0060772076249123,0.0,0.0,8.925923146307468,522.489758208394,2616.0696756560355,105000,105000,3000.0,,,False,False,ok
BNCI2014_001,resampled_spectral_raw_power_s1,resampled,spectral,raw_power,1,6398,211,500,500,1.0,22,253,0.0003057603404113356,0.017486004129341145,5.430720883145711,0.7755507701400955,22.444922985990445,22.444922985990445,0.00018102265785247844,0.5430679735574354,0.00020529222070486247,8.742569709122086e-05,0.0006091050038083115,6.186611412828681e-05,188.24073761048203,5.716247880429664,0.03017952124818757,0.09236224807369398,0.1459989447547685,28553,0846107672d79b3c583c00a3f0bbec0ffd52132c4aee57bade03d9b10b3343a7,three_row_sha256,aa6aec2c8f46b79d3fd342dd8d504af9ab66bd6a89466c10741ac43968d3ba83,944f93c6fa033d604d9e90219484c40564bfebf4e3306a041f5ec522a76c0b9b,0f2cf9a67445117338a1c28f1312c232b1cbb8285fc218b4057ed38b092a75be,0.21246098913252354,0.22119004279375076,0.22022705525159836,0.6147408857941628,0.14344695955514908,0.5389631260186434,0.05807378329336643,2.0091028418391943,0.0,0.0,8.762723067775369,524.4988610502332,2624.832398723811,105500,105500,3000.0,,,False,False,ok
BNCI2014_001,resampled_spectral_raw_power_s1,resampled,spectral,raw_power,1,6398,212,500,500,1.0,22,253,0.00031936164702806307,0.017870692404830402,5.429517090343298,0.7753788588128354,22.462114118716453,22.462114118716453,0.00018492473936353198,0.5547742180905959,0.0002121804480965879,9.384238648701997e-05,0.0005975012650851254,6.011283776905152e-05,188.24073761048203,5.716247880429664,0.03017952124818757,0.09236224807369398,0.1459989447547685,28764,554dbdedc7197df2af6b1e26526ce1c20476e5c3fbb016a1024a78477f42c3c8,three_row_sha256,fb4c891be262b6f037043bccc868211d970047eaa24c95136d27fce2baa92ba5,944f93c6fa033d604d9e90219484c40564bfebf4e3306a041f5ec522a76c0b9b,0f2cf9a67445117338a1c28f1312c232b1cbb8285fc218b4057ed38b092a75be,0.21057412959635258,0.2219590824097395,0.22186688147485256,0.5393750034272671,0.1310231164097786,0.5719349719583988,0.05698809400200844,1.9537212792783976,0.0,0.0,9.15906298905611,526.4525823295116,2633.991461712867,106000,106000,3000.0,,,False,False,ok
BNCI2014_001,resampled_spectral_raw_power_s1,resampled,spectral,raw_power,1,6398,213,500,500,1.0,22,253,0.0003161215230907871,0.017779806610050266,5.428017755945668,0.775164741760643,22.483525823935697,22.483525823935697,0.0001863140481644093,0.5589421444932279,0.00020810066449435322,9.263761383149299e-05,0.0006437368538522261,3.7062306668856784e-05,188.24073761048203,5.716247880429664,0.03017952124818757,0.09236224807369398,0.1459989447547685,28976,7ff6583d7994cba16bc6a6e07729a3984927137ad864a8b8307b9dce8d9c08ae,three_row_sha256,67bb50e393e8eeb361e63e00ac9e42b662ac7a443e9e40f9c17494edb7f4b761,944f93c6fa033d604d9e90219484c40564bfebf4e3306a041f5ec522a76c0b9b,0f2cf9a67445117338a1c28f1312c232b1cbb8285fc218b4057ed38b092a75be,0.21217996254563332,0.22101798094809055,0.22192788310348988,0.5490160547196865,0.1325660850852728,0.6384989246726036,0.07081707008183002,2.0460239611566067,0.0,0.0,11.235972866415977,528.4986062906682,2645.227434579283,106500,106500,3000.0,,,False,False,ok
BNCI2014_001,resampled_spectral_raw_power_s1,resampled,spectral,raw_power,1,6398,214,500,500,1.0,22,253,0.00030011100556805517,0.017323712234046582,5.42606628835167,0.7748860564391187,22.51139435608814,22.51139435608814,0.00018161998606779244,0.5448599582033774,0.0001999863810497667,8.625469834846378e-05,0.000612023229989428,5.376424688707007e-05,188.24073761048203,5.716247880429664,0.03017952124818757,0.09236224807369398,0.1459989447547685,29189,74bed24583d863278cda2a60db88906302bce2f7ed98e28440c8db1292608750,three_row_sha256,971bd75930e595cec7dba2d9aebe0262e9254abc5c61275bad690c6b9de36615,944f93c6fa033d604d9e90219484c40564bfebf4e3306a041f5ec522a76c0b9b,0f2cf9a67445117338a1c28f1312c232b1cbb8285fc218b4057ed38b092a75be,0.24032406508922577,0.23390306159853935,0.23530307225883007,0.5757799372076988,0.13559497892856598,0.6906799972057343,0.06296508945524693,2.174550201743841,0.0,0.0,8.728526998311281,530.6731564924121,2653.9559615775943,107000,107000,3000.0,,,False,False,ok
BNCI2014_001,resampled_spectral_raw_power_s1,resampled,spectral,raw_power,1,6398,215,500,500,1.0,22,253,0.0002994082780133101,0.017303418102019904,5.4236630023715335,0.7745428478057038,22.54571521942962,22.54571521942962,0.0001779219799005472,0.5337659397016417,0.00019915736032087873,8.773678321210165e-05,0.0005692233742387367,4.3659351913301285e-05,188.24073761048203,5.716247880429664,0.03017952124818757,0.09236224807369398,0.1459989447547685,29403,1cdf07fe6f216c7442e9816c5b453acd28c50bff1be373a3b9f3282ce441cb87,three_row_sha256,db8f3d0034b8cb21237552cf0a8985001e8021eebd8e2e3bbeb6a8236b115331,944f93c6fa033d604d9e90219484c40564bfebf4e3306a041f5ec522a76c0b9b,0f2cf9a67445117338a1c28f1312c232b1cbb8285fc218b4057ed38b092a75be,0.22275280207395554,0.2226999495178461,0.22401800379157066,0.5549979396164417,0.14277687296271324,0.5964550655335188,0.05859881639480591,2.022299449890852,0.0,0.0,8.772626984864473,532.6954559423029,2662.7285885624588,107500,107500,3000.0,,,False,False,ok
BNCI2014_001,resampled_spectral_raw_power_s1,resampled,spectral,raw_power,1,6398,216,500,500,1.0,22,253,0.00030764003975669357,0.01753967045747136,5.423150976398609,0.7744697263645216,22.553027363547834,22.553027363547834,0.0001785237401903999,0.5355712205711997,0.00020407425879878419,9.171359512098241e-05,0.0005501692695197169,5.023886519883364e-05,188.24073761048203,5.716247880429664,0.03017952124818757,0.09236224807369398,0.1459989447547685,29618,b766e64d79556878028d4422ca59cf2ae699bbc740f27be277359a2fbdf45b06,three_row_sha256,6b05c219566769b63e6e64681643bd15da02ca31367089b5ac20b4366fca04f3,944f93c6fa033d604d9e90219484c40564bfebf4e3306a041f5ec522a76c0b9b,0f2cf9a67445117338a1c28f1312c232b1cbb8285fc218b4057ed38b092a75be,0.2116940449923277,0.22111483849585056,0.21925405599176884,0.5324550438672304,0.13902108184993267,0.5234489217400551,0.05740392953157425,1.9043919164687395,0.0,0.0,9.370048064738512,534.5998478587717,2672.0986366271973,108000,108000,3000.0,,,False,False,ok
BNCI2014_001,resampled_spectral_raw_power_s1,resampled,spectral,raw_power,1,6398,217,500,500,1.0,22,253,0.0003298602536660987,0.01816205532603892,5.4208128893477365,0.7741358286643865,22.586417133561355,22.586417133561355,0.00019102210549997177,0.5730663164999154,0.00021410556945410697,9.920256985293276e-05,0.0006896054414819477,5.055372756240102e-05,188.24073761048206,5.716247880429664,0.03017952124818757,0.09236224807369398,0.1459989447547685,29834,dccaf2472957f084d9c71cabbccfec992ed282acb00d1357b2098573d53f55cc,three_row_sha256,09c1332da7e79152e05b96d1026f4b160aa4ebb899bb14fe254325ab8c945980,944f93c6fa033d604d9e90219484c40564bfebf4e3306a041f5ec522a76c0b9b,0f2cf9a67445117338a1c28f1312c232b1cbb8285fc218b4057ed38b092a75be,0.21796394139528275,0.22129109129309654,0.21965010091662407,0.5469708703458309,0.13077305629849434,0.5130970384925604,0.055412063375115395,1.9051581621170044,0.0,0.0,9.050228167325258,536.5050060208887,2681.1488647945225,108500,108500,3000.0,,,False,False,ok
BNCI2014_001,resampled_spectral_raw_power_s1,resampled,spectral,raw_power,1,6398,218,500,500,1.0,22,253,0.00030891779293981084,0.017576057377575064,5.41901791438417,0.7738794917534441,22.612050824655594,22.612050824655594,0.00018493140674084947,0.5547942202225484,0.00020384744727766502,8.999660493029242e-05,0.0006896334788471271,4.138259765668715e-05,188.24073761048203,5.716247880429665,0.03017952124818757,0.09236224807369398,0.1459989447547685,30051,bf2054d2c2ca7aac15d7672cf3f5864cbf518838227c3c1c06a3c770c7870f63,three_row_sha256,f42d918f4564bd0d4b7e937f92ce1f03ca5b7bb5f2aa1854a14da8ba30b27c4c,944f93c6fa033d604d9e90219484c40564bfebf4e3306a041f5ec522a76c0b9b,0f2cf9a67445117338a1c28f1312c232b1cbb8285fc218b4057ed38b092a75be,0.20916294306516647,0.22082705982029438,0.21829409524798393,0.5357910413295031,0.1283939927816391,0.7903180085122585,0.058403005823493004,2.1611901465803385,0.0,0.0,10.531144915148616,538.666196167469,2691.680009709671,109000,109000,3000.0,,,False,False,ok
BNCI2014_001,resampled_spectral_raw_power_s1,resampled,spectral,raw_power,1,6398,219,500,500,1.0,22,253,0.00032911840618528624,0.018141620825750004,5.414266841066632,0.7732010001406925,22.679899985930746,22.679899985930746,0.00019380902446548628,0.5814270733964588,0.00020906214810977115,0.00010130864851109324,0.0007253899066731631,4.9881981385504104e-05,188.24073761048203,5.716247880429665,0.03017952124818757,0.09236224807369398,0.1459989447547685,30269,ad145d5ff934583bc735b27c25aab842730f74b05d3048360884b82da32fb2f0,three_row_sha256,60ad6e733c1f0a3d2365bb9362eded58ba14f18cbf73778740effcdbeb35dde8,944f93c6fa033d604d9e90219484c40564bfebf4e3306a041f5ec522a76c0b9b,0f2cf9a67445117338a1c28f1312c232b1cbb8285fc218b4057ed38b092a75be,0.28581591323018074,0.23646303452551365,0.24952692911028862,0.728517072275281,0.16692397184669971,0.7940640207380056,0.06746314465999603,2.5287740863859653,0.0,0.0,9.086273144930601,541.194970253855,2700.7662828546017,109500,109500,3000.0,,,False,False,ok
BNCI2014_001,resampled_spectral_raw_power_s1,resampled,spectral,raw_power,1,6398,220,500,500,1.0,22,253,0.00031432042254516074,0.01772908408647104,5.412989599978206,0.7730185998054336,22.698140019456634,22.698140019456634,0.0001864606379119548,0.5593819137358643,0.0002048749097496472,9.437474351327512e-05,0.0007019564305842432,3.5218304430720576e-05,188.24073761048206,5.716247880429664,0.03017952124818757,0.09236224807369398,0.1459989447547685,30488,4326a1e295e2c2757e434bf413920a1328aed8d7c905b399f714267715886ef9,three_row_sha256,1a7c7f385341969b8964c453098220ceb357a907ec20c289881cd1a4ebeeb0f9,944f93c6fa033d604d9e90219484c40564bfebf4e3306a041f5ec522a76c0b9b,0f2cf9a67445117338a1c28f1312c232b1cbb8285fc218b4057ed38b092a75be,0.2227439545094967,0.2224280033260584,0.22225501015782356,0.5649190861731768,0.13335910625755787,0.6741359829902649,0.060827936977148056,2.1006690803915262,0.0,0.0,9.561732178553939,543.2956393342465,2710.3280150331557,110000,110000,3000.0,,,False,False,ok
BNCI2014_001,resampled_spectral_raw_power_s1,resampled,spectral,raw_power,1,6398,221,500,500,1.0,22,253,0.0003113124514721227,0.01764404861340284,5.412853891351371,0.7729992195183002,22.70007804816998,22.70007804816998,0.00018639581108537948,0.5591874332561384,0.00020343430031635214,9.243034891635091e-05,0.0007055891830344136,6.137811710366588e-05,188.24073761048206,5.716247880429664,0.03017952124818757,0.09236224807369398,0.1459989447547685,30708,46c361688044524223f3644540ba2697a8b1170b8d681a9d7dc3bad957ccd93e,three_row_sha256,f7bdbd0fb25b0053287bf379c559ea0fec1b096eff017f7515cb90a7867b95c1,944f93c6fa033d604d9e90219484c40564bfebf4e3306a041f5ec522a76c0b9b,0f2cf9a67445117338a1c28f1312c232b1cbb8285fc218b4057ed38b092a75be,0.23239385336637497,0.2230179961770773,0.23180386051535606,0.57632802054286,0.13394001871347427,0.5805199034512043,0.05979696288704872,2.0378006156533957,0.0,0.0,9.585298132151365,545.3334399498999,2719.913313165307,110500,110500,3000.0,,,False,False,ok
BNCI2014_001,resampled_spectral_raw_power_s1,resampled,spectral,raw_power,1,6398,222,500,500,1.0,22,253,0.00030925835246525303,0.01758574287498976,5.411386679122141,0.7727896897709936,22.72103102290064,22.72103102290064,0.00018338956796200623,0.5501687038860187,0.00020209702542012048,9.27753105886644e-05,0.0006170313445241766,3.666744330237905e-05,188.24073761048206,5.716247880429664,0.03017952124818757,0.09236224807369398,0.1459989447547685,30929,ca20e6675544265734c9c1c92df8a6f76e2bb1f0ce20f771ee666cee651290ca,three_row_sha256,754f68ba0a10daf4404b45fa58de0f82f35f9ec5a76e219a8dfec3367a4f0bf7,944f93c6fa033d604d9e90219484c40564bfebf4e3306a041f5ec522a76c0b9b,0f2cf9a67445117338a1c28f1312c232b1cbb8285fc218b4057ed38b092a75be,0.23305905051529408,0.22459495812654495,0.22781011648476124,0.5755240563303232,0.13500195927917957,0.5807878915220499,0.0593231525272131,2.036101184785366,0.0,0.0,9.56143788062036,547.3695411346853,2729.4747510459274,111000,111000,3000.0,,,False,False,ok
BNCI2014_001,resampled_spectral_raw_power_s1,resampled,spectral,raw_power,1,6398,223,500,500,1.0,22,253,0.0003091917929967951,0.01758385034617831,5.410650793547258,0.7726845993720178,22.731540062798214,22.731540062798214,0.00018614623006729932,0.558438690201898,0.00020079699358316005,9.225878723005912e-05,0.0006526123857107941,4.396642521969342e-05,188.24073761048203,5.716247880429665,0.03017952124818757,0.09236224807369398,0.1459989447547685,31151,d2c40f8a8421285e46342d1b114bd378224d7e30ae1f97fe86011a98e7c1ecbd,three_row_sha256,dbd078392f3a4024fd27943e490c630e6af88c8ffeb19a5ff90356d729798031,944f93c6fa033d604d9e90219484c40564bfebf4e3306a041f5ec522a76c0b9b,0f2cf9a67445117338a1c28f1312c232b1cbb8285fc218b4057ed38b092a75be,0.21503400057554245,0.22212602198123932,0.22510811686515808,0.5603008903563023,0.13248599134385586,0.6971850525587797,0.06195413880050182,2.1141942124813795,0.0,0.0,9.311167988926172,549.4837353471667,2738.7859190348536,111500,111500,3000.0,,,False,False,ok
BNCI2014_001,resampled_spectral_raw_power_s1,resampled,spectral,raw_power,1,6398,224,500,500,1.0,22,253,0.000318358817348705,0.017842612402580095,5.409301471435991,0.7724919052849755,22.750809471502457,22.750809471502457,0.00018623841214144033,0.558715236424321,0.00020825353705748625,9.533291062194704e-05,0.0006527881234965077,4.353245640281194e-05,188.24073761048203,5.716247880429664,0.03017952124818757,0.09236224807369398,0.1459989447547685,31374,7d079f16d3ddce43dc58b7253afab5ebc99e8e1788849ee806594bc480264ed8,three_row_sha256,2ecbce6968c1dc5d7cfb10e0c75c37c1fec487366e885ab1e1e950170c89f14e,944f93c6fa033d604d9e90219484c40564bfebf4e3306a041f5ec522a76c0b9b,0f2cf9a67445117338a1c28f1312c232b1cbb8285fc218b4057ed38b092a75be,0.2665270585566759,0.22689905017614365,0.2397960051894188,0.6730740424245596,0.15146099030971527,0.6641049403697252,0.06759096868336201,2.2894530557096004,0.0,0.0,9.631934110075235,551.7731884028763,2748.417853144929,112000,112000,3000.0,,,False,False,ok
BNCI2014_001,resampled_spectral_raw_power_s1,resampled,spectral,raw_power,1,6398,225,500,500,1.0,22,253,0.0003292443707624994,0.01814509219492972,5.406198258735978,0.7720487414672819,22.79512585327182,22.79512585327182,0.00019240354978544792,0.5772106493563438,0.00021456516760187224,9.793504905970576e-05,0.0007900251149708975,5.632941644118711e-05,188.24073761048206,5.716247880429664,0.03017952124818757,0.09236224807369398,0.1459989447547685,31598,f268ded119530d5de2ff02341ad3ce1548029e83708cdcd73b6285ce4a1d74e3,three_row_sha256,94733719c15a2cd4d5d2955e28f74e0b89e83f37b9ace9ffa04eb50c0a841657,944f93c6fa033d604d9e90219484c40564bfebf4e3306a041f5ec522a76c0b9b,0f2cf9a67445117338a1c28f1312c232b1cbb8285fc218b4057ed38b092a75be,0.243060989305377,0.22523989900946617,0.23042014800012112,0.5829650908708572,0.13852305710315704,0.6361559499055147,0.060088932514190674,2.116454066708684,0.0,0.0,9.61979990825057,553.8896424695849,2758.0376530531794,112500,112500,3000.0,,,False,False,ok
BNCI2014_001,resampled_spectral_raw_power_s1,resampled,spectral,raw_power,1,6398,226,500,500,1.0,22,253,0.0003262873258252343,0.01806342508565954,5.403659070275928,0.7716861248629496,22.831387513705042,22.831387513705042,0.0001885030656889632,0.5655091970668896,0.00021276638329344118,9.806432377511265e-05,0.000662131764889852,4.275737685059503e-05,188.24073761048203,5.716247880429664,0.03017952124818757,0.09236224807369398,0.1459989447547685,31823,43133b815d0016edc13438539d0e8d4e57bb16fbfbd9fa82de8fcbb332edd8a4,three_row_sha256,082c500ec0ff1b62a140ddc0ef3401846514fe795588f89b85578195b13c911b,944f93c6fa033d604d9e90219484c40564bfebf4e3306a041f5ec522a76c0b9b,0f2cf9a67445117338a1c28f1312c232b1cbb8285fc218b4057ed38b092a75be,0.22636796347796917,0.2240920439362526,0.2281060442328453,0.5731470882892609,0.1358578447252512,0.590072013437748,0.05935784429311752,2.0370008423924446,0.0,0.0,10.530506959185004,555.9266433119774,2768.5681600123644,113000,113000,3000.0,,,False,False,ok
BNCI2014_001,resampled_spectral_raw_power_s1,resampled,spectral,raw_power,1,6398,227,500,500,1.0,22,253,0.00031766427886814933,0.017823138861271022,5.402707963175821,0.7715502990932506,22.844970090674945,22.844970090674945,0.00018511459736525573,0.5553437920957671,0.00020799114795227693,9.49303296509851e-05,0.0006098881866631082,5.1703492203565736e-05,188.240737610482,5.716247880429664,0.03017952124818757,0.09236224807369398,0.1459989447547685,32049,aace93d30bfce76d8ecc925f0bd61dbee440299ace63711cf54e4df285380f71,three_row_sha256,637a2cee6e130d8af994ea7a5f3bd6a82a9e1ea90501b3e20fc50a45745664d9,944f93c6fa033d604d9e90219484c40564bfebf4e3306a041f5ec522a76c0b9b,0f2cf9a67445117338a1c28f1312c232b1cbb8285fc218b4057ed38b092a75be,0.26584998704493046,0.22460496984422207,0.2282080240547657,0.5688189994543791,0.13413210399448872,0.6594520527869463,0.060758087784051895,2.141824224963784,0.0,0.0,9.512638207525015,558.0684675369412,2778.0807982198894,113500,113500,3000.0,,,False,False,ok
BNCI2014_001,resampled_spectral_raw_power_s1,resampled,spectral,raw_power,1,6398,228,500,500,1.0,22,253,0.0003157200851991319,0.017768513871428075,5.402945566362703,0.7715842307458873,22.841576925411267,22.841576925411267,0.00018920151128422457,0.5676045338526737,0.00020619282730428262,9.296790385805308e-05,0.0007353544065205051,6.202352478570731e-05,188.240737610482,5.716247880429664,0.03017952124818757,0.09236224807369398,0.1459989447547685,32276,1cbb2904b26c05a3dc2ac54157d290dd5829e1cd73e3586b86068f3bf635b957,three_row_sha256,85362fb3779ef6706c3d9b722db0d91e2f2e2e65c27db2f707de208293fcb883,944f93c6fa033d604d9e90219484c40564bfebf4e3306a041f5ec522a76c0b9b,0f2cf9a67445117338a1c28f1312c232b1cbb8285fc218b4057ed38b092a75be,0.21886499598622322,0.22241193801164627,0.23068091832101345,0.5543821025639772,0.13434397988021374,0.6937740836292505,0.06782612763345242,2.122284146025777,0.0,0.0,9.854641975834966,560.190751682967,2787.9354401957244,114000,114000,3000.0,,,False,False,ok
BNCI2014_001,resampled_spectral_raw_power_s1,resampled,spectral,raw_power,1,6398,229,500,500,1.0,22,253,0.00032392351854745795,0.017997875389819153,5.399703432651787,0.7711212278866901,22.887877211330984,22.887877211330984,0.0001902131020144731,0.5706393060434194,0.000210339498653233,9.78767398577507e-05,0.0007724896079349141,6.0728001832224685e-05,188.24073761048206,5.716247880429664,0.03017952124818757,0.09236224807369398,0.1459989447547685,32504,1540c3cd2cb320d77c36013a8c6d84384cdb7bdaa299cd7b7d4e03e90321dc27,three_row_sha256,cccaa8c6e8866b50c93773498cd0962bac35a7f0541cff5d586202ad244d58b0,944f93c6fa033d604d9e90219484c40564bfebf4e3306a041f5ec522a76c0b9b,0f2cf9a67445117338a1c28f1312c232b1cbb8285fc218b4057ed38b092a75be,0.43850718066096306,0.2269018441438675,0.2396979834884405,0.6765509024262428,0.15303818508982658,0.7746429182589054,0.06730086170136929,2.576639875769615,0.0,0.0,8.991843089461327,562.7673915587366,2796.9272832851857,114500,114500,3000.0,,,False,False,ok
BNCI2014_001,resampled_spectral_raw_power_s1,resampled,spectral,raw_power,1,6398,230,500,500,1.0,22,253,0.0003286409158590974,0.018128455970079123,5.401014904142154,0.7713085165995989,22.869148340040116,22.869148340040116,0.0001877608463514698,0.5632825390544094,0.00021535694885952843,9.885700911563035e-05,0.0006165225039316069,4.397954582349253e-05,188.24073761048203,5.716247880429664,0.03017952124818757,0.09236224807369398,0.1459989447547685,32733,1a5f399cbd8ee27442020695fc9503025966f2f484ef260b5b13fd7e3219b961,three_row_sha256,a3cbd2623bde4a0fd952b52ba252b694d4e1e99b6391ca599dcd8d9fcad75987,944f93c6fa033d604d9e90219484c40564bfebf4e3306a041f5ec522a76c0b9b,0f2cf9a67445117338a1c28f1312c232b1cbb8285fc218b4057ed38b092a75be,0.21408405154943466,0.22113695740699768,0.22712093777954578,0.5594000685960054,0.13153092004358768,0.6323261186480522,0.05832500755786896,2.0439240615814924,0.0,0.0,9.246252942830324,564.811315620318,2806.173536228016,115000,115000,3000.0,,,False,False,ok
BNCI2014_001,resampled_spectral_raw_power_s1,resampled,spectral,raw_power,1,6398,231,500,500,1.0,22,253,0.0003133910664677372,0.01770285475474894,5.397743872161192,0.770841386834219,22.915861316578106,22.915861316578106,0.0001834951789030858,0.5504855367092574,0.0002069318322840929,9.359727123859814e-05,0.0006521044291892806,4.3897186590560226e-05,188.24073761048203,5.716247880429664,0.03017952124818757,0.09236224807369398,0.1459989447547685,32963,99c672d612d80c9773903e17e83c7b9d7aec76b701b11be2a2fae8c813569697,three_row_sha256,1675ee9a1ba8b3d334cb14e87817826ff257f84345cd38c28f4529ab0717e2ca,944f93c6fa033d604d9e90219484c40564bfebf4e3306a041f5ec522a76c0b9b,0f2cf9a67445117338a1c28f1312c232b1cbb8285fc218b4057ed38b092a75be,0.2120260614901781,0.22101588547229767,0.22209505550563335,0.5370809230953455,0.1295791007578373,0.5356809124350548,0.058339908719062805,1.9158178474754095,0.0,0.0,9.27844806574285,566.7271334677935,2815.451984293759,115500,115500,3000.0,,,False,False,ok
BNCI2014_001,resampled_spectral_raw_power_s1,resampled,spectral,raw_power,1,6398,232,500,500,1.0,22,253,0.0003207927689423179,0.017910688678616407,5.395589740236439,0.7705337594106828,22.94662405893172,22.94662405893172,0.00019262490281467647,0.5778747084440294,0.000202927949969564,9.812035293031028e-05,0.0007441339755723635,5.423852072497333e-05,188.24073761048203,5.716247880429665,0.03017952124818757,0.09236224807369398,0.1459989447547685,33194,ef16668028afec2039b65a97002d6170fda2413b83475f2f6fac2aa5387b40db,three_row_sha256,a929f72c7c783b9d3a5ae6a97228f169b2a41130a8288e49d39fa1e911ec700f,944f93c6fa033d604d9e90219484c40564bfebf4e3306a041f5ec522a76c0b9b,0f2cf9a67445117338a1c28f1312c232b1cbb8285fc218b4057ed38b092a75be,0.2126640174537897,0.22251601330935955,0.22434699349105358,0.5502179265022278,0.1322808675467968,0.5444260314106941,0.0581829808652401,1.9446348305791616,0.0,0.0,8.937360951676965,568.6717682983726,2824.389345245436,116000,116000,3000.0,,,False,False,ok
BNCI2014_001,resampled_spectral_raw_power_s1,resampled,spectral,raw_power,1,6398,233,500,500,1.0,22,253,0.00031984600878156677,0.017884239116651476,5.393993782846519,0.7703058438154062,22.969415618459372,22.969415618459372,0.00018459132704485648,0.5537739811345693,0.00021061002511290873,9.597182787362064e-05,0.0006135345390106154,4.40992095000859e-05,188.24073761048203,5.716247880429664,0.03017952124818757,0.09236224807369398,0.1459989447547685,33426,ff5c6240abe4bb3cd5070c574a9638829d5e9c584785d40929fcc529aa7b3496,three_row_sha256,72c09e9ba89deafa2312ba0c93a5dee7982c14e1670d22a296f72071dcfce146,944f93c6fa033d604d9e90219484c40564bfebf4e3306a041f5ec522a76c0b9b,0f2cf9a67445117338a1c28f1312c232b1cbb8285fc218b4057ed38b092a75be,0.21502398885786533,0.2217758446931839,0.22876914590597153,0.5525900050997734,0.13494701124727726,0.562981003895402,0.05939113907516003,1.9754781387746334,0.0,0.0,9.116840083152056,570.6472464371473,2833.506185328588,116500,116500,3000.0,,,False,False,ok
BNCI2014_001,resampled_spectral_raw_power_s1,resampled,spectral,raw_power,1,6398,234,500,500,1.0,22,253,0.0002999605045445454,0.017319367902569233,5.394062616066553,0.770315673754738,22.968432624526205,22.968432624526205,0.00017864528466823306,0.5359358540046991,0.00020006289537224576,8.88222188508959e-05,0.0005503388186351196,4.417792195631514e-05,188.24073761048203,5.716247880429664,0.03017952124818757,0.09236224807369398,0.1459989447547685,33659,039087a54a4a1c409aee5d8017d06a5306038b2f06b8a99585c7df300c248a90,three_row_sha256,79c7c97effe4289ddd526a7a7bc0df5046bfd0140e81a9f18231f1bc38e2631a,944f93c6fa033d604d9e90219484c40564bfebf4e3306a041f5ec522a76c0b9b,0f2cf9a67445117338a1c28f1312c232b1cbb8285fc218b4057ed38b092a75be,0.21022395230829716,0.2198019064962864,0.22000516764819622,0.5379680078476667,0.12858095578849316,0.6559439934790134,0.05684699863195419,2.0293709821999073,0.0,0.0,11.407878017053008,572.6766174193472,2844.914063345641,117000,117000,3000.0,,,False,False,ok
BNCI2014_001,resampled_spectral_raw_power_s1,resampled,spectral,raw_power,1,6398,235,500,500,1.0,22,253,0.00031563514139587264,0.017766123420596646,5.393791951133581,0.7702770206179383,22.972297938206165,22.972297938206165,0.00018428509790633678,0.5528552937190103,0.00020772638126228678,9.52626586842693e-05,0.0006603551650128856,4.849264719554719e-05,188.240737610482,5.716247880429664,0.03017952124818757,0.09236224807369398,0.1459989447547685,33893,62913f4a4d863ee6ecf92679c2463d8f2a2095f3a47e8470b13ac0a8ce663fb8,three_row_sha256,8bb86a3786703c0d1ac4d389da7f6ec7b3c8352e532fad76bb0f90c76540b742,944f93c6fa033d604d9e90219484c40564bfebf4e3306a041f5ec522a76c0b9b,0f2cf9a67445117338a1c28f1312c232b1cbb8285fc218b4057ed38b092a75be,0.2752260770648718,0.23263203911483288,0.24821702390909195,0.6187651306390762,0.14092191122472286,0.7297620177268982,0.0648351851850748,2.3103593848645687,0.0,0.0,8.800629992038012,574.9869768042117,2853.714693337679,117500,117500,3000.0,,,False,False,ok
BNCI2014_001,resampled_spectral_raw_power_s1,resampled,spectral,raw_power,1,6398,236,500,500,1.0,22,253,0.0003138665258068862,0.01771627855411193,5.39200487429094,0.770021811622405,22.9978188377595,22.9978188377595,0.00018576148074515628,0.5572844422354688,0.00020498117418085615,9.33272752045513e-05,0.0007003723016945301,4.8605689640824055e-05,188.24073761048206,5.716247880429665,0.03017952124818757,0.09236224807369398,0.1459989447547685,34128,b4011dc5ddb75a34645d7146cf9d778a0222c2131b9aa13aa475e49843709429,three_row_sha256,a40ddb00684feaf8ed392a6b062db0cf6a6a67a4e3b8bbfdd2e577b839103132,944f93c6fa033d604d9e90219484c40564bfebf4e3306a041f5ec522a76c0b9b,0f2cf9a67445117338a1c28f1312c232b1cbb8285fc218b4057ed38b092a75be,0.21664495579898357,0.2212792169302702,0.2241500187665224,0.5506749730557203,0.13019307516515255,0.5505250301212072,0.05833897739648819,1.9518062472343445,0.0,0.0,9.272339986637235,576.9387830514461,2862.987033324316,118000,118000,3000.0,,,False,False,ok
BNCI2014_001,resampled_spectral_raw_power_s1,resampled,spectral,raw_power,1,6398,237,500,500,1.0,22,253,0.0003014589984414674,0.017362574648981857,5.392551028616445,0.7700998068677647,22.99001931322353,22.99001931322353,0.00018183566243071665,0.54550698729215,0.0001992758440801676,8.809752037405521e-05,0.0006021413918960916,4.838619467991897e-05,188.240737610482,5.716247880429664,0.03017952124818757,0.09236224807369398,0.1459989447547685,34364,2f0f4b6e001684ddcaf4c3fe65a35da37ac76d2adad460f5281ffc7e07f52cb4,three_row_sha256,f43a07c7c2e717e7a37b70bdc788a5a102a206500fdf31dda8f2014478bff946,944f93c6fa033d604d9e90219484c40564bfebf4e3306a041f5ec522a76c0b9b,0f2cf9a67445117338a1c28f1312c232b1cbb8285fc218b4057ed38b092a75be,0.23621111176908016,0.22508297115564346,0.239859102293849,0.587840098887682,0.13648602180182934,0.5650988314300776,0.06216694600880146,2.052745083346963,0.0,0.0,9.36576398089528,578.991528134793,2872.3527973052114,118500,118500,3000.0,,,False,False,ok
BNCI2014_001,resampled_spectral_raw_power_s1,resampled,spectral,raw_power,1,6398,238,500,500,1.0,22,253,0.0003085685999367284,0.017566120799332115,5.390373338125746,0.7697888150908848,23.021118490911523,23.021118490911523,0.00018313530392039613,0.5494059117611884,0.00020209239472668096,9.283330399917971e-05,0.0006325750073815505,4.808261875287641e-05,188.24073761048203,5.716247880429664,0.03017952124818757,0.09236224807369398,0.1459989447547685,34601,6954c39f2c15419d58fde513e7f5178e40c8494251055894a7065762efb0cf66,three_row_sha256,298b739664ac181bbecebaaac60e42e2cae4a00a917f2768d88b8f9e1e1bad6c,944f93c6fa033d604d9e90219484c40564bfebf4e3306a041f5ec522a76c0b9b,0f2cf9a67445117338a1c28f1312c232b1cbb8285fc218b4057ed38b092a75be,0.21935696713626385,0.22290111519396305,0.22464292123913765,0.5582859739661217,0.14260108582675457,0.6925992202013731,0.06007007323205471,2.1204573567956686,0.0,0.0,9.213723009452224,581.1119854915887,2881.5665203146636,119000,119000,3000.0,,,False,False,ok
BNCI2014_001,resampled_spectral_raw_power_s1,resampled,spectral,raw_power,1,6398,239,500,500,1.0,22,253,0.00031760058152193143,0.017821351843278654,5.391661230697155,0.7699727365438752,23.002726345612484,23.002726345612484,0.00018971774241491966,0.569153227244759,0.00020584024149657506,9.483478337425356e-05,0.0007895005830020269,4.0936565589429284e-05,188.24073761048203,5.716247880429664,0.03017952124818757,0.09236224807369398,0.1459989447547685,34839,633be9ee6d7e8583adf156fc88b33ac16fc6db7e6d4a152b05f7488dc58cd719,three_row_sha256,19a7af861e61df5dbb109ea3d8d30b5e2984c0450354b122f16b9e4c64be762f,944f93c6fa033d604d9e90219484c40564bfebf4e3306a041f5ec522a76c0b9b,0f2cf9a67445117338a1c28f1312c232b1cbb8285fc218b4057ed38b092a75be,0.23278594017028809,0.22180681116878986,0.22551207803189754,0.5658569280058146,0.13411184772849083,1.0227730963379145,0.05951104685664177,2.462357748299837,0.0,0.0,11.028718901798129,583.5743432398885,2892.595239216462,119500,119500,3000.0,,,False,False,ok
BNCI2014_001,resampled_spectral_raw_power_s1,resampled,spectral,raw_power,1,6398,240,500,500,1.0,22,253,0.00030856771384045283,0.01756609557757366,5.3909621457731784,0.7698729015748444,23.012709842515548,23.012709842515548,0.00018263670238556135,0.547910107156684,0.00020274924663590425,9.174960643316446e-05,0.0005962057400781002,5.395325173529151e-05,188.240737610482,5.716247880429665,0.03017952124818757,0.09236224807369398,0.1459989447547685,35078,f726b282f518c4ec0325a544d877675e0858210fbd19876751e7cd1ebde936fa,three_row_sha256,351d534a78930669ba1474b0c4e0b15bf634433a14a7442c87f81ca00eb05d1d,944f93c6fa033d604d9e90219484c40564bfebf4e3306a041f5ec522a76c0b9b,0f2cf9a67445117338a1c28f1312c232b1cbb8285fc218b4057ed38b092a75be,0.2746239770203829,0.2275398001074791,0.24100183509290218,0.5927479360252619,0.138547969982028,0.7130089215934277,0.06083608604967594,2.2483065258711576,0.0,0.0,9.823550935834646,585.8226497657597,2902.4187901522964,120000,120000,3000.0,,,False,False,ok
BNCI2014_001,resampled_spectral_raw_power_s1,resampled,spectral,raw_power,1,6398,241,500,500,1.0,22,253,0.00032077469598987935,0.01791018414170774,5.3882693054158235,0.7694883422395467,23.05116577604534,23.05116577604534,0.0001868427655795663,0.5605282967386989,0.0002089663979133528,9.690993948422853e-05,0.0006525517118216887,5.072879967133171e-05,188.24073761048203,5.716247880429664,0.03017952124818757,0.09236224807369398,0.1459989447547685,35318,a34a2b951ae41724d2a749a7082bda027fbc0980f2a2fff0507faf209cb8dcb1,three_row_sha256,cf6914c4fa333738aef5065c299165ddcfd912b87dee2c1fd78d094de7246a35,944f93c6fa033d604d9e90219484c40564bfebf4e3306a041f5ec522a76c0b9b,0f2cf9a67445117338a1c28f1312c232b1cbb8285fc218b4057ed38b092a75be,0.22851396352052689,0.22396491840481758,0.22985204122960567,0.5774139426648617,0.1370040699839592,0.6940839812159538,0.06452109664678574,2.1553540136665106,0.0,0.0,9.349500993266702,587.9780037794262,2911.768291145563,120500,120500,3000.0,,,False,False,ok
BNCI2014_001,resampled_spectral_raw_power_s1,resampled,spectral,raw_power,1,6398,242,500,500,1.0,22,253,0.00032311619291455697,0.017975433038304168,5.385840361883423,0.769141469500602,23.085853049939796,23.085853049939796,0.00019177034707665712,0.5753110412299713,0.00021018659644465165,9.624146523807317e-05,0.0008103579819377196,5.938177555555876e-05,188.24073761048203,5.716247880429664,0.03017952124818757,0.09236224807369398,0.1459989447547685,35559,aa938ccacb83e496a608e92f9ca3e8031f163876b38a2ae4fbabc576f63d2039,three_row_sha256,1a5b7d0946ec44a7e0b01ceb8088da9a652d714dd31de28bede25b020b011b05,944f93c6fa033d604d9e90219484c40564bfebf4e3306a041f5ec522a76c0b9b,0f2cf9a67445117338a1c28f1312c232b1cbb8285fc218b4057ed38b092a75be,0.2284517977386713,0.2244438510388136,0.22915704175829887,0.581888947635889,0.13512186706066132,0.6156601011753082,0.05960604175925255,2.074329648166895,0.0,0.0,8.92052287235856,590.0523334275931,2920.6888140179217,121000,121000,3000.0,,,False,False,ok
BNCI2014_001,resampled_spectral_raw_power_s1,resampled,spectral,raw_power,1,6398,243,500,500,1.0,22,253,0.0003028156144696148,0.01740159804355953,5.383817707190946,0.7688526180869074,23.114738191309257,23.114738191309257,0.00018002989698858162,0.5400896909657449,0.00020067930543021716,8.999329903834391e-05,0.0005947108085140615,5.396439232304697e-05,188.24073761048203,5.716247880429664,0.03017952124818757,0.09236224807369398,0.1459989447547685,35801,a049168a6b04c221d1f5a0b906496730795d821b3cee7c9aa0284d9e7f53d503,three_row_sha256,5632a4bf1f6d031b0d5c2bba5956b1e4fd7af5e23ca17ba95f11e70eec4b56e5,944f93c6fa033d604d9e90219484c40564bfebf4e3306a041f5ec522a76c0b9b,0f2cf9a67445117338a1c28f1312c232b1cbb8285fc218b4057ed38b092a75be,0.22591487504541874,0.2300639171153307,0.22739009000360966,0.5585309118032455,0.1314328983426094,0.6265409756451845,0.05979696288704872,2.0596706308424473,0.0,0.0,9.11263795569539,592.1120040584356,2929.801451973617,121500,121500,3000.0,,,False,False,ok
BNCI2014_001,resampled_spectral_raw_power_s1,resampled,spectral,raw_power,1,6398,244,500,500,1.0,22,253,0.00031853509461373796,0.01784755150192143,5.386099675828807,0.7691785016247672,23.082149837523286,23.082149837523286,0.00018593611574563786,0.5578083472369135,0.0002071970234895812,9.687241192369488e-05,0.0006298277062071305,5.619526518259608e-05,188.240737610482,5.716247880429664,0.03017952124818757,0.09236224807369398,0.1459989447547685,36044,bbe5f4a6cd3b85b5ef1fc9c59a07b372f277f4fbb5d2363b40d26e71a53f488a,three_row_sha256,db2ff3ec99803e2684d27d8be9bc3f41b328d0683b2ff8be12323d43881d120b,944f93c6fa033d604d9e90219484c40564bfebf4e3306a041f5ec522a76c0b9b,0f2cf9a67445117338a1c28f1312c232b1cbb8285fc218b4057ed38b092a75be,0.22424012422561646,0.2254678402096033,0.2291740383952856,0.5713480059057474,0.1357069704681635,0.6028159987181425,0.059519894421100616,2.0482728723436594,0.0,0.0,9.607299929484725,594.1602769307792,2939.408751903102,122000,122000,3000.0,,,False,False,ok
BNCI2014_001,resampled_spectral_raw_power_s1,resampled,spectral,raw_power,1,6398,245,500,500,1.0,22,253,0.0003198545748571127,0.017884478601768426,5.382854899661474,0.768715121401468,23.128487859853195,23.128487859853195,0.00019334321727310205,0.5800296518193061,0.00020485620365934547,9.61561500330198e-05,0.0007823174995159047,4.7328099231662294e-05,188.240737610482,5.716247880429664,0.03017952124818757,0.09236224807369398,0.1459989447547685,36288,6028417c63c3b1e8fdd0269a345be7369edf2c08c043501b123cb6b2ee282b08,three_row_sha256,e1334960a48ded7f477eaf7720bcbd8ce1b870b63cc52492291e12f2425733c2,944f93c6fa033d604d9e90219484c40564bfebf4e3306a041f5ec522a76c0b9b,0f2cf9a67445117338a1c28f1312c232b1cbb8285fc218b4057ed38b092a75be,0.23309490643441677,0.2248510718345642,0.23219198919832706,0.5792761221528053,0.13762782327830791,3.7388599012047052,0.08107791654765606,5.226979730650783,0.0,0.0,12.068491894751787,599.38725666143,2951.4772437978536,122500,122500,3000.0,,,False,False,ok
BNCI2014_001,resampled_spectral_raw_power_s1,resampled,spectral,raw_power,1,6398,246,500,500,1.0,22,253,0.0003171222703605605,0.017807927177539797,5.381127638434232,0.7684684545585488,23.153154544145117,23.153154544145117,0.00018269737988087372,0.5480921396426212,0.00021271190294755554,9.304151936180648e-05,0.0006225128118825995,5.056279162129684e-05,188.24073761048203,5.716247880429664,0.03017952124818757,0.09236224807369398,0.1459989447547685,36533,bcbe69187c701980d1c13a8309e97efca4312e772f1d095eceb7e297db2b17a1,three_row_sha256,7d7986eafa75f6cefbd791a4e8797fa0618c85e8813a09f978215d75ecc84b72,944f93c6fa033d604d9e90219484c40564bfebf4e3306a041f5ec522a76c0b9b,0f2cf9a67445117338a1c28f1312c232b1cbb8285fc218b4057ed38b092a75be,0.23033004254102707,0.23009907454252243,0.22513302974402905,0.571942888200283,0.13558613136410713,0.6821348797529936,0.060341088101267815,2.13556713424623,0.0,0.0,9.283023187890649,601.5228237956762,2960.7602669857442,123000,123000,3000.0,,,False,False,ok
BNCI2014_001,resampled_spectral_raw_power_s1,resampled,spectral,raw_power,1,6398,247,500,500,1.0,22,253,0.00030279885772469244,0.017401116565459025,5.3778913301015665,0.7680062836103789,23.199371638962102,23.199371638962102,0.000179391580803704,0.538174742411112,0.00020402264073514397,8.769522233446645e-05,0.0005926063218346406,4.6925628964013645e-05,188.24073761048203,5.716247880429664,0.03017952124818757,0.09236224807369398,0.1459989447547685,36779,f25553851e5a37543392ecf8e6640c9e91f47b02990c552c9a97752f2802b6b4,three_row_sha256,8ec568d686a1c82f10479d68046a6b8072fbced18f1ce8f9e429444295010d15,944f93c6fa033d604d9e90219484c40564bfebf4e3306a041f5ec522a76c0b9b,0f2cf9a67445117338a1c28f1312c232b1cbb8285fc218b4057ed38b092a75be,0.23907609283924103,0.22429483942687511,0.22711604833602905,0.58335205540061,0.1356180291622877,0.6682719103991985,0.05940091796219349,2.137129893526435,0.0,0.0,9.943753946572542,603.6599536892027,2970.704020932317,123500,123500,3000.0,,,False,False,ok
BNCI2014_001,resampled_spectral_raw_power_s1,resampled,spectral,raw_power,1,6398,248,500,500,1.0,22,253,0.0003071190910729498,0.017524813581688958,5.377260652375306,0.7679162177412548,23.20837822587452,23.20837822587452,0.0001808083119503749,0.5424249358511247,0.00020453992521313717,8.942331427609346e-05,0.0005672542343662529,4.495460485433921e-05,188.24073761048203,5.716247880429664,0.03017952124818757,0.09236224807369398,0.1459989447547685,37026,d548aa8b4cbbc9f2275b5d736625f0ff0e90d3491bc59b67df8c726ec7bfbfff,three_row_sha256,dd54321bfebe339f27ae52b74224c71410e2ce2aca6f8e2cd126d05ee349aaff,944f93c6fa033d604d9e90219484c40564bfebf4e3306a041f5ec522a76c0b9b,0f2cf9a67445117338a1c28f1312c232b1cbb8285fc218b4057ed38b092a75be,0.2155550755560398,0.22940593771636486,0.22373790852725506,0.5484959110617638,0.13050995767116547,0.6476249545812607,0.057773198932409286,2.053102944046259,0.0,0.0,9.03669884428382,605.7130566332489,2979.7407197766006,124000,124000,3000.0,,,False,False,ok
BNCI2014_001,resampled_spectral_raw_power_s1,resampled,spectral,raw_power,1,6398,249,500,500,1.0,22,253,0.0003108335561403821,0.01763047237428374,5.374445258371613,0.7675141567562042,23.24858432437958,23.24858432437958,0.00018300165892979966,0.549004976789399,0.0002046599339763396,9.186594599792878e-05,0.0006005906068758152,6.133391280435584e-05,188.24073761048203,5.716247880429664,0.03017952124818757,0.09236224807369398,0.1459989447547685,37274,4c3848fa3acc00136bad9252bba78e330cb546c8e33d9dc429f303adbc269066,three_row_sha256,bd400c772ff7d6da05cb11e7d74c45562c23e46766125809acf4843bc11e33bb,944f93c6fa033d604d9e90219484c40564bfebf4e3306a041f5ec522a76c0b9b,0f2cf9a67445117338a1c28f1312c232b1cbb8285fc218b4057ed38b092a75be,0.239567831158638,0.22604712285101414,0.23261294700205326,0.5823539104312658,0.1359118614345789,0.6350339390337467,0.06135995499789715,2.112887566909194,0.0,0.0,9.225834161043167,607.8259442001581,2988.9665539376438,124500,124500,3000.0,,,False,False,ok
BNCI2014_001,resampled_spectral_raw_power_s1,resampled,spectral,raw_power,1,6398,250,500,500,1.0,22,253,0.0003174631923559098,0.01781749680386978,5.374323900382269,0.7674968258559198,23.25031741440802,23.25031741440802,0.00018637719552707638,0.5591315865812291,0.0002070752988633955,9.574069080295844e-05,0.0006671821531415331,4.2729252932307176e-05,188.24073761048203,5.716247880429664,0.03017952124818757,0.09236224807369398,0.1459989447547685,37523,d5f91d8a1aec9c5fce557e71c6db7304ecbada9e8b54f31e4cbf19f88c5f4c5a,three_row_sha256,3d2f77b4b63fe2a03f790bd25b521ccb9d4cdb061f3c05970e7be6251aea3602,944f93c6fa033d604d9e90219484c40564bfebf4e3306a041f5ec522a76c0b9b,0f2cf9a67445117338a1c28f1312c232b1cbb8285fc218b4057ed38b092a75be,0.229652039706707,0.22556306794285774,0.22826716303825378,0.5672830156981945,0.1344869378954172,0.6554261781275272,0.09073386900126934,2.131412271410227,0.0,0.0,13.158933026716113,609.9573564715683,3002.12548696436,125000,125000,3000.0,,,False,False,ok
BNCI2014_001,resampled_spectral_raw_power_s1,resampled,spectral,raw_power,1,6398,251,500,500,1.0,22,253,0.0002938881763475777,0.017143167045431767,5.3749204356732845,0.7675820159097483,23.24179840902517,23.24179840902517,0.0001833764953650245,0.5501294860950735,0.000191625624430157,8.616846644681748e-05,0.0007021492930736769,5.7704504347455335e-05,188.24073761048203,5.716247880429664,0.03017952124818757,0.09236224807369398,0.1459989447547685,37773,5efbc8f762154d4212fe02cfb584f4792fe2c793eec752cf6bcb6e7a5057b7f9,three_row_sha256,4771c7ec2cb4683062d52e3f2574c44afb9eb804920ec42d6b62e5b1d16712f3,944f93c6fa033d604d9e90219484c40564bfebf4e3306a041f5ec522a76c0b9b,0f2cf9a67445117338a1c28f1312c232b1cbb8285fc218b4057ed38b092a75be,0.2592070959508419,0.22742105647921562,0.23768097162246704,0.5813990719616413,0.13757194392383099,0.6957130972296,0.08866912685334682,2.2276623640209436,0.0,0.0,12.745843036100268,612.1850188355893,3014.87133000046,125500,125500,3000.0,,,False,False,ok
BNCI2014_001,resampled_spectral_raw_power_s1,resampled,spectral,raw_power,1,6398,252,500,500,1.0,22,253,0.00031758763722601884,0.017820988671395838,5.373838581345018,0.7674275183806872,23.25724816193128,23.25724816193128,0.00018850491242858916,0.5655147372857675,0.0002019011000443294,9.77372221069207e-05,0.0006712917575093638,4.415360409623514e-05,188.240737610482,5.716247880429664,0.03017952124818757,0.09236224807369398,0.1459989447547685,38024,bb63548e28619d31c74feefa2948514183ac0d248ed980a0ec97c7b8a2a368e6,three_row_sha256,e300b70416a54fd2a9429adf4781c572a7e1c5fd25e3fd01c5c63c6a0a69c40c,944f93c6fa033d604d9e90219484c40564bfebf4e3306a041f5ec522a76c0b9b,0f2cf9a67445117338a1c28f1312c232b1cbb8285fc218b4057ed38b092a75be,0.2270280383527279,0.22435886785387993,0.22698496468365192,0.563938869163394,0.14212890528142452,0.5565059836953878,0.059927115216851234,2.0008727442473173,0.0,0.0,12.72158813662827,614.1858915798366,3027.5929181370884,126000,126000,3000.0,,,False,False,ok
BNCI2014_001,resampled_spectral_raw_power_s1,resampled,spectral,raw_power,1,6398,253,500,500,1.0,22,253,0.0003067775840710982,0.017515067344178216,5.3713570476239685,0.7670731353383804,23.292686466161964,23.292686466161964,0.0001850011743906565,0.5550035231719694,0.00020107016139440435,9.068663794709693e-05,0.0007145862011820325,5.359131221141423e-05,188.24073761048206,5.716247880429664,0.03017952124818757,0.09236224807369398,0.1459989447547685,38276,7da71afcec33af91ada643514c89629aacb61c60a32d5d2d04d58ccf13996f7c,three_row_sha256,5a3e03b9c30842c86a155136bfdafb2037316448570274950a527d226754e4f4,944f93c6fa033d604d9e90219484c40564bfebf4e3306a041f5ec522a76c0b9b,0f2cf9a67445117338a1c28f1312c232b1cbb8285fc218b4057ed38b092a75be,0.21670013666152954,0.22262288257479668,0.22123591043055058,0.5409941077232361,0.13082800433039665,0.8900829125195742,0.06515881977975368,2.2876227740198374,0.0,0.0,12.132507981732488,616.4735143538564,3039.725426118821,126500,126500,3000.0,,,False,False,ok
BNCI2014_001,resampled_spectral_raw_power_s1,resampled,spectral,raw_power,1,6398,254,500,500,1.0,22,253,0.0003035374992247712,0.017422327606401253,5.36994117451364,0.7668709372315795,23.31290627684205,23.31290627684205,0.00018276470417299148,0.5482941125189744,0.0002002718795424325,8.844994615490488e-05,0.0006706132238408206,6.453419265882982e-05,188.240737610482,5.716247880429664,0.03017952124818757,0.09236224807369398,0.1459989447547685,38529,64619ae785b4d3e675ced4e693c38d98e67940ab075c238b0680d1325c8597db,three_row_sha256,9243bb1eabf428954a9e85988dd0221c35c22e681b1ae86b58aeda9b46ab27b9,944f93c6fa033d604d9e90219484c40564bfebf4e3306a041f5ec522a76c0b9b,0f2cf9a67445117338a1c28f1312c232b1cbb8285fc218b4057ed38b092a75be,0.22894609719514847,0.2225490752607584,0.22302917204797268,0.5901879630982876,0.1359598245471716,1.1006109416484833,0.06028381176292896,2.561566885560751,0.0,0.0,13.094739988446236,619.0350812394172,3052.820166107267,127000,127000,3000.0,,,False,False,ok
BNCI2014_001,resampled_spectral_raw_power_s1,resampled,spectral,raw_power,1,6398,255,500,500,1.0,22,253,0.0002977917877786427,0.017256644742783652,5.368869146514775,0.7667178429816592,23.32821570183408,23.32821570183408,0.00017936638367958716,0.5380991510387615,0.00019971443938504655,8.49666617829445e-05,0.0006294458440608646,5.372355755660226e-05,188.240737610482,5.716247880429664,0.03017952124818757,0.09236224807369398,0.1459989447547685,38783,be7c2d8a734ccecfa424c6e3ed00fd6b768d2909a6855635f6e3d57103e4e9ed,three_row_sha256,9f4b51c687458d61be0f3ec2e9424c86e581540d9ef11f39a0343e01879f8c7d,944f93c6fa033d604d9e90219484c40564bfebf4e3306a041f5ec522a76c0b9b,0f2cf9a67445117338a1c28f1312c232b1cbb8285fc218b4057ed38b092a75be,0.25640102103352547,0.22699707187712193,0.23977993987500668,0.5897299852222204,0.1391309779137373,0.5994229577481747,0.0631378497928381,2.1145998034626245,0.0,0.0,13.6757951695472,621.1496810428798,3066.4959612768143,127500,127500,3000.0,,,False,False,ok
BNCI2014_001,resampled_spectral_raw_power_s1,resampled,spectral,raw_power,1,6398,256,500,500,1.0,22,253,0.00030748783100588634,0.017535330935168757,5.367736477701807,0.7665560887340902,23.344391126590985,23.344391126590985,0.00018769637379899938,0.5630891213969981,0.00020051475201587104,8.98877455559407e-05,0.0007712906850763695,4.7355477411531325e-05,188.24073761048203,5.716247880429664,0.03017952124818757,0.09236224807369398,0.1459989447547685,39038,e4d91e7bf506cb3d36c2e10c9410b2fedf85a2ace770c82ec6767957f70aedeb,three_row_sha256,b545f3611cd7cdf88136d0ae1a35539dea8286611a37d0698775c6acef70647d,944f93c6fa033d604d9e90219484c40564bfebf4e3306a041f5ec522a76c0b9b,0f2cf9a67445117338a1c28f1312c232b1cbb8285fc218b4057ed38b092a75be,0.23106904700398445,0.22440706379711628,0.22705504670739174,0.5700530018657446,0.1343779731541872,0.8406590204685926,0.059385085478425026,2.287006238475442,0.0,0.0,14.28426313214004,623.4366872813553,3080.7802244089544,128000,128000,3000.0,,,False,False,ok
BNCI2014_001,resampled_spectral_raw_power_s1,resampled,spectral,raw_power,1,6398,257,500,500,1.0,22,253,0.0003183138035873622,0.017841350946252985,5.36421774249858,0.7660535849495096,23.394641505049044,23.394641505049044,0.00019569838415253398,0.5870951524576019,0.00020191866644852808,9.673896706585558e-05,0.0009260144900202888,3.578531992465004e-05,188.24073761048206,5.716247880429664,0.03017952124818757,0.09236224807369398,0.1459989447547685,39294,46784e766a128f352552a4dbc369aad0a4e777e606efbf64d932b63115069a30,three_row_sha256,d4f8dac2b8c740ad48c0ecf88afbcfe3177969320ff53a44a546ed3851d77cba,944f93c6fa033d604d9e90219484c40564bfebf4e3306a041f5ec522a76c0b9b,0f2cf9a67445117338a1c28f1312c232b1cbb8285fc218b4057ed38b092a75be,0.2287889365106821,0.22337189875543118,0.224035931751132,0.5596219561994076,0.13382802717387676,0.5747650284320116,0.06063003093004227,2.0050418097525835,0.0,0.0,12.834407156333327,625.4417290911078,3093.6146315652877,128500,128500,3000.0,,,False,False,ok
BNCI2014_001,resampled_spectral_raw_power_s1,resampled,spectral,raw_power,1,6398,258,500,500,1.0,22,253,0.000308164210039232,0.01755460651906593,5.3614905636944075,0.7656641218068815,23.43358781931185,23.43358781931185,0.00018712770788157333,0.5613831236447201,0.0002020128653597626,9.03233551704802e-05,0.0007033750472136249,5.244839808853247e-05,188.240737610482,5.716247880429665,0.03017952124818757,0.09236224807369398,0.1459989447547685,39551,3689c7f238be41fd87d1bbdccdf1f158484d79beac533b184afd708715b42955,three_row_sha256,6a2425f358d112756f94d7b30ad20f22fcde73b3bcbe977ac2bc209507e66dc2,944f93c6fa033d604d9e90219484c40564bfebf4e3306a041f5ec522a76c0b9b,0f2cf9a67445117338a1c28f1312c232b1cbb8285fc218b4057ed38b092a75be,0.24428986944258213,0.22545317187905312,0.23571099154651165,0.5832219030708075,0.1343809999525547,0.611916882917285,0.06157904863357544,2.0965528674423695,0.0,0.0,13.193638995289803,627.5382819585502,3106.8082705605775,129000,129000,3000.0,,,False,False,ok
BNCI2014_001,resampled_spectral_raw_power_s1,resampled,spectral,raw_power,1,6398,259,500,500,1.0,22,253,0.0003021637693777086,0.017382858492713694,5.361072953242942,0.7656044836641337,23.439551633586625,23.439551633586625,0.00018357455208337222,0.5507236562501168,0.00019747078877480802,8.868366729695877e-05,0.0007176223874344044,4.4371395963442874e-05,188.240737610482,5.716247880429664,0.03017952124818757,0.09236224807369398,0.1459989447547685,39809,6ef474ddcd8ac56651b826276fc67b317dd210f2a41cfffaaf6cbfc3a11a301b,three_row_sha256,9cc6f29ee3bd9065767f5a6276ef95ccc97c40b28a9b00d0b22acb207f7a73f8,944f93c6fa033d604d9e90219484c40564bfebf4e3306a041f5ec522a76c0b9b,0f2cf9a67445117338a1c28f1312c232b1cbb8285fc218b4057ed38b092a75be,0.2503921277821064,0.22885994985699654,0.23998809047043324,0.5986969918012619,0.14109397307038307,0.6183609366416931,0.0633129384368658,2.14070500805974,0.0,0.0,10.861682938411832,629.67898696661,3117.6699534989893,129500,129500,3000.0,,,False,False,ok
BNCI2014_001,resampled_spectral_raw_power_s1,resampled,spectral,raw_power,1,6398,260,500,500,1.0,22,253,0.00032861107363405277,0.018127632874538606,5.357160673642633,0.7650457785635936,23.495422143640646,23.495422143640646,0.00019154379465180456,0.5746313839554137,0.0002119509370926637,9.903737845680898e-05,0.0007121468603189462,3.921098016440894e-05,188.240737610482,5.716247880429664,0.03017952124818757,0.09236224807369398,0.1459989447547685,40068,a26d528a72c8f9f5da497ab11f459190549a05414253269edefdc9245e731923,three_row_sha256,0c58165a0d56c3c09ece3fa4fb7994c5c9e92cb149853ffe8d5300b1c3e73771,944f93c6fa033d604d9e90219484c40564bfebf4e3306a041f5ec522a76c0b9b,0f2cf9a67445117338a1c28f1312c232b1cbb8285fc218b4057ed38b092a75be,0.37264986895024776,0.25052204728126526,0.25397492572665215,0.9773289784789085,0.24055992253124714,0.7905901875346899,0.106496037915349,2.9921219684183598,0.0,0.0,10.114263044670224,632.6711089350283,3127.7842165436596,130000,130000,3000.0,,,False,False,ok
BNCI2014_001,resampled_spectral_raw_power_s1,resampled,spectral,raw_power,1,6398,261,500,500,1.0,22,253,0.0002983915154520074,0.017274012720037212,5.35642242845401,0.7649403511927328,23.505964880726715,23.505964880726715,0.00017858221546092717,0.5357466463827815,0.00020026177281158147,8.534381529992137e-05,0.0005804409917387705,4.598616270801071e-05,188.240737610482,5.716247880429664,0.03017952124818757,0.09236224807369398,0.1459989447547685,40328,8e61649e6d30adb8e7bf7449f09b27a1c6511d105f1122c2346c32b182669cd0,three_row_sha256,7f9398cb16bbb4594050bb61b03f8d3f689af84badc67acbea23e39c06c0e1ac,944f93c6fa033d604d9e90219484c40564bfebf4e3306a041f5ec522a76c0b9b,0f2cf9a67445117338a1c28f1312c232b1cbb8285fc218b4057ed38b092a75be,0.22252090275287628,0.22094091400504112,0.2209970261901617,0.6042360328137875,0.20072795450687408,0.6084269843995571,0.09020883589982986,2.1680586505681276,0.0,0.0,11.763886082917452,634.8391675855964,3139.548102626577,130500,130500,3000.0,,,False,False,ok
BNCI2014_001,resampled_spectral_raw_power_s1,resampled,spectral,raw_power,1,6398,262,500,500,1.0,22,253,0.00032757135626756853,0.018098932462097553,5.357184567324898,0.7650491907742524,23.49508092257476,23.49508092257476,0.0001931816065695929,0.5795448197087787,0.00021163395050786344,9.815467549304431e-05,0.000765622818285863,4.8146627141859877e-05,188.240737610482,5.716247880429665,0.03017952124818757,0.09236224807369398,0.1459989447547685,40589,4b10c850777ef10c829813f41a3282a88405d73b86008958d944b8b770d81520,three_row_sha256,0aa9f0bab4240a544e4e4f9e45b972dac3e983b25c17d36f091cd7fe94ba0140,944f93c6fa033d604d9e90219484c40564bfebf4e3306a041f5ec522a76c0b9b,0f2cf9a67445117338a1c28f1312c232b1cbb8285fc218b4057ed38b092a75be,0.22031692788004875,0.2295258454978466,0.225418945774436,0.5529359914362431,0.13394607231020927,0.727976905182004,0.05784700624644756,2.147967694327235,0.0,0.0,12.54843594506383,636.9871352799237,3152.096538571641,131000,131000,3000.0,,,False,False,ok
BNCI2014_001,resampled_spectral_raw_power_s1,resampled,spectral,raw_power,1,6398,263,500,500,1.0,22,253,0.00031814827481034205,0.01783671143485654,5.35980892955202,0.7654239708799079,23.457602912009207,23.457602912009207,0.00018965350834053516,0.5689605250216055,0.0002091854149306505,9.23522082016965e-05,0.0007640930381858955,3.441041413743452e-05,188.240737610482,5.716247880429664,0.03017952124818757,0.09236224807369398,0.1459989447547685,40851,acd98f79c538321c95c5a43ce10d3907fb79ea8855bb0fb784a0eba6ba1b22a4,three_row_sha256,b043ef663f034413862f7339d28e4a30ca1f6db1a5bf0c29f759fea5a380e99f,944f93c6fa033d604d9e90219484c40564bfebf4e3306a041f5ec522a76c0b9b,0f2cf9a67445117338a1c28f1312c232b1cbb8285fc218b4057ed38b092a75be,0.5862179677933455,0.25154207833111286,0.28212089091539383,0.7925129029899836,0.14488794840872288,0.7132801692932844,0.10688486509025097,2.877446822822094,0.0,0.0,13.049682835116982,639.8645821027458,3165.146221406758,131500,131500,3000.0,,,False,False,ok
BNCI2014_001,resampled_spectral_raw_power_s1,resampled,spectral,raw_power,1,6398,264,500,500,1.0,22,253,0.0002934000672633138,0.017128924871786723,5.36039610759862,0.7655078246437174,23.449217535628268,23.449217535628268,0.00017526205593317625,0.5257861677995287,0.00019808532653885124,8.54413956822977e-05,0.0005445754481254433,4.3815091722386305e-05,188.240737610482,5.716247880429664,0.03017952124818757,0.09236224807369398,0.1459989447547685,41114,9bce85679181ad182478463f9c585243d24ade691cbb9d90e2a53ac658e4b49a,three_row_sha256,5a6490f3f5c2ea05aa4fbe901e0a8c0611f6a59c3caac29305d28e08c909c173,944f93c6fa033d604d9e90219484c40564bfebf4e3306a041f5ec522a76c0b9b,0f2cf9a67445117338a1c28f1312c232b1cbb8285fc218b4057ed38b092a75be,0.23275497369468212,0.22373790852725506,0.22663502022624016,0.5674269050359726,0.15312503091990948,0.9360599797219038,0.06225192919373512,2.4019917473196983,0.0,0.0,12.537068920210004,642.2665738500655,3177.683290326968,132000,132000,3000.0,,,False,False,ok
BNCI2014_001,resampled_spectral_raw_power_s1,resampled,spectral,raw_power,1,6398,265,500,500,1.0,22,253,0.0003030322586336354,0.017407821765908434,5.360779086963104,0.7655625171877578,23.443748281224217,23.443748281224217,0.00018153956505411958,0.5446186951623587,0.00019981607945555768,8.969633858157761e-05,0.0006192593170431019,3.801822067459311e-05,188.24073761048206,5.716247880429664,0.03017952124818757,0.09236224807369398,0.1459989447547685,41378,7b56b06e510e4f8c1721f01e923cdf0a86a6f9280036003324ed98f4304b7c83,three_row_sha256,97607af4c2b698216e202cd0897effa7cd3bbac56b00d80e9db509732f28bd35,944f93c6fa033d604d9e90219484c40564bfebf4e3306a041f5ec522a76c0b9b,0f2cf9a67445117338a1c28f1312c232b1cbb8285fc218b4057ed38b092a75be,0.21906406618654728,0.22369506768882275,0.2222128678113222,0.5662632174789906,0.1334270928055048,0.683740945532918,0.0595219898968935,2.107925247400999,0.0,0.0,12.530623003840446,644.3744990974665,3190.2139133308083,132500,132500,3000.0,,,False,False,ok
BNCI2014_001,resampled_spectral_raw_power_s1,resampled,spectral,raw_power,1,6398,266,500,500,1.0,22,253,0.0003025148970129549,0.01739295538466522,5.359098505538424,0.7653225165973686,23.467748340263135,23.467748340263135,0.0001827712099211041,0.5483136297633122,0.0002011813564145,8.66726369561137e-05,0.0006604177117400952,4.9228281327534467e-05,188.240737610482,5.716247880429664,0.03017952124818757,0.09236224807369398,0.1459989447547685,41643,67cb61a70a78eccb6a9cb5a16f89b959e44eb90db268e1093f3fddcdee3ba026,three_row_sha256,ccc7be2842d7ce5c611f23a88ebc46ac16e8916dcf40f6125b93f8332b9dca33,944f93c6fa033d604d9e90219484c40564bfebf4e3306a041f5ec522a76c0b9b,0f2cf9a67445117338a1c28f1312c232b1cbb8285fc218b4057ed38b092a75be,0.2365389373153448,0.2258399035781622,0.23597804829478264,0.5809830036014318,0.13646716251969337,0.7048121187835932,0.06256601773202419,2.1831851918250322,0.0,0.0,10.09477791376412,646.5576842892915,3200.3086912445724,133000,133000,3000.0,,,False,False,ok
BNCI2014_001,resampled_spectral_raw_power_s1,resampled,spectral,raw_power,1,6398,267,500,500,1.0,22,253,0.00029689147996065794,0.017230539166278515,5.358252677600837,0.7652017255417212,23.479827445827876,23.479827445827876,0.00017671176767918988,0.5301353030375696,0.0001983146334859418,8.738929777088759e-05,0.0005320953438267533,4.827070821802456e-05,188.24073761048203,5.716247880429664,0.03017952124818757,0.09236224807369398,0.1459989447547685,41909,9cf004c91aa70662c1285bf6463c19003857e465893dd19296c0003a0c16ab2f,three_row_sha256,cf6d68340da2d6a9330bce3c7c890ca65342aa0da4f24a318be97da9188d2fa8,944f93c6fa033d604d9e90219484c40564bfebf4e3306a041f5ec522a76c0b9b,0f2cf9a67445117338a1c28f1312c232b1cbb8285fc218b4057ed38b092a75be,0.23229187354445457,0.22721197456121445,0.23096916265785694,0.5732518620789051,0.13413303531706333,0.5932000931352377,0.061235856264829636,2.0522938575595617,0.0,0.0,12.884701136499643,648.6099781468511,3213.193392381072,133500,133500,3000.0,,,False,False,ok
BNCI2014_001,resampled_spectral_raw_power_s1,resampled,spectral,raw_power,1,6398,268,500,500,1.0,22,253,0.00031612510973207727,0.017779907472539817,5.3577416552289625,0.7651287474228685,23.48712525771315,23.48712525771315,0.0001926193713508238,0.5778581140524714,0.0002037964182928866,9.472782191624392e-05,0.0009099467456676055,4.5713820209751356e-05,188.24073761048206,5.716247880429664,0.03017952124818757,0.09236224807369398,0.1459989447547685,42176,bcc6b4af54fd03a6604983d87819773f312813291a28baf91afd9101498819f3,three_row_sha256,ef59a85570e3078615aff1f6f12d6636f0f24189e93beadc14ca2f449f9a6479,944f93c6fa033d604d9e90219484c40564bfebf4e3306a041f5ec522a76c0b9b,0f2cf9a67445117338a1c28f1312c232b1cbb8285fc218b4057ed38b092a75be,0.2513010986149311,0.22847694344818592,0.23759505711495876,0.5870440509170294,0.1466250978410244,0.622201943770051,0.06356416270136833,2.136808354407549,0.0,0.0,11.949576903134584,650.7467865012586,3225.1429692842066,134000,134000,3000.0,,,False,False,ok
BNCI2014_001,resampled_spectral_raw_power_s1,resampled,spectral,raw_power,1,6398,269,500,500,1.0,22,253,0.0003082238237905979,0.017556304388754426,5.353409012690999,0.7645100111023392,23.54899888976609,23.54899888976609,0.00018393408156474695,0.5518022446942409,0.00020162568622705972,9.149339726622701e-05,0.0005975815954960655,4.970544577934257e-05,188.24073761048203,5.716247880429664,0.03017952124818757,0.09236224807369398,0.1459989447547685,42444,f6d0b26c8d6b0f41d3af0d7968a3961700be20dbf960faf77fbf06a1191c4b02,three_row_sha256,81358c1f1734e5d85fddf1ec082d40fd80d3d00c9c15e2a8709184e12049eab8,944f93c6fa033d604d9e90219484c40564bfebf4e3306a041f5ec522a76c0b9b,0f2cf9a67445117338a1c28f1312c232b1cbb8285fc218b4057ed38b092a75be,0.2228009980171919,0.2217849250882864,0.22273696959018707,0.5570040084421635,0.13380195014178753,1.000456977635622,0.0603219959884882,2.4189078249037266,0.0,0.0,12.910406105220318,653.1656943261623,3238.053375389427,134500,134500,3000.0,,,False,False,ok
BNCI2014_001,resampled_spectral_raw_power_s1,resampled,spectral,raw_power,1,6398,270,500,500,1.0,22,253,0.0003024178666109555,0.017390165801709757,5.350725383573659,0.7641267672064537,23.58732327935463,23.58732327935463,0.0001769132270595503,0.5307396811786509,0.0002021674225104026,9.094575636071864e-05,0.0004974021667517993,4.6322972610391566e-05,188.24073761048203,5.716247880429664,0.03017952124818757,0.09236224807369398,0.1459989447547685,42713,9564d0e7c8256dbbea224e82f912f5818500cb2b3ffe14e35332280f517126ef,three_row_sha256,b0c1e840acefc4d4016aee89fb2d92faa8e2abfeedcf17315470b192f3774c0d,944f93c6fa033d604d9e90219484c40564bfebf4e3306a041f5ec522a76c0b9b,0f2cf9a67445117338a1c28f1312c232b1cbb8285fc218b4057ed38b092a75be,0.21221418865025043,0.22086291573941708,0.2208920195698738,0.5383249372243881,0.13054907321929932,0.8923099376261234,0.057892175391316414,2.2730452474206686,0.0,0.0,11.988834012299776,655.438739573583,3250.0422094017267,135000,135000,3000.0,,,False,False,ok
BNCI2014_001,resampled_spectral_raw_power_s1,resampled,spectral,raw_power,1,6398,271,500,500,1.0,22,253,0.0003079446011421042,0.01754835038236085,5.350518332676563,0.7640971986673673,23.590280133263278,23.590280133263278,0.0001854663096451181,0.5563989289353543,0.00020281723343445345,9.039048491876478e-05,0.000719538838868601,4.16995376080749e-05,188.240737610482,5.716247880429665,0.03017952124818757,0.09236224807369398,0.1459989447547685,42983,07a40f510cb92124c0e91e6ef7ddb1e9dcb610a25610427f26b156fa13d1be9e,three_row_sha256,f370d733cec7883a5f4bd32ef4fef18d902353a815f7ab1071931a3464b30190,944f93c6fa033d604d9e90219484c40564bfebf4e3306a041f5ec522a76c0b9b,0f2cf9a67445117338a1c28f1312c232b1cbb8285fc218b4057ed38b092a75be,0.21662097424268723,0.22181589156389236,0.23104296997189522,0.5632799584418535,0.13399403542280197,0.8550130296498537,0.06171013228595257,2.2834769915789366,0.0,0.0,13.565968023613095,657.722216565162,3263.60817742534,135500,135500,3000.0,,,False,False,ok
BNCI2014_001,resampled_spectral_raw_power_s1,resampled,spectral,raw_power,1,6398,272,500,500,1.0,22,253,0.0003024200613678059,0.017390228904985865,5.351876580780518,0.7642911674582017,23.570883254179826,23.570883254179826,0.00018450973842319804,0.5535292152695941,0.00019943039312189144,8.703133051425452e-05,0.0006972534625267932,4.761138137653176e-05,188.24073761048206,5.716247880429664,0.03017952124818757,0.09236224807369398,0.1459989447547685,43254,d2608f931361e2901b2399316387cca0f8462fe0a86c075550976615e5df0384,three_row_sha256,496593e56e3572e3155c771ee974b25502bd053f9ecda4a3d78ac0e1ec1ee224,944f93c6fa033d604d9e90219484c40564bfebf4e3306a041f5ec522a76c0b9b,0f2cf9a67445117338a1c28f1312c232b1cbb8285fc218b4057ed38b092a75be,0.2754288725554943,0.22945809178054333,0.24843215942382812,0.604456989094615,0.13845786452293396,0.6489020306617022,0.06645615212619305,2.21159216016531,0.0,0.0,12.61154399253428,659.9338087253273,3276.219721417874,136000,136000,3000.0,,,False,False,ok
BNCI2014_001,resampled_spectral_raw_power_s1,resampled,spectral,raw_power,1,6398,273,500,500,1.0,22,253,0.0003038834679458612,0.017432253668010378,5.351860258807973,0.7642888365487976,23.571116345120235,23.571116345120235,0.00017972406612823817,0.5391721983847145,0.0002036153768939272,8.776464730313584e-05,0.0006358314714061946,4.165682799079119e-05,188.24073761048203,5.716247880429664,0.03017952124818757,0.09236224807369398,0.1459989447547685,43526,243fe049e9599e2f5e3d6a57f73095529f57bc74ee79cd6dbd42e28775d65f51,three_row_sha256,331815aa30921fbd8f63ceb985d40770f2229e2818008c5fff592bd992e98d8a,944f93c6fa033d604d9e90219484c40564bfebf4e3306a041f5ec522a76c0b9b,0f2cf9a67445117338a1c28f1312c232b1cbb8285fc218b4057ed38b092a75be,0.24736300110816956,0.22715493105351925,0.23857899941504002,0.59162313118577,0.13788696378469467,0.5665961652994156,0.06329314783215523,2.0724963396787643,0.0,0.0,11.127319885417819,662.006305065006,3287.347041303292,136500,136500,3000.0,,,False,False,ok
BNCI2014_001,resampled_spectral_raw_power_s1,resampled,spectral,raw_power,1,6398,274,500,500,1.0,22,253,0.0003077812429061129,0.017543695246615316,5.351947304970087,0.764301267443244,23.569873255675603,23.569873255675603,0.00018147226666695416,0.5444168000008626,0.00020401122424100303,9.222615307560984e-05,0.0005959995048785182,4.877449590507798e-05,188.24073761048203,5.716247880429664,0.03017952124818757,0.09236224807369398,0.1459989447547685,43799,6acdba01795e0abd406fa2ac5306d1d40c50416602339a0531f4c9e6bebd5daf,three_row_sha256,4285aeeb237685c4aa6ba9e6888214fc18ed7e7d859db3e329ef11931f55d98b,944f93c6fa033d604d9e90219484c40564bfebf4e3306a041f5ec522a76c0b9b,0f2cf9a67445117338a1c28f1312c232b1cbb8285fc218b4057ed38b092a75be,0.35269511863589287,0.24360395036637783,0.24157902225852013,0.9482868481427431,0.2359480131417513,0.7129008881747723,0.0715500209480524,2.80656386166811,0.0,0.0,12.54904200322926,664.8128689266741,3299.896083306521,137000,137000,3000.0,,,False,False,ok
BNCI2014_001,resampled_spectral_raw_power_s1,resampled,spectral,raw_power,1,6398,275,500,500,1.0,22,253,0.0003144791491171237,0.017733559967393002,5.351962945973352,0.7643035011047392,23.56964988952608,23.56964988952608,0.00018653822973530246,0.5596146892059074,0.0002050902186489928,9.383355735207333e-05,0.0006620696446063337,4.358268464956039e-05,188.24073761048206,5.716247880429664,0.03017952124818757,0.09236224807369398,0.1459989447547685,44073,f6bac4ebaf77cf02047bd2340b1c9b9c442c7d2a6d3f378e96b40dd83de804f1,three_row_sha256,d02463617ab11a0759771394980e18c645f3ffa0a635df03b0742aa88c44e1b5,944f93c6fa033d604d9e90219484c40564bfebf4e3306a041f5ec522a76c0b9b,0f2cf9a67445117338a1c28f1312c232b1cbb8285fc218b4057ed38b092a75be,0.23550493642687798,0.22253114730119705,0.22335886023938656,0.5738039035350084,0.13339892029762268,0.8771971333771944,0.09273202158510685,2.358526922762394,0.0,0.0,13.82866082713008,667.1713958494365,3313.7247441336513,137500,137500,3000.0,,,False,False,ok
BNCI2014_001,resampled_spectral_raw_power_s1,resampled,spectral,raw_power,1,6398,276,500,500,1.0,22,253,0.00030625318131928005,0.01750009089460052,5.348649317092112,0.7638302881582258,23.616971184177412,23.616971184177412,0.0001826598090914864,0.5479794272744593,0.0001999834126552753,9.325262419255753e-05,0.0005893428215819781,4.0516074762692866e-05,188.24073761048203,5.716247880429664,0.03017952124818757,0.09236224807369398,0.1459989447547685,44348,d8b5bee97bdacc47f20ef026c12b518f3d5ac8b195430fb8b6a74d04868a18d2,three_row_sha256,ddaff4ed99e925dec4edb78c92f553c8e19d0bdd2e3a89f078ed7c5ad87280c9,944f93c6fa033d604d9e90219484c40564bfebf4e3306a041f5ec522a76c0b9b,0f2cf9a67445117338a1c28f1312c232b1cbb8285fc218b4057ed38b092a75be,0.4170688334852457,0.252910191193223,0.27253013104200363,1.0362188331782818,0.2493129577487707,1.5566768124699593,0.1040289644151926,3.8887467235326767,0.0,0.0,10.780022945255041,671.0601425729692,3324.5047670789063,138000,138000,3000.0,,,False,False,ok
BNCI2014_001,resampled_spectral_raw_power_s1,resampled,spectral,raw_power,1,6398,277,500,500,1.0,22,253,0.0002971262287375722,0.017237349817694488,5.350217268783812,0.7640542043137798,23.594579568622017,23.594579568622017,0.00017621792300198707,0.5286537690059613,0.000199338073985195,8.732058556252025e-05,0.0005312878316492855,4.5575961684148774e-05,188.240737610482,5.716247880429664,0.03017952124818757,0.09236224807369398,0.1459989447547685,44624,ae2ab2b5aacd4ddc2b3a7e23f858748852e811ed0b49fd2c798be496828b2f26,three_row_sha256,8bac16ea2908e4e830f797944dd0797c890554d769cfa09d0c8f354483d147d7,944f93c6fa033d604d9e90219484c40564bfebf4e3306a041f5ec522a76c0b9b,0f2cf9a67445117338a1c28f1312c232b1cbb8285fc218b4057ed38b092a75be,0.24575204588472843,0.2266131341457367,0.2359489444643259,0.6506990175694227,0.16144500114023685,0.596500001847744,0.062278006225824356,2.179236151278019,0.0,0.0,11.631360044702888,673.2393787242472,3336.136127123609,138500,138500,3000.0,,,False,False,ok
BNCI2014_001,resampled_spectral_raw_power_s1,resampled,spectral,raw_power,1,6398,278,500,500,1.0,22,253,0.0003019995570226735,0.01737813445173772,5.347888043813845,0.7637215721903183,23.627842780968162,23.627842780968162,0.0001800257720916712,0.5400773162750137,0.00020313683724442434,8.553450072916459e-05,0.0005998173164935116,4.400421217402712e-05,188.24073761048203,5.716247880429665,0.03017952124818757,0.09236224807369398,0.1459989447547685,44901,42740ea3877193d3130fee8e0be4e30c479b37b794e55e05280275f0dfd89956,three_row_sha256,0b248a22bb5c2e171cb88227ab44617f450b5384e4072aad88690b8ffeb51470,944f93c6fa033d604d9e90219484c40564bfebf4e3306a041f5ec522a76c0b9b,0f2cf9a67445117338a1c28f1312c232b1cbb8285fc218b4057ed38b092a75be,0.26582786813378334,0.2283640205860138,0.2449371386319399,0.6013971287757158,0.13909395784139633,0.5785429384559393,0.065971864387393,2.1241349168121815,0.0,0.0,11.839150916785002,675.3635136410594,3347.975278040394,139000,139000,3000.0,,,False,False,ok
BNCI2014_001,resampled_spectral_raw_power_s1,resampled,spectral,raw_power,1,6398,279,500,500,1.0,22,253,0.0003263420001969669,0.018064938422174787,5.3452231659978455,0.7633410061315946,23.665899386840543,23.665899386840543,0.00018979205991206025,0.5693761797361807,0.0002095876925942863,0.00010017687673750265,0.0006769413537029737,3.739588086002733e-05,188.24073761048203,5.716247880429664,0.03017952124818757,0.09236224807369398,0.1459989447547685,45179,8bc85436d245c75efb7367d5e666bcdea0116c4f99c5ef578e3a92bac584527e,three_row_sha256,2bcca1da8376c0cd6626af03527e995b960ea60a25d6914679a05e21d204445d,944f93c6fa033d604d9e90219484c40564bfebf4e3306a041f5ec522a76c0b9b,0f2cf9a67445117338a1c28f1312c232b1cbb8285fc218b4057ed38b092a75be,0.3835780080407858,0.25127921253442764,0.27112592943012714,1.0104631073772907,0.17503113485872746,0.7217519450932741,0.06453599780797958,2.8777653351426125,0.0,0.0,10.816534981131554,678.241278976202,3358.7918130215257,139500,139500,3000.0,,,False,False,ok
BNCI2014_001,resampled_spectral_raw_power_s1,resampled,spectral,raw_power,1,6398,280,500,500,1.0,22,253,0.0003147178087146444,0.0177402877291955,5.345035947941685,0.7633142698822525,23.66857301177475,23.66857301177475,0.0001878074943318953,0.563422482995686,0.00020259064279167362,9.52542508560474e-05,0.0007029198733404657,5.847616528676142e-05,188.24073761048203,5.716247880429664,0.03017952124818757,0.09236224807369398,0.1459989447547685,45458,4045c0b6e4c096e7f6ce7cc92b279407401d35ddad7061f7f034285d19727e31,three_row_sha256,a1cc07d1bcb3d211e8f42ade030ba2ef7262f0c5cc920805d21d8ac614af964d,944f93c6fa033d604d9e90219484c40564bfebf4e3306a041f5ec522a76c0b9b,0f2cf9a67445117338a1c28f1312c232b1cbb8285fc218b4057ed38b092a75be,0.2561530563980341,0.22841920144855976,0.24255411699414253,0.6069592200219631,0.138159841299057,0.6077371072024107,0.06410898640751839,2.1440915297716856,0.0,0.0,9.197870967909694,680.3853705059737,3367.9896839894354,140000,140000,3000.0,,,False,False,ok
BNCI2014_001,resampled_spectral_raw_power_s1,resampled,spectral,raw_power,1,6398,281,500,500,1.0,22,253,0.0003096169682521749,0.01759593612889564,5.344228034720041,0.7631988933540282,23.680110664597184,23.680110664597184,0.0001849408522657254,0.5548225567971762,0.0002035462789714355,9.115646941090501e-05,0.0006928702732731679,4.8910342825240734e-05,188.240737610482,5.716247880429664,0.03017952124818757,0.09236224807369398,0.1459989447547685,45738,95cdfb71a2bfaf117671c8f36cc39e6b975cb976ea00cd93eff65dd3825c2e06,three_row_sha256,30659ac675c461cca26b628e38be56cd9c921aeda3b263c31dfe30dfe14bdec3,944f93c6fa033d604d9e90219484c40564bfebf4e3306a041f5ec522a76c0b9b,0f2cf9a67445117338a1c28f1312c232b1cbb8285fc218b4057ed38b092a75be,0.24111405946314335,0.22688508033752441,0.23617898114025593,0.5928520113229752,0.13795983977615833,0.5961810238659382,0.06869807839393616,2.0998690742999315,0.0,0.0,11.544806882739067,682.4852395802736,3379.5344908721745,140500,140500,3000.0,,,False,False,ok
BNCI2014_001,resampled_spectral_raw_power_s1,resampled,spectral,raw_power,1,6398,282,500,500,1.0,22,253,0.0003231958459200934,0.017977648509193114,5.344492469720631,0.7632366568062056,23.67633431937944,23.67633431937944,0.00018897108828613637,0.5669132648584091,0.00021117325339101208,9.578985343643369e-05,0.0007875973401028297,6.54031831358303e-05,188.24073761048206,5.716247880429664,0.03017952124818757,0.09236224807369398,0.1459989447547685,46019,86cc852c3c2f927979c6bba5fdb479c8c1d50e306bc93cf5e4d6c63b0822db0e,three_row_sha256,84443907770467853c8551151fe0479d33e4ad4aa508a048089ff213728b4aea,944f93c6fa033d604d9e90219484c40564bfebf4e3306a041f5ec522a76c0b9b,0f2cf9a67445117338a1c28f1312c232b1cbb8285fc218b4057ed38b092a75be,0.2519278787076473,0.23078196682035923,0.24500000290572643,0.9312739130109549,0.24704192765057087,0.6131180562078953,0.1102229580283165,2.6293667033314705,0.0,0.0,11.109490878880024,685.1146062836051,3390.6439817510545,141000,141000,3000.0,,,False,False,ok
BNCI2014_001,resampled_spectral_raw_power_s1,resampled,spectral,raw_power,1,6398,283,500,500,1.0,22,253,0.0003055219262013382,0.017479185513099234,5.3442163842692505,0.7631972295756316,23.68027704243684,23.68027704243684,0.00018282703399780334,0.54848110199341,0.0002020388414083133,8.97731945332347e-05,0.0006944166304820563,4.15896030761577e-05,188.24073761048206,5.716247880429664,0.03017952124818757,0.09236224807369398,0.1459989447547685,46301,59da33635d51481a08f354fde15c8437d6ff85bf06d71292fce406e58cba1fad,three_row_sha256,0ec5b6d53cc4a76138c539ccbd62867b1b3fc17bb5858515548964d031507688,944f93c6fa033d604d9e90219484c40564bfebf4e3306a041f5ec522a76c0b9b,0f2cf9a67445117338a1c28f1312c232b1cbb8285fc218b4057ed38b092a75be,0.23550796322524548,0.2245351206511259,0.2295409794896841,0.5684250500053167,0.1352389808744192,0.96647790633142,0.06016390398144722,2.4198899045586586,0.0,0.0,12.982185930013657,687.5344961881638,3403.626167681068,141500,141500,3000.0,,,False,False,ok
BNCI2014_001,resampled_spectral_raw_power_s1,resampled,spectral,raw_power,1,6398,284,500,500,1.0,22,253,0.0003227167270438053,0.017964318162507736,5.34427356589884,0.763205395573815,23.679460442618506,23.679460442618506,0.00019102996508925632,0.573089895267769,0.00020909183742200645,9.590567883303072e-05,0.0007466182570654371,4.282576692897505e-05,188.240737610482,5.716247880429664,0.03017952124818757,0.09236224807369398,0.1459989447547685,46584,3281b8d315e7689310aa26d3b8c937f93f20d79a4484004e7264abbfc91b06bd,three_row_sha256,a508127d4509ffc2f002a194093711714a0a69e1992ae1d3b470f0c64b05f468,944f93c6fa033d604d9e90219484c40564bfebf4e3306a041f5ec522a76c0b9b,0f2cf9a67445117338a1c28f1312c232b1cbb8285fc218b4057ed38b092a75be,0.23507117293775082,0.22428506053984165,0.23324019275605679,0.5779359489679337,0.13539381325244904,0.9935072157531977,0.06285589188337326,2.462289296090603,0.0,0.0,11.04326406493783,689.9967854842544,3414.669431746006,142000,142000,3000.0,,,False,False,ok
BNCI2014_001,resampled_spectral_raw_power_s1,resampled,spectral,raw_power,1,6398,285,500,500,1.0,22,253,0.00030145983052634856,0.017362598610989904,5.3423568404820445,0.762931671715578,23.706832828442202,23.706832828442202,0.00018066035431467742,0.5419810629440323,0.00019782772279347606,8.969277124921818e-05,0.0006033614052687434,4.010611373231778e-05,188.24073761048203,5.716247880429665,0.03017952124818757,0.09236224807369398,0.1459989447547685,46868,773ad1df9fc76c4ef6be2f826730e49d5fc33bb57fedd090534c476dc3f892a1,three_row_sha256,b66d3c6c47b02584333a16626b908d974be076d434e4493039a0b9ab44f7249a,944f93c6fa033d604d9e90219484c40564bfebf4e3306a041f5ec522a76c0b9b,0f2cf9a67445117338a1c28f1312c232b1cbb8285fc218b4057ed38b092a75be,0.38047810085117817,0.24858815595507622,0.2512980718165636,0.9835308883339167,0.23894011974334717,1.06866005808115,0.06473087705671787,3.2362262718379498,0.0,0.0,10.408727917820215,693.2330117560923,3425.078159663826,142500,142500,3000.0,,,False,False,ok
BNCI2014_001,resampled_spectral_raw_power_s1,resampled,spectral,raw_power,1,6398,286,500,500,1.0,22,253,0.00031216980865416804,0.01766832783978631,5.339923102576762,0.7625841143014934,23.74158856985066,23.74158856985066,0.00018334582141985606,0.5500374642595681,0.00020563213170568783,9.392616377294548e-05,0.0006435905594372737,4.332887284783519e-05,188.24073761048203,5.716247880429665,0.03017952124818757,0.09236224807369398,0.1459989447547685,47153,987f56303b6278ad3b77ebe511b29d5c4e038090dad7332a4aa6592dca335f13,three_row_sha256,628f48a27840f9c2a16b7eca3bcbfe530954cfe14c95a6d53b789964e2af2ad6,944f93c6fa033d604d9e90219484c40564bfebf4e3306a041f5ec522a76c0b9b,0f2cf9a67445117338a1c28f1312c232b1cbb8285fc218b4057ed38b092a75be,0.37820590659976006,0.24898606352508068,0.2579281572252512,0.9924739133566618,0.25399005971848965,0.6320751272141933,0.10838615708053112,2.872045384719968,0.0,0.0,11.033692862838507,696.1050571408123,3436.1118525266647,143000,143000,3000.0,,,False,False,ok
BNCI2014_001,resampled_spectral_raw_power_s1,resampled,spectral,raw_power,1,6398,287,500,500,1.0,22,253,0.0003083845559946571,0.017560881412806623,5.339849066465318,0.7625735413472791,23.7426458652721,23.7426458652721,0.00018250100055688324,0.5475030016706497,0.00020397882418687535,9.102528412064661e-05,0.0005725348883423979,3.862892385654527e-05,188.240737610482,5.716247880429664,0.03017952124818757,0.09236224807369398,0.1459989447547685,47439,a97db6e15b4ede666d47a9ef6906108f4973790f7997ba63a3f217a9472ad008,three_row_sha256,22d80af142e3652cc9755943a0a0b639f431938afb94cc7ad815bc5eaa7d418d,944f93c6fa033d604d9e90219484c40564bfebf4e3306a041f5ec522a76c0b9b,0f2cf9a67445117338a1c28f1312c232b1cbb8285fc218b4057ed38b092a75be,0.2305821981281042,0.2220550086349249,0.22384803742170334,0.5658180452883244,0.13371417298913002,0.8288680110126734,0.06235693581402302,2.267242409288883,0.0,0.0,12.183590093627572,698.3722995501012,3448.2954426202923,143500,143500,3000.0,,,False,False,ok
BNCI2014_001,resampled_spectral_raw_power_s1,resampled,spectral,raw_power,1,6398,288,500,500,1.0,22,253,0.00030329113489170167,0.017415255808965358,5.3400587670712145,0.7626034882861664,23.73965117138336,23.73965117138336,0.00018123106703963842,0.5436932011189153,0.00020083609126671548,8.910221211259438e-05,0.0006037297276693255,5.224766958076657e-05,188.24073761048203,5.716247880429665,0.03017952124818757,0.09236224807369398,0.1459989447547685,47726,609da046129d7d3efee9408169254873c135947ad14a87aac529ca4c73b6285d,three_row_sha256,b3912221a7cdcf367702380dd3176b04510a983015a39face8997460b537458d,944f93c6fa033d604d9e90219484c40564bfebf4e3306a041f5ec522a76c0b9b,0f2cf9a67445117338a1c28f1312c232b1cbb8285fc218b4057ed38b092a75be,0.21791597828269005,0.2224738709628582,0.22235396318137646,0.5522510036826134,0.13290997594594955,0.9118539746850729,0.05828286521136761,2.318041631951928,0.0,0.0,13.375117210671306,700.6903411820531,3461.6705598309636,144000,144000,3000.0,,,False,False,ok
BNCI2014_001,resampled_spectral_raw_power_s1,resampled,spectral,raw_power,1,6398,289,500,500,1.0,22,253,0.0003125714079493303,0.017679689136105597,5.338600439329161,0.7623952273153298,23.760477268467014,23.760477268467014,0.00018176640137408185,0.5452992041222455,0.00020858522120317303,9.295602658824442e-05,0.0005995477927942874,4.45436055106295e-05,188.24073761048203,5.716247880429664,0.03017952124818757,0.09236224807369398,0.1459989447547685,48014,bb0edc9f0c93c246ac11041bfcd37ec78c52f6fd7f9ec414a7757df3a9c8f688,three_row_sha256,40367996d15a359f12808bc4dbcc6be9720c9e9afc8ba23e8d484cdbf192e048,944f93c6fa033d604d9e90219484c40564bfebf4e3306a041f5ec522a76c0b9b,0f2cf9a67445117338a1c28f1312c232b1cbb8285fc218b4057ed38b092a75be,0.2294350415468216,0.22178096696734428,0.2285991795361042,0.5680860485881567,0.13451487757265568,1.0061559733003378,0.06045401096343994,2.44902609847486,0.0,0.0,13.647587038576603,703.139367280528,3475.31814686954,144500,144500,3000.0,,,False,False,ok
BNCI2014_001,resampled_spectral_raw_power_s1,resampled,spectral,raw_power,1,6398,290,500,500,1.0,22,253,0.0003015894753436635,0.01736633166053394,5.336033320499694,0.7620286220288359,23.79713779711641,23.79713779711641,0.00017939714501723634,0.5381914350517091,0.0002010102821248415,8.905649691115457e-05,0.0006124076191287683,5.1850661899568026e-05,188.24073761048203,5.716247880429665,0.03017952124818757,0.09236224807369398,0.1459989447547685,48303,2015232eb9e795b65443eb44bd7a0916d5d03de9475d1edf59d3ce2142f50f14,three_row_sha256,4c699c3964be2b8e8382bec9b91c48acf1993bee781fed06a4db9c4277ff89ee,944f93c6fa033d604d9e90219484c40564bfebf4e3306a041f5ec522a76c0b9b,0f2cf9a67445117338a1c28f1312c232b1cbb8285fc218b4057ed38b092a75be,0.28486503288149834,0.22943690419197083,0.24437205865979195,0.5950441118329763,0.13714912347495556,0.5789392162114382,0.06335810758173466,2.133164554834366,0.0,0.0,11.430808110162616,705.2725318353623,3486.748954979703,145000,145000,3000.0,,,False,False,ok
BNCI2014_001,resampled_spectral_raw_power_s1,resampled,spectral,raw_power,1,6398,291,500,500,1.0,22,253,0.0002977727604546479,0.017256093429703256,5.3344456514312455,0.7618018900727554,23.81981099272446,23.81981099272446,0.00018131068259241186,0.5439320477772356,0.00019762197558829137,8.639599287066978e-05,0.0006659714672612157,5.1801515243917675e-05,188.24073761048203,5.716247880429664,0.03017952124818757,0.09236224807369398,0.1459989447547685,48593,10192c58877eaca678dfc4d89b3ae3825fc7ad75cad73425c9d30fdc852e9994,three_row_sha256,88c2a27cc39e85207f4bf86fe9bbe6669f1e4785488fd09290aaedc2753ceed3,944f93c6fa033d604d9e90219484c40564bfebf4e3306a041f5ec522a76c0b9b,0f2cf9a67445117338a1c28f1312c232b1cbb8285fc218b4057ed38b092a75be,0.3494899719953537,0.2441380638629198,0.24201092310249805,0.9577921591699123,0.2350849099457264,0.7751069497317076,0.06166798993945122,2.865290967747569,0.0,0.0,11.874591000378132,708.1378228031099,3498.623545980081,145500,145500,3000.0,,,False,False,ok
BNCI2014_001,resampled_spectral_raw_power_s1,resampled,spectral,raw_power,1,6398,292,500,500,1.0,22,253,0.0002893948597348703,0.017011609557442537,5.3297228306131075,0.7611274331449269,23.88725668550731,23.88725668550731,0.00017380469180117595,0.5214140754035278,0.0001964384499028184,8.3613615733401e-05,0.0005211989464150042,4.8261798096603925e-05,188.24073761048206,5.716247880429664,0.03017952124818757,0.09236224807369398,0.1459989447547685,48884,7ae3a9c26fec1ac50038ce1938875ee9a5856ebdc5859e34cd08a3a6a27ad417,three_row_sha256,0e18e7b11c49557e58f7541ac05c4817c96837ad60c1b8cdbe706ea1304ee981,944f93c6fa033d604d9e90219484c40564bfebf4e3306a041f5ec522a76c0b9b,0f2cf9a67445117338a1c28f1312c232b1cbb8285fc218b4057ed38b092a75be,0.36603701300919056,0.2470139879733324,0.2448689192533493,0.9543988853693008,0.2359419595450163,0.6067890208214521,0.06458698771893978,2.7196367736905813,0.0,0.0,11.058848118409514,710.8574595768005,3509.6823940984905,146000,146000,3000.0,,,False,False,ok
BNCI2014_001,resampled_spectral_raw_power_s1,resampled,spectral,raw_power,1,6398,293,500,500,1.0,22,253,0.0003115784492886294,0.017651584894525178,5.331631427071352,0.761399996122279,23.8600003877721,23.8600003877721,0.0001821609621909065,0.5464828865727195,0.0002112375444034748,8.942884954017787e-05,0.0006195896703132872,4.4761576125685496e-05,188.240737610482,5.716247880429664,0.03017952124818757,0.09236224807369398,0.1459989447547685,49176,27755f12e55b630b35ad37ccae476b66147b6dbeb6fedf350255d0d7210f3f4f,three_row_sha256,7849859c27191735bb7167d485d9be6eab98db3b3fd0d8d7781fb6dd85092037,944f93c6fa033d604d9e90219484c40564bfebf4e3306a041f5ec522a76c0b9b,0f2cf9a67445117338a1c28f1312c232b1cbb8285fc218b4057ed38b092a75be,0.34497887827456,0.24704704992473125,0.24790014140307903,0.9430909994989634,0.23512309417128563,0.6104111671447754,0.10287691839039326,2.731428248807788,0.0,0.0,9.43212304264307,713.5888878256083,3519.1145171411335,146500,146500,3000.0,,,False,False,ok
BNCI2014_001,resampled_spectral_raw_power_s1,resampled,spectral,raw_power,1,6398,294,500,500,1.0,22,253,0.000309738290861091,0.017599383252292992,5.3317416892657095,0.761415742453492,23.858425754650806,23.858425754650806,0.0001889961538563994,0.5669884615691981,0.00020083145827721278,9.294511387418505e-05,0.0008381599492796046,5.3330701732350904e-05,188.24073761048203,5.716247880429664,0.03017952124818757,0.09236224807369398,0.1459989447547685,49469,69aa4ffd7c6da91848e0b358491d6cb59810089983a8d4ec7911e8f57e74c5fd,three_row_sha256,597d4ebf746755a77f4999ee4ec70f8c911cd12ba4ebc2700e380a962a99c5c5,944f93c6fa033d604d9e90219484c40564bfebf4e3306a041f5ec522a76c0b9b,0f2cf9a67445117338a1c28f1312c232b1cbb8285fc218b4057ed38b092a75be,0.2227439545094967,0.24911388754844666,0.22788206115365028,0.9516999125480652,0.23707584477961063,0.6883731111884117,0.10252813808619976,2.679416909813881,0.0,0.0,11.44109689630568,716.2683047354221,3530.555614037439,147000,147000,3000.0,,,False,False,ok
BNCI2014_001,resampled_spectral_raw_power_s1,resampled,spectral,raw_power,1,6398,295,500,500,1.0,22,253,0.0003144082307019162,0.01773156030082847,5.331617620714729,0.7613980244631305,23.860197553686945,23.860197553686945,0.00018720048849803534,0.561601465494106,0.00020365602407821748,9.46541432671614e-05,0.0006623625533505943,4.503684131439935e-05,188.24073761048203,5.716247880429664,0.03017952124818757,0.09236224807369398,0.1459989447547685,49763,a3d882fb3dace2db718f3df29e1fd44589559f4529e71c96e783850710873351,three_row_sha256,67f2dbcf2e4ad6ab1ef3f7a35c3dfea635dd2a89d3a3acfd1e84fa714781d975,944f93c6fa033d604d9e90219484c40564bfebf4e3306a041f5ec522a76c0b9b,0f2cf9a67445117338a1c28f1312c232b1cbb8285fc218b4057ed38b092a75be,0.23701204918324947,0.2253230195492506,0.22868183441460133,0.5777038168162107,0.1360480673611164,0.6130707915872335,0.05961209535598755,2.0774516742676497,0.0,0.0,12.374374084174633,718.3457564096898,3542.929988121614,147500,147500,3000.0,,,False,False,ok
BNCI2014_001,resampled_spectral_raw_power_s1,resampled,spectral,raw_power,1,6398,296,500,500,1.0,22,253,0.0003235306558089469,0.01798695793648684,5.330500513394958,0.7612384925223773,23.876150747762267,23.876150747762267,0.00019566149638311663,0.5869844891493499,0.00020307688269380323,0.00010001373419740207,0.0008930811721463418,4.892993521082545e-05,188.24073761048203,5.716247880429664,0.03017952124818757,0.09236224807369398,0.1459989447547685,50058,58b910425b8fdb35850b9878681866bdfd29fb4da251a1e509780922b0cdb784,three_row_sha256,a70862313ee66bfed8cb0ee944f8ad1c5895d2ae295c5448fa06ffd5034d0ee0,944f93c6fa033d604d9e90219484c40564bfebf4e3306a041f5ec522a76c0b9b,0f2cf9a67445117338a1c28f1312c232b1cbb8285fc218b4057ed38b092a75be,0.2229830715805292,0.22310600616037846,0.23183808661997318,0.5776439793407917,0.13664807192981243,0.6712169852107763,0.06246194243431091,2.1258981432765722,0.0,0.0,12.630942044779658,720.4716545529664,3555.5609301663935,148000,148000,3000.0,,,False,False,ok
BNCI2014_001,resampled_spectral_raw_power_s1,resampled,spectral,raw_power,1,6398,297,500,500,1.0,22,253,0.0003148925395050149,0.017745211734578284,5.329468222421376,0.7610910730403606,23.890892695963938,23.890892695963938,0.00018644360947706864,0.559330828431206,0.0002073142471616653,9.291918562016179e-05,0.0006879045372938638,4.514215916424898e-05,188.24073761048203,5.716247880429664,0.03017952124818757,0.09236224807369398,0.1459989447547685,50354,a7e6357afabb980df174ed7cbe5f96898f1c4a3a95ff662ec36b4c2c4df912b1,three_row_sha256,7a267164945d050eeaa6dd39e9dff878dd2b04c732fb3c7d275a193f2ed260db,944f93c6fa033d604d9e90219484c40564bfebf4e3306a041f5ec522a76c0b9b,0f2cf9a67445117338a1c28f1312c232b1cbb8285fc218b4057ed38b092a75be,0.22176094353199005,0.22177188657224178,0.22446084767580032,0.5656760185956955,0.13485411182045937,0.5787748377770185,0.05852803587913513,2.0058266818523407,0.0,0.0,11.916414136067033,722.4774812348187,3567.4773443024606,148500,148500,3000.0,,,False,False,ok
BNCI2014_001,resampled_spectral_raw_power_s1,resampled,spectral,raw_power,1,6398,298,500,500,1.0,22,253,0.00030957087108507935,0.017594626199072243,5.328567059182745,0.7609623796571469,23.903762034285318,23.903762034285318,0.0001842394843477102,0.5527184530431306,0.00020281985809314596,9.223038513746565e-05,0.0007151626714427947,4.896869696541243e-05,188.24073761048203,5.716247880429664,0.03017952124818757,0.09236224807369398,0.1459989447547685,50651,743115026c1099d69dfa98eaf02e088b6b4310ce4c5e532bce5bbcfd4d661a2f,three_row_sha256,6f9900e81f64ea0734b68c12f6e274ae9bdae1d3b227cb78cc56ee2a90a3d5ab,944f93c6fa033d604d9e90219484c40564bfebf4e3306a041f5ec522a76c0b9b,0f2cf9a67445117338a1c28f1312c232b1cbb8285fc218b4057ed38b092a75be,0.36188005469739437,0.23072795011103153,0.2485120203346014,0.5878140218555927,0.13805902563035488,0.7938940543681383,0.06102793850004673,2.42191506549716,0.0,0.0,11.318545090034604,724.8993963003159,3578.795889392495,149000,149000,3000.0,,,False,False,ok
BNCI2014_001,resampled_spectral_raw_power_s1,resampled,spectral,raw_power,1,6398,299,500,500,1.0,22,253,0.0003057779628468021,0.017486508023239006,5.32860124610838,0.7609672618260293,23.90327381739708,23.90327381739708,0.00018451862230648195,0.5535558669194459,0.00020097762475024847,8.944580122816042e-05,0.0006792734315008606,3.445769176915065e-05,188.24073761048203,5.716247880429664,0.03017952124818757,0.09236224807369398,0.1459989447547685,50949,595e9aa4e406b590bbbe6936da686b726f7ce8ecfb58ab16a7919e832570781a,three_row_sha256,ed828c1ee9cac1ae0c14b45235372fb9e4ea8e85026bdeefd18b571c68187a98,944f93c6fa033d604d9e90219484c40564bfebf4e3306a041f5ec522a76c0b9b,0f2cf9a67445117338a1c28f1312c232b1cbb8285fc218b4057ed38b092a75be,0.3921571187674999,0.25100703351199627,0.2616879064589739,0.6126589141786098,0.1507760025560856,0.776452012360096,0.06321398541331291,2.5079529732465744,0.0,0.0,10.554505046457052,727.4073492735624,3589.350394438952,149500,149500,3000.0,,,False,False,ok
BNCI2014_001,resampled_spectral_raw_power_s1,resampled,spectral,raw_power,1,6398,300,500,500,1.0,22,253,0.00030520303367569557,0.017470061066742027,5.327132096768148,0.7607574554436383,23.924254455636174,23.924254455636174,0.0001852061581658045,0.5556184744974134,0.00020039935133726508,9.023405268430118e-05,0.0007643199578038513,5.2743612162012114e-05,188.24073761048203,5.716247880429664,0.03017952124818757,0.09236224807369398,0.1459989447547685,51248,037129091babd106813b1a19b8cee5a4efe161946e6c7d41f3452459ff72ef91,three_row_sha256,9177535dcb33579840f04bae24603bf82e8aa72c39e547178b1b07c0eeab4f2a,944f93c6fa033d604d9e90219484c40564bfebf4e3306a041f5ec522a76c0b9b,0f2cf9a67445117338a1c28f1312c232b1cbb8285fc218b4057ed38b092a75be,0.3585971426218748,0.24460512213408947,0.24186098016798496,0.9564650245010853,0.2349349670112133,0.7680000271648169,0.10145711712539196,2.9059203807264566,0.0,0.0,9.064220124855638,730.3132696542889,3598.414614563808,150000,150000,3000.0,,,False,False,ok
BNCI2014_001,resampled_spectral_raw_power_s1,resampled,spectral,raw_power,1,6398,301,500,500,1.0,22,253,0.00030682492807615307,0.017516418814248334,5.326304162208248,0.7606392197067311,23.93607802932689,23.93607802932689,0.0001834381528645579,0.5503144585936737,0.00020595045877441325,8.750354199250547e-05,0.000597351895793322,4.611117009150946e-05,188.240737610482,5.716247880429664,0.03017952124818757,0.09236224807369398,0.1459989447547685,51548,c81d7780a5938294ea547be4da46f64a45fbda379c105e1edc8392e77976f631,three_row_sha256,09de711977be10ea8f5284cdf0953f272ed71e8c5591a8969525f00ff4ab0ea4,944f93c6fa033d604d9e90219484c40564bfebf4e3306a041f5ec522a76c0b9b,0f2cf9a67445117338a1c28f1312c232b1cbb8285fc218b4057ed38b092a75be,0.25103287771344185,0.22600102238357067,0.23935292847454548,0.6015659309923649,0.1386010553687811,0.7013441063463688,0.1065561082214117,2.2644540295004845,0.0,0.0,12.204753933474422,732.5777236837894,3610.6193684972823,150500,150500,3000.0,,,False,False,ok
BNCI2014_001,resampled_spectral_raw_power_s1,resampled,spectral,raw_power,1,6398,302,500,500,1.0,22,253,0.00030807445295529445,0.017552049822037723,5.32386113235997,0.7602903353281972,23.97096646718028,23.97096646718028,0.0001818629249003466,0.5455887747010397,0.00020560618966061823,8.914230120095394e-05,0.0006052549302939605,5.819218275315091e-05,188.24073761048206,5.716247880429664,0.03017952124818757,0.09236224807369398,0.1459989447547685,51849,3059c91ec94eec5ebebdfa1907354a676fa47997a55dac2a9bfccac77a81efb6,three_row_sha256,ee2ed44cab7a15753da02ff25d313d8ea8a1cf266916923ee71b11833e8883b0,944f93c6fa033d604d9e90219484c40564bfebf4e3306a041f5ec522a76c0b9b,0f2cf9a67445117338a1c28f1312c232b1cbb8285fc218b4057ed38b092a75be,0.2219029702246189,0.22522499784827232,0.2241188194602728,0.5476381629705429,0.13283686712384224,0.7014470174908638,0.05777296610176563,2.1109418012201786,0.0,0.0,12.418362079188228,734.6886654850096,3623.0377305764705,151000,151000,3000.0,,,False,False,ok
BNCI2014_001,resampled_spectral_raw_power_s1,resampled,spectral,raw_power,1,6398,303,500,500,1.0,22,253,0.0002928021882743935,0.017111463650850957,5.3224860871568564,0.7600939677760438,23.99060322239563,23.99060322239563,0.0001740459399111606,0.5221378197334817,0.00019965098276066273,8.465482126637837e-05,0.0005027533011240707,5.1406821781950325e-05,188.240737610482,5.716247880429664,0.03017952124818757,0.09236224807369398,0.1459989447547685,52151,1c3dfb05b4b55b5d319be5dc1989cb4c3d2f6e6566c4e73ab9ed53a795dcbd1f,three_row_sha256,f6829d51a6512a5576fbc2ba5c212229cbf0eea8b3f79793e93dcf9d59cf2e19,944f93c6fa033d604d9e90219484c40564bfebf4e3306a041f5ec522a76c0b9b,0f2cf9a67445117338a1c28f1312c232b1cbb8285fc218b4057ed38b092a75be,0.25564106181263924,0.22670789621770382,0.24611991830170155,0.5929148755967617,0.13965507969260216,0.666869105771184,0.06339279934763908,2.1913007367402315,0.0,0.0,12.5626758672297,736.8799662217498,3635.6004064437,151500,151500,3000.0,,,False,False,ok
BNCI2014_001,resampled_spectral_raw_power_s1,resampled,spectral,raw_power,1,6398,304,500,500,1.0,22,253,0.00032016737969676296,0.01789322161313504,5.319442686475229,0.7596593455972818,24.034065440271828,24.034065440271828,0.00019016556734402604,0.5704967020320781,0.00020621911084655326,9.616418980566933e-05,0.0006908309779681738,5.3756042612687235e-05,188.24073761048203,5.716247880429664,0.03017952124818757,0.09236224807369398,0.1459989447547685,52454,1016a8a71c0a8e1c00879a270431a01abe53282eb09356acd601c621b9459e77,three_row_sha256,333a0590c67c48238782c167703dd14ca7d951b41d0dda54080b5dbf588b45b1,944f93c6fa033d604d9e90219484c40564bfebf4e3306a041f5ec522a76c0b9b,0f2cf9a67445117338a1c28f1312c232b1cbb8285fc218b4057ed38b092a75be,0.21805008873343468,0.2215381246060133,0.2241970505565405,0.5565660540014505,0.13539008796215057,0.5822659004479647,0.06644008681178093,2.004447393119335,0.0,0.0,12.087950017303228,738.8844136148691,3647.6883564610034,152000,152000,3000.0,,,False,False,ok
BNCI2014_001,resampled_spectral_raw_power_s1,resampled,spectral,raw_power,1,6398,305,500,500,1.0,22,253,0.00029451522466635894,0.017161445879248022,5.318589976821832,0.7595375717770785,24.046242822292154,24.046242822292154,0.0001751531530587151,0.5254594591761453,0.00019713472102829204,8.65664654313036e-05,0.0005122688472492413,4.6717360815800333e-05,188.240737610482,5.716247880429665,0.03017952124818757,0.09236224807369398,0.1459989447547685,52758,7ce120cd4d2fadd612f553ddc4e691c45de9c915747b4783263ee924c8a907d3,three_row_sha256,b919ca7b1c32b45eee60afcaf6643882380ed485f8a941db5ac20c8db1387adf,944f93c6fa033d604d9e90219484c40564bfebf4e3306a041f5ec522a76c0b9b,0f2cf9a67445117338a1c28f1312c232b1cbb8285fc218b4057ed38b092a75be,0.228250864893198,0.222913920879364,0.2270289696753025,0.5620678421109915,0.13306085020303726,0.5995219107717276,0.061273109167814255,2.034117467701435,0.0,0.0,11.466414202004671,740.9185310825706,3659.154770663008,152500,152500,3000.0,,,False,False,ok
BNCI2014_001,resampled_spectral_raw_power_s1,resampled,spectral,raw_power,1,6398,306,500,500,1.0,22,253,0.0002968376139536443,0.017228975998405834,5.316924207581825,0.7592996864862007,24.070031351379928,24.070031351379928,0.00018016038867637882,0.5404811660291364,0.00019644031939879141,8.678314850551359e-05,0.0006273113303339125,4.653991184008561e-05,188.24073761048203,5.716247880429664,0.03017952124818757,0.09236224807369398,0.1459989447547685,53063,900b2898fa70db9a184abf78d274465913aa2a57cd5ec63b5a2c5d8b9b556983,three_row_sha256,c79052390fc687fb92e2426171bf2461a188f31287f04da0622f2610b00d4b12,944f93c6fa033d604d9e90219484c40564bfebf4e3306a041f5ec522a76c0b9b,0f2cf9a67445117338a1c28f1312c232b1cbb8285fc218b4057ed38b092a75be,0.3669110592454672,0.2517250832170248,0.2527749165892601,0.7056121248751879,0.13949302956461906,0.7295580580830574,0.06204098463058472,2.508115256205201,0.0,0.0,11.13939005881548,743.4266463387758,3670.2941607218236,153000,153000,3000.0,,,False,False,ok
BNCI2014_001,resampled_spectral_raw_power_s1,resampled,spectral,raw_power,1,6398,307,500,500,1.0,22,253,0.00028746217945333917,0.016954709654055985,5.316551420371211,0.7592464494639876,24.07535505360125,24.07535505360125,0.00017414693606428988,0.5224408081928696,0.0001969254749812145,8.095318297819882e-05,0.0005697053638034171,5.487490019541865e-05,188.24073761048203,5.716247880429664,0.03017952124818757,0.09236224807369398,0.1459989447547685,53369,23ae74c9989c04e39b49b910ffb03f3440047be53da8ac9cd8656b4a4de5b084,three_row_sha256,6f58151f24fc14b421d3b1cef4263f9c0954261e4047bac82fb4fc67e49cbe34,944f93c6fa033d604d9e90219484c40564bfebf4e3306a041f5ec522a76c0b9b,0f2cf9a67445117338a1c28f1312c232b1cbb8285fc218b4057ed38b092a75be,0.3717890940606594,0.2530680503696203,0.24427101016044617,0.9629710111767054,0.2348830457776785,0.8625350892543793,0.06329291500151157,2.9928102158010006,0.0,0.0,10.671842843294144,746.4194565545768,3680.9660035651177,153500,153500,3000.0,,,False,False,ok
BNCI2014_001,resampled_spectral_raw_power_s1,resampled,spectral,raw_power,1,6398,308,500,500,1.0,22,253,0.000299549295372059,0.01730749246344077,5.314860430686595,0.7590049624900808,24.09950375099192,24.09950375099192,0.00018005806617825884,0.5401741985347767,0.00020006867173365516,8.696904521459146e-05,0.0005711584374686943,4.991841412179626e-05,188.24073761048203,5.716247880429664,0.03017952124818757,0.09236224807369398,0.1459989447547685,53676,52a80f386acd6672557ef880f8fbf8cf282150080120bed2815eb9adabb59b38,three_row_sha256,bb2c1d12d15ad53c257e183fb18834a00893c2c42f6d6c1a3d2a01c3857e6c85,944f93c6fa033d604d9e90219484c40564bfebf4e3306a041f5ec522a76c0b9b,0f2cf9a67445117338a1c28f1312c232b1cbb8285fc218b4057ed38b092a75be,0.37883082404732704,0.2506561577320099,0.2527371980249882,0.9910669177770615,0.2504431176930666,0.6340350955724716,0.11307303793728352,2.8708423487842083,0.0,0.0,9.917465969920158,749.290298903361,3690.883469535038,154000,154000,3000.0,,,False,False,ok
BNCI2014_001,resampled_spectral_raw_power_s1,resampled,spectral,raw_power,1,6398,309,500,500,1.0,22,253,0.0003114833581296063,0.01764889113031202,5.3131103323899245,0.7587550343293432,24.12449656706568,24.12449656706568,0.00018707557311043618,0.5612267193313086,0.00020307558815798015,9.141723017655481e-05,0.0006841675690862025,5.360341396237611e-05,188.240737610482,5.716247880429664,0.03017952124818757,0.09236224807369398,0.1459989447547685,53984,e2dadd93043b5b1f80ecf6b1a9cb77bd47d477030529949ac04053e57adbf199,three_row_sha256,e888d0b4ca26c47713caad9601cf62acca388e221c1bc522ac233fbbeab51dde,944f93c6fa033d604d9e90219484c40564bfebf4e3306a041f5ec522a76c0b9b,0f2cf9a67445117338a1c28f1312c232b1cbb8285fc218b4057ed38b092a75be,0.35134400241076946,0.24433201178908348,0.24100486189126968,0.9482610039412975,0.2355370670557022,0.6121499463915825,0.09833602234721184,2.7309649158269167,0.0,0.0,11.665140045806766,752.0212638191879,3702.5486095808446,154500,154500,3000.0,,,False,False,ok
BNCI2014_001,resampled_spectral_raw_power_s1,resampled,spectral,raw_power,1,6398,310,500,500,1.0,22,253,0.00032245460239440857,0.017957020977723687,5.314713239801642,0.7589839424438218,24.101605755617815,24.101605755617815,0.00019221004997479617,0.5766301499243885,0.00020357080559881796,0.00010006787577858579,0.0007472568496673332,4.326973207039946e-05,188.24073761048203,5.716247880429664,0.03017952124818757,0.09236224807369398,0.1459989447547685,54293,dd5037fc4bb979146ec32c5e9cd4e5c45a6ae156f7ceeb513577f58aaf9397ce,three_row_sha256,5b7a39d3bfb477334662079ffe070f4130f5120f0d6d7c6f382bcd2fb9856673,944f93c6fa033d604d9e90219484c40564bfebf4e3306a041f5ec522a76c0b9b,0f2cf9a67445117338a1c28f1312c232b1cbb8285fc218b4057ed38b092a75be,0.2218000590801239,0.22354000248014927,0.2263728529214859,0.5553700029850006,0.14435802586376667,0.5793420132249594,0.10237912647426128,2.053162083029747,0.0,0.0,12.347680982202291,754.0744259022176,3714.896290563047,155000,155000,3000.0,,,False,False,ok
BNCI2014_001,resampled_spectral_raw_power_s1,resampled,spectral,raw_power,1,6398,311,500,500,1.0,22,253,0.0002992703055299873,0.01729943078630009,5.316431230342389,0.7592292853578916,24.07707146421085,24.07707146421085,0.00018188811700593966,0.5456643510178191,0.00019714877326312057,8.817121967052436e-05,0.0006879867480761693,4.677764304828524e-05,188.240737610482,5.716247880429664,0.03017952124818757,0.09236224807369398,0.1459989447547685,54603,03688cf0c2bbdd6b16248d3ebe980ae0b6c08253b0585dbe7f78a2b7be3cea59,three_row_sha256,ca495641145df900e9b518b97cdc5f2a8443ff819195a7f2b5d1e4f2cb15666b,944f93c6fa033d604d9e90219484c40564bfebf4e3306a041f5ec522a76c0b9b,0f2cf9a67445117338a1c28f1312c232b1cbb8285fc218b4057ed38b092a75be,0.23442693054676056,0.23008417338132858,0.22818800061941147,0.5587730556726456,0.13504293747246265,0.5862051621079445,0.059888930991292,2.0326091907918453,0.0,0.0,12.815948808565736,756.1070350930095,3727.7122393716127,155500,155500,3000.0,,,False,False,ok
BNCI2014_001,resampled_spectral_raw_power_s1,resampled,spectral,raw_power,1,6398,312,500,500,1.0,22,253,0.00029650527996876347,0.017219328673579684,5.314182418139539,0.7589081368265366,24.10918631734635,24.10918631734635,0.00017970953922682553,0.5391286176804765,0.0001952864885043904,8.827292548601245e-05,0.0006168864138322004,3.813393262390642e-05,188.24073761048203,5.716247880429665,0.03017952124818757,0.09236224807369398,0.1459989447547685,54914,01f3adec7dafe0bac62a4fd7757df54906ca03d3b1bea01f12a1f8294a5d5510,three_row_sha256,33ca90024da6b754788195118091cd792c1d63517185d6f1aa3202c5fe5307a9,944f93c6fa033d604d9e90219484c40564bfebf4e3306a041f5ec522a76c0b9b,0f2cf9a67445117338a1c28f1312c232b1cbb8285fc218b4057ed38b092a75be,0.24212198331952095,0.22686808370053768,0.23210491053760052,0.5797690246254206,0.14713802374899387,0.6193409208208323,0.06508803926408291,2.1124309860169888,0.0,0.0,12.65256805345416,758.2194660790265,3740.364807425067,156000,156000,3000.0,,,False,False,ok
BNCI2014_001,resampled_spectral_raw_power_s1,resampled,spectral,raw_power,1,6398,313,500,500,1.0,22,253,0.00030776191085653607,0.01754314426938729,5.313379607194754,0.7587934889446252,24.120651105537483,24.120651105537483,0.000178254093791409,0.534762281374227,0.00020693585946478718,9.053859354562332e-05,0.0005475511551271612,3.844633547212018e-05,188.24073761048203,5.716247880429664,0.03017952124818757,0.09236224807369398,0.1459989447547685,55226,95467006cf39673f2b5a39133ebf936acf86eb7cf65c4abca10dffd77391daf3,three_row_sha256,f23ddfa9889df9e2430f565d25d440302aea8acdd21c1b68d866fc0246b13363,944f93c6fa033d604d9e90219484c40564bfebf4e3306a041f5ec522a76c0b9b,0f2cf9a67445117338a1c28f1312c232b1cbb8285fc218b4057ed38b092a75be,0.2958269324153662,0.22636703215539455,0.23928005248308182,0.6092148832976818,0.1400541514158249,0.7278178818523884,0.08600577712059021,2.324566710740328,0.0,0.0,9.205624926835299,760.5440327897668,3749.570432351902,156500,156500,3000.0,,,False,False,ok
BNCI2014_001,resampled_spectral_raw_power_s1,resampled,spectral,raw_power,1,6398,314,500,500,1.0,22,253,0.00030116702528210326,0.017354164493922006,5.3123070824901,0.7586403237611096,24.135967623889044,24.135967623889044,0.00018503928653308902,0.5551178595992671,0.00019368384050275772,9.136277288410043e-05,0.0007641035541318278,4.4013703247886845e-05,188.24073761048206,5.716247880429664,0.03017952124818757,0.09236224807369398,0.1459989447547685,55539,e3f391e19ae858b1a52c89be27660549fdcd3c87cdd8e2b69aa213f25f3acb42,three_row_sha256,51bc7d4b65b7ca20a599bf4f1717358b316661a1483a2f30544532b510da4e4c,944f93c6fa033d604d9e90219484c40564bfebf4e3306a041f5ec522a76c0b9b,0f2cf9a67445117338a1c28f1312c232b1cbb8285fc218b4057ed38b092a75be,0.226177042350173,0.2241369802504778,0.22468599490821362,0.5695901345461607,0.13699382543563843,0.5749459378421307,0.06011617369949818,2.0166460890322924,0.0,0.0,9.173720143735409,762.5606788787991,3758.7441524956375,157000,157000,3000.0,,,False,False,ok
BNCI2014_001,resampled_spectral_raw_power_s1,resampled,spectral,raw_power,1,6398,315,500,500,1.0,22,253,0.0003236678412225423,0.017990771001336833,5.313979321066605,0.7588791329254493,24.112086707455067,24.112086707455067,0.00019353742413136854,0.5806122723941056,0.0002043895791262739,9.928383303296824e-05,0.0008285924807811408,5.912054418067575e-05,188.24073761048206,5.716247880429664,0.03017952124818757,0.09236224807369398,0.1459989447547685,55853,d6378aa4d8826842e0cf7aababc89af32af91d2638600706e027d3a978cc6289,three_row_sha256,db65748607665dba3775fab813109c28a6b649db40d1d0078832b6544a042fa2,944f93c6fa033d604d9e90219484c40564bfebf4e3306a041f5ec522a76c0b9b,0f2cf9a67445117338a1c28f1312c232b1cbb8285fc218b4057ed38b092a75be,0.22288504987955093,0.2243639901280403,0.2245251089334488,0.5727859679609537,0.13664294965565205,0.6016090046614408,0.0603310763835907,2.0431431476026773,0.0,0.0,9.259088896214962,764.6038220264018,3768.0032413918525,157500,157500,3000.0,,,False,False,ok
BNCI2014_001,resampled_spectral_raw_power_s1,resampled,spectral,raw_power,1,6398,316,500,500,1.0,22,253,0.00029608120749687343,0.017207010417178037,5.311025052756054,0.7584572395686099,24.154276043139014,24.154276043139014,0.00017937215863677206,0.5381164759103161,0.00019783028696727573,8.54259635402834e-05,0.0006237079220483639,3.6794516221382264e-05,188.24073761048203,5.716247880429664,0.03017952124818757,0.09236224807369398,0.1459989447547685,56168,f7f34b23c1488b951f2b5037054bfb3ca9806738b2476ebbdd509cd88b2306de,three_row_sha256,ccdd4847befa891e187b84f5ab6df430454ccf49a4e57b0dfbad6a1a01c54e51,944f93c6fa033d604d9e90219484c40564bfebf4e3306a041f5ec522a76c0b9b,0f2cf9a67445117338a1c28f1312c232b1cbb8285fc218b4057ed38b092a75be,0.23744488134980202,0.22288388572633266,0.22797309793531895,0.5689370445907116,0.1472090370953083,0.569735886529088,0.05969894118607044,2.033882774412632,0.0,0.0,12.273613130673766,766.6377048008144,3780.2768545225263,158000,158000,3000.0,,,False,False,ok
BNCI2014_001,resampled_spectral_raw_power_s1,resampled,spectral,raw_power,1,6398,317,500,500,1.0,22,253,0.0003023516431829845,0.01738826164925593,5.309494495126222,0.7582386635868753,24.17613364131247,24.17613364131247,0.0001817747252437066,0.5453241757311198,0.00020159233462975197,8.650410429900617e-05,0.0006161012550487787,4.677545018262464e-05,188.24073761048203,5.716247880429664,0.03017952124818757,0.09236224807369398,0.1459989447547685,56484,e5a204ad9c8b275bc2af63129ee27d68ed1c93378897ae38d435a272a6df0f94,three_row_sha256,d2ba1999b7de635188a06d08e2beabd1d3eb5a5eb18ad23e7ba465d088c82d72,944f93c6fa033d604d9e90219484c40564bfebf4e3306a041f5ec522a76c0b9b,0f2cf9a67445117338a1c28f1312c232b1cbb8285fc218b4057ed38b092a75be,0.2633361145853996,0.2279879990965128,0.2463371492922306,0.6126279477030039,0.1429279800504446,0.805277144536376,0.0642118975520134,2.362706232815981,0.0,0.0,9.606651961803436,769.0004110336304,3789.8835064843297,158500,158500,3000.0,,,False,False,ok
BNCI2014_001,resampled_spectral_raw_power_s1,resampled,spectral,raw_power,1,6398,318,500,500,1.0,22,253,0.00030001065450590127,0.0173208156420505,5.309132649879473,0.7581869891654078,24.181301083459214,24.181301083459214,0.00017851792011013367,0.535553760330401,0.00019940753683517798,8.822475633608361e-05,0.0005526033660555798,6.756394602776234e-05,188.240737610482,5.716247880429664,0.03017952124818757,0.09236224807369398,0.1459989447547685,56801,c200fa813e536754912a2cff1414a536d70f59e98cce00a04a465d90949b5331,three_row_sha256,2f1b0b70d2a7b1377f386605f7a4e09a369778df44b8cbf4499a7687abc3fb98,944f93c6fa033d604d9e90219484c40564bfebf4e3306a041f5ec522a76c0b9b,0f2cf9a67445117338a1c28f1312c232b1cbb8285fc218b4057ed38b092a75be,0.2264878712594509,0.2224920317530632,0.2243388444185257,0.5820589140057564,0.1357821747660637,0.5956890527158976,0.0609720591455698,2.0478209480643272,0.0,0.0,8.75617004930973,771.0482319816947,3798.6396765336394,159000,159000,3000.0,,,False,False,ok
BNCI2014_001,resampled_spectral_raw_power_s1,resampled,spectral,raw_power,1,6398,319,500,500,1.0,22,253,0.0002937701792746271,0.017139725180837267,5.306206050198302,0.7577690471121405,24.22309528878595,24.22309528878595,0.00017591066848730085,0.5277320054619026,0.0001971831839921545,8.490770966261621e-05,0.0005698931968928678,5.222694927625846e-05,188.24073761048203,5.716247880429664,0.03017952124818757,0.09236224807369398,0.1459989447547685,57119,e6f7afe2200b2f87173bae6a02d5f1349ba4d42b22b9d1c8b8fb580a9dd0e31f,three_row_sha256,7b4c4c90e85cb15123bc29fdfafa0eed348b3446cb2d12aef641fd94befc6c77,944f93c6fa033d604d9e90219484c40564bfebf4e3306a041f5ec522a76c0b9b,0f2cf9a67445117338a1c28f1312c232b1cbb8285fc218b4057ed38b092a75be,0.2142821904271841,0.22088084369897842,0.22656889632344246,0.5713170394301414,0.13203988783061504,1.1233959812670946,0.0581950880587101,2.546679927036166,0.0,0.0,8.992769988253713,773.5949119087309,3807.632446521893,159500,159500,3000.0,,,False,False,ok
BNCI2014_001,resampled_spectral_raw_power_s1,resampled,spectral,raw_power,1,6398,320,500,500,1.0,22,253,0.00032032417773694103,0.01789760256953263,5.304032462074745,0.7574586411863962,24.254135881360384,24.254135881360384,0.00019850472919249502,0.5955141875774851,0.00020145065754576923,9.798091177341968e-05,0.001027688524116082,3.3669248253801575e-05,188.240737610482,5.716247880429664,0.03017952124818757,0.09236224807369398,0.1459989447547685,57438,37e3d2285e394838b33b3f32f02cb98d8039aee0d99d6a457e1dbc9bb365b65a,three_row_sha256,748f7f911166a2629a04c015831e8ffdf1c9a55f306dc3946435cdd16b5868b7,944f93c6fa033d604d9e90219484c40564bfebf4e3306a041f5ec522a76c0b9b,0f2cf9a67445117338a1c28f1312c232b1cbb8285fc218b4057ed38b092a75be,0.2248708624392748,0.22426899522542953,0.22785691544413567,0.5626732017844915,0.13633095659315586,0.5914389621466398,0.06068800576031208,2.0281278993934393,0.0,0.0,9.264321066439152,775.6230398081243,3816.8967675883323,160000,160000,3000.0,,,False,False,ok
BNCI2014_001,resampled_spectral_raw_power_s1,resampled,spectral,raw_power,1,6398,321,500,500,1.0,22,253,0.0003271118152946294,0.018086232755735215,5.3020170944917675,0.7571708304307478,24.282916956925224,24.282916956925224,0.00019468168608912276,0.5840450582673683,0.00020704596001157438,0.00010132081556015249,0.0008555598787476246,3.013101260332452e-05,188.240737610482,5.716247880429665,0.03017952124818757,0.09236224807369398,0.1459989447547685,57758,3e940904449fdc7b00a7f7c7f71cd308bb6d24591b97dec825ff20f3bd2d1bb7,three_row_sha256,9d34ec2cadbe4e9659905b8ac806ec69f33f0834b8f0d077d04a2dfc2f346f09,944f93c6fa033d604d9e90219484c40564bfebf4e3306a041f5ec522a76c0b9b,0f2cf9a67445117338a1c28f1312c232b1cbb8285fc218b4057ed38b092a75be,0.2192840911448002,0.22132694721221924,0.2251609694212675,0.5569611676037312,0.13407599180936813,0.9819441474974155,0.059502897784113884,2.3982562124729156,0.0,0.0,10.898862034082413,778.0212960205972,3827.7956296224147,160500,160500,3000.0,,,False,False,ok
BNCI2014_001,resampled_spectral_raw_power_s1,resampled,spectral,raw_power,1,6398,322,500,500,1.0,22,253,0.00030540113391991147,0.017475729853711732,5.303881332343897,0.7574370586411554,24.256294135884456,24.256294135884456,0.00018012106902188174,0.5403632070656451,0.00020279422384921194,9.043868001446033e-05,0.000617977471416511,4.182499601920152e-05,188.24073761048203,5.716247880429664,0.03017952124818757,0.09236224807369398,0.1459989447547685,58079,e5b74d0e6784de4397ece81007d0c8f005602a640be1e633bfaaf04856b8bdf9,three_row_sha256,b77a1fbaaac90c2be78f2bccf3cf324d266bd5dccf6cfaf9f73c542035951ae1,944f93c6fa033d604d9e90219484c40564bfebf4e3306a041f5ec522a76c0b9b,0f2cf9a67445117338a1c28f1312c232b1cbb8285fc218b4057ed38b092a75be,0.27021486312150955,0.22891396656632423,0.23982790298759937,0.6167280953377485,0.13959500938653946,0.7490841671824455,0.06008404307067394,2.3044480476528406,0.0,0.0,9.763549081981182,780.3257440682501,3837.559178704396,161000,161000,3000.0,,,False,False,ok
BNCI2014_001,resampled_spectral_raw_power_s1,resampled,spectral,raw_power,1,6398,323,500,500,1.0,22,253,0.00031109025882214403,0.017637750957028055,5.303375079865612,0.7573647617016022,24.263523829839784,24.263523829839784,0.00018514849881167585,0.5554454964350275,0.00020612402525417982,9.1212521953551e-05,0.0007077207873569386,5.779503016426959e-05,188.24073761048203,5.716247880429664,0.03017952124818757,0.09236224807369398,0.1459989447547685,58401,b3a5eef3fe3ffd3f7a3f1fb678b0b2b6b793ce249995a2eff8df14a1cbc30017,three_row_sha256,ca5e71567aa6c1c188a2578750872429cee0aac1f0a10358c422eb588fa73d15,944f93c6fa033d604d9e90219484c40564bfebf4e3306a041f5ec522a76c0b9b,0f2cf9a67445117338a1c28f1312c232b1cbb8285fc218b4057ed38b092a75be,0.21925498731434345,0.2210661768913269,0.21944986656308174,0.5531569477170706,0.1321940217167139,0.7477030158042908,0.06136600859463215,2.1541910246014595,0.0,0.0,9.366984944790602,782.4799350928515,3846.9261636491865,161500,161500,3000.0,,,False,False,ok
BNCI2014_001,resampled_spectral_raw_power_s1,resampled,spectral,raw_power,1,6398,324,500,500,1.0,22,253,0.0002967081041596121,0.017225217100507388,5.302883875921899,0.7572946138142334,24.270538618576662,24.270538618576662,0.00018091142555937866,0.542734276678136,0.0001938174145755437,8.854424039624872e-05,0.0006933966482643372,5.7762026846575785e-05,188.24073761048203,5.716247880429664,0.03017952124818757,0.09236224807369398,0.1459989447547685,58724,b5ed4cf139c3d5bf0eda9606138e792602ecd443cfc58d81c7603d2d38d8ca4c,three_row_sha256,bbfebadbaa9120f6ed744e3436a4a7e62463ddcdadc03c8e630d5e92c5a8eb47,944f93c6fa033d604d9e90219484c40564bfebf4e3306a041f5ec522a76c0b9b,0f2cf9a67445117338a1c28f1312c232b1cbb8285fc218b4057ed38b092a75be,0.20941579714417458,0.22074393928050995,0.22508902475237846,0.5387680139392614,0.15727500431239605,0.6612578872591257,0.05736411549150944,2.0699137821793556,0.0,0.0,9.071883978322148,784.5498488750309,3855.9980476275086,162000,162000,3000.0,,,False,False,ok
BNCI2014_001,resampled_spectral_raw_power_s1,resampled,spectral,raw_power,1,6398,325,500,500,1.0,22,253,0.00030702972225906815,0.017522263616869486,5.30087368321891,0.7570075420732106,24.299245792678935,24.299245792678935,0.00018734318643952454,0.5620295593185736,0.00019906983568070027,9.045943506608197e-05,0.000709927351814464,5.109602735670818e-05,188.24073761048203,5.716247880429664,0.03017952124818757,0.09236224807369398,0.1459989447547685,59048,3e175117dda4a9638dcb783bc93ccaace3f0e2d0d614edee3f54faf30e9f2ced,three_row_sha256,0a04c4939547b90dfea0014c5345961f36c1491276b3756cf501f9f3b2dc076e,944f93c6fa033d604d9e90219484c40564bfebf4e3306a041f5ec522a76c0b9b,0f2cf9a67445117338a1c28f1312c232b1cbb8285fc218b4057ed38b092a75be,0.21176296286284924,0.2214780542999506,0.21980702877044678,0.5312000866979361,0.13145804405212402,0.6630278658121824,0.05725095979869366,2.0359850022941828,0.0,0.0,9.32995299808681,786.5858338773251,3865.3280006255955,162500,162500,3000.0,,,False,False,ok
BNCI2014_001,resampled_spectral_raw_power_s1,resampled,spectral,raw_power,1,6398,326,500,500,1.0,22,253,0.00032004162947686416,0.01788970736140936,5.298066152151936,0.7566066039789806,24.339339602101944,24.339339602101944,0.0001931890593491393,0.5795671780474179,0.00020438350583207955,9.636184907736833e-05,0.0008382913561890942,5.049503075619363e-05,188.240737610482,5.716247880429664,0.03017952124818757,0.09236224807369398,0.1459989447547685,59373,4ed2ee7d97e8dacb429f876ad6fa8a2f7e7caa34f4da56c312d12d64c2cdee42,three_row_sha256,e40fe418994887b2ac73c4d7490799e859f4e51cd218b4c217309f371649cce5,944f93c6fa033d604d9e90219484c40564bfebf4e3306a041f5ec522a76c0b9b,0f2cf9a67445117338a1c28f1312c232b1cbb8285fc218b4057ed38b092a75be,0.2101818099617958,0.22274581715464592,0.22192485630512238,0.5506081506609917,0.13207108713686466,0.5615348927676678,0.05626003257930279,1.955326646566391,0.0,0.0,10.632063960656524,788.5411605238914,3875.960064586252,163000,163000,3000.0,,,False,False,ok
BNCI2014_001,resampled_spectral_raw_power_s1,resampled,spectral,raw_power,1,6398,327,500,500,1.0,22,253,0.000292894433213063,0.01711415885204596,5.298286518014473,0.756638074002589,24.336192599741103,24.336192599741103,0.0001760557408015771,0.5281672224047312,0.00019718861707781785,8.432305781368212e-05,0.0005893808222238925,5.011033427044576e-05,188.24073761048203,5.716247880429664,0.03017952124818757,0.09236224807369398,0.1459989447547685,59699,413de26c594c6cbd20c3c4a90deeddba2b35545ef8416c61f05954c2a28e535b,three_row_sha256,0a41fc52c03ace44223aa09fabb2f17e9ae7b3e0a3206009c6d7d1ba34d4896a,944f93c6fa033d604d9e90219484c40564bfebf4e3306a041f5ec522a76c0b9b,0f2cf9a67445117338a1c28f1312c232b1cbb8285fc218b4057ed38b092a75be,0.26537198573350906,0.22876705043017864,0.24392898194491863,0.7002400234341621,0.15778210945427418,0.6924278568476439,0.07033511064946651,2.358853118494153,0.0,0.0,9.348182007670403,790.9000136423856,3885.3082465939224,163500,163500,3000.0,,,False,False,ok
BNCI2014_001,resampled_spectral_raw_power_s1,resampled,spectral,raw_power,1,6398,328,500,500,1.0,22,253,0.00031184921131304497,0.017659252852627854,5.294436719382431,0.7560882916885631,24.39117083114369,24.39117083114369,0.000184597996082461,0.553793988247383,0.00020557799542567925,9.239464919159982e-05,0.0006530531264431511,4.666724728959125e-05,188.240737610482,5.716247880429664,0.03017952124818757,0.09236224807369398,0.1459989447547685,60026,e12f49e5ab4222156654f3c9c3f475ec33d23e32775f266ee2bee71cd9e2f3f5,three_row_sha256,c4661b688d49be1d069124c080328a49766b58517ea8d8d4dda2787242faa5fb,944f93c6fa033d604d9e90219484c40564bfebf4e3306a041f5ec522a76c0b9b,0f2cf9a67445117338a1c28f1312c232b1cbb8285fc218b4057ed38b092a75be,0.2259151078760624,0.2287637908011675,0.2261810004711151,0.5756861064583063,0.1357861328870058,0.7003210484981537,0.059194862842559814,2.1518480498343706,0.0,0.0,9.309208020567894,793.05186169222,3894.6174546144903,164000,164000,3000.0,,,False,False,ok
BNCI2014_001,resampled_spectral_raw_power_s1,resampled,spectral,raw_power,1,6398,329,500,500,1.0,22,253,0.0003083739940829398,0.017560580687521123,5.293598952421169,0.7559686518053901,24.40313481946099,24.40313481946099,0.00018195904462620988,0.5458771338786296,0.0002025026190919903,9.18610406777485e-05,0.0006357306316771771,5.4417406929102384e-05,188.240737610482,5.716247880429664,0.03017952124818757,0.09236224807369398,0.1459989447547685,60354,8ae0576458cdc5f978e2348739712ab66a17d02bd5e3f560ebe5aad4af70cb36,three_row_sha256,b29b33df5caba4ca0433ddc24d7b9196543c100fd6e5d9ea4180bee6ad4ce72e,944f93c6fa033d604d9e90219484c40564bfebf4e3306a041f5ec522a76c0b9b,0f2cf9a67445117338a1c28f1312c232b1cbb8285fc218b4057ed38b092a75be,0.2181529998779297,0.2226908691227436,0.22038118913769722,0.5611269734799862,0.13551581650972366,0.708332983776927,0.05749799311161041,2.1236988250166178,0.0,0.0,9.125933982431889,795.1755605172366,3903.743388596922,164500,164500,3000.0,,,False,False,ok
BNCI2014_001,resampled_spectral_raw_power_s1,resampled,spectral,raw_power,1,6398,330,500,500,1.0,22,253,0.00028711536868127356,0.01694447900294587,5.293649267746393,0.7559758372398964,24.402416276010364,24.402416276010364,0.00017292436184753216,0.5187730855425964,0.00019489306238625926,8.160097415787808e-05,0.0005268800124641946,5.227838428333512e-05,188.24073761048203,5.716247880429664,0.03017952124818757,0.09236224807369398,0.1459989447547685,60683,887f2a8ec8409b1e991ef23ef556bf83b809847afe0cd5c401e843c2b97db4fa,three_row_sha256,8ec0202da41a76e6258fdb1c8c1ac63061015bc8300371846157f8dd58559a91,944f93c6fa033d604d9e90219484c40564bfebf4e3306a041f5ec522a76c0b9b,0f2cf9a67445117338a1c28f1312c232b1cbb8285fc218b4057ed38b092a75be,0.21891295909881592,0.22060214541852474,0.22027199156582355,0.5664839409291744,0.13904902152717113,0.6952900439500809,0.05743606016039848,2.118046162649989,0.0,0.0,8.358784951269627,797.2936066798866,3912.102173548192,165000,165000,3000.0,,,False,False,ok
BNCI2014_001,resampled_spectral_raw_power_s1,resampled,spectral,raw_power,1,6398,331,500,500,1.0,22,253,0.0002951763256240855,0.017180696307894087,5.292467925525668,0.7558071320368862,24.41928679631138,24.41928679631138,0.00017428388137677314,0.5228516441303195,0.0001992325592853057,8.659859048266389e-05,0.0005135491283708395,4.3194499112002725e-05,188.24073761048203,5.716247880429664,0.03017952124818757,0.09236224807369398,0.1459989447547685,61013,e88a348122fd08a73a0d0334024cb4fed8602b91197955b8db896ce54d326bc2,three_row_sha256,7597eaafd817b951f50ae68dedb149baf83beaf337f22ad2b12dcd9f2c1a1fe6,944f93c6fa033d604d9e90219484c40564bfebf4e3306a041f5ec522a76c0b9b,0f2cf9a67445117338a1c28f1312c232b1cbb8285fc218b4057ed38b092a75be,0.21545705385506153,0.22182497195899487,0.2207527868449688,0.5365950055420399,0.1413910649716854,0.6085580680519342,0.056974124163389206,2.001553075388074,0.0,0.0,12.456197990104556,799.2951597552747,3924.5583715382963,165500,165500,3000.0,,,False,False,ok
BNCI2014_001,resampled_spectral_raw_power_s1,resampled,spectral,raw_power,1,6398,332,500,500,1.0,22,253,0.0003074498082278008,0.017534246725417115,5.2918899828296055,0.7557245971556664,24.427540284433352,24.427540284433352,0.00018125373847801732,0.543761215434052,0.00020331996053328145,9.248967390664398e-05,0.0005924669378629576,3.4858532623215346e-05,188.24073761048203,5.716247880429664,0.03017952124818757,0.09236224807369398,0.1459989447547685,61344,ecd6920993a945c5612b5f72e23d03902c601eef85b2b6432aabaffd78487dab,three_row_sha256,3bc1fa566ccb26a7f42a899c6dadface01880cf2266e4cd7b2b2a43a459885f0,944f93c6fa033d604d9e90219484c40564bfebf4e3306a041f5ec522a76c0b9b,0f2cf9a67445117338a1c28f1312c232b1cbb8285fc218b4057ed38b092a75be,0.31595584005117416,0.23994920775294304,0.2611610107123852,0.7220900151878595,0.15620095655322075,0.7160338573157787,0.0758790411055088,2.48726992867887,0.0,0.0,11.26387994736433,801.7824296839535,3935.8222514856607,166000,166000,3000.0,,,False,False,ok
BNCI2014_001,resampled_spectral_raw_power_s1,resampled,spectral,raw_power,1,6398,333,500,500,1.0,22,253,0.0002990340786843149,0.017292601848314063,5.293741141589884,0.7559889575662043,24.401104243379564,24.401104243379564,0.00018013006847242936,0.540390205417288,0.00019629045205821086,8.824495453424534e-05,0.0006095303324529619,5.287429429035692e-05,188.24073761048203,5.716247880429664,0.03017952124818757,0.09236224807369398,0.1459989447547685,61676,8d453869ebe533b092b8901d73dfae40b6a03b2b3a2bc8d5be6bdcc041e34246,three_row_sha256,397ab81c718ea4b5097af6f356be982c51930b2d29d1b6c3f4e498485b4b78a0,944f93c6fa033d604d9e90219484c40564bfebf4e3306a041f5ec522a76c0b9b,0f2cf9a67445117338a1c28f1312c232b1cbb8285fc218b4057ed38b092a75be,0.39198296144604683,0.24997396394610405,0.26093400083482265,1.0162258986383677,0.252503901720047,0.6675750482827425,0.10506086982786655,2.9442566446959972,0.0,0.0,9.583253180608153,804.7266863286495,3945.405504666269,166500,166500,3000.0,,,False,False,ok
BNCI2014_001,resampled_spectral_raw_power_s1,resampled,spectral,raw_power,1,6398,334,500,500,1.0,22,253,0.0003071398026242506,0.01752540449245753,5.292158440003551,0.7557629350066595,24.423706499334052,24.423706499334052,0.0001794062835397773,0.5382188506193318,0.00020634710318586814,9.006765394221016e-05,0.0005648734446335819,4.5097977214674054e-05,188.240737610482,5.716247880429664,0.03017952124818757,0.09236224807369398,0.1459989447547685,62009,b8011e7976861d28453ee1e5fcb2d40966ff6c7dec1c8a7381aeb11b8feebea1,three_row_sha256,95362e313a4d581c1ca11ccd0c567922abb3ba8bcfe3ec024f96378d4592359e,944f93c6fa033d604d9e90219484c40564bfebf4e3306a041f5ec522a76c0b9b,0f2cf9a67445117338a1c28f1312c232b1cbb8285fc218b4057ed38b092a75be,0.28017605654895306,0.24645496159791946,0.2448658924549818,0.9406539611518383,0.23992103524506092,0.6151071283966303,0.09426707401871681,2.6614461094141006,0.0,0.0,10.980518069118261,807.3881324380636,3956.386022735387,167000,167000,3000.0,,,False,False,ok
BNCI2014_001,resampled_spectral_raw_power_s1,resampled,spectral,raw_power,1,6398,335,500,500,1.0,22,253,0.000304766998947512,0.017457577121339374,5.290072661546375,0.7554650690099326,24.453493099006746,24.453493099006746,0.0001810494999821067,0.5431484999463202,0.0002033750720678731,8.893715480225025e-05,0.000660338076998844,5.32127290367533e-05,188.240737610482,5.716247880429664,0.03017952124818757,0.09236224807369398,0.1459989447547685,62343,47020618f46605f0f6f4192a7354aab49abacab0e2a2887033da78c690d56489,three_row_sha256,d591cb3312eb05cee39bd6a737168fe39a86d732876d6c774d48c0cf2ecfeb92,944f93c6fa033d604d9e90219484c40564bfebf4e3306a041f5ec522a76c0b9b,0f2cf9a67445117338a1c28f1312c232b1cbb8285fc218b4057ed38b092a75be,0.2331892028450966,0.22411788813769817,0.23431004956364632,0.7235570810735226,0.1367880031466484,0.6297018844634295,0.05911081098020077,2.2407749202102423,0.0,0.0,12.44258088991046,809.6289073582739,3968.8286036252975,167500,167500,3000.0,,,False,False,ok
BNCI2014_001,resampled_spectral_raw_power_s1,resampled,spectral,raw_power,1,6398,336,500,500,1.0,22,253,0.00029597108641358426,0.017203810229527185,5.28881685395717,0.755285729551339,24.471427044866104,24.471427044866104,0.00017496410552477823,0.5248923165743348,0.0002007223690068513,8.570117353400853e-05,0.0005303983260474212,4.765239970688774e-05,188.24073761048203,5.716247880429664,0.03017952124818757,0.09236224807369398,0.1459989447547685,62678,ac04f01c6fc4af8a7c07a6467d9fa628ea7c59152b4e3b28aca2c7e5d3e72cbd,three_row_sha256,09014128bfafce664dceb35b9173b783bede762a2274efc2a5b266f8db3557e0,944f93c6fa033d604d9e90219484c40564bfebf4e3306a041f5ec522a76c0b9b,0f2cf9a67445117338a1c28f1312c232b1cbb8285fc218b4057ed38b092a75be,0.22716005332767963,0.22500893101096153,0.22569391876459122,0.5789091810584068,0.13575400225818157,0.601920997723937,0.062221894040703773,2.0566689781844616,0.0,0.0,10.4331080801785,811.6855763364583,3979.261711705476,168000,168000,3000.0,,,False,False,ok
BNCI2014_001,resampled_spectral_raw_power_s1,resampled,spectral,raw_power,1,6398,337,500,500,1.0,22,253,0.00030032431511473816,0.01732986771775071,5.28916905159287,0.7553360262160886,24.466397378391132,24.466397378391132,0.00017622626613605206,0.5286787984081561,0.00020307951636549195,8.689645965199835e-05,0.0005171487019684437,3.718654441818998e-05,188.24073761048203,5.716247880429664,0.03017952124818757,0.09236224807369398,0.1459989447547685,63014,ca57bc256134e1ff23b35486e822293efabed80b355e5c83f54d47de832f1437,three_row_sha256,83d007b2f6b07168402507556fe993fd0d942ca061dc6fd05c4a6d6ec60e6285,944f93c6fa033d604d9e90219484c40564bfebf4e3306a041f5ec522a76c0b9b,0f2cf9a67445117338a1c28f1312c232b1cbb8285fc218b4057ed38b092a75be,0.279109925031662,0.22899010218679905,0.24340208619832993,0.6829309277236462,0.15343609265983105,1.1111749336123466,0.06145681254565716,2.760500879958272,0.0,0.0,8.93564592115581,814.4460772164166,3988.197357626632,168500,168500,3000.0,,,False,False,ok
BNCI2014_001,resampled_spectral_raw_power_s1,resampled,spectral,raw_power,1,6398,338,500,500,1.0,22,253,0.0002923622825028458,0.017098604694618966,5.28697839546139,0.7550231828410675,24.49768171589325,24.49768171589325,0.0001766535884644356,0.5299607653933068,0.00019522632767032534,8.589816156678864e-05,0.0005537196024238092,3.390764692119142e-05,188.240737610482,5.716247880429664,0.03017952124818757,0.09236224807369398,0.1459989447547685,63351,d489e81b17af47361578685d26c5d57e9f5b135af804bde5232990e9a0b5d2f5,three_row_sha256,8cd7342cdcc0f9b667c3850f272a878419d940580bd97eb47df19fbe46774df4,944f93c6fa033d604d9e90219484c40564bfebf4e3306a041f5ec522a76c0b9b,0f2cf9a67445117338a1c28f1312c232b1cbb8285fc218b4057ed38b092a75be,0.21889200434088707,0.22412999533116817,0.2238098531961441,0.5667891819030046,0.13477890752255917,0.6923440378159285,0.05891895852982998,2.1196629386395216,0.0,0.0,9.721473092213273,816.5657401550561,3997.918830718845,169000,169000,3000.0,,,False,False,ok
BNCI2014_001,resampled_spectral_raw_power_s1,resampled,spectral,raw_power,1,6398,339,500,500,1.0,22,253,0.00029576111009481365,0.017197706535896397,5.28744372741721,0.7550896359997682,24.491036400023184,24.491036400023184,0.0001779872529231672,0.5339617587695015,0.00019653746784451735,8.684268349437524e-05,0.000654579074715815,3.9252173187760434e-05,188.240737610482,5.716247880429664,0.03017952124818757,0.09236224807369398,0.1459989447547685,63689,35363a4f11e771b3c3cc5365c9ba45a3450846b21dd9f5fac4db184ff3b7972f,three_row_sha256,4dbbd2b781e0327f54818c54eb9a7fd5d3be29b2e20eb5db71176792d02296b4,944f93c6fa033d604d9e90219484c40564bfebf4e3306a041f5ec522a76c0b9b,0f2cf9a67445117338a1c28f1312c232b1cbb8285fc218b4057ed38b092a75be,0.23222691379487514,0.225897878408432,0.23929402232170105,0.5809690337628126,0.13449112884700298,0.6188440602272749,0.05998695269227028,2.091709990054369,0.0,0.0,9.679679060354829,818.6574501451105,4007.5985097792,169500,169500,3000.0,,,False,False,ok
BNCI2014_001,resampled_spectral_raw_power_s1,resampled,spectral,raw_power,1,6398,340,500,500,1.0,22,253,0.00030711732821753934,0.01752476328563497,5.287913409884976,0.7551567104466852,24.48432895533148,24.48432895533148,0.00018675874856253295,0.5602762456875988,0.00020053868252713165,9.119499050739179e-05,0.0007617586511847012,4.681465355258865e-05,188.240737610482,5.716247880429664,0.03017952124818757,0.09236224807369398,0.1459989447547685,64028,cf443848e83c7274c141b483098cad9b12b7e215f35a2fe77bced4ba9ab2dc16,three_row_sha256,5532e9894f24cf2fa8a4ed4e7a64ffc02526d947f94c850431a93461e1bb3571,944f93c6fa033d604d9e90219484c40564bfebf4e3306a041f5ec522a76c0b9b,0f2cf9a67445117338a1c28f1312c232b1cbb8285fc218b4057ed38b092a75be,0.21287007257342339,0.2224219497293234,0.2298720646649599,0.5566510371863842,0.13244710862636566,0.5732658319175243,0.05863909609615803,1.986167160794139,0.0,0.0,9.082167875021696,820.6436173059046,4016.6806776542217,170000,170000,3000.0,,,False,False,ok
BNCI2014_001,resampled_spectral_raw_power_s1,resampled,spectral,raw_power,1,6398,341,500,500,1.0,22,253,0.0002952630612491449,0.017183220339888124,5.288284835275528,0.7552097529900031,24.47902470099969,24.47902470099969,0.0001841345601110675,0.5524036803332024,0.000192393414861867,8.67361845207403e-05,0.0007763562352641077,4.829767195621679e-05,188.24073761048203,5.716247880429664,0.03017952124818757,0.09236224807369398,0.1459989447547685,64368,be6fdd535196cf5d8e2d8f21258f71b959a1def55de6f94138d08d6999fcfeab,three_row_sha256,1e78e2fcfecdd229acb3a1a3d8c71e5fc21680b14d2fb30f35d5b3b2426eb79d,944f93c6fa033d604d9e90219484c40564bfebf4e3306a041f5ec522a76c0b9b,0f2cf9a67445117338a1c28f1312c232b1cbb8285fc218b4057ed38b092a75be,0.21690805442631245,0.22069085389375687,0.22177398204803467,0.5462649278342724,0.1310089137405157,1.2704869732260704,0.059748999774456024,2.6668827049434185,0.0,0.0,8.759963093325496,823.310500010848,4025.440640747547,170500,170500,3000.0,,,False,False,ok
BNCI2014_001,resampled_spectral_raw_power_s1,resampled,spectral,raw_power,1,6398,342,500,500,1.0,22,253,0.00032080196292821623,0.01791094533876468,5.285972006572339,0.7548794623857618,24.512053761423818,24.512053761423818,0.0001906346004106009,0.5719038012318027,0.00020392003959943705,9.949318104714467e-05,0.0007003982101401507,4.439998837104193e-05,188.240737610482,5.716247880429664,0.03017952124818757,0.09236224807369398,0.1459989447547685,64709,f0e01b47697821e4d3e645dca6c189af18e587d4b98c65a2e12e2daf42f0fe88,three_row_sha256,ea0af5e2a75bcc180eb5428bf7630253e59e52cb8b793e31ea056c8e9a4ba8bc,944f93c6fa033d604d9e90219484c40564bfebf4e3306a041f5ec522a76c0b9b,0f2cf9a67445117338a1c28f1312c232b1cbb8285fc218b4057ed38b092a75be,0.4378089215606451,0.22770091891288757,0.24833506904542446,0.6892811506986618,0.15824101865291595,1.2830328196287155,0.07165083661675453,3.116050735116005,0.0,0.0,9.54111898317933,826.426550745964,4034.9817597307265,171000,171000,3000.0,,,False,False,ok
BNCI2014_001,resampled_spectral_raw_power_s1,resampled,spectral,raw_power,1,6398,343,500,500,1.0,22,253,0.0002993313234244928,0.01730119427740446,5.282205982742333,0.7543416437895618,24.565835621043814,24.565835621043814,0.00017917652892661268,0.537529586779838,0.00019831950154734098,8.842096967736847e-05,0.0005666607475644899,4.907827372225987e-05,188.24073761048203,5.716247880429664,0.03017952124818757,0.09236224807369398,0.1459989447547685,65051,f4ed8afb49d8fbb7f6ef8fa7041cc2daf3c5f7a75e0f66b892c973d0883be5bd,three_row_sha256,927f06773d8b326a1000e94a9827618e9fa1b9abb665ddfa4305636ef54cbd7d,944f93c6fa033d604d9e90219484c40564bfebf4e3306a041f5ec522a76c0b9b,0f2cf9a67445117338a1c28f1312c232b1cbb8285fc218b4057ed38b092a75be,0.24125399067997932,0.2240899484604597,0.22771605290472507,0.5834680050611496,0.135085079818964,0.7245850283652544,0.060918042436242104,2.197116147726774,0.0,0.0,8.983909152448177,828.6236668936908,4043.9656688831747,171500,171500,3000.0,,,False,False,ok
BNCI2014_001,resampled_spectral_raw_power_s1,resampled,spectral,raw_power,1,6398,344,500,500,1.0,22,253,0.0003174744460199361,0.017817812604804667,5.281635087432738,0.7542601153320048,24.57398846679952,24.57398846679952,0.0001884578942208578,0.5653736826625734,0.0002018091895871834,9.836567624621454e-05,0.0006718105748251798,4.6515233396290844e-05,188.24073761048203,5.716247880429664,0.03017952124818757,0.09236224807369398,0.1459989447547685,65394,a4fca028d861b02be9729e44281802ee6994c56384f052877469de1621758ad5,three_row_sha256,f13c8ca17666e1faf45819d026d3b4c16ecff2b26c4b2ee52ef82dce074c0b05,944f93c6fa033d604d9e90219484c40564bfebf4e3306a041f5ec522a76c0b9b,0f2cf9a67445117338a1c28f1312c232b1cbb8285fc218b4057ed38b092a75be,0.21458184346556664,0.22133206948637962,0.21957303397357464,0.5453929770737886,0.1310619991272688,1.1262150947004557,0.05952292121946812,2.517679939046502,0.0,0.0,8.50107497535646,831.1413468327373,4052.466743858531,172000,172000,3000.0,,,False,False,ok
BNCI2014_001,resampled_spectral_raw_power_s1,resampled,spectral,raw_power,1,6398,345,500,500,1.0,22,253,0.0002989319200552462,0.017289647771289218,5.281529902634294,0.7542450940939048,24.575490590609515,24.575490590609515,0.0001797231867623322,0.5391695602869966,0.00019683668399664482,8.889887485621589e-05,0.0005890090859556622,4.661322066526878e-05,188.24073761048203,5.716247880429664,0.03017952124818757,0.09236224807369398,0.1459989447547685,65738,b76d4ccbd02e47b6cbbe774edf06a0c2d9cfce9f14beff9f892675740535bb92,three_row_sha256,ccf5fe26cca7b32f993a3e31c123900e0597d04a25250e8026882014ce155b47,944f93c6fa033d604d9e90219484c40564bfebf4e3306a041f5ec522a76c0b9b,0f2cf9a67445117338a1c28f1312c232b1cbb8285fc218b4057ed38b092a75be,0.21506613120436668,0.2237281296402216,0.2251151017844677,0.5486349109560251,0.13622990809381008,0.7446699310094118,0.060249119997024536,2.1536932326853275,0.0,0.0,8.87826387770474,833.2950400654227,4061.345007736236,172500,172500,3000.0,,,False,False,ok
BNCI2014_001,resampled_spectral_raw_power_s1,resampled,spectral,raw_power,1,6398,346,500,500,1.0,22,253,0.0002917214033790222,0.01707985372826776,5.28173415468194,0.754274262934702,24.572573706529795,24.572573706529795,0.00017341755972853794,0.5202526791856138,0.0001951342436870638,8.747467742705211e-05,0.0005036618505743752,5.178984045988483e-05,188.24073761048203,5.716247880429664,0.03017952124818757,0.09236224807369398,0.1459989447547685,66083,013b691eb725bb031098cec0b3544b41ec446e7cca28e1dcd170ab6029ddd6b1,three_row_sha256,8439802dd0314e779e6888fa01c72d222253d84192b1585ec0ad0755e9efc16a,944f93c6fa033d604d9e90219484c40564bfebf4e3306a041f5ec522a76c0b9b,0f2cf9a67445117338a1c28f1312c232b1cbb8285fc218b4057ed38b092a75be,0.23094797506928444,0.23378897458314896,0.2374500036239624,0.5829720757901669,0.13433187268674374,0.5298799369484186,0.05903886631131172,2.0084097050130367,0.0,0.0,9.0145249851048,835.3034497704357,4070.3595327213407,173000,173000,3000.0,,,False,False,ok
BNCI2014_001,resampled_spectral_raw_power_s1,resampled,spectral,raw_power,1,6398,347,500,500,1.0,22,253,0.0002947751892664907,0.017169018296527346,5.280125852702909,0.7540445844324748,24.595541556752526,24.595541556752526,0.00017640236610144588,0.5292070983043377,0.0001968132016145136,8.584602186031525e-05,0.0005451726564362672,5.111695425376807e-05,188.24073761048203,5.716247880429664,0.03017952124818757,0.09236224807369398,0.1459989447547685,66429,bc35c96676c7f732287ae47d724fef853c449f5f7e903745ec9765b2c9ed3c5c,three_row_sha256,7f9db2f5fa6d2098da4fd1371a65603e1b767b4820cac0c67495c96dc29b6d9a,944f93c6fa033d604d9e90219484c40564bfebf4e3306a041f5ec522a76c0b9b,0f2cf9a67445117338a1c28f1312c232b1cbb8285fc218b4057ed38b092a75be,0.21749897859990597,0.22154790349304676,0.22245198488235474,0.6209439598023891,0.15737302601337433,0.9136761073023081,0.08683092892169952,2.4403228890150785,0.0,0.0,10.307641001418233,837.7437726594508,4080.667173722759,173500,173500,3000.0,,,False,False,ok
BNCI2014_001,resampled_spectral_raw_power_s1,resampled,spectral,raw_power,1,6398,348,500,500,1.0,22,253,0.0002934299535593621,0.017129797242213994,5.277964837762163,0.7537359740587062,24.62640259412938,24.62640259412938,0.00017482979486395497,0.5244893845918649,0.00019676737215955438,8.608924039694472e-05,0.0005694051282935567,4.388502726238715e-05,188.24073761048203,5.716247880429664,0.03017952124818757,0.09236224807369398,0.1459989447547685,66776,2ffc0bfe066d2d2c0c657c7c79c53c5594b882b47fd4dfcb550cf1ef97d6d7f3,three_row_sha256,e84491f6233709ea49b48f3b935cf660f260cdf1157c2e2557adb0e172d384ae,944f93c6fa033d604d9e90219484c40564bfebf4e3306a041f5ec522a76c0b9b,0f2cf9a67445117338a1c28f1312c232b1cbb8285fc218b4057ed38b092a75be,0.22001983597874641,0.22174115292727947,0.2228741068392992,0.5538230761885643,0.1318801660090685,0.7115278858691454,0.058165984228253365,2.1200322080403566,0.0,0.0,9.099822025746107,839.8638048674911,4089.766995748505,174000,174000,3000.0,,,False,False,ok
BNCI2014_001,resampled_spectral_raw_power_s1,resampled,spectral,raw_power,1,6398,349,500,500,1.0,22,253,0.00030655402763221944,0.017508684348980064,5.276246350349166,0.7534905601872693,24.65094398127306,24.65094398127306,0.0001837845405634833,0.5513536216904499,0.00020052209405116257,9.095221050640942e-05,0.0006333187328068099,3.8903359445922195e-05,188.240737610482,5.716247880429664,0.03017952124818757,0.09236224807369398,0.1459989447547685,67124,c5bc7409311ad32e6a80fcbbf600f4aa96e759269d72382f3831073f020ae1a0,three_row_sha256,b2716683d5e66e0d1669c02b605bd0be8a67191185c5dad802eb02576f4a3fd0,944f93c6fa033d604d9e90219484c40564bfebf4e3306a041f5ec522a76c0b9b,0f2cf9a67445117338a1c28f1312c232b1cbb8285fc218b4057ed38b092a75be,0.21494412794709206,0.22043799981474876,0.21931785158813,0.5498710088431835,0.13160193338990211,1.011403976008296,0.05668005906045437,2.404256956651807,0.0,0.0,9.311882080510259,842.2680618241429,4099.078877829015,174500,174500,3000.0,,,False,False,ok
BNCI2014_001,resampled_spectral_raw_power_s1,resampled,spectral,raw_power,1,6398,350,500,500,1.0,22,253,0.00030555025762752383,0.017479995927560277,5.279615577329357,0.7539717129910111,24.60282870089889,24.60282870089889,0.0001820005455424091,0.5460016366272273,0.00020050761591114757,9.144767145455983e-05,0.0006370444947115894,5.0469476879512124e-05,188.240737610482,5.716247880429664,0.03017952124818757,0.09236224807369398,0.1459989447547685,67473,accae77b146fe71dfb1381c18022d9ab0567b8617cc60af97a1664936b2841bd,three_row_sha256,d94a9043ce5fe4e604de080d828fc0ac9138fe52c784bb736676c83e01313c38,944f93c6fa033d604d9e90219484c40564bfebf4e3306a041f5ec522a76c0b9b,0f2cf9a67445117338a1c28f1312c232b1cbb8285fc218b4057ed38b092a75be,0.2276881132274866,0.22379006259143353,0.2264899667352438,0.5690068937838078,0.13597006909549236,0.5919740069657564,0.06838515400886536,2.043304266408086,0.0,0.0,8.767872117459774,844.311366090551,4107.846749946475,175000,175000,3000.0,,,False,False,ok
BNCI2014_001,resampled_spectral_raw_power_s1,resampled,spectral,raw_power,1,6398,351,500,500,1.0,22,253,0.00028676534999085544,0.016934147453912626,5.279721248623332,0.753986803704599,24.601319629540097,24.601319629540097,0.00017789114873513652,0.5336734462054096,0.00018912115697410924,8.361584492354475e-05,0.0006339037484705504,4.1129916810771946e-05,188.240737610482,5.716247880429664,0.03017952124818757,0.09236224807369398,0.1459989447547685,67823,6db5b2804a36c1db6fd47ae6fab79bac96c369f9bae5e1972ff103ae494eb276,three_row_sha256,ab483fb0b5849bff05149d90c938d83c827c3ebc702eb846cc4bac3e4440efe4,944f93c6fa033d604d9e90219484c40564bfebf4e3306a041f5ec522a76c0b9b,0f2cf9a67445117338a1c28f1312c232b1cbb8285fc218b4057ed38b092a75be,0.21388591267168522,0.22133998572826385,0.22013788111507893,0.5511769559234381,0.13335281983017921,0.6894490215927362,0.05819299258291721,2.0875355694442987,0.0,0.0,8.987409062683582,846.3989016599953,4116.834159009159,175500,175500,3000.0,,,False,False,ok
BNCI2014_001,resampled_spectral_raw_power_s1,resampled,spectral,raw_power,1,6398,352,500,500,1.0,22,253,0.0003007990758348232,0.017343560068072045,5.278663084101484,0.7538356892710805,24.616431072891952,24.616431072891952,0.00017917628341943158,0.5375288502582948,0.00019898415538393402,8.86947193907792e-05,0.0005696169617565605,4.408110179608659e-05,188.240737610482,5.716247880429664,0.03017952124818757,0.09236224807369398,0.1459989447547685,68174,a75e14954a2cb97aea8af0655c546650a7a8e6f62ac943fd50e23e890f34b4c5,three_row_sha256,ecbb97069de928e78626f8414fd7079c2734355ec67fd8b01d9fcb3885355661,944f93c6fa033d604d9e90219484c40564bfebf4e3306a041f5ec522a76c0b9b,0f2cf9a67445117338a1c28f1312c232b1cbb8285fc218b4057ed38b092a75be,0.2287880051881075,0.2220862079411745,0.224563991650939,0.5621430464088917,0.13368320651352406,0.7897489704191685,0.06011710502207279,2.221130533143878,0.0,0.0,10.815622983500361,848.6200321931392,4127.649781992659,176000,176000,3000.0,,,False,False,ok
BNCI2014_001,resampled_spectral_raw_power_s1,resampled,spectral,raw_power,1,6398,353,500,500,1.0,22,253,0.0003061765705846582,0.01749790189093133,5.280300865750284,0.7540695777080632,24.59304222919368,24.59304222919368,0.0001789104192002963,0.5367312576008889,0.00020544159041186366,8.919300087849851e-05,0.000568419887936456,4.3200304448561135e-05,188.240737610482,5.716247880429664,0.03017952124818757,0.09236224807369398,0.1459989447547685,68526,89995d63a4e0635214b0e5c0d98a306b47cbdce7b31cedf5c72fa9ad26287d52,three_row_sha256,31095975d1e489e02ea890905d12ed81d4caa87c5091d53a0ff91ac010000141,944f93c6fa033d604d9e90219484c40564bfebf4e3306a041f5ec522a76c0b9b,0f2cf9a67445117338a1c28f1312c232b1cbb8285fc218b4057ed38b092a75be,0.27428893372416496,0.22709602490067482,0.24062604643404484,0.5879080854356289,0.14018500223755836,0.5937358364462852,0.062467996031045914,2.126307925209403,0.0,0.0,10.708542075008154,850.7463401183486,4138.358324067667,176500,176500,3000.0,,,False,False,ok
BNCI2014_001,resampled_spectral_raw_power_s1,resampled,spectral,raw_power,1,6398,354,500,500,1.0,22,253,0.00030815412990796095,0.017554319408850945,5.278664667273586,0.7538359153608334,24.61640846391666,24.61640846391666,0.0001847552525122288,0.5542657575366864,0.00020346682971940545,8.97965322686705e-05,0.0006835802276879084,4.922361183932474e-05,188.24073761048203,5.716247880429664,0.03017952124818757,0.09236224807369398,0.1459989447547685,68879,22fbe32af0efbdd4252932bd2c7982565ad80b1bd4418b5fe8638ca529215192,three_row_sha256,e238880297a84c5c0eddeb8ffea9085ed218f1c63886811566f65f6276aa4f60,944f93c6fa033d604d9e90219484c40564bfebf4e3306a041f5ec522a76c0b9b,0f2cf9a67445117338a1c28f1312c232b1cbb8285fc218b4057ed38b092a75be,0.26622205041348934,0.2293689176440239,0.24898303672671318,0.6048218347132206,0.14049094170331955,0.6261537782847881,0.06586615927517414,2.181906718760729,0.0,0.0,8.937838021665812,852.9282468371093,4147.296162089333,177000,177000,3000.0,,,False,False,ok
BNCI2014_001,resampled_spectral_raw_power_s1,resampled,spectral,raw_power,1,6398,355,500,500,1.0,22,253,0.00031648048823018296,0.017789898488473253,5.279988522845732,0.7540249726205646,24.59750273794354,24.59750273794354,0.00019191544325507484,0.5757463297652246,0.00020146564303760375,9.656421484007377e-05,0.0007576980620145272,4.688211643591881e-05,188.240737610482,5.716247880429664,0.03017952124818757,0.09236224807369398,0.1459989447547685,69233,a1b9963d46d64a3fffe57e8a66c598d85f1a974951d10249bed6156dea42dbd1,three_row_sha256,7c3f937bc20011748815c08dd2d23b368f917f39663546b06461df865cf96f09,944f93c6fa033d604d9e90219484c40564bfebf4e3306a041f5ec522a76c0b9b,0f2cf9a67445117338a1c28f1312c232b1cbb8285fc218b4057ed38b092a75be,0.2263179048895836,0.22412417456507683,0.22721500135958195,0.5686411168426275,0.133835943415761,0.7322470191866159,0.05897996015846729,2.171361120417714,0.0,0.0,8.954738033935428,855.099607957527,4156.250900123268,177500,177500,3000.0,,,False,False,ok
BNCI2014_001,resampled_spectral_raw_power_s1,resampled,spectral,raw_power,1,6398,356,500,500,1.0,22,253,0.00029873225010751576,0.017283872543718777,5.279883912107486,0.7540100333628937,24.598996663710622,24.598996663710622,0.000179153545391636,0.537460636174908,0.00019642184083324681,8.919820997681092e-05,0.0005867688862500393,5.784232747051881e-05,188.240737610482,5.716247880429664,0.03017952124818757,0.09236224807369398,0.1459989447547685,69588,e52829d17ac24a3f1be4d00b11736f952016667fa370606771da34b8625ebcc3,three_row_sha256,c84a18efeb57012e4e06f7e8419d5d767987499188964a8a518a80de520460e8,944f93c6fa033d604d9e90219484c40564bfebf4e3306a041f5ec522a76c0b9b,0f2cf9a67445117338a1c28f1312c232b1cbb8285fc218b4057ed38b092a75be,0.21358579397201538,0.22114906460046768,0.21906010806560516,0.5400339141488075,0.13693422079086304,0.6831639911979437,0.05755503661930561,2.071482129395008,0.0,0.0,9.099395014345646,857.171090086922,4165.350295137614,178000,178000,3000.0,,,False,False,ok
BNCI2014_001,resampled_spectral_raw_power_s1,resampled,spectral,raw_power,1,6398,357,500,500,1.0,22,253,0.0002913238393577818,0.017068211369612864,5.276479898381125,0.7535239127310565,24.64760872689435,24.64760872689435,0.00017806241697006887,0.5341872509102066,0.00019475752845542066,8.3939000456809e-05,0.000575419781859175,5.420531444015275e-05,188.24073761048203,5.716247880429664,0.03017952124818757,0.09236224807369398,0.1459989447547685,69944,67dc9aa60410d7b37f8cabd7cbe908dd044a3abc21e8c9745478074249f2770e,three_row_sha256,4caf1ac2c92d3ffe9ae07ac57cd6e5ac4753e1c90b1ae9faf61afda04c686ae2,944f93c6fa033d604d9e90219484c40564bfebf4e3306a041f5ec522a76c0b9b,0f2cf9a67445117338a1c28f1312c232b1cbb8285fc218b4057ed38b092a75be,0.21130219101905823,0.22154091857373714,0.2286829985678196,0.5425389390438795,0.13061100617051125,0.5706930533051491,0.05720299668610096,1.9625721033662558,0.0,0.0,11.494477977976203,859.1336621902883,4176.84477311559,178500,178500,3000.0,,,False,False,ok
BNCI2014_001,resampled_spectral_raw_power_s1,resampled,spectral,raw_power,1,6398,358,500,500,1.0,22,253,0.0003095735299279115,0.017594701757287945,5.277025082784128,0.7536017694636552,24.639823053634483,24.639823053634483,0.00018634425279764845,0.5590327583929454,0.00020120201770572457,9.279005617196904e-05,0.0007288137759760406,5.714345046208831e-05,188.24073761048203,5.716247880429664,0.03017952124818757,0.09236224807369398,0.1459989447547685,70301,3887c8d531b1f2c06901d972969eaeef79bfed07c3f87a551597d43cfb2b12af,three_row_sha256,5ee1cb32ab9fb2faae3ca5ce494dc7daf66a47f130097c14a8846cfb5d8cd70f,944f93c6fa033d604d9e90219484c40564bfebf4e3306a041f5ec522a76c0b9b,0f2cf9a67445117338a1c28f1312c232b1cbb8285fc218b4057ed38b092a75be,0.4156839568167925,0.2542119473218918,0.273887999355793,1.0238459799438715,0.2519339323043823,0.7245899178087711,0.10727299377322197,3.051426727324724,0.0,0.0,9.851202135905623,862.185088917613,4186.695975251496,179000,179000,3000.0,,,False,False,ok
BNCI2014_001,resampled_spectral_raw_power_s1,resampled,spectral,raw_power,1,6398,359,500,500,1.0,22,253,0.00029448826255249177,0.017160660318079016,5.275446414503704,0.7533763228927444,24.662367710725558,24.662367710725558,0.00017683102751718242,0.5304930825515473,0.00019471307108769026,8.779028827101452e-05,0.0005588812388256095,2.9205377312166614e-05,188.24073761048203,5.716247880429664,0.03017952124818757,0.09236224807369398,0.1459989447547685,70659,9599351f7b0e544a60015b1d006faeeea52e157bdf075e715908efd9165b1ae7,three_row_sha256,a0aba2b4c72f475de8ca2e5285ec37431c5167aa05adf23ea3366429075769bc,944f93c6fa033d604d9e90219484c40564bfebf4e3306a041f5ec522a76c0b9b,0f2cf9a67445117338a1c28f1312c232b1cbb8285fc218b4057ed38b092a75be,0.362996943295002,0.24569709785282612,0.2525718882679939,0.9702378883957863,0.24031498469412327,0.6829691119492054,0.09486009366810322,2.84964800812304,0.0,0.0,9.19271120801568,865.0347369257361,4195.8886864595115,179500,179500,3000.0,,,False,False,ok
BNCI2014_001,resampled_spectral_raw_power_s1,resampled,spectral,raw_power,1,6398,360,500,500,1.0,22,253,0.0002891748625165931,0.017005142237470204,5.273546168034228,0.7531049523611761,24.689504763882383,24.689504763882383,0.0001774785060148223,0.5324355180444669,0.0001923145877792844,8.399013064174365e-05,0.000557284781440466,4.978547014623491e-05,188.240737610482,5.716247880429665,0.03017952124818757,0.09236224807369398,0.1459989447547685,71018,e800bbf1a8e0b8741a0cd06a215243f20031a3864a8804235f6fe462e6c29fef,three_row_sha256,f7a7663bf8994356165a28885986d8937c1a8d3ae2b8100620c7b26dd6508af7,944f93c6fa033d604d9e90219484c40564bfebf4e3306a041f5ec522a76c0b9b,0f2cf9a67445117338a1c28f1312c232b1cbb8285fc218b4057ed38b092a75be,0.24250289425253868,0.22247200831770897,0.22053299471735954,0.5658490117639303,0.13441196642816067,0.5511939525604248,0.05808495916426182,1.9950477872043848,0.0,0.0,8.934169076383114,867.0297847129405,4204.822855535895,180000,180000,3000.0,,,False,False,ok
BNCI2014_001,resampled_spectral_raw_power_s1,resampled,spectral,raw_power,1,6398,361,500,500,1.0,22,253,0.00030109458007810785,0.01735207711134629,5.271747716287208,0.7528481189374975,24.715188106250245,24.715188106250245,0.0001786453356726426,0.5359360070179278,0.00020227926722856155,8.666243857728135e-05,0.0005895546610516366,4.875103798224242e-05,188.24073761048203,5.716247880429664,0.03017952124818757,0.09236224807369398,0.1459989447547685,71378,77c633cd0fc44ae8f56f2f29455801f4cea2e638d439ab83c63c8218cc580fb1,three_row_sha256,80c0bfb57b88fc8c1c347f1f8926b2974589ad12af8df40f22f9a1ec7f54844e,944f93c6fa033d604d9e90219484c40564bfebf4e3306a041f5ec522a76c0b9b,0f2cf9a67445117338a1c28f1312c232b1cbb8285fc218b4057ed38b092a75be,0.23554195649921894,0.2213579136878252,0.22378284484148026,0.5651148967444897,0.13615097850561142,0.5623809993267059,0.060578109696507454,2.004907699301839,0.0,0.0,9.221181040629745,869.0346924122423,4214.044036576524,180500,180500,3000.0,,,False,False,ok
BNCI2014_001,resampled_spectral_raw_power_s1,resampled,spectral,raw_power,1,6398,362,500,500,1.0,22,253,0.00029787927325294027,0.017259179391064347,5.272212240422562,0.7529144567329163,24.708554326708363,24.708554326708363,0.00017594993811520035,0.5278498143456011,0.00019989176225707173,8.677932477594388e-05,0.0005383992832077413,5.908558900848923e-05,188.240737610482,5.716247880429664,0.03017952124818757,0.09236224807369398,0.1459989447547685,71739,a252b727e8f5e8fa78d0a5955dcdd63fa9d10cd4feba31ff5c2bf41fd20d4ca4,three_row_sha256,18cec72822e1a17978adbfd86aee2ed73cc32533956fd67a4702607b94a0deab,944f93c6fa033d604d9e90219484c40564bfebf4e3306a041f5ec522a76c0b9b,0f2cf9a67445117338a1c28f1312c232b1cbb8285fc218b4057ed38b092a75be,0.2288389950990677,0.22192788310348988,0.224411953240633,0.5615861155092716,0.16364199109375477,0.6462319288402796,0.07082894444465637,2.117467811331153,0.0,0.0,11.010761838406324,871.1521602235734,4225.054798414931,181000,181000,3000.0,,,False,False,ok
BNCI2014_001,resampled_spectral_raw_power_s1,resampled,spectral,raw_power,1,6398,363,500,500,1.0,22,253,0.0003022665467019483,0.01738581452512215,5.271867975962102,0.7528652929896147,24.71347070103853,24.71347070103853,0.00018037561204067582,0.5411268361220275,0.0002039868495426882,8.527203452275823e-05,0.0006122047324073443,5.5642256534839073e-05,188.240737610482,5.716247880429664,0.03017952124818757,0.09236224807369398,0.1459989447547685,72101,69e1dead3282b49f0f2a344c14d06734fc7bae15329b65056d93dfd0c717e033,three_row_sha256,6bae833d16a79b6c7f1fee408570de9f03607c1d50852fd32e9eed265401a378,944f93c6fa033d604d9e90219484c40564bfebf4e3306a041f5ec522a76c0b9b,0f2cf9a67445117338a1c28f1312c232b1cbb8285fc218b4057ed38b092a75be,0.2709338441491127,0.22752280347049236,0.2435208298265934,0.5894440691918135,0.13674097135663033,0.6131581030786037,0.0628340058028698,2.144154626876116,0.0,0.0,9.284949162974954,873.2963148504496,4234.339747577906,181500,181500,3000.0,,,False,False,ok
BNCI2014_001,resampled_spectral_raw_power_s1,resampled,spectral,raw_power,1,6398,364,500,500,1.0,22,253,0.00029389790436040513,0.017143450771662197,5.271913731616777,0.7528718272663681,24.712817273363186,24.712817273363186,0.00017649365401899638,0.5294809620569891,0.00019743531224364377,8.493601184224394e-05,0.0005386966587064592,3.359934077414715e-05,188.240737610482,5.716247880429665,0.03017952124818757,0.09236224807369398,0.1459989447547685,72464,8b6e2b298584b4ef023533090950732d37e36ffad710b251e3dbe0327afff699,three_row_sha256,695fd764d3ae08488f2c097aa1c48697a3eb609ec964af5562aa1fb2df2a1c99,944f93c6fa033d604d9e90219484c40564bfebf4e3306a041f5ec522a76c0b9b,0f2cf9a67445117338a1c28f1312c232b1cbb8285fc218b4057ed38b092a75be,0.21576602011919022,0.2219781745225191,0.22964202798902988,0.564460176974535,0.1329970546066761,0.6914890836924314,0.05728704854846001,2.1136195864528418,0.0,0.0,9.027851978316903,875.4099344369024,4243.367599556223,182000,182000,3000.0,,,False,False,ok
BNCI2014_001,resampled_spectral_raw_power_s1,resampled,spectral,raw_power,1,6398,365,500,500,1.0,22,253,0.00031342887356631416,0.017703922547455807,5.270164016502954,0.7526219538272337,24.73780461727663,24.73780461727663,0.00018684674157381487,0.5605402247214446,0.00020327211661649443,9.489867503021758e-05,0.000710508701381739,4.682813184898901e-05,188.240737610482,5.716247880429664,0.03017952124818757,0.09236224807369398,0.1459989447547685,72828,4a9952fc6adefe1bce7eb327388164790a63e4e9b6309eedcd9d3260d32ef32e,three_row_sha256,caf04ab9c503be631f1d60f71dc5ba5c259429726dd49fdb6faca7a53a223502,944f93c6fa033d604d9e90219484c40564bfebf4e3306a041f5ec522a76c0b9b,0f2cf9a67445117338a1c28f1312c232b1cbb8285fc218b4057ed38b092a75be,0.31687808223068714,0.2396188210695982,0.24176901206374168,0.7681529968976974,0.18781493417918682,1.0943410452455282,0.06714207120239735,2.915716962888837,0.0,0.0,8.864623960107565,878.3256513997912,4252.23222351633,182500,182500,3000.0,,,False,False,ok
BNCI2014_001,resampled_spectral_raw_power_s1,resampled,spectral,raw_power,1,6398,366,500,500,1.0,22,253,0.0002858028773116332,0.016905705466251125,5.267448586481598,0.7522341685056091,24.776583149439087,24.776583149439087,0.0001716394560963988,0.5149183682891965,0.00019474357816179024,8.167893093873142e-05,0.000506218639775486,4.932139544819375e-05,188.240737610482,5.716247880429664,0.03017952124818757,0.09236224807369398,0.1459989447547685,73193,1835648c6a00b1a29f3e33d361b14f58b8d229b7c5cccd33de24cd0320d12e2f,three_row_sha256,4d1af981e7aaac943c9c5cf55cedb8823c5120e454ea6d6591df53967001f7dd,944f93c6fa033d604d9e90219484c40564bfebf4e3306a041f5ec522a76c0b9b,0f2cf9a67445117338a1c28f1312c232b1cbb8285fc218b4057ed38b092a75be,0.21972903050482273,0.22225105203688145,0.220458023250103,0.5518598482012749,0.13350998051464558,0.584430992603302,0.058832112699747086,1.9910710398107767,0.0,0.0,12.158436002209783,880.316722439602,4264.39065951854,183000,183000,3000.0,,,False,False,ok
BNCI2014_001,resampled_spectral_raw_power_s1,resampled,spectral,raw_power,1,6398,367,500,500,1.0,22,253,0.00029795201986575627,0.017261286738414268,5.267708718762199,0.7522713174946475,24.772868250535254,24.772868250535254,0.00017847170348131046,0.5354151104439314,0.00020041583634677817,8.585236908041578e-05,0.0005993157018793469,5.478138442581662e-05,188.24073761048203,5.716247880429664,0.03017952124818757,0.09236224807369398,0.1459989447547685,73559,759e23c0e76fd21431cf3e0924ee05892572b48f8fe71437657415a028f98951,three_row_sha256,1ab385187c1e9da60213f6d1a517f9484821731b00e74c103370c7847de8f7cf,944f93c6fa033d604d9e90219484c40564bfebf4e3306a041f5ec522a76c0b9b,0f2cf9a67445117338a1c28f1312c232b1cbb8285fc218b4057ed38b092a75be,0.25002192705869675,0.22499402984976768,0.2379289362579584,0.5846531130373478,0.13727694749832153,0.7027429528534412,0.05996483378112316,2.1975827403366566,0.0,0.0,10.810905834659934,882.5143051799387,4275.2015653532,183500,183500,3000.0,,,False,False,ok
BNCI2014_001,resampled_spectral_raw_power_s1,resampled,spectral,raw_power,1,6398,368,500,500,1.0,22,253,0.00031049342757274333,0.01762082369166502,5.266045844700851,0.7520338456586474,24.796615434135266,24.796615434135266,0.00018371532929296425,0.5511459878788927,0.00020302677453021373,9.36874329378748e-05,0.0006396119058754831,5.340215379181396e-05,188.24073761048203,5.716247880429665,0.03017952124818757,0.09236224807369398,0.1459989447547685,73926,0c280e7668353d4a72c60d65b8ba2ce517ca3f64ff31037d1ff78b85a842bca3,three_row_sha256,f6979b1fb17c4fcbd3908787ca907f65698ca90bc3a3c114a7ae04b05724de03,944f93c6fa033d604d9e90219484c40564bfebf4e3306a041f5ec522a76c0b9b,0f2cf9a67445117338a1c28f1312c232b1cbb8285fc218b4057ed38b092a75be,0.2739839255809784,0.22697891108691692,0.24300185032188892,0.5834631156176329,0.14417595230042934,0.7157139480113983,0.0620849896222353,2.24940269254148,0.0,0.0,8.906446164473891,884.7637078724802,4284.108011517674,184000,184000,3000.0,,,False,False,ok
BNCI2014_001,resampled_spectral_raw_power_s1,resampled,spectral,raw_power,1,6398,369,500,500,1.0,22,253,0.0003004121388780691,0.017332401416943616,5.264529484896236,0.7518172972409357,24.818270275906425,24.818270275906425,0.00017951287644247708,0.5385386293274314,0.00019899897119209488,8.837606788258026e-05,0.0006038518968758825,5.3821512111983216e-05,188.24073761048203,5.716247880429664,0.03017952124818757,0.09236224807369398,0.1459989447547685,74294,fc335e54fe6776eed9d6b10eb24f8b7a848f920e6d1cfee6be46530d18d6acea,three_row_sha256,ca54042f8ada08c95ba282d65e9822fba77cce0a2f1aa3d22e881c2df3dd1af1,944f93c6fa033d604d9e90219484c40564bfebf4e3306a041f5ec522a76c0b9b,0f2cf9a67445117338a1c28f1312c232b1cbb8285fc218b4057ed38b092a75be,0.21622609347105026,0.22241612896323204,0.22073788568377495,0.5607651546597481,0.13341312296688557,0.6919610314071178,0.0574460718780756,2.1029654890298843,0.0,0.0,8.578305132687092,886.86667336151,4292.686316650361,184500,184500,3000.0,,,False,False,ok
BNCI2014_001,resampled_spectral_raw_power_s1,resampled,spectral,raw_power,1,6398,370,500,500,1.0,22,253,0.00029304002525406474,0.01711841187885327,5.266384545448931,0.7520822148589198,24.79177851410802,24.79177851410802,0.00017563745741911073,0.5269123722573321,0.00019995444166155535,8.156865927832321e-05,0.0005608754396674108,5.158597979991041e-05,188.240737610482,5.716247880429664,0.03017952124818757,0.09236224807369398,0.1459989447547685,74663,e07ec59ef6f300edd3e2704ef28878971d4b4c0f83c8cf6cb3404ae1f2abc805,three_row_sha256,810005615158b556def58e7ef6c9f7acabfec292042e0c0e05283d7993aa01c4,944f93c6fa033d604d9e90219484c40564bfebf4e3306a041f5ec522a76c0b9b,0f2cf9a67445117338a1c28f1312c232b1cbb8285fc218b4057ed38b092a75be,0.2163939643651247,0.22091111168265343,0.2214149571955204,0.5544151645153761,0.13366388157010078,0.5916990339756012,0.05625397898256779,1.9947520922869444,0.0,0.0,9.175454964861274,888.861425453797,4301.861771615222,185000,185000,3000.0,,,False,False,ok
BNCI2014_001,resampled_spectral_raw_power_s1,resampled,spectral,raw_power,1,6398,371,500,500,1.0,22,253,0.0003076130360038216,0.017538900649807603,5.263951551318089,0.7517347636618279,24.826523633817214,24.826523633817214,0.00018390630635152727,0.5517189190545817,0.000201476195067939,9.092805896322068e-05,0.000662166189241254,5.443769558044608e-05,188.240737610482,5.716247880429664,0.03017952124818757,0.09236224807369398,0.1459989447547685,75033,14bde3f4fac6ab5fe26496e7519dce4eea1b0e2045287dfb14f9a5916b17293c,three_row_sha256,64cd0622a015b402775d73796d1934ecd4f557076e2e4858b8d9c6c17660a6ca,944f93c6fa033d604d9e90219484c40564bfebf4e3306a041f5ec522a76c0b9b,0f2cf9a67445117338a1c28f1312c232b1cbb8285fc218b4057ed38b092a75be,0.2270189579576254,0.22334489040076733,0.22514211013913155,0.5545229651033878,0.13229204341769218,0.7223649881780148,0.05779997445642948,2.1424859296530485,0.0,0.0,9.196341037750244,891.00391138345,4311.058112652972,185500,185500,3000.0,,,False,False,ok
BNCI2014_001,resampled_spectral_raw_power_s1,resampled,spectral,raw_power,1,6398,372,500,500,1.0,22,253,0.0002919261046772059,0.017085845155484874,5.263794060090258,0.7517122726434783,24.828772735652173,24.828772735652173,0.00017781367210961482,0.5334410163288444,0.0001973272049917916,8.17533595323782e-05,0.0006614672881088668,4.951414874085603e-05,188.240737610482,5.716247880429664,0.03017952124818757,0.09236224807369398,0.1459989447547685,75404,adac1045a88e47a2f1ea99b5eb2c27df1ead8ee7e2880a3bcc6eeeaa20fede77,three_row_sha256,3e5b07bec534d35703e50011f5f329eb013cb92fee40eeb2f2cf8ffd2b8161cb,944f93c6fa033d604d9e90219484c40564bfebf4e3306a041f5ec522a76c0b9b,0f2cf9a67445117338a1c28f1312c232b1cbb8285fc218b4057ed38b092a75be,0.22197607904672623,0.22253603674471378,0.22679800167679787,0.5962180439382792,0.17353310249745846,0.6308641750365496,0.06993883289396763,2.1418642718344927,0.0,0.0,9.156419895589352,893.1457756552845,4320.214532548562,186000,186000,3000.0,,,False,False,ok
BNCI2014_001,resampled_spectral_raw_power_s1,resampled,spectral,raw_power,1,6398,373,500,500,1.0,22,253,0.0002980329079739942,0.01726362962919427,5.259785888154798,0.7511398733435902,24.886012665640976,24.886012665640976,0.0001846353814867591,0.5539061444602773,0.00019576976303669564,8.61379176646831e-05,0.00075502426684249,4.02213977325225e-05,188.24073761048203,5.716247880429664,0.03017952124818757,0.09236224807369398,0.1459989447547685,75776,065ba54bdbf969a0090716d00c5d2f2b640391783e93b1a594f3b5e86a76ca86,three_row_sha256,6ec2ba654a18056e17de2a11f154a73f22de8fae600dd80a53c35c7f6e3e5826,944f93c6fa033d604d9e90219484c40564bfebf4e3306a041f5ec522a76c0b9b,0f2cf9a67445117338a1c28f1312c232b1cbb8285fc218b4057ed38b092a75be,0.2171909436583519,0.22595515474677086,0.22404314950108528,1.0089240968227386,0.17541693523526192,2.3044850677251816,0.07424107752740383,4.230256425216794,0.0,0.0,9.839599020779133,897.3760320805013,4330.054131569341,186500,186500,3000.0,,,False,False,ok
BNCI2014_001,resampled_spectral_raw_power_s1,resampled,spectral,raw_power,1,6398,374,500,500,1.0,22,253,0.000317615359110046,0.017821766441911586,5.256237005694324,0.7506330642873746,24.936693571262534,24.936693571262534,0.0001934139548341028,0.5802418645023083,0.00020163344542955747,9.721196233223866e-05,0.0008863828671169452,4.899468615609082e-05,188.240737610482,5.716247880429664,0.03017952124818757,0.09236224807369398,0.1459989447547685,76149,cdfd4a0ee852c71863057bf55ef38c2e81c89cc3fd7f74cded18ef2bf6c5aea2,three_row_sha256,7cb363ad1a9bb26fab450cc982dd0a084e56323356415bd1a4cda1652820e580,944f93c6fa033d604d9e90219484c40564bfebf4e3306a041f5ec522a76c0b9b,0f2cf9a67445117338a1c28f1312c232b1cbb8285fc218b4057ed38b092a75be,0.22999499924480915,0.22354000248014927,0.22867601364850998,0.5754511803388596,0.13690302148461342,0.5800421349704266,0.05902606062591076,2.0336334127932787,0.0,0.0,9.875454008579254,899.4096654932946,4339.92958557792,187000,187000,3000.0,,,False,False,ok
BNCI2014_001,resampled_spectral_raw_power_s1,resampled,spectral,raw_power,1,6398,375,500,500,1.0,22,253,0.000287638198431288,0.016959899717607058,5.2546276562407765,0.750403236197333,24.959676380266707,24.959676380266707,0.00017603485273938875,0.5281045582181664,0.00019406270944580766,8.116744542201185e-05,0.0006350127257891388,5.6834140820799945e-05,188.24073761048203,5.716247880429665,0.03017952124818757,0.09236224807369398,0.1459989447547685,76523,9af354eb9a406c6314a23a6e89452df347eb9ec8ac16bc888128b71c2986bb13,three_row_sha256,b06d64733d1d9a1012ccc8a5fde97f75ec2bf20e41727cfaf45f8e8765192725,944f93c6fa033d604d9e90219484c40564bfebf4e3306a041f5ec522a76c0b9b,0f2cf9a67445117338a1c28f1312c232b1cbb8285fc218b4057ed38b092a75be,0.2494119107723236,0.22789090871810913,0.2440870739519596,0.6012730300426483,0.13749790377914906,0.6189420819282532,0.06335391663014889,2.142456825822592,0.0,0.0,9.486079216003418,901.5521223191172,4349.4156647939235,187500,187500,3000.0,,,False,False,ok
BNCI2014_001,resampled_spectral_raw_power_s1,resampled,spectral,raw_power,1,6398,376,500,500,1.0,22,253,0.0003135032419268117,0.017706022758564716,5.254865001811084,0.7504371310602438,24.95628689397562,24.95628689397562,0.00018907374088422734,0.567221222652682,0.0002039962042579382,9.283389474004964e-05,0.0007721834162989333,3.919642810953279e-05,188.24073761048203,5.716247880429664,0.03017952124818757,0.09236224807369398,0.1459989447547685,76898,7a73ed24c44bf121695c412294a77a4fe1325118532a215f6860096f37a0139a,three_row_sha256,5d5a8950cc089acdfa0be5ef1b759e5b28744b63256502340fd0704f0912d423,944f93c6fa033d604d9e90219484c40564bfebf4e3306a041f5ec522a76c0b9b,0f2cf9a67445117338a1c28f1312c232b1cbb8285fc218b4057ed38b092a75be,0.22005918435752392,0.2230638638138771,0.224800081923604,0.5634010303765535,0.1364171039313078,0.5747389513999224,0.06696092896163464,2.0094411447644234,0.0,0.0,8.758243173360825,903.5615634638816,4358.173907967284,188000,188000,3000.0,,,False,False,ok
BNCI2014_001,resampled_spectral_raw_power_s1,resampled,spectral,raw_power,1,6398,377,500,500,1.0,22,253,0.000318690232319306,0.017851897163027406,5.253201852952226,0.7501996199809415,24.980038001905843,24.980038001905843,0.00018679641602092548,0.5603892480627765,0.00020624555112597705,9.671970468567115e-05,0.0006276472201765766,5.045011072778025e-05,188.24073761048203,5.716247880429664,0.03017952124818757,0.09236224807369398,0.1459989447547685,77274,88a94274f41a48798ecd68186c6e6bd0cf28e00c1c90a8c425253cfd0770253f,three_row_sha256,17e86344dc5616ccd84ff0690c829150fbb46207bad777f42c9f10ed30547c13,944f93c6fa033d604d9e90219484c40564bfebf4e3306a041f5ec522a76c0b9b,0f2cf9a67445117338a1c28f1312c232b1cbb8285fc218b4057ed38b092a75be,0.23100990802049637,0.22537494078278542,0.22780196741223335,0.5842058453708887,0.1380669418722391,0.621468061581254,0.0645879190415144,2.0925155840814114,0.0,0.0,8.636069018393755,905.654079047963,4366.809976985678,188500,188500,3000.0,,,False,False,ok
BNCI2014_001,resampled_spectral_raw_power_s1,resampled,spectral,raw_power,1,6398,378,500,500,1.0,22,253,0.00030319411196562493,0.017412470013344603,5.253416742260625,0.7502303079084212,24.976969209157886,24.976969209157886,0.00018461378801914216,0.5538413640574265,0.00019562476400186325,9.09900837499528e-05,0.0006170865554937503,5.626960502209441e-05,188.24073761048203,5.716247880429664,0.03017952124818757,0.09236224807369398,0.1459989447547685,77651,5de45e74f4ac3346e35cdc04b2f4d654e910023b001bc22d735a25b9a3d379e9,three_row_sha256,88295cf779769274cf6862cbbd4d5b18f351878ad1006ed38d1c6cd19c1ee660,944f93c6fa033d604d9e90219484c40564bfebf4e3306a041f5ec522a76c0b9b,0f2cf9a67445117338a1c28f1312c232b1cbb8285fc218b4057ed38b092a75be,0.22015091963112354,0.23549096658825874,0.22338004782795906,0.5844959523528814,0.13517006300389767,0.595819903537631,0.05801999941468239,2.052527852356434,0.0,0.0,11.858646990731359,907.7066069003195,4378.668623976409,189000,189000,3000.0,,,False,False,ok
BNCI2014_001,resampled_spectral_raw_power_s1,resampled,spectral,raw_power,1,6398,379,500,500,1.0,22,253,0.00029385515814215615,0.01714220400479927,5.254196721681361,0.7503416952644392,24.965830473556085,24.965830473556085,0.00018182525983462795,0.5454757795038839,0.00019497478630583318,8.444464648204423e-05,0.0006581308419435184,4.0756960141126463e-05,188.24073761048203,5.716247880429664,0.03017952124818757,0.09236224807369398,0.1459989447547685,78029,bf8a4cf6789945ef8c077a8a79fa532a30efd26a8984d71f3b52a9f7a8a3a0d7,three_row_sha256,9acf25afd75f112a3a5578d285bd4022412bdd57531f37ca0d4dd11e29a245f4,944f93c6fa033d604d9e90219484c40564bfebf4e3306a041f5ec522a76c0b9b,0f2cf9a67445117338a1c28f1312c232b1cbb8285fc218b4057ed38b092a75be,0.28069084510207176,0.2265959046781063,0.24218903854489326,0.6737308576703072,0.15162304043769836,0.6379480473697186,0.10737706907093525,2.3201548028737307,0.0,0.0,11.739850975573063,910.0267617031932,4390.4084749519825,189500,189500,3000.0,,,False,False,ok
BNCI2014_001,resampled_spectral_raw_power_s1,resampled,spectral,raw_power,1,6398,380,500,500,1.0,22,253,0.0002988124464744329,0.017286192364845212,5.251148674665856,0.7499064095517017,25.00935904482983,25.00935904482983,0.00017870297981624502,0.5361089394487352,0.00020154944444590302,8.589946902837525e-05,0.0006050316633862513,6.503681551047805e-05,188.24073761048203,5.716247880429664,0.03017952124818757,0.09236224807369398,0.1459989447547685,78408,092cffcb6eb81fcd77b2e817d13c42b97e784a44bafd3c66b02fa6bafbb9048c,three_row_sha256,c064125497adb118a14f0a977d132f8c40f6b9374db2a3a77bea3c8d1622bc2b,944f93c6fa033d604d9e90219484c40564bfebf4e3306a041f5ec522a76c0b9b,0f2cf9a67445117338a1c28f1312c232b1cbb8285fc218b4057ed38b092a75be,0.23163598962128162,0.22547179833054543,0.2326839603483677,0.5841560196131468,0.13762013986706734,0.7461090572178364,0.059162965044379234,2.2168399300426245,0.0,0.0,12.416570913046598,912.2436016332358,4402.825045865029,190000,190000,3000.0,,,False,False,ok
BNCI2014_001,resampled_spectral_raw_power_s1,resampled,spectral,raw_power,1,6398,381,500,500,1.0,22,253,0.00030369666125715965,0.017426894768063517,5.250305680216,0.7497860231409696,25.02139768590304,25.02139768590304,0.00018051138199088728,0.5415341459726618,0.00019966671034127122,9.086392094576843e-05,0.0005675008117024908,5.268447935927982e-05,188.24073761048203,5.716247880429664,0.03017952124818757,0.09236224807369398,0.1459989447547685,78788,15ae38c0973e6cbacf88bebc0905af3313716765ef1f8602a73b54a597109d4f,three_row_sha256,12d7676b62bb7b266607e535c201655dd3cae169247a2e84343cdb485f9e6d60,944f93c6fa033d604d9e90219484c40564bfebf4e3306a041f5ec522a76c0b9b,0f2cf9a67445117338a1c28f1312c232b1cbb8285fc218b4057ed38b092a75be,0.22219493985176086,0.22220495156943798,0.22016302682459354,0.5558580160140991,0.14092889614403248,0.7143858820199966,0.05696411244571209,2.1326998248696327,0.0,0.0,13.303749961778522,914.3763014581054,4416.128795826808,190500,190500,3000.0,,,False,False,ok
BNCI2014_001,resampled_spectral_raw_power_s1,resampled,spectral,raw_power,1,6398,382,500,500,1.0,22,253,0.00028455943497878323,0.016868889559742313,5.248804724737055,0.7495716745852826,25.042832541471743,25.042832541471743,0.00017181621024621186,0.5154486307386356,0.00019693296126571536,7.770139051418961e-05,0.0005110022274163642,5.485261777350043e-05,188.24073761048203,5.716247880429664,0.03017952124818757,0.09236224807369398,0.1459989447547685,79169,62c4b5007419324ec44c5c96026aa428e7529d95e936ddbbf025d4d4f9e31176,three_row_sha256,1d1c8f3de1ddf31e3a899dca7bf49d7894acce302044b0f0f3e1103d6a86ed64,944f93c6fa033d604d9e90219484c40564bfebf4e3306a041f5ec522a76c0b9b,0f2cf9a67445117338a1c28f1312c232b1cbb8285fc218b4057ed38b092a75be,0.24837395176291466,0.232744961977005,0.23791496641933918,0.5842831451445818,0.13718614354729652,0.770065002143383,0.06098509766161442,2.2715532686561346,0.0,0.0,12.223671888932586,916.6478547267616,4428.35246771574,191000,191000,3000.0,,,False,False,ok
BNCI2014_001,resampled_spectral_raw_power_s1,resampled,spectral,raw_power,1,6398,383,500,500,1.0,22,253,0.00027956793170423876,0.016720285036572753,5.248595375931461,0.7495417778863176,25.045822211368243,25.045822211368243,0.0001705305522846084,0.5115916568538252,0.00019353688091591537,7.651830781332859e-05,0.0005021993021130747,4.982044643820625e-05,188.24073761048203,5.716247880429664,0.03017952124818757,0.09236224807369398,0.1459989447547685,79551,aad934858021cc7e35b7a0afedd72033a5c0f9564a70582c1eb59190667ef685,three_row_sha256,b863d5f99f1f6ffbc6a36000376066311d2808c9e017b4706047f1d4ac2cd82c,944f93c6fa033d604d9e90219484c40564bfebf4e3306a041f5ec522a76c0b9b,0f2cf9a67445117338a1c28f1312c232b1cbb8285fc218b4057ed38b092a75be,0.2753199078142643,0.22844597697257996,0.24149613454937935,0.6835709791630507,0.1590200699865818,0.7207870949059725,0.06939307786524296,2.3780332412570715,0.0,0.0,9.508277988061309,919.0258879680187,4437.8607457038015,191500,191500,3000.0,,,False,False,ok
BNCI2014_001,resampled_spectral_raw_power_s1,resampled,spectral,raw_power,1,6398,384,500,500,1.0,22,253,0.00030211392505056784,0.01738142471291027,5.2480577204208245,0.7494649963403098,25.053500365969015,25.053500365969015,0.0001805762611867335,0.5417287835602006,0.0001951409028941341,9.313447224646523e-05,0.0005884587700523453,3.159922600542975e-05,188.24073761048203,5.716247880429664,0.03017952124818757,0.09236224807369398,0.1459989447547685,79934,5c315ca5cbb5eb4d37314c7f858778b5002482445de0b529721e782309b5acc7,three_row_sha256,db8c67c6a3c0cd24022a0e1d034eaec362d783d193878d337b32ca1787defd7d,944f93c6fa033d604d9e90219484c40564bfebf4e3306a041f5ec522a76c0b9b,0f2cf9a67445117338a1c28f1312c232b1cbb8285fc218b4057ed38b092a75be,0.2146330662071705,0.22224104031920433,0.2209299709647894,0.5513238720595837,0.13879407197237015,0.7156189531087875,0.06815092638134956,2.131691901013255,0.0,0.0,8.994336007162929,921.1575798690319,4446.855081710964,192000,192000,3000.0,,,False,False,ok
BNCI2014_001,resampled_spectral_raw_power_s1,resampled,spectral,raw_power,1,6398,385,500,500,1.0,22,253,0.00031196468436533466,0.017662522027313502,5.247903260703196,0.7494429382460825,25.05570617539174,25.05570617539174,0.00019214566917444216,0.5764370075233265,0.00019896315345752658,9.388796125303643e-05,0.0008783844199190664,4.476071788565842e-05,188.24073761048203,5.716247880429664,0.03017952124818757,0.09236224807369398,0.1459989447547685,80318,64c658e04ff2b2da6057d732dce3f115f005a1f734839be9d91ff22561d58ff8,three_row_sha256,4824953e4f8bf7f516fab00dceef51c77815730c5ea96fdb8e229650f7dde087,944f93c6fa033d604d9e90219484c40564bfebf4e3306a041f5ec522a76c0b9b,0f2cf9a67445117338a1c28f1312c232b1cbb8285fc218b4057ed38b092a75be,0.23781904019415379,0.22230297327041626,0.22726994939148426,0.57563791051507,0.135831069201231,0.9406208992004395,0.060277059674263,2.3997589014470577,0.0,0.0,9.235206060111523,923.557338770479,4456.090287771076,192500,192500,3000.0,,,False,False,ok
BNCI2014_001,resampled_spectral_raw_power_s1,resampled,spectral,raw_power,1,6398,386,500,500,1.0,22,253,0.0002980451101686651,0.017263983033143453,5.248799545570274,0.7495709349584684,25.042906504153162,25.042906504153162,0.00017934537741995217,0.5380361322598565,0.000196737842068094,8.750696741307476e-05,0.0006001588423726523,3.5626155051878815e-05,188.240737610482,5.716247880429665,0.03017952124818757,0.09236224807369398,0.1459989447547685,80703,2f620bfc646d76894f698fdab2c8c816dc1848f58336a291b5256d99a0c0a148,three_row_sha256,8009b0c4fefc24b795b65e4baaac09b265e290d4fd4986c344c836972fd266c6,944f93c6fa033d604d9e90219484c40564bfebf4e3306a041f5ec522a76c0b9b,0f2cf9a67445117338a1c28f1312c232b1cbb8285fc218b4057ed38b092a75be,0.22196792997419834,0.22203102707862854,0.22897101007401943,0.5609639920294285,0.13504503294825554,0.5916520021855831,0.05913199856877327,2.0197629928588867,0.0,0.0,8.477063151076436,925.5771017633379,4464.567350922152,193000,193000,3000.0,,,False,False,ok
BNCI2014_001,resampled_spectral_raw_power_s1,resampled,spectral,raw_power,1,6398,387,500,500,1.0,22,253,0.0002920265550527551,0.017088784481429774,5.2471703615115075,0.7493382743267284,25.066172567327165,25.066172567327165,0.0001793390464512872,0.5380171393538616,0.00019290479532593557,8.494028721676298e-05,0.000653156911196855,5.924232301058027e-05,188.24073761048203,5.716247880429664,0.03017952124818757,0.09236224807369398,0.1459989447547685,81089,5910f59438f22ef7c18055ef7e9729a659336587d99064cb7812151c770bfa3c,three_row_sha256,845f45ba087f0d7924527af1f2804bcd3896ae4880b3f71877f8f01580cd14a3,944f93c6fa033d604d9e90219484c40564bfebf4e3306a041f5ec522a76c0b9b,0f2cf9a67445117338a1c28f1312c232b1cbb8285fc218b4057ed38b092a75be,0.21507195197045803,0.22197701036930084,0.22297888062894344,0.5498649552464485,0.1416909508407116,0.5917930975556374,0.05811406299471855,2.0014909096062183,0.0,0.0,9.080210933461785,927.5785926729441,4473.647561855614,193500,193500,3000.0,,,False,False,ok
BNCI2014_001,resampled_spectral_raw_power_s1,resampled,spectral,raw_power,1,6398,388,500,500,1.0,22,253,0.0003048907473033912,0.017461121020810526,5.245443616051295,0.7490916811395034,25.090831886049653,25.090831886049653,0.00018342645314259424,0.5502793594277828,0.0001966751347184979,9.24764691671332e-05,0.0006715776602774512,5.432690807732852e-05,188.240737610482,5.716247880429664,0.03017952124818757,0.09236224807369398,0.1459989447547685,81476,63bb4d4fdf32bcef1946ca5be0da90054f50752bd6d9a4cb57c02da5d12a72b0,three_row_sha256,9f3d1d843e84f0c6830bd0c30315226043aa0074b48094ab1d7adb510e6c513c,944f93c6fa033d604d9e90219484c40564bfebf4e3306a041f5ec522a76c0b9b,0f2cf9a67445117338a1c28f1312c232b1cbb8285fc218b4057ed38b092a75be,0.2088029868900776,0.2214200794696808,0.22972607985138893,0.5466740112751722,0.13346411287784576,0.6851989310234785,0.057200901210308075,2.082487102597952,0.0,0.0,10.743239894509315,929.661079775542,4484.3908017501235,194000,194000,3000.0,,,False,False,ok
BNCI2014_001,resampled_spectral_raw_power_s1,resampled,spectral,raw_power,1,6398,389,500,500,1.0,22,253,0.0002835230441991215,0.016838142540052378,5.243820908572126,0.7488599454155985,25.11400545844015,25.11400545844015,0.00017713224234628503,0.5313967270388551,0.00018752119799237397,8.2001147706767e-05,0.0006607557984673836,4.089414640627215e-05,188.24073761048203,5.716247880429664,0.03017952124818757,0.09236224807369398,0.1459989447547685,81864,8fe1e2d3ba6ac12da574044c8ede8d0fdd01e534d20b65c5e19b66efeb80b6f1,three_row_sha256,c82fe23effa41d87a5381430eab9c1fe494ab7b788fd8dcbea3ce43fd08f75ab,944f93c6fa033d604d9e90219484c40564bfebf4e3306a041f5ec522a76c0b9b,0f2cf9a67445117338a1c28f1312c232b1cbb8285fc218b4057ed38b092a75be,0.2568489871919155,0.22519007325172424,0.23649493232369423,0.5881290417164564,0.14028698205947876,0.7559361401945353,0.06741308607161045,2.270299242809415,0.0,0.0,12.553784996271133,931.9313790183514,4496.944586746395,194500,194500,3000.0,,,False,False,ok
BNCI2014_001,resampled_spectral_raw_power_s1,resampled,spectral,raw_power,1,6398,390,500,500,1.0,22,253,0.0003020243105190518,0.017378846639493996,5.242604627201318,0.748686250619984,25.131374938001606,25.131374938001606,0.0001815827213750576,0.5447481641251728,0.00020043277844760134,8.827880151494724e-05,0.0006526284070039887,5.5311364306782386e-05,188.24073761048203,5.716247880429665,0.03017952124818757,0.09236224807369398,0.1459989447547685,82253,f3a587278b3977daff3108719e922b9665d3a53ed461488f113e8fba193b18dd,three_row_sha256,cd8e27ff0f4cafd887b5db351ebfb79c7ef164a052d3048891158d14e3c68d1e,944f93c6fa033d604d9e90219484c40564bfebf4e3306a041f5ec522a76c0b9b,0f2cf9a67445117338a1c28f1312c232b1cbb8285fc218b4057ed38b092a75be,0.24322280660271645,0.23208698257803917,0.22981292568147182,0.5864331033080816,0.13840897008776665,0.7414962165057659,0.06104097701609135,2.232501981779933,0.0,0.0,11.818313971161842,934.1638810001314,4508.7629007175565,195000,195000,3000.0,,,False,False,ok
BNCI2014_001,resampled_spectral_raw_power_s1,resampled,spectral,raw_power,1,6398,391,500,500,1.0,22,253,0.0003098934343884536,0.017603790341527405,5.242176193214641,0.7486250667890579,25.13749332109421,25.13749332109421,0.0001835847251088571,0.5507541753265713,0.00020219161274883177,9.293140411612699e-05,0.0005955844582302772,5.497708501442325e-05,188.24073761048203,5.716247880429664,0.03017952124818757,0.09236224807369398,0.1459989447547685,82643,d8ac67716e28a22417fc7f657a73ca42865c80db48232788c223feb50fc03b21,three_row_sha256,684a497c6d1176ab95797443f88d6129a44afc16722b3696843f5df7f22760c0,944f93c6fa033d604d9e90219484c40564bfebf4e3306a041f5ec522a76c0b9b,0f2cf9a67445117338a1c28f1312c232b1cbb8285fc218b4057ed38b092a75be,0.25894097052514553,0.22388901561498642,0.22742780856788158,0.5873560439795256,0.14143716543912888,0.7445390801876783,0.06141792982816696,2.2450080141425133,0.0,0.0,10.893891798332334,936.4088890142739,4519.656792515889,195500,195500,3000.0,,,False,False,ok
BNCI2014_001,resampled_spectral_raw_power_s1,resampled,spectral,raw_power,1,6398,392,500,500,1.0,22,253,0.0003026681799200542,0.01739736129187568,5.240909892332188,0.7484442288035036,25.15557711964964,25.15557711964964,0.00017870200973965454,0.5361060292189636,0.00020031896453795984,8.948254132659972e-05,0.0005692921445310901,5.8743744554344356e-05,188.24073761048203,5.716247880429664,0.03017952124818757,0.09236224807369398,0.1459989447547685,83034,eccadf372ad13d73825e2683dd420e072ac6224562464e9c448c8e0a01e14fdb,three_row_sha256,9cbb4f53cd8691872af9d6e4c92c3e768d8266436a1164756ef134adba04c10b,944f93c6fa033d604d9e90219484c40564bfebf4e3306a041f5ec522a76c0b9b,0f2cf9a67445117338a1c28f1312c232b1cbb8285fc218b4057ed38b092a75be,0.36293803714215755,0.2441219985485077,0.25482079945504665,0.986665952950716,0.24688895791769028,0.7380291353911161,0.0641639344394207,2.897628815844655,0.0,0.0,10.442503029480577,939.3065178301185,4530.099295545369,196000,196000,3000.0,,,False,False,ok
BNCI2014_001,resampled_spectral_raw_power_s1,resampled,spectral,raw_power,1,6398,393,500,500,1.0,22,253,0.0002925186669967808,0.017103177102421083,5.239314741438862,0.7482164283824493,25.17835716175507,25.17835716175507,0.00017844612235373914,0.5353383670612174,0.00019468069078099168,8.447208922066471e-05,0.00064612083925924,4.627143174271768e-05,188.24073761048203,5.716247880429664,0.03017952124818757,0.09236224807369398,0.1459989447547685,83426,de34e3d76f1584eeac732e24bc99d1f9267006a7bfe82344f6b9b0fd715ab62c,three_row_sha256,6fda62757f7ccfd0bbadd07b01c6ad01c56ffbc41826b90d5f94f7cabb2c1796,944f93c6fa033d604d9e90219484c40564bfebf4e3306a041f5ec522a76c0b9b,0f2cf9a67445117338a1c28f1312c232b1cbb8285fc218b4057ed38b092a75be,0.3838909324258566,0.25958195328712463,0.25664782151579857,1.007474958896637,0.24375785142183304,0.7750699296593666,0.10682502761483192,3.0332484748214483,0.0,0.0,9.622124955058098,942.33976630494,4539.7214205004275,196500,196500,3000.0,,,False,False,ok
BNCI2014_001,resampled_spectral_raw_power_s1,resampled,spectral,raw_power,1,6398,394,500,500,1.0,22,253,0.0002898978863284512,0.017026387941323644,5.237118142794089,0.7479027363685715,25.209726363142845,25.209726363142845,0.00017732951867955652,0.5319885560386696,0.0001945221126025025,8.223754155457655e-05,0.0006392174163138362,4.007767341010721e-05,188.24073761048203,5.716247880429665,0.03017952124818757,0.09236224807369398,0.1459989447547685,83819,0e269869b8e30e4bc79281cc5baf07b4a3c705136e20447a7b8fdd8ec671d044,three_row_sha256,19ed46d9a31923cc6c30778e902c13329610baef3da9fbecd5f66c5769f6120f,944f93c6fa033d604d9e90219484c40564bfebf4e3306a041f5ec522a76c0b9b,0f2cf9a67445117338a1c28f1312c232b1cbb8285fc218b4057ed38b092a75be,0.25008898228406906,0.23125088773667812,0.2268119715154171,0.5702630151063204,0.14263601042330265,0.7071159780025482,0.06020907312631607,2.1883759181946516,0.0,0.0,10.903251124545932,944.5281422231346,4550.624671624973,197000,197000,3000.0,,,False,False,ok
BNCI2014_001,resampled_spectral_raw_power_s1,resampled,spectral,raw_power,1,6398,395,500,500,1.0,22,253,0.00029342178278804584,0.017129558744697595,5.239317476482455,0.7482168189687473,25.17831810312527,25.17831810312527,0.0001781409674564642,0.5344229023693926,0.00019675486420110645,8.428029330611143e-05,0.0006087276988395176,4.8887085426291645e-05,188.24073761048203,5.716247880429664,0.03017952124818757,0.09236224807369398,0.1459989447547685,84213,8288945e1f607cb93799a43f633f3c232e2b0f6d00403bf0d600fe94874920f4,three_row_sha256,d9741acb46f169d0357103eadda71feb14584dd14dab86ca792088f265e965aa,944f93c6fa033d604d9e90219484c40564bfebf4e3306a041f5ec522a76c0b9b,0f2cf9a67445117338a1c28f1312c232b1cbb8285fc218b4057ed38b092a75be,0.27727801352739334,0.2270941622555256,0.2394900657236576,0.5896028596907854,0.1349130179733038,0.8816590998321772,0.060434918850660324,2.4104721378535032,0.0,0.0,9.358856827020645,946.9386143609881,4559.983528451994,197500,197500,3000.0,,,False,False,ok
BNCI2014_001,resampled_spectral_raw_power_s1,resampled,spectral,raw_power,1,6398,396,500,500,1.0,22,253,0.00029608358634871724,0.017207079541535143,5.237919380514504,0.7480171595813464,25.19828404186536,25.19828404186536,0.00018164040871973476,0.5449212261592044,0.00019205498282666807,8.824810297188372e-05,0.0006421043190557662,5.3984628112187455e-05,188.24073761048203,5.716247880429664,0.03017952124818757,0.09236224807369398,0.1459989447547685,84608,c86151e499e37f65474b9984d8627b65160059682ae33bcd65076c7966e96b5d,three_row_sha256,5ef5c4370a84cc518925fb4de2bf40082cabd0d15bea0efd5089251506b1eeba,944f93c6fa033d604d9e90219484c40564bfebf4e3306a041f5ec522a76c0b9b,0f2cf9a67445117338a1c28f1312c232b1cbb8285fc218b4057ed38b092a75be,0.23138406686484814,0.2217970322817564,0.22187293507158756,0.6102879997342825,0.13365503400564194,0.6045568734407425,0.062066130340099335,2.0856200717389584,0.0,0.0,9.198770858347416,949.0242344327271,4569.1822993103415,198000,198000,3000.0,,,False,False,ok
BNCI2014_001,resampled_spectral_raw_power_s1,resampled,spectral,raw_power,1,6398,397,500,500,1.0,22,253,0.0003117877640394454,0.017657512963026402,5.235517487470984,0.7476741498705219,25.2325850129478,25.2325850129478,0.00018829257954050465,0.564877738621514,0.00019891587870868633,9.506657745752743e-05,0.0006928947781321933,5.0833166239414235e-05,188.24073761048203,5.716247880429665,0.03017952124818757,0.09236224807369398,0.1459989447547685,85004,0b2fa322b2a021e21f6dafe8d2a80e830c14b304073806c77d2214eaf1dd267d,three_row_sha256,84bc1047ab505dc7397f0f3002257106c0aeb56a74539346e2ea1d0a332554e5,944f93c6fa033d604d9e90219484c40564bfebf4e3306a041f5ec522a76c0b9b,0f2cf9a67445117338a1c28f1312c232b1cbb8285fc218b4057ed38b092a75be,0.4041609354317188,0.25088200345635414,0.2655470743775368,1.0091210715472698,0.24345703423023224,0.6600259803235531,0.10402081534266472,2.9372149147093296,0.0,0.0,11.677196947857738,951.9614493474364,4580.859496258199,198500,198500,3000.0,,,False,False,ok
BNCI2014_001,resampled_spectral_raw_power_s1,resampled,spectral,raw_power,1,6398,398,500,500,1.0,22,253,0.0002954113755759774,0.01718753547126456,5.23202099569794,0.7471748226272846,25.282517737271533,25.282517737271533,0.00018136182909907046,0.5440854872972114,0.00019292384502386458,8.789835360710363e-05,0.0006781456096509606,5.028913639081403e-05,188.240737610482,5.716247880429664,0.03017952124818757,0.09236224807369398,0.1459989447547685,85401,a7c596a2385521d4c57d171c34105c1ed941525480f1fa8ec08a7b9e75133ba9,three_row_sha256,6f4be12e4c30182ece9efd3add2db3552f5770a2484959f2775fa7216ccf4dd9,944f93c6fa033d604d9e90219484c40564bfebf4e3306a041f5ec522a76c0b9b,0f2cf9a67445117338a1c28f1312c232b1cbb8285fc218b4057ed38b092a75be,0.2655070275068283,0.22709579207003117,0.23973407223820686,0.5845229607075453,0.14986703172326088,0.608472153544426,0.0633099116384983,2.1385089494287968,0.0,0.0,13.32983304746449,954.0999582968652,4594.189329305664,199000,199000,3000.0,,,False,False,ok
BNCI2014_001,resampled_spectral_raw_power_s1,resampled,spectral,raw_power,1,6398,399,500,500,1.0,22,253,0.00031086233286273257,0.01763128846292104,5.229571791971009,0.7468250565690534,25.31749434309466,25.31749434309466,0.00018712959877918814,0.5613887963375644,0.00019912930606680752,9.520824844071109e-05,0.0007055005137109345,5.8616148056410674e-05,188.24073761048203,5.716247880429664,0.03017952124818757,0.09236224807369398,0.1459989447547685,85799,04ebdb52ecdc1897b290fbef23592752c6bcfb34daf8646fb56f538b1f6ff733,three_row_sha256,5f3dc73e7450fca367f98875c3005b7c302e4eb361e79fbd9f16b82ad5d8d582,944f93c6fa033d604d9e90219484c40564bfebf4e3306a041f5ec522a76c0b9b,0f2cf9a67445117338a1c28f1312c232b1cbb8285fc218b4057ed38b092a75be,0.25906204245984554,0.23791403509676456,0.24173595011234283,0.6053280085325241,0.14171190559864044,0.6384828593581915,0.06660493090748787,2.190839732065797,0.0,0.0,12.207088991999626,956.290798028931,4606.396418297663,199500,199500,3000.0,,,False,False,ok
BNCI2014_001,resampled_spectral_raw_power_s1,resampled,spectral,raw_power,1,6398,400,500,500,1.0,22,253,0.0003055176415138627,0.017479062947248138,5.227292782496986,0.7464995956236713,25.35004043763287,25.35004043763287,0.00018201888761569562,0.5460566628470869,0.000203545649211988,8.911035571816902e-05,0.000618514153027496,4.572113411244128e-05,188.240737610482,5.716247880429664,0.03017952124818757,0.09236224807369398,0.1459989447547685,86198,65689c2a988f2387db552879403b1f61bbe1237e6f4daa1ef4dd6bdca91c2d79,three_row_sha256,77355cec2bc61e435b4ad411966f48e5a552883ec21edc9fa817035360c6abab,944f93c6fa033d604d9e90219484c40564bfebf4e3306a041f5ec522a76c0b9b,0f2cf9a67445117338a1c28f1312c232b1cbb8285fc218b4057ed38b092a75be,0.355148920789361,0.24548708461225033,0.2444358542561531,0.6073920521885157,0.13663014397025108,0.849852105602622,0.061535974964499474,2.5004821363836527,0.0,0.0,10.455649811774492,958.7912801653147,4616.852068109438,200000,200000,3000.0,,,False,False,ok
BNCI2014_001,resampled_spectral_raw_power_s1,resampled,spectral,raw_power,1,6398,401,500,500,1.0,22,253,0.00029501705530976194,0.017176060529404347,5.226675834627221,0.7464114904888599,25.358850951114007,25.358850951114007,0.00017896656283302028,0.5368996884990609,0.00019638052006947936,8.643395055154488e-05,0.0006163553661188994,4.009669322175844e-05,188.240737610482,5.716247880429664,0.03017952124818757,0.09236224807369398,0.1459989447547685,86598,5caab922f616e19cccc18c579f9477540094e71d80032f8b17323ed9b12a069d,three_row_sha256,405af43e4287f5df63a37e6d171fca525f1e6d3c1b6c1457348dc20161fa1eab,944f93c6fa033d604d9e90219484c40564bfebf4e3306a041f5ec522a76c0b9b,0f2cf9a67445117338a1c28f1312c232b1cbb8285fc218b4057ed38b092a75be,0.3575300797820091,0.24485192261636257,0.24489499628543854,0.9621079079806805,0.23416895419359207,0.4803889896720648,0.1010349951684475,2.624977845698595,0.0,0.0,8.896161103621125,961.4162580110133,4625.748229213059,200500,200500,3000.0,,,False,False,ok
BNCI2014_001,resampled_spectral_raw_power_s1,resampled,spectral,raw_power,1,6398,402,500,500,1.0,22,253,0.00030106473998015016,0.017351217247794176,5.2267159172990185,0.7464172146178754,25.358278538212467,25.358278538212467,0.00018094612920914344,0.5428383876274303,0.00019714784733575045,9.018690702861912e-05,0.0006108133846758829,4.3848908617498967e-05,188.24073761048203,5.716247880429664,0.03017952124818757,0.09236224807369398,0.1459989447547685,86999,15e89df02d8e62263131675ac55f0d4f400e7cc0ad855e298a86daf1ab2bb58a,three_row_sha256,3566131ac05d3e94c2404c24a4a671669254be3193398d40fcf0ecc862a54f3c,944f93c6fa033d604d9e90219484c40564bfebf4e3306a041f5ec522a76c0b9b,0f2cf9a67445117338a1c28f1312c232b1cbb8285fc218b4057ed38b092a75be,0.22290903143584728,0.22521312348544598,0.23815594613552094,0.807381933555007,0.17684395425021648,0.7374410051852465,0.07140496745705605,2.47934996150434,0.0,0.0,10.24967199191451,963.8956079725176,4635.9979012049735,201000,201000,3000.0,,,False,False,ok
BNCI2014_001,resampled_spectral_raw_power_s1,resampled,spectral,raw_power,1,6398,403,500,500,1.0,22,253,0.0002828125048043283,0.016817030201683302,5.2268474356510914,0.7464359964999555,25.356400350004442,25.356400350004442,0.00017128390547056785,0.5138517164117036,0.00019363176024848078,7.969114383307501e-05,0.0005133181015022346,5.2849602961984116e-05,188.240737610482,5.716247880429664,0.03017952124818757,0.09236224807369398,0.1459989447547685,87401,e3bc1015a064599626c89280e5bbc3832d13690335492e5bc5249258857217c1,three_row_sha256,bf669cb96d3fce4a01e6deb0a9d2422ac776e0945723577707078d31a17871c2,944f93c6fa033d604d9e90219484c40564bfebf4e3306a041f5ec522a76c0b9b,0f2cf9a67445117338a1c28f1312c232b1cbb8285fc218b4057ed38b092a75be,0.23587699979543686,0.2234070561826229,0.22272090427577496,0.6352618802338839,0.13444898650050163,0.6683880928903818,0.0616009347140789,2.181704854592681,0.0,0.0,10.901532135903835,966.0773128271103,4646.899433340877,201500,201500,3000.0,,,False,False,ok
BNCI2014_001,resampled_spectral_raw_power_s1,resampled,spectral,raw_power,1,6398,404,500,500,1.0,22,253,0.000294381529442284,0.017157550216807874,5.224918686569912,0.7461605555654088,25.383944443459114,25.383944443459114,0.00017882729234578807,0.5364818770373642,0.0001959264727829136,8.566574975365752e-05,0.0006072446338801034,4.0503486810882934e-05,188.240737610482,5.716247880429664,0.03017952124818757,0.09236224807369398,0.1459989447547685,87804,504e107ae3e819f1c6c6b36b64121b29284293939b1a643a4a8a7763d51d0d99,three_row_sha256,bfbb99d62bedc6e2b6e2abfe6d043b716827a56cac5c2c033203f4ca7e243186,944f93c6fa033d604d9e90219484c40564bfebf4e3306a041f5ec522a76c0b9b,0f2cf9a67445117338a1c28f1312c232b1cbb8285fc218b4057ed38b092a75be,0.23949705064296722,0.23931311443448067,0.23316778242588043,0.5784919485449791,0.13584899716079235,0.6291989702731371,0.07459009066224098,2.130107954144478,0.0,0.0,11.656849877908826,968.2074207812548,4658.556283218786,202000,202000,3000.0,,,False,False,ok
BNCI2014_001,resampled_spectral_raw_power_s1,resampled,spectral,raw_power,1,6398,405,500,500,1.0,22,253,0.00028649088713436285,0.016926041685354637,5.225752194714539,0.746279587255196,25.372041274480395,25.372041274480395,0.00017223481030665235,0.5167044309199571,0.0001915483721479466,8.537444097969575e-05,0.0005129080698664556,4.6417648685045444e-05,188.24073761048203,5.716247880429664,0.03017952124818757,0.09236224807369398,0.1459989447547685,88208,b1eba7691efdaebd0524a16492ec13781075b4b1b752fb777bd08cc472a50e74,three_row_sha256,1ae05596e8efc49be530f18bf2dab4e84ad5f41737df017dd4097e712c0be135,944f93c6fa033d604d9e90219484c40564bfebf4e3306a041f5ec522a76c0b9b,0f2cf9a67445117338a1c28f1312c232b1cbb8285fc218b4057ed38b092a75be,0.4092329181730747,0.2679480239748955,0.2626231871545315,1.0256178211420774,0.24687405675649643,0.7200278341770172,0.10869395919144154,3.0410178005695343,0.0,0.0,9.303888073191047,971.2484385818243,4667.860171291977,202500,202500,3000.0,,,False,False,ok
BNCI2014_001,resampled_spectral_raw_power_s1,resampled,spectral,raw_power,1,6398,406,500,500,1.0,22,253,0.00030483441099649956,0.0174595077535565,5.223925724404451,0.7460187525545906,25.398124744540933,25.398124744540933,0.00019178998113112233,0.575369943393367,0.00019345961451205308,9.212587858666654e-05,0.0008839695541991511,4.5898638247764014e-05,188.24073761048203,5.716247880429664,0.03017952124818757,0.09236224807369398,0.1459989447547685,88613,56196b9ce18899a48502f96ca30779088e04ef436d98b3c534ddbd6e947ea4ea,three_row_sha256,a8a76dfd0c66bcaa708493329bcc87876eecf9d5a254ea7acc1ce0ca37e00125,944f93c6fa033d604d9e90219484c40564bfebf4e3306a041f5ec522a76c0b9b,0f2cf9a67445117338a1c28f1312c232b1cbb8285fc218b4057ed38b092a75be,0.24419184774160385,0.229384982958436,0.2375191543251276,0.8121009450405836,0.16219099052250385,0.7979460060596466,0.06933906115591526,2.552672987803817,0.0,0.0,12.87932088598609,973.8011115696281,4680.739492177963,203000,203000,3000.0,,,False,False,ok
BNCI2014_001,resampled_spectral_raw_power_s1,resampled,spectral,raw_power,1,6398,407,500,500,1.0,22,253,0.00030434647335994807,0.017445528749795693,5.222859746874669,0.7458665223604852,25.41334776395148,25.41334776395148,0.00018488181778184763,0.5546454533455429,0.0001964027758571917,9.179040349669798e-05,0.0007071860122756025,3.8863270639119483e-05,188.24073761048203,5.716247880429665,0.03017952124818757,0.09236224807369398,0.1459989447547685,89019,ccbbf2bd6f7923a3d1ac474f55b91aa69f3410c9ee4d6d973011525b79f3073e,three_row_sha256,e47f488c60d130be159a999a789b8a3406f462d16aa070bb8a0075f0ab716887,944f93c6fa033d604d9e90219484c40564bfebf4e3306a041f5ec522a76c0b9b,0f2cf9a67445117338a1c28f1312c232b1cbb8285fc218b4057ed38b092a75be,0.27456600219011307,0.23196986876428127,0.2519669942557812,0.6594539154320955,0.14113285578787327,0.8032850455492735,0.06575090810656548,2.4281255900859833,0.0,0.0,10.617717867717147,976.2292371597141,4691.35721004568,203500,203500,3000.0,,,False,False,ok
BNCI2014_001,resampled_spectral_raw_power_s1,resampled,spectral,raw_power,1,6398,408,500,500,1.0,22,253,0.00028173004338478654,0.01678481585793501,5.220276693499138,0.7454976414922153,25.45023585077847,25.45023585077847,0.00016998836269543178,0.5099650880862954,0.00019167920441337261,8.08391182142707e-05,0.00048355013411625084,5.1948305831100826e-05,188.240737610482,5.716247880429664,0.03017952124818757,0.09236224807369398,0.1459989447547685,89426,c9ccd9cc6f66217ed293b025a1d37fee138baa35b2aad18795b96a8d867ec165,three_row_sha256,f7a1514f76f7565cae24e78414840c73c85f38d77e81de863f0e7ea719bd9460,944f93c6fa033d604d9e90219484c40564bfebf4e3306a041f5ec522a76c0b9b,0f2cf9a67445117338a1c28f1312c232b1cbb8285fc218b4057ed38b092a75be,0.2366888802498579,0.22453395649790764,0.22845203056931496,0.5803860258311033,0.1347560901194811,0.7094698958098888,0.061444006860256195,2.17573088593781,0.0,0.0,12.944862945005298,978.4049680456519,4704.302072990686,204000,204000,3000.0,,,False,False,ok
BNCI2014_001,resampled_spectral_raw_power_s1,resampled,spectral,raw_power,1,6398,409,500,500,1.0,22,253,0.000304259966265557,0.017443049224993807,5.217927851131669,0.7451622078460705,25.483779215392957,25.483779215392957,0.00018327173260227077,0.5498151978068123,0.0001971320535159092,9.245681407665609e-05,0.0006779686974462578,3.9264384910569064e-05,188.240737610482,5.716247880429664,0.03017952124818757,0.09236224807369398,0.1459989447547685,89834,6d43e7ad0e9ebac4e5243bc3e7164710308168c2ae55daf3e6ad311181a3e3e8,three_row_sha256,6654179bfa0734f5ba6a5bf8e1da7fee3818ca415e4ec5c3cc7ff913e3440cd6,944f93c6fa033d604d9e90219484c40564bfebf4e3306a041f5ec522a76c0b9b,0f2cf9a67445117338a1c28f1312c232b1cbb8285fc218b4057ed38b092a75be,0.25771581567823887,0.22736494429409504,0.2397329080849886,0.6011079531162977,0.13986695557832718,0.802893890067935,0.06377696990966797,2.3324594367295504,0.0,0.0,13.15970509313047,980.7374274823815,4717.461778083816,204500,204500,3000.0,,,False,False,ok
BNCI2014_001,resampled_spectral_raw_power_s1,resampled,spectral,raw_power,1,6398,410,500,500,1.0,22,253,0.0002973316226646736,0.017243306604728503,5.2178178916203235,0.7451465047404344,25.485349525956565,25.485349525956565,0.00017911103791300143,0.5373331137390044,0.00019914372470196656,8.423547479176898e-05,0.0005942095372220836,5.1810821867202936e-05,188.240737610482,5.716247880429664,0.03017952124818757,0.09236224807369398,0.1459989447547685,90243,d1d3a6df8f73cacfc9e3083b5cc5d68763f0a889c19b531d41ee50155bd9b807,three_row_sha256,71c903a078eeeb4ed9b2d2f2b175ccc0c1019badb9bbc54dfe7145aab2a83007,944f93c6fa033d604d9e90219484c40564bfebf4e3306a041f5ec522a76c0b9b,0f2cf9a67445117338a1c28f1312c232b1cbb8285fc218b4057ed38b092a75be,0.2264969516545534,0.22260891273617744,0.22337399423122406,0.5627300124615431,0.1581530086696148,4.56205103546381,0.07538101635873318,6.030794931575656,0.0,0.0,8.833879139274359,986.7682224139571,4726.2956572230905,205000,205000,3000.0,,,False,False,ok
BNCI2014_001,resampled_spectral_raw_power_s1,resampled,spectral,raw_power,1,6398,411,500,500,1.0,22,253,0.0002912529059685916,0.017066133304547683,5.217261511893177,0.7450670492251974,25.493295077480262,25.493295077480262,0.0001772528985219773,0.531758695565932,0.00019450025087389345,8.384993272426576e-05,0.0005925349289768777,4.51629606157703e-05,188.240737610482,5.716247880429665,0.03017952124818757,0.09236224807369398,0.1459989447547685,90653,de289e804d9c1cbd7cbb9e99b211519ca99f1b4e80ee922253737e75281151f1,three_row_sha256,22dfc551ceab5c610e52891d278ea4a472cf9e10f7a84252a4f0c935e2d5c71e,944f93c6fa033d604d9e90219484c40564bfebf4e3306a041f5ec522a76c0b9b,0f2cf9a67445117338a1c28f1312c232b1cbb8285fc218b4057ed38b092a75be,0.23748516105115414,0.22450508549809456,0.23376289755105972,0.6031380034983158,0.13723806478083134,0.677530886605382,0.06110500544309616,2.1747651044279337,0.0,0.0,10.781665099784732,988.942987518385,4737.077322322875,205500,205500,3000.0,,,False,False,ok
BNCI2014_001,resampled_spectral_raw_power_s1,resampled,spectral,raw_power,1,6398,412,500,500,1.0,22,253,0.000295437538324146,0.01718829655097171,5.214726436514193,0.7447050200020355,25.529497999796448,25.529497999796448,0.00017909889150164905,0.5372966745049471,0.0001940918808020597,8.818778106094516e-05,0.0005734856912162007,4.546030800037464e-05,188.24073761048203,5.716247880429664,0.03017952124818757,0.09236224807369398,0.1459989447547685,91064,6d5f882999acea5fdc21c64583844c8b36ae868f3fb9da39e2d47c8c68548969,three_row_sha256,2244016fdadd24954d021bb176246153763fc038b867d0e9a5064dfa2796411e,944f93c6fa033d604d9e90219484c40564bfebf4e3306a041f5ec522a76c0b9b,0f2cf9a67445117338a1c28f1312c232b1cbb8285fc218b4057ed38b092a75be,0.35912496969103813,0.24442910216748714,0.24698697961866856,0.9828589390963316,0.238724984228611,0.6140167824923992,0.10152184404432774,2.7876636013388634,0.0,0.0,9.778345935046673,991.7306511197239,4746.855668257922,206000,206000,3000.0,,,False,False,ok
BNCI2014_001,resampled_spectral_raw_power_s1,resampled,spectral,raw_power,1,6398,413,500,500,1.0,22,253,0.00029042542211607644,0.017041872611778214,5.212788411246975,0.7444282543532601,25.557174564673993,25.557174564673993,0.0001776775466732195,0.5330326400196586,0.00019471464001104757,8.195090788575723e-05,0.0006287236304500202,5.6197741646602303e-05,188.24073761048203,5.716247880429664,0.03017952124818757,0.09236224807369398,0.1459989447547685,91476,aa06eacabc7af094b516e88ba930a5eea7ea1a0eb751f458f4dfc3daab4d0906,three_row_sha256,36af6d3c289252027f8b5b4847537b707243ec6e67bfa8e2682dd6ff7953bcfb,944f93c6fa033d604d9e90219484c40564bfebf4e3306a041f5ec522a76c0b9b,0f2cf9a67445117338a1c28f1312c232b1cbb8285fc218b4057ed38b092a75be,0.3610560670495033,0.24554203264415264,0.24278787896037102,0.9565879590809345,0.23779296316206455,0.5684779025614262,0.09609479457139969,2.708339598029852,0.0,0.0,9.754960192367435,994.4389907177538,4756.610628450289,206500,206500,3000.0,,,False,False,ok
BNCI2014_001,resampled_spectral_raw_power_s1,resampled,spectral,raw_power,1,6398,414,500,500,1.0,22,253,0.00029765616440522835,0.017252714696685514,5.21426462455069,0.7446390695266454,25.536093047335463,25.536093047335463,0.00017385962645740996,0.5215788793722298,0.00020240624981135351,8.685334092014895e-05,0.000485306075533281,5.1502235666443645e-05,188.240737610482,5.716247880429665,0.03017952124818757,0.09236224807369398,0.1459989447547685,91889,4819436233992dc7413d341b74a037151317d91ed4ada63259a8ff9afc08eb08,three_row_sha256,74510a58fae1f5f28f40317f405af37e747e9a2a9ea5c529d11d13a377755ce3,944f93c6fa033d604d9e90219484c40564bfebf4e3306a041f5ec522a76c0b9b,0f2cf9a67445117338a1c28f1312c232b1cbb8285fc218b4057ed38b092a75be,0.21866010501980782,0.24188915267586708,0.2223481424152851,0.9491508826613426,0.23581297136843204,0.8225019555538893,0.10047503747045994,2.790838247165084,0.0,0.0,11.032134993001819,997.2298289649189,4767.642763443291,207000,207000,3000.0,,,False,False,ok
BNCI2014_001,resampled_spectral_raw_power_s1,resampled,spectral,raw_power,1,6398,415,500,500,1.0,22,253,0.0002872948809708659,0.016949775248387984,5.212323435600606,0.7443618520784245,25.563814792157547,25.563814792157547,0.00017844235968285784,0.5353270790485735,0.00018844195710008825,8.462930265962893e-05,0.0006685803925065348,5.376973204556956e-05,188.24073761048203,5.716247880429664,0.03017952124818757,0.09236224807369398,0.1459989447547685,92303,99413f938f0643fd49f5d4b31b7e36f6676bb0d65f899ae74fc6e060adbf6c31,three_row_sha256,ff0563bff103f93d82e7c07578c9753ea6afa56942c2125e0562434bf6909172,944f93c6fa033d604d9e90219484c40564bfebf4e3306a041f5ec522a76c0b9b,0f2cf9a67445117338a1c28f1312c232b1cbb8285fc218b4057ed38b092a75be,0.2632010728120804,0.22826995700597763,0.24443096481263638,0.6151970010250807,0.14374288730323315,0.8207620121538639,0.06623589433729649,2.3818397894501686,0.0,0.0,12.358970008790493,999.611668754369,4780.001733452082,207500,207500,3000.0,,,False,False,ok
BNCI2014_001,resampled_spectral_raw_power_s1,resampled,spectral,raw_power,1,6398,416,500,500,1.0,22,253,0.00029473897519024546,0.017167963629686703,5.213698252689223,0.744558187053987,25.5441812946013,25.5441812946013,0.00017437034880113362,0.5231110464034009,0.00020012205647223827,8.557102312882168e-05,0.000512337076898609,4.1849108030340274e-05,188.24073761048203,5.716247880429664,0.03017952124818757,0.09236224807369398,0.1459989447547685,92718,1b1ffe504952f7b706c9248ad526ecd08770d3b4799bdd6a37f9616706120750,three_row_sha256,4295268dadb635a59b91c74e79b33b5caa5268f647c8636b707eca7b86dfff35,944f93c6fa033d604d9e90219484c40564bfebf4e3306a041f5ec522a76c0b9b,0f2cf9a67445117338a1c28f1312c232b1cbb8285fc218b4057ed38b092a75be,0.24948199279606342,0.22817100398242474,0.23676594719290733,0.6077720317989588,0.14006905257701874,0.6741611286997795,0.06936793215572834,2.205789089202881,0.0,0.0,12.387545080855489,1001.8174578435719,4792.389278532937,208000,208000,3000.0,,,False,False,ok
BNCI2014_001,resampled_spectral_raw_power_s1,resampled,spectral,raw_power,1,6398,417,500,500,1.0,22,253,0.0003019129971570511,0.017375643791153497,5.212796552396244,0.7444294169750779,25.5570583024922,25.5570583024922,0.00018731753290372069,0.561952598711162,0.00019629879792453975,8.834803750053346e-05,0.0008263168111454775,4.864255731398843e-05,188.24073761048203,5.716247880429664,0.03017952124818757,0.09236224807369398,0.1459989447547685,93134,44b1b3bc10c05d8cf59624ffda8b8baa4f9ae0eb05a44fccb2fbcae3a51d62ba,three_row_sha256,9f300e24079ed20b63b221598abe7c066a2f5058c926f81e9713f0d545bc8adb,944f93c6fa033d604d9e90219484c40564bfebf4e3306a041f5ec522a76c0b9b,0f2cf9a67445117338a1c28f1312c232b1cbb8285fc218b4057ed38b092a75be,0.23860088549554348,0.22681895643472672,0.23366184905171394,0.593273900449276,0.1377500593662262,0.5855569615960121,0.06294995546340942,2.078612567856908,0.0,0.0,12.774223927408457,1003.8960704114288,4805.163502460346,208500,208500,3000.0,,,False,False,ok
BNCI2014_001,resampled_spectral_raw_power_s1,resampled,spectral,raw_power,1,6398,418,500,500,1.0,22,253,0.0002915983188011101,0.017076250138748555,5.212811179093967,0.7444315057855558,25.556849421444415,25.556849421444415,0.00017694896559978328,0.5308468967993497,0.00019417168161186266,8.508676270475488e-05,0.0005478713070399371,5.55809530298781e-05,188.24073761048203,5.716247880429664,0.03017952124818757,0.09236224807369398,0.1459989447547685,93551,bb15698a87019329804a8f0d288f2f094f70de7933a40417ebe0409a6c48de70,three_row_sha256,a9c5804af3e600f4d9eb8ab6365c743f6d2ae8906fde39b07d2c1e984da70e28,944f93c6fa033d604d9e90219484c40564bfebf4e3306a041f5ec522a76c0b9b,0f2cf9a67445117338a1c28f1312c232b1cbb8285fc218b4057ed38b092a75be,0.25705783627927303,0.2285391092300415,0.24975393898785114,0.6123280618339777,0.14088698662817478,0.7601899560540915,0.06738095544278622,2.316136844456196,0.0,0.0,12.807816034182906,1006.212207255885,4817.9713184945285,209000,209000,3000.0,,,False,False,ok
BNCI2014_001,resampled_spectral_raw_power_s1,resampled,spectral,raw_power,1,6398,419,500,500,1.0,22,253,0.0002796762450365518,0.01672352370275331,5.2115139130172485,0.7442462457203594,25.57537542796406,25.57537542796406,0.00017117603736531385,0.5135281120959415,0.00018801458898070697,8.116019120792965e-05,0.0005381132153295344,3.2989936861085216e-05,188.24073761048203,5.716247880429664,0.03017952124818757,0.09236224807369398,0.1459989447547685,93969,06f896d0db1858f6e59021e0e7e041b171dbcf7e2fe85bd3812b91cd4fc0c20d,three_row_sha256,3627ab851a0beb7b8b9d93ffaa5cfcd74cee3de517fd921018dc55dd3b24464c,944f93c6fa033d604d9e90219484c40564bfebf4e3306a041f5ec522a76c0b9b,0f2cf9a67445117338a1c28f1312c232b1cbb8285fc218b4057ed38b092a75be,0.2642881590873003,0.23190700449049473,0.24746195413172245,0.6097718141973019,0.13959594070911407,0.8952689822763205,0.06842706352472305,2.456720918416977,0.0,0.0,12.633404927328229,1008.668928174302,4830.604723421857,209500,209500,3000.0,,,False,False,ok
BNCI2014_001,resampled_spectral_raw_power_s1,resampled,spectral,raw_power,1,6398,420,500,500,1.0,22,253,0.00031217104513887395,0.01766836283131162,5.210857849279407,0.7441525545239064,25.58474454760936,25.58474454760936,0.000184435179889752,0.5533055396692561,0.00020132567156651543,9.64827153148591e-05,0.0005865481705199886,2.752859810994882e-05,188.240737610482,5.716247880429664,0.03017952124818757,0.09236224807369398,0.1459989447547685,94388,4cdd428d827ecf79bfc1b9803ad010ad6ebf3e4e7f5e6cf5c062d2f21063cc95,three_row_sha256,8ecd3c5c8a23785f0e1a5ac4bc7ebc1d6c9151cedef3cf410048a0be2f600590,944f93c6fa033d604d9e90219484c40564bfebf4e3306a041f5ec522a76c0b9b,0f2cf9a67445117338a1c28f1312c232b1cbb8285fc218b4057ed38b092a75be,0.3581161145120859,0.22772117517888546,0.23946003057062626,0.5982900038361549,0.14084810391068459,0.7358570583164692,0.06800796836614609,2.3683004546910524,0.0,0.0,11.581138940528035,1011.037228628993,4842.185862362385,210000,210000,3000.0,,,False,False,ok
BNCI2014_001,resampled_spectral_raw_power_s1,resampled,spectral,raw_power,1,6398,421,500,500,1.0,22,253,0.000305275030577701,0.0174721215248092,5.20865164304163,0.7438374904682107,25.61625095317893,25.61625095317893,0.00018325546552665,0.5497663965799501,0.00020113019320251193,8.961538870581645e-05,0.0006436610617118134,4.7236299298879754e-05,188.24073761048203,5.716247880429664,0.03017952124818757,0.09236224807369398,0.1459989447547685,94808,eb6884f80359ebe6c88221d62d7ec046078a331c01d59844f49040d0b56dfc90,three_row_sha256,74f49fb47e930240e4f2a11f4100b42d3f7810dd8a8f7ffc086188173e517b17,944f93c6fa033d604d9e90219484c40564bfebf4e3306a041f5ec522a76c0b9b,0f2cf9a67445117338a1c28f1312c232b1cbb8285fc218b4057ed38b092a75be,0.3934989217668772,0.2531600184738636,0.2676269505172968,0.7747791241854429,0.14080503024160862,0.6771089974790812,0.066359993070364,2.5733390357345343,0.0,0.0,11.397052090615034,1013.6105676647276,4853.582914453,210500,210500,3000.0,,,False,False,ok
BNCI2014_001,resampled_spectral_raw_power_s1,resampled,spectral,raw_power,1,6398,422,500,500,1.0,22,253,0.00028585116236051023,0.016907133475563215,5.207745205805285,0.74370804391556,25.629195608444,25.629195608444,0.00017325465705030828,0.5197639711509248,0.00019580345755480826,7.893459037336478e-05,0.0005101751920900746,3.9262124685437035e-05,188.240737610482,5.716247880429664,0.03017952124818757,0.09236224807369398,0.1459989447547685,95229,0a56eadefc6cc9d35491b548d91f34469134c1c452ce894e23ef103e790ba201,three_row_sha256,de9e861fc8b13f20fba5a45bb7c58eff178af5e53e8e180178e24e96eecc5cf4,944f93c6fa033d604d9e90219484c40564bfebf4e3306a041f5ec522a76c0b9b,0f2cf9a67445117338a1c28f1312c232b1cbb8285fc218b4057ed38b092a75be,0.3910709638148546,0.2516149543225765,0.254601938650012,1.013810047879815,0.24453201331198215,0.7025881204754114,0.10561314411461353,2.9638311825692654,0.0,0.0,9.194631827995181,1016.5743988472968,4862.777546280995,211000,211000,3000.0,,,False,False,ok
BNCI2014_001,resampled_spectral_raw_power_s1,resampled,spectral,raw_power,1,6398,423,500,500,1.0,22,253,0.00027603314938333114,0.016614245375078916,5.20741671781787,0.7436611331799315,25.633886682006846,25.633886682006846,0.0001710127486593968,0.5130382459781904,0.00018947852728214772,7.687924744555192e-05,0.0005806890516587234,4.9788680990449244e-05,188.240737610482,5.716247880429664,0.03017952124818757,0.09236224807369398,0.1459989447547685,95651,d943d789d76dfff031726da4b4a5d9bc6007ac3a90f09558629b8a1fc4f4bba1,three_row_sha256,0e38ffe363968c0efad670970e73c36d75c33ee74b0c7b6daf70e628f94c763f,944f93c6fa033d604d9e90219484c40564bfebf4e3306a041f5ec522a76c0b9b,0f2cf9a67445117338a1c28f1312c232b1cbb8285fc218b4057ed38b092a75be,0.3670048899948597,0.25734491646289825,0.25997194461524487,1.1446019634604454,0.24644914083182812,0.717296963557601,0.10536587797105312,3.0980356968939304,0.0,0.0,10.681440820917487,1019.6724345441908,4873.4589871019125,211500,211500,3000.0,,,False,False,ok
BNCI2014_001,resampled_spectral_raw_power_s1,resampled,spectral,raw_power,1,6398,424,500,500,1.0,22,253,0.00029859232266673196,0.017279824150341693,5.206812184622004,0.7435748009607441,25.64251990392559,25.64251990392559,0.00017642374731471886,0.5292712419441565,0.0002021697299966428,8.602956321324527e-05,0.0005554920172464268,5.8436561078531e-05,188.24073761048203,5.716247880429664,0.03017952124818757,0.09236224807369398,0.1459989447547685,96074,dd144ef4df84b7e1545381caac0f37e0b66aad3c527cd7808f345db61bb87ce1,three_row_sha256,dee93c748de27834cf4df7fb7ef6223f02de1db2daa42bc61227b2068fac92b4,944f93c6fa033d604d9e90219484c40564bfebf4e3306a041f5ec522a76c0b9b,0f2cf9a67445117338a1c28f1312c232b1cbb8285fc218b4057ed38b092a75be,0.22852187976241112,0.24644006043672562,0.22891978733241558,0.9745850693434477,0.24266703985631466,0.7131989113986492,0.11344882659614086,2.7477815747261047,0.0,0.0,12.222900055348873,1022.4202161189169,4885.681887157261,212000,212000,3000.0,,,False,False,ok
BNCI2014_001,resampled_spectral_raw_power_s1,resampled,spectral,raw_power,1,6398,425,500,500,1.0,22,253,0.000303465380959641,0.017420257775349966,5.203505857237869,0.7431026307269434,25.689736927305656,25.689736927305656,0.0001853285546179722,0.5559856638539166,0.0001988892174886574,8.915824353923356e-05,0.0007139743662321493,4.9543850012384206e-05,188.240737610482,5.716247880429664,0.03017952124818757,0.09236224807369398,0.1459989447547685,96498,397f21189a1763aaa347f8146eb5ae5b4720886e71cb6319998a3697a5b09d95,three_row_sha256,4f3423cf162bdb29a247b7444fbc9bacb2e31081c872c826a3945608ce88aef3,944f93c6fa033d604d9e90219484c40564bfebf4e3306a041f5ec522a76c0b9b,0f2cf9a67445117338a1c28f1312c232b1cbb8285fc218b4057ed38b092a75be,0.24106702767312527,0.2324860543012619,0.23031514137983322,0.5768029950559139,0.13646692968904972,0.6042669992893934,0.061134109273552895,2.0825392566621304,0.0,0.0,11.689616134390235,1024.502755375579,4897.371503291652,212500,212500,3000.0,,,False,False,ok
BNCI2014_001,resampled_spectral_raw_power_s1,resampled,spectral,raw_power,1,6398,426,500,500,1.0,22,253,0.00029136291596792865,0.017069356050183282,5.202094864161429,0.7429011295283656,25.709887047163434,25.709887047163434,0.00018512752571616842,0.5553825771485053,0.00019249154717645845,8.38393331150189e-05,0.0009206746624853836,4.3551458493226245e-05,188.24073761048203,5.716247880429664,0.03017952124818757,0.09236224807369398,0.1459989447547685,96923,a9b1454ddaf9c2ae12cbc6b7457e5b6be0f6ed447ce198429fdd1d0aa2fbaf60,three_row_sha256,320a84dbc53d8ec7f8cdbaddf76022b71d3968360c9e9805fded21404affc1f9,944f93c6fa033d604d9e90219484c40564bfebf4e3306a041f5ec522a76c0b9b,0f2cf9a67445117338a1c28f1312c232b1cbb8285fc218b4057ed38b092a75be,0.22844597697257996,0.22499612532556057,0.22798986174166203,0.5718849133700132,0.1362459734082222,0.6759909447282553,0.06033293902873993,2.125886734575033,0.0,0.0,12.315778993070126,1026.628642110154,4909.687282284722,213000,213000,3000.0,,,False,False,ok
BNCI2014_001,resampled_spectral_raw_power_s1,resampled,spectral,raw_power,1,6398,427,500,500,1.0,22,253,0.00029605680410321945,0.01720630129060919,5.201293170205683,0.7427866411615035,25.721335883849655,25.721335883849655,0.00018234119217453392,0.5470235765236018,0.00019422417916087182,8.657697240309181e-05,0.0007171941707820699,5.5080791413891406e-05,188.240737610482,5.716247880429664,0.03017952124818757,0.09236224807369398,0.1459989447547685,97349,beca7ec6d47b261d365a9ff3d773c7556b8b6acb080fd5e4b7e046a0137ba780,three_row_sha256,026a3026ee03d46485db2cb8ac48b04ce2945dd1b00dc7431f9dfc18b04836bf,944f93c6fa033d604d9e90219484c40564bfebf4e3306a041f5ec522a76c0b9b,0f2cf9a67445117338a1c28f1312c232b1cbb8285fc218b4057ed38b092a75be,0.22973003797233105,0.22402498871088028,0.22774096578359604,0.5695968866348267,0.13552000746130943,0.865262933075428,0.06193690933287144,2.313812728971243,0.0,0.0,11.625392129644752,1028.9424548391253,4921.3126744143665,213500,213500,3000.0,,,False,False,ok
BNCI2014_001,resampled_spectral_raw_power_s1,resampled,spectral,raw_power,1,6398,428,500,500,1.0,22,253,0.0002968477694635795,0.017229270717693757,5.201106724300155,0.7427600151815033,25.723998481849677,25.723998481849677,0.0001806288043156423,0.541886412946927,0.0001978405123476685,8.624332826396494e-05,0.0006519888201048226,3.678316295089067e-05,188.24073761048203,5.716247880429664,0.03017952124818757,0.09236224807369398,0.1459989447547685,97776,05f6bfff0c98baee3b9890311e458df1708f3ae21beee348461cca0d89210203,three_row_sha256,693fd86e86d9c8a962d2686cdcc1cb374591ba72c9d93471f23fa2ebd209c173,944f93c6fa033d604d9e90219484c40564bfebf4e3306a041f5ec522a76c0b9b,0f2cf9a67445117338a1c28f1312c232b1cbb8285fc218b4057ed38b092a75be,0.39397203363478184,0.24868501350283623,0.2612899988889694,0.715416856110096,0.1469769049435854,0.6959859747439623,0.0631231814622879,2.525449963286519,0.0,0.0,11.31682493723929,1031.4679048024118,4932.629499351606,214000,214000,3000.0,,,False,False,ok
BNCI2014_001,resampled_spectral_raw_power_s1,resampled,spectral,raw_power,1,6398,429,500,500,1.0,22,253,0.00030124153294656736,0.017356311040845267,5.201661156752709,0.7428391926102131,25.71608073897868,25.71608073897868,0.00018335988666130502,0.5500796599839151,0.00019354372603345144,9.163603511137903e-05,0.0006925447703840456,5.143131442343251e-05,188.24073761048206,5.716247880429665,0.03017952124818757,0.09236224807369398,0.1459989447547685,98204,53cb781f95f7327ffe1a92877f4282c13a83f4078cc3e3110eadddc3b28a70ab,three_row_sha256,6753b7af4e7c874e873e18b9a62c570bf8594bd1be205f24273e113c7299ed2c,944f93c6fa033d604d9e90219484c40564bfebf4e3306a041f5ec522a76c0b9b,0f2cf9a67445117338a1c28f1312c232b1cbb8285fc218b4057ed38b092a75be,0.3922360483556986,0.2523430157452822,0.27092802338302135,0.9994290303438902,0.24970714002847672,0.6351170595735312,0.07628207094967365,2.876042388379574,0.0,0.0,11.874377029016614,1034.3439471907914,4944.503876380622,214500,214500,3000.0,,,False,False,ok
BNCI2014_001,resampled_spectral_raw_power_s1,resampled,spectral,raw_power,1,6398,430,500,500,1.0,22,253,0.00030431865231817163,0.0174447313627402,5.202117974913914,0.7429044299303332,25.70955700696667,25.70955700696667,0.000181770689161434,0.5453120674843019,0.0002016985543610072,8.916371526302864e-05,0.0006083994237189249,4.065224285928692e-05,188.24073761048203,5.716247880429664,0.03017952124818757,0.09236224807369398,0.1459989447547685,98633,d90c27a1dcfb86ab3f012ee85a9015de907a657f54636f1b1d34eadba28c334e,three_row_sha256,21dd972636989ada661780ac38637b767d004c1f789630c9aaf246927c4e7112,944f93c6fa033d604d9e90219484c40564bfebf4e3306a041f5ec522a76c0b9b,0f2cf9a67445117338a1c28f1312c232b1cbb8285fc218b4057ed38b092a75be,0.36775204353034496,0.2501651179045439,0.2524550072848797,0.9821841958910227,0.24160207249224186,0.6674870382994413,0.09849504567682743,2.860140521079302,0.0,0.0,11.309453984722495,1037.2040877118707,4955.813330365345,215000,215000,3000.0,,,False,False,ok
BNCI2014_001,resampled_spectral_raw_power_s1,resampled,spectral,raw_power,1,6398,431,500,500,1.0,22,253,0.0003038624422278632,0.01743165058816471,5.200234128702202,0.7426354014879301,25.736459851206995,25.736459851206995,0.00018613911258936127,0.5584173377680838,0.00019595139619822788,9.163562662870803e-05,0.0007214019319721846,4.843222455317647e-05,188.24073761048203,5.716247880429664,0.03017952124818757,0.09236224807369398,0.1459989447547685,99063,2bd1b810f097187a2ee4a5cff7569eb2e72a3b5ba2e2b8aa5cedd90929ea7a5e,three_row_sha256,4f51e7b39fcef9889134a4bf79f080574e5e80751fe7894787edad1e04e9a46a,944f93c6fa033d604d9e90219484c40564bfebf4e3306a041f5ec522a76c0b9b,0f2cf9a67445117338a1c28f1312c232b1cbb8285fc218b4057ed38b092a75be,0.3940120805054903,0.2502789720892906,0.2774130553007126,1.0063019581139088,0.2566929906606674,0.6767830345779657,0.10939501225948334,2.9708771035075188,0.0,0.0,10.153359035030007,1040.1749648153782,4965.966689400375,215500,215500,3000.0,,,False,False,ok
BNCI2014_001,resampled_spectral_raw_power_s1,resampled,spectral,raw_power,1,6398,432,500,500,1.0,22,253,0.0002889919475895118,0.016999763162747643,5.19891128281408,0.7424464884192262,25.755351158077378,25.755351158077378,0.00017682717245405953,0.5304815173621786,0.0001913553563565072,8.43952761982534e-05,0.0005946584382054746,5.38958413333472e-05,188.24073761048203,5.716247880429664,0.03017952124818757,0.09236224807369398,0.1459989447547685,99494,f6384da75c0988da738995c37d57f77dd4c4de8f4fd0840e9d070f3abe13ded5,three_row_sha256,57a10674c7bbdcdb395bc6252315dbe12ad3e5d62964b99ce84f45498d7045d5,944f93c6fa033d604d9e90219484c40564bfebf4e3306a041f5ec522a76c0b9b,0f2cf9a67445117338a1c28f1312c232b1cbb8285fc218b4057ed38b092a75be,0.38648280315101147,0.2562100999057293,0.2580019645392895,1.0044039227068424,0.24223187938332558,0.9147850796580315,0.10236701928079128,3.164482768625021,0.0,0.0,10.152408154681325,1043.3394475840032,4976.119097555056,216000,216000,3000.0,,,False,False,ok
BNCI2014_001,resampled_spectral_raw_power_s1,resampled,spectral,raw_power,1,6398,433,500,500,1.0,22,253,0.0002924535738486845,0.017101274041681356,5.196241155468476,0.7420651726853091,25.793482731469087,25.793482731469087,0.00017719976486890284,0.5315992946067085,0.00019496783764559288,8.580583484399868e-05,0.0005645225081968358,5.2491653103260325e-05,188.24073761048203,5.716247880429664,0.03017952124818757,0.09236224807369398,0.1459989447547685,99926,fb71d5a4af372042761e4967c98069ac0af973c655cc1a85a7f2c990d58808bb,three_row_sha256,584759e3de2fb30b36fad44e662969d48557b112370d5eac2af372077dd899cb,944f93c6fa033d604d9e90219484c40564bfebf4e3306a041f5ec522a76c0b9b,0f2cf9a67445117338a1c28f1312c232b1cbb8285fc218b4057ed38b092a75be,0.3540921024978161,0.24357391521334648,0.24453410878777504,0.971845118328929,0.24585495702922344,0.7106268312782049,0.1027530524879694,2.8732800856232643,0.0,0.0,10.176783194765449,1046.2127276696265,4986.295880749822,216500,216500,3000.0,,,False,False,ok
BNCI2014_001,resampled_spectral_raw_power_s1,resampled,spectral,raw_power,1,6398,434,500,500,1.0,22,253,0.00029620418602615607,0.01721058354693867,5.194560714876746,0.7418251922070018,25.817480779299814,25.817480779299814,0.00017630508621874598,0.528915258656238,0.0001999388876105899,8.461904773935408e-05,0.0005690978444642265,4.4858136981903356e-05,188.240737610482,5.716247880429664,0.03017952124818757,0.09236224807369398,0.1459989447547685,100359,b7fd3283b12a90b505c76672dcf2a8c61a3e2572bfbad60e1995aad59b55c903,three_row_sha256,a94b0bdfc90f73471b9e6336c82d06faf9600a759c72ff7ae1db140373eac325,944f93c6fa033d604d9e90219484c40564bfebf4e3306a041f5ec522a76c0b9b,0f2cf9a67445117338a1c28f1312c232b1cbb8285fc218b4057ed38b092a75be,0.2508321776986122,0.2249141689389944,0.23420783691108227,0.5850831512361765,0.13563502579927444,0.7014188449829817,0.10566902346909046,2.237760229036212,0.0,0.0,12.536332942545414,1048.4504878986627,4998.832213692367,217000,217000,3000.0,,,False,False,ok
BNCI2014_001,resampled_spectral_raw_power_s1,resampled,spectral,raw_power,1,6398,435,500,500,1.0,22,253,0.0003164745769940514,0.017789732347454006,5.194549226603147,0.7418235515888171,25.81764484111829,25.81764484111829,0.00018877099463499844,0.5663129839049953,0.00020156522428112813,9.767072324111013e-05,0.000690044301282328,5.009848773604656e-05,188.240737610482,5.716247880429664,0.03017952124818757,0.09236224807369398,0.1459989447547685,100793,b47f9b0a6b0c44d2b53c62a3780195103122260d8e7ad1213c119f58f4639a66,three_row_sha256,db8e91f1d2f251cd42234785dda5699018163edd1ae5c937c08bec4cba912e90,944f93c6fa033d604d9e90219484c40564bfebf4e3306a041f5ec522a76c0b9b,0f2cf9a67445117338a1c28f1312c232b1cbb8285fc218b4057ed38b092a75be,0.22908998653292656,0.22358703427016735,0.22327201440930367,0.5727407988160849,0.1345349010080099,0.6582250352948904,0.057546887546777725,2.0989966578781605,0.0,0.0,11.495650978758931,1050.5494845565408,5010.327864671126,217500,217500,3000.0,,,False,False,ok
BNCI2014_001,resampled_spectral_raw_power_s1,resampled,spectral,raw_power,1,6398,436,500,500,1.0,22,253,0.0003115498321654246,0.017650774265324017,5.196857882272616,0.7421532462501652,25.78467537498348,25.78467537498348,0.0001879526206711988,0.5638578620135963,0.00020213436411699854,9.281066107811911e-05,0.0007503682329044854,5.565362259818085e-05,188.240737610482,5.716247880429664,0.03017952124818757,0.09236224807369398,0.1459989447547685,101228,4d3ed703d0686ac84ff1f01117e7bff71cbbd9028fe52451b05078195937794b,three_row_sha256,a02110400db9f079d01bd87a37f614e833bbeffef68a70cbdfe3ac6543d78c47,944f93c6fa033d604d9e90219484c40564bfebf4e3306a041f5ec522a76c0b9b,0f2cf9a67445117338a1c28f1312c232b1cbb8285fc218b4057ed38b092a75be,0.2252201084047556,0.22144080139696598,0.22306595928967,0.5641900934278965,0.1329421065747738,0.7594691123813391,0.058480072766542435,2.1848082542419434,0.0,0.0,12.134154792875051,1052.7342928107828,5022.462019464001,218000,218000,3000.0,,,False,False,ok
BNCI2014_001,resampled_spectral_raw_power_s1,resampled,spectral,raw_power,1,6398,437,500,500,1.0,22,253,0.0002915618099071633,0.01707518110905894,5.196625987202896,0.7421201297627259,25.787987023727407,25.787987023727407,0.0001758844484687658,0.5276533454062974,0.00019263549485255032,8.655470402414311e-05,0.0005226124846372489,4.5154011142904255e-05,188.240737610482,5.716247880429664,0.03017952124818757,0.09236224807369398,0.1459989447547685,101664,f5e74e369ab29a3021aef894c66574828686401b7b3164c2b19e4c59138ba7ac,three_row_sha256,3aff766b4bbb6f762647430fbba002e58148e215ce84941df52e057e67ddd4a2,944f93c6fa033d604d9e90219484c40564bfebf4e3306a041f5ec522a76c0b9b,0f2cf9a67445117338a1c28f1312c232b1cbb8285fc218b4057ed38b092a75be,0.275610014796257,0.22817612625658512,0.2428041771054268,0.6038439460098743,0.13929209671914577,0.7249950431287289,0.06461003795266151,2.2793314419686794,0.0,0.0,11.407457990571856,1055.0136242527515,5033.869477454573,218500,218500,3000.0,,,False,False,ok
BNCI2014_001,resampled_spectral_raw_power_s1,resampled,spectral,raw_power,1,6398,438,500,500,1.0,22,253,0.0002963030507532475,0.017213455514603904,5.1933222415298275,0.7416483282181009,25.835167178189913,25.835167178189913,0.00017485054296675684,0.5245516289002705,0.000198709820308751,8.78377359707899e-05,0.0005271826108345223,3.7822639557327045e-05,188.24073761048203,5.716247880429664,0.03017952124818757,0.09236224807369398,0.1459989447547685,102101,b1b2ac0dc782db7aa18d6ffc8820d84c69b6761ec1d0441d9f7b2e9371b7fae8,three_row_sha256,059262b71cb1fc3dd6ccbfc6cf64bb4b5ed681294f92890a49a9e37af0d8f9af,944f93c6fa033d604d9e90219484c40564bfebf4e3306a041f5ec522a76c0b9b,0f2cf9a67445117338a1c28f1312c232b1cbb8285fc218b4057ed38b092a75be,0.3710410092025995,0.24502305313944817,0.24888105690479279,0.6897160783410072,0.13588694855570793,0.7937559857964516,0.061020953580737114,2.5453250855207443,0.0,0.0,11.302066035568714,1057.5589493382722,5045.171543490142,219000,219000,3000.0,,,False,False,ok
BNCI2014_001,resampled_spectral_raw_power_s1,resampled,spectral,raw_power,1,6398,439,500,500,1.0,22,253,0.0003053331200532583,0.017473783793250344,5.193372134853798,0.7416554533874223,25.83445466125777,25.83445466125777,0.0001837383134343796,0.5512149403031388,0.0002006450624596076,8.847741170272389e-05,0.0006359417900524595,5.646765560037679e-05,188.24073761048203,5.716247880429665,0.03017952124818757,0.09236224807369398,0.1459989447547685,102539,60cefd613d71a5708d8e8710d9b35b094224b8152c59352285ee3ca4c3c13e40,three_row_sha256,3106b5a7beb6e9a4fbb8c196a41af043d58c405497a7f3e8a40c9d698d20ead0,944f93c6fa033d604d9e90219484c40564bfebf4e3306a041f5ec522a76c0b9b,0f2cf9a67445117338a1c28f1312c232b1cbb8285fc218b4057ed38b092a75be,0.36473991349339485,0.24503981694579124,0.24496810510754585,0.9788000024855137,0.244431896135211,0.678549986332655,0.06399513222277164,2.8205248527228832,0.0,0.0,10.567208053544164,1060.379474190995,5055.738751543686,219500,219500,3000.0,,,False,False,ok
BNCI2014_001,resampled_spectral_raw_power_s1,resampled,spectral,raw_power,1,6398,440,500,500,1.0,22,253,0.000299094267372006,0.017294342062420472,5.192876519225738,0.7415846754759248,25.84153245240752,25.84153245240752,0.00018579071671316166,0.5573721501394849,0.00019412046723087976,8.727507216827684e-05,0.0007070431039131707,4.90877926874713e-05,188.240737610482,5.716247880429664,0.03017952124818757,0.09236224807369398,0.1459989447547685,102978,0dba8347de6284eca0680abd8957623c396d3b4a49c5c6829e45e9d1e33963fa,three_row_sha256,9837c142ba2bee0e1d1f7dd4d75e33b6b3f815a1246bb9278c41aefcc147c79a,944f93c6fa033d604d9e90219484c40564bfebf4e3306a041f5ec522a76c0b9b,0f2cf9a67445117338a1c28f1312c232b1cbb8285fc218b4057ed38b092a75be,0.3907519858330488,0.24888105690479279,0.26094005443155766,1.000232994556427,0.25729089975357056,0.8291970007121563,0.10466598905622959,3.0919599812477827,0.0,0.0,9.263931075111032,1063.4714341722429,5065.002682618797,220000,220000,3000.0,,,False,False,ok
BNCI2014_001,resampled_spectral_raw_power_s1,resampled,spectral,raw_power,1,6398,441,500,500,1.0,22,253,0.00029427137080254316,0.017154339707565056,5.193280824619071,0.7416424135489944,25.835758645100565,25.835758645100565,0.00017737163910760764,0.5321149173228229,0.00019701181517867568,8.588381738214624e-05,0.0006039784557883927,5.845162347943804e-05,188.24073761048203,5.716247880429664,0.03017952124818757,0.09236224807369398,0.1459989447547685,103418,4c92a329dd018933a4dba1ad38a1f89e6447b5f5a0eb9e13110cd1518a399a52,three_row_sha256,c12cd24247970ca8fa3d6b30039fe13753848e16cd100a8fa297d66e24cd4717,944f93c6fa033d604d9e90219484c40564bfebf4e3306a041f5ec522a76c0b9b,0f2cf9a67445117338a1c28f1312c232b1cbb8285fc218b4057ed38b092a75be,0.36374712362885475,0.2469539176672697,0.24699908681213856,0.9770079050213099,0.23931986652314663,0.6716209463775158,0.10794098488986492,2.8535898309201,0.0,0.0,10.22547809407115,1066.325024003163,5075.228160712868,220500,220500,3000.0,,,False,False,ok
BNCI2014_001,resampled_spectral_raw_power_s1,resampled,spectral,raw_power,1,6398,442,500,500,1.0,22,253,0.00028709683030350854,0.016943931961133123,5.193171168303148,0.7416267537421114,25.83732462578886,25.83732462578886,0.00017149455984892247,0.5144836795467674,0.00019738701738694604,8.136686678051084e-05,0.0004936826013790126,4.658068295038817e-05,188.24073761048203,5.716247880429664,0.03017952124818757,0.09236224807369398,0.1459989447547685,103859,b16fe3baa76c4a1f7f5e84324fc3a6fec533c1176be2d4ddad59ff62200bb52b,three_row_sha256,2c486ab58f47241af152a4ae61207a0aed47cf755c27d31d6bb7b9fccf0591c8,944f93c6fa033d604d9e90219484c40564bfebf4e3306a041f5ec522a76c0b9b,0f2cf9a67445117338a1c28f1312c232b1cbb8285fc218b4057ed38b092a75be,0.2443520352244377,0.22559193894267082,0.2336408942937851,0.6010930519551039,0.16474304720759392,0.7708559278398752,0.10569114238023758,2.3459680378437042,0.0,0.0,12.53048493526876,1068.6709920410067,5087.758645648137,221000,221000,3000.0,,,False,False,ok
BNCI2014_001,resampled_spectral_raw_power_s1,resampled,spectral,raw_power,1,6398,443,500,500,1.0,22,253,0.00031516380332464506,0.01775285338543202,5.191467854258978,0.7413835067501979,25.8616493249802,25.8616493249802,0.00019232598899200586,0.5769779669760176,0.00019750450207400367,9.778414804560004e-05,0.0007786983532860441,4.632442333948349e-05,188.24073761048203,5.716247880429664,0.03017952124818757,0.09236224807369398,0.1459989447547685,104301,6e63fc9212aa5fec652b08f9e5c74c5246212588702d172b164ad5f31b9a0ea8,three_row_sha256,fd0cf0dac6f4b933032ab74d58a2afc81f221e255d077cfdbf7881d679ae5f0f,944f93c6fa033d604d9e90219484c40564bfebf4e3306a041f5ec522a76c0b9b,0f2cf9a67445117338a1c28f1312c232b1cbb8285fc218b4057ed38b092a75be,0.2375550102442503,0.22213999181985855,0.22555002942681313,0.5774539895355701,0.13552582822740078,0.7007378153502941,0.05836482159793377,2.157327486202121,0.0,0.0,10.278909932821989,1070.8283195272088,5098.037555580959,221500,221500,3000.0,,,False,False,ok
BNCI2014_001,resampled_spectral_raw_power_s1,resampled,spectral,raw_power,1,6398,444,500,500,1.0,22,253,0.00028128890039786253,0.01677166957693427,5.191022659065768,0.7413199292837096,25.86800707162904,25.86800707162904,0.0001695181338834687,0.5085544016504061,0.00019328904464320854,8.069243725021071e-05,0.0005065049679222353,5.132574710938865e-05,188.240737610482,5.716247880429664,0.03017952124818757,0.09236224807369398,0.1459989447547685,104744,31d5574422460dfddc52fb75e96e8bb690985e917e93057d411e4e5888bc316a,three_row_sha256,bfa341677fd476daee302fd190ee0db1d603c2545c046330027db2a2c80d71ab,944f93c6fa033d604d9e90219484c40564bfebf4e3306a041f5ec522a76c0b9b,0f2cf9a67445117338a1c28f1312c232b1cbb8285fc218b4057ed38b092a75be,0.22252206690609455,0.22285408340394497,0.22265594452619553,0.5718369502574205,0.1327840145677328,0.6321438122540712,0.05904305726289749,2.063839929178357,0.0,0.0,8.822320029139519,1072.8921594563872,5106.859875610098,222000,222000,3000.0,,,False,False,ok
BNCI2014_001,resampled_spectral_raw_power_s1,resampled,spectral,raw_power,1,6398,445,500,500,1.0,22,253,0.0003033603161644134,0.017417241921854718,5.188842361634884,0.7410085652147321,25.899143478526785,25.899143478526785,0.00018297816703595281,0.5489345011078584,0.0001961581810926471,9.269393778578842e-05,0.0006286572607012335,5.026975660245162e-05,188.240737610482,5.716247880429664,0.03017952124818757,0.09236224807369398,0.1459989447547685,105188,be64c177ee3d28a436dbead81ecfb36f716ef67cb62d4a8ddc4225ef8fbb58b3,three_row_sha256,36f8293b67bd70b5b37ae0e512064c3e23c8dc971e99911f929dd07cc41bdabf,944f93c6fa033d604d9e90219484c40564bfebf4e3306a041f5ec522a76c0b9b,0f2cf9a67445117338a1c28f1312c232b1cbb8285fc218b4057ed38b092a75be,0.21774601191282272,0.22243894636631012,0.22863387130200863,0.5816151387989521,0.13707182370126247,0.6650399882346392,0.05931593477725983,2.111861715093255,0.0,0.0,9.099655086174607,1075.0040211714804,5115.959530696273,222500,222500,3000.0,,,False,False,ok
BNCI2014_001,resampled_spectral_raw_power_s1,resampled,spectral,raw_power,1,6398,446,500,500,1.0,22,253,0.0002937777056061879,0.017139944737547666,5.1874439239749925,0.7408088570309646,25.91911429690354,25.91911429690354,0.00018161579017896077,0.5448473705368824,0.00019449341461236816,8.409009857153156e-05,0.0007387561179262212,4.912405230091368e-05,188.24073761048203,5.716247880429664,0.03017952124818757,0.09236224807369398,0.1459989447547685,105633,ceb527278e0227dc649771df6d726552bb83bbe0186fd9efe923ac4d458de579,three_row_sha256,80b4ae65341a0819c42db46dd1a1c0e261018fe54dbd9a7c7547ff12f0396c60,944f93c6fa033d604d9e90219484c40564bfebf4e3306a041f5ec522a76c0b9b,0f2cf9a67445117338a1c28f1312c232b1cbb8285fc218b4057ed38b092a75be,0.22138608619570732,0.22095604799687862,0.22081308998167515,0.5531951319426298,0.13160915113985538,0.6952991243451834,0.05698995664715767,2.1002485882490873,0.0,0.0,11.677125934511423,1077.1042697597295,5127.636656630784,223000,223000,3000.0,,,False,False,ok
BNCI2014_001,resampled_spectral_raw_power_s1,resampled,spectral,raw_power,1,6398,447,500,500,1.0,22,253,0.00029543207443760277,0.017188137608176248,5.186225064920361,0.7406347941212972,25.93652058787028,25.93652058787028,0.00018490178889362454,0.5547053666808736,0.00019183300993350026,8.721246861997597e-05,0.000805028283038367,4.892890892362421e-05,188.240737610482,5.716247880429664,0.03017952124818757,0.09236224807369398,0.1459989447547685,106079,5dbc2905310da38e62c504db1f27899fac04e205e15b376cecbbb4079ee5e4e6,three_row_sha256,0f053e6ca874717f435c66dc497d7c4519aaa3a2b6edd4e964c2fb9b72a5636f,944f93c6fa033d604d9e90219484c40564bfebf4e3306a041f5ec522a76c0b9b,0f2cf9a67445117338a1c28f1312c232b1cbb8285fc218b4057ed38b092a75be,0.2628779038786888,0.22904202342033386,0.2473208587616682,0.6076861172914505,0.15002000145614147,0.7166729774326086,0.07771886885166168,2.291338751092553,0.0,0.0,8.803313132375479,1079.395608510822,5136.43996976316,223500,223500,3000.0,,,False,False,ok
BNCI2014_001,resampled_spectral_raw_power_s1,resampled,spectral,raw_power,1,6398,448,500,500,1.0,22,253,0.0003115603015850462,0.0176510708339479,5.186335989966784,0.7406506351131346,25.934936488686542,25.934936488686542,0.00019191547500534525,0.5757464250160357,0.0001986341238150125,9.327131414207933e-05,0.0008125311782202858,4.618072901281015e-05,188.240737610482,5.716247880429664,0.03017952124818757,0.09236224807369398,0.1459989447547685,106526,3e6812e091d05c3ffc23af821e4c89e7f946000fba50d46dfab1bee251cd2976,three_row_sha256,cda551752e7ce98672993c4f2ff1015e3ae9ba39c0083da0e31882a992e91f72,944f93c6fa033d604d9e90219484c40564bfebf4e3306a041f5ec522a76c0b9b,0f2cf9a67445117338a1c28f1312c232b1cbb8285fc218b4057ed38b092a75be,0.233751954510808,0.22443500347435474,0.23291190154850483,0.5829848814755678,0.13493001461029053,0.615814933553338,0.058963894844055176,2.083792584016919,0.0,0.0,9.073155000805855,1081.479401094839,5145.513124763966,224000,224000,3000.0,,,False,False,ok
BNCI2014_001,resampled_spectral_raw_power_s1,resampled,spectral,raw_power,1,6398,449,500,500,1.0,22,253,0.00029385675251537055,0.01714225050906008,5.18490501397293,0.7404462801926802,25.955371980731982,25.955371980731982,0.00017879731458265516,0.5363919437479655,0.0001927577672046546,8.708768700118966e-05,0.0005816821483718006,5.404957929457337e-05,188.24073761048203,5.716247880429664,0.03017952124818757,0.09236224807369398,0.1459989447547685,106974,8e89ccffdf8d7b6e7c81ff91d18a004591746468644db78cc0217b4518cae07f,three_row_sha256,a9954490b32273fb0846cc02157bbc69ec9175c8536d8d5132489dfbb01d9ccd,944f93c6fa033d604d9e90219484c40564bfebf4e3306a041f5ec522a76c0b9b,0f2cf9a67445117338a1c28f1312c232b1cbb8285fc218b4057ed38b092a75be,0.22727902978658676,0.2221851609647274,0.22571510635316372,0.5640150047838688,0.13390788808465004,0.5701598711311817,0.05828496068716049,2.001547021791339,0.0,0.0,9.321157820522785,1083.4809481166303,5154.834282584488,224500,224500,3000.0,,,False,False,ok
BNCI2014_001,resampled_spectral_raw_power_s1,resampled,spectral,raw_power,1,6398,450,500,500,1.0,22,253,0.00028725050646033685,0.016948466197869848,5.1851585032886875,0.7404824805127276,25.95175194872724,25.95175194872724,0.0001733383951440143,0.520015185432043,0.00019229103796444713,8.458550127208283e-05,0.0005250055241023187,4.4040483173012835e-05,188.24073761048203,5.716247880429664,0.03017952124818757,0.09236224807369398,0.1459989447547685,107423,89250bf0db8576287e128d5d58327bcdcf1f3f931f42604de6144b20cc0531cb,three_row_sha256,838ac346bb64b666dea763f71081e170723ef2d7aacf6c558b8d450da6743261,944f93c6fa033d604d9e90219484c40564bfebf4e3306a041f5ec522a76c0b9b,0f2cf9a67445117338a1c28f1312c232b1cbb8285fc218b4057ed38b092a75be,0.2178531140089035,0.22228294983506203,0.22440520115196705,0.5981100257486105,0.13495306484401226,0.5407880526036024,0.05932897329330444,1.9977213814854622,0.0,0.0,8.858542190864682,1085.4786694981158,5163.692824775353,225000,225000,3000.0,,,False,False,ok
BNCI2014_001,resampled_spectral_raw_power_s1,resampled,spectral,raw_power,1,6398,451,500,500,1.0,22,253,0.00028430887507637675,0.016861461237875464,5.183262000654915,0.740211644631112,25.9788355368888,25.9788355368888,0.00017267875634594112,0.5180362690378233,0.00018951852501316387,8.393023492519628e-05,0.0005056681907266362,5.158931246215462e-05,188.24073761048203,5.716247880429664,0.03017952124818757,0.09236224807369398,0.1459989447547685,107873,abfd2709844257e0b03abae74627e5d3d764de7d3e0a50ed8556ce6b3f94895e,three_row_sha256,2fe469a7ca54bc72cc7a710ce67f5749fe532a64e356ba8c7bdb45aa94cca773,944f93c6fa033d604d9e90219484c40564bfebf4e3306a041f5ec522a76c0b9b,0f2cf9a67445117338a1c28f1312c232b1cbb8285fc218b4057ed38b092a75be,0.3499740269035101,0.22980314679443836,0.24769315496087074,0.6073289550840855,0.1389568205922842,0.8081961423158646,0.06826687604188919,2.4502191226929426,0.0,0.0,10.720866965129972,1087.9288886208087,5174.413691740483,225500,225500,3000.0,,,False,False,ok
BNCI2014_001,resampled_spectral_raw_power_s1,resampled,spectral,raw_power,1,6398,452,500,500,1.0,22,253,0.00031526553840438044,0.017755718470520432,5.183907753586476,0.7403038633612159,25.96961366387841,25.96961366387841,0.00019113758862864382,0.5734127658859315,0.00020549485580108917,9.258263266632755e-05,0.0007895744995268931,4.156582115836774e-05,188.240737610482,5.716247880429664,0.03017952124818757,0.09236224807369398,0.1459989447547685,108324,30ef778eb0ac0036180050ed42fe717a4364726b0409c488c0be5a819fbfbcaa,three_row_sha256,b80f94c098bf34a52e89d1a008a4015a86c8ee111388da0e611f33d2bd059bc4,944f93c6fa033d604d9e90219484c40564bfebf4e3306a041f5ec522a76c0b9b,0f2cf9a67445117338a1c28f1312c232b1cbb8285fc218b4057ed38b092a75be,0.29264483600854874,0.2286380622535944,0.2583330497145653,0.7018649484962225,0.1579101663082838,0.8324738591909409,0.07173488847911358,2.543599810451269,0.0,0.0,8.623992092907429,1090.47248843126,5183.0376838333905,226000,226000,3000.0,,,False,False,ok
BNCI2014_001,resampled_spectral_raw_power_s1,resampled,spectral,raw_power,1,6398,453,500,500,1.0,22,253,0.00029382707039025296,0.01714138472791078,5.180481004737971,0.7398144959704552,26.01855040295448,26.01855040295448,0.0001785828147611133,0.53574844428334,0.00019971247871412422,8.170663651986894e-05,0.0006170397671167739,3.483423031529552e-05,188.24073761048203,5.716247880429664,0.03017952124818757,0.09236224807369398,0.1459989447547685,108776,4777c38a0c9ea9eeb1c6f68056b08c2b26348fed52acbedf8fe63fdebc18b3e4,three_row_sha256,8686c672a1a12f2aabf0e8495b0542409c460e75a4b6ce06a2275fa13adaaa34,944f93c6fa033d604d9e90219484c40564bfebf4e3306a041f5ec522a76c0b9b,0f2cf9a67445117338a1c28f1312c232b1cbb8285fc218b4057ed38b092a75be,0.24200091138482094,0.22528879344463348,0.23637479171156883,0.578851904720068,0.14581182040274143,0.6833660881966352,0.0609690323472023,2.17266334220767,0.0,0.0,9.009288856759667,1092.6451517734677,5192.04697269015,226500,226500,3000.0,,,False,False,ok
BNCI2014_001,resampled_spectral_raw_power_s1,resampled,spectral,raw_power,1,6398,454,500,500,1.0,22,253,0.00027759876970409765,0.016661295558992335,5.179980591274892,0.7397430328893965,26.025696711060355,26.025696711060355,0.0001724904387332854,0.5174713161998563,0.00018422648801489275,8.081719360376173e-05,0.0005266313474508422,6.0210517242883325e-05,188.24073761048203,5.716247880429664,0.03017952124818757,0.09236224807369398,0.1459989447547685,109229,8a60abaeb83c155d8fe2dbeeba310e17c87cffc83dbd848edf618552e6af8802,three_row_sha256,e01e4d4222558c5fc58df68172a3809db380fe78648205b1c50059e279e46834,944f93c6fa033d604d9e90219484c40564bfebf4e3306a041f5ec522a76c0b9b,0f2cf9a67445117338a1c28f1312c232b1cbb8285fc218b4057ed38b092a75be,0.22984202951192856,0.22665713913738728,0.23237289860844612,0.583539018407464,0.13781292364001274,0.6526859942823648,0.07001007907092571,2.1329200826585293,0.0,0.0,9.080381132662296,1094.7780718561262,5201.127353822812,227000,227000,3000.0,,,False,False,ok
BNCI2014_001,resampled_spectral_raw_power_s1,resampled,spectral,raw_power,1,6398,455,500,500,1.0,22,253,0.00028488169175648484,0.01687843866465393,5.179423326062277,0.7396634509196883,26.03365490803117,26.03365490803117,0.00017589160473483755,0.5276748142045127,0.00018995586908554827,8.196250358324375e-05,0.0005513880299719552,6.0207376583820545e-05,188.24073761048206,5.716247880429664,0.03017952124818757,0.09236224807369398,0.1459989447547685,109683,9ca8b50c3991a4323ba0d48cc8c265cf7a27434b10fc44357662914b9e98cc92,three_row_sha256,1bdfdf265e65e43046b24f20922fe1a9224e5108e7b5f470301fcf0daa2f4348,944f93c6fa033d604d9e90219484c40564bfebf4e3306a041f5ec522a76c0b9b,0f2cf9a67445117338a1c28f1312c232b1cbb8285fc218b4057ed38b092a75be,0.23694196715950966,0.23833406157791615,0.23301108740270138,0.5851320456713438,0.13554003089666367,0.6840899586677551,0.061507802456617355,2.174556953832507,0.0,0.0,8.63651093095541,1096.9526288099587,5209.763864753768,227500,227500,3000.0,,,False,False,ok
BNCI2014_001,resampled_spectral_raw_power_s1,resampled,spectral,raw_power,1,6398,456,500,500,1.0,22,253,0.0002806471870341566,0.01675252778043232,5.177961029308704,0.7394546231419753,26.05453768580247,26.05453768580247,0.00017114226848033692,0.5134268054410107,0.0001923064951260218,7.900065217464957e-05,0.0005351678339812747,5.061070778304256e-05,188.24073761048203,5.716247880429665,0.03017952124818757,0.09236224807369398,0.1459989447547685,110138,15459b97e58f5ceb168b26691797837888cf140504e4e2179f76dc7910de79b8,three_row_sha256,b5ad7378ebb33b5d7f16a4a269a28fcdbbec242944d6e931d61907f6284ced8b,944f93c6fa033d604d9e90219484c40564bfebf4e3306a041f5ec522a76c0b9b,0f2cf9a67445117338a1c28f1312c232b1cbb8285fc218b4057ed38b092a75be,0.233751954510808,0.22661592811346054,0.23257802240550518,0.5764469970017672,0.15696603804826736,0.6463648751378059,0.06079091690480709,2.1335147321224213,0.0,0.0,8.542161202058196,1099.0861435420811,5218.306025955826,228000,228000,3000.0,,,False,False,ok
BNCI2014_001,resampled_spectral_raw_power_s1,resampled,spectral,raw_power,1,6398,457,500,500,1.0,22,253,0.0003083685970683873,0.01756042701839529,5.178244590585283,0.7394951179807205,26.050488201927948,26.050488201927948,0.000185070704202427,0.5552121126072809,0.0002038442660657671,9.011264717009866e-05,0.0006759628740937281,4.27419768421781e-05,188.24073761048203,5.716247880429664,0.03017952124818757,0.09236224807369398,0.1459989447547685,110594,dc2452e2226d45fe36448d22d05b088416086362c8740b7ba9bdede8e8b55090,three_row_sha256,66c1b39309de17ddb4f1897b21bc6a5679b545110f5ee2b9ffb56b8183c6e6f5,944f93c6fa033d604d9e90219484c40564bfebf4e3306a041f5ec522a76c0b9b,0f2cf9a67445117338a1c28f1312c232b1cbb8285fc218b4057ed38b092a75be,0.21519605070352554,0.22427900694310665,0.22277887910604477,0.5536680109798908,0.13445690274238586,0.621564919129014,0.05977298133075237,2.03171675093472,0.0,0.0,11.20990514755249,1101.1178602930158,5229.5159311033785,228500,228500,3000.0,,,False,False,ok
BNCI2014_001,resampled_spectral_raw_power_s1,resampled,spectral,raw_power,1,6398,458,500,500,1.0,22,253,0.00029208241130105445,0.017090418698822288,5.176431365653255,0.7392361748269974,26.076382517300257,26.076382517300257,0.00017666704944367307,0.5300011483310193,0.00019570027844214872,8.472799290149715e-05,0.0005506514502313468,4.9308312366496096e-05,188.240737610482,5.716247880429664,0.03017952124818757,0.09236224807369398,0.1459989447547685,111051,e7a11655d0e99c592706af19d5a2c497d83a412923e20c215cfed7049168fc1c,three_row_sha256,448e0f5c698821df24bc939a5410bfa69b0d974dea5a70fa5f56ba6eb905178a,944f93c6fa033d604d9e90219484c40564bfebf4e3306a041f5ec522a76c0b9b,0f2cf9a67445117338a1c28f1312c232b1cbb8285fc218b4057ed38b092a75be,0.24510500952601433,0.22328388877213,0.23265089839696884,0.575497979298234,0.1337581779807806,0.6364509463310242,0.061650993302464485,2.1083978936076164,0.0,0.0,8.387288078665733,1103.2262581866235,5237.903219182044,229000,229000,3000.0,,,False,False,ok
BNCI2014_001,resampled_spectral_raw_power_s1,resampled,spectral,raw_power,1,6398,459,500,500,1.0,22,253,0.000287459177657892,0.0169546211298835,5.177724828385742,0.7394208917439431,26.057910825605685,26.057910825605685,0.0001751005314305811,0.5253015942917433,0.0001938335722591162,8.20820384403496e-05,0.0005487663100206363,4.2402395050113856e-05,188.240737610482,5.716247880429664,0.03017952124818757,0.09236224807369398,0.1459989447547685,111509,b2b18d0134bce36b9fcb6993902f9f482376723fed1cf3a9ad578bcc19c5bdc2,three_row_sha256,cdfe4e6f90e6b8cb55aadba11961455ac64c53a8e67b0e80912d56cb25d4abeb,944f93c6fa033d604d9e90219484c40564bfebf4e3306a041f5ec522a76c0b9b,0f2cf9a67445117338a1c28f1312c232b1cbb8285fc218b4057ed38b092a75be,0.2161739394068718,0.2216370776295662,0.2246301155537367,0.5663610063493252,0.1332529354840517,0.6726558785885572,0.07452606223523617,2.109237015247345,0.0,0.0,8.608868811279535,1105.3354952018708,5246.512087993324,229500,229500,3000.0,,,False,False,ok
BNCI2014_001,resampled_spectral_raw_power_s1,resampled,spectral,raw_power,1,6398,460,500,500,1.0,22,253,0.00027000195486497135,0.016431736209694073,5.176512085818392,0.7392477023180221,26.075229768197794,26.075229768197794,0.00016412121425503514,0.49236364276510547,0.0001900133804238774,7.403137467748391e-05,0.00042747375778880105,5.212746056682006e-05,188.24073761048203,5.716247880429664,0.03017952124818757,0.09236224807369398,0.1459989447547685,111968,f09d620f77aba44a167469cb9820d0a02a701bb01e27aef63c5839d95d4cc3cb,three_row_sha256,83852287760737b0f1f99ee2ed363f4f372625bbd879bf862dfb22c86caac35b,944f93c6fa033d604d9e90219484c40564bfebf4e3306a041f5ec522a76c0b9b,0f2cf9a67445117338a1c28f1312c232b1cbb8285fc218b4057ed38b092a75be,0.22097700275480747,0.22169691510498524,0.22572092711925507,0.5587381310760975,0.13631395995616913,0.6199618801474571,0.05938904359936714,2.0427978597581387,0.0,0.0,8.669020840898156,1107.378293061629,5255.181108834222,230000,230000,3000.0,,,False,False,ok
BNCI2014_001,resampled_spectral_raw_power_s1,resampled,spectral,raw_power,1,6398,461,500,500,1.0,22,253,0.00028851797808555863,0.01698581696844631,5.175111915350386,0.7390477466752713,26.095225332472875,26.095225332472875,0.00017724674412898664,0.53174023238696,0.00019213494383905108,8.284032649649629e-05,0.0005785429945332224,4.1464782388616454e-05,188.24073761048203,5.716247880429664,0.03017952124818757,0.09236224807369398,0.1459989447547685,112428,0b2c83898783b2eac0c780bb0853ffdc66b4d4e3762bcd9bcf09ef926a4621a1,three_row_sha256,780d42d86015418496a9db135e0054fe7c84e60a342c6b62a5f8deef9d755f92,944f93c6fa033d604d9e90219484c40564bfebf4e3306a041f5ec522a76c0b9b,0f2cf9a67445117338a1c28f1312c232b1cbb8285fc218b4057ed38b092a75be,0.21423492580652237,0.2215749118477106,0.2221160102635622,0.5475960206240416,0.15427800826728344,0.6110649555921555,0.05922513082623482,2.0300899632275105,0.0,0.0,8.457729127258062,1109.4083830248564,5263.63883796148,230500,230500,3000.0,,,False,False,ok
BNCI2014_001,resampled_spectral_raw_power_s1,resampled,spectral,raw_power,1,6398,462,500,500,1.0,22,253,0.00028937957857761413,0.01701116041243554,5.1734910636260185,0.7388162759681286,26.11837240318714,26.11837240318714,0.00017662825101831192,0.5298847530549358,0.00019481237606116408,8.360283704510972e-05,0.000600168334625916,4.9905679774497154e-05,188.24073761048203,5.716247880429665,0.03017952124818757,0.09236224807369398,0.1459989447547685,112889,a6948deab376777f9fb0c77d5be45967d7242eefa865cb4613d0f8b78ecd3a6a,three_row_sha256,196a574b9f4312b620d6132792486c1a59715ac4b494971293e167c6cccfc053,944f93c6fa033d604d9e90219484c40564bfebf4e3306a041f5ec522a76c0b9b,0f2cf9a67445117338a1c28f1312c232b1cbb8285fc218b4057ed38b092a75be,0.21726801060140133,0.22208597511053085,0.22609997540712357,0.5501559935510159,0.13227690942585468,0.6381981074810028,0.05968310870230198,2.045768080279231,0.0,0.0,8.840452181175351,1111.4541511051357,5272.479290142655,231000,231000,3000.0,,,False,False,ok
BNCI2014_001,resampled_spectral_raw_power_s1,resampled,spectral,raw_power,1,6398,463,500,500,1.0,22,253,0.00027376937109396436,0.0165459774898301,5.173769845868283,0.738856088322205,26.1143911677795,26.1143911677795,0.00017133085846267437,0.5139925753880232,0.00018304179230622052,7.970172346704776e-05,0.0005635579563818672,4.639636571129265e-05,188.240737610482,5.716247880429664,0.03017952124818757,0.09236224807369398,0.1459989447547685,113351,bf912210c7f2e5eb4327820afac0f60a9ed99aadc06ac5baaa946e01b7ad0849,three_row_sha256,708dfb1592177534e510b3cfdaaf726caad198e426e1f94679ccad146c23f2ac,944f93c6fa033d604d9e90219484c40564bfebf4e3306a041f5ec522a76c0b9b,0f2cf9a67445117338a1c28f1312c232b1cbb8285fc218b4057ed38b092a75be,0.21909410133957863,0.22537005133926868,0.2218389417976141,0.5509369075298309,0.13104616664350033,0.6134298164397478,0.05753105506300926,2.0192470401525497,0.0,0.0,10.730172973126173,1113.4733981452882,5283.209463115782,231500,231500,3000.0,,,False,False,ok
BNCI2014_001,resampled_spectral_raw_power_s1,resampled,spectral,raw_power,1,6398,464,500,500,1.0,22,253,0.0003066231534652246,0.017510658281892907,5.1705304787988755,0.7383934805617431,26.16065194382569,26.16065194382569,0.00018364312691838104,0.5509293807551432,0.00020181605974762073,9.108185695949435e-05,0.0006621723335223582,5.249099117941206e-05,188.24073761048203,5.716247880429665,0.03017952124818757,0.09236224807369398,0.1459989447547685,113814,d2dfc319b3834ad03eebb1544dd70b132ec6d90d6744ea08dd9d4b5705d0159c,three_row_sha256,6e17d77df0fcb5b26b963e118bdcbbcf6b7420a8b94ff224bcb81db61d7c2a32,944f93c6fa033d604d9e90219484c40564bfebf4e3306a041f5ec522a76c0b9b,0f2cf9a67445117338a1c28f1312c232b1cbb8285fc218b4057ed38b092a75be,0.23352098651230335,0.22382894530892372,0.22979406639933586,0.5788188427686691,0.13543595559895039,0.7243910804390907,0.060930848121643066,2.1867207251489162,0.0,0.0,8.816806133836508,1115.6601188704371,5292.026269249618,232000,232000,3000.0,,,False,False,ok
BNCI2014_001,resampled_spectral_raw_power_s1,resampled,spectral,raw_power,1,6398,465,500,500,1.0,22,253,0.0003033838114985055,0.017417916393716714,5.169107856829295,0.7381903186633751,26.18096813366249,26.18096813366249,0.0001810156522415702,0.5430469567247105,0.00019880312287161973,9.079697355227298e-05,0.0006124845742284032,5.054621093254865e-05,188.24073761048203,5.716247880429664,0.03017952124818757,0.09236224807369398,0.1459989447547685,114278,051596f87c73b114e78fc037c3883de63787e4b0a19cebd14d2a5fd655f53f73,three_row_sha256,25463cc5d84d8c912f256eee1737fbfdd15b18b1a219e858e0dfeb47fead6bf5,944f93c6fa033d604d9e90219484c40564bfebf4e3306a041f5ec522a76c0b9b,0f2cf9a67445117338a1c28f1312c232b1cbb8285fc218b4057ed38b092a75be,0.21086703054606915,0.21970807574689388,0.22605899721384048,0.5407410208135843,0.13075396418571472,0.6143259815871716,0.056165968999266624,1.9986210390925407,0.0,0.0,8.49827192723751,1117.6587399095297,5300.524541176856,232500,232500,3000.0,,,False,False,ok
BNCI2014_001,resampled_spectral_raw_power_s1,resampled,spectral,raw_power,1,6398,466,500,500,1.0,22,253,0.0002934613147036005,0.01713071261517163,5.167385166128692,0.7379443045285459,26.205569547145412,26.205569547145412,0.0001745976725207366,0.5237930175622098,0.00019699477690651355,8.663340862993925e-05,0.0005236476985690991,3.5880988309645794e-05,188.24073761048203,5.716247880429664,0.03017952124818757,0.09236224807369398,0.1459989447547685,114743,5f4644cfc1eabeac448ca66b10cccca970a8f5d6132e1dddb92156a47cc207f4,three_row_sha256,f0d4807c753dd59a4603af99d6aa59ce913fd132a923052be8cd7a750814b029,944f93c6fa033d604d9e90219484c40564bfebf4e3306a041f5ec522a76c0b9b,0f2cf9a67445117338a1c28f1312c232b1cbb8285fc218b4057ed38b092a75be,0.20159012638032436,0.21983101032674313,0.21877791732549667,0.5218149162828922,0.13679498806595802,0.5849660374224186,0.05538715049624443,1.9391621463000774,0.0,0.0,8.057269034907222,1119.5979020558298,5308.581810211763,233000,233000,3000.0,,,False,False,ok
BNCI2014_001,resampled_spectral_raw_power_s1,resampled,spectral,raw_power,1,6398,467,500,500,1.0,22,253,0.0003110633549802209,0.017636988262745453,5.168499134953731,0.7381033882669226,26.18966117330774,26.18966117330774,0.00018896694960810037,0.5669008488243011,0.00020130107191927685,9.23999907058943e-05,0.0008641243515287069,5.0539011283012324e-05,188.240737610482,5.716247880429664,0.03017952124818757,0.09236224807369398,0.1459989447547685,115209,2af8ba24008fb0e860615a19184465403cf7ffef35cca3abd2fbf43e72fe114d,three_row_sha256,ac309a4cb685257463691107eb848855e6f68ec155d24191237267840317dfef,944f93c6fa033d604d9e90219484c40564bfebf4e3306a041f5ec522a76c0b9b,0f2cf9a67445117338a1c28f1312c232b1cbb8285fc218b4057ed38b092a75be,0.20717410370707512,0.22028805688023567,0.21893205121159554,0.5351349245756865,0.13046199455857277,0.5809769500046968,0.055023934692144394,1.9479920156300068,0.0,0.0,8.546510944142938,1121.5458940714598,5317.128321155906,233500,233500,3000.0,,,False,False,ok
BNCI2014_001,resampled_spectral_raw_power_s1,resampled,spectral,raw_power,1,6398,468,500,500,1.0,22,253,0.0002984981298352188,0.017277098420603466,5.166619444674579,0.7378349533252291,26.216504667477096,26.216504667477096,0.00018321627885194052,0.5496488365558216,0.00019446916612935066,8.719471666597447e-05,0.0006676742616272007,4.2680676278924704e-05,188.240737610482,5.716247880429664,0.03017952124818757,0.09236224807369398,0.1459989447547685,115676,e5c06935fdf90943127751793684e5681d386ac1770324cb4cc8bed8c527b0f8,three_row_sha256,a5633d8faeaa3dc38e01827c43a4a804d1539fe7ceb7dd3180a7f074ef3f5aba,944f93c6fa033d604d9e90219484c40564bfebf4e3306a041f5ec522a76c0b9b,0f2cf9a67445117338a1c28f1312c232b1cbb8285fc218b4057ed38b092a75be,0.23938692174851894,0.2238370943814516,0.23559900000691414,0.5736490711569786,0.1438430044800043,0.6303528789430857,0.06043096072971821,2.1070989314466715,0.0,0.0,8.776250993832946,1123.6529930029064,5325.904572149739,234000,234000,3000.0,,,False,False,ok
BNCI2014_001,resampled_spectral_raw_power_s1,resampled,spectral,raw_power,1,6398,469,500,500,1.0,22,253,0.00030025919019764294,0.017327988636816536,5.166482137103889,0.7378153446960092,26.218465530399083,26.218465530399083,0.00017750057191699296,0.5325017157509789,0.00020108331384712677,8.802557289877723e-05,0.0005928896205191422,4.6729619271235046e-05,188.240737610482,5.716247880429664,0.03017952124818757,0.09236224807369398,0.1459989447547685,116144,13630c9991a6a7ba020d9261e1a07c57e1057c1b38aa64c53d32b5d84891c340,three_row_sha256,d10ace25b0404ea50c6b427f088c4cc422f323af385cee01376808934dfebbf9,944f93c6fa033d604d9e90219484c40564bfebf4e3306a041f5ec522a76c0b9b,0f2cf9a67445117338a1c28f1312c232b1cbb8285fc218b4057ed38b092a75be,0.2124919556081295,0.22179493680596352,0.2222098410129547,0.5508509930223227,0.1342820469290018,0.6284541450440884,0.12750807218253613,2.0975919906049967,0.0,0.0,10.529743041843176,1125.7505849935114,5336.434315191582,234500,234500,3000.0,,,False,False,ok
BNCI2014_001,resampled_spectral_raw_power_s1,resampled,spectral,raw_power,1,6398,470,500,500,1.0,22,253,0.0002931878634241612,0.017122729438502533,5.163661697107437,0.7374125631024695,26.25874368975305,26.25874368975305,0.00017884354019052876,0.5365306205715863,0.00019524714124810312,8.51552449739593e-05,0.0006520589238412665,6.252432422734183e-05,188.24073761048203,5.716247880429664,0.03017952124818757,0.09236224807369398,0.1459989447547685,116613,af96f49ec40b4d42660b90074b0f7ad0beaec0fc83c508b583670d4ef5610fb9,three_row_sha256,1d2c618754e29dbbe18c3636cfd510c951feed961c2e195b6d66497326a25d27,944f93c6fa033d604d9e90219484c40564bfebf4e3306a041f5ec522a76c0b9b,0f2cf9a67445117338a1c28f1312c232b1cbb8285fc218b4057ed38b092a75be,0.2446968574076891,0.22781593725085258,0.23741903714835644,0.591896940022707,0.13794610276818275,0.6993070710450411,0.06115506403148174,2.2002370096743107,0.0,0.0,9.587965905666351,1127.9508220031857,5346.022281097248,235000,235000,3000.0,,,False,False,ok
BNCI2014_001,resampled_spectral_raw_power_s1,resampled,spectral,raw_power,1,6398,471,500,500,1.0,22,253,0.0002896324489296778,0.017018591273359782,5.161372018045859,0.7370855784538768,26.29144215461232,26.29144215461232,0.0001776598575137089,0.5329795725411267,0.0001920130731789076,8.402445779955846e-05,0.0005907867345321938,5.4200244890229124e-05,188.24073761048203,5.716247880429664,0.03017952124818757,0.09236224807369398,0.1459989447547685,117083,a024dc84f32e89458eca26f8ffd9ef18d156f55c9213028efefe6a05dbfbd35a,three_row_sha256,4b78428b9b3624d48e00039702070bd6868b2ae5014a06a3a82b957784d323cf,944f93c6fa033d604d9e90219484c40564bfebf4e3306a041f5ec522a76c0b9b,0f2cf9a67445117338a1c28f1312c232b1cbb8285fc218b4057ed38b092a75be,0.21685799583792686,0.22131996229290962,0.22155093029141426,0.55499910376966,0.13198214583098888,0.5527341272681952,0.07089017890393734,1.9703344441950321,0.0,0.0,9.072741959244013,1129.9211564473808,5355.095023056492,235500,235500,3000.0,,,False,False,ok
BNCI2014_001,resampled_spectral_raw_power_s1,resampled,spectral,raw_power,1,6398,472,500,500,1.0,22,253,0.000281385794694946,0.016774557958257677,5.164317520007036,0.7375062199052778,26.24937800947222,26.24937800947222,0.0001735589375798915,0.5206768127396745,0.00018790049166020413,8.096129961350518e-05,0.0005442030081485843,5.302496060228943e-05,188.24073761048206,5.716247880429664,0.03017952124818757,0.09236224807369398,0.1459989447547685,117554,ee58d3aa1b341b6a378a5a3705f63f272f844f488c345813e58c0ab2d906b722,three_row_sha256,dc7cb5152a48805595f2b637caa6d2a48cc2de3c28b0a55917816aefd0c6e0bc,944f93c6fa033d604d9e90219484c40564bfebf4e3306a041f5ec522a76c0b9b,0f2cf9a67445117338a1c28f1312c232b1cbb8285fc218b4057ed38b092a75be,0.2140868455171585,0.21926220506429672,0.21829805336892605,0.5321709904819727,0.12902496382594109,0.5190728697925806,0.055519165471196175,1.8874350935220718,0.0,0.0,8.7318099103868,1131.8085915409029,5363.826832966879,236000,236000,3000.0,,,False,False,ok
BNCI2014_001,resampled_spectral_raw_power_s1,resampled,spectral,raw_power,1,6398,473,500,500,1.0,22,253,0.00029487335227242225,0.017171876783637317,5.164295432691901,0.7375030656584233,26.24969343415767,26.24969343415767,0.0001787827224882983,0.536348167464895,0.00019566377884501558,8.652409165646252e-05,0.000670835031106938,5.5526820378497296e-05,188.24073761048203,5.716247880429665,0.03017952124818757,0.09236224807369398,0.1459989447547685,118026,7e33a53a24904adc733d90f4724bef58d882850e4f4726edcee727ab7b4ee88b,three_row_sha256,3c5442166c9282c645599ab103aa4cb30d11bdedc7dd1d26b80fb05a1bcbf6c9,944f93c6fa033d604d9e90219484c40564bfebf4e3306a041f5ec522a76c0b9b,0f2cf9a67445117338a1c28f1312c232b1cbb8285fc218b4057ed38b092a75be,0.22320705465972424,0.2214750275015831,0.23424695245921612,0.5998399574309587,0.1372171100229025,0.5382481031119823,0.05739391781389713,2.011628123000264,0.0,0.0,9.405195014551282,1133.8202196639031,5373.23202798143,236500,236500,3000.0,,,False,False,ok
BNCI2014_001,resampled_spectral_raw_power_s1,resampled,spectral,raw_power,1,6398,474,500,500,1.0,22,253,0.0002849059842092126,0.01687915827904972,5.163439082573138,0.7373807719503859,26.261922804961415,26.261922804961415,0.000175432320273443,0.5262969608203288,0.00019197767008728025,8.057761706227225e-05,0.0006026500017095808,5.383802887350329e-05,188.24073761048203,5.716247880429664,0.03017952124818757,0.09236224807369398,0.1459989447547685,118499,51a583673d66ef15e70f3e1b5e34fa9c5dc55a8af0aa059dddb6b3e7a39dcec0,three_row_sha256,dde498235a5df2cdd07552d08b3a4a869b3dc167c788a10ab7112cbfa737e0ae,944f93c6fa033d604d9e90219484c40564bfebf4e3306a041f5ec522a76c0b9b,0f2cf9a67445117338a1c28f1312c232b1cbb8285fc218b4057ed38b092a75be,0.21280301734805107,0.22123404778540134,0.21941820159554482,0.5386031698435545,0.13021682389080524,0.7863228674978018,0.0571301206946373,2.165728248655796,0.0,0.0,10.706083849072456,1135.985947912559,5383.938111830503,237000,237000,3000.0,,,False,False,ok
BNCI2014_001,resampled_spectral_raw_power_s1,resampled,spectral,raw_power,1,6398,475,500,500,1.0,22,253,0.0003003678879447992,0.017331124832070166,5.164197055169073,0.7374890165542186,26.251098344578143,26.251098344578143,0.00018347797327057845,0.5504339198117353,0.0001965264972603026,8.786662400547636e-05,0.0006809205119655437,4.923840610519551e-05,188.24073761048203,5.716247880429664,0.03017952124818757,0.09236224807369398,0.1459989447547685,118973,7131970d7dc71227439225c55406fce4ec3e5ed8b9ad4d26d3ee517ed0776b19,three_row_sha256,771a1c113f8cc9a2712d604da53f9255c2ef9317ec939322fbee73898d3af84d,944f93c6fa033d604d9e90219484c40564bfebf4e3306a041f5ec522a76c0b9b,0f2cf9a67445117338a1c28f1312c232b1cbb8285fc218b4057ed38b092a75be,0.2755040768533945,0.22622384130954742,0.2517038956284523,0.6878438871353865,0.152230029925704,0.8126217871904373,0.060584163293242455,2.4667116813361645,0.0,0.0,8.872895035892725,1138.452659593895,5392.8110068663955,237500,237500,3000.0,,,False,False,ok
BNCI2014_001,resampled_spectral_raw_power_s1,resampled,spectral,raw_power,1,6398,476,500,500,1.0,22,253,0.00029255978132346867,0.017104379010167797,5.1629556401738395,0.7373117324741981,26.268826752580193,26.268826752580193,0.00017594499136525257,0.5278349740957579,0.00019835332312500995,8.423139639806369e-05,0.000604154135750472,5.858326898772345e-05,188.240737610482,5.716247880429664,0.03017952124818757,0.09236224807369398,0.1459989447547685,119448,c5dfec55592fd06679698e64040416679f9d1a22718c7e0cbd53b1ab6591ceb4,three_row_sha256,ecf14869855b81b090650fe54f4b472e0551a7ae53a0973bcb1d00e8d2f28de8,944f93c6fa033d604d9e90219484c40564bfebf4e3306a041f5ec522a76c0b9b,0f2cf9a67445117338a1c28f1312c232b1cbb8285fc218b4057ed38b092a75be,0.24323700927197933,0.22392813116312027,0.22981385700404644,0.5788540001958609,0.14567608013749123,0.6701380480080843,0.0617720652371645,2.153419191017747,0.0,0.0,8.96177301183343,1140.6060787849128,5401.772779878229,238000,238000,3000.0,,,False,False,ok
BNCI2014_001,resampled_spectral_raw_power_s1,resampled,spectral,raw_power,1,6398,477,500,500,1.0,22,253,0.00029920409891861117,0.0172975171316178,5.1612422321991875,0.73706704398755,26.29329560124501,26.29329560124501,0.00018079731370994708,0.5423919411298412,0.00019632778160191437,8.88246286249931e-05,0.0006142491154079183,5.2065463925690484e-05,188.24073761048203,5.716247880429664,0.03017952124818757,0.09236224807369398,0.1459989447547685,119924,59139e763296ffef1d3f89aed6fe9a6313e02435fae129735aba63de207b8860,three_row_sha256,8b1b91f5d39c783e7047523c3137afa713efae526a7179120178e2c388268bc2,944f93c6fa033d604d9e90219484c40564bfebf4e3306a041f5ec522a76c0b9b,0f2cf9a67445117338a1c28f1312c232b1cbb8285fc218b4057ed38b092a75be,0.2167059574276209,0.22218585945665836,0.22486713714897633,0.5601460579782724,0.13341312296688557,0.5742900539189577,0.058191828429698944,1.9898000173270702,0.0,0.0,8.886696072295308,1142.59587880224,5410.659475950524,238500,238500,3000.0,,,False,False,ok
BNCI2014_001,resampled_spectral_raw_power_s1,resampled,spectral,raw_power,1,6398,478,500,500,1.0,22,253,0.00028510957291151594,0.016885187973828302,5.1591257009119085,0.736764786238497,26.32352137615031,26.32352137615031,0.00017402948075728378,0.5220884422718514,0.00019194467195035497,8.221826596332576e-05,0.0005840785717473583,5.2717194249897977e-05,188.240737610482,5.716247880429664,0.03017952124818757,0.09236224807369398,0.1459989447547685,120401,681b29c26d5157abb924c3725800a415339d8a50bde94bf51ca7cfd8f4d1644f,three_row_sha256,ce6fe95626b1eb76ce3eae390147305a94a376a6185ee968a44b4b6ae0e38e4c,944f93c6fa033d604d9e90219484c40564bfebf4e3306a041f5ec522a76c0b9b,0f2cf9a67445117338a1c28f1312c232b1cbb8285fc218b4057ed38b092a75be,0.21925801411271095,0.2197518479079008,0.2206240314990282,0.5432921461760998,0.128244049847126,0.5231180693954229,0.05699601024389267,1.9112841691821814,0.0,0.0,8.51270998828113,1144.507162971422,5419.172185938805,239000,239000,3000.0,,,False,False,ok
BNCI2014_001,resampled_spectral_raw_power_s1,resampled,spectral,raw_power,1,6398,479,500,500,1.0,22,253,0.0003054965223197911,0.017478458808481687,5.160767280197032,0.7369992170085949,26.300078299140505,26.300078299140505,0.00018494073230656538,0.5548221969196961,0.00019719218771797875,9.204441792011831e-05,0.0006588676949464958,4.877917757068548e-05,188.24073761048203,5.716247880429664,0.03017952124818757,0.09236224807369398,0.1459989447547685,120879,55dfbf9026f6b8cff5ad61ba4263e50816cb19c5eb6e03e0e2a40289f5113b5f,three_row_sha256,17c70ec7fa6a32aee1ce047853f76a17ce2f8ca32a38b9f75f1bf3ed38509c29,944f93c6fa033d604d9e90219484c40564bfebf4e3306a041f5ec522a76c0b9b,0f2cf9a67445117338a1c28f1312c232b1cbb8285fc218b4057ed38b092a75be,0.21005887538194656,0.2200829330831766,0.21989294327795506,0.5315709859132767,0.13779685832560062,0.5504239816218615,0.0578821636736393,1.9277087412774563,0.0,0.0,9.237568126991391,1146.4348717126995,5428.409754065797,239500,239500,3000.0,,,False,False,ok
BNCI2014_001,resampled_spectral_raw_power_s1,resampled,spectral,raw_power,1,6398,480,500,500,1.0,22,253,0.00029829214744929287,0.017271136252409478,5.158848178902578,0.7367251538558541,26.32748461441459,26.32748461441459,0.00017911534789134934,0.5373460436740479,0.00019861523896215914,8.643497182003156e-05,0.0006038288138954452,4.2674865349317754e-05,188.24073761048203,5.716247880429664,0.03017952124818757,0.09236224807369398,0.1459989447547685,121358,727196f289b32db3071cc4b16f1b3dfca8cf6e3ae12627d89ff67382d1c2d2bb,three_row_sha256,3f92db2c71b084a7433b36fcefdde6d3e7d3caaa9d7220779bff38f0e3546927,944f93c6fa033d604d9e90219484c40564bfebf4e3306a041f5ec522a76c0b9b,0f2cf9a67445117338a1c28f1312c232b1cbb8285fc218b4057ed38b092a75be,0.21599093452095985,0.21962891332805157,0.22121611982584,0.5352729931473732,0.12974697165191174,0.7620688993483782,0.06702705286443233,2.150951884686947,0.0,0.0,10.732395108789206,1148.5858235973865,5439.142149174586,240000,240000,3000.0,,,False,False,ok
BNCI2014_001,resampled_spectral_raw_power_s1,resampled,spectral,raw_power,1,6398,481,500,500,1.0,22,253,0.00028794164857174796,0.016968843465945106,5.156866913161183,0.7364422131183989,26.355778688160118,26.355778688160118,0.00018027353423951648,0.5408206027185495,0.00018923592426081944,8.305645194657062e-05,0.0006458035618528847,5.0332513524052984e-05,188.24073761048203,5.716247880429665,0.03017952124818757,0.09236224807369398,0.1459989447547685,121838,ac4c4daacc67b77b10aea869ff1fab0454b1829b3b3baf6234031915520bf82a,three_row_sha256,2cd2378da954536f13455c73a553a8942cc020924020a3451a6aa25dd047d70d,944f93c6fa033d604d9e90219484c40564bfebf4e3306a041f5ec522a76c0b9b,0f2cf9a67445117338a1c28f1312c232b1cbb8285fc218b4057ed38b092a75be,0.2517069224268198,0.2279849722981453,0.2365349791944027,0.5984101444482803,0.141416909173131,0.6938599981367588,0.06193388253450394,2.211847808212042,0.0,0.0,9.132748935371637,1150.7976714055985,5448.274898109958,240500,240500,3000.0,,,False,False,ok
BNCI2014_001,resampled_spectral_raw_power_s1,resampled,spectral,raw_power,1,6398,482,500,500,1.0,22,253,0.00031887025849962276,0.017856938665393427,5.153880480125948,0.7360157263792927,26.398427362070734,26.398427362070734,0.00019902134523898268,0.597064035716948,0.00020522866833250333,9.433183941887515e-05,0.0011216578369596826,4.759620602115773e-05,188.24073761048203,5.716247880429664,0.03017952124818757,0.09236224807369398,0.1459989447547685,122319,8788b6a2ca7da7b563410c5637f387c3541103c6007ba685f54a433d891fe468,three_row_sha256,dc36b6700f5c06ed545bcb83cc5b3e1f00ab468a98639f75d1df2216ce8002f5,944f93c6fa033d604d9e90219484c40564bfebf4e3306a041f5ec522a76c0b9b,0f2cf9a67445117338a1c28f1312c232b1cbb8285fc218b4057ed38b092a75be,0.22337608970701694,0.22376002743840218,0.22530392743647099,0.5679801106452942,0.1382068730890751,0.5614280235022306,0.061142025515437126,2.001197077333927,0.0,0.0,9.042446967214346,1152.7988684829324,5457.317345077172,241000,241000,3000.0,,,False,False,ok
BNCI2014_001,resampled_spectral_raw_power_s1,resampled,spectral,raw_power,1,6398,483,500,500,1.0,22,253,0.00029698489764928414,0.017233249770408486,5.153074943640204,0.7359006892681361,26.40993107318638,26.40993107318638,0.00017655101473553248,0.5296530442065974,0.00019895923603927175,8.621537528506145e-05,0.0005654134102973125,5.176933270492673e-05,188.240737610482,5.716247880429664,0.03017952124818757,0.09236224807369398,0.1459989447547685,122801,db4ec211401c5125b9d589b0ff26fbae4414759566757d6c90bede532254fbe1,three_row_sha256,f91338babde3f16885e164c7f784196ac74d33774e6416f1bae72b3cc36067b6,944f93c6fa033d604d9e90219484c40564bfebf4e3306a041f5ec522a76c0b9b,0f2cf9a67445117338a1c28f1312c232b1cbb8285fc218b4057ed38b092a75be,0.23610400967299938,0.2232349943369627,0.22890884429216385,0.5809110589325428,0.13519497588276863,0.5675831343978643,0.06030220538377762,2.0322392228990793,0.0,0.0,8.879174944013357,1154.8311077058315,5466.196520021185,241500,241500,3000.0,,,False,False,ok
BNCI2014_001,resampled_spectral_raw_power_s1,resampled,spectral,raw_power,1,6398,484,500,500,1.0,22,253,0.00029785863248211347,0.01725858141569328,5.149814592123855,0.7354350847592984,26.456491524070163,26.456491524070163,0.0001788748302865004,0.5366244908595011,0.00019860468319044368,8.626352963644836e-05,0.0005769912796615551,3.2442572893358795e-05,188.24073761048203,5.716247880429664,0.03017952124818757,0.09236224807369398,0.1459989447547685,123284,cb37af152f1e41f35da0cd3be81f3ef77c1188364445bf33b09b46340a010b9d,three_row_sha256,6e7f44660970ed5ff1360ad6aa4b3d6c46b1a32029095ee1906e7659cc05c8bd,944f93c6fa033d604d9e90219484c40564bfebf4e3306a041f5ec522a76c0b9b,0f2cf9a67445117338a1c28f1312c232b1cbb8285fc218b4057ed38b092a75be,0.21772203035652637,0.22201798856258392,0.22353301756083965,0.5489899776875973,0.13354001566767693,0.5495210643857718,0.05902186967432499,1.954345963895321,0.0,0.0,9.07202111557126,1156.7854536697268,5475.2685411367565,242000,242000,3000.0,,,False,False,ok
BNCI2014_001,resampled_spectral_raw_power_s1,resampled,spectral,raw_power,1,6398,485,500,500,1.0,22,253,0.0003121166611229541,0.017666823741775264,5.150893208382821,0.7355891198659309,26.44108801340691,26.44108801340691,0.0001947729739153767,0.5843189217461301,0.0001915025473891945,9.81172409024911e-05,0.0008380134980708565,4.454983042271433e-05,188.24073761048203,5.716247880429664,0.03017952124818757,0.09236224807369398,0.1459989447547685,123768,49cb0bfcb252d420781f58060662d40e43a787e93276d2d3d2d82bb8eff1cfa0,three_row_sha256,b46b72305c1538f3c8ded58f16211ff50a508bf101acddc2c5f99a46fe46c9ae,944f93c6fa033d604d9e90219484c40564bfebf4e3306a041f5ec522a76c0b9b,0f2cf9a67445117338a1c28f1312c232b1cbb8285fc218b4057ed38b092a75be,0.22101798094809055,0.22475188598036766,0.22545107640326023,0.5531099159270525,0.14239083975553513,0.8140371646732092,0.0670221634209156,2.247781027108431,0.0,0.0,10.369860799983144,1159.0332346968353,5485.63840193674,242500,242500,3000.0,,,False,False,ok
BNCI2014_001,resampled_spectral_raw_power_s1,resampled,spectral,raw_power,1,6398,486,500,500,1.0,22,253,0.0002849527425977579,0.0168805433146495,5.150322103800625,0.7355075615225575,26.44924384774425,26.44924384774425,0.0001737858798350719,0.5213576395052157,0.00019245911522004967,8.153142123770764e-05,0.0005695515401045673,4.5833955953519814e-05,188.240737610482,5.716247880429664,0.03017952124818757,0.09236224807369398,0.1459989447547685,124253,9c3cc9aac1e5751268c34cfad3783ebe5c296920a341368f16024fabd0603b57,three_row_sha256,1c20f96d42bde294895a977f74596bae5ec121029ca3550ffb312d99801a7ea4,944f93c6fa033d604d9e90219484c40564bfebf4e3306a041f5ec522a76c0b9b,0f2cf9a67445117338a1c28f1312c232b1cbb8285fc218b4057ed38b092a75be,0.2693510614335537,0.22978289052844048,0.23910007439553738,0.6912481039762497,0.1482770312577486,0.8020680397748947,0.06221910007297993,2.4420463014394045,0.0,0.0,9.208993054926395,1161.4752809982747,5494.847394991666,243000,243000,3000.0,,,False,False,ok
BNCI2014_001,resampled_spectral_raw_power_s1,resampled,spectral,raw_power,1,6398,487,500,500,1.0,22,253,0.0002965645028745341,0.017221048251327038,5.1483586169334625,0.7352271597518251,26.477284024817497,26.477284024817497,0.00018122878196168485,0.5436863458850545,0.0001941173411206279,8.746689193425117e-05,0.0006290190498028808,4.673464552489897e-05,188.24073761048203,5.716247880429664,0.03017952124818757,0.09236224807369398,0.1459989447547685,124739,3f8a0df53e81f0954e9ed87b1641fc4ab4cdad5225d5e989a5dbf64cbb50c918,three_row_sha256,191ee2c59b36c2964ab1c4c9e6698b601bb39b858f62843e3586bd055fc5bfa3,944f93c6fa033d604d9e90219484c40564bfebf4e3306a041f5ec522a76c0b9b,0f2cf9a67445117338a1c28f1312c232b1cbb8285fc218b4057ed38b092a75be,0.2356299664825201,0.22416911087930202,0.22599194198846817,0.5730350967496634,0.1443538349121809,0.9870340581983328,0.06300699897110462,2.453221008181572,0.0,0.0,9.536114986985922,1163.9285020064563,5504.383509978652,243500,243500,3000.0,,,False,False,ok
BNCI2014_001,resampled_spectral_raw_power_s1,resampled,spectral,raw_power,1,6398,488,500,500,1.0,22,253,0.00028626296114885486,0.01691930734837732,5.148933042131264,0.7353091923059056,26.46908076940944,26.46908076940944,0.00017410397727230434,0.522311931816913,0.0001933591926939906,8.297525644733454e-05,0.0005830104447892262,4.6580561918592126e-05,188.240737610482,5.716247880429664,0.03017952124818757,0.09236224807369398,0.1459989447547685,125226,04980f2088d5281c49080ea8cac7a20729e8a718f88d8104905522c2ffc54111,three_row_sha256,c82f85b271674f88ac09b2d452f55034feb3873296492626be0c80443c58435f,944f93c6fa033d604d9e90219484c40564bfebf4e3306a041f5ec522a76c0b9b,0f2cf9a67445117338a1c28f1312c232b1cbb8285fc218b4057ed38b092a75be,0.22247293964028358,0.22462592460215092,0.22496911697089672,0.5704679060727358,0.13562198728322983,0.9342669509351254,0.059835147112607956,2.37225997261703,0.0,0.0,9.982024086639285,1166.3007619790733,5514.365534065291,244000,244000,3000.0,,,False,False,ok
BNCI2014_001,resampled_spectral_raw_power_s1,resampled,spectral,raw_power,1,6398,489,500,500,1.0,22,253,0.0002878429145998293,0.016965933944225686,5.1484683491808,0.7352428304023267,26.47571695976733,26.47571695976733,0.00017747033112124,0.53241099336372,0.00018930498058465203,8.473369131328163e-05,0.0006104828448742783,5.073903804559301e-05,188.240737610482,5.716247880429664,0.03017952124818757,0.09236224807369398,0.1459989447547685,125714,bfe279b777ef7e70f66cee26348679b0addd70300b701d1d6ce81c80b7d5771c,three_row_sha256,30e13ddef59206cb1fcd440c8c03fa7158c89e369726b0fcd8c4ac6fcd913286,944f93c6fa033d604d9e90219484c40564bfebf4e3306a041f5ec522a76c0b9b,0f2cf9a67445117338a1c28f1312c232b1cbb8285fc218b4057ed38b092a75be,0.2208168152719736,0.22309296764433384,0.22277096286416054,0.5534568335860968,0.1323979813605547,0.8932009804993868,0.05895108915865421,2.3046876303851604,0.0,0.0,8.649582043290138,1168.6054496094584,5523.015116108581,244500,244500,3000.0,,,False,False,ok
BNCI2014_001,resampled_spectral_raw_power_s1,resampled,spectral,raw_power,1,6398,490,500,500,1.0,22,253,0.00028538020854345004,0.01689320006817684,5.148023835290904,0.7351793502314499,26.482064976855018,26.482064976855018,0.00017325672988990096,0.5197701896697029,0.0001933890276495423,8.148319197580758e-05,0.0005225041309210594,4.897375579258324e-05,188.24073761048206,5.716247880429664,0.03017952124818757,0.09236224807369398,0.1459989447547685,126203,7d712005ac048ae99b6a27e1dc402e6850766c5dcb4f9ab546a21b7a726b04a2,three_row_sha256,1b52be46a0b2ddd2cb8f68941e3e81cca52a58ed7874e9144c306a4b92517ee4,944f93c6fa033d604d9e90219484c40564bfebf4e3306a041f5ec522a76c0b9b,0f2cf9a67445117338a1c28f1312c232b1cbb8285fc218b4057ed38b092a75be,0.21915207616984844,0.22418098524212837,0.22302288562059402,0.551906879991293,0.14015194028615952,0.7046470418572426,0.0570639967918396,2.1201258059591055,0.0,0.0,9.30589810013771,1170.7255754154176,5532.321014208719,245000,245000,3000.0,,,False,False,ok
BNCI2014_001,resampled_spectral_raw_power_s1,resampled,spectral,raw_power,1,6398,491,500,500,1.0,22,253,0.00029401371246512,0.017146828058422933,5.147329286982077,0.7350801631276747,26.49198368723253,26.49198368723253,0.00018199695027381688,0.5459908508214507,0.0001919045656346096,8.667457828126942e-05,0.0007061077093028021,4.4442584094759354e-05,188.24073761048203,5.716247880429664,0.03017952124818757,0.09236224807369398,0.1459989447547685,126693,dc992da05fc457183ffab69b823f8a402394bbced9120114e0cefb59da2eeddb,three_row_sha256,766a8b7bd8a6dca920ec748963b986dd9913c3e97378c94c7ab19684041efc53,944f93c6fa033d604d9e90219484c40564bfebf4e3306a041f5ec522a76c0b9b,0f2cf9a67445117338a1c28f1312c232b1cbb8285fc218b4057ed38b092a75be,0.29771681874990463,0.22993888705968857,0.24720490910112858,0.7015080191195011,0.15867198817431927,0.6667389534413815,0.07206504233181477,2.3738446179777384,0.0,0.0,9.053105022758245,1173.0994200333953,5541.374119231477,245500,245500,3000.0,,,False,False,ok
BNCI2014_001,resampled_spectral_raw_power_s1,resampled,spectral,raw_power,1,6398,492,500,500,1.0,22,253,0.00028699346554331314,0.016940881486608456,5.146333141224217,0.734937905474169,26.506209452583096,26.506209452583096,0.00017773431260060686,0.5332029378018206,0.00018985880201459956,8.29568235142081e-05,0.0006495981010321698,5.782381340737172e-05,188.240737610482,5.716247880429664,0.03017952124818757,0.09236224807369398,0.1459989447547685,127184,86448a74c5ff0e1f30e8e9570c6e44bfebbdce72c0298d5a90ba15a8a951353b,three_row_sha256,a8ccce6f7b03bdc056d85a112b6f2ae69663bf2a49581ade7fd70b0edf4fc15c,944f93c6fa033d604d9e90219484c40564bfebf4e3306a041f5ec522a76c0b9b,0f2cf9a67445117338a1c28f1312c232b1cbb8285fc218b4057ed38b092a75be,0.23380503989756107,0.22694002836942673,0.229658093303442,0.5776819307357073,0.1350941602140665,0.7305520121008158,0.06236904300749302,2.1961003076285124,0.0,0.0,8.948358939960599,1175.2955203410238,5550.322478171438,246000,246000,3000.0,,,False,False,ok
BNCI2014_001,resampled_spectral_raw_power_s1,resampled,spectral,raw_power,1,6398,493,500,500,1.0,22,253,0.0002942924172902402,0.01715495314159267,5.147740135522012,0.7351388356148847,26.48611643851153,26.48611643851153,0.00017781159975896308,0.5334347992768893,0.00019743429410428676,8.384684792963007e-05,0.0005954785500703957,4.626472901678042e-05,188.24073761048203,5.716247880429664,0.03017952124818757,0.09236224807369398,0.1459989447547685,127676,bba2be6054005a4127165ea96c89095505451357c3a7fa6fb5649e1a625d78bc,three_row_sha256,af0240be97dcb20f3db0ed4d7b1d6a0536cad6fb5fdf0c3fe0931ea70a1b7b72,944f93c6fa033d604d9e90219484c40564bfebf4e3306a041f5ec522a76c0b9b,0f2cf9a67445117338a1c28f1312c232b1cbb8285fc218b4057ed38b092a75be,0.23258989676833153,0.22483011707663536,0.23035192862153053,0.5778539925813675,0.13618008233606815,0.7783300243318081,0.06071198731660843,2.2408480290323496,0.0,0.0,9.08482912927866,1177.5363683700562,5559.407307300717,246500,246500,3000.0,,,False,False,ok
BNCI2014_001,resampled_spectral_raw_power_s1,resampled,spectral,raw_power,1,6398,494,500,500,1.0,22,253,0.0002768431583594639,0.016638604459493108,5.146062917284203,0.734899315314723,26.510068468527706,26.510068468527706,0.00016985011243091498,0.509550337292745,0.00018702675369850605,7.949399579238362e-05,0.0004893771362505816,3.5594285588075824e-05,188.240737610482,5.716247880429664,0.03017952124818757,0.09236224807369398,0.1459989447547685,128169,e4f4a7b5e495b61e71bfe2c45cd9768a431bb11fc6ad1d7bdb8966c0364d297f,three_row_sha256,de52eb0ecdb60415586f147243966e10761f018a1a1fd2c8fd7395845097866f,944f93c6fa033d604d9e90219484c40564bfebf4e3306a041f5ec522a76c0b9b,0f2cf9a67445117338a1c28f1312c232b1cbb8285fc218b4057ed38b092a75be,0.21568802185356617,0.22188317961990833,0.2217339351773262,0.5528789479285479,0.1312799286097288,0.8742040954530239,0.05801697261631489,2.275685081258416,0.0,0.0,8.676066994667053,1179.8120534513146,5568.083374295384,247000,247000,3000.0,,,False,False,ok
BNCI2014_001,resampled_spectral_raw_power_s1,resampled,spectral,raw_power,1,6398,495,500,500,1.0,22,253,0.00028270530456871515,0.01681384264731638,5.145311614987335,0.7347920232834289,26.520797671657114,26.520797671657114,0.00017144637294117367,0.514339118823521,0.00019145848291645252,8.097941501778705e-05,0.0004941613918076277,5.141482045515527e-05,188.240737610482,5.716247880429664,0.03017952124818757,0.09236224807369398,0.1459989447547685,128663,0155e534b8efa477b81db250db43882775bf24d125bee92e53a393a53065a44e,three_row_sha256,b48343fae4b238a933445ce67a53ce3bc4088f55074fee4af27b06bebda77497,944f93c6fa033d604d9e90219484c40564bfebf4e3306a041f5ec522a76c0b9b,0f2cf9a67445117338a1c28f1312c232b1cbb8285fc218b4057ed38b092a75be,0.21438999101519585,0.2225399948656559,0.22091506980359554,0.5451510660350323,0.13883295468986034,0.8445431012660265,0.0642719678580761,2.2506441455334425,0.0,0.0,8.989382069557905,1182.062697596848,5577.072756364942,247500,247500,3000.0,,,False,False,ok
BNCI2014_001,resampled_spectral_raw_power_s1,resampled,spectral,raw_power,1,6398,496,500,500,1.0,22,253,0.0002973081360945701,0.017242625556874166,5.142465427219661,0.7343855647003642,26.56144352996358,26.56144352996358,0.00017854339216377558,0.5356301764913267,0.00019665334375809046,8.72929731067212e-05,0.0005680276213071367,4.408927115689378e-05,188.24073761048203,5.716247880429665,0.03017952124818757,0.09236224807369398,0.1459989447547685,129158,c8787b433b11217ad655cb41fddb7c673dc4c2a7b65f87a2b7cef48fbb3c291a,three_row_sha256,395241754742bcfd3306d682aa927f218b7418562df177c6d63c4cf61655e39d,944f93c6fa033d604d9e90219484c40564bfebf4e3306a041f5ec522a76c0b9b,0f2cf9a67445117338a1c28f1312c232b1cbb8285fc218b4057ed38b092a75be,0.2237018197774887,0.2238310407847166,0.22286712191998959,0.5582279991358519,0.13303197920322418,0.6005770992487669,0.05846819840371609,2.020705258473754,0.0,0.0,10.884578106924891,1184.0834028553218,5587.9573344718665,248000,248000,3000.0,,,False,False,ok
BNCI2014_001,resampled_spectral_raw_power_s1,resampled,spectral,raw_power,1,6398,497,500,500,1.0,22,253,0.0002869428754371632,0.016939388284030896,5.1406821270326155,0.7341308950417289,26.586910495827105,26.586910495827105,0.00017693869230063974,0.5308160769019192,0.00019033886613276975,8.470677431023306e-05,0.0005905763598296622,2.9521292386575767e-05,188.24073761048203,5.716247880429664,0.03017952124818757,0.09236224807369398,0.1459989447547685,129654,63a156cc91b66d42a5f06c15be9c686c4bca11cecf1c478dc9feac7df57451e9,three_row_sha256,c2f96312210b62ca2ccd29221a16ae6709666fdb59e2c4e42cd22c8500b821cb,944f93c6fa033d604d9e90219484c40564bfebf4e3306a041f5ec522a76c0b9b,0f2cf9a67445117338a1c28f1312c232b1cbb8285fc218b4057ed38b092a75be,0.24644681252539158,0.22618798539042473,0.2355279866605997,0.5824391264468431,0.13890606351196766,0.5802740342915058,0.06719795055687428,2.076979959383607,0.0,0.0,9.29243303835392,1186.1603828147054,5597.24976751022,248500,248500,3000.0,,,False,False,ok
BNCI2014_001,resampled_spectral_raw_power_s1,resampled,spectral,raw_power,1,6398,498,500,500,1.0,22,253,0.0003048472053434609,0.017459874150275567,5.13885055823951,0.733869332236602,26.613066776339807,26.613066776339807,0.0001863558683941333,0.5590676051823998,0.00019542157505562425,9.187058821442736e-05,0.0006852948433629042,4.740904007614959e-05,188.24073761048203,5.716247880429664,0.03017952124818757,0.09236224807369398,0.1459989447547685,130151,d29b97b8216bd2db510986dcf49263f08078b917b4be4277d5016890d03ecfc3,three_row_sha256,427430b2a6b5052548022b8bb47df1489f9bf46fa627619554c54159a3ffcb4a,944f93c6fa033d604d9e90219484c40564bfebf4e3306a041f5ec522a76c0b9b,0f2cf9a67445117338a1c28f1312c232b1cbb8285fc218b4057ed38b092a75be,0.232769176363945,0.2244568895548582,0.22783293388783932,0.5783690139651299,0.13580592349171638,0.9094320703297853,0.05990220233798027,2.3685682099312544,0.0,0.0,9.152647107839584,1188.5289510246366,5606.40241461806,249000,249000,3000.0,,,False,False,ok
BNCI2014_001,resampled_spectral_raw_power_s1,resampled,spectral,raw_power,1,6398,499,500,500,1.0,22,253,0.00029987782082727197,0.017316980707596574,5.138001091362691,0.7337480215110644,26.625197848893553,26.625197848893553,0.00017980280234629908,0.5394084070388973,0.00019812546980106654,8.938610647546159e-05,0.0005888571096546321,4.3730475641919815e-05,188.240737610482,5.716247880429664,0.03017952124818757,0.09236224807369398,0.1459989447547685,130649,2756a4881727184a91100352625fa2a666d1e0204d5416c9443b49d6da46e258,three_row_sha256,d6e4a9250f3d5534779b31999894eb29722bb42cf567c002b18412eac62cdd88,944f93c6fa033d604d9e90219484c40564bfebf4e3306a041f5ec522a76c0b9b,0f2cf9a67445117338a1c28f1312c232b1cbb8285fc218b4057ed38b092a75be,0.21385494619607925,0.22164080291986465,0.22038491442799568,0.5427089054137468,0.1427528914064169,0.8514819201081991,0.057780882343649864,2.2506052628159523,0.0,0.0,8.706639986485243,1190.7795562874526,5615.109054604545,249500,249500,3000.0,,,False,False,ok
BNCI2014_001,resampled_spectral_raw_power_s1,resampled,spectral,raw_power,1,6398,500,500,500,1.0,22,253,0.00027925552234894086,0.01671094019943046,5.136840523570202,0.7335822830640641,26.641771693593583,26.641771693593583,0.0001744351236947968,0.5233053710843903,0.00018730205174255976,7.883685518681594e-05,0.0006478004273238919,5.559257514375786e-05,188.24073761048203,5.716247880429664,0.03017952124818757,0.09236224807369398,0.1459989447547685,131148,6a12a0c742941df1405570a9044870cd24e53f1c2f0148482f4d2e7ce995fca0,three_row_sha256,8bbcd4ed3e6828ab6107bf894bdc8bd3c992190992b4df4ec8eb162d8ca8eca1,944f93c6fa033d604d9e90219484c40564bfebf4e3306a041f5ec522a76c0b9b,0f2cf9a67445117338a1c28f1312c232b1cbb8285fc218b4057ed38b092a75be,0.21142791956663132,0.22151111625134945,0.22142520174384117,0.5473680794239044,0.13341102749109268,0.8530458435416222,0.05740206688642502,2.245591254904866,0.0,0.0,8.40249890461564,1193.0251475423574,5623.511553509161,250000,250000,3000.0,,,False,False,ok
