dataset,method,family,response,calibration,update,subject,seed,epoch,bank_epoch,epochs,N_proj,p,power_objective,rooted_objective,lew,relative_lew,lew_reduction_pct,raw_gradient_norm,applied_update_norm,beta_t,target_rho,ess,ess_over_N,realized_rho_error,weight_entropy,max_weight,top5_mass,top10_mass,solver_status,solver_iterations,bracket_steps,bank_seed,bank_hash,bank_hash_kind,h_hash_epoch0,initial_source_hash,target_hash,direction_sampling_ms,source_projection_ms,target_projection_ms,wasserstein_1d_ms,aggregation_ms,backward_ms,optimizer_update_ms,total_epoch_ms,evaluation_ms,cumulative_optimization_ms,cumulative_evaluation_ms,cumulative_diagnostic_ms,nan,diverged,solver_failure,status
BNCI2014_001,ebsw_full_ess075,ebsw,full,ess075,normalized,8,3654,0,0,500,500,2,0.018527680701074432,0.13611642333338925,10.270850778196136,1.0,0.0,,0.0,20.98657569709968,0.75,375.0000000085628,0.7500000000171255,1.7125523221750427e-11,6.116642176686902,0.01523435425813993,0.05192713742384959,0.08217157166610131,solved,31,2,3654,dc1dc33adacb85b74a84909665c762b38e02c737337f33c7525bf5fa36362acd,full_tensor_sha256,111862f03209f36c0cad8bcd1ac8e5eec287bb49b4aa609429b21e3b08e6acd0,123ea5ce324bb82567913e1514a410f2bb582a6d8528a6ea98fbb2b74646f92c,a789b01b17129967eecd25421cde715dc938f6e3b95b30f735ff978f0882361e,,,,,,,,,16.390336910262704,0.0,16.390336910262704,0.0,False,False,False,initial
BNCI2014_001,ebsw_full_ess075,ebsw,full,ess075,normalized,8,3654,1,0,500,500,2,0.018527680701074432,0.13611642333338925,,,,0.0036369887079140567,2.7936838980935024,20.98657569709968,0.75,375.0000000085628,0.7500000000171255,1.7125523221750427e-11,6.116642176686902,0.01523435425813993,0.05192713742384959,0.08217157166610131,solved,31,2,3654,dc1dc33adacb85b74a84909665c762b38e02c737337f33c7525bf5fa36362acd,full_tensor_sha256,111862f03209f36c0cad8bcd1ac8e5eec287bb49b4aa609429b21e3b08e6acd0,123ea5ce324bb82567913e1514a410f2bb582a6d8528a6ea98fbb2b74646f92c,a789b01b17129967eecd25421cde715dc938f6e3b95b30f735ff978f0882361e,0.4306791815906763,0.40681706741452217,0.33275200985372066,0.818226020783186,2.624936867505312,1.2407279573380947,0.4106981214135885,6.2648372258991,0.0,6.2648372258991,16.390336910262704,61.08296290040016,False,False,False,ok
BNCI2014_001,ebsw_full_ess075,ebsw,full,ess075,normalized,8,3654,2,1,500,500,2,0.015267395595342832,0.12356130298496706,,,,0.004141704771979452,2.793683898093503,20.64858865540743,0.75,375.0000000060912,0.7500000000121825,1.2182477249211843e-11,6.135054715128502,0.022017975722293723,0.05225740211701002,0.07546457868424268,solved,32,2,3655,67eb549a66518bd76a781a4ac011cfacaacfe2ee0b30e8db0c1675242200b412,three_row_sha256,,123ea5ce324bb82567913e1514a410f2bb582a6d8528a6ea98fbb2b74646f92c,a789b01b17129967eecd25421cde715dc938f6e3b95b30f735ff978f0882361e,0.23531191982328892,0.34844083711504936,0.32819504849612713,0.6151939742267132,1.8089150544255972,1.1216250713914633,0.37304311990737915,4.830725025385618,0.0,11.095562251284719,16.390336910262704,61.08296290040016,False,False,False,ok
BNCI2014_001,ebsw_full_ess075,ebsw,full,ess075,normalized,8,3654,3,2,500,500,2,0.015866266553601394,0.12596136929075277,,,,0.0038028194061969075,2.793683898093503,22.279457062949426,0.75,374.9999999685599,0.7499999999371199,-6.288014553490484e-11,6.128391617311297,0.021007919415383658,0.050469897993950116,0.07830225418678588,solved,30,2,3657,0e887bc87b7170528de90c8dcd9a15a674082f7490f3d3af20b2b60842efcb79,three_row_sha256,,123ea5ce324bb82567913e1514a410f2bb582a6d8528a6ea98fbb2b74646f92c,a789b01b17129967eecd25421cde715dc938f6e3b95b30f735ff978f0882361e,0.2056150697171688,0.19750208593904972,1.778620993718505,0.5799380596727133,2.0746730733662844,0.6298520602285862,0.37927995435893536,5.845481297001243,0.0,16.94104354828596,16.390336910262704,61.08296290040016,False,False,False,ok
BNCI2014_001,ebsw_full_ess075,ebsw,full,ess075,normalized,8,3654,4,3,500,500,2,0.013220080926552077,0.11497861073500618,,,,0.0027728151224004627,2.7936838980935024,37.584886781520694,0.75,374.99999996601736,0.7499999999320347,-6.796530005459545e-11,6.103101451496266,0.012116714825181216,0.04870437789312066,0.08104063993732183,solved,31,2,3660,75499020d11575ab8bc6801473b47df5ef5d602c480b3c98c4e814b47d2f0e3c,three_row_sha256,,123ea5ce324bb82567913e1514a410f2bb582a6d8528a6ea98fbb2b74646f92c,a789b01b17129967eecd25421cde715dc938f6e3b95b30f735ff978f0882361e,0.21481001749634743,0.3926921635866165,0.3402768634259701,0.7380580063909292,1.9343148451298475,2.042534062638879,0.41151000186800957,6.074195960536599,0.0,23.01523950882256,16.390336910262704,61.08296290040016,False,False,False,ok
BNCI2014_001,ebsw_full_ess075,ebsw,full,ess075,normalized,8,3654,5,4,500,500,2,0.01234585389461906,0.1111118980785544,,,,0.0027097408283538096,2.793683898093503,37.16589559244001,0.75,375.00000001465645,0.7500000000293129,2.931288545227062e-11,6.10578850464227,0.011418348958737176,0.04711937769041274,0.08344430927688343,solved,30,2,3664,0960d37c7f4e7b7eafbe9dbe030cc24059519ee829b290222e869af82e026c54,three_row_sha256,,123ea5ce324bb82567913e1514a410f2bb582a6d8528a6ea98fbb2b74646f92c,a789b01b17129967eecd25421cde715dc938f6e3b95b30f735ff978f0882361e,0.20525394938886166,0.40194904431700706,0.287769827991724,0.600422965362668,1.6213669441640377,0.8971299976110458,0.4470287822186947,4.460921511054039,0.0,27.4761610198766,16.390336910262704,61.08296290040016,False,False,False,ok
BNCI2014_001,ebsw_full_ess075,ebsw,full,ess075,normalized,8,3654,6,5,500,500,2,0.010113070805953743,0.10056376487559394,,,,0.0032078080629876766,2.793683898093503,33.29124973617105,0.75,374.9999999813177,0.7499999999626354,-3.7364555893759643e-11,6.12974737618774,0.020362562269345394,0.05462473743280413,0.0763165870438299,solved,32,2,3669,544389856bde841814c88984d97d0222a6d2ae4f0f72b2c92b0e5ffb1449d736,three_row_sha256,,123ea5ce324bb82567913e1514a410f2bb582a6d8528a6ea98fbb2b74646f92c,a789b01b17129967eecd25421cde715dc938f6e3b95b30f735ff978f0882361e,0.2116980031132698,0.4755849950015545,0.2867160364985466,0.5699058528989553,2.617308171465993,1.0074181482195854,0.41285110637545586,5.58148231357336,0.0,33.05764333344996,16.390336910262704,61.08296290040016,False,False,False,ok
BNCI2014_001,ebsw_full_ess075,ebsw,full,ess075,normalized,8,3654,7,6,500,500,2,0.007288609469973633,0.08537335339538697,,,,0.0025331594731581248,2.793683898093503,50.215642115502845,0.75,374.9999999974613,0.7499999999949226,-5.0773829585182284e-12,6.125415586016457,0.019375505613134964,0.05066855082594568,0.0763443857724239,solved,32,2,3675,6b4413466a54b2e74b00d3ef8268ac1c6814832ac88059cdef7a6ddc60aca4d4,three_row_sha256,,123ea5ce324bb82567913e1514a410f2bb582a6d8528a6ea98fbb2b74646f92c,a789b01b17129967eecd25421cde715dc938f6e3b95b30f735ff978f0882361e,0.20362413488328457,0.3531638067215681,0.33306796103715897,0.6083999760448933,1.8698368221521378,0.7200760301202536,0.45173102989792824,4.5398997608572245,0.0,37.597543094307184,16.390336910262704,61.08296290040016,False,False,False,ok
BNCI2014_001,ebsw_full_ess075,ebsw,full,ess075,normalized,8,3654,8,7,500,500,2,0.007154569427595495,0.08458468790269014,,,,0.002160854752531412,2.7936838980935024,64.10942479942997,0.75,375.0000000069314,0.7500000000138628,1.3862799796982017e-11,6.105943521018251,0.01194807414529771,0.047933260678991875,0.08059355291390398,solved,32,2,3682,3e6c433cc7e3b754c33adbedfcddde0445d3264bc299e56ef69a2952ef5c767f,three_row_sha256,,123ea5ce324bb82567913e1514a410f2bb582a6d8528a6ea98fbb2b74646f92c,a789b01b17129967eecd25421cde715dc938f6e3b95b30f735ff978f0882361e,0.21448894403874874,0.46343286521732807,0.28898101300001144,0.5689470563083887,3.2753741834312677,0.778289046138525,0.42675784789025784,6.0162709560245275,0.0,43.61381405033171,16.390336910262704,61.08296290040016,False,False,False,ok
BNCI2014_001,ebsw_full_ess075,ebsw,full,ess075,normalized,8,3654,9,8,500,500,2,0.005346381747512697,0.07311895614348372,,,,0.002001228581204515,2.7936838980935033,80.02053012075982,0.75,375.00000001859604,0.7500000000371921,3.7192138258035357e-11,6.115149027423074,0.014329359036163681,0.05323192369726623,0.08050394361343474,solved,31,2,3690,5c7c12af0a539a6029f376de19a8596c4e2e8528893049d65e9d9135f5acee1c,three_row_sha256,,123ea5ce324bb82567913e1514a410f2bb582a6d8528a6ea98fbb2b74646f92c,a789b01b17129967eecd25421cde715dc938f6e3b95b30f735ff978f0882361e,0.2608238719403744,0.36508310586214066,0.29101199470460415,0.6611661519855261,1.9289669580757618,1.5877720434218645,0.5215350538492203,5.616359179839492,0.0,49.230173230171204,16.390336910262704,61.08296290040016,False,False,False,ok
BNCI2014_001,ebsw_full_ess075,ebsw,full,ess075,normalized,8,3654,10,9,500,500,2,0.004008014294709511,0.06330888006203798,,,,0.0017299028951202405,2.793683898093503,108.64474104498501,0.75,375.00000003968853,0.7500000000793771,7.93770604801125e-11,6.118375393991787,0.017878956419882523,0.05241081452430973,0.07885995542410194,solved,31,2,3699,13012093f2a08e4fb4ca13c414c08d29990a6d451bbee88d1221e1f4fd07464c,three_row_sha256,,123ea5ce324bb82567913e1514a410f2bb582a6d8528a6ea98fbb2b74646f92c,a789b01b17129967eecd25421cde715dc938f6e3b95b30f735ff978f0882361e,0.21462514996528625,2.3897390346974134,0.4178178496658802,0.9718500077724457,1.7969689797610044,0.7896709721535444,0.3549919929355383,6.935663986951113,0.0,56.165837217122316,16.390336910262704,61.08296290040016,False,False,False,ok
BNCI2014_001,ebsw_full_ess075,ebsw,full,ess075,normalized,8,3654,11,10,500,500,2,0.003163985501101493,0.056249315561182546,,,,0.0015592540831020777,2.793683898093503,127.72401303417838,0.75,375.0000000267232,0.7500000000534465,5.3446469472362423e-11,6.126151637577811,0.019921602241485602,0.0517013629954261,0.07619675915652385,solved,31,2,3709,49a26848b13370e6b0bc1c0d34333058781f084d4352f82fd4a8e75b2d5f0077,three_row_sha256,,123ea5ce324bb82567913e1514a410f2bb582a6d8528a6ea98fbb2b74646f92c,a789b01b17129967eecd25421cde715dc938f6e3b95b30f735ff978f0882361e,0.2529909834265709,0.34177093766629696,0.32660597935318947,0.6030299700796604,1.9058720208704472,3.7307757884263992,0.1913299784064293,7.352375658228993,0.0,63.51821287535131,16.390336910262704,61.08296290040016,False,False,False,ok
BNCI2014_001,ebsw_full_ess075,ebsw,full,ess075,normalized,8,3654,12,11,500,500,2,0.0025820388029343284,0.050813765880264455,,,,0.0012000633883712556,2.7936838980935024,181.72166305786243,0.75,375.0000000057017,0.7500000000114033,1.1403322730529908e-11,6.1112261286463605,0.011351102417339411,0.05027792419934929,0.08824976665066217,solved,32,2,3720,a10dd7838e63d793e05669a5bbae5d9866777c3f2f288c5dc3e6623d9f56ceb7,three_row_sha256,,123ea5ce324bb82567913e1514a410f2bb582a6d8528a6ea98fbb2b74646f92c,a789b01b17129967eecd25421cde715dc938f6e3b95b30f735ff978f0882361e,0.2316769678145647,0.19554700702428818,0.2190710511058569,0.6346481386572123,2.1074078977108,3.08042811229825,0.4014931619167328,6.870272336527705,0.0,70.38848521187901,16.390336910262704,61.08296290040016,False,False,False,ok
BNCI2014_001,ebsw_full_ess075,ebsw,full,ess075,normalized,8,3654,13,12,500,500,2,0.0020999039889863743,0.04582470937154293,,,,0.0010326434400978073,2.793683898093503,246.94992153840877,0.75,374.9999999954282,0.7499999999908564,-9.143574786207864e-12,6.1074174332104345,0.01287754098979544,0.048472346988446054,0.0834632046986366,solved,32,2,3732,d639e80a6406514e282331fe8caebf03e6e50a6b86b21484d55554d955870937,three_row_sha256,,123ea5ce324bb82567913e1514a410f2bb582a6d8528a6ea98fbb2b74646f92c,a789b01b17129967eecd25421cde715dc938f6e3b95b30f735ff978f0882361e,0.2127599436789751,0.19545108079910278,0.2159220166504383,0.6479078438133001,1.7827749252319336,0.8643819019198418,0.41963416151702404,4.338831873610616,0.0,74.72731708548963,16.390336910262704,61.08296290040016,False,False,False,ok
BNCI2014_001,ebsw_full_ess075,ebsw,full,ess075,normalized,8,3654,14,13,500,500,2,0.0012609590535213,0.03550998526501103,,,,0.0008999728353582194,2.793683898093503,411.2348796807787,0.75,375.00000001932824,0.7500000000386565,3.865652242751594e-11,6.123450416906417,0.020369589683132787,0.04911471708978833,0.07866893472691203,solved,30,2,3745,18caf0a7f9ddea9c6f56f1dc7228e38869cfdf13fb272e3669e9bbc0b5ce9b1c,three_row_sha256,,123ea5ce324bb82567913e1514a410f2bb582a6d8528a6ea98fbb2b74646f92c,a789b01b17129967eecd25421cde715dc938f6e3b95b30f735ff978f0882361e,0.24078693240880966,0.34780497662723064,0.3281058743596077,0.8516309317201376,1.8204930238425732,0.8671621326357126,0.5177878774702549,4.973771749064326,0.0,79.70108883455396,16.390336910262704,61.08296290040016,False,False,False,ok
BNCI2014_001,ebsw_full_ess075,ebsw,full,ess075,normalized,8,3654,15,14,500,500,2,0.001082786019516891,0.03290571408611111,,,,0.0007001203818862462,2.793683898093503,557.3277932562678,0.75,374.999999956657,0.749999999913314,-8.66859917181273e-11,6.111224637275411,0.01423446465071716,0.05256677861105201,0.08077208684808015,solved,30,2,3759,2783a32c977c98abe9381cc064f99e6d1e6a8a7db2ea6353c71ac39b0f2a596b,three_row_sha256,,123ea5ce324bb82567913e1514a410f2bb582a6d8528a6ea98fbb2b74646f92c,a789b01b17129967eecd25421cde715dc938f6e3b95b30f735ff978f0882361e,0.3369429614394903,0.19584596157073975,0.2176598645746708,3.608447965234518,2.083640079945326,3.6482319701462984,0.22069178521633148,10.311460588127375,0.0,90.01254942268133,16.390336910262704,61.08296290040016,False,False,False,ok
BNCI2014_001,ebsw_full_ess075,ebsw,full,ess075,normalized,8,3654,16,15,500,500,2,0.0007820446701488322,0.027965061597443913,,,,0.0005293999456390034,2.793683898093503,957.1199575051141,0.75,374.99999999349865,0.7499999999869973,-1.3002710019804908e-11,6.104949792371706,0.012432003512143141,0.04893725906156912,0.07776653446114043,solved,32,2,3774,081e1f6bfdd70849834308e4b4afa96b213ba120e02feb0b2294969cebf779d9,three_row_sha256,,123ea5ce324bb82567913e1514a410f2bb582a6d8528a6ea98fbb2b74646f92c,a789b01b17129967eecd25421cde715dc938f6e3b95b30f735ff978f0882361e,0.4261699505150318,0.3372670616954565,0.3089860547333956,0.8401800878345966,1.8737658392637968,0.8810169529169798,0.5251499824225903,5.192535929381847,0.0,95.20508535206318,16.390336910262704,61.08296290040016,False,False,False,ok
BNCI2014_001,ebsw_full_ess075,ebsw,full,ess075,normalized,8,3654,17,16,500,500,2,0.0006019361946184229,0.024534388001709415,,,,0.0003936605143801108,2.793683898093503,1470.520446051235,0.75,374.9999999768712,0.7499999999537424,-4.625755334330961e-11,6.101354805913395,0.0126422745099896,0.0488159698106889,0.07946240475545935,solved,29,2,3790,db12f7ca5c20931503e449b95ea8479ec3a7e7ba06f3fb1eb0c8357c57ea00a3,three_row_sha256,,123ea5ce324bb82567913e1514a410f2bb582a6d8528a6ea98fbb2b74646f92c,a789b01b17129967eecd25421cde715dc938f6e3b95b30f735ff978f0882361e,0.23396709002554417,0.19724899902939796,0.21540094166994095,0.7469260599464178,2.3682049941271544,1.842280151322484,0.19640917889773846,5.800437415018678,0.0,101.00552276708186,16.390336910262704,61.08296290040016,False,False,False,ok
BNCI2014_001,ebsw_full_ess075,ebsw,full,ess075,normalized,8,3654,18,17,500,500,2,0.0005361190573230615,0.02315424490936946,,,,0.0003911630516446307,2.793683898093503,1552.213106569206,0.75,375.000000014552,0.7500000000291039,2.9103941479036166e-11,6.110816556999784,0.016921261032974016,0.05104456357544809,0.07803051954129915,solved,31,2,3807,67bdf77b89d773426f5c8dae2ba09c38c60817995f083f77e325b2b46e341a40,three_row_sha256,,123ea5ce324bb82567913e1514a410f2bb582a6d8528a6ea98fbb2b74646f92c,a789b01b17129967eecd25421cde715dc938f6e3b95b30f735ff978f0882361e,0.6926658097654581,0.3860658034682274,0.29437593184411526,0.8210919331759214,1.9596589263528585,3.996618092060089,0.4197079688310623,8.570184465497732,0.0,109.57570723257959,16.390336910262704,61.08296290040016,False,False,False,ok
BNCI2014_001,ebsw_full_ess075,ebsw,full,ess075,normalized,8,3654,19,18,500,500,2,0.00048292299668199203,0.021975509019860996,,,,0.0003680847030661302,2.793683898093503,1788.669792171333,0.75,374.99999995877135,0.7499999999175427,-8.245726323963254e-11,6.11149004621815,0.01670287036871645,0.0514018383788933,0.07647774268970495,solved,30,2,3825,e0aa47bd84eb6d0eb33d78f7277096b0f7f8ddb52e1aedd9873d875c1bfb503d,three_row_sha256,,123ea5ce324bb82567913e1514a410f2bb582a6d8528a6ea98fbb2b74646f92c,a789b01b17129967eecd25421cde715dc938f6e3b95b30f735ff978f0882361e,0.21229591220617294,0.38431398570537567,0.32152398489415646,2.035906072705984,1.9967379048466682,0.7568481378257275,0.38189790211617947,6.089523900300264,0.0,115.66523113287985,16.390336910262704,61.08296290040016,False,False,False,ok
BNCI2014_001,ebsw_full_ess075,ebsw,full,ess075,normalized,8,3654,20,19,500,500,2,0.00044474958831772595,0.021089086948413056,,,,0.00028867306859702393,2.793683898093503,2297.154677659514,0.75,374.99999997772113,0.7499999999554423,-4.455769087030603e-11,6.095365629617549,0.013577499117221746,0.04208365627824963,0.0738700121003747,solved,30,2,3844,9a51ed6b77d7b810157dcd4b0f0683dbf7e17712d52e4c6e614d4408841f1dd5,three_row_sha256,,123ea5ce324bb82567913e1514a410f2bb582a6d8528a6ea98fbb2b74646f92c,a789b01b17129967eecd25421cde715dc938f6e3b95b30f735ff978f0882361e,0.21086586639285088,0.4794439300894737,0.2929710317403078,0.5927649326622486,2.1603950299322605,0.659002922475338,1.8014870584011078,6.196930771693587,0.0,121.86216190457344,16.390336910262704,61.08296290040016,False,False,False,ok
BNCI2014_001,ebsw_full_ess075,ebsw,full,ess075,normalized,8,3654,21,20,500,500,2,0.0004310835698072082,0.020762552102456196,,,,0.0002827177893789869,2.793683898093503,2489.2416331695676,0.75,374.9999999861876,0.7499999999723752,-2.762479134332807e-11,6.095777503068641,0.014084592917934857,0.044569561284569764,0.0745219172373945,solved,31,2,3864,f58451ea59c04409c3508ce9e3f32ed771c9dbeb5fc175f9f15d2e1fbfa7c986,three_row_sha256,,123ea5ce324bb82567913e1514a410f2bb582a6d8528a6ea98fbb2b74646f92c,a789b01b17129967eecd25421cde715dc938f6e3b95b30f735ff978f0882361e,0.2599910367280245,0.3435020335018635,0.32426812686026096,0.5986061878502369,2.089455956593156,0.6301081739366055,0.16968580894172192,4.415617324411869,0.0,126.27777922898531,16.390336910262704,61.08296290040016,False,False,False,ok
BNCI2014_001,ebsw_full_ess075,ebsw,full,ess075,normalized,8,3654,22,21,500,500,2,0.0004432931798003745,0.021054528724252522,,,,0.0002899363460852391,2.7936838980935033,2086.8333677464166,0.75,375.0000000037432,0.7500000000074865,7.486455899652356e-12,6.097016856195703,0.010615095100937687,0.045322654180713046,0.07872819536688613,solved,32,2,3885,e9f733ea8bc54161ad81ca8567c3f8b738a97659f04f5460a388163fe8351134,three_row_sha256,,123ea5ce324bb82567913e1514a410f2bb582a6d8528a6ea98fbb2b74646f92c,a789b01b17129967eecd25421cde715dc938f6e3b95b30f735ff978f0882361e,0.2085329033434391,0.19470718689262867,0.2141308505088091,0.5904948338866234,1.718241022899747,0.6909901276230812,0.5216568242758512,4.13875374943018,0.0,130.4165329784155,16.390336910262704,61.08296290040016,False,False,False,ok
BNCI2014_001,ebsw_full_ess075,ebsw,full,ess075,normalized,8,3654,23,22,500,500,2,0.00041334551079897616,0.0203309003932186,,,,0.0002896808749754037,2.793683898093503,2298.0615963758964,0.75,375.0000000027439,0.7500000000054878,5.487832410722149e-12,6.10081600770863,0.013780070061581164,0.048035674572940695,0.07729217867436176,solved,29,2,3907,573dbac0f14cd0efd8f409b6dd3d51168f544b4247705bd8efad8fa66a7bc01e,three_row_sha256,,123ea5ce324bb82567913e1514a410f2bb582a6d8528a6ea98fbb2b74646f92c,a789b01b17129967eecd25421cde715dc938f6e3b95b30f735ff978f0882361e,0.20405487157404423,0.1949078869074583,0.21246192045509815,0.5779198836535215,1.6394760459661484,0.8974908851087093,0.5035160575062037,4.229827551171184,0.0,134.64636052958667,16.390336910262704,61.08296290040016,False,False,False,ok
BNCI2014_001,ebsw_full_ess075,ebsw,full,ess075,normalized,8,3654,24,23,500,500,2,0.00040906806459629853,0.02022543113499187,,,,0.000452062019376485,2.793683898093503,1638.0487047060508,0.75,375.00000000995647,0.750000000019913,1.9912960169676808e-11,6.134959067824845,0.023692601507038526,0.045066343126671925,0.06547185367266323,solved,32,2,3930,bffaff78dda25abbcdcaa02f6ced4cb10bd996c87fa75440477556b73001bfaf,three_row_sha256,,123ea5ce324bb82567913e1514a410f2bb582a6d8528a6ea98fbb2b74646f92c,a789b01b17129967eecd25421cde715dc938f6e3b95b30f735ff978f0882361e,0.35207485780119896,0.27679698541760445,3.8517059292644262,0.7251119241118431,1.8424091394990683,0.5700988695025444,0.41833892464637756,8.036536630243063,0.0,142.68289715982974,16.390336910262704,61.08296290040016,False,False,False,ok
BNCI2014_001,ebsw_full_ess075,ebsw,full,ess075,normalized,8,3654,25,24,500,500,2,0.00042873723298354543,0.02070597095003143,7.463755725788805,0.7266930351703211,27.330696482967884,0.0003264540292593952,2.793683898093503,2037.6294858427266,0.75,374.99999998620433,0.7499999999724086,-2.7591373630286853e-11,6.109349380318699,0.015437012458438027,0.0515798388957692,0.08091706325642112,solved,31,2,3954,15e426a2ddcd443448319674dd6680812f17b732ad2806898e31376c0d7f5121,three_row_sha256,,123ea5ce324bb82567913e1514a410f2bb582a6d8528a6ea98fbb2b74646f92c,a789b01b17129967eecd25421cde715dc938f6e3b95b30f735ff978f0882361e,0.3768429160118103,0.32225693576037884,0.3112279810011387,1.051472034305334,1.948474906384945,3.5438749473541975,0.17795199528336525,7.73210171610117,15.929877990856767,150.4149988759309,32.32021490111947,61.08296290040016,False,False,False,ok
BNCI2014_001,ebsw_full_ess075,ebsw,full,ess075,normalized,8,3654,26,25,500,500,2,0.00040116623659497517,0.02002913469411435,,,,0.00028171935820879053,2.793683898093503,2569.4767740695142,0.75,375.0000000000601,0.7500000000001202,1.2023715356690445e-13,6.101056884235765,0.012665940744851611,0.04964444914231085,0.07792314183543697,solved,32,2,3979,fdba3dea77616db68f5fb87618194a6815c80962b90d11ecedf2ea613074d925,three_row_sha256,,123ea5ce324bb82567913e1514a410f2bb582a6d8528a6ea98fbb2b74646f92c,a789b01b17129967eecd25421cde715dc938f6e3b95b30f735ff978f0882361e,0.48431591130793095,0.34738611429929733,0.2616520505398512,1.0053699370473623,2.6429640129208565,0.7904721423983574,0.17970404587686062,5.711864214390516,0.0,156.12686309032142,32.32021490111947,121.91288801841438,False,False,False,ok
BNCI2014_001,ebsw_full_ess075,ebsw,full,ess075,normalized,8,3654,27,26,500,500,2,0.00041058541581246355,0.02026290738794568,,,,0.0002818623809580377,2.793683898093503,2397.6237390900737,0.75,375.00000000855255,0.7500000000171051,1.7105095118097324e-11,6.098301571059391,0.01372870230157077,0.04662767189949191,0.07551524267917534,solved,30,2,4005,726cf0740817c337ec041896e6e276024c6af9b2bb89a7cb72fc349428f0db15,three_row_sha256,,123ea5ce324bb82567913e1514a410f2bb582a6d8528a6ea98fbb2b74646f92c,a789b01b17129967eecd25421cde715dc938f6e3b95b30f735ff978f0882361e,0.5563059821724892,0.4983791150152683,0.2975659444928169,0.9687850251793861,2.002408029511571,1.0306688491255045,0.3425329923629761,5.696645937860012,0.0,161.82350902818143,32.32021490111947,121.91288801841438,False,False,False,ok
BNCI2014_001,ebsw_full_ess075,ebsw,full,ess075,normalized,8,3654,28,27,500,500,2,0.00039049916235502557,0.019761051651038856,,,,0.00027587664323079804,2.793683898093503,2536.562262609016,0.75,374.9999999559899,0.7499999999119799,-8.802014672681935e-11,6.09965557975556,0.013159719227081675,0.04860930225047303,0.07658831699508484,solved,31,2,4032,6cd445523ff4e9fa01dfd50f570ccef793034a522a44714ff404c8f5bf9f4131,three_row_sha256,,123ea5ce324bb82567913e1514a410f2bb582a6d8528a6ea98fbb2b74646f92c,a789b01b17129967eecd25421cde715dc938f6e3b95b30f735ff978f0882361e,0.37880102172493935,0.3855079412460327,0.3084100317209959,0.9722330141812563,2.7333530597388744,1.5982480254024267,0.18833111971616745,6.564884213730693,0.0,168.38839324191213,32.32021490111947,121.91288801841438,False,False,False,ok
BNCI2014_001,ebsw_full_ess075,ebsw,full,ess075,normalized,8,3654,29,28,500,500,2,0.0004015501849592893,0.02003871714854245,,,,0.00040983886998830556,2.793683898093503,1840.900316963191,0.75,374.99999996756117,0.7499999999351223,-6.487765880081042e-11,6.127522352149452,0.022418694467745436,0.04519197717542156,0.06729764400838523,solved,30,2,4060,9f72f3905ff0ce2b89a7308bf1c5540f7ac48790a7bf8ea337ed54a27fb0c23e,three_row_sha256,,123ea5ce324bb82567913e1514a410f2bb582a6d8528a6ea98fbb2b74646f92c,a789b01b17129967eecd25421cde715dc938f6e3b95b30f735ff978f0882361e,0.24355901405215263,0.5001940298825502,0.2914858050644398,0.9736940264701843,2.810192061588168,3.5370599944144487,0.3252839669585228,8.681468898430467,0.0,177.0698621403426,32.32021490111947,121.91288801841438,False,False,False,ok
BNCI2014_001,ebsw_full_ess075,ebsw,full,ess075,normalized,8,3654,30,29,500,500,2,0.00040613150431382676,0.02015270464016745,,,,0.000268584299104448,2.793683898093503,2473.687938034133,0.75,374.99999996442074,0.7499999999288415,-7.115852351802232e-11,6.096016154697891,0.010036465284592648,0.046292551552190114,0.0800780499391489,solved,31,2,4089,bfc316cbcb9f5172b7cb6219ec4a915a025bed41613158698f3309499faa7cc5,three_row_sha256,,123ea5ce324bb82567913e1514a410f2bb582a6d8528a6ea98fbb2b74646f92c,a789b01b17129967eecd25421cde715dc938f6e3b95b30f735ff978f0882361e,0.4200700204819441,0.3106419462710619,0.31167687848210335,0.7347101345658302,2.0227020140737295,2.051382791250944,0.3848110791295767,6.23599486425519,0.0,183.30585700459778,32.32021490111947,121.91288801841438,False,False,False,ok
BNCI2014_001,ebsw_full_ess075,ebsw,full,ess075,normalized,8,3654,31,30,500,500,2,0.0003977224434705323,0.019942979804195068,,,,0.0003006059262153426,2.793683898093503,2357.484872528127,0.75,375.0000000464133,0.7500000000928265,9.282652424502658e-11,6.10454237569612,0.015610678871694152,0.04899125852966137,0.07750757629423799,solved,31,2,4119,551e17135a60aa19efb913d14272cd8a23670c6faab637142058b0d927896b3e,three_row_sha256,,123ea5ce324bb82567913e1514a410f2bb582a6d8528a6ea98fbb2b74646f92c,a789b01b17129967eecd25421cde715dc938f6e3b95b30f735ff978f0882361e,0.3361308481544256,0.23817690089344978,0.23500085808336735,0.90789794921875,2.6486970018595457,1.2172521091997623,0.34455303102731705,5.927708698436618,0.0,189.2335657030344,32.32021490111947,121.91288801841438,False,False,False,ok
BNCI2014_001,ebsw_full_ess075,ebsw,full,ess075,normalized,8,3654,32,31,500,500,2,0.0003967535433901277,0.01991867323368019,,,,0.000269950776749857,2.793683898093503,2487.8289794987404,0.75,374.9999999534172,0.7499999999068344,-9.31655863567471e-11,6.0977923286436715,0.011759851275974158,0.04524650538123336,0.07979533351656556,solved,30,2,4150,1db0e4c1c47137b7e9f97a48124368322ae012bf6200acd99705eb5422cf2895,three_row_sha256,,123ea5ce324bb82567913e1514a410f2bb582a6d8528a6ea98fbb2b74646f92c,a789b01b17129967eecd25421cde715dc938f6e3b95b30f735ff978f0882361e,0.41566696017980576,0.3507619258016348,0.31815608963370323,0.9412190411239862,2.753815846517682,2.253771061077714,0.43388898484408855,7.467279909178615,0.0,196.70084561221302,32.32021490111947,121.91288801841438,False,False,False,ok
BNCI2014_001,ebsw_full_ess075,ebsw,full,ess075,normalized,8,3654,33,32,500,500,2,0.000391228386476172,0.019779494090501202,,,,0.00029532706936730385,2.793683898093503,2330.362065129634,0.75,375.00000003298527,0.7500000000659706,6.597056234625143e-11,6.104447468988629,0.014376884407992004,0.050095556836324356,0.07865345758891454,solved,30,2,4182,2b32dfa6ad1a37ea66f95904e1727294ab2d86d23e7313a591a5b68b8e2d4e62,three_row_sha256,,123ea5ce324bb82567913e1514a410f2bb582a6d8528a6ea98fbb2b74646f92c,a789b01b17129967eecd25421cde715dc938f6e3b95b30f735ff978f0882361e,0.21855509839951992,0.19547110423445702,0.21364213898777962,0.591732095927,1.7958928365260363,0.7553859613835812,0.4252428188920021,4.195922054350376,0.0,200.8967676665634,32.32021490111947,121.91288801841438,False,False,False,ok
BNCI2014_001,ebsw_full_ess075,ebsw,full,ess075,normalized,8,3654,34,33,500,500,2,0.0003821885001989943,0.019549641945544535,,,,0.00025552221317740373,2.793683898093503,2711.217735982632,0.75,375.00000003000235,0.7500000000600048,6.000477892342815e-11,6.093717233991189,0.009477884918139862,0.04533820366157662,0.07700928505898255,solved,31,2,4215,51ea687a13497bd39dffa943864e126bd9fd1b16a0bd1d620c7264281beda311,three_row_sha256,,123ea5ce324bb82567913e1514a410f2bb582a6d8528a6ea98fbb2b74646f92c,a789b01b17129967eecd25421cde715dc938f6e3b95b30f735ff978f0882361e,0.3070579841732979,0.3618879709392786,0.29801204800605774,0.7041050121188164,2.0927810110151768,0.621201004832983,0.1653800718486309,4.550425102934241,0.0,205.44719276949763,32.32021490111947,121.91288801841438,False,False,False,ok
BNCI2014_001,ebsw_full_ess075,ebsw,full,ess075,normalized,8,3654,35,34,500,500,2,0.00039331550300003587,0.01983218351569075,,,,0.00033188551257001575,2.793683898093503,2117.0835217769336,0.75,374.9999999893292,0.7499999999786584,-2.134159515776446e-11,6.11355858743573,0.017027106260839784,0.05206497458729377,0.07843724562941251,solved,31,2,4249,1866de2f39cac3e54613a65a6fb40a076bdb70f3df309c8f64ba6fb5e867a5b1,three_row_sha256,,123ea5ce324bb82567913e1514a410f2bb582a6d8528a6ea98fbb2b74646f92c,a789b01b17129967eecd25421cde715dc938f6e3b95b30f735ff978f0882361e,0.210505910217762,0.19392091780900955,0.21169311366975307,0.5763720255345106,2.8558841440826654,3.8550598546862602,0.38771284744143486,8.291148813441396,0.0,213.73834158293903,32.32021490111947,121.91288801841438,False,False,False,ok
BNCI2014_001,ebsw_full_ess075,ebsw,full,ess075,normalized,8,3654,36,35,500,500,2,0.00041366767964188633,0.020338821982649004,,,,0.0002511329639140874,2.793683898093503,2784.2649963452104,0.75,374.9999999736035,0.749999999947207,-5.2792992200068056e-11,6.0882575082514565,0.010792076092295275,0.04257527485140375,0.07325057105602417,solved,31,2,4284,4fbaf6d7cb4e64a1471770ed77517b76b45bb0d45f693e6908d3ddcecafab7a4,three_row_sha256,,123ea5ce324bb82567913e1514a410f2bb582a6d8528a6ea98fbb2b74646f92c,a789b01b17129967eecd25421cde715dc938f6e3b95b30f735ff978f0882361e,0.38517406210303307,0.31499797478318214,0.3581009805202484,1.34172011166811,2.7736949268728495,1.0228659957647324,0.19382010214030743,6.390374153852463,0.0,220.1287157367915,32.32021490111947,121.91288801841438,False,False,False,ok
BNCI2014_001,ebsw_full_ess075,ebsw,full,ess075,normalized,8,3654,37,36,500,500,2,0.0003686101198465306,0.01919922185523493,,,,0.00024934333355625213,2.793683898093503,2792.7031767899543,0.75,374.99999996914937,0.7499999999382988,-6.170119970505539e-11,6.093324750334181,0.01010063422371182,0.04387775190340429,0.07736474258713799,solved,31,2,4320,b4de810d5750d98f086c41f8fe62059bc9da1fdbc020f2cb8dc68dae6c116d20,three_row_sha256,,123ea5ce324bb82567913e1514a410f2bb582a6d8528a6ea98fbb2b74646f92c,a789b01b17129967eecd25421cde715dc938f6e3b95b30f735ff978f0882361e,0.30582607723772526,0.3288048319518566,0.57247094810009,0.60260109603405,2.087871078401804,3.587392158806324,0.3656279295682907,7.850594120100141,0.0,227.97930985689163,32.32021490111947,121.91288801841438,False,False,False,ok
BNCI2014_001,ebsw_full_ess075,ebsw,full,ess075,normalized,8,3654,38,37,500,500,2,0.0003871137736354006,0.0196752070798607,,,,0.0002714349058491456,2.793683898093503,2678.7228988057395,0.75,375.0000000491246,0.7500000000982492,9.824918656420323e-11,6.098731233562395,0.013165362373064853,0.046982579854790145,0.07859204403888537,solved,31,2,4357,a7984ea0fded4408e082523ff8ba5cbe8b159944f6df1851a1c7fcf4be29f911,three_row_sha256,,123ea5ce324bb82567913e1514a410f2bb582a6d8528a6ea98fbb2b74646f92c,a789b01b17129967eecd25421cde715dc938f6e3b95b30f735ff978f0882361e,0.21596788428723812,0.33723097294569016,0.29764906503260136,0.7562299724668264,2.098863013088703,1.4319599140435457,0.3517940640449524,5.489694885909557,0.0,233.4690047428012,32.32021490111947,121.91288801841438,False,False,False,ok
BNCI2014_001,ebsw_full_ess075,ebsw,full,ess075,normalized,8,3654,39,38,500,500,2,0.00038384888741170185,0.01959206184687313,,,,0.00024117002340179455,2.793683898093503,2971.953417022005,0.75,375.000000011961,0.750000000023922,2.3921975511598248e-11,6.08892082851912,0.011968673189974353,0.04061697101462888,0.07155219799109837,solved,29,2,4395,cd7e2a20e742b73d2270f7354351ce171534c2abe51a9797245cdceee40dd8ed,three_row_sha256,,123ea5ce324bb82567913e1514a410f2bb582a6d8528a6ea98fbb2b74646f92c,a789b01b17129967eecd25421cde715dc938f6e3b95b30f735ff978f0882361e,0.42442092671990395,0.33118994906544685,0.3576709423214197,1.0025659576058388,2.489014994353056,0.8851538877934217,0.4984550178050995,5.9884716756641865,0.0,239.45747641846538,32.32021490111947,121.91288801841438,False,False,False,ok
BNCI2014_001,ebsw_full_ess075,ebsw,full,ess075,normalized,8,3654,40,39,500,500,2,0.00038488736409384274,0.01961854643172737,,,,0.00027347095108539604,2.793683898093503,2593.902348403124,0.75,375.0000000435957,0.7500000000871915,8.719147626123913e-11,6.099178849952102,0.014320601843025107,0.04483361066863828,0.07510241586659995,solved,31,2,4434,779aea5158fdbd90b0069c47d217088fce33e949a4d3a37ca1da39406fe370db,three_row_sha256,,123ea5ce324bb82567913e1514a410f2bb582a6d8528a6ea98fbb2b74646f92c,a789b01b17129967eecd25421cde715dc938f6e3b95b30f735ff978f0882361e,0.3235139884054661,0.48441882245242596,0.3042269963771105,2.2422100882977247,2.433410147204995,0.7464399095624685,0.3258148208260536,6.8600347731262445,0.0,246.31751119159162,32.32021490111947,121.91288801841438,False,False,False,ok
BNCI2014_001,ebsw_full_ess075,ebsw,full,ess075,normalized,8,3654,41,40,500,500,2,0.00037822438341476676,0.0194479917578851,,,,0.00022446709287776324,2.793683898093503,3252.744579795684,0.75,375.000000004926,0.750000000009852,9.852008098221177e-12,6.0823477631862,0.009762378500220305,0.03725853364324668,0.06673914719005761,solved,30,2,4474,d4889260968119e5fd9f826deb67ffe859decec33716d0293b91d4fc661ed49f,three_row_sha256,,123ea5ce324bb82567913e1514a410f2bb582a6d8528a6ea98fbb2b74646f92c,a789b01b17129967eecd25421cde715dc938f6e3b95b30f735ff978f0882361e,0.413781963288784,0.3080919850617647,0.30801608227193356,0.9451990481466055,2.4229271803051233,0.8870679885149002,0.5203289911150932,5.805413238704205,0.0,252.12292443029583,32.32021490111947,121.91288801841438,False,False,False,ok
BNCI2014_001,ebsw_full_ess075,ebsw,full,ess075,normalized,8,3654,42,41,500,500,2,0.0003583126285436611,0.01892914759157583,,,,0.00022174617152583096,2.793683898093503,3417.3085869445586,0.75,375.00000000305533,0.7500000000061107,6.110667527536862e-12,6.084349145775565,0.008406333659257852,0.03887861963121543,0.07152858986227927,solved,31,2,4515,34d9c3617912fbbb5c952ee7a64642b26d26bd447a37bf70da17870a5d37c754,three_row_sha256,,123ea5ce324bb82567913e1514a410f2bb582a6d8528a6ea98fbb2b74646f92c,a789b01b17129967eecd25421cde715dc938f6e3b95b30f735ff978f0882361e,0.24663889780640602,0.32316590659320354,0.22025988437235355,1.0610891040414572,2.086278051137924,0.5712797865271568,0.3695921041071415,4.878303734585643,0.0,257.00122816488147,32.32021490111947,121.91288801841438,False,False,False,ok
BNCI2014_001,ebsw_full_ess075,ebsw,full,ess075,normalized,8,3654,43,42,500,500,2,0.0003708486608953118,0.019257431316126037,,,,0.00027731092485580757,2.793683898093503,2728.0862924861644,0.75,374.9999999739439,0.7499999999478878,-5.211220344136791e-11,6.09985191752506,0.016725837976602848,0.04169024079770397,0.06899347936648698,solved,30,2,4557,4b5a1383d263975aaf832c5ada230165f5428478538890208004ba4f2df56cc1,three_row_sha256,,123ea5ce324bb82567913e1514a410f2bb582a6d8528a6ea98fbb2b74646f92c,a789b01b17129967eecd25421cde715dc938f6e3b95b30f735ff978f0882361e,0.23516803048551083,0.5002880934625864,0.2925118897110224,0.9773699566721916,1.9363430328667164,3.847070038318634,0.4183161072432995,8.207067148759961,0.0,265.20829531364143,32.32021490111947,121.91288801841438,False,False,False,ok
BNCI2014_001,ebsw_full_ess075,ebsw,full,ess075,normalized,8,3654,44,43,500,500,2,0.0003742758607466675,0.019346210500939647,,,,0.00029214328972047284,2.793683898093503,2596.2445379704704,0.75,375.0000000017083,0.7500000000034166,3.4166003359814567e-12,6.106187671696115,0.01675368545374458,0.04821943881269401,0.07729772778212586,solved,29,2,4600,13490e363f0867c59eb01495fe6b9b16ee212c2e8754e62289984dc5e64884ca,three_row_sha256,,123ea5ce324bb82567913e1514a410f2bb582a6d8528a6ea98fbb2b74646f92c,a789b01b17129967eecd25421cde715dc938f6e3b95b30f735ff978f0882361e,0.21300814114511013,0.313181197270751,0.21357904188334942,0.8197578135877848,2.018449129536748,0.6566019728779793,0.5027051083743572,4.73728240467608,0.0,269.9455777183175,32.32021490111947,121.91288801841438,False,False,False,ok
BNCI2014_001,ebsw_full_ess075,ebsw,full,ess075,normalized,8,3654,45,44,500,500,2,0.0003674363029257853,0.019168628091905414,,,,0.00026342956917873233,2.793683898093503,2891.613504506617,0.75,375.000000036522,0.750000000073044,7.304401528074322e-11,6.098300279620784,0.01381971215663855,0.04744659604822278,0.07829033200591747,solved,30,2,4644,023512d53773424de6b3416c17c976b12d0fc6583fc5ab071520de2180d22658,three_row_sha256,,123ea5ce324bb82567913e1514a410f2bb582a6d8528a6ea98fbb2b74646f92c,a789b01b17129967eecd25421cde715dc938f6e3b95b30f735ff978f0882361e,0.28176605701446533,0.5602999590337276,0.3532459959387779,0.6051580421626568,2.101300051435828,3.5272198729217052,0.39810407906770706,7.827094057574868,0.0,277.7726717758924,32.32021490111947,121.91288801841438,False,False,False,ok
BNCI2014_001,ebsw_full_ess075,ebsw,full,ess075,normalized,8,3654,46,45,500,500,2,0.0003571058517442213,0.018897244554278842,,,,0.000302570224462921,2.7936838980935033,2592.140788653458,0.75,375.0000000000422,0.7500000000000844,8.43769498715119e-14,6.110386069361514,0.017707936885525414,0.04874445279741896,0.07586338478804402,solved,28,2,4689,b334ed895575f7faef51222491bfffe063c0936b6e496f090cd83a1e7947f33a,three_row_sha256,,123ea5ce324bb82567913e1514a410f2bb582a6d8528a6ea98fbb2b74646f92c,a789b01b17129967eecd25421cde715dc938f6e3b95b30f735ff978f0882361e,0.21600699983537197,0.37184497341513634,0.29501086100935936,0.7050128187984228,3.624281147494912,3.4266579896211624,0.36115781404078007,8.999972604215145,0.0,286.7726443801075,32.32021490111947,121.91288801841438,False,False,False,ok
BNCI2014_001,ebsw_full_ess075,ebsw,full,ess075,normalized,8,3654,47,46,500,500,2,0.00037439863917079655,0.019349383431282677,,,,0.00027503174236872266,2.793683898093503,2682.292035068526,0.75,374.9999999955914,0.7499999999911828,-8.817169216968068e-12,6.100040321369974,0.014816519670347299,0.047028908941075954,0.0743013160497342,solved,31,2,4735,fea5e4cf11535fba091245050b5de17b5bf69e88d6fb9263f1254096be53274c,three_row_sha256,,123ea5ce324bb82567913e1514a410f2bb582a6d8528a6ea98fbb2b74646f92c,a789b01b17129967eecd25421cde715dc938f6e3b95b30f735ff978f0882361e,0.29978808015584946,0.33877394162118435,0.2972329966723919,0.5515089724212885,1.8889021594077349,0.7054039742797613,0.38746302016079426,4.469073144719005,0.0,291.2417175248265,32.32021490111947,121.91288801841438,False,False,False,ok
BNCI2014_001,ebsw_full_ess075,ebsw,full,ess075,normalized,8,3654,48,47,500,500,2,0.00035859479002912567,0.018936599220269877,,,,0.00024131409789065672,2.793683898093503,3033.4394195078107,0.75,375.00000002466516,0.7500000000493303,4.9330317608564656e-11,6.092417844850021,0.01109720084737186,0.044336178362537254,0.07305874957102074,solved,31,2,4782,d03da5ac37f38bbea7077b86fbcd7dbc12c558fc8011be34ea87a3483703c263,three_row_sha256,,123ea5ce324bb82567913e1514a410f2bb582a6d8528a6ea98fbb2b74646f92c,a789b01b17129967eecd25421cde715dc938f6e3b95b30f735ff978f0882361e,0.2087519969791174,0.37633697502315044,0.294653931632638,2.039568964391947,1.761473948135972,0.756388995796442,0.39014406502246857,5.827318876981735,0.0,297.06903640180826,32.32021490111947,121.91288801841438,False,False,False,ok
BNCI2014_001,ebsw_full_ess075,ebsw,full,ess075,normalized,8,3654,49,48,500,500,2,0.0003511671706248584,0.018739454918029457,,,,0.0002718063421751596,2.793683898093503,2902.148818875514,0.75,375.00000002083135,0.7500000000416627,4.1662673311293474e-11,6.104003519751876,0.013433041522020454,0.05138547816374077,0.07526845610895444,solved,31,2,4830,a160517c1505be44e9c282e8a1ab3440114a2d16972ddc0274cb2d865799db12,three_row_sha256,,123ea5ce324bb82567913e1514a410f2bb582a6d8528a6ea98fbb2b74646f92c,a789b01b17129967eecd25421cde715dc938f6e3b95b30f735ff978f0882361e,0.19035511650145054,0.3671199083328247,0.287890899926424,0.5982609000056982,1.9266868475824594,2.0815960597246885,0.3143888898193836,5.766298621892929,0.0,302.8353350237012,32.32021490111947,121.91288801841438,False,False,False,ok
BNCI2014_001,ebsw_full_ess075,ebsw,full,ess075,normalized,8,3654,50,49,500,500,2,0.0003778942995886767,0.01943950358390555,7.386149304358721,0.7191370475402765,28.086295245972345,0.0002979290563936546,2.793683898093503,2531.966612156054,0.75,375.00000000526643,0.7500000000105329,1.0532907879223785e-11,6.106143565596936,0.01725773864912241,0.04767319675376402,0.07462775896434301,solved,30,2,4879,e6a20c6a5ccba4773a467b7bc5e55495eb0017ac379dd2e9985bb268afcb720e,three_row_sha256,,123ea5ce324bb82567913e1514a410f2bb582a6d8528a6ea98fbb2b74646f92c,a789b01b17129967eecd25421cde715dc938f6e3b95b30f735ff978f0882361e,0.21556601859629154,0.19464688375592232,0.21839397959411144,0.6367540918290615,4.331402014940977,4.186082165688276,0.17668609507381916,9.95953124947846,11.705642100423574,312.79486627317965,44.025857001543045,121.91288801841438,False,False,False,ok
BNCI2014_001,ebsw_full_ess075,ebsw,full,ess075,normalized,8,3654,51,50,500,500,2,0.0003642362588033714,0.019084974686998445,,,,0.00022470944794500717,2.793683898093503,3399.7033466821767,0.75,374.9999999514643,0.7499999999029286,-9.70713509573784e-11,6.085645135113284,0.009113984494471504,0.03948363643782225,0.07158389855111708,solved,29,2,4929,e59f94a7c28ecd419d8ca1fe92dd44d1e53b364a17464497afcdfbe7f1a0bedc,three_row_sha256,,123ea5ce324bb82567913e1514a410f2bb582a6d8528a6ea98fbb2b74646f92c,a789b01b17129967eecd25421cde715dc938f6e3b95b30f735ff978f0882361e,0.3934029955416918,0.5202349275350571,0.30655693262815475,0.7005089428275824,1.8632789142429829,1.1710610706359148,0.36951806396245956,5.324561847373843,0.0,318.1194281205535,44.025857001543045,172.18122398480773,False,False,False,ok
BNCI2014_001,ebsw_full_ess075,ebsw,full,ess075,normalized,8,3654,52,51,500,500,2,0.00035627121975048855,0.01887514820472911,,,,0.00024134350498894883,2.793683898093503,3100.799819926953,0.75,374.99999999247024,0.7499999999849405,-1.5059509195225473e-11,6.093085934854621,0.011284805306488932,0.04354533033375249,0.07367458686467314,solved,29,2,4980,381f58e21f18044f0f6fe7ce2d939e617bdd209fa330a7a55525acc92489ced7,three_row_sha256,,123ea5ce324bb82567913e1514a410f2bb582a6d8528a6ea98fbb2b74646f92c,a789b01b17129967eecd25421cde715dc938f6e3b95b30f735ff978f0882361e,0.2973859664052725,0.3567598760128021,0.30265701934695244,0.8752800058573484,2.296249847859144,0.6887461058795452,0.6651768926531076,5.4822557140141726,0.0,323.60168383456767,44.025857001543045,172.18122398480773,False,False,False,ok
BNCI2014_001,ebsw_full_ess075,ebsw,full,ess075,normalized,8,3654,53,52,500,500,2,0.00038297249336582127,0.019569683016488062,,,,0.0002555945690718106,2.7936838980935033,2947.3067209928086,0.75,374.99999999348114,0.7499999999869623,-1.30376820450806e-11,6.092621427248977,0.014411723033553658,0.041819537511663,0.07157360688811978,solved,31,2,5032,be29b907ca150ac241deffa2ec3b06f7289d15c43e4a3244c6efe7ad0f4499e0,three_row_sha256,,123ea5ce324bb82567913e1514a410f2bb582a6d8528a6ea98fbb2b74646f92c,a789b01b17129967eecd25421cde715dc938f6e3b95b30f735ff978f0882361e,0.41264318861067295,0.3072170075029135,0.30806916765868664,0.8020920213311911,2.002633875235915,1.2385000009089708,0.1798470038920641,5.251002265140414,0.0,328.8526860997081,44.025857001543045,172.18122398480773,False,False,False,ok
BNCI2014_001,ebsw_full_ess075,ebsw,full,ess075,normalized,8,3654,54,53,500,500,2,0.00036377802256569393,0.01907296575170453,,,,0.0002756761060202552,2.793683898093503,2739.182968357981,0.75,374.9999999559117,0.7499999999118234,-8.817657715098903e-11,6.102557210484171,0.014688924502951806,0.049478258350811516,0.07598965732314963,solved,31,2,5085,1cd167541c0152be787ef3f7edb8b09f4161aa7e94a9225710f4521f805272dc,three_row_sha256,,123ea5ce324bb82567913e1514a410f2bb582a6d8528a6ea98fbb2b74646f92c,a789b01b17129967eecd25421cde715dc938f6e3b95b30f735ff978f0882361e,0.22853701375424862,0.387722160667181,0.29771612025797367,0.7208099123090506,2.136800903826952,1.9023839849978685,0.16204407438635826,5.836014170199633,0.0,334.6887002699077,44.025857001543045,172.18122398480773,False,False,False,ok
BNCI2014_001,ebsw_full_ess075,ebsw,full,ess075,normalized,8,3654,55,54,500,500,2,0.00038222137455713474,0.019550482719286874,,,,0.0002465810980220153,2.793683898093503,2944.445891878532,0.75,374.99999998941337,0.7499999999788267,-2.1173285347231285e-11,6.091152283517841,0.010576684087726619,0.044009084330030784,0.07575488211069537,solved,28,2,5139,03679bdbb8528201074647927a1aa705a853762a5dc343f1266aefc33fa075e3,three_row_sha256,,123ea5ce324bb82567913e1514a410f2bb582a6d8528a6ea98fbb2b74646f92c,a789b01b17129967eecd25421cde715dc938f6e3b95b30f735ff978f0882361e,0.21852715872228146,0.3851850051432848,0.2896070946007967,0.5438539665192366,1.6761149745434523,0.8965770248323679,0.3465639892965555,4.356429213657975,0.0,339.0451294835657,44.025857001543045,172.18122398480773,False,False,False,ok
BNCI2014_001,ebsw_full_ess075,ebsw,full,ess075,normalized,8,3654,56,55,500,500,2,0.0003447638947140522,0.01856781879257906,,,,0.0002748156086806757,2.793683898093503,2959.769396572815,0.75,375.0000000378232,0.7500000000756465,7.564648907276705e-11,6.1063429215371885,0.014112274251713469,0.051467638157563084,0.0775127650092316,solved,29,2,5194,3da581989145b2a6f104a2f3ad5763055bf09d7c07cfa1cea6819f74b850f1f2,three_row_sha256,,123ea5ce324bb82567913e1514a410f2bb582a6d8528a6ea98fbb2b74646f92c,a789b01b17129967eecd25421cde715dc938f6e3b95b30f735ff978f0882361e,0.2017519436776638,0.3447798080742359,0.4241520073264837,0.6009279750287533,1.9354948308318853,0.703409081324935,0.3961320035159588,4.606647649779916,0.0,343.6517771333456,44.025857001543045,172.18122398480773,False,False,False,ok
BNCI2014_001,ebsw_full_ess075,ebsw,full,ess075,normalized,8,3654,57,56,500,500,2,0.00035441251339453285,0.018825846950257852,,,,0.00023051029312174832,2.793683898093503,3346.442494406944,0.75,375.00000000048345,0.7500000000009669,9.668932321460488e-13,6.0879071439260555,0.011832753449533193,0.03950145096702664,0.06920901023183962,solved,28,2,5250,b859a12952ef2821fdafb91f36d917548214e65e545680c64ff4db4746b6aef9,three_row_sha256,,123ea5ce324bb82567913e1514a410f2bb582a6d8528a6ea98fbb2b74646f92c,a789b01b17129967eecd25421cde715dc938f6e3b95b30f735ff978f0882361e,0.25312392972409725,0.39472198113799095,0.288279028609395,0.5369419232010841,1.6919889021664858,0.9954220149666071,0.3519151359796524,4.512392915785313,0.0,348.1641700491309,44.025857001543045,172.18122398480773,False,False,False,ok
BNCI2014_001,ebsw_full_ess075,ebsw,full,ess075,normalized,8,3654,58,57,500,500,2,0.0003616038509448083,0.01901588417467903,,,,0.0002730655254691048,2.793683898093503,2886.1554246420806,0.75,375.0000000131579,0.7500000000263158,2.631583839729501e-11,6.103743258649095,0.014858018459821116,0.0500717719094687,0.07640604796409145,solved,29,2,5307,4629da1c8eaab5434d5a5b4284ca5e903df62990179d336c9012c34cb48c04d3,three_row_sha256,,123ea5ce324bb82567913e1514a410f2bb582a6d8528a6ea98fbb2b74646f92c,a789b01b17129967eecd25421cde715dc938f6e3b95b30f735ff978f0882361e,0.2359990030527115,0.5176798440515995,0.3040698356926441,0.6148540414869785,1.903375145047903,1.0297149419784546,0.3397089894860983,4.94540180079639,0.0,353.1095718499273,44.025857001543045,172.18122398480773,False,False,False,ok
BNCI2014_001,ebsw_full_ess075,ebsw,full,ess075,normalized,8,3654,59,58,500,500,2,0.0003619029653108151,0.01902374740451563,,,,0.00024278847570997607,2.7936838980935024,2984.852194976697,0.75,375.00000001684685,0.7500000000336937,3.3693714485139026e-11,6.0935323691516725,0.00972405236541155,0.043757278351818155,0.07755536997299345,solved,30,2,5365,3684870412ea67b6267053d0f29fef70bae2fd01b1b35faffd9f4717235b7541,three_row_sha256,,123ea5ce324bb82567913e1514a410f2bb582a6d8528a6ea98fbb2b74646f92c,a789b01b17129967eecd25421cde715dc938f6e3b95b30f735ff978f0882361e,0.24416297674179077,0.3887948114424944,0.2897100057452917,0.5435419734567404,1.7521861009299755,0.8112660143524408,0.36157993599772453,4.391241818666458,0.0,357.50081366859376,44.025857001543045,172.18122398480773,False,False,False,ok
BNCI2014_001,ebsw_full_ess075,ebsw,full,ess075,normalized,8,3654,60,59,500,500,2,0.0003529171433004962,0.018786089090081955,,,,0.00025925997641316285,2.793683898093503,3027.9722278105783,0.75,375.00000001624903,0.7500000000324981,3.2498115309920195e-11,6.1000154933157456,0.013046629050354386,0.04943052822722892,0.07757116477211545,solved,31,2,5424,eed6f51b93ccb8424573b8f8f5956f9cff6edbbe09e08657dc1291cc31355ff6,three_row_sha256,,123ea5ce324bb82567913e1514a410f2bb582a6d8528a6ea98fbb2b74646f92c,a789b01b17129967eecd25421cde715dc938f6e3b95b30f735ff978f0882361e,0.22476608864963055,0.521589070558548,0.30085607431828976,0.6118330638855696,1.95805705152452,1.1024780105799437,0.4084811080247164,5.128060467541218,0.0,362.628874136135,44.025857001543045,172.18122398480773,False,False,False,ok
BNCI2014_001,ebsw_full_ess075,ebsw,full,ess075,normalized,8,3654,61,60,500,500,2,0.00035481882155261935,0.01883663509102991,,,,0.0002751224549472742,2.793683898093503,2928.831446813444,0.75,375.0000000362781,0.7500000000725562,7.255618328372293e-11,6.1022545462248035,0.01707522326301612,0.043143756675622716,0.06831689909281852,solved,31,2,5484,7627e2101ae43f9c384da33c0d68b4468bd06b1dcb39a340e1785096cd70f193,three_row_sha256,,123ea5ce324bb82567913e1514a410f2bb582a6d8528a6ea98fbb2b74646f92c,a789b01b17129967eecd25421cde715dc938f6e3b95b30f735ff978f0882361e,0.2073680516332388,0.3394519444555044,0.3279619850218296,0.5868629086762667,1.7581998836249113,0.6022790912538767,0.4125379491597414,4.234661813825369,0.0,366.86353594996035,44.025857001543045,172.18122398480773,False,False,False,ok
BNCI2014_001,ebsw_full_ess075,ebsw,full,ess075,normalized,8,3654,62,61,500,500,2,0.00036461854474455815,0.01909498742457188,,,,0.00027097560486689145,2.793683898093503,2841.127167497282,0.75,375.00000000385484,0.7500000000077097,7.709721749904475e-12,6.101899728942447,0.014370854962831242,0.049598164399435346,0.07698413133205535,solved,31,2,5545,42ada7f175988cacdd0cd04d0eca78fbb4da54375041fbda7ad7081a9d0ab3f6,three_row_sha256,,123ea5ce324bb82567913e1514a410f2bb582a6d8528a6ea98fbb2b74646f92c,a789b01b17129967eecd25421cde715dc938f6e3b95b30f735ff978f0882361e,0.263463007286191,0.4046270623803139,0.31957682222127914,0.7157088257372379,3.1711659394204617,1.0048600379377604,0.5646320059895515,6.4440337009727955,0.0,373.30756965093315,44.025857001543045,172.18122398480773,False,False,False,ok
BNCI2014_001,ebsw_full_ess075,ebsw,full,ess075,normalized,8,3654,63,62,500,500,2,0.00035353689152376247,0.01880257672564488,,,,0.00024539355122814034,2.793683898093503,3083.7516630757164,0.75,375.00000004322294,0.7500000000864459,8.644585047790088e-11,6.094963405305866,0.012414268313702634,0.04647712626607543,0.07606133207101487,solved,30,2,5607,e9c6bd74660fd5eb70975e56824ee85789822b2f4a2eefe3fa7e22d556f04c0d,three_row_sha256,,123ea5ce324bb82567913e1514a410f2bb582a6d8528a6ea98fbb2b74646f92c,a789b01b17129967eecd25421cde715dc938f6e3b95b30f735ff978f0882361e,0.2551951911300421,0.31566317193210125,0.3020379226654768,0.5956029053777456,1.6789801884442568,1.2271751184016466,0.3584891092032194,4.733143607154489,0.0,378.04071325808764,44.025857001543045,172.18122398480773,False,False,False,ok
BNCI2014_001,ebsw_full_ess075,ebsw,full,ess075,normalized,8,3654,64,63,500,500,2,0.0003535654930984546,0.018803337286196157,,,,0.0002945998989798432,2.793683898093503,2904.5414252348196,0.75,374.9999999796086,0.7499999999592173,-4.0782710541975575e-11,6.109461186254152,0.01850120946877534,0.045659338495062124,0.0703592395591025,solved,30,2,5670,b5b83abb32b15b6eaacbd5bba7d6eca42207acb3fd0018c1686cd91956e59c3f,three_row_sha256,,123ea5ce324bb82567913e1514a410f2bb582a6d8528a6ea98fbb2b74646f92c,a789b01b17129967eecd25421cde715dc938f6e3b95b30f735ff978f0882361e,0.20472100004553795,0.31844107434153557,0.22875797003507614,0.7402561604976654,1.7357340548187494,1.114601967856288,1.8775321077555418,6.220044335350394,0.0,384.26075759343803,44.025857001543045,172.18122398480773,False,False,False,ok
BNCI2014_001,ebsw_full_ess075,ebsw,full,ess075,normalized,8,3654,65,64,500,500,2,0.0003524260456247815,0.01877301375977713,,,,0.0002642580963703239,2.793683898093503,3075.974347329804,0.75,375.000000007422,0.750000000014844,1.484401490614573e-11,6.100168368644345,0.015115893818747334,0.04642296920329861,0.07359696195216828,solved,28,2,5734,82913aa617703b6ecad5d2ce2ef5bcee0c5a3857d044ac41291287e7e3492ebb,three_row_sha256,,123ea5ce324bb82567913e1514a410f2bb582a6d8528a6ea98fbb2b74646f92c,a789b01b17129967eecd25421cde715dc938f6e3b95b30f735ff978f0882361e,0.2507651224732399,0.3259789664298296,0.4112857859581709,0.8126271422952414,1.923761097714305,0.6893340032547712,0.35586999729275703,4.769622115418315,0.0,389.03037970885634,44.025857001543045,172.18122398480773,False,False,False,ok
BNCI2014_001,ebsw_full_ess075,ebsw,full,ess075,normalized,8,3654,66,65,500,500,2,0.000359363039209823,0.018956873139044397,,,,0.00030787865082801673,2.793683898093503,2591.570399376692,0.75,375.0000000143135,0.750000000028627,2.86269896676572e-11,6.1126013602752245,0.018713919077239176,0.04771189074941727,0.07460879679115492,solved,30,2,5799,0f770bee5ca3de74d8d391c54960dd44be47f04087b622573ad74a006a0e4980,three_row_sha256,,123ea5ce324bb82567913e1514a410f2bb582a6d8528a6ea98fbb2b74646f92c,a789b01b17129967eecd25421cde715dc938f6e3b95b30f735ff978f0882361e,0.20464486442506313,0.3742510452866554,0.2928560134023428,0.549983000382781,1.696244115009904,1.1273790150880814,0.5509450566023588,4.7963031101971865,0.0,393.82668281905353,44.025857001543045,172.18122398480773,False,False,False,ok
BNCI2014_001,ebsw_full_ess075,ebsw,full,ess075,normalized,8,3654,67,66,500,500,2,0.00036442469292906836,0.01908991076273193,,,,0.00023042027371577553,2.793683898093503,3205.7125502226713,0.75,374.99999997282816,0.7499999999456564,-5.434364069856201e-11,6.087060227215397,0.009967123251216896,0.03985023325564219,0.07170157925720125,solved,26,2,5865,30fb3c4d234cba303a7a0cacabad5c086dec3f6e8ec81b6a8f4462c73b6d04bd,three_row_sha256,,123ea5ce324bb82567913e1514a410f2bb582a6d8528a6ea98fbb2b74646f92c,a789b01b17129967eecd25421cde715dc938f6e3b95b30f735ff978f0882361e,0.22797007113695145,1.8153891433030367,0.31237700022757053,0.6595589220523834,1.6155289486050606,1.0895021259784698,0.3651019651442766,6.085428176447749,0.0,399.9121109955013,44.025857001543045,172.18122398480773,False,False,False,ok
BNCI2014_001,ebsw_full_ess075,ebsw,full,ess075,normalized,8,3654,68,67,500,500,2,0.0003448053925240276,0.01856893622488988,,,,0.0003584710108683061,2.793683898093503,2318.0746359817745,0.75,374.9999999773622,0.7499999999547244,-4.527556107802866e-11,6.124453687006087,0.02178944366625362,0.046786788753004564,0.06903099488606172,solved,30,2,5932,09527f2f3b0213caad0ccb6250b3a620cc2169d193928ef2afbb0162f03409ed,three_row_sha256,,123ea5ce324bb82567913e1514a410f2bb582a6d8528a6ea98fbb2b74646f92c,a789b01b17129967eecd25421cde715dc938f6e3b95b30f735ff978f0882361e,0.20099407993257046,0.3119350876659155,0.21540699526667595,0.5236358847469091,1.7039650119841099,1.1256388388574123,0.4179910756647587,4.499566974118352,0.0,404.41167796961963,44.025857001543045,172.18122398480773,False,False,False,ok
BNCI2014_001,ebsw_full_ess075,ebsw,full,ess075,normalized,8,3654,69,68,500,500,2,0.00036292935963009915,0.019050704964124008,,,,0.00024349607686324564,2.793683898093503,3185.758377052781,0.75,375.00000003222806,0.7500000000644561,6.445610711836025e-11,6.092892887707793,0.011365763778575358,0.046406479077528345,0.0742242104461268,solved,30,2,6000,811dcf7b77d55ed08a6bb8501d64eb4e85799d0aee3f0bb0bf4fb058718af257,three_row_sha256,,123ea5ce324bb82567913e1514a410f2bb582a6d8528a6ea98fbb2b74646f92c,a789b01b17129967eecd25421cde715dc938f6e3b95b30f735ff978f0882361e,0.1940538641065359,0.3403129521757364,0.2142130397260189,0.5492409691214561,1.9857101142406464,1.301544951274991,0.25483802892267704,4.839913919568062,0.0,409.2515918891877,44.025857001543045,172.18122398480773,False,False,False,ok
BNCI2014_001,ebsw_full_ess075,ebsw,full,ess075,normalized,8,3654,70,69,500,500,2,0.0003688932798942007,0.019206594698024965,,,,0.00024988913789155315,2.7936838980935024,2856.7027114346874,0.75,374.99999999310927,0.7499999999862186,-1.3781420449276993e-11,6.09409232020762,0.01152090585222896,0.044208987165943486,0.07697703056945984,solved,31,2,6069,4727a61ba52e493faeddd0750d946a915f6a5fa5c2550b73fca7aaf71eeee889,three_row_sha256,,123ea5ce324bb82567913e1514a410f2bb582a6d8528a6ea98fbb2b74646f92c,a789b01b17129967eecd25421cde715dc938f6e3b95b30f735ff978f0882361e,0.19324896857142448,0.35194307565689087,0.289279967546463,0.6002881564199924,1.9619269296526909,0.9149028919637203,0.15819515101611614,4.469785140827298,0.0,413.721377030015,44.025857001543045,172.18122398480773,False,False,False,ok
BNCI2014_001,ebsw_full_ess075,ebsw,full,ess075,normalized,8,3654,71,70,500,500,2,0.00035811179328542166,0.0189238419271939,,,,0.0002553874666081001,2.793683898093503,2816.057515220739,0.75,374.9999999811498,0.7499999999622996,-3.770039835870875e-11,6.097327214037163,0.012503980565359805,0.04581314575086563,0.07766737953394852,solved,31,2,6139,129dfe47012e01b4701f344d0db99098b054ba73f7136222b9575574ba784146,three_row_sha256,,123ea5ce324bb82567913e1514a410f2bb582a6d8528a6ea98fbb2b74646f92c,a789b01b17129967eecd25421cde715dc938f6e3b95b30f735ff978f0882361e,0.1983258407562971,0.35598198883235455,0.29195984825491905,0.5437161307781935,1.7662448808550835,0.7130999583750963,0.3203907981514931,4.189719446003437,0.0,417.91109647601843,44.025857001543045,172.18122398480773,False,False,False,ok
BNCI2014_001,ebsw_full_ess075,ebsw,full,ess075,normalized,8,3654,72,71,500,500,2,0.00037449709214810236,0.019351927349700915,,,,0.0002852555898888096,2.793683898093503,2645.124014419247,0.75,375.0000000181728,0.7500000000363456,3.6345593201758675e-11,6.104513721649122,0.01602279937787871,0.04829756354256365,0.07668087976279382,solved,30,2,6210,a2eebf7930ff7aad6a9ed88bd09d46594ed10e48d9bfc19c0c934dccb5abaebd,three_row_sha256,,123ea5ce324bb82567913e1514a410f2bb582a6d8528a6ea98fbb2b74646f92c,a789b01b17129967eecd25421cde715dc938f6e3b95b30f735ff978f0882361e,0.20119803957641125,0.3851719666272402,0.29068300500512123,0.6690078880637884,1.9332419615238905,1.2304030824452639,0.16002310439944267,4.869729047641158,0.0,422.7808255236596,44.025857001543045,172.18122398480773,False,False,False,ok
BNCI2014_001,ebsw_full_ess075,ebsw,full,ess075,normalized,8,3654,73,72,500,500,2,0.0003624613848449499,0.019038418653999335,,,,0.00024459847899821274,2.793683898093503,3162.6515082820597,0.75,375.00000002661466,0.7500000000532293,5.322930984874574e-11,6.093568765320153,0.011400106338222374,0.04609011019976475,0.07721292240191885,solved,31,2,6282,bb0d8e2eff0de3127c251aa751bcb38cc396327138482895efd656a8b6578dc5,three_row_sha256,,123ea5ce324bb82567913e1514a410f2bb582a6d8528a6ea98fbb2b74646f92c,a789b01b17129967eecd25421cde715dc938f6e3b95b30f735ff978f0882361e,0.1951430458575487,0.3492990508675575,0.21609803661704063,0.538442051038146,1.581838121637702,0.9159601759165525,0.35024387761950493,4.147024359554052,0.0,426.92784988321364,44.025857001543045,172.18122398480773,False,False,False,ok
BNCI2014_001,ebsw_full_ess075,ebsw,full,ess075,normalized,8,3654,74,73,500,500,2,0.0003441557530902955,0.018551435337738575,,,,0.000218852186584843,2.793683898093503,3548.3813486290755,0.75,375.0000000181184,0.7500000000362368,3.623679134534541e-11,6.086342198722625,0.009110183718364525,0.0415456519678638,0.0718206387312827,solved,31,2,6355,6ac238395583e1dbfa2867de01c8662408b827bbfc00b59797cda895739760bf,three_row_sha256,,123ea5ce324bb82567913e1514a410f2bb582a6d8528a6ea98fbb2b74646f92c,a789b01b17129967eecd25421cde715dc938f6e3b95b30f735ff978f0882361e,0.198091147467494,0.19302312284708023,0.29068696312606335,0.5309081170707941,1.7230878584086895,0.8930298499763012,0.4228379111737013,4.251664970070124,0.0,431.17951485328376,44.025857001543045,172.18122398480773,False,False,False,ok
BNCI2014_001,ebsw_full_ess075,ebsw,full,ess075,normalized,8,3654,75,74,500,500,2,0.00037649849305051053,0.019403569080210747,7.254255494766979,0.7062954813993549,29.37045186006451,0.00024169244948526997,2.793683898093503,2962.0112424290846,0.75,375.00000004521513,0.7500000000904303,9.04303298909781e-11,6.0901391512818215,0.010487224218119566,0.04267154821985163,0.07374762004903211,solved,31,2,6429,d378381030399b315007341d09c19a3b3bb17bcc7b59c99ecf9cb170b02e8742,three_row_sha256,,123ea5ce324bb82567913e1514a410f2bb582a6d8528a6ea98fbb2b74646f92c,a789b01b17129967eecd25421cde715dc938f6e3b95b30f735ff978f0882361e,0.22546015679836273,0.3519579768180847,0.34843897446990013,0.6028199568390846,1.8498089630156755,0.905756140127778,0.4529899451881647,4.7372321132570505,12.888191966339946,435.9167469665408,56.91404896788299,172.18122398480773,False,False,False,ok
BNCI2014_001,ebsw_full_ess075,ebsw,full,ess075,normalized,8,3654,76,75,500,500,2,0.0003516366414951352,0.018751977002309253,,,,0.0002194957273058243,2.793683898093503,3513.2130608967545,0.75,374.99999996047666,0.7499999999209533,-7.904665810798406e-11,6.085001849875811,0.008802761265189295,0.03975997101975556,0.07163208412934792,solved,29,2,6504,63c884b7bbd4a1c9c44ea1f73c2c3b97c53eaa4e8719f4c62eada6f422f20135,three_row_sha256,,123ea5ce324bb82567913e1514a410f2bb582a6d8528a6ea98fbb2b74646f92c,a789b01b17129967eecd25421cde715dc938f6e3b95b30f735ff978f0882361e,0.41133794002234936,0.3416419494897127,0.35191699862480164,0.7640840485692024,1.9559990614652634,3.967106807976961,0.320221995934844,8.112308802083135,0.0,444.02905576862395,56.91404896788299,172.18122398480773,False,False,False,ok
BNCI2014_001,ebsw_full_ess075,ebsw,full,ess075,normalized,8,3654,77,76,500,500,2,0.00035819435779340465,0.01892602329580635,,,,0.0002757424886452553,2.793683898093503,2843.3353693970193,0.75,375.0000000115681,0.7500000000231362,2.3136159654768562e-11,6.102915903253943,0.014577183765611342,0.049073150895589265,0.07573131493728737,solved,31,2,6580,6bb327465e3247f64a79265f9e166c68ee8bddf6ebb280ab5aad7d450d3c06ce,three_row_sha256,,123ea5ce324bb82567913e1514a410f2bb582a6d8528a6ea98fbb2b74646f92c,a789b01b17129967eecd25421cde715dc938f6e3b95b30f735ff978f0882361e,0.2906699664890766,0.6231800653040409,0.31092087738215923,0.6951568648219109,1.887759892269969,0.9710697922855616,0.4142390098422766,5.192996468394995,0.0,449.22205223701894,56.91404896788299,172.18122398480773,False,False,False,ok
BNCI2014_001,ebsw_full_ess075,ebsw,full,ess075,normalized,8,3654,78,77,500,500,2,0.00036624100756724024,0.01913742426679307,,,,0.00029695751732302555,2.793683898093503,2535.5274665358406,0.75,374.9999999569477,0.7499999999138954,-8.61045679201311e-11,6.107751439768822,0.016519572025922965,0.04754878233383441,0.07410834182345738,solved,29,2,6657,6a71d1caf5da3b8278a3bf335f9a7d18168a91bb48f8d5c265e9bee4c2b6fa9e,three_row_sha256,,123ea5ce324bb82567913e1514a410f2bb582a6d8528a6ea98fbb2b74646f92c,a789b01b17129967eecd25421cde715dc938f6e3b95b30f735ff978f0882361e,0.29850704595446587,0.36735180765390396,0.29679201543331146,0.705955782905221,2.044621156528592,4.7157839871943,0.3990659024566412,8.828077698126435,0.0,458.0501299351454,56.91404896788299,172.18122398480773,False,False,False,ok
BNCI2014_001,ebsw_full_ess075,ebsw,full,ess075,normalized,8,3654,79,78,500,500,2,0.00035290104371348127,0.018785660587625905,,,,0.00036353597880844565,2.793683898093503,2191.332487086562,0.75,374.99999997586946,0.7499999999517389,-4.826106181354817e-11,6.124639083115252,0.021380059056449678,0.04872109981302279,0.07240301414663043,solved,31,2,6735,ed24e53151596239b3b84bd92b817ec644b521d70ecba072d936eab5475dda91,three_row_sha256,,123ea5ce324bb82567913e1514a410f2bb582a6d8528a6ea98fbb2b74646f92c,a789b01b17129967eecd25421cde715dc938f6e3b95b30f735ff978f0882361e,0.22375001572072506,0.3330991603434086,0.22026407532393932,0.8539329282939434,2.0237769931554794,0.7507030386477709,0.5002289544790983,4.905755165964365,0.0,462.95588510110974,56.91404896788299,172.18122398480773,False,False,False,ok
BNCI2014_001,ebsw_full_ess075,ebsw,full,ess075,normalized,8,3654,80,79,500,500,2,0.00036609764927278,0.019133678404132853,,,,0.0002832855983965507,2.793683898093503,2735.4890280028576,0.75,374.9999999579025,0.749999999915805,-8.419498431777583e-11,6.103954120355112,0.016690761608209023,0.04788476017665899,0.07464636094775008,solved,30,2,6814,8d1281468e7e9034773516e40022975206d13c948f2e13b8fe7648f6db56305e,three_row_sha256,,123ea5ce324bb82567913e1514a410f2bb582a6d8528a6ea98fbb2b74646f92c,a789b01b17129967eecd25421cde715dc938f6e3b95b30f735ff978f0882361e,0.3502632025629282,0.49316883087158203,0.29298802837729454,0.5949570331722498,1.829303102567792,2.197811845690012,0.19004009664058685,5.948532139882445,0.0,468.9044172409922,56.91404896788299,172.18122398480773,False,False,False,ok
BNCI2014_001,ebsw_full_ess075,ebsw,full,ess075,normalized,8,3654,81,80,500,500,2,0.00035854837754571115,0.01893537371022054,,,,0.00027110617885549326,2.793683898093503,2855.174170984157,0.75,375.00000000739635,0.7500000000147927,1.4792722602408048e-11,6.1033197112419835,0.01299923197504958,0.049760456325064234,0.0790254297319149,solved,31,2,6894,ccecf529bec309412040d45987d1234d336c4d3513065104ecc1ec9733603bc3,three_row_sha256,,123ea5ce324bb82567913e1514a410f2bb582a6d8528a6ea98fbb2b74646f92c,a789b01b17129967eecd25421cde715dc938f6e3b95b30f735ff978f0882361e,0.6719760131090879,0.32129092141985893,0.2984842285513878,0.634470023214817,1.8560111057013273,0.6974739953875542,0.35484787076711655,4.83455415815115,0.0,473.73897139914334,56.91404896788299,172.18122398480773,False,False,False,ok
BNCI2014_001,ebsw_full_ess075,ebsw,full,ess075,normalized,8,3654,82,81,500,500,2,0.0003402088942819565,0.01844475248632945,,,,0.00022030446085247426,2.793683898093503,3526.003239468483,0.75,374.99999998673024,0.7499999999734605,-2.653954833675698e-11,6.086411153727623,0.010544520904693674,0.040742226109845,0.07106191328237657,solved,31,2,6975,b8f785a1eee037ba5c457b4a74bea0b38886d719af32260c96b2abcc190335bf,three_row_sha256,,123ea5ce324bb82567913e1514a410f2bb582a6d8528a6ea98fbb2b74646f92c,a789b01b17129967eecd25421cde715dc938f6e3b95b30f735ff978f0882361e,0.2361058723181486,0.47514098696410656,0.2986290492117405,0.5963859148323536,1.9181189127266407,0.8647341746836901,1.9020012114197016,6.291116122156382,0.0,480.0300875212997,56.91404896788299,172.18122398480773,False,False,False,ok
BNCI2014_001,ebsw_full_ess075,ebsw,full,ess075,normalized,8,3654,83,82,500,500,2,0.0003424707438576472,0.018505965088523407,,,,0.00037313967046282044,2.793683898093503,2229.85882926766,0.75,375.0000000435802,0.7500000000871604,8.716039001654963e-11,6.128313291428727,0.022272163757505695,0.04723788949187098,0.07117092385295203,solved,31,2,7057,51619187d01bbd2d0124fb9d8ac0e77dd58100d2c4fbe9a8eb93b6f9999f0884,three_row_sha256,,123ea5ce324bb82567913e1514a410f2bb582a6d8528a6ea98fbb2b74646f92c,a789b01b17129967eecd25421cde715dc938f6e3b95b30f735ff978f0882361e,0.4244439769536257,0.34870696254074574,0.3218378406018019,0.6078558508306742,1.8153439741581678,0.8667479269206524,0.5060520488768816,4.890988580882549,0.0,484.92107610218227,56.91404896788299,172.18122398480773,False,False,False,ok
BNCI2014_001,ebsw_full_ess075,ebsw,full,ess075,normalized,8,3654,84,83,500,500,2,0.00035478488594157354,0.018835734281985757,,,,0.0003083375827645279,2.793683898093503,2518.048621414429,0.75,375.00000000555275,0.7500000000111056,1.1105560915325441e-11,6.111751707010654,0.018367395855779477,0.048211856732412114,0.07324168837473333,solved,29,2,7140,3cd12e5605111c0bea7e996c4611c1722fc8f9a0611d1566d2f28dea3caa3eea,three_row_sha256,,123ea5ce324bb82567913e1514a410f2bb582a6d8528a6ea98fbb2b74646f92c,a789b01b17129967eecd25421cde715dc938f6e3b95b30f735ff978f0882361e,0.34390809014439583,0.4939280916005373,0.2968020271509886,0.9589300025254488,2.982469042763114,0.7593620102852583,0.6489281076937914,6.484327372163534,0.0,491.4054034743458,56.91404896788299,172.18122398480773,False,False,False,ok
BNCI2014_001,ebsw_full_ess075,ebsw,full,ess075,normalized,8,3654,85,84,500,500,2,0.0003497422690198601,0.01870139751515539,,,,0.00027343745635966384,2.7936838980935024,2794.470312987176,0.75,375.00000001738636,0.7500000000347727,3.4772740242772215e-11,6.103728365434142,0.013426613754446343,0.049387049845619355,0.07686116177638372,solved,28,2,7224,fd20ae587d8907dbc6c4aeb4ac5ff13467520a8e1c498e2403724c45f8ccccb2,three_row_sha256,,123ea5ce324bb82567913e1514a410f2bb582a6d8528a6ea98fbb2b74646f92c,a789b01b17129967eecd25421cde715dc938f6e3b95b30f735ff978f0882361e,0.23227487690746784,0.31898682937026024,0.29250700026750565,0.7762380409985781,1.8238089978694916,0.7466680835932493,0.3492420073598623,4.539725836366415,0.0,495.9451293107122,56.91404896788299,172.18122398480773,False,False,False,ok
BNCI2014_001,ebsw_full_ess075,ebsw,full,ess075,normalized,8,3654,86,85,500,500,2,0.0003563499481693612,0.018877233594183265,,,,0.00024473583330134654,2.793683898093503,3010.893686022432,0.75,374.9999999876967,0.7499999999753935,-2.460653902858212e-11,6.094676353261352,0.009750775148470014,0.044730819756704746,0.07855199410333669,solved,30,2,7309,fd7b1404961f200c6cf42843e96118b631545e5bd207d3a32703466f0e813139,three_row_sha256,,123ea5ce324bb82567913e1514a410f2bb582a6d8528a6ea98fbb2b74646f92c,a789b01b17129967eecd25421cde715dc938f6e3b95b30f735ff978f0882361e,0.33626705408096313,0.3407618496567011,0.29557710513472557,0.9604122024029493,1.8568290397524834,0.6730931345373392,0.5240549799054861,4.986995365470648,0.0,500.93212467618287,56.91404896788299,172.18122398480773,False,False,False,ok
BNCI2014_001,ebsw_full_ess075,ebsw,full,ess075,normalized,8,3654,87,86,500,500,2,0.00036350630307109934,0.019065841263136,,,,0.0002434489332367878,2.793683898093503,3033.0683164563934,0.75,374.99999998731283,0.7499999999746256,-2.5374369272412878e-11,6.092639829795171,0.011690259996317025,0.0435216827953921,0.0754232621348008,solved,26,2,7395,cd4d76777a70a095c5827b16c25cab98c398a7365aadd5d12b22a2c70d505d68,three_row_sha256,,123ea5ce324bb82567913e1514a410f2bb582a6d8528a6ea98fbb2b74646f92c,a789b01b17129967eecd25421cde715dc938f6e3b95b30f735ff978f0882361e,0.22480497136712074,0.33750687725842,0.2915582153946161,0.840185908600688,1.8568169325590134,0.7278129924088717,0.3476340789347887,4.626319976523519,0.0,505.5584446527064,56.91404896788299,172.18122398480773,False,False,False,ok
BNCI2014_001,ebsw_full_ess075,ebsw,full,ess075,normalized,8,3654,88,87,500,500,2,0.0003482664408891057,0.018661898105206385,,,,0.0002696490943741661,2.793683898093503,2753.396333998857,0.75,375.0000000211465,0.750000000042293,4.2292946922373176e-11,6.103112083697022,0.0144866358584691,0.04835548097902398,0.07739742173872347,solved,31,2,7482,55f2082bb23cbb653128584d6f184bdeb52f0e56e142dbc514cc8df38bcaf540,three_row_sha256,,123ea5ce324bb82567913e1514a410f2bb582a6d8528a6ea98fbb2b74646f92c,a789b01b17129967eecd25421cde715dc938f6e3b95b30f735ff978f0882361e,0.28962711803615093,0.3431749064475298,0.28790393844246864,0.7583610713481903,2.1201958879828453,0.7029809057712555,0.46545988880097866,4.967703716829419,0.0,510.5261483695358,56.91404896788299,172.18122398480773,False,False,False,ok
BNCI2014_001,ebsw_full_ess075,ebsw,full,ess075,normalized,8,3654,89,88,500,500,2,0.0003525510976173215,0.018776344096157842,,,,0.00039989655515867273,2.793683898093503,2160.246977062884,0.75,374.9999999757653,0.7499999999515307,-4.8469339652967847e-11,6.132620782080566,0.023441842696719412,0.04483701858462331,0.06602352784504999,solved,31,2,7570,1a33965957204a06553bf143f19eecc9282c34a6842b3e9ff1cd0c99601fa8f9,three_row_sha256,,123ea5ce324bb82567913e1514a410f2bb582a6d8528a6ea98fbb2b74646f92c,a789b01b17129967eecd25421cde715dc938f6e3b95b30f735ff978f0882361e,0.2180580049753189,0.3485199995338917,0.4073141608387232,0.9366672020405531,2.0885171834379435,0.8604289032518864,0.4207529127597809,5.280258366838098,0.0,515.8064067363739,56.91404896788299,172.18122398480773,False,False,False,ok
BNCI2014_001,ebsw_full_ess075,ebsw,full,ess075,normalized,8,3654,90,89,500,500,2,0.00034755540623561594,0.018642837934059717,,,,0.00022041904960889188,2.793683898093503,3498.6787725150007,0.75,374.99999998694074,0.7499999999738814,-2.611855176581912e-11,6.086787367107014,0.009044802174838246,0.040072631565916526,0.07175690052898004,solved,28,2,7659,9c7c0fd345a7cefccaf70cd4fc7369dcbb9f8252cb862e45671fb244c03e0021,three_row_sha256,,123ea5ce324bb82567913e1514a410f2bb582a6d8528a6ea98fbb2b74646f92c,a789b01b17129967eecd25421cde715dc938f6e3b95b30f735ff978f0882361e,0.4345318302512169,0.344322994351387,0.32327696681022644,0.5980180576443672,1.9338910933583975,3.6141928285360336,0.3773369826376438,7.6255707535892725,0.0,523.4319774899632,56.91404896788299,172.18122398480773,False,False,False,ok
BNCI2014_001,ebsw_full_ess075,ebsw,full,ess075,normalized,8,3654,91,90,500,500,2,0.00034940724348765336,0.018692438136520696,,,,0.000232556338712779,2.793683898093503,3195.096173452432,0.75,374.9999999625411,0.7499999999250823,-7.49177386794031e-11,6.0911946305306905,0.010754628877228322,0.04391483989146097,0.0745575604832231,solved,31,2,7749,ba3e511c6237c3d1209bc5dff48057fbef8f2b35f3e8326a2950c25bdb27736b,three_row_sha256,,123ea5ce324bb82567913e1514a410f2bb582a6d8528a6ea98fbb2b74646f92c,a789b01b17129967eecd25421cde715dc938f6e3b95b30f735ff978f0882361e,0.49758912064135075,0.3665138501673937,0.28914911672472954,2.0241718739271164,1.8260329961776733,2.300382824614644,0.41430210694670677,7.7181418891996145,0.0,531.1501193791628,56.91404896788299,172.18122398480773,False,False,False,ok
BNCI2014_001,ebsw_full_ess075,ebsw,full,ess075,normalized,8,3654,92,91,500,500,2,0.00034764656597721536,0.018645282673566934,,,,0.00026464129113123737,2.793683898093503,2950.8539816750445,0.75,374.9999999690234,0.7499999999380468,-6.19532203316453e-11,6.102564609881174,0.015235219593661304,0.047450681317616664,0.07689932661522392,solved,31,2,7840,8e0b93bfe9e84705ec7b0d9d7f1f8390ebea559835ee91dc21de933c20fed703,three_row_sha256,,123ea5ce324bb82567913e1514a410f2bb582a6d8528a6ea98fbb2b74646f92c,a789b01b17129967eecd25421cde715dc938f6e3b95b30f735ff978f0882361e,0.20999088883399963,0.31185103580355644,0.21322001703083515,0.8136469405144453,2.0909709855914116,0.6444859318435192,0.5047118756920099,4.788877675309777,0.0,535.9389970544726,56.91404896788299,172.18122398480773,False,False,False,ok
BNCI2014_001,ebsw_full_ess075,ebsw,full,ess075,normalized,8,3654,93,92,500,500,2,0.00034847304320986166,0.01866743268930845,,,,0.00021569035395903238,2.793683898093503,3602.2297152724127,0.75,374.9999999663949,0.7499999999327899,-6.721012635324541e-11,6.083276655394362,0.009833188825282118,0.03813368159969555,0.06777288894171096,solved,31,2,7932,d878f0e0d723221a6457c38f85979d122561260683774b29d9a78387f4cba34e,three_row_sha256,,123ea5ce324bb82567913e1514a410f2bb582a6d8528a6ea98fbb2b74646f92c,a789b01b17129967eecd25421cde715dc938f6e3b95b30f735ff978f0882361e,0.23037288337945938,0.35102409310638905,0.2144300378859043,1.0402421467006207,1.988039119169116,0.8080359548330307,0.35626906901597977,4.9884133040905,0.0,540.9274103585631,56.91404896788299,172.18122398480773,False,False,False,ok
BNCI2014_001,ebsw_full_ess075,ebsw,full,ess075,normalized,8,3654,94,93,500,500,2,0.0003620833281535303,0.019028487279695416,,,,0.000271428244465778,2.793683898093503,2831.3085754014246,0.75,374.99999995833014,0.7499999999166603,-8.333966849960461e-11,6.1021378816272005,0.015409211145090775,0.047461416251790706,0.07545219667604376,solved,30,2,8025,1093ca7cd01bd19676d547d7d788a8463490a2857630bb21ea578ade2392c2fe,three_row_sha256,,123ea5ce324bb82567913e1514a410f2bb582a6d8528a6ea98fbb2b74646f92c,a789b01b17129967eecd25421cde715dc938f6e3b95b30f735ff978f0882361e,0.370158813893795,0.19900617189705372,0.22818893194198608,0.6095780991017818,2.027767011895776,0.9065300691872835,0.3861470613628626,4.727376159280539,0.0,545.6547865178436,56.91404896788299,172.18122398480773,False,False,False,ok
BNCI2014_001,ebsw_full_ess075,ebsw,full,ess075,normalized,8,3654,95,94,500,500,2,0.0003580503069136935,0.01892221728322803,,,,0.00024280244838406853,2.793683898093503,3184.0944868308297,0.75,375.000000000043,0.7500000000000859,8.593126210598712e-14,6.094470141662682,0.012004576005458671,0.044745509904895675,0.07769792052069358,solved,31,2,8119,fba23366ad654e10cb508f438e966d991d63488db7098b430c4d62f69df6a284,three_row_sha256,,123ea5ce324bb82567913e1514a410f2bb582a6d8528a6ea98fbb2b74646f92c,a789b01b17129967eecd25421cde715dc938f6e3b95b30f735ff978f0882361e,0.5327009130269289,0.3159258048981428,1.80040393024683,0.6727608852088451,2.1175271831452847,3.8345500361174345,0.19798194989562035,9.471850702539086,0.0,555.1266372203827,56.91404896788299,172.18122398480773,False,False,False,ok
BNCI2014_001,ebsw_full_ess075,ebsw,full,ess075,normalized,8,3654,96,95,500,500,2,0.000354763204981316,0.018835158745848575,,,,0.00024163180831868325,2.793683898093503,3296.35002373111,0.75,375.00000004308475,0.7500000000861695,8.616951596707167e-11,6.092207021214076,0.014005560244093058,0.04182779018579662,0.07089709659255455,solved,30,2,8214,354e53b8257fd799a8b00e3ebc51283e047a2a24d8d7732ea9fc05308f26adf1,three_row_sha256,,123ea5ce324bb82567913e1514a410f2bb582a6d8528a6ea98fbb2b74646f92c,a789b01b17129967eecd25421cde715dc938f6e3b95b30f735ff978f0882361e,0.39834482595324516,0.38264202885329723,0.39184000343084335,0.9395410306751728,1.8502590246498585,0.6805448792874813,0.5183538887649775,5.161525681614876,0.0,560.2881629019976,56.91404896788299,172.18122398480773,False,False,False,ok
BNCI2014_001,ebsw_full_ess075,ebsw,full,ess075,normalized,8,3654,97,96,500,500,2,0.0003707127426865875,0.01925390201197117,,,,0.00024535294179139683,2.793683898093503,2969.1716653919784,0.75,375.0000000219267,0.7500000000438535,4.3853476405786296e-11,6.091740465442377,0.011739408480520403,0.043875650627082916,0.07378303820813299,solved,30,2,8310,6aa752ba381d5edaacfdc2b3ac62a7ad657c87951c14810e340805a5a0900d52,three_row_sha256,,123ea5ce324bb82567913e1514a410f2bb582a6d8528a6ea98fbb2b74646f92c,a789b01b17129967eecd25421cde715dc938f6e3b95b30f735ff978f0882361e,0.41806488297879696,0.36387890577316284,0.2925980370491743,0.706471037119627,3.693277947604656,0.7557359058409929,0.42886496521532536,6.658891681581736,0.0,566.9470545835793,56.91404896788299,172.18122398480773,False,False,False,ok
BNCI2014_001,ebsw_full_ess075,ebsw,full,ess075,normalized,8,3654,98,97,500,500,2,0.00034956152081196037,0.018696564411997206,,,,0.0002450103660150438,2.793683898093503,2979.949093225945,0.75,375.0000000077241,0.7500000000154482,1.544819827614674e-11,6.096040269955324,0.010610572906962297,0.04461715995334925,0.07912784435088742,solved,31,2,8407,2f072dafcf10e49a27264e8e74b1fa1e8774719706d3432800c332b11a0dce20,three_row_sha256,,123ea5ce324bb82567913e1514a410f2bb582a6d8528a6ea98fbb2b74646f92c,a789b01b17129967eecd25421cde715dc938f6e3b95b30f735ff978f0882361e,0.23160199634730816,0.33119297586381435,0.2924208529293537,0.9576918091624975,2.1607750095427036,0.6804659496992826,0.52662193775177,5.18077053129673,0.0,572.127825114876,56.91404896788299,172.18122398480773,False,False,False,ok
BNCI2014_001,ebsw_full_ess075,ebsw,full,ess075,normalized,8,3654,99,98,500,500,2,0.0003458342874061312,0.018596620322148087,,,,0.0002348956598798092,2.793683898093503,3328.6252696197507,0.75,375.00000002736886,0.7500000000547378,5.473776987230394e-11,6.092578747070924,0.010857664460080803,0.044543123389071605,0.075655304173877,solved,30,2,8505,416f060ef588923de43d77166e9c0dead620d71d3655534a1fb51f5f1a93dd8b,three_row_sha256,,123ea5ce324bb82567913e1514a410f2bb582a6d8528a6ea98fbb2b74646f92c,a789b01b17129967eecd25421cde715dc938f6e3b95b30f735ff978f0882361e,0.3143870271742344,0.6426691543310881,0.2904960419982672,0.863329041749239,2.028730930760503,2.0496819633990526,0.5112048238515854,6.700498983263969,0.0,578.82832409814,56.91404896788299,172.18122398480773,False,False,False,ok
BNCI2014_001,ebsw_full_ess075,ebsw,full,ess075,normalized,8,3654,100,99,500,500,2,0.0003465145465109027,0.01861490119530326,7.189875076423413,0.7000272160205765,29.997278397942345,0.00028993997955075276,2.793683898093503,2708.2902912146183,0.75,375.000000032149,0.750000000064298,6.429801135965363e-11,6.110320913941734,0.015017811110261337,0.05312051925280126,0.08041229959738833,solved,31,2,8604,2cb0d48185df961f93b1716fe9978259f2e45e23b6a0b8ab471a8a6b6d07a8fe,three_row_sha256,,123ea5ce324bb82567913e1514a410f2bb582a6d8528a6ea98fbb2b74646f92c,a789b01b17129967eecd25421cde715dc938f6e3b95b30f735ff978f0882361e,0.3200499340891838,0.5006028804928064,0.3000800497829914,0.9535220451653004,2.8711920604109764,0.6862180307507515,0.3603389486670494,5.992003949359059,13.489429140463471,584.8203280474991,70.40347810834646,172.18122398480773,False,False,False,ok
BNCI2014_001,ebsw_full_ess075,ebsw,full,ess075,normalized,8,3654,101,100,500,500,2,0.00036275261977951833,0.01904606572968597,,,,0.0002511528400750117,2.793683898093503,2895.8139165390708,0.75,374.9999999707182,0.7499999999414364,-5.856359841516223e-11,6.096040617032724,0.010888451284117183,0.04719607512301992,0.07852013981836094,solved,29,2,8704,f4c4dc29b6eb31643100f764877edc34e3fe7ecf93ca92b978637a1c968f4b4f,three_row_sha256,,123ea5ce324bb82567913e1514a410f2bb582a6d8528a6ea98fbb2b74646f92c,a789b01b17129967eecd25421cde715dc938f6e3b95b30f735ff978f0882361e,0.2870189491659403,0.30494993552565575,0.2325980458408594,0.8284640498459339,2.0984350703656673,1.4477330259978771,0.3503540065139532,5.549553083255887,0.0,590.369881130755,70.40347810834646,236.51086981408298,False,False,False,ok
BNCI2014_001,ebsw_full_ess075,ebsw,full,ess075,normalized,8,3654,102,101,500,500,2,0.0003455668898900878,0.018589429520296952,,,,0.00024430333902486354,2.7936838980935033,3277.3641917506675,0.75,375.0000000418915,0.750000000083783,8.378298055333744e-11,6.095758853356855,0.012234206681805193,0.04678537643986572,0.0750451458939099,solved,29,2,8805,e9eb3cc58f3a9065adf6ee900738b75854c336852b3d3e9242c0febf4e321cbd,three_row_sha256,,123ea5ce324bb82567913e1514a410f2bb582a6d8528a6ea98fbb2b74646f92c,a789b01b17129967eecd25421cde715dc938f6e3b95b30f735ff978f0882361e,0.38099195808172226,0.42071309871971607,0.3211582079529762,0.9453028906136751,2.4700970388948917,1.276268856599927,0.48337015323340893,6.297902204096317,0.0,596.6677833348513,70.40347810834646,236.51086981408298,False,False,False,ok
BNCI2014_001,ebsw_full_ess075,ebsw,full,ess075,normalized,8,3654,103,102,500,500,2,0.00035431961001489935,0.018823379346304937,,,,0.00024682602590760973,2.793683898093503,3063.9865240125046,0.75,375.0000000018355,0.750000000003671,3.67095243092308e-12,6.095089754641253,0.011228366869429632,0.04492373709423497,0.07770462129352282,solved,30,2,8907,c308889eca61310c855cb400b9eaa66001dff62382e161b322bc1b3da570b03d,three_row_sha256,,123ea5ce324bb82567913e1514a410f2bb582a6d8528a6ea98fbb2b74646f92c,a789b01b17129967eecd25421cde715dc938f6e3b95b30f735ff978f0882361e,0.3848171327263117,0.36159600131213665,0.31547597609460354,2.020765095949173,2.960977843031287,0.9603060316294432,0.2890659961849451,7.2930040769279,0.0,603.9607874117792,70.40347810834646,236.51086981408298,False,False,False,ok
BNCI2014_001,ebsw_full_ess075,ebsw,full,ess075,normalized,8,3654,104,103,500,500,2,0.00035033390897297055,0.01871720889911128,,,,0.0002571544223694547,2.793683898093503,3093.302530547883,0.75,375.0000000097462,0.7500000000194924,1.94924076879488e-11,6.099618960713109,0.013155558718898033,0.049215589389990426,0.0770596214312683,solved,29,2,9010,fe744b138985d3ccd57290f2f31c3e8e2510587ec501f96e53217bd70019e84a,three_row_sha256,,123ea5ce324bb82567913e1514a410f2bb582a6d8528a6ea98fbb2b74646f92c,a789b01b17129967eecd25421cde715dc938f6e3b95b30f735ff978f0882361e,0.4124308470636606,0.5205569323152304,0.3102498594671488,0.9770500473678112,2.4968611542135477,1.315827015787363,0.4292610101401806,6.462236866354942,0.0,610.4230242781341,70.40347810834646,236.51086981408298,False,False,False,ok
BNCI2014_001,ebsw_full_ess075,ebsw,full,ess075,normalized,8,3654,105,104,500,500,2,0.00034327879788097616,0.018527784483876538,,,,0.00026307689903107143,2.793683898093503,3010.2704256376737,0.75,375.00000003008415,0.7500000000601683,6.016831477495543e-11,6.101096973154913,0.01598405398464683,0.04273109249321527,0.07320203999983854,solved,28,2,9114,f9d815cd9e0408118aa17bdb94e2c57dabb4d026169befc4cf70a6638f13e906,three_row_sha256,,123ea5ce324bb82567913e1514a410f2bb582a6d8528a6ea98fbb2b74646f92c,a789b01b17129967eecd25421cde715dc938f6e3b95b30f735ff978f0882361e,0.43630809523165226,0.3055401612073183,0.3401641733944416,0.8946021553128958,2.3119470570236444,1.0947519913315773,0.3682461101561785,5.751559743657708,0.0,616.1745840217918,70.40347810834646,236.51086981408298,False,False,False,ok
BNCI2014_001,ebsw_full_ess075,ebsw,full,ess075,normalized,8,3654,106,105,500,500,2,0.00034976735469454247,0.01870206819297113,,,,0.00023306166042527993,2.793683898093503,3310.2434253036663,0.75,374.99999996328955,0.7499999999265792,-7.3420824975301e-11,6.09012571507871,0.01194692436487795,0.042969422071215846,0.0720061783770215,solved,30,2,9219,5aae6ddd98fb8fdb25c9df47ec9d586cf17c3268f95937bc705fc23837f3d711,three_row_sha256,,123ea5ce324bb82567913e1514a410f2bb582a6d8528a6ea98fbb2b74646f92c,a789b01b17129967eecd25421cde715dc938f6e3b95b30f735ff978f0882361e,0.40112994611263275,0.38547092117369175,0.5630920641124249,0.7972940802574158,2.4543949402868748,0.8773431181907654,0.5416709464043379,6.020396016538143,0.0,622.19498003833,70.40347810834646,236.51086981408298,False,False,False,ok
BNCI2014_001,ebsw_full_ess075,ebsw,full,ess075,normalized,8,3654,107,106,500,500,2,0.0003484341479263349,0.01866639086503695,,,,0.00027060025241631026,2.7936838980935033,2966.9630823158013,0.75,374.99999999713083,0.7499999999942617,-5.738298725077584e-12,6.10250321759207,0.01662544479218138,0.045214497119151285,0.07489261358099165,solved,31,2,9325,3789b1e4187cd2e571b63afc0f35f4a2d6ffd350639e14fad375db9fa766b44b,three_row_sha256,,123ea5ce324bb82567913e1514a410f2bb582a6d8528a6ea98fbb2b74646f92c,a789b01b17129967eecd25421cde715dc938f6e3b95b30f735ff978f0882361e,0.30876602977514267,0.40371203795075417,0.3874520771205425,2.511245897039771,2.4988288059830666,0.9116509463638067,0.342715997248888,7.364371791481972,0.0,629.5593518298119,70.40347810834646,236.51086981408298,False,False,False,ok
BNCI2014_001,ebsw_full_ess075,ebsw,full,ess075,normalized,8,3654,108,107,500,500,2,0.00036330748472379804,0.019060626556432977,,,,0.00024215013429084047,2.793683898093503,2977.1257905502316,0.75,374.99999995952754,0.7499999999190551,-8.094491743548815e-11,6.091680454024155,0.01081199868754609,0.04296686535107207,0.07417327206549854,solved,30,2,9432,c0739185739cddc66cf18cc6d980200889b0e2799809ce7f7ddb90e7642fb6bb,three_row_sha256,,123ea5ce324bb82567913e1514a410f2bb582a6d8528a6ea98fbb2b74646f92c,a789b01b17129967eecd25421cde715dc938f6e3b95b30f735ff978f0882361e,0.5659810267388821,0.41069299913942814,0.3868471831083298,1.1289871763437986,3.7959879264235497,0.9444421157240868,0.40664803236722946,7.6395864598453045,0.0,637.1989382896572,70.40347810834646,236.51086981408298,False,False,False,ok
BNCI2014_001,ebsw_full_ess075,ebsw,full,ess075,normalized,8,3654,109,108,500,500,2,0.0003429372198253127,0.018518564194486373,,,,0.0002365377305664076,2.793683898093503,3421.902502660908,0.75,374.9999999862811,0.7499999999725623,-2.743771876367873e-11,6.094454412259255,0.012274424296516807,0.04540209470853392,0.07689578755465856,solved,29,2,9540,62393d17d0c4ee723bbed86f3d2ff6551056f891ba3971575cd68a44ed660a33,three_row_sha256,,123ea5ce324bb82567913e1514a410f2bb582a6d8528a6ea98fbb2b74646f92c,a789b01b17129967eecd25421cde715dc938f6e3b95b30f735ff978f0882361e,0.41920109651982784,0.2989859785884619,0.22575119510293007,0.8866959251463413,2.4914180394262075,0.6547351367771626,1.742237014696002,6.719024386256933,0.0,643.9179626759142,70.40347810834646,236.51086981408298,False,False,False,ok
BNCI2014_001,ebsw_full_ess075,ebsw,full,ess075,normalized,8,3654,110,109,500,500,2,0.0003600636394666198,0.018975342934097916,,,,0.0002447401114360829,2.793683898093503,3001.8695716972597,0.75,375.0000000020035,0.750000000004007,4.007016940477115e-12,6.093157513948557,0.01031551208635659,0.046007538426494084,0.07686426280908146,solved,29,2,9649,1b0942cf77aaf23da88335d59c27627834716db1609314d1d1e75902afc4dd81,three_row_sha256,,123ea5ce324bb82567913e1514a410f2bb582a6d8528a6ea98fbb2b74646f92c,a789b01b17129967eecd25421cde715dc938f6e3b95b30f735ff978f0882361e,0.3084740601480007,0.40026684291660786,0.30443910509347916,0.8091989438980818,2.38762516528368,0.9151480626314878,0.41580782271921635,5.540960002690554,0.0,649.4589226786047,70.40347810834646,236.51086981408298,False,False,False,ok
BNCI2014_001,ebsw_full_ess075,ebsw,full,ess075,normalized,8,3654,111,110,500,500,2,0.00034510277802703984,0.01857694210646736,,,,0.00023099910862028994,2.793683898093503,3484.7042864213267,0.75,374.9999999688165,0.749999999937633,-6.23670004529231e-11,6.091933431382744,0.010921456031893999,0.045228749786555875,0.0756327456309317,solved,31,2,9759,955e5e560b3e8722f6022c2cc3561b2efd4f1f4a93ce7aaffcf0ce170431e1d8,three_row_sha256,,123ea5ce324bb82567913e1514a410f2bb582a6d8528a6ea98fbb2b74646f92c,a789b01b17129967eecd25421cde715dc938f6e3b95b30f735ff978f0882361e,0.3350169863551855,0.4017490427941084,0.38211699575185776,2.457092050462961,1.665974035859108,0.7640810217708349,0.4168739542365074,6.422904087230563,0.0,655.8818267658353,70.40347810834646,236.51086981408298,False,False,False,ok
BNCI2014_001,ebsw_full_ess075,ebsw,full,ess075,normalized,8,3654,112,111,500,500,2,0.00034669652017974917,0.018619788403194844,,,,0.00022612255102214215,2.793683898093503,3455.942135523438,0.75,374.99999997705606,0.7499999999541122,-4.588784907610943e-11,6.088465356887379,0.010901046688885207,0.041342253969143226,0.07268477480155608,solved,31,2,9870,d97dc462416b634d48fa19a8d92cfec3090970e19d46948fc92219849c19e794,three_row_sha256,,123ea5ce324bb82567913e1514a410f2bb582a6d8528a6ea98fbb2b74646f92c,a789b01b17129967eecd25421cde715dc938f6e3b95b30f735ff978f0882361e,0.21311803720891476,0.31070015393197536,0.2919069956988096,0.5567269399762154,1.8213719595223665,1.3067407999187708,1.913557993248105,6.4141228795051575,0.0,662.2959496453404,70.40347810834646,236.51086981408298,False,False,False,ok
BNCI2014_001,ebsw_full_ess075,ebsw,full,ess075,normalized,8,3654,113,112,500,500,2,0.00034516463039572034,0.018578606793721652,,,,0.00025487425613804126,2.793683898093503,3181.473783000424,0.75,374.9999999578698,0.7499999999157396,-8.426037645392626e-11,6.099793482417859,0.013042770128623662,0.0476627488242425,0.0753040303695191,solved,31,2,9982,21db8fe3500cd10bcd52fcab41d28951962eeeea30921fb81ce8123dbadfdaa9,three_row_sha256,,123ea5ce324bb82567913e1514a410f2bb582a6d8528a6ea98fbb2b74646f92c,a789b01b17129967eecd25421cde715dc938f6e3b95b30f735ff978f0882361e,0.25258096866309643,0.35006203688681126,0.32885209657251835,0.609945971518755,1.792666967958212,0.912616029381752,0.5530870985239744,4.799811169505119,0.0,667.0957608148456,70.40347810834646,236.51086981408298,False,False,False,ok
BNCI2014_001,ebsw_full_ess075,ebsw,full,ess075,normalized,8,3654,114,113,500,500,2,0.0003380515829607949,0.01838617912892167,,,,0.0002507857391804576,2.793683898093503,3142.2718289020204,0.75,374.99999998815974,0.7499999999763195,-2.3680502003742276e-11,6.0993825283959975,0.011575870580418025,0.049622220800143876,0.07918247532376776,solved,31,2,10095,aa3853789cff692cdb8282197a87e0c4289fa86fd3307a8b35c738054d19ea8d,three_row_sha256,,123ea5ce324bb82567913e1514a410f2bb582a6d8528a6ea98fbb2b74646f92c,a789b01b17129967eecd25421cde715dc938f6e3b95b30f735ff978f0882361e,0.2255430445075035,0.5301889032125473,0.29510981403291225,0.5783839151263237,2.170060994103551,0.935420161113143,0.41563017293810844,5.150337005034089,0.0,672.2460978198797,70.40347810834646,236.51086981408298,False,False,False,ok
BNCI2014_001,ebsw_full_ess075,ebsw,full,ess075,normalized,8,3654,115,114,500,500,2,0.00034692894002941676,0.018626028562992617,,,,0.00023375414556345796,2.793683898093503,3411.8647044829995,0.75,375.00000001661124,0.7500000000332225,3.322253583348811e-11,6.0903983129186035,0.011799190373738442,0.0450319482182511,0.07405713311591014,solved,30,2,10209,6c74837341b7ebce25a5c0693c345b7df54768ed0e843f5fd9008dce9c5aab31,three_row_sha256,,123ea5ce324bb82567913e1514a410f2bb582a6d8528a6ea98fbb2b74646f92c,a789b01b17129967eecd25421cde715dc938f6e3b95b30f735ff978f0882361e,0.2408700529485941,0.3387979231774807,0.29593496583402157,0.7137609645724297,1.7044099513441324,1.49343884550035,0.47394889406859875,5.261161597445607,0.0,677.5072594173253,70.40347810834646,236.51086981408298,False,False,False,ok
BNCI2014_001,ebsw_full_ess075,ebsw,full,ess075,normalized,8,3654,116,115,500,500,2,0.0003345983308249883,0.018292029160948447,,,,0.00023704423202982531,2.793683898093503,3380.1433697736757,0.75,375.00000001746827,0.7500000000349365,3.4936498138904426e-11,6.095693453467829,0.011043787223959553,0.04641283485345971,0.07852777462913244,solved,30,2,10324,ad4336ce89d765c19b05b4f107673049682834e42698d20e2c328c62bbf67551,three_row_sha256,,123ea5ce324bb82567913e1514a410f2bb582a6d8528a6ea98fbb2b74646f92c,a789b01b17129967eecd25421cde715dc938f6e3b95b30f735ff978f0882361e,0.34674908965826035,0.327463960275054,0.5754961166530848,0.613312004134059,1.8225291278213263,0.8128478657454252,0.35005505196750164,4.848453216254711,0.0,682.35571263358,70.40347810834646,236.51086981408298,False,False,False,ok
BNCI2014_001,ebsw_full_ess075,ebsw,full,ess075,normalized,8,3654,117,116,500,500,2,0.00035672478354032853,0.01888715922367174,,,,0.00022807544795618498,2.793683898093503,3372.543035317665,0.75,375.000000015183,0.750000000030366,3.0366043013430044e-11,6.087516787612342,0.009787904494253789,0.041704002331823226,0.07371137169693007,solved,31,2,10440,36463957accebdab3325b77e652c1ea791cc28519860817df85397f7fb36bee5,three_row_sha256,,123ea5ce324bb82567913e1514a410f2bb582a6d8528a6ea98fbb2b74646f92c,a789b01b17129967eecd25421cde715dc938f6e3b95b30f735ff978f0882361e,0.23966585285961628,0.5292280111461878,0.2954229712486267,0.6013528909534216,1.9682829733937979,0.8815289475023746,0.40176697075366974,4.917248617857695,0.0,687.2729612514377,70.40347810834646,236.51086981408298,False,False,False,ok
BNCI2014_001,ebsw_full_ess075,ebsw,full,ess075,normalized,8,3654,118,117,500,500,2,0.0003502004395770954,0.01871364314015567,,,,0.0002309980425659023,2.793683898093503,3391.0714177908467,0.75,374.99999998787314,0.7499999999757463,-2.4253710151356245e-11,6.090936197543796,0.010033689421243863,0.04469442343119192,0.07748726958844822,solved,31,2,10557,244677ba2a1d789e5a5d8d198dbe77ef2c8266d2c6353daff376f53c95f26a9a,three_row_sha256,,123ea5ce324bb82567913e1514a410f2bb582a6d8528a6ea98fbb2b74646f92c,a789b01b17129967eecd25421cde715dc938f6e3b95b30f735ff978f0882361e,0.22385502234101295,0.3476371057331562,0.30008191242814064,0.5798300262540579,1.774847973138094,1.2437349651008844,0.43378095142543316,4.903767956420779,0.0,692.1767292078584,70.40347810834646,236.51086981408298,False,False,False,ok
BNCI2014_001,ebsw_full_ess075,ebsw,full,ess075,normalized,8,3654,119,118,500,500,2,0.00034577211829155835,0.01859494873054396,,,,0.00026734687468280894,2.7936838980935024,2884.5925131293125,0.75,375.0000000113226,0.7500000000226452,2.2645219033279318e-11,6.1028739235032905,0.014103904782439341,0.04926956268451522,0.07582969367047462,solved,30,2,10675,d216d20b6f72cbed308da61adaf6473becc697ce2dfc92c48a27804c3fc923ad,three_row_sha256,,123ea5ce324bb82567913e1514a410f2bb582a6d8528a6ea98fbb2b74646f92c,a789b01b17129967eecd25421cde715dc938f6e3b95b30f735ff978f0882361e,0.29603089205920696,0.3906439524143934,0.37184287793934345,1.2127140071243048,1.4243610203266144,1.075830077752471,0.4176271613687277,5.189049988985062,0.0,697.3657791968435,70.40347810834646,236.51086981408298,False,False,False,ok
BNCI2014_001,ebsw_full_ess075,ebsw,full,ess075,normalized,8,3654,120,119,500,500,2,0.0003421924648562262,0.018498444930756374,,,,0.0002482239637635468,2.793683898093503,3223.362568501133,0.75,374.99999998130835,0.7499999999626167,-3.738331866287581e-11,6.098796770803227,0.011810852761091613,0.049365856570065016,0.07827804631287492,solved,31,2,10794,beff7d13bd50b1c00f9bad3df09a4b88c7fb2477a856d66896d592f8eadf868f,three_row_sha256,,123ea5ce324bb82567913e1514a410f2bb582a6d8528a6ea98fbb2b74646f92c,a789b01b17129967eecd25421cde715dc938f6e3b95b30f735ff978f0882361e,0.3802189603447914,0.40011806413531303,0.2924238797277212,0.5630671512335539,2.693497110158205,1.1083860881626606,0.4570309538394213,5.8947422076016665,0.0,703.2605214044452,70.40347810834646,236.51086981408298,False,False,False,ok
BNCI2014_001,ebsw_full_ess075,ebsw,full,ess075,normalized,8,3654,121,120,500,500,2,0.00034236261456444526,0.018503043386547124,,,,0.0002354488169998888,2.793683898093503,3416.052329184412,0.75,375.00000003211403,0.7500000000642281,6.422806730910224e-11,6.09255826456933,0.011262181164377855,0.0453064788512654,0.07563832557245614,solved,31,2,10914,289707dbbfc5721c9fe8b8ac5718e022f95c69d1c0c2b5b492217fa5ef25322b,three_row_sha256,,123ea5ce324bb82567913e1514a410f2bb582a6d8528a6ea98fbb2b74646f92c,a789b01b17129967eecd25421cde715dc938f6e3b95b30f735ff978f0882361e,0.38692401722073555,0.3353061620146036,0.31019793823361397,1.0490219574421644,2.0686390344053507,0.8008289150893688,0.5680939648300409,5.519011989235878,0.0,708.779533393681,70.40347810834646,236.51086981408298,False,False,False,ok
BNCI2014_001,ebsw_full_ess075,ebsw,full,ess075,normalized,8,3654,122,121,500,500,2,0.0003400721975074945,0.018441046540462244,,,,0.0002115525064859149,2.793683898093503,3850.4921597078956,0.75,375.00000002917636,0.7500000000583528,5.835276706278592e-11,6.083721052487743,0.010195145312541946,0.039110642588534375,0.07029208587544644,solved,31,2,11035,ca7f3b073dcfb2277de708e0d9f95e795517e7e27980780ca39315a5330aea85,three_row_sha256,,123ea5ce324bb82567913e1514a410f2bb582a6d8528a6ea98fbb2b74646f92c,a789b01b17129967eecd25421cde715dc938f6e3b95b30f735ff978f0882361e,0.38516009226441383,0.39197085425257683,0.29640202410519123,0.5547490436583757,2.56277690641582,0.6537300068885088,0.5510170012712479,5.395805928856134,0.0,714.1753393225372,70.40347810834646,236.51086981408298,False,False,False,ok
BNCI2014_001,ebsw_full_ess075,ebsw,full,ess075,normalized,8,3654,123,122,500,500,2,0.0003509276225867131,0.018733062285347612,,,,0.0002912154757136317,2.7936838980935033,2582.595829236172,0.75,375.00000002312294,0.7500000000462459,4.6245896001551046e-11,6.110551671069022,0.014796990902100205,0.05299879666464988,0.08247480404976482,solved,31,2,11157,dad9aeaf75d6542eb831a9415b0ab6e8ecb28cb9df2d70f6f03e9341bee51cc5,three_row_sha256,,123ea5ce324bb82567913e1514a410f2bb582a6d8528a6ea98fbb2b74646f92c,a789b01b17129967eecd25421cde715dc938f6e3b95b30f735ff978f0882361e,0.2268089447170496,0.5318000912666321,0.30460208654403687,1.5897369012236595,2.2551571018993855,0.9838880505412817,0.2580860164016485,6.150079192593694,0.0,720.3254185151309,70.40347810834646,236.51086981408298,False,False,False,ok
BNCI2014_001,ebsw_full_ess075,ebsw,full,ess075,normalized,8,3654,124,123,500,500,2,0.0003350944928918824,0.018305586384813857,,,,0.00023939844939668495,2.793683898093503,3356.3504527362575,0.75,375.00000003923907,0.7500000000784781,7.847811289707352e-11,6.095218580569144,0.012981174054280203,0.04560781650595794,0.07543515913010325,solved,31,2,11280,f35445e0dcd7a5f8c75db5622e8122e0e333b939fee2fa39fda27e8db5b0f3d4,three_row_sha256,,123ea5ce324bb82567913e1514a410f2bb582a6d8528a6ea98fbb2b74646f92c,a789b01b17129967eecd25421cde715dc938f6e3b95b30f735ff978f0882361e,0.19902503117918968,0.3805470187216997,0.28785504400730133,0.728498911485076,2.1161208860576153,2.0668620709329844,0.45046606101095676,6.229375023394823,0.0,726.5547935385257,70.40347810834646,236.51086981408298,False,False,False,ok
BNCI2014_001,ebsw_full_ess075,ebsw,full,ess075,normalized,8,3654,125,124,500,500,2,0.00033198880524390657,0.018220559959669366,7.102972229402773,0.6915661012699732,30.843389873002675,0.0002979463966576701,2.793683898093503,2793.1210701036566,0.75,374.99999998245954,0.7499999999649191,-3.508093815440816e-11,6.114084699022986,0.018373350932963276,0.05093232424531379,0.07784833746019068,solved,31,2,11404,c51d51ff0ee0310cd1e60a54bc1b1e92ed487110f6e4c117c636386ed3d82da7,three_row_sha256,,123ea5ce324bb82567913e1514a410f2bb582a6d8528a6ea98fbb2b74646f92c,a789b01b17129967eecd25421cde715dc938f6e3b95b30f735ff978f0882361e,0.4243378061801195,0.3483779728412628,0.32233400270342827,0.6154959555715322,1.800484023988247,1.4387720730155706,0.544829061254859,5.494630895555019,9.967008139938116,732.0494244340807,80.37048624828458,236.51086981408298,False,False,False,ok
BNCI2014_001,ebsw_full_ess075,ebsw,full,ess075,normalized,8,3654,126,125,500,500,2,0.0003351858692714106,0.018308082075176816,,,,0.0002304589247268098,2.793683898093503,3558.7032682298186,0.75,374.9999999824079,0.7499999999648159,-3.5184077873395836e-11,6.0925041136149485,0.011387825187755688,0.04493174537830004,0.07576857276244081,solved,26,2,11529,1af5b545f17fec9383c32cfc1325355a197ebd62bb5fdcb5a8da04c2ab5b3dca,three_row_sha256,,123ea5ce324bb82567913e1514a410f2bb582a6d8528a6ea98fbb2b74646f92c,a789b01b17129967eecd25421cde715dc938f6e3b95b30f735ff978f0882361e,0.5362590309232473,0.508385943248868,0.30991691164672375,1.0086821857839823,1.87407317571342,0.8174190297722816,0.40932511910796165,5.464061396196485,0.0,737.5134858302772,80.37048624828458,236.51086981408298,False,False,False,ok
BNCI2014_001,ebsw_full_ess075,ebsw,full,ess075,normalized,8,3654,127,126,500,500,2,0.0003562585606799949,0.018874812864767557,,,,0.0002380911425135793,2.793683898093503,3176.3385636239473,0.75,374.9999999823461,0.7499999999646921,-3.530786774064154e-11,6.090988039332371,0.011765513778250644,0.04359058740778784,0.07470609530768402,solved,30,2,11655,fa0b121d9e8cfec4223f12f6df869db4de4f47dc6e49a1e43eae1416a5bd5f0e,three_row_sha256,,123ea5ce324bb82567913e1514a410f2bb582a6d8528a6ea98fbb2b74646f92c,a789b01b17129967eecd25421cde715dc938f6e3b95b30f735ff978f0882361e,0.4235620144754648,0.3458720166236162,0.3168510738760233,0.8543431758880615,1.7365030944347382,0.7565810810774565,0.39186212234199047,4.825574578717351,0.0,742.3390604089946,80.37048624828458,236.51086981408298,False,False,False,ok
BNCI2014_001,ebsw_full_ess075,ebsw,full,ess075,normalized,8,3654,128,127,500,500,2,0.0003454514087292297,0.01858632316326254,,,,0.0002534055758570362,2.7936838980935024,2981.789806039943,0.75,374.9999999691535,0.749999999938307,-6.169298405467316e-11,6.098706530438497,0.012659745226779302,0.04480100900111376,0.07605474697585543,solved,31,2,11782,2c805ad578e18119d1b8449a2a4deb9800ec658891c72630b4a2c42b41be80b2,three_row_sha256,,123ea5ce324bb82567913e1514a410f2bb582a6d8528a6ea98fbb2b74646f92c,a789b01b17129967eecd25421cde715dc938f6e3b95b30f735ff978f0882361e,0.5343249067664146,0.4912700969725847,0.3010830841958523,2.2692980710417032,1.9458411261439323,0.7771619129925966,0.37324707955121994,6.692226277664304,0.0,749.0312866866589,80.37048624828458,236.51086981408298,False,False,False,ok
BNCI2014_001,ebsw_full_ess075,ebsw,full,ess075,normalized,8,3654,129,128,500,500,2,0.00033232076497341945,0.01822966716573343,,,,0.0002306151344580518,2.793683898093503,3561.9556360950023,0.75,375.0000000212026,0.7500000000424052,4.240519047016278e-11,6.091245802759008,0.01333378831544575,0.04389593326634125,0.07266071511608156,solved,28,2,11910,67e36be9dc313a93075f3831f4c98c0799e72cef32f8c8aaae4819d4b3588dcb,three_row_sha256,,123ea5ce324bb82567913e1514a410f2bb582a6d8528a6ea98fbb2b74646f92c,a789b01b17129967eecd25421cde715dc938f6e3b95b30f735ff978f0882361e,0.23504509590566158,0.3283638507127762,0.3032148815691471,0.9170651901513338,2.0557630341500044,0.8747030515223742,0.5346571560949087,5.248812260106206,0.0,754.2800989467651,80.37048624828458,236.51086981408298,False,False,False,ok
BNCI2014_001,ebsw_full_ess075,ebsw,full,ess075,normalized,8,3654,130,129,500,500,2,0.00033709322074032734,0.018360098603774636,,,,0.00022923670527974152,2.793683898093503,3504.286683152264,0.75,374.9999999837506,0.7499999999675012,-3.249878144373497e-11,6.091562040060097,0.01181320534635651,0.04322263113989868,0.07467519336689352,solved,30,2,12039,6fae22017e0a93c33c3e7ec5f4f4930d0b62654e2ca5e41db9fe19eec50ff433,three_row_sha256,,123ea5ce324bb82567913e1514a410f2bb582a6d8528a6ea98fbb2b74646f92c,a789b01b17129967eecd25421cde715dc938f6e3b95b30f735ff978f0882361e,0.2520850393921137,0.33679092302918434,0.3105020150542259,0.8436059579253197,2.0483650732785463,0.7008630782365799,0.3736161161214113,4.865828203037381,0.0,759.1459271498024,80.37048624828458,236.51086981408298,False,False,False,ok
BNCI2014_001,ebsw_full_ess075,ebsw,full,ess075,normalized,8,3654,131,130,500,500,2,0.00033288119300915113,0.018245032008992232,,,,0.00021332945263710703,2.793683898093503,3779.7994754296506,0.75,375.0000000257002,0.7500000000514004,5.140043946028072e-11,6.084866377493768,0.009289085435452357,0.04000645522835987,0.07074632886200005,solved,30,2,12169,4a559fc88498a0d4a6a08493414a530608f4c9e46f93b14b1531cba03034cdca,three_row_sha256,,123ea5ce324bb82567913e1514a410f2bb582a6d8528a6ea98fbb2b74646f92c,a789b01b17129967eecd25421cde715dc938f6e3b95b30f735ff978f0882361e,0.43076719157397747,0.37385011091828346,0.31130900606513023,0.8903248235583305,1.9031059928238392,0.7193009369075298,0.6619400810450315,5.290598142892122,0.0,764.4365252926946,80.37048624828458,236.51086981408298,False,False,False,ok
BNCI2014_001,ebsw_full_ess075,ebsw,full,ess075,normalized,8,3654,132,131,500,500,2,0.00033422219789487324,0.018281744935724084,,,,0.00021520030871844867,2.793683898093503,3725.9180170692,0.75,374.9999999866637,0.7499999999733273,-2.6672664077409536e-11,6.084944821882885,0.00865035712354425,0.040352689101538074,0.07191079700212269,solved,31,2,12300,2f144ae3cd5b1411741deaa8a63949665cf49ad400ede152967545c350b9f676,three_row_sha256,,123ea5ce324bb82567913e1514a410f2bb582a6d8528a6ea98fbb2b74646f92c,a789b01b17129967eecd25421cde715dc938f6e3b95b30f735ff978f0882361e,0.25698612444102764,0.38174097426235676,0.30515179969370365,0.8366808760911226,1.8587380181998014,0.8943439461290836,0.5536570679396391,5.087298806756735,0.0,769.5238240994513,80.37048624828458,236.51086981408298,False,False,False,ok
BNCI2014_001,ebsw_full_ess075,ebsw,full,ess075,normalized,8,3654,133,132,500,500,2,0.0003499059350008445,0.018705772772084142,,,,0.00029323522278441037,2.793683898093503,2499.3598327891414,0.75,374.99999999921664,0.7499999999984333,-1.566746732351021e-12,6.111062212594328,0.01464562345545506,0.05431652331111216,0.08246924093111371,solved,32,2,12432,b4c55213f8ed9dce01d774c606d36fde9c12c7bb061a479ac03b7834950a3cfe,three_row_sha256,,123ea5ce324bb82567913e1514a410f2bb582a6d8528a6ea98fbb2b74646f92c,a789b01b17129967eecd25421cde715dc938f6e3b95b30f735ff978f0882361e,0.21504703909158707,0.21498813293874264,1.7928951419889927,0.5858668591827154,2.1227640099823475,0.7537668570876122,0.3429921343922615,6.028320174664259,0.0,775.5521442741156,80.37048624828458,236.51086981408298,False,False,False,ok
BNCI2014_001,ebsw_full_ess075,ebsw,full,ess075,normalized,8,3654,134,133,500,500,2,0.0003358962228668034,0.01832747180783,,,,0.00022145056355845968,2.793683898093503,3503.7199185302134,0.75,375.0000000234255,0.7500000000468511,4.685107857227422e-11,6.088358946482403,0.010182765422733782,0.0405949548215861,0.07211894124628217,solved,28,2,12565,22e9e3eea1bcd049947258f28547f008973783f97bae2495d3856f7314f0ceca,three_row_sha256,,123ea5ce324bb82567913e1514a410f2bb582a6d8528a6ea98fbb2b74646f92c,a789b01b17129967eecd25421cde715dc938f6e3b95b30f735ff978f0882361e,0.21364493295550346,0.39402092806994915,0.3242029342800379,0.7235370576381683,2.0291642285883427,1.5433959197252989,0.37201703526079655,5.599983036518097,0.0,781.1521273106337,80.37048624828458,236.51086981408298,False,False,False,ok
BNCI2014_001,ebsw_full_ess075,ebsw,full,ess075,normalized,8,3654,135,134,500,500,2,0.00032887009358204623,0.018134775807327926,,,,0.00024348295986482518,2.793683898093503,3467.675527449404,0.75,375.0000000286087,0.7500000000572175,5.721745299780423e-11,6.0956258306041775,0.01534513343373777,0.04340524023732728,0.07011646943786587,solved,31,2,12699,ce09c92e3be8e81d3223635a8a4a23f70ebf9ef128eda8388bd0da04eb7dffa9,three_row_sha256,,123ea5ce324bb82567913e1514a410f2bb582a6d8528a6ea98fbb2b74646f92c,a789b01b17129967eecd25421cde715dc938f6e3b95b30f735ff978f0882361e,0.21273992024362087,0.4030810669064522,0.2956970129162073,0.8260330650955439,1.5986391808837652,1.2936790008097887,0.5493250209838152,5.179194267839193,0.0,786.3313215784729,80.37048624828458,236.51086981408298,False,False,False,ok
BNCI2014_001,ebsw_full_ess075,ebsw,full,ess075,normalized,8,3654,136,135,500,500,2,0.0003381997668370511,0.018390208450070684,,,,0.00022448179376412692,2.7936838980935033,3256.7709450586153,0.75,375.0000000396808,0.7500000000793616,7.936162838007021e-11,6.088264608208368,0.008900686170235457,0.041647433576229596,0.07307493645762839,solved,31,2,12834,57aca90705f1d3f6c2f0d0bcbbe8ddb763b0d90a6ec6455144b8a1b173b43d02,three_row_sha256,,123ea5ce324bb82567913e1514a410f2bb582a6d8528a6ea98fbb2b74646f92c,a789b01b17129967eecd25421cde715dc938f6e3b95b30f735ff978f0882361e,0.21323305554687977,1.8582239281386137,0.29427395202219486,0.7408349774777889,2.1354667842388153,0.9232158772647381,0.35383086651563644,6.519079441204667,0.0,792.8504010196775,80.37048624828458,236.51086981408298,False,False,False,ok
BNCI2014_001,ebsw_full_ess075,ebsw,full,ess075,normalized,8,3654,137,136,500,500,2,0.0003270457304531818,0.018084405725740115,,,,0.0003208069651807784,2.793683898093503,2794.27982892432,0.75,375.00000000856596,0.750000000017132,1.7131962515293253e-11,6.119382139834759,0.020905243342278567,0.04705898730574912,0.06986558872777464,solved,25,2,12970,3a7cda95eb74caf283575c06e35ba2cdc96f31801ed93ce4c419e4ee0dfbb14a,three_row_sha256,,123ea5ce324bb82567913e1514a410f2bb582a6d8528a6ea98fbb2b74646f92c,a789b01b17129967eecd25421cde715dc938f6e3b95b30f735ff978f0882361e,0.264924019575119,0.4003038629889488,0.4376419819891453,0.725648133084178,1.9106941763311625,1.1754659935832024,0.6710831075906754,5.585761275142431,0.0,798.43616229482,80.37048624828458,236.51086981408298,False,False,False,ok
BNCI2014_001,ebsw_full_ess075,ebsw,full,ess075,normalized,8,3654,138,137,500,500,2,0.00033082239189501187,0.01818852363153788,,,,0.00022103747446625702,2.793683898093503,3567.435619815298,0.75,375.00000000824497,0.7500000000164899,1.6489920540152525e-11,6.088777563344012,0.010620200953254166,0.04126843794691515,0.07232066149916482,solved,31,2,13107,06f6e1ff6aa0c0c4c21972d6f497495940834fb562f3dacbbfcb4d9ec86f4114,three_row_sha256,,123ea5ce324bb82567913e1514a410f2bb582a6d8528a6ea98fbb2b74646f92c,a789b01b17129967eecd25421cde715dc938f6e3b95b30f735ff978f0882361e,0.2078828401863575,0.3962758928537369,0.3054169937968254,0.6078530568629503,2.0782409701496363,0.7478420156985521,0.41284901089966297,4.7563607804477215,0.0,803.1925230752677,80.37048624828458,236.51086981408298,False,False,False,ok
BNCI2014_001,ebsw_full_ess075,ebsw,full,ess075,normalized,8,3654,139,138,500,500,2,0.00033183817007073754,0.018216425831395617,,,,0.0002757810249687137,2.7936838980935024,2912.738198415926,0.75,374.9999999677137,0.7499999999354273,-6.457268053594589e-11,6.108432381297762,0.015947371113613776,0.05049591458976935,0.08042191597583848,solved,28,2,13245,0c78cd00ddde44fb737f6e5105c4361c3069a8d39f431092200660c4adf4b29d,three_row_sha256,,123ea5ce324bb82567913e1514a410f2bb582a6d8528a6ea98fbb2b74646f92c,a789b01b17129967eecd25421cde715dc938f6e3b95b30f735ff978f0882361e,0.5353998858481646,0.4918500781059265,0.29527698643505573,2.267697127535939,1.9149950239807367,1.7640020232647657,0.27477205730974674,7.543993182480335,0.0,810.736516257748,80.37048624828458,236.51086981408298,False,False,False,ok
BNCI2014_001,ebsw_full_ess075,ebsw,full,ess075,normalized,8,3654,140,139,500,500,2,0.00033584316719155927,0.018326024314934193,,,,0.0003730536419849995,2.793683898093503,2330.28096573875,0.75,374.99999995999656,0.7499999999199931,-8.000689000198236e-11,6.131092591965774,0.022889941317922224,0.047559776128101715,0.06715965360423712,solved,31,2,13384,23af17b71020fc88829ec6223ed9e82fceb084e1f9e1bfff84b12509ce62b95d,three_row_sha256,,123ea5ce324bb82567913e1514a410f2bb582a6d8528a6ea98fbb2b74646f92c,a789b01b17129967eecd25421cde715dc938f6e3b95b30f735ff978f0882361e,0.41688093915581703,0.36474992521107197,0.30526285991072655,0.9519448503851891,2.1799327805638313,2.6471950113773346,0.3519000019878149,7.217866368591785,0.0,817.9543826263398,80.37048624828458,236.51086981408298,False,False,False,ok
BNCI2014_001,ebsw_full_ess075,ebsw,full,ess075,normalized,8,3654,141,140,500,500,2,0.0003373650083082322,0.018367498694929374,,,,0.0002623670867373201,2.793683898093503,3129.1227032321226,0.75,374.99999997250853,0.7499999999450171,-5.498290711614118e-11,6.102566687027613,0.015405846229182287,0.047485478073919035,0.07483519580093828,solved,29,2,13524,334383a951532211c369dc92b6043c83323984a94cc679cc0726e522b2b32592,three_row_sha256,,123ea5ce324bb82567913e1514a410f2bb582a6d8528a6ea98fbb2b74646f92c,a789b01b17129967eecd25421cde715dc938f6e3b95b30f735ff978f0882361e,0.37638586945831776,0.40054996497929096,0.29884185642004013,0.5974150262773037,1.7013167962431908,0.6915358826518059,0.5523951258510351,4.618440521880984,0.0,822.5728231482208,80.37048624828458,236.51086981408298,False,False,False,ok
BNCI2014_001,ebsw_full_ess075,ebsw,full,ess075,normalized,8,3654,142,141,500,500,2,0.00034097675350789854,0.01846555586782858,,,,0.0002394547229036489,2.793683898093503,3182.0259033976613,0.75,374.9999999719005,0.749999999943801,-5.6199045417315574e-11,6.093839570073952,0.011389147566228427,0.04583399916535185,0.07680952068995567,solved,28,2,13665,4db79dc60581af76216360e651b0cb99946e6da557e4d10dcad3cf7b61418b19,three_row_sha256,,123ea5ce324bb82567913e1514a410f2bb582a6d8528a6ea98fbb2b74646f92c,a789b01b17129967eecd25421cde715dc938f6e3b95b30f735ff978f0882361e,0.22752396762371063,0.5226070061326027,0.2972818911075592,0.6029091309756041,3.3964228350669146,0.7271349895745516,0.37174695171415806,6.145626772195101,0.0,828.7184499204159,80.37048624828458,236.51086981408298,False,False,False,ok
BNCI2014_001,ebsw_full_ess075,ebsw,full,ess075,normalized,8,3654,143,142,500,500,2,0.00034350167556397717,0.01853379819583609,,,,0.00030220813238132345,2.793683898093503,2649.9061978452237,0.75,374.99999995652934,0.7499999999130587,-8.694134301379108e-11,6.112954506646211,0.018104784334105055,0.049134262839474044,0.07502494128473272,solved,29,2,13807,4fa386fcdbc3453d547dfb5a2e9f26586f2c0104bf2c7f7a6b259ba09147a7e1,three_row_sha256,,123ea5ce324bb82567913e1514a410f2bb582a6d8528a6ea98fbb2b74646f92c,a789b01b17129967eecd25421cde715dc938f6e3b95b30f735ff978f0882361e,0.1986711286008358,0.31458004377782345,0.21193106658756733,0.5721149500459433,1.921847928315401,0.5985789466649294,1.0748871136456728,4.892611177638173,0.0,833.611061098054,80.37048624828458,236.51086981408298,False,False,False,ok
BNCI2014_001,ebsw_full_ess075,ebsw,full,ess075,normalized,8,3654,144,143,500,500,2,0.00035058348642361993,0.018723874770560176,,,,0.00025993656783976,2.793683898093503,3005.4062792303803,0.75,374.9999999568585,0.749999999913717,-8.628298076018837e-11,6.101069447528433,0.014380278248904813,0.04768792520230261,0.07702053300900506,solved,30,2,13950,cb426172bea8f16085b30fb53760b20e1fe673dca45539715e58ca513b6e9f68,three_row_sha256,,123ea5ce324bb82567913e1514a410f2bb582a6d8528a6ea98fbb2b74646f92c,a789b01b17129967eecd25421cde715dc938f6e3b95b30f735ff978f0882361e,0.2888741437345743,0.19264081493020058,0.214751111343503,0.5568910855799913,1.7277540173381567,0.5803890526294708,0.4290919750928879,3.9903922006487846,0.0,837.6014532987028,80.37048624828458,236.51086981408298,False,False,False,ok
BNCI2014_001,ebsw_full_ess075,ebsw,full,ess075,normalized,8,3654,145,144,500,500,2,0.0003378041045439753,0.018379447884633946,,,,0.00027781459310461727,2.793683898093503,2826.377255058452,0.75,374.9999999876549,0.7499999999753099,-2.4690138822336394e-11,6.107486584493677,0.015737712651062552,0.05174641256627062,0.07799862392912948,solved,29,2,14094,15f3faec2e44c7cbc1b1166cda8e2fe6582dba582a1f246478ea76f34b28f437,three_row_sha256,,123ea5ce324bb82567913e1514a410f2bb582a6d8528a6ea98fbb2b74646f92c,a789b01b17129967eecd25421cde715dc938f6e3b95b30f735ff978f0882361e,0.19322801381349564,0.30858302488923073,0.2130698412656784,0.5421021487563848,1.7669480293989182,0.7041441276669502,0.547490082681179,4.275565268471837,0.0,841.8770185671747,80.37048624828458,236.51086981408298,False,False,False,ok
BNCI2014_001,ebsw_full_ess075,ebsw,full,ess075,normalized,8,3654,146,145,500,500,2,0.00034160903579965186,0.018482668524854626,,,,0.00023698450368748612,2.793683898093503,3299.5365186935346,0.75,374.9999999737248,0.7499999999474496,-5.255040846918746e-11,6.0935352279548045,0.011312329604818993,0.04467825351993493,0.07556568099187658,solved,30,2,14239,b1541acc3abd9b3700c42a305e8fb6e99d2e29989f62c5cb213f24a5889dce8a,three_row_sha256,,123ea5ce324bb82567913e1514a410f2bb582a6d8528a6ea98fbb2b74646f92c,a789b01b17129967eecd25421cde715dc938f6e3b95b30f735ff978f0882361e,0.23727398365736008,0.38488698191940784,0.5814379546791315,0.5546861793845892,1.773666124790907,0.708811916410923,0.34604198299348354,4.586805123835802,0.0,846.4638236910105,80.37048624828458,236.51086981408298,False,False,False,ok
BNCI2014_001,ebsw_full_ess075,ebsw,full,ess075,normalized,8,3654,147,146,500,500,2,0.000333272329052335,0.018255747836019617,,,,0.00023435303716684314,2.793683898093503,3422.885449401925,0.75,374.9999999581498,0.7499999999162995,-8.370049098260779e-11,6.09316293367101,0.011370056698497643,0.04672352670948997,0.07626029264055334,solved,31,2,14385,711d0b9c0e39a1915ce93fb02bd9e6539931da7b79542f1cd28c22259ebeb4ea,three_row_sha256,,123ea5ce324bb82567913e1514a410f2bb582a6d8528a6ea98fbb2b74646f92c,a789b01b17129967eecd25421cde715dc938f6e3b95b30f735ff978f0882361e,0.22176094353199005,0.501411035656929,0.3188310656696558,0.6006141193211079,2.0134171936661005,0.8265571668744087,0.6424800958484411,5.125071620568633,0.0,851.5888953115791,80.37048624828458,236.51086981408298,False,False,False,ok
BNCI2014_001,ebsw_full_ess075,ebsw,full,ess075,normalized,8,3654,148,147,500,500,2,0.0003332666287143739,0.018255591710880637,,,,0.000246718094658898,2.793683898093503,3374.3160897934376,0.75,375.00000004793907,0.7500000000958782,9.587819427281374e-11,6.098012644636248,0.013453990428877117,0.04587242968819654,0.07187051360943059,solved,30,2,14532,d35836c7bc11c3451af5a9820bc20c48fb79261f7c5c9b46080532dbfbb34d27,three_row_sha256,,123ea5ce324bb82567913e1514a410f2bb582a6d8528a6ea98fbb2b74646f92c,a789b01b17129967eecd25421cde715dc938f6e3b95b30f735ff978f0882361e,0.24599488824605942,0.37270900793373585,0.2889519091695547,0.5435640923678875,1.6801890451461077,0.7343529723584652,0.35914010368287563,4.224902018904686,0.0,855.8137973304838,80.37048624828458,236.51086981408298,False,False,False,ok
BNCI2014_001,ebsw_full_ess075,ebsw,full,ess075,normalized,8,3654,149,148,500,500,2,0.0003399655370101319,0.018438154381882475,,,,0.0002290656142026155,2.793683898093503,3488.2715880444503,0.75,375.0000000033802,0.7500000000067604,6.760370041547503e-12,6.091291560844075,0.00993835624256295,0.043797172727188645,0.07675858315426182,solved,31,2,14680,78a74f79355c976dab823c85c1b96a725788b2eeea05809a12d9d199ef78dde9,three_row_sha256,,123ea5ce324bb82567913e1514a410f2bb582a6d8528a6ea98fbb2b74646f92c,a789b01b17129967eecd25421cde715dc938f6e3b95b30f735ff978f0882361e,0.2437529619783163,0.32280595041811466,0.28865085914731026,0.584484776481986,1.9821408204734325,3.7910169921815395,0.19899592734873295,7.411848288029432,0.0,863.2256456185132,80.37048624828458,236.51086981408298,False,False,False,ok
BNCI2014_001,ebsw_full_ess075,ebsw,full,ess075,normalized,8,3654,150,149,500,500,2,0.00033975200131571086,0.018432362879341076,7.024130432886232,0.6838898339169402,31.611016608305974,0.00023928126597634144,2.793683898093503,3380.992587335821,0.75,375.00000002077473,0.7500000000415494,4.154943056278171e-11,6.093900319549971,0.013723894602388155,0.04327672712570722,0.07324400307674142,solved,30,2,14829,279c547e6b988712eb84c9c9161faa496f0b89309762bbf310179c6be4cf1288,three_row_sha256,,123ea5ce324bb82567913e1514a410f2bb582a6d8528a6ea98fbb2b74646f92c,a789b01b17129967eecd25421cde715dc938f6e3b95b30f735ff978f0882361e,0.29556197114288807,0.19866391085088253,0.2238729503005743,0.6465660408139229,2.2594809997826815,0.8946529123932123,0.41575380600988865,4.93455259129405,11.47912279702723,868.1601982098073,91.84960904531181,236.51086981408298,False,False,False,ok
BNCI2014_001,ebsw_full_ess075,ebsw,full,ess075,normalized,8,3654,151,150,500,500,2,0.00035045872789949805,0.018720542938160153,,,,0.0002475427542063868,2.793683898093503,2955.726365102337,0.75,375.00000000153784,0.7500000000030757,3.075650845119071e-12,6.0964113435786125,0.010635103639650008,0.045453791091792504,0.0778013591478432,solved,31,2,14979,dc56556a9cc2eec1d6679a32728b8e311152aff6ec610a912e51110fb72740de,three_row_sha256,,123ea5ce324bb82567913e1514a410f2bb582a6d8528a6ea98fbb2b74646f92c,a789b01b17129967eecd25421cde715dc938f6e3b95b30f735ff978f0882361e,0.3589559346437454,0.33135898411273956,0.3070640377700329,0.7521491497755051,2.0322261843830347,0.9242421947419643,0.5165659822523594,5.222562467679381,0.0,873.3827606774867,91.84960904531181,236.51086981408298,False,False,False,ok
BNCI2014_001,ebsw_full_ess075,ebsw,full,ess075,normalized,8,3654,152,151,500,500,2,0.00034060124436845543,0.018455385240315505,,,,0.00024632946334069973,2.793683898093503,3298.4119645228857,0.75,374.9999999746239,0.7499999999492478,-5.0752180236202094e-11,6.098338825476697,0.011631387770715363,0.04846577229715491,0.07947199148493085,solved,31,2,15130,19560e776e41ae97572dd4038afa2698b0d92d5bd12d4cbfcd010e819acd71b0,three_row_sha256,,123ea5ce324bb82567913e1514a410f2bb582a6d8528a6ea98fbb2b74646f92c,a789b01b17129967eecd25421cde715dc938f6e3b95b30f735ff978f0882361e,0.4305390175431967,0.3597009927034378,0.4096720367670059,0.9623880032449961,2.020755782723427,0.8799880743026733,0.6706360727548599,5.733679980039597,0.0,879.1164406575263,91.84960904531181,236.51086981408298,False,False,False,ok
BNCI2014_001,ebsw_full_ess075,ebsw,full,ess075,normalized,8,3654,153,152,500,500,2,0.00032698193721877216,0.01808264187608581,,,,0.00022306473567438285,2.793683898093503,3699.593961790066,0.75,375.00000001666876,0.7500000000333376,3.3337554938839276e-11,6.090312704052761,0.01159202644774716,0.04307773178269143,0.07261183305561747,solved,30,2,15282,d5dc1648d5486b16ddf6ce4f80b8b04a435075fe9ab31ea66233cc2463671055,three_row_sha256,,123ea5ce324bb82567913e1514a410f2bb582a6d8528a6ea98fbb2b74646f92c,a789b01b17129967eecd25421cde715dc938f6e3b95b30f735ff978f0882361e,0.2350788563489914,0.37031108513474464,0.2994320821017027,0.7147418800741434,2.0223790779709816,0.6962509360164404,0.2579968422651291,4.596190759912133,0.0,883.7126314174384,91.84960904531181,236.51086981408298,False,False,False,ok
BNCI2014_001,ebsw_full_ess075,ebsw,full,ess075,normalized,8,3654,154,153,500,500,2,0.00034146282491457833,0.018478712750475298,,,,0.00022234579273598063,2.793683898093503,3545.592987143194,0.75,374.99999997800114,0.7499999999560023,-4.3997694376685104e-11,6.0879700351006605,0.008803555741778407,0.04085133853474331,0.07313889803848764,solved,31,2,15435,84a1498e2084a2d111b0fb4b364cde4dac00a2ff3c5dddaf2cd95e3bf2c16d48,three_row_sha256,,123ea5ce324bb82567913e1514a410f2bb582a6d8528a6ea98fbb2b74646f92c,a789b01b17129967eecd25421cde715dc938f6e3b95b30f735ff978f0882361e,0.27191382832825184,0.47119613736867905,0.29601389542222023,0.9546380024403334,2.1190999541431665,1.8962100148200989,0.15932484529912472,6.168396677821875,0.0,889.8810280952603,91.84960904531181,236.51086981408298,False,False,False,ok
BNCI2014_001,ebsw_full_ess075,ebsw,full,ess075,normalized,8,3654,155,154,500,500,2,0.0003435416318313774,0.018534876094308733,,,,0.00024327421294303736,2.793683898093503,3320.740206779621,0.75,374.99999996532443,0.7499999999306489,-6.935108043393257e-11,6.096352490424893,0.012191906267326696,0.04679265109207655,0.079772642832052,solved,30,2,15589,1cd987d4ba3d655ce2fdb94b010c0c79e7edb331d53c5d3f3083c068ccafd73c,three_row_sha256,,123ea5ce324bb82567913e1514a410f2bb582a6d8528a6ea98fbb2b74646f92c,a789b01b17129967eecd25421cde715dc938f6e3b95b30f735ff978f0882361e,0.20402995869517326,0.31932699494063854,0.2932450734078884,0.5810849834233522,1.6794770490378141,1.0545130353420973,0.34337793476879597,4.47505502961576,0.0,894.356083124876,91.84960904531181,236.51086981408298,False,False,False,ok
BNCI2014_001,ebsw_full_ess075,ebsw,full,ess075,normalized,8,3654,156,155,500,500,2,0.00034363801677272476,0.018537476008689123,,,,0.0002953426557186879,2.793683898093503,2651.060982533406,0.75,375.00000002511746,0.7500000000502349,5.023492732902923e-11,6.1102168992210455,0.017586821596444317,0.04857754673434714,0.07432808728070706,solved,28,2,15744,a2eca9574371835416189c03e7e937084a7c62f57887f5abfbaba4fe3e9350a5,three_row_sha256,,123ea5ce324bb82567913e1514a410f2bb582a6d8528a6ea98fbb2b74646f92c,a789b01b17129967eecd25421cde715dc938f6e3b95b30f735ff978f0882361e,0.1970559824258089,0.19369996152818203,0.2151250373572111,0.5298871546983719,1.8505589105188847,0.703602796420455,0.41896081529557705,4.108890658244491,0.0,898.4649737831205,91.84960904531181,236.51086981408298,False,False,False,ok
BNCI2014_001,ebsw_full_ess075,ebsw,full,ess075,normalized,8,3654,157,156,500,500,2,0.00032700440354451734,0.018083263077899335,,,,0.0002690376088759821,2.793683898093503,3071.105122610218,0.75,374.9999999690915,0.749999999938183,-6.181699596652379e-11,6.105644043139222,0.016001042517341964,0.049877259497423526,0.07556104683752915,solved,31,2,15900,87d239288914e4cf0c6db9a131ee9b59ad8ea58fbb857ce5e2d7c1d28d7d4604,three_row_sha256,,123ea5ce324bb82567913e1514a410f2bb582a6d8528a6ea98fbb2b74646f92c,a789b01b17129967eecd25421cde715dc938f6e3b95b30f735ff978f0882361e,0.23915711790323257,0.3254241310060024,0.21908897906541824,0.5550091154873371,1.986072864383459,1.226068940013647,0.5505159497261047,5.101337097585201,0.0,903.5663108807057,91.84960904531181,236.51086981408298,False,False,False,ok
BNCI2014_001,ebsw_full_ess075,ebsw,full,ess075,normalized,8,3654,158,157,500,500,2,0.00033491366245717483,0.01830064650380349,,,,0.00028662894105229304,2.793683898093503,3048.569150266143,0.75,375.000000005482,0.750000000010964,1.0964007479685733e-11,6.108656244656807,0.018437790330150795,0.04584283418802986,0.07084721301909307,solved,31,2,16057,a7272d3a18e769740025c399e7c95787f2114960cd0ff03233b6fe7bd0634145,three_row_sha256,,123ea5ce324bb82567913e1514a410f2bb582a6d8528a6ea98fbb2b74646f92c,a789b01b17129967eecd25421cde715dc938f6e3b95b30f735ff978f0882361e,0.3994039725512266,0.32254005782306194,0.29623089358210564,0.6778780370950699,1.7375589814037085,0.90943300165236,0.5510591436177492,4.894104087725282,0.0,908.460414968431,91.84960904531181,236.51086981408298,False,False,False,ok
BNCI2014_001,ebsw_full_ess075,ebsw,full,ess075,normalized,8,3654,159,158,500,500,2,0.0003428790628716403,0.01851699389403259,,,,0.00022398166750811047,2.793683898093503,3389.27643163009,0.75,374.9999999839975,0.749999999967995,-3.20049542423817e-11,6.088366233086179,0.009436601588351903,0.04108285415607805,0.07396660674201452,solved,29,2,16215,3f41954d9cb90cb7bba00d7be85a1bb00c9b49b94573dbb83ed5de0efa2a6ef8,three_row_sha256,,123ea5ce324bb82567913e1514a410f2bb582a6d8528a6ea98fbb2b74646f92c,a789b01b17129967eecd25421cde715dc938f6e3b95b30f735ff978f0882361e,1.7358988989144564,0.19350508227944374,0.21432293578982353,0.6381240673363209,1.7186489421874285,1.0509009007364511,0.3448829520493746,5.896283779293299,0.0,914.3566987477243,91.84960904531181,236.51086981408298,False,False,False,ok
BNCI2014_001,ebsw_full_ess075,ebsw,full,ess075,normalized,8,3654,160,159,500,500,2,0.0003408793097231294,0.018462917150957738,,,,0.00027957979523706675,2.793683898093503,2830.9320290676305,0.75,375.00000000736395,0.7500000000147279,1.472788557776994e-11,6.1077661852319505,0.015882081236672008,0.04951221824010979,0.07794189386912116,solved,31,2,16374,8668b4ff9645f5588b88343af09313286472d2f3f93a33d9804047036b8f104e,three_row_sha256,,123ea5ce324bb82567913e1514a410f2bb582a6d8528a6ea98fbb2b74646f92c,a789b01b17129967eecd25421cde715dc938f6e3b95b30f735ff978f0882361e,0.2013698685914278,0.3278439398854971,0.2880990505218506,0.5805469118058681,1.7304448410868645,1.1485759168863297,0.5639779847115278,4.840858513489366,0.0,919.1975572612137,91.84960904531181,236.51086981408298,False,False,False,ok
BNCI2014_001,ebsw_full_ess075,ebsw,full,ess075,normalized,8,3654,161,160,500,500,2,0.0003489637100231247,0.018680570388056268,,,,0.00024772026245601075,2.793683898093503,3282.1819823435485,0.75,375.00000000112516,0.7500000000022503,2.2503110486127298e-12,6.094148754140339,0.015178818168283344,0.04274352137940656,0.06994592827523666,solved,30,2,16534,fecdaa7246912beb1d956c91476b848af535aa187e2fd137585ddae182d3b6fc,three_row_sha256,,123ea5ce324bb82567913e1514a410f2bb582a6d8528a6ea98fbb2b74646f92c,a789b01b17129967eecd25421cde715dc938f6e3b95b30f735ff978f0882361e,0.21808594465255737,0.1984809059649706,1.7835891339927912,0.6593898870050907,1.6505890525877476,1.054367981851101,0.3356130328029394,5.900115938857198,0.0,925.0976732000709,91.84960904531181,236.51086981408298,False,False,False,ok
BNCI2014_001,ebsw_full_ess075,ebsw,full,ess075,normalized,8,3654,162,161,500,500,2,0.00032784781215638054,0.01810656820483607,,,,0.00023034902133675715,2.793683898093503,3635.177550213082,0.75,374.9999999836386,0.7499999999672772,-3.2722824450104326e-11,6.092866851255746,0.012650702564615998,0.04373789161330846,0.07517491111407479,solved,30,2,16695,e95055b2867d4f11aea55307641ef6b6a420aa4009d5f3e0368b9cafb9350c2a,three_row_sha256,,123ea5ce324bb82567913e1514a410f2bb582a6d8528a6ea98fbb2b74646f92c,a789b01b17129967eecd25421cde715dc938f6e3b95b30f735ff978f0882361e,0.19317585974931717,0.3249810542911291,0.2922501880675554,0.5310149863362312,1.7199148423969746,0.8713440038263798,0.5497988313436508,4.482479766011238,0.0,929.5801529660821,91.84960904531181,236.51086981408298,False,False,False,ok
BNCI2014_001,ebsw_full_ess075,ebsw,full,ess075,normalized,8,3654,163,162,500,500,2,0.00034267329980861445,0.018511437000098465,,,,0.00025305343986231665,2.793683898093503,3130.976687117669,0.75,375.0000000011858,0.7500000000023717,2.3716584252042594e-12,6.099202544179855,0.01479464778311967,0.046952699598660205,0.07614699961443605,solved,29,2,16857,d05a026dcf05de6d0e2e7488875ce07798637d60e0d381c9be9987ef29a27290,three_row_sha256,,123ea5ce324bb82567913e1514a410f2bb582a6d8528a6ea98fbb2b74646f92c,a789b01b17129967eecd25421cde715dc938f6e3b95b30f735ff978f0882361e,0.23735896684229374,0.5215229466557503,0.30238903127610683,0.6023519672453403,2.821726957336068,0.7594309281557798,0.6460961885750294,5.890876986086369,0.0,935.4710299521685,91.84960904531181,236.51086981408298,False,False,False,ok
BNCI2014_001,ebsw_full_ess075,ebsw,full,ess075,normalized,8,3654,164,163,500,500,2,0.0003387120638153648,0.018404131705010287,,,,0.0003913062977005979,2.793683898093503,2119.373455654558,0.75,374.9999999876031,0.7499999999752062,-2.4793833652836383e-11,6.131318348357366,0.022815900442193747,0.046522142631422264,0.07010453384973837,solved,32,2,17020,f1a35ff72a300524269eca160d43dfe4be4d461f9b25bc7fe1e9b6860db025fc,three_row_sha256,,123ea5ce324bb82567913e1514a410f2bb582a6d8528a6ea98fbb2b74646f92c,a789b01b17129967eecd25421cde715dc938f6e3b95b30f735ff978f0882361e,0.2027179580181837,0.37772697396576405,0.2859670203179121,0.5453960038721561,1.7723808996379375,0.6284739356487989,0.5147131159901619,4.327375907450914,0.0,939.7984058596194,91.84960904531181,236.51086981408298,False,False,False,ok
BNCI2014_001,ebsw_full_ess075,ebsw,full,ess075,normalized,8,3654,165,164,500,500,2,0.00034024219542941173,0.0184456551911124,,,,0.00023899873660868107,2.793683898093503,3396.1413399444286,0.75,375.00000004417046,0.7500000000883409,8.834089015863356e-11,6.094697692153401,0.012724260808652786,0.04620078684894225,0.07445044297220495,solved,31,2,17184,5a24463d17c71dd0eedeeb6771209d30c526ca471fbf6e794e21bcc63432d841,three_row_sha256,,123ea5ce324bb82567913e1514a410f2bb582a6d8528a6ea98fbb2b74646f92c,a789b01b17129967eecd25421cde715dc938f6e3b95b30f735ff978f0882361e,0.22678193636238575,0.3941459581255913,0.30440185219049454,0.7306761108338833,1.9885541405528784,0.66911312751472,0.6409490015357733,4.9546221271157265,0.0,944.7530279867351,91.84960904531181,236.51086981408298,False,False,False,ok
BNCI2014_001,ebsw_full_ess075,ebsw,full,ess075,normalized,8,3654,166,165,500,500,2,0.00033675912174463635,0.01835099784057086,,,,0.00022168977456390015,2.793683898093503,3784.7096630480387,0.75,375.0000000487967,0.7500000000975935,9.759348884585961e-11,6.089035448517359,0.009359175782348543,0.04373697530225807,0.07658308163418875,solved,26,2,17349,19ff2db7fa588ee520a7a5310d33e7354185e2414a8a92ca9b285872be6173ff,three_row_sha256,,123ea5ce324bb82567913e1514a410f2bb582a6d8528a6ea98fbb2b74646f92c,a789b01b17129967eecd25421cde715dc938f6e3b95b30f735ff978f0882361e,0.36934204399585724,0.3390719648450613,0.31864806078374386,0.7763809990137815,1.785788917914033,0.7981848903000355,0.3491840325295925,4.736600909382105,0.0,949.4896288961172,91.84960904531181,236.51086981408298,False,False,False,ok
BNCI2014_001,ebsw_full_ess075,ebsw,full,ess075,normalized,8,3654,167,166,500,500,2,0.0003452305604892,0.01858038106415474,,,,0.0002384639000131287,2.793683898093503,3247.6110646613365,0.75,375.0000000377331,0.7500000000754663,7.546629987587039e-11,6.094969655879459,0.011518983491799804,0.04584451697235761,0.07871919518814799,solved,31,2,17515,dcf66841770f1b7951917bd2197c53b4bd06d756ea2b83f6276b096190cc53db,three_row_sha256,,123ea5ce324bb82567913e1514a410f2bb582a6d8528a6ea98fbb2b74646f92c,a789b01b17129967eecd25421cde715dc938f6e3b95b30f735ff978f0882361e,0.2605370245873928,0.34001097083091736,0.2889630850404501,0.8746080566197634,1.9637199584394693,4.088188987225294,0.3859738353639841,8.202001918107271,0.0,957.6916308142245,91.84960904531181,236.51086981408298,False,False,False,ok
BNCI2014_001,ebsw_full_ess075,ebsw,full,ess075,normalized,8,3654,168,167,500,500,2,0.00033393293707420214,0.0182738320303707,,,,0.00022447922659146714,2.793683898093503,3632.5760045895313,0.75,374.99999999807574,0.7499999999961515,-3.848477092560643e-12,6.089131202625614,0.010200453356800566,0.0449900242179426,0.07567898271797159,solved,31,2,17682,94e9b53c48a223e4b55ddfb71b634efec04a47356a51c5fec50a81396cf0373a,three_row_sha256,,123ea5ce324bb82567913e1514a410f2bb582a6d8528a6ea98fbb2b74646f92c,a789b01b17129967eecd25421cde715dc938f6e3b95b30f735ff978f0882361e,0.21828897297382355,0.3375799860805273,0.3084589261561632,0.8334589656442404,1.9519929774105549,0.9737140499055386,0.3415618557482958,4.965055733919144,0.0,962.6566865481436,91.84960904531181,236.51086981408298,False,False,False,ok
BNCI2014_001,ebsw_full_ess075,ebsw,full,ess075,normalized,8,3654,169,168,500,500,2,0.0003412334677555824,0.018472505724876156,,,,0.0002481959009212619,2.793683898093503,3116.489503747143,0.75,374.9999999949724,0.7499999999899448,-1.005517891172758e-11,6.09784979350242,0.013311850963229227,0.046785238229268056,0.07811844079233038,solved,30,2,17850,e72b727963af98a4bac6bc1b92c6d5cf594298ea6173cd2283df84afd11a8290,three_row_sha256,,123ea5ce324bb82567913e1514a410f2bb582a6d8528a6ea98fbb2b74646f92c,a789b01b17129967eecd25421cde715dc938f6e3b95b30f735ff978f0882361e,0.34663709811866283,0.30405097641050816,0.2158170100301504,0.798138091340661,2.107204869389534,0.8699798490852118,0.17359317280352116,4.815421067178249,0.0,967.4721076153219,91.84960904531181,236.51086981408298,False,False,False,ok
BNCI2014_001,ebsw_full_ess075,ebsw,full,ess075,normalized,8,3654,170,169,500,500,2,0.0003438518063825362,0.01854324152845279,,,,0.00023665723427670443,2.793683898093503,3229.535471450096,0.75,375.00000004400187,0.7500000000880037,8.80037154260549e-11,6.091879434210566,0.010373141934997825,0.0456726221968332,0.07634089786790979,solved,29,2,18019,0810a13c2aa001b5dd084fa2a7774d44e3e0bdd0f65cf2bcbb94ad243bb7acd3,three_row_sha256,,123ea5ce324bb82567913e1514a410f2bb582a6d8528a6ea98fbb2b74646f92c,a789b01b17129967eecd25421cde715dc938f6e3b95b30f735ff978f0882361e,0.22754399105906487,0.19497517496347427,0.21461606957018375,0.6332988850772381,1.8922400195151567,4.462110111489892,0.17675594426691532,7.801540195941925,0.0,975.2736478112638,91.84960904531181,236.51086981408298,False,False,False,ok
BNCI2014_001,ebsw_full_ess075,ebsw,full,ess075,normalized,8,3654,171,170,500,500,2,0.00034351650977454797,0.018534198385000308,,,,0.00024533405241597894,2.7936838980935024,3195.3880420696696,0.75,374.99999999642466,0.7499999999928494,-7.150613434703246e-12,6.095339020579663,0.01384573118838294,0.04490348151359881,0.07406216840020508,solved,31,2,18189,5526d078ba79d2e4d754f81a79140874892534bc5c32698c27e44c57325fc0ad,three_row_sha256,,123ea5ce324bb82567913e1514a410f2bb582a6d8528a6ea98fbb2b74646f92c,a789b01b17129967eecd25421cde715dc938f6e3b95b30f735ff978f0882361e,0.22376887500286102,0.3432738594710827,0.3330991603434086,0.5951628554612398,1.8062260933220387,0.7064731325954199,0.3914451226592064,4.399449098855257,0.0,979.673096910119,91.84960904531181,236.51086981408298,False,False,False,ok
BNCI2014_001,ebsw_full_ess075,ebsw,full,ess075,normalized,8,3654,172,171,500,500,2,0.00034628771205645273,0.01860880737867026,,,,0.00025720344733425705,2.7936838980935033,3033.5772616384156,0.75,375.0000000021456,0.7500000000042912,4.291234034781155e-12,6.099818823041523,0.012488154786217029,0.048448433763638526,0.07765497472516777,solved,32,2,18360,d42346caab25554c5b262d7e5d55fb570f4adb599e8d400fdae42299d418d550,three_row_sha256,,123ea5ce324bb82567913e1514a410f2bb582a6d8528a6ea98fbb2b74646f92c,a789b01b17129967eecd25421cde715dc938f6e3b95b30f735ff978f0882361e,0.2183341421186924,0.3972321283072233,0.33168401569128036,0.7104270625859499,2.159333089366555,0.7033690344542265,0.6498750299215317,5.170254502445459,0.0,984.8433514125645,91.84960904531181,236.51086981408298,False,False,False,ok
BNCI2014_001,ebsw_full_ess075,ebsw,full,ess075,normalized,8,3654,173,172,500,500,2,0.0003309851001758435,0.018192995909850677,,,,0.00021762643941589465,2.793683898093503,3836.5681117413014,0.75,374.99999996455125,0.7499999999291025,-7.089751008493295e-11,6.086696613458164,0.010837757851777853,0.04383488971024563,0.07094046274120347,solved,31,2,18532,041da576248d33288112981bb2d4570c578bc3420020c3f892e11577097e30d4,three_row_sha256,,123ea5ce324bb82567913e1514a410f2bb582a6d8528a6ea98fbb2b74646f92c,a789b01b17129967eecd25421cde715dc938f6e3b95b30f735ff978f0882361e,0.37508108653128147,0.3335860092192888,0.3153120633214712,0.7821188773959875,1.9685879815369844,0.5607199855148792,0.41705905459821224,4.752465058118105,0.0,989.5958164706826,91.84960904531181,236.51086981408298,False,False,False,ok
BNCI2014_001,ebsw_full_ess075,ebsw,full,ess075,normalized,8,3654,174,173,500,500,2,0.00033218177349467025,0.018225854534003893,,,,0.00028850217412485857,2.793683898093503,3141.0270560333256,0.75,374.9999999554416,0.7499999999108832,-8.911682503054408e-11,6.109742452182262,0.019081367229690855,0.04641017524724852,0.07171948171873146,solved,29,2,18705,1fe478173ab00905d1d8461fc18acba1a2e3ab68ea57d1cb80daec33b9fe89c2,three_row_sha256,,123ea5ce324bb82567913e1514a410f2bb582a6d8528a6ea98fbb2b74646f92c,a789b01b17129967eecd25421cde715dc938f6e3b95b30f735ff978f0882361e,0.32041408121585846,0.48987800255417824,0.29433099552989006,0.9674590546637774,1.9748781342059374,0.720747048035264,0.5321740172803402,5.299881333485246,0.0,994.8956978041679,91.84960904531181,236.51086981408298,False,False,False,ok
BNCI2014_001,ebsw_full_ess075,ebsw,full,ess075,normalized,8,3654,175,174,500,500,2,0.00034555230537782454,0.018589037236441928,7.013388691426857,0.6828439866262583,31.715601337374167,0.00024867712468612096,2.793683898093503,2922.3796007261635,0.75,374.9999999773102,0.7499999999546204,-4.5379588975436036e-11,6.096262606285098,0.011620943651402607,0.04503352891664597,0.0754017179386718,solved,31,2,18879,39e18c087ed9bf56a77b3f885935cb1e1f02323d6fcb127696447472224a5a0f,three_row_sha256,,123ea5ce324bb82567913e1514a410f2bb582a6d8528a6ea98fbb2b74646f92c,a789b01b17129967eecd25421cde715dc938f6e3b95b30f735ff978f0882361e,0.21573691628873348,0.34329015761613846,0.29021105729043484,0.7560588419437408,1.9651770126074553,0.5660140886902809,0.2817728091031313,4.418260883539915,11.070255190134048,999.3139586877078,102.91986423544586,236.51086981408298,False,False,False,ok
BNCI2014_001,ebsw_full_ess075,ebsw,full,ess075,normalized,8,3654,176,175,500,500,2,0.00033033353425381896,0.01817508003431674,,,,0.00021580540348626237,2.793683898093503,3800.5867249067696,0.75,375.00000000839754,0.7500000000167951,1.679512084962198e-11,6.086290553698003,0.009786214592849285,0.04136683771447401,0.07114441313403988,solved,28,2,19054,3cb0926d6d4905fcc4c26d1c9c044bef4ae6e95b5ed310fce337747209063abd,three_row_sha256,,123ea5ce324bb82567913e1514a410f2bb582a6d8528a6ea98fbb2b74646f92c,a789b01b17129967eecd25421cde715dc938f6e3b95b30f735ff978f0882361e,0.4083618987351656,0.37913816049695015,0.320100924000144,0.783001072704792,1.647918950766325,0.726829981431365,0.2754360903054476,4.540787078440189,0.0,1003.854745766148,102.91986423544586,236.51086981408298,False,False,False,ok
BNCI2014_001,ebsw_full_ess075,ebsw,full,ess075,normalized,8,3654,177,176,500,500,2,0.0003293816862142119,0.018148875618456694,,,,0.00039683242230131014,2.793683898093503,2111.774345125032,0.75,375.0000000070627,0.7500000000141254,1.4125367542305867e-11,6.1337864351471065,0.023425034797810107,0.04619534618266407,0.06711557591284653,solved,32,2,19230,39de9fe65111dd85b557ff0787a8fbd24a29ff0b5d6c9c286e28cd4fd1083e1d,three_row_sha256,,123ea5ce324bb82567913e1514a410f2bb582a6d8528a6ea98fbb2b74646f92c,a789b01b17129967eecd25421cde715dc938f6e3b95b30f735ff978f0882361e,0.22170483134686947,0.3811200149357319,0.30532898381352425,0.7334749680012465,1.9209019374102354,1.0951859876513481,0.6519309245049953,5.309647647663951,0.0,1009.1643934138119,102.91986423544586,236.51086981408298,False,False,False,ok
BNCI2014_001,ebsw_full_ess075,ebsw,full,ess075,normalized,8,3654,178,177,500,500,2,0.0003387420473038473,0.01840494627277807,,,,0.00029946856014227284,2.793683898093503,3036.8784799038235,0.75,375.0000000340731,0.7500000000681462,6.814615538530688e-11,6.112890855566565,0.019969373641685526,0.0445378401993728,0.06926729727266091,solved,31,2,19407,004e63c7d8c4f13e1308f0ef0b1a526f2bae407459d180d120272e4a7cfe9bd9,three_row_sha256,,123ea5ce324bb82567913e1514a410f2bb582a6d8528a6ea98fbb2b74646f92c,a789b01b17129967eecd25421cde715dc938f6e3b95b30f735ff978f0882361e,0.20761904306709766,0.33558299764990807,0.31069107353687286,0.6963210180401802,1.757187070325017,1.2686371337622404,0.37055090069770813,4.946589237079024,0.0,1014.110982650891,102.91986423544586,236.51086981408298,False,False,False,ok
BNCI2014_001,ebsw_full_ess075,ebsw,full,ess075,normalized,8,3654,179,178,500,500,2,0.0003370930702396647,0.018360094505194265,,,,0.0002517114372015481,2.793683898093503,3205.135968995244,0.75,374.9999999644287,0.7499999999288574,-7.114264732877018e-11,6.099218509621418,0.014243387984621218,0.04658823031488886,0.0754121447083468,solved,30,2,19585,177ca1c3ad5263d29be28c2447498e26d15e592b706f43abd8c75dd8ef5d50b9,three_row_sha256,,123ea5ce324bb82567913e1514a410f2bb582a6d8528a6ea98fbb2b74646f92c,a789b01b17129967eecd25421cde715dc938f6e3b95b30f735ff978f0882361e,0.39946287870407104,0.48587797209620476,0.3117250744253397,1.122139161452651,1.9468979444354773,1.2593779247254133,0.36848196759819984,5.893962923437357,0.0,1020.0049455743283,102.91986423544586,236.51086981408298,False,False,False,ok
BNCI2014_001,ebsw_full_ess075,ebsw,full,ess075,normalized,8,3654,180,179,500,500,2,0.00035179679789434763,0.018756246903214608,,,,0.00025125998118527207,2.793683898093503,2973.5267766057987,0.75,374.99999995731986,0.7499999999146397,-8.53602744044224e-11,6.098142638598919,0.012726267556201938,0.047245117464292385,0.07883355396042091,solved,28,2,19764,87a2d4150709083c2b748b005e7ec45005496a5e6d2a0bb5f2ab6252d7d72c57,three_row_sha256,,123ea5ce324bb82567913e1514a410f2bb582a6d8528a6ea98fbb2b74646f92c,a789b01b17129967eecd25421cde715dc938f6e3b95b30f735ff978f0882361e,0.20096078515052795,0.3974519204348326,0.2908739261329174,0.6098989397287369,1.620162045583129,1.1089539621025324,0.4178779199719429,4.646179499104619,0.0,1024.651125073433,102.91986423544586,236.51086981408298,False,False,False,ok
BNCI2014_001,ebsw_full_ess075,ebsw,full,ess075,normalized,8,3654,181,180,500,500,2,0.0003427713251321732,0.018514084506995564,,,,0.00025093845100374317,2.793683898093503,3113.373473660602,0.75,375.0000000367578,0.7500000000735156,7.351563802160399e-11,6.098599461155326,0.012399890627962635,0.047156549386812754,0.07707176750760285,solved,31,2,19944,c9250f9129e82cd0cbe10590046204394e2f2cd00fe70bba7776d32f1d2460d4,three_row_sha256,,123ea5ce324bb82567913e1514a410f2bb582a6d8528a6ea98fbb2b74646f92c,a789b01b17129967eecd25421cde715dc938f6e3b95b30f735ff978f0882361e,0.25672209449112415,0.3431788645684719,0.21336693316698074,0.8682811167091131,1.7767217941582203,1.1044919956475496,0.3640200011432171,4.926782799884677,0.0,1029.5779078733176,102.91986423544586,236.51086981408298,False,False,False,ok
BNCI2014_001,ebsw_full_ess075,ebsw,full,ess075,normalized,8,3654,182,181,500,500,2,0.0003461777527570684,0.01860585264794571,,,,0.00026245128263379877,2.793683898093503,2885.024738626985,0.75,374.9999999866809,0.7499999999733619,-2.6638136141343693e-11,6.103385534580616,0.011757248626299458,0.04994591009668416,0.08270861913927088,solved,31,2,20125,e13ff299002ea55624cd9c1482e13fbfc2dec352994d8bdd1a0b400cb893193b,three_row_sha256,,123ea5ce324bb82567913e1514a410f2bb582a6d8528a6ea98fbb2b74646f92c,a789b01b17129967eecd25421cde715dc938f6e3b95b30f735ff978f0882361e,0.2210419625043869,0.4922701045870781,0.2924390137195587,0.6404411979019642,1.7935000360012054,1.2723170220851898,0.36614900454878807,5.078158341348171,0.0,1034.6560662146658,102.91986423544586,236.51086981408298,False,False,False,ok
BNCI2014_001,ebsw_full_ess075,ebsw,full,ess075,normalized,8,3654,183,182,500,500,2,0.00033874764250184624,0.018405098274713077,,,,0.00022244737011140799,2.793683898093503,3525.795577111451,0.75,374.99999999969583,0.7499999999993917,-6.082911951921233e-13,6.088137910940808,0.009362352366875274,0.0417499915708485,0.07328679015323475,solved,31,2,20307,26b7b00fd208064dc4a15508957d487e2b60cd1f08afa66e1d6e34b4bd2e8c6e,three_row_sha256,,123ea5ce324bb82567913e1514a410f2bb582a6d8528a6ea98fbb2b74646f92c,a789b01b17129967eecd25421cde715dc938f6e3b95b30f735ff978f0882361e,0.2454619389027357,0.35387114621698856,0.3227400593459606,0.5929279141128063,2.1040139254182577,0.9071219246834517,0.3925999626517296,4.91873687133193,0.0,1039.5748030859977,102.91986423544586,236.51086981408298,False,False,False,ok
BNCI2014_001,ebsw_full_ess075,ebsw,full,ess075,normalized,8,3654,184,183,500,500,2,0.00032616763186055946,0.01806011162370154,,,,0.00021533197774065426,2.793683898093503,3852.130819892933,0.75,375.0000000182157,0.7500000000364314,3.64314134415622e-11,6.088153480217867,0.0093513577437097,0.04178136237274349,0.07389577386951235,solved,30,2,20490,ea080fbfd1a9e471acea131566d4d6212e4433b3e8e356a5f48dbddbe66db17e,three_row_sha256,,123ea5ce324bb82567913e1514a410f2bb582a6d8528a6ea98fbb2b74646f92c,a789b01b17129967eecd25421cde715dc938f6e3b95b30f735ff978f0882361e,0.2138521522283554,0.34386804327368736,0.28895214200019836,1.562505029141903,2.2824399638921022,0.7516280747950077,0.4278148990124464,5.8710603043437,0.0,1045.4458633903414,102.91986423544586,236.51086981408298,False,False,False,ok
BNCI2014_001,ebsw_full_ess075,ebsw,full,ess075,normalized,8,3654,185,184,500,500,2,0.000337402618085893,0.01836852247966322,,,,0.00023222974308580743,2.7936838980935024,3555.674696503681,0.75,374.9999999825339,0.7499999999650678,-3.493216826910839e-11,6.091144178387355,0.012998922523076436,0.043446331520557636,0.07178422771172405,solved,31,2,20674,88ee5e4cdfbfa0f5c8fe5467170ba30719316303ee3c15f4713185088a555a48,three_row_sha256,,123ea5ce324bb82567913e1514a410f2bb582a6d8528a6ea98fbb2b74646f92c,a789b01b17129967eecd25421cde715dc938f6e3b95b30f735ff978f0882361e,0.25231693871319294,0.37025008350610733,0.2912050113081932,0.720032025128603,2.065184060484171,0.827461015433073,0.3558050375431776,4.882254172116518,0.0,1050.328117562458,102.91986423544586,236.51086981408298,False,False,False,ok
BNCI2014_001,ebsw_full_ess075,ebsw,full,ess075,normalized,8,3654,186,185,500,500,2,0.0003332823941310006,0.018256023502696325,,,,0.00022131497890964978,2.793683898093503,3864.863141957459,0.75,375.00000003425635,0.7500000000685128,6.851275102803811e-11,6.089199998381945,0.012293594249507352,0.0419201941538289,0.0722178674306834,solved,31,2,20859,9408da41f353607512ecaf41c2b3f8edaeafff91fd507444ac07d17d196d4fa1,three_row_sha256,,123ea5ce324bb82567913e1514a410f2bb582a6d8528a6ea98fbb2b74646f92c,a789b01b17129967eecd25421cde715dc938f6e3b95b30f735ff978f0882361e,0.20891008898615837,1.8674279563128948,0.2923230640590191,0.862757908180356,1.8788289744406939,0.7022300269454718,0.35733310505747795,6.169811123982072,0.0,1056.49792868644,102.91986423544586,236.51086981408298,False,False,False,ok
BNCI2014_001,ebsw_full_ess075,ebsw,full,ess075,normalized,8,3654,187,186,500,500,2,0.00034955718839132306,0.01869644855022801,,,,0.00023459023853666738,2.793683898093503,3092.6219961627403,0.75,374.99999998499646,0.7499999999699929,-3.000710790956873e-11,6.090365571937684,0.010778225508962003,0.04410063307579719,0.0732253315145536,solved,31,2,21045,5998db5d40bcfecd723c360bdacb8f518d6fc0752b029bc186b2e1f114f05238,three_row_sha256,,123ea5ce324bb82567913e1514a410f2bb582a6d8528a6ea98fbb2b74646f92c,a789b01b17129967eecd25421cde715dc938f6e3b95b30f735ff978f0882361e,0.3258748911321163,0.5058520473539829,0.2956970129162073,0.581537839025259,2.0648541394621134,3.57348402030766,0.7002570200711489,8.047556970268488,0.0,1064.5454856567085,102.91986423544586,236.51086981408298,False,False,False,ok
BNCI2014_001,ebsw_full_ess075,ebsw,full,ess075,normalized,8,3654,188,187,500,500,2,0.00033515571320164836,0.018307258484045293,,,,0.00023558002660174649,2.793683898093503,3307.908675957381,0.75,375.0000000339902,0.7500000000679804,6.798039908773035e-11,6.093721326707772,0.01161844122890981,0.044285691853011656,0.0753378894992167,solved,31,2,21232,5742fc22a10257c5a10ec2ee5ca71e104996a679e27de8922414f26e1ecf57d2,three_row_sha256,,123ea5ce324bb82567913e1514a410f2bb582a6d8528a6ea98fbb2b74646f92c,a789b01b17129967eecd25421cde715dc938f6e3b95b30f735ff978f0882361e,0.2141711302101612,0.19511906430125237,0.2123229205608368,0.582472886890173,1.7714318819344044,3.499645972624421,0.37442008033394814,6.849583936855197,0.0,1071.3950695935637,102.91986423544586,236.51086981408298,False,False,False,ok
BNCI2014_001,ebsw_full_ess075,ebsw,full,ess075,normalized,8,3654,189,188,500,500,2,0.0003392962720526946,0.01841999652694578,,,,0.00039687401376488953,2.7936838980935033,2179.0553894770746,0.75,375.00000003670846,0.7500000000734169,7.341693919471481e-11,6.134418932747825,0.02361377730186204,0.04537781611272135,0.06633738920541442,solved,31,2,21420,0839a3b9713ad938a4acac7d223ecc476ba927c35897f7794baa1f7126473f26,three_row_sha256,,123ea5ce324bb82567913e1514a410f2bb582a6d8528a6ea98fbb2b74646f92c,a789b01b17129967eecd25421cde715dc938f6e3b95b30f735ff978f0882361e,0.2647428773343563,0.355434138327837,0.291160074993968,0.893936026841402,1.9547748379409313,0.8292300626635551,0.37097884342074394,4.960256861522794,0.0,1076.3553264550865,102.91986423544586,236.51086981408298,False,False,False,ok
BNCI2014_001,ebsw_full_ess075,ebsw,full,ess075,normalized,8,3654,190,189,500,500,2,0.00032457379332243074,0.01801593165291295,,,,0.0002123197545015291,2.793683898093503,3919.0311257154763,0.75,375.0000000410141,0.7500000000820283,8.202827306291738e-11,6.0850308642014035,0.010962544807352648,0.04080699351993251,0.07006752092598653,solved,29,2,21609,429acaef49e4a90fa62218773ee30d4a09896fc16bce4dbeac8e921b58e3274d,three_row_sha256,,123ea5ce324bb82567913e1514a410f2bb582a6d8528a6ea98fbb2b74646f92c,a789b01b17129967eecd25421cde715dc938f6e3b95b30f735ff978f0882361e,0.2141681034117937,0.37169991992414,0.3963990602642298,2.2520890925079584,1.6794400289654732,0.6628031842410564,0.17013587057590485,5.746735259890556,0.0,1082.102061714977,102.91986423544586,236.51086981408298,False,False,False,ok
BNCI2014_001,ebsw_full_ess075,ebsw,full,ess075,normalized,8,3654,191,190,500,500,2,0.00032500520059967295,0.018027900615425883,,,,0.0002638275577546703,2.793683898093503,3189.6239408046295,0.75,375.000000016962,0.7500000000339241,3.3924085762748746e-11,6.105303666600445,0.015386459362463821,0.049802108001946614,0.07620795146004347,solved,31,2,21799,d8ecc2e4a8104206b88227c54fde60d2d758cce3ff3ae0543dd590557f438106,three_row_sha256,,123ea5ce324bb82567913e1514a410f2bb582a6d8528a6ea98fbb2b74646f92c,a789b01b17129967eecd25421cde715dc938f6e3b95b30f735ff978f0882361e,0.2092430368065834,0.19474606961011887,0.212992075830698,0.6915940903127193,4.965011030435562,0.8234139531850815,0.1710229553282261,7.268023211508989,0.0,1089.370084926486,102.91986423544586,236.51086981408298,False,False,False,ok
BNCI2014_001,ebsw_full_ess075,ebsw,full,ess075,normalized,8,3654,192,191,500,500,2,0.00035004847967183843,0.018709582562736093,,,,0.0003567334794160704,2.793683898093503,2294.5773045246724,0.75,374.9999999505562,0.7499999999011123,-9.888767582566516e-11,6.123527691138823,0.021546580854812626,0.04619996150588308,0.06955892949991534,solved,31,2,21990,0e24b5d13286de4fe08620a7f2b80da4e99eab63b95d346a01ea414c6675e0fe,three_row_sha256,,123ea5ce324bb82567913e1514a410f2bb582a6d8528a6ea98fbb2b74646f92c,a789b01b17129967eecd25421cde715dc938f6e3b95b30f735ff978f0882361e,0.20678387954831123,0.19446900114417076,0.22100680507719517,0.5914010107517242,1.7444510012865067,0.7399639580398798,0.46866200864315033,4.166737664490938,0.0,1093.536822590977,102.91986423544586,236.51086981408298,False,False,False,ok
BNCI2014_001,ebsw_full_ess075,ebsw,full,ess075,normalized,8,3654,193,192,500,500,2,0.0003378283455354647,0.018380107331989786,,,,0.00024579439925021,2.793683898093503,3210.8359681514703,0.75,374.9999999950586,0.7499999999901172,-9.882761276003293e-12,6.098367955501178,0.011056172255512439,0.048389657936090784,0.08121430431264925,solved,29,2,22182,2e56b2fd4a5ca50bd1f940d4afada514a10fc234ae6185e7e47ece8843c67db7,three_row_sha256,,123ea5ce324bb82567913e1514a410f2bb582a6d8528a6ea98fbb2b74646f92c,a789b01b17129967eecd25421cde715dc938f6e3b95b30f735ff978f0882361e,0.20846188999712467,0.3592269495129585,0.28688786551356316,0.9025209583342075,2.3614319507032633,3.7218879442662,0.41760504245758057,8.258022600784898,0.0,1101.7948451917619,102.91986423544586,236.51086981408298,False,False,False,ok
BNCI2014_001,ebsw_full_ess075,ebsw,full,ess075,normalized,8,3654,194,193,500,500,2,0.0003278864454343462,0.01810763500389673,,,,0.0002472559024590441,2.7936838980935033,3396.495449731933,0.75,375.00000001966526,0.7500000000393305,3.933053882576587e-11,6.098861982059052,0.013997279067176193,0.04814376226260243,0.07617811854018833,solved,31,2,22375,e1659daecd06adce70f562d7055cf950db8e5434a1e8ce59271c476f6588ba6b,three_row_sha256,,123ea5ce324bb82567913e1514a410f2bb582a6d8528a6ea98fbb2b74646f92c,a789b01b17129967eecd25421cde715dc938f6e3b95b30f735ff978f0882361e,0.2349920105189085,0.30915788374841213,0.21942099556326866,0.9322639089077711,2.1127830259501934,0.7026318926364183,0.31072692945599556,4.821976646780968,0.0,1106.6168218385428,102.91986423544586,236.51086981408298,False,False,False,ok
BNCI2014_001,ebsw_full_ess075,ebsw,full,ess075,normalized,8,3654,195,194,500,500,2,0.00034396516824977116,0.01854629796616487,,,,0.00023028083807117024,2.793683898093503,3468.6040363690795,0.75,374.99999997602157,0.7499999999520431,-4.7956860704800874e-11,6.089428621167571,0.012727138315717037,0.041164337185760874,0.0714607687534986,solved,30,2,22569,380d26ce3c4b56f52ccce9b38224fed9da14f7bd6e5dfc62048eabf164500ec1,three_row_sha256,,123ea5ce324bb82567913e1514a410f2bb582a6d8528a6ea98fbb2b74646f92c,a789b01b17129967eecd25421cde715dc938f6e3b95b30f735ff978f0882361e,0.24773483164608479,0.33621001057326794,0.3449940122663975,0.6134870927780867,1.9967390689998865,0.7035799790173769,0.40999194607138634,4.652736941352487,0.0,1111.2695587798953,102.91986423544586,236.51086981408298,False,False,False,ok
BNCI2014_001,ebsw_full_ess075,ebsw,full,ess075,normalized,8,3654,196,195,500,500,2,0.0003221423771199186,0.017948325189830906,,,,0.00023874073419013694,2.793683898093503,3359.2613908496087,0.75,375.0000000415286,0.7500000000830572,8.305722776213997e-11,6.097035574724767,0.014027735110714677,0.0433861408504236,0.0743400362100301,solved,30,2,22764,0d0f21280718dd914731c14a1b7c0cdac5e9eb17a975d145bd50164b3270935d,three_row_sha256,,123ea5ce324bb82567913e1514a410f2bb582a6d8528a6ea98fbb2b74646f92c,a789b01b17129967eecd25421cde715dc938f6e3b95b30f735ff978f0882361e,0.3017289564013481,0.4944049287587404,0.29667699709534645,0.9819159749895334,1.8264949321746826,4.006172064691782,0.40436815470457077,8.311762008816004,0.0,1119.5813207887113,102.91986423544586,236.51086981408298,False,False,False,ok
BNCI2014_001,ebsw_full_ess075,ebsw,full,ess075,normalized,8,3654,197,196,500,500,2,0.0003356745619338275,0.018321423578254708,,,,0.000260286005925979,2.7936838980935033,2934.1334826514094,0.75,375.0000000303115,0.7500000000606231,6.06230621258419e-11,6.101819852373589,0.013754100584392009,0.04952804850007608,0.0777776612443278,solved,29,2,22960,4f061581f9f32512449a9cd2ffdcfd096e9c6017553e9e28510f0c31c39a8797,three_row_sha256,,123ea5ce324bb82567913e1514a410f2bb582a6d8528a6ea98fbb2b74646f92c,a789b01b17129967eecd25421cde715dc938f6e3b95b30f735ff978f0882361e,0.4120040684938431,0.3032800741493702,0.2919540274888277,0.7412831764668226,1.9621560350060463,2.113110153004527,1.9019409082829952,7.725728442892432,0.0,1127.3070492316037,102.91986423544586,236.51086981408298,False,False,False,ok
BNCI2014_001,ebsw_full_ess075,ebsw,full,ess075,normalized,8,3654,198,197,500,500,2,0.0003415180570127633,0.01848020716909752,,,,0.00025741039496361473,2.7936838980935033,3120.389533504874,0.75,374.999999990718,0.749999999981436,-1.8564039194757243e-11,6.099773301490353,0.014589815506170558,0.047035342322321184,0.07570094088966701,solved,31,2,23157,4967074eabe47bf690c4ffa2db8cc2a0aaadf23146a25d036ffb9998779ab6b2,three_row_sha256,,123ea5ce324bb82567913e1514a410f2bb582a6d8528a6ea98fbb2b74646f92c,a789b01b17129967eecd25421cde715dc938f6e3b95b30f735ff978f0882361e,0.25739497505128384,0.5509371403604746,0.3676600754261017,0.859671039506793,2.0398881752043962,4.1575811337679625,0.18047611229121685,8.413608651608229,0.0,1135.720657883212,102.91986423544586,236.51086981408298,False,False,False,ok
BNCI2014_001,ebsw_full_ess075,ebsw,full,ess075,normalized,8,3654,199,198,500,500,2,0.00032121230947603397,0.0179223968674961,,,,0.0002291303045433943,2.793683898093503,3551.4281613660023,0.75,374.9999999687151,0.7499999999374302,-6.256983819952211e-11,6.094066729045789,0.010771096759792424,0.0457723022141176,0.07376179677356035,solved,29,2,23355,9b9d833d08935e37b46e01bf3428f087275f77ad92d78a7f55d378025f9fae65,three_row_sha256,,123ea5ce324bb82567913e1514a410f2bb582a6d8528a6ea98fbb2b74646f92c,a789b01b17129967eecd25421cde715dc938f6e3b95b30f735ff978f0882361e,0.216230982914567,0.1948019489645958,0.21980307064950466,0.740312971174717,1.9212679471820593,0.726211816072464,0.3449979703873396,4.363626707345247,0.0,1140.0842845905572,102.91986423544586,236.51086981408298,False,False,False,ok
BNCI2014_001,ebsw_full_ess075,ebsw,full,ess075,normalized,8,3654,200,199,500,500,2,0.0003386103385202931,0.018401367843730886,6.940826149929255,0.6757790858634467,32.42209141365533,0.000297506365920386,2.793683898093503,3022.0488420434285,0.75,374.99999998528625,0.7499999999705725,-2.9427460468411937e-11,6.111544629868758,0.019612934683944545,0.043708391900273744,0.0701074557206243,solved,31,2,23554,9f80914a89744b3494fd37e80c54fbf1ef56a14254bef44883189f0c9abe0e93,three_row_sha256,,123ea5ce324bb82567913e1514a410f2bb582a6d8528a6ea98fbb2b74646f92c,a789b01b17129967eecd25421cde715dc938f6e3b95b30f735ff978f0882361e,0.23175892420113087,0.31650811433792114,0.22065313532948494,0.8056208025664091,1.999079016968608,3.852298017591238,0.17687305808067322,7.602791069075465,11.307384120300412,1147.6870756596327,114.22724835574627,236.51086981408298,False,False,False,ok
BNCI2014_001,ebsw_full_ess075,ebsw,full,ess075,normalized,8,3654,201,200,500,500,2,0.0003398868762993323,0.0184360211623694,,,,0.0002511084047912777,2.793683898093503,3062.6811603163005,0.75,375.0000000085242,0.7500000000170484,1.704836272153898e-11,6.098265583308668,0.013561435232612827,0.04448595522215068,0.07513225554107848,solved,30,2,23754,41efff7e05929b0e2c80f27f331db4e325200eb260538e8f1bf8b5c6ff972ee2,three_row_sha256,,123ea5ce324bb82567913e1514a410f2bb582a6d8528a6ea98fbb2b74646f92c,a789b01b17129967eecd25421cde715dc938f6e3b95b30f735ff978f0882361e,0.412709079682827,0.3425390459597111,0.32098288647830486,0.8549229241907597,1.9269720651209354,0.7791589014232159,0.38825301453471184,5.025537917390466,0.0,1152.7126135770231,114.22724835574627,289.40925491042435,False,False,False,ok
BNCI2014_001,ebsw_full_ess075,ebsw,full,ess075,normalized,8,3654,202,201,500,500,2,0.0003386853133711255,0.018403404939606297,,,,0.0002466921981592247,2.7936838980935033,3371.0109250824653,0.75,375.00000003442506,0.7500000000688501,6.88501478052217e-11,6.096790832361835,0.01463352758523871,0.046229166508044275,0.07443691981928308,solved,31,2,23955,e006a43df70f3ef48c93192d7a7ae4ed51a3043eba7528a870548a27e6ede06f,three_row_sha256,,123ea5ce324bb82567913e1514a410f2bb582a6d8528a6ea98fbb2b74646f92c,a789b01b17129967eecd25421cde715dc938f6e3b95b30f735ff978f0882361e,0.5122688598930836,0.19786390475928783,0.22591091692447662,0.6936050485819578,2.136148978024721,0.6939780432730913,0.32952893525362015,4.7893046867102385,0.0,1157.5019182637334,114.22724835574627,289.40925491042435,False,False,False,ok
BNCI2014_001,ebsw_full_ess075,ebsw,full,ess075,normalized,8,3654,203,202,500,500,2,0.00034588199352852944,0.018597902933624788,,,,0.00027502028027155836,2.793683898093503,2733.4668328618836,0.75,374.99999996975566,0.7499999999395114,-6.048861411755979e-11,6.105897872494902,0.013777248046355349,0.05260039156941675,0.08100225774497223,solved,28,2,24157,3909632c010b99f62c5b6dfecf0fea33acf05390c8200e8b0c9fce2de792384d,three_row_sha256,,123ea5ce324bb82567913e1514a410f2bb582a6d8528a6ea98fbb2b74646f92c,a789b01b17129967eecd25421cde715dc938f6e3b95b30f735ff978f0882361e,0.42437994852662086,0.33979699946939945,0.3148280084133148,3.66256688721478,2.0523699931800365,0.8805110119283199,0.5287239328026772,8.203176781535149,0.0,1165.7050950452685,114.22724835574627,289.40925491042435,False,False,False,ok
BNCI2014_001,ebsw_full_ess075,ebsw,full,ess075,normalized,8,3654,204,203,500,500,2,0.0003392966071654056,0.01842000562338149,,,,0.00025418129941939366,2.793683898093503,3143.6118867412133,0.75,374.99999997457763,0.7499999999491553,-5.084466181415337e-11,6.099531513989218,0.014991087183142396,0.045300181076784324,0.07258700514376079,solved,31,2,24360,ca9344bc8542970259185687b43e0f83e418ceb02aac0a5df897ab797d0c26cc,three_row_sha256,,123ea5ce324bb82567913e1514a410f2bb582a6d8528a6ea98fbb2b74646f92c,a789b01b17129967eecd25421cde715dc938f6e3b95b30f735ff978f0882361e,1.9526469986885786,0.39082393050193787,0.2985850442200899,0.8704850915819407,2.019803039729595,1.3973989989608526,0.5434220656752586,7.4731651693582535,0.0,1173.1782602146268,114.22724835574627,289.40925491042435,False,False,False,ok
BNCI2014_001,ebsw_full_ess075,ebsw,full,ess075,normalized,8,3654,205,204,500,500,2,0.00034570701541344147,0.01859319809536384,,,,0.0002442584199548689,2.7936838980935033,3218.1323557354167,0.75,375.0000000236617,0.7500000000473234,4.732336744694976e-11,6.095321941645118,0.012521967355593619,0.046326189969903245,0.07621655118427989,solved,29,2,24564,722e5a80582f955527873458264cc51e32082713ede6aa7efdb9b6b90fcf4450,three_row_sha256,,123ea5ce324bb82567913e1514a410f2bb582a6d8528a6ea98fbb2b74646f92c,a789b01b17129967eecd25421cde715dc938f6e3b95b30f735ff978f0882361e,0.21678092889487743,0.5310450214892626,0.302203930914402,2.126624109223485,2.1615030709654093,1.305722165852785,0.5424600094556808,7.186339236795902,0.0,1180.3645994514227,114.22724835574627,289.40925491042435,False,False,False,ok
BNCI2014_001,ebsw_full_ess075,ebsw,full,ess075,normalized,8,3654,206,205,500,500,2,0.000333002084903277,0.018248344716803137,,,,0.00023396869466117933,2.793683898093503,3392.9461363128084,0.75,375.0000000338175,0.750000000067635,6.763500870476946e-11,6.092191776819011,0.013117270440988442,0.043382311798819115,0.0729902825907006,solved,28,2,24769,e56492d47f8dda35bcd815bb37a38671cc8db223d7ad127a53adbbe653fd2ce5,three_row_sha256,,123ea5ce324bb82567913e1514a410f2bb582a6d8528a6ea98fbb2b74646f92c,a789b01b17129967eecd25421cde715dc938f6e3b95b30f735ff978f0882361e,0.22854004055261612,0.5200360901653767,0.2961871214210987,0.6111760158091784,2.922851825132966,0.7648419123142958,0.3755951765924692,5.719228181988001,0.0,1186.0838276334107,114.22724835574627,289.40925491042435,False,False,False,ok
BNCI2014_001,ebsw_full_ess075,ebsw,full,ess075,normalized,8,3654,207,206,500,500,2,0.00033928732566767525,0.018419753680971828,,,,0.00023532491819059287,2.793683898093503,3353.3638640612007,0.75,374.9999999671718,0.7499999999343436,-6.565636923028251e-11,6.094338107492402,0.012302636667135868,0.04378111087054193,0.07617648108504378,solved,29,2,24975,6aba20ed0e0ee5b1228304c1e9098f188e63a4f2a6e8d456c445874be88defa8,three_row_sha256,,123ea5ce324bb82567913e1514a410f2bb582a6d8528a6ea98fbb2b74646f92c,a789b01b17129967eecd25421cde715dc938f6e3b95b30f735ff978f0882361e,0.22208201698958874,0.33792201429605484,0.36346493288874626,0.9975440334528685,1.9656468648463488,2.3495410569012165,0.4123689141124487,6.648569833487272,0.0,1192.732397466898,114.22724835574627,289.40925491042435,False,False,False,ok
BNCI2014_001,ebsw_full_ess075,ebsw,full,ess075,normalized,8,3654,208,207,500,500,2,0.0003451385335569588,0.01857790444471493,,,,0.0002763899234296787,2.793683898093503,2759.3096011329485,0.75,374.9999999731285,0.7499999999462571,-5.374289901993734e-11,6.106551929028096,0.013408163487096664,0.05198598353675245,0.08015226649225998,solved,31,2,25182,5ce8ad69270739267804accc697f7d193a2060df3b7b8941b3db75ae8bc3c4e2,three_row_sha256,,123ea5ce324bb82567913e1514a410f2bb582a6d8528a6ea98fbb2b74646f92c,a789b01b17129967eecd25421cde715dc938f6e3b95b30f735ff978f0882361e,0.20139804109930992,0.35480200313031673,0.3256469499319792,0.6151958368718624,1.8342870753258467,1.5448201447725296,0.4217030946165323,5.297853145748377,0.0,1198.0302506126463,114.22724835574627,289.40925491042435,False,False,False,ok
BNCI2014_001,ebsw_full_ess075,ebsw,full,ess075,normalized,8,3654,209,208,500,500,2,0.0003260598777611005,0.01805712817036808,,,,0.00024682368217598374,2.793683898093503,3464.565045232258,0.75,375.00000001765466,0.7500000000353093,3.5309311030573554e-11,6.098096781775012,0.01510684371546284,0.04589441679515996,0.07382175530642807,solved,30,2,25390,38463b0e7b52ef8afa2f8366b80a57c81fe2cc91af6cb362a129e861e7d4865e,three_row_sha256,,123ea5ce324bb82567913e1514a410f2bb582a6d8528a6ea98fbb2b74646f92c,a789b01b17129967eecd25421cde715dc938f6e3b95b30f735ff978f0882361e,0.23737805895507336,0.38221199065446854,0.30668103136122227,0.5694020073860884,1.762390835210681,0.7892770227044821,0.34845503978431225,4.395795986056328,0.0,1202.4260465987027,114.22724835574627,289.40925491042435,False,False,False,ok
BNCI2014_001,ebsw_full_ess075,ebsw,full,ess075,normalized,8,3654,210,209,500,500,2,0.0003438201040662098,0.01854238668743077,,,,0.00021711964584924116,2.793683898093503,3766.741428619486,0.75,375.0000000392293,0.7500000000784586,7.845857297184011e-11,6.085789442981582,0.009933825006449083,0.04096979067877694,0.07219864490837065,solved,30,2,25599,2694267b29f49167f03d729438ef4d0da4ba163da32068850d6a1c58c819b10c,three_row_sha256,,123ea5ce324bb82567913e1514a410f2bb582a6d8528a6ea98fbb2b74646f92c,a789b01b17129967eecd25421cde715dc938f6e3b95b30f735ff978f0882361e,0.3908867947757244,0.43433811515569687,0.3155800513923168,0.9444889146834612,2.724024001508951,1.0737278498709202,1.8103669863194227,7.693412713706493,0.0,1210.1194593124092,114.22724835574627,289.40925491042435,False,False,False,ok
BNCI2014_001,ebsw_full_ess075,ebsw,full,ess075,normalized,8,3654,211,210,500,500,2,0.0003328586329271257,0.018244413745777795,,,,0.00023805332136717458,2.793683898093503,3391.8613845221944,0.75,375.0000000060463,0.7500000000120927,1.2092660206519668e-11,6.095883482325792,0.011514617894629682,0.04604169497045259,0.08082715723806162,solved,31,2,25809,15e782cbd6a6001795773899c98152e28a3070e7ad2fa7c23b85728993660c04,three_row_sha256,,123ea5ce324bb82567913e1514a410f2bb582a6d8528a6ea98fbb2b74646f92c,a789b01b17129967eecd25421cde715dc938f6e3b95b30f735ff978f0882361e,0.3292011097073555,0.39211404509842396,0.5837259814143181,0.5605900660157204,1.85492099262774,0.7255899254232645,0.34850696101784706,4.794649081304669,0.0,1214.9141083937138,114.22724835574627,289.40925491042435,False,False,False,ok
BNCI2014_001,ebsw_full_ess075,ebsw,full,ess075,normalized,8,3654,212,211,500,500,2,0.00032601918649815946,0.018056001398376095,,,,0.00024198644403292647,2.793683898093503,3451.926820697886,0.75,374.999999993195,0.74999999998639,-1.3610002014274869e-11,6.097785729455022,0.012740783266166733,0.047286687027021435,0.074662529584293,solved,25,2,26020,1bd347ce112cd7f803056a6058a858c195484d84b09cc6b06409cf8ac1d2f859,three_row_sha256,,123ea5ce324bb82567913e1514a410f2bb582a6d8528a6ea98fbb2b74646f92c,a789b01b17129967eecd25421cde715dc938f6e3b95b30f735ff978f0882361e,0.3741178661584854,0.3501339815557003,0.3724840935319662,0.9144989307969809,2.5367550551891327,0.8321490604430437,1.8851901404559612,7.26532912813127,0.0,1222.179437521845,114.22724835574627,289.40925491042435,False,False,False,ok
BNCI2014_001,ebsw_full_ess075,ebsw,full,ess075,normalized,8,3654,213,212,500,500,2,0.0003238291059685768,0.017995252317446864,,,,0.00022916149918771725,2.793683898093503,3553.032596381065,0.75,374.9999999590353,0.7499999999180705,-8.192946321372574e-11,6.091521772370095,0.013386905901792897,0.04190958753274128,0.0714365202584728,solved,31,2,26232,ca10b6f57c5f27ae291d9ce0711d4712d5b93405faa1565d2182ed817284dcc8,three_row_sha256,,123ea5ce324bb82567913e1514a410f2bb582a6d8528a6ea98fbb2b74646f92c,a789b01b17129967eecd25421cde715dc938f6e3b95b30f735ff978f0882361e,0.3044570330530405,0.386964064091444,0.5023851990699768,0.5554431118071079,1.7883810214698315,0.8185610640794039,0.3688598517328501,4.725051345303655,0.0,1226.9044888671488,114.22724835574627,289.40925491042435,False,False,False,ok
BNCI2014_001,ebsw_full_ess075,ebsw,full,ess075,normalized,8,3654,214,213,500,500,2,0.000334088672230991,0.018278092685808083,,,,0.0002060475233879892,2.793683898093503,3911.6963107917218,0.75,375.0000000168995,0.750000000033799,3.379896362787349e-11,6.081569334944865,0.007973625042084057,0.03681366557702452,0.06848783224568955,solved,31,2,26445,2b398b99e9642470c90972b6aeef206fc68c05f5e5edae2994fac05b5b1f97fe,three_row_sha256,,123ea5ce324bb82567913e1514a410f2bb582a6d8528a6ea98fbb2b74646f92c,a789b01b17129967eecd25421cde715dc938f6e3b95b30f735ff978f0882361e,0.3850129432976246,0.3462389577180147,0.37225382402539253,1.014371868222952,2.809532918035984,0.6979249883443117,1.8871480133384466,7.512483512982726,0.0,1234.4169723801315,114.22724835574627,289.40925491042435,False,False,False,ok
BNCI2014_001,ebsw_full_ess075,ebsw,full,ess075,normalized,8,3654,215,214,500,500,2,0.0003332571378165033,0.01825533176407658,,,,0.00032731201678082804,2.793683898093503,2666.933027346179,0.75,374.9999999502246,0.7499999999004492,-9.955081203827376e-11,6.1199441090254,0.02077472384334933,0.046932113933567346,0.07193139210545063,solved,31,2,26659,3cdfdfa0de5125399176d299fd4e7da576d4ab79a977dbbad56d974d92dbc56d,three_row_sha256,,123ea5ce324bb82567913e1514a410f2bb582a6d8528a6ea98fbb2b74646f92c,a789b01b17129967eecd25421cde715dc938f6e3b95b30f735ff978f0882361e,0.23684301413595676,0.3496590070426464,0.3213530872017145,0.6157408934086561,1.8138820305466652,1.2624929659068584,0.4518770147114992,5.051848012953997,0.0,1239.4688203930855,114.22724835574627,289.40925491042435,False,False,False,ok
BNCI2014_001,ebsw_full_ess075,ebsw,full,ess075,normalized,8,3654,216,215,500,500,2,0.0003338077224402904,0.01827040564520368,,,,0.00031250377236600893,2.793683898093503,2602.001913606473,0.75,375.00000003222,0.75000000006444,6.444000888450319e-11,6.1162886220638235,0.01874013955924921,0.04893867753067398,0.07451546050025054,solved,30,2,26874,477596fcf0b19d4b0d7b139dfa2012717eb5fd7ac3f8c27dba106ccc2f2d86aa,three_row_sha256,,123ea5ce324bb82567913e1514a410f2bb582a6d8528a6ea98fbb2b74646f92c,a789b01b17129967eecd25421cde715dc938f6e3b95b30f735ff978f0882361e,0.3855600953102112,0.32959808595478535,0.3166929818689823,1.0527088306844234,2.674893941730261,0.837608939036727,0.43261004611849785,6.029672920703888,0.0,1245.4984933137894,114.22724835574627,289.40925491042435,False,False,False,ok
BNCI2014_001,ebsw_full_ess075,ebsw,full,ess075,normalized,8,3654,217,216,500,500,2,0.00033725414188719236,0.018364480441526037,,,,0.00022796079450750095,2.793683898093503,3496.9834095383458,0.75,374.9999999614794,0.7499999999229587,-7.704126225860364e-11,6.090157467916924,0.011632474778268153,0.042443119763976515,0.0736864609250599,solved,29,2,27090,58a846b86f09650f746dc6553e441a21da554f3c05c4ccb9f72218a2b78a9474,three_row_sha256,,123ea5ce324bb82567913e1514a410f2bb582a6d8528a6ea98fbb2b74646f92c,a789b01b17129967eecd25421cde715dc938f6e3b95b30f735ff978f0882361e,0.20540994592010975,0.3900849260389805,0.29026204720139503,0.5570519715547562,2.4041589349508286,0.8946990128606558,0.45297015458345413,5.19463699311018,0.0,1250.6931303068995,114.22724835574627,289.40925491042435,False,False,False,ok
BNCI2014_001,ebsw_full_ess075,ebsw,full,ess075,normalized,8,3654,218,217,500,500,2,0.0003361497447955552,0.0183343869489971,,,,0.0002429503702093055,2.793683898093503,3256.934502215662,0.75,374.9999999831249,0.7499999999662498,-3.3750224837092446e-11,6.097171468665145,0.011387117410190032,0.04979384147623632,0.07828616648368708,solved,29,2,27307,044bb9a2b1b8d877520de979c8898ddc84ab09f34c82bd78b72ff2b49b9d575e,three_row_sha256,,123ea5ce324bb82567913e1514a410f2bb582a6d8528a6ea98fbb2b74646f92c,a789b01b17129967eecd25421cde715dc938f6e3b95b30f735ff978f0882361e,0.3857079427689314,0.32379990443587303,0.3164340741932392,1.0603650007396936,3.7656892091035843,0.7598199881613255,0.420768978074193,7.03258509747684,0.0,1257.7257154043764,114.22724835574627,289.40925491042435,False,False,False,ok
BNCI2014_001,ebsw_full_ess075,ebsw,full,ess075,normalized,8,3654,219,218,500,500,2,0.0003320536637387492,0.018222339688929882,,,,0.0002582573892637668,2.793683898093503,3137.14974290348,0.75,374.9999999834519,0.7499999999669038,-3.3096192453285767e-11,6.100829208802118,0.015759867187067064,0.045406333440590314,0.07272685887462521,solved,31,2,27525,91a8b639e0a0190960959aa0152565b7e048aa1c485501b2accafa53669844be,three_row_sha256,,123ea5ce324bb82567913e1514a410f2bb582a6d8528a6ea98fbb2b74646f92c,a789b01b17129967eecd25421cde715dc938f6e3b95b30f735ff978f0882361e,0.2460021059960127,0.31244917772710323,0.28732605278491974,1.0749970097094774,2.746894955635071,0.7671809289604425,0.34446781501173973,5.779318045824766,0.0,1263.5050334502012,114.22724835574627,289.40925491042435,False,False,False,ok
BNCI2014_001,ebsw_full_ess075,ebsw,full,ess075,normalized,8,3654,220,219,500,500,2,0.0003335182910428271,0.018262483156537807,,,,0.0002446365102051844,2.793683898093503,3358.0347365222606,0.75,375.00000001768154,0.7500000000353632,3.5363156847267874e-11,6.098906683929867,0.01274960120603904,0.04784580510477754,0.07980083344978606,solved,29,2,27744,2e46f562a8d5d92e1d1c27e368497e8d5752995bcc286ac40151f9f7d8d40ce6,three_row_sha256,,123ea5ce324bb82567913e1514a410f2bb582a6d8528a6ea98fbb2b74646f92c,a789b01b17129967eecd25421cde715dc938f6e3b95b30f735ff978f0882361e,0.37478283047676086,0.42112497612833977,0.3395590465515852,0.6025149486958981,3.2640809658914804,1.1659457813948393,0.38207112811505795,6.550079677253962,0.0,1270.0551131274551,114.22724835574627,289.40925491042435,False,False,False,ok
BNCI2014_001,ebsw_full_ess075,ebsw,full,ess075,normalized,8,3654,221,220,500,500,2,0.0003366978700162146,0.018349328871002737,,,,0.00025332941627599507,2.793683898093503,2888.5611693174583,0.75,374.99999999523766,0.7499999999904753,-9.52471435056168e-12,6.100561727529696,0.011254321485214713,0.04808156459110889,0.07959484993568505,solved,30,2,27964,1c8d7b9f310bce1f5ca835fdd4f6f86b14f6586423f88d89ffb876394468fab3,three_row_sha256,,123ea5ce324bb82567913e1514a410f2bb582a6d8528a6ea98fbb2b74646f92c,a789b01b17129967eecd25421cde715dc938f6e3b95b30f735ff978f0882361e,0.4037108737975359,0.37256209179759026,0.29293703846633434,0.7060139905661345,2.1683629602193832,1.881101168692112,0.40636793710291386,6.231056060642004,0.0,1276.2861691880971,114.22724835574627,289.40925491042435,False,False,False,ok
BNCI2014_001,ebsw_full_ess075,ebsw,full,ess075,normalized,8,3654,222,221,500,500,2,0.00033004382120290117,0.018167108223459814,,,,0.00024402256591307046,2.793683898093503,3309.3617309405054,0.75,374.99999996831355,0.7499999999366271,-6.337286251323349e-11,6.096870866644007,0.014106937053624351,0.046053949593083454,0.07575976748192359,solved,25,2,28185,98f15bcc45c83f532bac3c79d3b7415388082a82f08a9ad5bc7b510bd0772aad,three_row_sha256,,123ea5ce324bb82567913e1514a410f2bb582a6d8528a6ea98fbb2b74646f92c,a789b01b17129967eecd25421cde715dc938f6e3b95b30f735ff978f0882361e,0.20331819541752338,0.40461495518684387,0.28860499151051044,0.6028411444276571,2.3552910424768925,0.7406689692288637,0.4054431337863207,5.000782432034612,0.0,1281.2869516201317,114.22724835574627,289.40925491042435,False,False,False,ok
BNCI2014_001,ebsw_full_ess075,ebsw,full,ess075,normalized,8,3654,223,222,500,500,2,0.0003378256594662809,0.018380034261836427,,,,0.00025147993534089744,2.793683898093503,3359.9430437972774,0.75,375.0000000419711,0.7500000000839422,8.394218653506869e-11,6.098064648626673,0.01575756884181594,0.04466569051538459,0.07142525109842471,solved,31,2,28407,f175d58d8ac2cf6db55a516721aeda3e52af77305b9c98c58a32b6bfe34f37b2,three_row_sha256,,123ea5ce324bb82567913e1514a410f2bb582a6d8528a6ea98fbb2b74646f92c,a789b01b17129967eecd25421cde715dc938f6e3b95b30f735ff978f0882361e,0.5419598892331123,0.5067181773483753,0.30233687721192837,0.585826812312007,3.330968087539077,0.9118940215557814,0.26690587401390076,6.446609739214182,0.0,1287.733561359346,114.22724835574627,289.40925491042435,False,False,False,ok
BNCI2014_001,ebsw_full_ess075,ebsw,full,ess075,normalized,8,3654,224,223,500,500,2,0.0003403520080795813,0.018448631604527782,,,,0.0002538374586509211,2.793683898093503,3256.6310498171433,0.75,375.0000000411742,0.7500000000823484,8.234835036091681e-11,6.099516346001442,0.01323506619742037,0.04672730406117295,0.07547554584924945,solved,31,2,28630,218bc9070a3e845eda1474a45abe764c7360e89763ebcec32db017c2a20f0b8d,three_row_sha256,,123ea5ce324bb82567913e1514a410f2bb582a6d8528a6ea98fbb2b74646f92c,a789b01b17129967eecd25421cde715dc938f6e3b95b30f735ff978f0882361e,0.36870897747576237,0.32798992469906807,0.297376187518239,0.5734681617468596,1.9579790532588959,1.2315770145505667,0.17075682990252972,4.927856149151921,0.0,1292.6614175084978,114.22724835574627,289.40925491042435,False,False,False,ok
BNCI2014_001,ebsw_full_ess075,ebsw,full,ess075,normalized,8,3654,225,224,500,500,2,0.0003397902128319916,0.01843339938351013,6.8966198223163415,0.6714750288220613,32.85249711779387,0.0002588422095999961,2.793683898093503,3065.8299666576577,0.75,374.9999999648372,0.7499999999296744,-7.032563420494853e-11,6.100819675001007,0.013798170331072087,0.04897134921909657,0.07615739574224667,solved,31,2,28854,f1e0ddabd74b935514c7fc16150c0d2c09d893238498b8d5d7098a83cdc5d69d,three_row_sha256,,123ea5ce324bb82567913e1514a410f2bb582a6d8528a6ea98fbb2b74646f92c,a789b01b17129967eecd25421cde715dc938f6e3b95b30f735ff978f0882361e,0.2194060944020748,0.34537818282842636,0.2195560373365879,0.5468570161610842,1.6975139733403921,1.1558511760085821,0.1600210089236498,4.344583489000797,12.273916974663734,1297.0060009974986,126.50116533041,289.40925491042435,False,False,False,ok
BNCI2014_001,ebsw_full_ess075,ebsw,full,ess075,normalized,8,3654,226,225,500,500,2,0.00033654383024269666,0.018345130968262305,,,,0.00021864194676181282,2.793683898093503,3630.257368618181,0.75,374.99999998986135,0.7499999999797227,-2.0277335366358784e-11,6.087410416476611,0.008709540496183136,0.04102949449709624,0.07318963720209912,solved,31,2,29079,eb9ce52a74e9b68190334342735ac8781ae008cce4a9baf2ede6190a2befe499,three_row_sha256,,123ea5ce324bb82567913e1514a410f2bb582a6d8528a6ea98fbb2b74646f92c,a789b01b17129967eecd25421cde715dc938f6e3b95b30f735ff978f0882361e,0.42692595161497593,0.34974003210663795,0.3204739186912775,0.6238529458642006,1.7926930449903011,1.1034449562430382,0.5521900020539761,5.169320851564407,0.0,1302.175321849063,126.50116533041,289.40925491042435,False,False,False,ok
BNCI2014_001,ebsw_full_ess075,ebsw,full,ess075,normalized,8,3654,227,226,500,500,2,0.00034757596322134706,0.018643389263257554,,,,0.00023913842301390663,2.793683898093503,3209.214567241551,0.75,374.99999996409485,0.7499999999281898,-7.181022443347729e-11,6.093914834344022,0.01121288176467863,0.04521497806408528,0.07789751940547204,solved,31,2,29305,c3be9dd1f9c5245386dd61d536b63650bbb74b5b921a0ae18e06340d5b4c5d2d,three_row_sha256,,123ea5ce324bb82567913e1514a410f2bb582a6d8528a6ea98fbb2b74646f92c,a789b01b17129967eecd25421cde715dc938f6e3b95b30f735ff978f0882361e,1.737549901008606,0.40155602619051933,0.29636709950864315,0.5953339859843254,1.8264001701027155,1.0299577843397856,0.5519972182810307,6.439162185415626,0.0,1308.6144840344787,126.50116533041,289.40925491042435,False,False,False,ok
BNCI2014_001,ebsw_full_ess075,ebsw,full,ess075,normalized,8,3654,228,227,500,500,2,0.00034384356421339696,0.018543019285256566,,,,0.00023316570734447772,2.793683898093503,3253.944193836508,0.75,374.9999999569852,0.7499999999139705,-8.602951684366644e-11,6.091152703318741,0.010342775974972426,0.04460984792333235,0.07309742751382384,solved,31,2,29532,96ecc66ce7bea0489bd6ee422388f9b7e37fb2fbc4e5d9221573c0bedeb56789,three_row_sha256,,123ea5ce324bb82567913e1514a410f2bb582a6d8528a6ea98fbb2b74646f92c,a789b01b17129967eecd25421cde715dc938f6e3b95b30f735ff978f0882361e,0.22699893452227116,0.5316128954291344,0.3030800726264715,0.5966988392174244,2.807280048727989,1.5167759265750647,0.37476816214621067,6.357214879244566,0.0,1314.9716989137232,126.50116533041,289.40925491042435,False,False,False,ok
BNCI2014_001,ebsw_full_ess075,ebsw,full,ess075,normalized,8,3654,229,228,500,500,2,0.0003281609280163609,0.0181152126130598,,,,0.0002175457634339328,2.793683898093503,3706.4248403601478,0.75,375.0000000197459,0.7500000000394919,3.9491854231243906e-11,6.088279549035174,0.010245334361299773,0.04175686020247868,0.07264359796502214,solved,31,2,29760,bbfbd712681bf8fe6a4c9126d928a9c84426404149c147b1e04585f0548d3f85,three_row_sha256,,123ea5ce324bb82567913e1514a410f2bb582a6d8528a6ea98fbb2b74646f92c,a789b01b17129967eecd25421cde715dc938f6e3b95b30f735ff978f0882361e,0.2098290715366602,0.397311057895422,0.2879127860069275,0.6011980585753918,1.7407429404556751,1.1022321414202452,0.3878888674080372,4.727114923298359,0.0,1319.6988138370216,126.50116533041,289.40925491042435,False,False,False,ok
BNCI2014_001,ebsw_full_ess075,ebsw,full,ess075,normalized,8,3654,230,229,500,500,2,0.00033671147272525435,0.018349699526838424,,,,0.0002771323953157637,2.7936838980935024,2889.29345984432,0.75,375.0000000376932,0.7500000000753865,7.538647484039984e-11,6.106508453013908,0.016553297610846097,0.04938318178985936,0.0759082715318225,solved,29,2,29989,490de1afb3f755f5659d5d16dd229b0a6204de9aea174e55952f82bb1200d07e,three_row_sha256,,123ea5ce324bb82567913e1514a410f2bb582a6d8528a6ea98fbb2b74646f92c,a789b01b17129967eecd25421cde715dc938f6e3b95b30f735ff978f0882361e,0.2195439301431179,0.3403408918529749,1.7142528668045998,0.5643540062010288,1.659303903579712,1.1697709560394287,0.277089886367321,5.944656440988183,0.0,1325.6434702780098,126.50116533041,289.40925491042435,False,False,False,ok
BNCI2014_001,ebsw_full_ess075,ebsw,full,ess075,normalized,8,3654,231,230,500,500,2,0.00034478809235999645,0.01856847038288282,,,,0.0002537512668997303,2.7936838980935033,3087.381377365143,0.75,375.00000003921195,0.7500000000784239,7.842393401347181e-11,6.099376084524662,0.013012682730449122,0.048855338147331055,0.07825487436863846,solved,31,2,30219,b2cdc089553de6320117b19ff6392857a2d4de87315b91644b1dbf03ca9710ab,three_row_sha256,,123ea5ce324bb82567913e1514a410f2bb582a6d8528a6ea98fbb2b74646f92c,a789b01b17129967eecd25421cde715dc938f6e3b95b30f735ff978f0882361e,0.19696401432156563,0.5186961498111486,0.31238305382430553,0.6058551371097565,1.972166821360588,1.8601070623844862,0.6656150799244642,6.131787318736315,0.0,1331.775257596746,126.50116533041,289.40925491042435,False,False,False,ok
BNCI2014_001,ebsw_full_ess075,ebsw,full,ess075,normalized,8,3654,232,231,500,500,2,0.00033979380751062387,0.018433496887748237,,,,0.0002269861789579165,2.793683898093503,3381.975438617883,0.75,375.00000000808404,0.7500000000161681,1.6168066885313692e-11,6.088432760817114,0.01086468362604697,0.041337565181940886,0.0715868768830561,solved,31,2,30450,0695c7a4876fdfc5c45dd53773dea34a416e7a74679cd99f257d7b0b8c47ad0c,three_row_sha256,,123ea5ce324bb82567913e1514a410f2bb582a6d8528a6ea98fbb2b74646f92c,a789b01b17129967eecd25421cde715dc938f6e3b95b30f735ff978f0882361e,0.24528708308935165,0.3500061575323343,0.32579200342297554,0.6139250472187996,1.8170841503888369,0.7230790797621012,0.4941390361636877,4.569312557578087,0.0,1336.3445701543242,126.50116533041,289.40925491042435,False,False,False,ok
BNCI2014_001,ebsw_full_ess075,ebsw,full,ess075,normalized,8,3654,233,232,500,500,2,0.00034308559672523663,0.018522569927664913,,,,0.00022069211624691106,2.793683898093503,3395.1511682755845,0.75,375.00000003407524,0.7500000000681505,6.815048525510292e-11,6.087323153913247,0.00933385986854687,0.038102834256024946,0.07057831435795853,solved,30,2,30682,062a076ef8d18bfbe50f437316f3ccf243201f2a8973f02778c592a0d13a8357,three_row_sha256,,123ea5ce324bb82567913e1514a410f2bb582a6d8528a6ea98fbb2b74646f92c,a789b01b17129967eecd25421cde715dc938f6e3b95b30f735ff978f0882361e,0.20921300165355206,0.3455339465290308,0.29297079890966415,0.5774230230599642,1.868685008957982,1.0776021517813206,0.6963210180401802,5.067748948931694,0.0,1341.4123191032559,126.50116533041,289.40925491042435,False,False,False,ok
BNCI2014_001,ebsw_full_ess075,ebsw,full,ess075,normalized,8,3654,234,233,500,500,2,0.00033114838622260345,0.018197482963932223,,,,0.00022214070629273267,2.793683898093503,3606.7815765157916,0.75,375.00000001440736,0.7500000000288147,2.8814728381121313e-11,6.0885942863247156,0.010760080910741737,0.0427487080085404,0.07176734154424527,solved,29,2,30915,b17c369dd6ec9fd9a330f3c651ff4e6852c1af2afacda3b888272796307f04d0,three_row_sha256,,123ea5ce324bb82567913e1514a410f2bb582a6d8528a6ea98fbb2b74646f92c,a789b01b17129967eecd25421cde715dc938f6e3b95b30f735ff978f0882361e,0.25066290982067585,0.34371414221823215,0.332430936396122,0.6154410075396299,1.7604818567633629,1.2586719822138548,0.5379850044846535,5.099387839436531,0.0,1346.5117069426924,126.50116533041,289.40925491042435,False,False,False,ok
BNCI2014_001,ebsw_full_ess075,ebsw,full,ess075,normalized,8,3654,235,234,500,500,2,0.00033525611083963573,0.01831000029600316,,,,0.0002511703385268996,2.793683898093503,3176.5085113256077,0.75,375.000000002668,0.7500000000053361,5.33606492325589e-12,6.0992824561900445,0.013580658546277649,0.04751064642140928,0.07720605669667535,solved,25,2,31149,61c37412e832a2a92d1a7d9939f64c07dd4f37fc34661fc3b64578066d840f45,three_row_sha256,,123ea5ce324bb82567913e1514a410f2bb582a6d8528a6ea98fbb2b74646f92c,a789b01b17129967eecd25421cde715dc938f6e3b95b30f735ff978f0882361e,0.4013811703771353,0.3835689276456833,0.3049809020012617,0.6697748322039843,2.037087921053171,0.7428061217069626,0.17859297804534435,4.718192853033543,0.0,1351.229899795726,126.50116533041,289.40925491042435,False,False,False,ok
BNCI2014_001,ebsw_full_ess075,ebsw,full,ess075,normalized,8,3654,236,235,500,500,2,0.0003327586635486853,0.01824167381433747,,,,0.00023144069613326715,2.793683898093503,3362.063653750458,0.75,374.99999997418706,0.7499999999483742,-5.162581473427963e-11,6.092435339090776,0.011377486807412018,0.04389331990183211,0.07282962157640582,solved,29,2,31384,cd5b2ca3ac3b554921eef8cc62a108cda6ac46f1b7e1bcfe95dc2d6ac0a8cfb5,three_row_sha256,,123ea5ce324bb82567913e1514a410f2bb582a6d8528a6ea98fbb2b74646f92c,a789b01b17129967eecd25421cde715dc938f6e3b95b30f735ff978f0882361e,0.2329908311367035,0.19762408919632435,0.22172508761286736,0.6486040074378252,4.734131973236799,2.4515269324183464,0.4923350643366575,8.978937985375524,0.0,1360.2088377811015,126.50116533041,289.40925491042435,False,False,False,ok
BNCI2014_001,ebsw_full_ess075,ebsw,full,ess075,normalized,8,3654,237,236,500,500,2,0.00033014191981502183,0.018169807919045867,,,,0.00022368099138793775,2.793683898093503,3686.1861864605917,0.75,374.99999998186627,0.7499999999637326,-3.6267433500825064e-11,6.090056671530607,0.01143203535684537,0.0445923439900741,0.07434348852880324,solved,30,2,31620,b19bfe549a66fbf121c63b2bf32a2a1a3dbe4afb1e53a2594b0000feddab0d7b,three_row_sha256,,123ea5ce324bb82567913e1514a410f2bb582a6d8528a6ea98fbb2b74646f92c,a789b01b17129967eecd25421cde715dc938f6e3b95b30f735ff978f0882361e,0.2249379176646471,0.19637891091406345,0.22519403137266636,0.6139981560409069,1.8482331652194262,0.6615910679101944,1.9130250439047813,5.683358293026686,0.0,1365.8921960741282,126.50116533041,289.40925491042435,False,False,False,ok
BNCI2014_001,ebsw_full_ess075,ebsw,full,ess075,normalized,8,3654,238,237,500,500,2,0.00033801176592999194,0.018385096299176458,,,,0.00022582993153271661,2.793683898093503,3594.76759888591,0.75,375.00000000438484,0.7500000000087697,8.769651671514112e-12,6.090133465106095,0.00987573168690594,0.043245178009559654,0.07444822269249429,solved,31,2,31857,3bdc55dbe7ce8faa0a322a7bc9077465cfd4b11dcb44e1645b965143e045a6b5,three_row_sha256,,123ea5ce324bb82567913e1514a410f2bb582a6d8528a6ea98fbb2b74646f92c,a789b01b17129967eecd25421cde715dc938f6e3b95b30f735ff978f0882361e,0.22434606216847897,0.1971968449652195,0.30091102235019207,0.6173329893499613,1.7948979511857033,0.7583871483802795,0.36762095987796783,4.2606929782778025,0.0,1370.152889052406,126.50116533041,289.40925491042435,False,False,False,ok
BNCI2014_001,ebsw_full_ess075,ebsw,full,ess075,normalized,8,3654,239,238,500,500,2,0.0003342259550263437,0.01828184769180467,,,,0.00022350010822750878,2.793683898093503,3557.8036596221327,0.75,374.9999999518225,0.749999999903645,-9.635503506189025e-11,6.090067481167495,0.009188778774760663,0.041757592957661606,0.07457389285125102,solved,30,2,32095,872a0fe43548b1cf8e2ff1ac332dba49ed1b0d0336856ac2e3d3a835b4563185,three_row_sha256,,123ea5ce324bb82567913e1514a410f2bb582a6d8528a6ea98fbb2b74646f92c,a789b01b17129967eecd25421cde715dc938f6e3b95b30f735ff978f0882361e,0.21284096874296665,0.29956502839922905,0.3025480546057224,0.7924200035631657,2.1182431373745203,0.8715670555830002,1.8106491770595312,6.4078334253281355,0.0,1376.560722477734,126.50116533041,289.40925491042435,False,False,False,ok
BNCI2014_001,ebsw_full_ess075,ebsw,full,ess075,normalized,8,3654,240,239,500,500,2,0.0003227818816026799,0.017966131514677273,,,,0.00022514449981510113,2.793683898093503,3701.5585592332145,0.75,374.99999995772373,0.7499999999154475,-8.455247613170513e-11,6.090889596516288,0.011723721266726222,0.04487689214174672,0.07173511382938894,solved,30,2,32334,1db8f969c48139805bb4d0899510ba2720c614933f48777e8b1d42c8974a1661,three_row_sha256,,123ea5ce324bb82567913e1514a410f2bb582a6d8528a6ea98fbb2b74646f92c,a789b01b17129967eecd25421cde715dc938f6e3b95b30f735ff978f0882361e,0.26575708761811256,0.34711998887360096,0.3144938964396715,0.5994359962642193,2.0644101314246655,0.9200260974466801,0.42203906923532486,4.933282267302275,0.0,1381.4940047450364,126.50116533041,289.40925491042435,False,False,False,ok
BNCI2014_001,ebsw_full_ess075,ebsw,full,ess075,normalized,8,3654,241,240,500,500,2,0.00033085611766163795,0.01818945072457214,,,,0.0002325016808109021,2.793683898093503,3541.6215238934474,0.75,374.9999999996037,0.7499999999992074,-7.925882172798993e-13,6.093526221459237,0.013390232912339928,0.04261262463012894,0.07268143746233044,solved,30,2,32574,4f8134049a71b91afdb9eae9a65c1884ef83f773c9cf1c48bc04486901ed1c24,three_row_sha256,,123ea5ce324bb82567913e1514a410f2bb582a6d8528a6ea98fbb2b74646f92c,a789b01b17129967eecd25421cde715dc938f6e3b95b30f735ff978f0882361e,0.4091800656169653,0.19486388191580772,0.21893903613090515,3.6354318726807833,2.0971340127289295,3.3778410870581865,0.4050140269100666,10.338403983041644,0.0,1391.832408728078,126.50116533041,289.40925491042435,False,False,False,ok
BNCI2014_001,ebsw_full_ess075,ebsw,full,ess075,normalized,8,3654,242,241,500,500,2,0.0003193201249102127,0.017869530629264236,,,,0.0002344424158415435,2.793683898093503,3657.9428168213935,0.75,374.9999999607927,0.7499999999215854,-7.841460814006496e-11,6.095906414996337,0.014107846718204203,0.04556266154704315,0.07475407174312226,solved,30,2,32815,4c17efe1023f07032fbe29c63cde271924f9bfa65e8c830ad11e72d29c75996a,three_row_sha256,,123ea5ce324bb82567913e1514a410f2bb582a6d8528a6ea98fbb2b74646f92c,a789b01b17129967eecd25421cde715dc938f6e3b95b30f735ff978f0882361e,0.4304631147533655,0.3176929894834757,0.3123418428003788,0.930289039388299,2.7355430647730827,0.7543179672211409,1.8835219088941813,7.364169927313924,0.0,1399.196578655392,126.50116533041,289.40925491042435,False,False,False,ok
BNCI2014_001,ebsw_full_ess075,ebsw,full,ess075,normalized,8,3654,243,242,500,500,2,0.00033106833120043227,0.018195283212976716,,,,0.00021591202058017116,2.793683898093503,3761.460753657685,0.75,375.0000000389626,0.7500000000779252,7.792522183081019e-11,6.086063425472121,0.011289236200406998,0.040438252196011985,0.06988058117622714,solved,28,2,33057,4643ada6258e9cae364bc40bea6f67ff8f1667ee494c5a01a2710f727baa5c93,three_row_sha256,,123ea5ce324bb82567913e1514a410f2bb582a6d8528a6ea98fbb2b74646f92c,a789b01b17129967eecd25421cde715dc938f6e3b95b30f735ff978f0882361e,0.4877210594713688,0.3644560929387808,0.3149900585412979,0.9532000403851271,2.1547810174524784,1.050777966156602,0.36971084773540497,5.69563708268106,0.0,1404.892215738073,126.50116533041,289.40925491042435,False,False,False,ok
BNCI2014_001,ebsw_full_ess075,ebsw,full,ess075,normalized,8,3654,244,243,500,500,2,0.00034343600838231245,0.018532026558968462,,,,0.00022969868899934805,2.793683898093503,3449.043346743146,0.75,374.99999997509263,0.7499999999501853,-4.981470791420861e-11,6.0896119134637114,0.012593658937758344,0.042018787042660474,0.07291695097092404,solved,29,2,33300,29aa8534169bb3739cd7cc0feff903e967a28684b1294cce1810337bb6ccc569,three_row_sha256,,123ea5ce324bb82567913e1514a410f2bb582a6d8528a6ea98fbb2b74646f92c,a789b01b17129967eecd25421cde715dc938f6e3b95b30f735ff978f0882361e,0.3895468544214964,0.4875732120126486,0.3140249755233526,1.1339110787957907,2.338024089112878,3.2886010594666004,0.3431919030845165,8.294873172417283,0.0,1413.1870889104903,126.50116533041,289.40925491042435,False,False,False,ok
BNCI2014_001,ebsw_full_ess075,ebsw,full,ess075,normalized,8,3654,245,244,500,500,2,0.0003472323310025592,0.01863417105756409,,,,0.00025291423818544004,2.7936838980935033,3009.13528023387,0.75,375.0000000019238,0.7500000000038476,3.8475889141409425e-12,6.099710175612907,0.0119938652733397,0.0497081977299858,0.07953417862231918,solved,30,2,33544,9f6cd09fb69a1da67029ceb537b4f1b2d9ffa077671bebfaf80fd620a1edb28d,three_row_sha256,,123ea5ce324bb82567913e1514a410f2bb582a6d8528a6ea98fbb2b74646f92c,a789b01b17129967eecd25421cde715dc938f6e3b95b30f735ff978f0882361e,0.25171414017677307,0.3409958444535732,0.31462707556784153,0.6061340682208538,1.9011569675058126,3.390328958630562,0.38754590786993504,7.192502962425351,0.0,1420.3795918729156,126.50116533041,289.40925491042435,False,False,False,ok
BNCI2014_001,ebsw_full_ess075,ebsw,full,ess075,normalized,8,3654,246,245,500,500,2,0.0003293934615826469,0.01814920002596938,,,,0.00025558613999174994,2.793683898093503,3238.3083147430116,0.75,374.999999959761,0.749999999919522,-8.047795763133081e-11,6.100011790559245,0.015645677359500097,0.045550797498308995,0.07356933625385417,solved,30,2,33789,2bb82504cdb0ab52274a73946bcc28e2d3d0818ef5e4d4b6f39fff8dc56a8cb5,three_row_sha256,,123ea5ce324bb82567913e1514a410f2bb582a6d8528a6ea98fbb2b74646f92c,a789b01b17129967eecd25421cde715dc938f6e3b95b30f735ff978f0882361e,0.30308496206998825,0.48992596566677094,0.3029701765626669,0.9808761533349752,3.034941852092743,2.2549291606992483,0.4039308987557888,7.770659169182181,0.0,1428.1502510420978,126.50116533041,289.40925491042435,False,False,False,ok
BNCI2014_001,ebsw_full_ess075,ebsw,full,ess075,normalized,8,3654,247,246,500,500,2,0.0003380116753095192,0.018385093834667236,,,,0.0002172894361711543,2.793683898093503,3676.038553693371,0.75,374.9999999844073,0.7499999999688146,-3.118538760560341e-11,6.086526898107534,0.008814128100405005,0.04053518359598098,0.07238487490134607,solved,30,2,34035,7c2422786f3ebcb1025da1b2ce527f19ba3d5ae429092b804d5cc2899d21d8f7,three_row_sha256,,123ea5ce324bb82567913e1514a410f2bb582a6d8528a6ea98fbb2b74646f92c,a789b01b17129967eecd25421cde715dc938f6e3b95b30f735ff978f0882361e,0.2131238579750061,0.32879295758903027,0.2914711367338896,0.7341210730373859,1.820507925003767,0.6798638496547937,0.5285430233925581,4.596423823386431,0.0,1432.7466748654842,126.50116533041,289.40925491042435,False,False,False,ok
BNCI2014_001,ebsw_full_ess075,ebsw,full,ess075,normalized,8,3654,248,247,500,500,2,0.0003296252893957157,0.018155585625248105,,,,0.00023307480058026666,2.793683898093503,3398.7162114100347,0.75,374.9999999847989,0.7499999999695978,-3.0402236284032824e-11,6.092946606189807,0.012896946828926243,0.043186884442036465,0.07378365432835474,solved,31,2,34282,a7a163831468adb1ec73aec53212efeacfe82b1ed71be3c74e861be70fef5d33,three_row_sha256,,123ea5ce324bb82567913e1514a410f2bb582a6d8528a6ea98fbb2b74646f92c,a789b01b17129967eecd25421cde715dc938f6e3b95b30f735ff978f0882361e,0.2442430704832077,0.33279391936957836,0.21776906214654446,1.1056079529225826,2.025085035711527,0.8496190421283245,0.38457917980849743,5.159697262570262,0.0,1437.9063721280545,126.50116533041,289.40925491042435,False,False,False,ok
BNCI2014_001,ebsw_full_ess075,ebsw,full,ess075,normalized,8,3654,249,248,500,500,2,0.00033401964865544117,0.01827620443788702,,,,0.00025192698417149276,2.7936838980935033,3280.3502425197294,0.75,375.0000000479,0.7500000000958,9.580003457188013e-11,6.098767861959542,0.01540520116612121,0.04357468375144696,0.073523557701759,solved,29,2,34530,cc470013483b7d8234bd1b63906784c0bf2bc4b28d11e35d158aae5efa691260,three_row_sha256,,123ea5ce324bb82567913e1514a410f2bb582a6d8528a6ea98fbb2b74646f92c,a789b01b17129967eecd25421cde715dc938f6e3b95b30f735ff978f0882361e,0.21617207676172256,0.36223302595317364,0.42475294321775436,0.597050879150629,2.13470496237278,0.7179179228842258,0.3567750100046396,4.809606820344925,0.0,1442.7159789483994,126.50116533041,289.40925491042435,False,False,False,ok
BNCI2014_001,ebsw_full_ess075,ebsw,full,ess075,normalized,8,3654,250,249,500,500,2,0.00034021012069093345,0.01844478573177074,6.839235454231956,0.6658879193095556,33.411208069044434,0.00025681732045755443,2.793683898093503,2957.1841007234543,0.75,375.00000000649624,0.7500000000129925,1.2992495967978357e-11,6.101562591746953,0.011905668795027432,0.04888000961170064,0.08067742923279832,solved,31,2,34779,e3554219d1f1e9d5983642b65bc0123ade8ba8156e196ada7ff34c7ee0eb6c0f,three_row_sha256,,123ea5ce324bb82567913e1514a410f2bb582a6d8528a6ea98fbb2b74646f92c,a789b01b17129967eecd25421cde715dc938f6e3b95b30f735ff978f0882361e,0.20841695368289948,0.337149016559124,0.2879330422729254,0.5781049840152264,2.041892148554325,3.091782098636031,0.40331692434847355,6.948595168069005,11.202712077647448,1449.6645741164684,137.70387740805745,289.40925491042435,False,False,False,ok
BNCI2014_001,ebsw_full_ess075,ebsw,full,ess075,normalized,8,3654,251,250,500,500,2,0.00033001951774616866,0.018166439324924646,,,,0.000325052780404845,2.7936838980935033,2718.9625315215008,0.75,374.9999999705575,0.749999999941115,-5.888500798079122e-11,6.119992927718997,0.02086835120926073,0.04719974530516294,0.07078300394976747,solved,28,2,35029,708942bbfbc37cd4e8e287db17f7da0f87df3ebc6ef9587036c0cfa5f2ff2a23,three_row_sha256,,123ea5ce324bb82567913e1514a410f2bb582a6d8528a6ea98fbb2b74646f92c,a789b01b17129967eecd25421cde715dc938f6e3b95b30f735ff978f0882361e,0.5461920518428087,0.4946398548781872,0.2952038776129484,0.9748830925673246,1.9648231100291014,0.7546939887106419,0.41271792724728584,5.443153902888298,0.0,1455.1077280193567,137.70387740805745,289.40925491042435,False,False,False,ok
BNCI2014_001,ebsw_full_ess075,ebsw,full,ess075,normalized,8,3654,252,251,500,500,2,0.0003352776285353898,0.01831058788066046,,,,0.00023447241060700792,2.7936838980935024,3382.2534349844364,0.75,374.99999999208836,0.7499999999841768,-1.582323161386512e-11,6.093708932226417,0.010824261456858943,0.04537030650054758,0.0786065378213121,solved,31,2,35280,63bb1e86f00eb287040ff8db4d0c74016fe797910b87dbb48d1478a35b739cbb,three_row_sha256,,123ea5ce324bb82567913e1514a410f2bb582a6d8528a6ea98fbb2b74646f92c,a789b01b17129967eecd25421cde715dc938f6e3b95b30f735ff978f0882361e,0.21183490753173828,0.3368810284882784,0.29145716689527035,0.7567391730844975,5.070669110864401,0.8281520567834377,0.42386818677186966,7.919601630419493,0.0,1463.0273296497762,137.70387740805745,289.40925491042435,False,False,False,ok
BNCI2014_001,ebsw_full_ess075,ebsw,full,ess075,normalized,8,3654,253,252,500,500,2,0.0003313347149379257,0.018202601872752307,,,,0.00026756365917463893,2.7936838980935024,3230.0635963140357,0.75,374.9999999607866,0.7499999999215733,-7.842670957103337e-11,6.104414701523609,0.017045392927970533,0.04709597044493015,0.07210618638818464,solved,31,2,35532,a88ab5a4e19fec16f0eeb6a5b36ba94b7d5302c93ddb817d67ac8c5924fe7d78,three_row_sha256,,123ea5ce324bb82567913e1514a410f2bb582a6d8528a6ea98fbb2b74646f92c,a789b01b17129967eecd25421cde715dc938f6e3b95b30f735ff978f0882361e,0.24970690719783306,0.3478489816188812,0.32013305462896824,0.5981291178613901,2.0975482184439898,0.9047428611665964,0.5275560542941093,5.045665195211768,0.0,1468.072994844988,137.70387740805745,289.40925491042435,False,False,False,ok
BNCI2014_001,ebsw_full_ess075,ebsw,full,ess075,normalized,8,3654,254,253,500,500,2,0.000334275049100532,0.018283190342512218,,,,0.0002557941440944238,2.793683898093503,3270.2595022093997,0.75,374.99999997723506,0.7499999999544702,-4.552980215066782e-11,6.0996790215653345,0.01598043733059693,0.04549826859728565,0.07199382067684695,solved,31,2,35785,e7b5a62751c5c38e39bff639899c77204a86f60764b0d57440f40f21001faf70,three_row_sha256,,123ea5ce324bb82567913e1514a410f2bb582a6d8528a6ea98fbb2b74646f92c,a789b01b17129967eecd25421cde715dc938f6e3b95b30f735ff978f0882361e,0.21975883282721043,0.36260695196688175,0.41605206206440926,2.074511954560876,2.0406818948686123,0.7585780695080757,0.3715089987963438,6.243698764592409,0.0,1474.3166936095804,137.70387740805745,289.40925491042435,False,False,False,ok
BNCI2014_001,ebsw_full_ess075,ebsw,full,ess075,normalized,8,3654,255,254,500,500,2,0.0003183050344479235,0.01784110519132499,,,,0.00023650413496643263,2.793683898093503,3388.66405033896,0.75,374.9999999646817,0.7499999999293634,-7.063660767414603e-11,6.096514934651774,0.0116375237399326,0.047423200093416155,0.07838898109280126,solved,31,2,36039,8e46345c45aebe867c4bd42bec85f8a4a43aec84f6d912f5f6363169b96f853a,three_row_sha256,,123ea5ce324bb82567913e1514a410f2bb582a6d8528a6ea98fbb2b74646f92c,a789b01b17129967eecd25421cde715dc938f6e3b95b30f735ff978f0882361e,0.22253789938986301,0.4613921046257019,0.2998069394379854,0.5992408841848373,6.62051304243505,0.931187067180872,0.41118706576526165,9.545865003019571,0.0,1483.8625586126,137.70387740805745,289.40925491042435,False,False,False,ok
BNCI2014_001,ebsw_full_ess075,ebsw,full,ess075,normalized,8,3654,256,255,500,500,2,0.0003356899685431833,0.018321844026821736,,,,0.00021182203972329596,2.793683898093503,3877.270793731871,0.75,374.9999999697773,0.7499999999395547,-6.044531541959941e-11,6.083411178475375,0.010214600111397852,0.04070646269019157,0.06836105049820512,solved,30,2,36294,0943a1f4a04b34307ee6c6003cd5482faeb26c260df233928f4338a44025b535,three_row_sha256,,123ea5ce324bb82567913e1514a410f2bb582a6d8528a6ea98fbb2b74646f92c,a789b01b17129967eecd25421cde715dc938f6e3b95b30f735ff978f0882361e,0.22085104137659073,0.3899349831044674,0.2898857928812504,0.7226760499179363,1.9290030468255281,0.8502108976244926,0.5104159936308861,4.912977805361152,0.0,1488.7755364179611,137.70387740805745,289.40925491042435,False,False,False,ok
BNCI2014_001,ebsw_full_ess075,ebsw,full,ess075,normalized,8,3654,257,256,500,500,2,0.00032551830845455135,0.01804212594054679,,,,0.00025456437929717167,2.7936838980935033,3370.6601050155523,0.75,375.0000000214286,0.7500000000428573,4.285727328579014e-11,6.101978394518522,0.01549662368045253,0.04723192117734309,0.07404653672880532,solved,29,2,36550,8ed64c30da06de020a2d188c24da4ca9c4bd478c9ad78bcbd6eca6eb968baaa7,three_row_sha256,,123ea5ce324bb82567913e1514a410f2bb582a6d8528a6ea98fbb2b74646f92c,a789b01b17129967eecd25421cde715dc938f6e3b95b30f735ff978f0882361e,0.3481130115687847,0.321974977850914,1.7621391452848911,1.121266046538949,1.9383460748940706,1.8757551442831755,0.3936809953302145,7.7612753957509995,0.0,1496.5368118137121,137.70387740805745,289.40925491042435,False,False,False,ok
BNCI2014_001,ebsw_full_ess075,ebsw,full,ess075,normalized,8,3654,258,257,500,500,2,0.0003203818683152393,0.0178992141815008,,,,0.0003675972023807655,2.7936838980935033,2418.602176896351,0.75,374.9999999970221,0.7499999999940442,-5.955791415601652e-12,6.13124828246627,0.022761128901094742,0.04756204199209049,0.06841526388307165,solved,32,2,36807,e0a7e42ebf3290d5fc6917970f2b59b36030b9388b9c094157d680957e7437a9,three_row_sha256,,123ea5ce324bb82567913e1514a410f2bb582a6d8528a6ea98fbb2b74646f92c,a789b01b17129967eecd25421cde715dc938f6e3b95b30f735ff978f0882361e,0.4113209433853626,0.37145218811929226,0.2935510128736496,0.7088710553944111,3.563558915629983,4.03048493899405,0.3490219824016094,9.728261036798358,0.0,1506.2650728505105,137.70387740805745,289.40925491042435,False,False,False,ok
BNCI2014_001,ebsw_full_ess075,ebsw,full,ess075,normalized,8,3654,259,258,500,500,2,0.0003338819607843496,0.018272437187861656,,,,0.0002311390839589372,2.793683898093503,3590.510867896566,0.75,375.0000000209855,0.750000000041971,4.197098224523188e-11,6.092683394329199,0.011224658631061993,0.04557453893624541,0.07488990792932905,solved,29,2,37065,e656749389dcb4df9ea085910b68ed6434ad200906219da7c5e7d260c5aa0f05,three_row_sha256,,123ea5ce324bb82567913e1514a410f2bb582a6d8528a6ea98fbb2b74646f92c,a789b01b17129967eecd25421cde715dc938f6e3b95b30f735ff978f0882361e,0.2402421087026596,0.49618096090853214,0.29380805790424347,0.9777338709682226,2.0824589300900698,2.501920098438859,0.37099095061421394,6.9633349776268005,0.0,1513.2284078281373,137.70387740805745,289.40925491042435,False,False,False,ok
BNCI2014_001,ebsw_full_ess075,ebsw,full,ess075,normalized,8,3654,260,259,500,500,2,0.00033761013954813326,0.018374170445169306,,,,0.00023006582953889534,2.793683898093503,3726.435536936582,0.75,375.00000003738995,0.75000000007478,7.477996000204712e-11,6.090728032731766,0.012564529579260433,0.042696138967077316,0.07092952381219593,solved,31,2,37324,1dfbb8c9d7e3eba11e0e1285f51dd321376341a42d35ca47903302948165e3c4,three_row_sha256,,123ea5ce324bb82567913e1514a410f2bb582a6d8528a6ea98fbb2b74646f92c,a789b01b17129967eecd25421cde715dc938f6e3b95b30f735ff978f0882361e,0.2495790831744671,0.35246601328253746,0.2943198196589947,0.8753519505262375,2.161941025406122,4.3383080046623945,0.38751098327338696,8.65947687998414,0.0,1521.8878847081214,137.70387740805745,289.40925491042435,False,False,False,ok
BNCI2014_001,ebsw_full_ess075,ebsw,full,ess075,normalized,8,3654,261,260,500,500,2,0.0003494953731148083,0.018694795348299705,,,,0.00025610712671177073,2.7936838980935024,3164.6028624050045,0.75,375.00000001926946,0.750000000038539,3.8538949809208134e-11,6.0980047777841175,0.014900210684373626,0.04754194693299567,0.07473251588206396,solved,30,2,37584,dda62d8d24c80757f18dda795a3ff7d380890f51cb6094f677f3f0ea03554d88,three_row_sha256,,123ea5ce324bb82567913e1514a410f2bb582a6d8528a6ea98fbb2b74646f92c,a789b01b17129967eecd25421cde715dc938f6e3b95b30f735ff978f0882361e,0.42058411054313183,0.3385168965905905,0.31778612174093723,0.7046200335025787,2.4366560392081738,3.9551439695060253,0.6444668397307396,8.817774010822177,0.0,1530.7056587189436,137.70387740805745,289.40925491042435,False,False,False,ok
BNCI2014_001,ebsw_full_ess075,ebsw,full,ess075,normalized,8,3654,262,261,500,500,2,0.00032688461639286134,0.018079950674514057,,,,0.00023252148420418526,2.793683898093503,3509.892776130183,0.75,375.00000004331804,0.7500000000866361,8.663614270432163e-11,6.094286366785797,0.011727920973999854,0.04578129301897244,0.07750298371986791,solved,31,2,37845,d696e3f16c79292460d65c11bd52ed0e05205fdba5d6104fc15e648e0be0d891,three_row_sha256,,123ea5ce324bb82567913e1514a410f2bb582a6d8528a6ea98fbb2b74646f92c,a789b01b17129967eecd25421cde715dc938f6e3b95b30f735ff978f0882361e,0.3702149260789156,0.31622196547687054,0.3120820038020611,0.9183629881590605,2.758077112957835,0.7594011258333921,0.4551699385046959,5.889530060812831,0.0,1536.5951887797564,137.70387740805745,289.40925491042435,False,False,False,ok
BNCI2014_001,ebsw_full_ess075,ebsw,full,ess075,normalized,8,3654,263,262,500,500,2,0.000327246816814851,0.01808996453326681,,,,0.00025122506515468156,2.793683898093503,3186.4786360896187,0.75,374.9999999843108,0.7499999999686217,-3.137834436728326e-11,6.100461083385667,0.0146367117547367,0.046587614072126485,0.0781048423008428,solved,29,2,38107,a253f7dcae2485aa7e4cad4c9131c985dc9f2c6fcf6f2dfbd6f5a80de122d2e5,three_row_sha256,,123ea5ce324bb82567913e1514a410f2bb582a6d8528a6ea98fbb2b74646f92c,a789b01b17129967eecd25421cde715dc938f6e3b95b30f735ff978f0882361e,0.38235587999224663,0.3264357801526785,0.3060440067201853,0.881304033100605,2.6150010526180267,3.6928339395672083,0.38335705175995827,8.587331743910909,0.0,1545.1825205236673,137.70387740805745,289.40925491042435,False,False,False,ok
BNCI2014_001,ebsw_full_ess075,ebsw,full,ess075,normalized,8,3654,264,263,500,500,2,0.00034810712294055824,0.018657629081439,,,,0.00023731904802995861,2.793683898093503,3240.3786868682832,0.75,374.9999999645175,0.749999999929035,-7.096501164483016e-11,6.093073964182556,0.011140770076483944,0.04326213848152902,0.07523651182974486,solved,31,2,38370,744212733694e943b8d1d0632b2c0984b793ecc97c274268d74161e2c9789c4b,three_row_sha256,,123ea5ce324bb82567913e1514a410f2bb582a6d8528a6ea98fbb2b74646f92c,a789b01b17129967eecd25421cde715dc938f6e3b95b30f735ff978f0882361e,0.39521208964288235,0.36831595934927464,0.3094619605690241,0.9135720320045948,2.7162390761077404,3.4306859597563744,0.5076888483017683,8.641175925731659,0.0,1553.823696449399,137.70387740805745,289.40925491042435,False,False,False,ok
BNCI2014_001,ebsw_full_ess075,ebsw,full,ess075,normalized,8,3654,265,264,500,500,2,0.00033299022930771596,0.018248019873611382,,,,0.00024501498878962613,2.7936838980935024,3509.6740237826234,0.75,375.0000000191017,0.7500000000382034,3.820344041116641e-11,6.09715723647744,0.015532846871056334,0.04354979445499345,0.07136595961727142,solved,29,2,38634,c7ee24806b738aa134a0f381b424187dbff17d2100e83ac1f32b4939a1770d09,three_row_sha256,,123ea5ce324bb82567913e1514a410f2bb582a6d8528a6ea98fbb2b74646f92c,a789b01b17129967eecd25421cde715dc938f6e3b95b30f735ff978f0882361e,0.3972100093960762,0.38173189386725426,0.3075571730732918,2.0315719302743673,2.119148150086403,0.7504858076572418,0.2815278712660074,6.269232835620642,0.0,1560.0929292850196,137.70387740805745,289.40925491042435,False,False,False,ok
BNCI2014_001,ebsw_full_ess075,ebsw,full,ess075,normalized,8,3654,266,265,500,500,2,0.0003300906671365735,0.01816839748399879,,,,0.0002409931286594279,2.793683898093503,3382.1235662795752,0.75,375.00000003416346,0.7500000000683269,6.832689969371586e-11,6.096645261363784,0.014317007418813454,0.04463439323507001,0.07387672340868616,solved,31,2,38899,be9a6480156b8649b2eae6f262505af3ab501a3fd0abbfcff0f2b116f362d68f,three_row_sha256,,123ea5ce324bb82567913e1514a410f2bb582a6d8528a6ea98fbb2b74646f92c,a789b01b17129967eecd25421cde715dc938f6e3b95b30f735ff978f0882361e,0.40298886597156525,0.3827901091426611,0.3036099951714277,0.6688060238957405,3.0258309561759233,4.057586891576648,0.35589002072811127,9.197502862662077,0.0,1569.2904321476817,137.70387740805745,289.40925491042435,False,False,False,ok
BNCI2014_001,ebsw_full_ess075,ebsw,full,ess075,normalized,8,3654,267,266,500,500,2,0.0003225723022918177,0.017960297945519104,,,,0.0002356649439342091,2.793683898093503,3473.6238933476625,0.75,375.0000000444422,0.7500000000888843,8.888434432918757e-11,6.095827017169101,0.01189797792830632,0.04534658669232287,0.07591830831526669,solved,31,2,39165,6417f00e69ea995a66a75e7d81c1cf85da410ec94862902bdbbc6797d7aa5aa5,three_row_sha256,,123ea5ce324bb82567913e1514a410f2bb582a6d8528a6ea98fbb2b74646f92c,a789b01b17129967eecd25421cde715dc938f6e3b95b30f735ff978f0882361e,0.2873500343412161,0.36320206709206104,0.3018041606992483,0.9799948893487453,2.5748468469828367,0.7738368585705757,0.3733851481229067,5.65442000515759,0.0,1574.9448521528393,137.70387740805745,289.40925491042435,False,False,False,ok
BNCI2014_001,ebsw_full_ess075,ebsw,full,ess075,normalized,8,3654,268,267,500,500,2,0.0003371756195223655,0.018362342430157583,,,,0.0002807282497552531,2.793683898093503,2972.038504797931,0.75,375.00000001392397,0.750000000027848,2.7847946171277727e-11,6.1067630877405765,0.017558714053502174,0.04783866874641189,0.07389027998858819,solved,31,2,39432,bf8d672ac4a8404e56b6801a56f04b79a580b582f0204ad2e06a7567b42ee548,three_row_sha256,,123ea5ce324bb82567913e1514a410f2bb582a6d8528a6ea98fbb2b74646f92c,a789b01b17129967eecd25421cde715dc938f6e3b95b30f735ff978f0882361e,0.3754119388759136,0.3921228926628828,0.29966910369694233,0.7904560770839453,2.5868569500744343,0.8453552145510912,0.5047551821917295,5.794627359136939,0.0,1580.7394795119762,137.70387740805745,289.40925491042435,False,False,False,ok
BNCI2014_001,ebsw_full_ess075,ebsw,full,ess075,normalized,8,3654,269,268,500,500,2,0.0003233784022952056,0.017982725107591607,,,,0.0002868199776293335,2.793683898093503,2995.2968619639328,0.75,374.9999999531416,0.7499999999062832,-9.371681208847349e-11,6.112041906660067,0.01734448079045718,0.047939732022338075,0.07282626616802874,solved,29,2,39700,7cf53b0fd80337997b2f17d1a52644edeff13344e9e58145415a3e56e2edd2a6,three_row_sha256,,123ea5ce324bb82567913e1514a410f2bb582a6d8528a6ea98fbb2b74646f92c,a789b01b17129967eecd25421cde715dc938f6e3b95b30f735ff978f0882361e,0.341466860845685,0.4918319173157215,0.2984639722853899,2.08854116499424,2.326380927115679,0.756594818085432,0.29582506977021694,6.599104730412364,0.0,1587.3385842423886,137.70387740805745,289.40925491042435,False,False,False,ok
BNCI2014_001,ebsw_full_ess075,ebsw,full,ess075,normalized,8,3654,270,269,500,500,2,0.00034362400201949384,0.018537097993469576,,,,0.00022299107024180298,2.793683898093503,3383.3233069144026,0.75,374.99999996735653,0.7499999999347131,-6.528688700768726e-11,6.087580878216402,0.009882825655062896,0.03946178117423249,0.07127729949019088,solved,30,2,39969,ca8b298419d6a94af7d4dadf2592951d7ec30513deb75ba810967b2616b62338,three_row_sha256,,123ea5ce324bb82567913e1514a410f2bb582a6d8528a6ea98fbb2b74646f92c,a789b01b17129967eecd25421cde715dc938f6e3b95b30f735ff978f0882361e,0.4067069385200739,0.37876912392675877,0.2975109964609146,0.9509290102869272,2.594051882624626,1.8363501876592636,0.5119219422340393,6.976240081712604,0.0,1594.3148243241012,137.70387740805745,289.40925491042435,False,False,False,ok
BNCI2014_001,ebsw_full_ess075,ebsw,full,ess075,normalized,8,3654,271,270,500,500,2,0.0003221528707494177,0.017948617516383197,,,,0.00022534855313916817,2.793683898093503,3599.3418651120733,0.75,374.99999998702935,0.7499999999740588,-2.5941249148786483e-11,6.092081609071085,0.01202572717046498,0.04372430790675992,0.07469580928605488,solved,31,2,40239,724c3a320a7b1dbb2fe41ae4b34194f29e2eb73729ed2b5f4c4b906b93731ff5,three_row_sha256,,123ea5ce324bb82567913e1514a410f2bb582a6d8528a6ea98fbb2b74646f92c,a789b01b17129967eecd25421cde715dc938f6e3b95b30f735ff978f0882361e,0.3977329470217228,0.34080096520483494,0.30908500775694847,0.807702075690031,2.609195187687874,0.8434590417891741,0.4932680167257786,5.801243241876364,0.0,1600.1160675659776,137.70387740805745,289.40925491042435,False,False,False,ok
BNCI2014_001,ebsw_full_ess075,ebsw,full,ess075,normalized,8,3654,272,271,500,500,2,0.00034254314450891997,0.018507921128774026,,,,0.00023760637061715224,2.793683898093503,3298.6139651509916,0.75,374.9999999728304,0.7499999999456608,-5.433919980646351e-11,6.093191374357431,0.012747719560837464,0.04342821806456802,0.07435988955204112,solved,31,2,40510,bbe11790778fdf9c0731e57931f408eda296bb2c10cc0733ac572a89d7e72bb2,three_row_sha256,,123ea5ce324bb82567913e1514a410f2bb582a6d8528a6ea98fbb2b74646f92c,a789b01b17129967eecd25421cde715dc938f6e3b95b30f735ff978f0882361e,1.0404689237475395,0.3549919929355383,0.22723805159330368,0.9022639133036137,2.3154111113399267,0.9316110517829657,0.34155487082898617,6.113539915531874,0.0,1606.2296074815094,137.70387740805745,289.40925491042435,False,False,False,ok
BNCI2014_001,ebsw_full_ess075,ebsw,full,ess075,normalized,8,3654,273,272,500,500,2,0.0003240645366447227,0.018001792595314575,,,,0.00021195755319658284,2.793683898093503,3984.474453094316,0.75,375.0000000076584,0.7500000000153169,1.5316858892333585e-11,6.085342396380154,0.011652703657388373,0.04101182299136274,0.06999719902219051,solved,31,2,40782,5fe0edc483e31029a31b7d811325c41ac34ccefedb3eec8f9aa7a0549209d4fd,three_row_sha256,,123ea5ce324bb82567913e1514a410f2bb582a6d8528a6ea98fbb2b74646f92c,a789b01b17129967eecd25421cde715dc938f6e3b95b30f735ff978f0882361e,0.3733921330422163,0.3923410549759865,0.41230698116123676,1.1443018447607756,2.5559428613632917,1.2586750090122223,0.41735521517693996,6.554315099492669,0.0,1612.7839225810021,137.70387740805745,289.40925491042435,False,False,False,ok
BNCI2014_001,ebsw_full_ess075,ebsw,full,ess075,normalized,8,3654,274,273,500,500,2,0.0003428838253095416,0.0185171224899967,,,,0.00021940716801065397,2.793683898093503,3452.4437831949062,0.75,375.0000000117876,0.7500000000235753,2.357525286100781e-11,6.086927491383278,0.009579840164858034,0.03893668929848878,0.0711186762954035,solved,29,2,41055,9a2f483b29c2408ecf389f577c0fe33b3165580c99d4b2551e6778f9b0190b73,three_row_sha256,,123ea5ce324bb82567913e1514a410f2bb582a6d8528a6ea98fbb2b74646f92c,a789b01b17129967eecd25421cde715dc938f6e3b95b30f735ff978f0882361e,0.37601590156555176,0.39830198511481285,0.3065618220716715,0.8250002283602953,2.498517045751214,0.9174661245197058,0.4612309858202934,5.783094093203545,0.0,1618.5670166742057,137.70387740805745,289.40925491042435,False,False,False,ok
BNCI2014_001,ebsw_full_ess075,ebsw,full,ess075,normalized,8,3654,275,274,500,500,2,0.00033535001074484847,0.018312564286435924,6.851597641806972,0.6670915379621857,33.290846203781435,0.0003461969326103698,2.793683898093503,2614.7390705470384,0.75,374.999999995288,0.7499999999905761,-9.423906099925716e-12,6.124674605819942,0.022174529016233915,0.044121583333246145,0.06737971064515914,solved,32,2,41329,40409d69848314e2b635fd21bebcaaa8cb4fb6c5c9450ef53b0807c34f2df9e2,three_row_sha256,,123ea5ce324bb82567913e1514a410f2bb582a6d8528a6ea98fbb2b74646f92c,a789b01b17129967eecd25421cde715dc938f6e3b95b30f735ff978f0882361e,0.4278190899640322,0.3836429677903652,0.301628140732646,0.8040620014071465,2.8189499862492085,0.9072220418602228,0.5458251107484102,6.189149338752031,15.145158860832453,1624.7561660129577,152.8490362688899,289.40925491042435,False,False,False,ok
BNCI2014_001,ebsw_full_ess075,ebsw,full,ess075,normalized,8,3654,276,275,500,500,2,0.0003331354730873792,0.018251999153171664,,,,0.0002099845380811819,2.793683898093503,3840.5938943167966,0.75,374.9999999983402,0.7499999999966803,-3.3196778659316806e-12,6.083031294315873,0.00957379570484327,0.037237075605272216,0.06886578984910713,solved,31,2,41604,b1004907e9ee9b42d293f9550fe44c4f8ba479c35e090aa2e89d372503bbc36b,three_row_sha256,,123ea5ce324bb82567913e1514a410f2bb582a6d8528a6ea98fbb2b74646f92c,a789b01b17129967eecd25421cde715dc938f6e3b95b30f735ff978f0882361e,0.6783530116081238,0.3788769245147705,0.308037968352437,0.8161521982401609,2.5665040593594313,0.9456290863454342,0.5404921248555183,6.234045373275876,0.0,1630.9902113862336,152.8490362688899,289.40925491042435,False,False,False,ok
BNCI2014_001,ebsw_full_ess075,ebsw,full,ess075,normalized,8,3654,277,276,500,500,2,0.00031992300317117475,0.01788639156373288,,,,0.0002312452834010326,2.7936838980935033,3561.342237960467,0.75,374.9999999970146,0.7499999999940292,-5.970779426434092e-12,6.094859897221424,0.012542246390364534,0.04676517844002882,0.0745680039880404,solved,30,2,41880,62587843c2c6344b76b77e592d3df7c101f781a3038593f386e5373ab2b7dda5,three_row_sha256,,123ea5ce324bb82567913e1514a410f2bb582a6d8528a6ea98fbb2b74646f92c,a789b01b17129967eecd25421cde715dc938f6e3b95b30f735ff978f0882361e,0.4223980940878391,0.5199899896979332,0.301087973639369,2.1041049621999264,2.8043710626661777,0.8872828911989927,0.33297506161034107,7.372210035100579,0.0,1638.3624214213341,152.8490362688899,289.40925491042435,False,False,False,ok
BNCI2014_001,ebsw_full_ess075,ebsw,full,ess075,normalized,8,3654,278,277,500,500,2,0.0003288151592197263,0.018133261130302135,,,,0.0002562518588019372,2.793683898093503,3101.2098207351423,0.75,374.9999999525083,0.7499999999050166,-9.498335451496587e-11,6.103079708043702,0.014539806620954937,0.04724582878583701,0.08025013125131913,solved,31,2,42157,58808a4c4152d9f88462efb76e10ffc0fea53c2f938186040a57146708643e3d,three_row_sha256,,123ea5ce324bb82567913e1514a410f2bb582a6d8528a6ea98fbb2b74646f92c,a789b01b17129967eecd25421cde715dc938f6e3b95b30f735ff978f0882361e,0.3344281576573849,0.39082602597773075,0.4292239900678396,1.1141188442707062,3.7723539862781763,0.7936831098049879,0.41738711297512054,7.252021227031946,0.0,1645.614442648366,152.8490362688899,289.40925491042435,False,False,False,ok
BNCI2014_001,ebsw_full_ess075,ebsw,full,ess075,normalized,8,3654,279,278,500,500,2,0.000330198395817172,0.01817136196924083,,,,0.00025030115638842475,2.793683898093503,3230.8712611936608,0.75,374.9999999700677,0.7499999999401353,-5.986466877772045e-11,6.100005277329009,0.01424444268823182,0.047629469164980925,0.07943518026247129,solved,31,2,42435,040e6281067d4b7aa1658ec930bff6034eee7b0ea39d28495047d54d545b5547,three_row_sha256,,123ea5ce324bb82567913e1514a410f2bb582a6d8528a6ea98fbb2b74646f92c,a789b01b17129967eecd25421cde715dc938f6e3b95b30f735ff978f0882361e,0.434681074693799,0.3075560089200735,0.3017981071025133,0.9055619593709707,2.4675801396369934,0.9125769138336182,0.3865910694003105,5.716345272958279,0.0,1651.3307879213244,152.8490362688899,289.40925491042435,False,False,False,ok
BNCI2014_001,ebsw_full_ess075,ebsw,full,ess075,normalized,8,3654,280,279,500,500,2,0.00033529768697144503,0.01831113560026917,,,,0.00026631466149074,2.793683898093503,2917.27202424198,0.75,375.0000000023606,0.7500000000047212,4.721223412218478e-12,6.10599713434061,0.012548786945723785,0.05114233271228088,0.08188811521104655,solved,32,2,42714,c40ecf1b9193dabfc1d29541b0b4ff9e7cb65fae452e660b0bf6be920fdcabb7,three_row_sha256,,123ea5ce324bb82567913e1514a410f2bb582a6d8528a6ea98fbb2b74646f92c,a789b01b17129967eecd25421cde715dc938f6e3b95b30f735ff978f0882361e,0.4129179287701845,0.34274207428097725,0.3129630349576473,0.8514239452779293,2.5395250413566828,0.8864761330187321,0.5150060169398785,5.861054174602032,0.0,1657.1918420959264,152.8490362688899,289.40925491042435,False,False,False,ok
BNCI2014_001,ebsw_full_ess075,ebsw,full,ess075,normalized,8,3654,281,280,500,500,2,0.0003324741802599087,0.018233874526822562,,,,0.00026871479645982385,2.793683898093503,3119.0272457457104,0.75,375.00000000816925,0.7500000000163385,1.6338486119593654e-11,6.102962916139319,0.017438424527098387,0.04443891111499474,0.07118990327981524,solved,30,2,42994,516061cfc3845e82e96ca5b95a00390db8b44b2b046d702cfeabc01f8fa9ad08,three_row_sha256,,123ea5ce324bb82567913e1514a410f2bb582a6d8528a6ea98fbb2b74646f92c,a789b01b17129967eecd25421cde715dc938f6e3b95b30f735ff978f0882361e,0.42565097101032734,0.3404710441827774,0.43818121775984764,2.02451110817492,1.8123521003872156,0.7561231032013893,0.25362102314829826,6.050910567864776,0.0,1663.2427526637912,152.8490362688899,289.40925491042435,False,False,False,ok
BNCI2014_001,ebsw_full_ess075,ebsw,full,ess075,normalized,8,3654,282,281,500,500,2,0.00034120785380747736,0.018471812412632318,,,,0.00021331938487783276,2.793683898093503,3611.4017763706343,0.75,374.9999999782522,0.7499999999565045,-4.3495540502647145e-11,6.0842194976349955,0.008371657290304833,0.037352403863610995,0.06909413317834356,solved,31,2,43275,5bf571d9ca32e8a0755c383c00b6beaafe75511ca67c940c50053764f1ea35dd,three_row_sha256,,123ea5ce324bb82567913e1514a410f2bb582a6d8528a6ea98fbb2b74646f92c,a789b01b17129967eecd25421cde715dc938f6e3b95b30f735ff978f0882361e,0.37142704240977764,0.5113580264151096,0.29831682331860065,0.6017689593136311,1.984253991395235,0.9137669112533331,0.42747589759528637,5.1083676517009735,0.0,1668.3511203154922,152.8490362688899,289.40925491042435,False,False,False,ok
BNCI2014_001,ebsw_full_ess075,ebsw,full,ess075,normalized,8,3654,283,282,500,500,2,0.00034294511193262137,0.01851877727963219,,,,0.00030884579857357237,2.793683898093503,2529.22362183365,0.75,374.99999996574866,0.7499999999314974,-6.850264799851402e-11,6.115574103114904,0.018239180003620823,0.05197959816938296,0.0772656072817217,solved,29,2,43557,42956da7a3bfad48965e912e5198cbe29199f08e98bbf47b07eff5e0dd9e6e51,three_row_sha256,,123ea5ce324bb82567913e1514a410f2bb582a6d8528a6ea98fbb2b74646f92c,a789b01b17129967eecd25421cde715dc938f6e3b95b30f735ff978f0882361e,0.2571290824562311,0.39306003600358963,0.2910410985350609,0.5682669579982758,1.7416838090866804,0.7696920074522495,0.5472449120134115,4.568117903545499,0.0,1672.9192382190377,152.8490362688899,289.40925491042435,False,False,False,ok
BNCI2014_001,ebsw_full_ess075,ebsw,full,ess075,normalized,8,3654,284,283,500,500,2,0.00033524974865786436,0.018309826560015917,,,,0.00022373803503573795,2.793683898093503,3669.478206230828,0.75,375.00000000806284,0.7500000000161257,1.612565636577301e-11,6.087490557801053,0.013094174012357431,0.04153560912613374,0.06992633032528024,solved,30,2,43840,71241e7f8d7b0f4f977ab230fbcac224ecd8b201053d176eb0911c9a70d9a75d,three_row_sha256,,123ea5ce324bb82567913e1514a410f2bb582a6d8528a6ea98fbb2b74646f92c,a789b01b17129967eecd25421cde715dc938f6e3b95b30f735ff978f0882361e,0.21187704987823963,1.8227461259812117,0.3379781264811754,0.5762269720435143,1.719438936561346,0.7627250161021948,0.3638030029833317,5.7947952300310135,0.0,1678.7140334490687,152.8490362688899,289.40925491042435,False,False,False,ok
BNCI2014_001,ebsw_full_ess075,ebsw,full,ess075,normalized,8,3654,285,284,500,500,2,0.00033172019431112326,0.018213187373744423,,,,0.00022815780560575235,2.793683898093503,3529.155092498312,0.75,375.0000000113873,0.7500000000227747,2.277467103795061e-11,6.091835277217616,0.011315547847213902,0.04363611129845839,0.07576739145431638,solved,28,2,44124,cdd704cba67a3d81ddb7e6cc5e1838fbe3800c3f9b7171b75f94b75249ceea9a,three_row_sha256,,123ea5ce324bb82567913e1514a410f2bb582a6d8528a6ea98fbb2b74646f92c,a789b01b17129967eecd25421cde715dc938f6e3b95b30f735ff978f0882361e,0.20727189257740974,0.32392702996730804,0.2882429398596287,0.5709109827876091,1.7139939591288567,0.9220999199897051,0.18129008822143078,4.207736812531948,0.0,1682.9217702616006,152.8490362688899,289.40925491042435,False,False,False,ok
BNCI2014_001,ebsw_full_ess075,ebsw,full,ess075,normalized,8,3654,286,285,500,500,2,0.00033650108550709794,0.018343965915447454,,,,0.00024982886515618547,2.793683898093503,3099.9606989687604,0.75,375.00000004093914,0.7500000000818783,8.187828193229052e-11,6.099299930234402,0.01200316191418273,0.04813941203979506,0.07841306569304267,solved,31,2,44409,156a667df8e42f78e54e375228241b3119febda2592fb520c00a08e25df6d7ad,three_row_sha256,,123ea5ce324bb82567913e1514a410f2bb582a6d8528a6ea98fbb2b74646f92c,a789b01b17129967eecd25421cde715dc938f6e3b95b30f735ff978f0882361e,0.26999088004231453,0.3383220173418522,0.28803502209484577,0.6210249848663807,1.8392330966889858,0.7413208950310946,0.4103530663996935,4.508279962465167,0.0,1687.4300502240658,152.8490362688899,289.40925491042435,False,False,False,ok
BNCI2014_001,ebsw_full_ess075,ebsw,full,ess075,normalized,8,3654,287,286,500,500,2,0.0003367074728111978,0.018349590535246225,,,,0.0002392828290002649,2.793683898093503,3399.148168692919,0.75,375.0000000357665,0.750000000071533,7.153300174422839e-11,6.093735078535254,0.013726602948665834,0.04493799341912447,0.07358582606014508,solved,31,2,44695,940a45ba4caf4960e308209295053eb44f1e48362fda97a5ce815359f91ada00,three_row_sha256,,123ea5ce324bb82567913e1514a410f2bb582a6d8528a6ea98fbb2b74646f92c,a789b01b17129967eecd25421cde715dc938f6e3b95b30f735ff978f0882361e,0.23637199774384499,0.3956190776079893,0.2961191348731518,0.7290251087397337,2.214255044236779,0.7607988081872463,0.4219489637762308,5.054138135164976,0.0,1692.4841883592308,152.8490362688899,289.40925491042435,False,False,False,ok
BNCI2014_001,ebsw_full_ess075,ebsw,full,ess075,normalized,8,3654,288,287,500,500,2,0.00034192161152693106,0.018491122505865647,,,,0.00021788268794771976,2.793683898093503,3537.4580318675926,0.75,375.0000000374663,0.7500000000749326,7.493261566793308e-11,6.0850533814122345,0.009161119539902176,0.03963476358246693,0.07105371266076488,solved,28,2,44982,9b2500ce92b1268bc17597b436f730fb0dd69fd18ea7d6195e7e97a68662c015,three_row_sha256,,123ea5ce324bb82567913e1514a410f2bb582a6d8528a6ea98fbb2b74646f92c,a789b01b17129967eecd25421cde715dc938f6e3b95b30f735ff978f0882361e,0.1981719397008419,0.3689560107886791,0.32489700242877007,0.5332210566848516,1.7772899009287357,0.9323961567133665,0.5514249205589294,4.686356987804174,0.0,1697.170545347035,152.8490362688899,289.40925491042435,False,False,False,ok
BNCI2014_001,ebsw_full_ess075,ebsw,full,ess075,normalized,8,3654,289,288,500,500,2,0.0003387290504049206,0.01840459318770509,,,,0.0002700335598170798,2.793683898093503,2970.2469195564345,0.75,374.99999999299433,0.7499999999859887,-1.4011347637676863e-11,6.1048842942005646,0.015356703313767638,0.0488535436491157,0.07815316541157404,solved,30,2,45270,10cdc07dc7719e7bb11a5a8e41c6bd1389398642ed896049df1a8e361dda4ea4,three_row_sha256,,123ea5ce324bb82567913e1514a410f2bb582a6d8528a6ea98fbb2b74646f92c,a789b01b17129967eecd25421cde715dc938f6e3b95b30f735ff978f0882361e,1.7268499359488487,0.37126708775758743,0.21057110279798508,0.8564479649066925,1.8194490112364292,0.6694740150123835,0.38724206387996674,6.041301181539893,0.0,1703.2118465285748,152.8490362688899,289.40925491042435,False,False,False,ok
BNCI2014_001,ebsw_full_ess075,ebsw,full,ess075,normalized,8,3654,290,289,500,500,2,0.0003319135000158551,0.018218493351972197,,,,0.00021876651007072487,2.793683898093503,3695.4426417277127,0.75,374.9999999761986,0.7499999999523972,-4.760281058224791e-11,6.088657726889622,0.009815399361720548,0.042081895676493744,0.07438651528778842,solved,31,2,45559,e313b0b47ec1a6c96c901e6f0191b84b5594ae783ce23ee18b27f6b975e00157,three_row_sha256,,123ea5ce324bb82567913e1514a410f2bb582a6d8528a6ea98fbb2b74646f92c,a789b01b17129967eecd25421cde715dc938f6e3b95b30f735ff978f0882361e,0.42971805669367313,0.4883520305156708,0.2937079407274723,0.6427119951695204,2.316162921488285,1.000183168798685,0.3754391800612211,5.546275293454528,0.0,1708.7581218220294,152.8490362688899,289.40925491042435,False,False,False,ok
BNCI2014_001,ebsw_full_ess075,ebsw,full,ess075,normalized,8,3654,291,290,500,500,2,0.00032724761834795717,0.01808998668733499,,,,0.00021464686723338466,2.793683898093503,3748.863905340857,0.75,374.99999996017425,0.7499999999203485,-7.965150761179984e-11,6.086258669641325,0.009630063174796977,0.04019157467028506,0.07131134938581496,solved,30,2,45849,d716d1a3686e912b9c3a6ad5e0a70031a2b4f272eb92744dd924880ad75dee57,three_row_sha256,,123ea5ce324bb82567913e1514a410f2bb582a6d8528a6ea98fbb2b74646f92c,a789b01b17129967eecd25421cde715dc938f6e3b95b30f735ff978f0882361e,0.21487008780241013,0.30785216949880123,0.21167495287954807,0.5552847869694233,1.772367162629962,0.9045789483934641,1.9337718840688467,5.9003999922424555,0.0,1714.6585218142718,152.8490362688899,289.40925491042435,False,False,False,ok
BNCI2014_001,ebsw_full_ess075,ebsw,full,ess075,normalized,8,3654,292,291,500,500,2,0.00032846304271716095,0.018123549396218196,,,,0.0002312791701249764,2.793683898093503,3485.596521866726,0.75,374.99999995949344,0.7499999999189869,-8.101308512920014e-11,6.0937307808892065,0.0109867578429248,0.04642190838945596,0.07666924238252382,solved,30,2,46140,8e7cefaa31f16024388a797c2730e0eabc8c550ce12a839d70de2e7de6a811f6,three_row_sha256,,123ea5ce324bb82567913e1514a410f2bb582a6d8528a6ea98fbb2b74646f92c,a789b01b17129967eecd25421cde715dc938f6e3b95b30f735ff978f0882361e,0.1967810094356537,0.3712419420480728,0.2878380473703146,0.5786360707134008,1.7389520071446896,0.6809919141232967,0.4876030143350363,4.3420440051704645,0.0,1719.0005658194423,152.8490362688899,289.40925491042435,False,False,False,ok
BNCI2014_001,ebsw_full_ess075,ebsw,full,ess075,normalized,8,3654,293,292,500,500,2,0.00032714991868071526,0.01808728610601146,,,,0.0002099474794838996,2.793683898093503,3934.347429544414,0.75,374.99999997709165,0.7499999999541833,-4.581668378023096e-11,6.084865148509308,0.010710481281090886,0.04074723404259464,0.07039077343617317,solved,30,2,46432,ed8997ba03e8fbbf26854779066bbe98f90216972251c6f884a26e001d6104af,three_row_sha256,,123ea5ce324bb82567913e1514a410f2bb582a6d8528a6ea98fbb2b74646f92c,a789b01b17129967eecd25421cde715dc938f6e3b95b30f735ff978f0882361e,0.22360100410878658,0.4016929306089878,0.3333429340273142,0.6702258251607418,2.5207861326634884,0.8007998112589121,0.6540641188621521,5.604512756690383,0.0,1724.6050785761327,152.8490362688899,289.40925491042435,False,False,False,ok
BNCI2014_001,ebsw_full_ess075,ebsw,full,ess075,normalized,8,3654,294,293,500,500,2,0.0003323131896427196,0.018229459389754805,,,,0.0003156067040193959,2.7936838980935033,2684.1405787603253,0.75,374.9999999530005,0.749999999906001,-9.39990307813332e-11,6.11673704707081,0.020068564791445687,0.04679513581472421,0.07259106291644674,solved,30,2,46725,c73484c0984e8ddef6de31bb6440e3955f2b0a77ef875718b1aa8c3911c3328e,three_row_sha256,,123ea5ce324bb82567913e1514a410f2bb582a6d8528a6ea98fbb2b74646f92c,a789b01b17129967eecd25421cde715dc938f6e3b95b30f735ff978f0882361e,0.2511381171643734,0.3402708098292351,0.3377350512892008,0.6173579022288322,1.781183062121272,0.6435969844460487,0.5595649126917124,4.530846839770675,0.0,1729.1359254159033,152.8490362688899,289.40925491042435,False,False,False,ok
BNCI2014_001,ebsw_full_ess075,ebsw,full,ess075,normalized,8,3654,295,294,500,500,2,0.00033239438444213943,0.01823168627533228,,,,0.0002320597738472112,2.793683898093503,3401.4209940655983,0.75,375.0000000304969,0.7500000000609938,6.099376559376424e-11,6.0932900556186995,0.011178274891827168,0.04508182088870143,0.076718157895631,solved,31,2,47019,8101aceaf1d40024d69a56183101431f8d1cda079869f19c5ca9651ca330633a,three_row_sha256,,123ea5ce324bb82567913e1514a410f2bb582a6d8528a6ea98fbb2b74646f92c,a789b01b17129967eecd25421cde715dc938f6e3b95b30f735ff978f0882361e,0.21753902547061443,0.5292030982673168,0.3089918754994869,0.5921151023358107,2.2092219442129135,0.7640800904482603,0.416718190535903,5.037869326770306,0.0,1734.1737947426736,152.8490362688899,289.40925491042435,False,False,False,ok
BNCI2014_001,ebsw_full_ess075,ebsw,full,ess075,normalized,8,3654,296,295,500,500,2,0.0003322230289467291,0.018226986282617572,,,,0.00022537890622884347,2.793683898093503,3546.8688629417666,0.75,375.00000002645476,0.7500000000529096,5.29095656176537e-11,6.092000461997559,0.009963783874082718,0.04328767005205297,0.07818888256390666,solved,30,2,47314,7b6f5e9449165dbca0f13a55bdc0a9fee9e3023440b9f80abbaf9abb4532c049,three_row_sha256,,123ea5ce324bb82567913e1514a410f2bb582a6d8528a6ea98fbb2b74646f92c,a789b01b17129967eecd25421cde715dc938f6e3b95b30f735ff978f0882361e,0.21521607413887978,0.33018807880580425,0.3543470520526171,0.5562989972531796,1.7637661658227444,0.8976010140031576,1.913778018206358,6.031195400282741,0.0,1740.2049901429564,152.8490362688899,289.40925491042435,False,False,False,ok
BNCI2014_001,ebsw_full_ess075,ebsw,full,ess075,normalized,8,3654,297,296,500,500,2,0.00031936461191938223,0.017870775358651406,,,,0.00021458969324815596,2.793683898093503,3783.971075334312,0.75,374.99999996070363,0.7499999999214073,-7.859268791321483e-11,6.08861969106794,0.009062915817690196,0.041317617408267865,0.07538039151510917,solved,29,2,47610,71af78368c2dc180d51f777dd540411e5277090c0aae9ea4c46c02ae11656a05,three_row_sha256,,123ea5ce324bb82567913e1514a410f2bb582a6d8528a6ea98fbb2b74646f92c,a789b01b17129967eecd25421cde715dc938f6e3b95b30f735ff978f0882361e,0.2776819746941328,0.3918770235031843,0.2905761357396841,0.5636739078909159,1.7768649850040674,1.022844109684229,0.3531710244715214,4.676689160987735,0.0,1744.881679303944,152.8490362688899,289.40925491042435,False,False,False,ok
BNCI2014_001,ebsw_full_ess075,ebsw,full,ess075,normalized,8,3654,298,297,500,500,2,0.0003337984483321351,0.018270151842065655,,,,0.00022179228705302751,2.793683898093503,3626.668299930183,0.75,375.00000001126557,0.7500000000225312,2.2531199128650314e-11,6.0885100258019484,0.009531468973554402,0.042784322450832454,0.07403342411210022,solved,31,2,47907,efd0e885428c7a486bf074c595163b5ec4179ddfce51a513ab55bc37c0c5eed6,three_row_sha256,,123ea5ce324bb82567913e1514a410f2bb582a6d8528a6ea98fbb2b74646f92c,a789b01b17129967eecd25421cde715dc938f6e3b95b30f735ff978f0882361e,0.2141459845006466,0.5325740203261375,0.29225810430943966,0.6022029556334019,1.8059168942272663,0.8537261746823788,0.40771299973130226,4.708537133410573,0.0,1749.5902164373547,152.8490362688899,289.40925491042435,False,False,False,ok
BNCI2014_001,ebsw_full_ess075,ebsw,full,ess075,normalized,8,3654,299,298,500,500,2,0.0003307527121875372,0.01818660804513962,,,,0.00022530370699965486,2.793683898093503,3357.557322593698,0.75,374.99999998468655,0.7499999999693732,-3.0626834401914493e-11,6.090605241876228,0.009126274341505725,0.041679734813084915,0.07456184809676533,solved,31,2,48205,9f83557599671de96bffdb2e90081cfaacdb73858f4b5e9514ac19d617344c55,three_row_sha256,,123ea5ce324bb82567913e1514a410f2bb582a6d8528a6ea98fbb2b74646f92c,a789b01b17129967eecd25421cde715dc938f6e3b95b30f735ff978f0882361e,0.20603695884346962,0.34373695962131023,0.3168110270053148,0.592157943174243,1.7668490763753653,0.9414921514689922,0.5204710178077221,4.687555134296417,0.0,1754.277771571651,152.8490362688899,289.40925491042435,False,False,False,ok
BNCI2014_001,ebsw_full_ess075,ebsw,full,ess075,normalized,8,3654,300,299,500,500,2,0.0003256891398034037,0.018046859555152627,6.748650544980557,0.6570683082366638,34.29316917633362,0.00033022498824806726,2.793683898093503,2654.379509320296,0.75,375.0000000184496,0.7500000000368993,3.689926142413924e-11,6.12232635790771,0.020984608124547385,0.04793798566285454,0.07136279034469434,solved,30,2,48504,2fc16e0d4d5510ee2945696500bac0e497780df1c8dd7a03cdebceca5f1d3959,three_row_sha256,,123ea5ce324bb82567913e1514a410f2bb582a6d8528a6ea98fbb2b74646f92c,a789b01b17129967eecd25421cde715dc938f6e3b95b30f735ff978f0882361e,0.22816983982920647,0.49459096044301987,0.31423894688487053,0.61974604614079,2.2197209764271975,0.8957409299910069,0.6565619260072708,5.428769625723362,10.434509022161365,1759.7065411973745,163.28354529105127,289.40925491042435,False,False,False,ok
BNCI2014_001,ebsw_full_ess075,ebsw,full,ess075,normalized,8,3654,301,300,500,500,2,0.0003247239676734407,0.01802009899177695,,,,0.00027541222361946447,2.793683898093503,3118.074165994376,0.75,374.99999996830934,0.7499999999366187,-6.338130020822064e-11,6.107967022090319,0.017077923982311196,0.048253569978948384,0.0754197759318434,solved,30,2,48804,ece8a4f6e77cbd2cfdea406e2cc9c11af0c5537e7e54f292c33f6f992ad96b0e,three_row_sha256,,123ea5ce324bb82567913e1514a410f2bb582a6d8528a6ea98fbb2b74646f92c,a789b01b17129967eecd25421cde715dc938f6e3b95b30f735ff978f0882361e,0.4416659940034151,0.5304450169205666,0.319621991366148,1.0204671416431665,2.581157023087144,1.1058098170906305,0.1745170447975397,6.17368402890861,0.0,1765.880225226283,163.28354529105127,331.76862983964384,False,False,False,ok
BNCI2014_001,ebsw_full_ess075,ebsw,full,ess075,normalized,8,3654,302,301,500,500,2,0.0003402512908438137,0.018445901735719337,,,,0.00023259490069099854,2.793683898093503,3416.989103254896,0.75,375.00000001134805,0.7500000000226961,2.269606724780715e-11,6.0912235883227925,0.013002994908161092,0.043545996527720884,0.07282354014238629,solved,31,2,49105,876d07e22cc91a75f698b05ac6f3272346c5267d8b6b03f2f7269a60ef4399e0,three_row_sha256,,123ea5ce324bb82567913e1514a410f2bb582a6d8528a6ea98fbb2b74646f92c,a789b01b17129967eecd25421cde715dc938f6e3b95b30f735ff978f0882361e,0.28665317222476006,0.6215549074113369,0.22261589765548706,0.7700941059738398,1.7288769595324993,0.8647190406918526,0.40194904431700706,4.896463127806783,0.0,1770.7766883540899,163.28354529105127,331.76862983964384,False,False,False,ok
BNCI2014_001,ebsw_full_ess075,ebsw,full,ess075,normalized,8,3654,303,302,500,500,2,0.0003363478346878122,0.018339788294519984,,,,0.0002470497905687903,2.793683898093503,3317.335924343817,0.75,375.0000000470224,0.7500000000940449,9.404488299225022e-11,6.098519491266409,0.0133581868594534,0.0459317666716313,0.07548477357637025,solved,30,2,49407,49b5109e8b3ddfc235d6556bc8ec975d0cb7999d276d8ec57a9d6208b4aeb3b6,three_row_sha256,,123ea5ce324bb82567913e1514a410f2bb582a6d8528a6ea98fbb2b74646f92c,a789b01b17129967eecd25421cde715dc938f6e3b95b30f735ff978f0882361e,0.23806188255548477,0.3277959767729044,0.2958469558507204,0.674643088132143,2.0130211487412453,1.1193850077688694,0.536605017259717,5.205359077081084,0.0,1775.982047431171,163.28354529105127,331.76862983964384,False,False,False,ok
BNCI2014_001,ebsw_full_ess075,ebsw,full,ess075,normalized,8,3654,304,303,500,500,2,0.0003275910580393562,0.01809947673385494,,,,0.00028989549874519003,2.793683898093503,2956.0234292375144,0.75,375.00000000826213,0.7500000000165243,1.6524337453915905e-11,6.110954302553415,0.01867999234076492,0.04832537790248202,0.07324669312642848,solved,31,2,49710,0cd26477b0986ae949797e449609ea7a0064b6199ed020b3e4ab530b410db71c,three_row_sha256,,123ea5ce324bb82567913e1514a410f2bb582a6d8528a6ea98fbb2b74646f92c,a789b01b17129967eecd25421cde715dc938f6e3b95b30f735ff978f0882361e,0.23141293786466122,0.35095098428428173,0.3832059446722269,0.7061029318720102,2.134628128260374,0.7630328182131052,0.3516729921102524,4.921006737276912,0.0,1780.9030541684479,163.28354529105127,331.76862983964384,False,False,False,ok
BNCI2014_001,ebsw_full_ess075,ebsw,full,ess075,normalized,8,3654,305,304,500,500,2,0.00031611727323530123,0.01777968709610215,,,,0.0002568877284787222,2.793683898093503,3483.447153599392,0.75,375.00000003872213,0.7500000000774443,7.744427321654257e-11,6.102256973578974,0.016964338276450854,0.04593642512174572,0.07046066588407278,solved,31,2,50014,5bb26a9f3ce53a2c6127124372706826c9201c81c0b713d62640b8b2bb3ee7e5,three_row_sha256,,123ea5ce324bb82567913e1514a410f2bb582a6d8528a6ea98fbb2b74646f92c,a789b01b17129967eecd25421cde715dc938f6e3b95b30f735ff978f0882361e,0.3887079656124115,0.4965709522366524,0.2884799614548683,0.9744260460138321,1.8248199485242367,0.6160768680274487,0.17314287833869457,4.762224620208144,0.0,1785.665278788656,163.28354529105127,331.76862983964384,False,False,False,ok
BNCI2014_001,ebsw_full_ess075,ebsw,full,ess075,normalized,8,3654,306,305,500,500,2,0.00032171490455362045,0.01793641281175309,,,,0.0002557630245896925,2.793683898093503,3128.327308911858,0.75,375.000000039231,0.750000000078462,7.846201466321645e-11,6.103547977174093,0.013490763567963946,0.050811533861962244,0.07934530931718646,solved,30,2,50319,af478021c8e563718348028ffaa0808b5eeee6557c81e8141bb1c20202b9cff4,three_row_sha256,,123ea5ce324bb82567913e1514a410f2bb582a6d8528a6ea98fbb2b74646f92c,a789b01b17129967eecd25421cde715dc938f6e3b95b30f735ff978f0882361e,0.21253200247883797,0.19584898836910725,0.21235807798802853,0.9551940020173788,1.9456399604678154,0.9037209674715996,0.2841490786522627,4.70944307744503,0.0,1790.374721866101,163.28354529105127,331.76862983964384,False,False,False,ok
BNCI2014_001,ebsw_full_ess075,ebsw,full,ess075,normalized,8,3654,307,306,500,500,2,0.0003226768119229301,0.01796320717252156,,,,0.00023512380552297745,2.793683898093503,3543.969879544727,0.75,374.99999996090514,0.7499999999218103,-7.81896769552759e-11,6.095816818792992,0.013293733474229017,0.04584234490285679,0.07565158318289367,solved,31,2,50625,145d7e61f6c8a6e0a56f6445e37bb05adc2ce3af7238b0325320280cb1af1755,three_row_sha256,,123ea5ce324bb82567913e1514a410f2bb582a6d8528a6ea98fbb2b74646f92c,a789b01b17129967eecd25421cde715dc938f6e3b95b30f735ff978f0882361e,0.20632101222872734,0.19658799283206463,0.2120251301676035,0.5824279505759478,1.836620969697833,0.6195970345288515,0.17804489471018314,3.831624984741211,0.0,1794.2063468508422,163.28354529105127,331.76862983964384,False,False,False,ok
BNCI2014_001,ebsw_full_ess075,ebsw,full,ess075,normalized,8,3654,308,307,500,500,2,0.0003330238736728734,0.018248941713778184,,,,0.00027383128314531057,2.793683898093503,2869.087146845386,0.75,374.99999999443475,0.7499999999888695,-1.1130540933379507e-11,6.107273613784045,0.01522642621555167,0.050882700844024326,0.08037069775219648,solved,31,2,50932,6c63baf964013068326857aacdc0ec54c16285fdfe34ff1b50da20c1fff0933b,three_row_sha256,,123ea5ce324bb82567913e1514a410f2bb582a6d8528a6ea98fbb2b74646f92c,a789b01b17129967eecd25421cde715dc938f6e3b95b30f735ff978f0882361e,0.20939484238624573,0.19645015709102154,0.21315296180546284,0.5896240472793579,1.7091301269829273,0.8594000246375799,0.5065491423010826,4.283701302483678,0.0,1798.490048153326,163.28354529105127,331.76862983964384,False,False,False,ok
BNCI2014_001,ebsw_full_ess075,ebsw,full,ess075,normalized,8,3654,309,308,500,500,2,0.00033648718167427654,0.01834358693588243,,,,0.00026530356056266605,2.793683898093503,2989.100038830228,0.75,375.0000000439494,0.7500000000878988,8.789879935022782e-11,6.104099481973615,0.015167008291516945,0.049840949765176064,0.07622374309891644,solved,30,2,51240,1ba6897ea62ddfabc8330e1b96c30e80ae704e50e30fd51968eb1d363d86d49c,three_row_sha256,,123ea5ce324bb82567913e1514a410f2bb582a6d8528a6ea98fbb2b74646f92c,a789b01b17129967eecd25421cde715dc938f6e3b95b30f735ff978f0882361e,0.21426891908049583,0.46150200068950653,0.2975170500576496,0.6116668228060007,2.5189609732478857,1.1019657831639051,0.4243291914463043,5.630210740491748,0.0,1804.1202588938177,163.28354529105127,331.76862983964384,False,False,False,ok
BNCI2014_001,ebsw_full_ess075,ebsw,full,ess075,normalized,8,3654,310,309,500,500,2,0.00032984557916200486,0.018161651333565593,,,,0.000312918261707321,2.793683898093503,2469.66086669153,0.75,374.9999999933581,0.7499999999867162,-1.3283818489639998e-11,6.118527256854813,0.015841921351800927,0.054355901197871634,0.08010971607864967,solved,29,2,51549,776c604700748a99acf871bb44b65788b49a2ec4599115eeea9e6cf2a42c37bf,three_row_sha256,,123ea5ce324bb82567913e1514a410f2bb582a6d8528a6ea98fbb2b74646f92c,a789b01b17129967eecd25421cde715dc938f6e3b95b30f735ff978f0882361e,0.24565891362726688,0.3480929881334305,0.33902889117598534,0.6010059732943773,1.9898719619959593,0.7775570265948772,0.4107900895178318,4.712005844339728,0.0,1808.8322647381574,163.28354529105127,331.76862983964384,False,False,False,ok
BNCI2014_001,ebsw_full_ess075,ebsw,full,ess075,normalized,8,3654,311,310,500,500,2,0.0003397572377679851,0.018432504923856254,,,,0.0002267509443178131,2.793683898093503,3385.1567153313745,0.75,375.0000000200564,0.7500000000401128,4.0112801968916756e-11,6.089389003866923,0.011497855063726001,0.03993590592984248,0.06990799654472782,solved,29,2,51859,308e7ec86683812f56e417ee11a76c238482f5f8acbc56d19458c94f1364f106,three_row_sha256,,123ea5ce324bb82567913e1514a410f2bb582a6d8528a6ea98fbb2b74646f92c,a789b01b17129967eecd25421cde715dc938f6e3b95b30f735ff978f0882361e,0.21115713752806187,0.3699879162013531,0.28814002871513367,0.7202751003205776,3.42185003682971,0.7578909862786531,0.42118411511182785,6.190485320985317,0.0,1815.0227500591427,163.28354529105127,331.76862983964384,False,False,False,ok
BNCI2014_001,ebsw_full_ess075,ebsw,full,ess075,normalized,8,3654,312,311,500,500,2,0.00033033910220123925,0.018175233208991823,,,,0.00022338106270132155,2.793683898093503,3542.2988473210808,0.75,374.99999996390125,0.7499999999278025,-7.219747022446654e-11,6.0897855634216596,0.010474871998688249,0.04298979568891724,0.07365220285309085,solved,26,2,52170,ebb912555138228726f785641f16b92349ec2b7b9551bcc1d2fc20b26fcc66aa,three_row_sha256,,123ea5ce324bb82567913e1514a410f2bb582a6d8528a6ea98fbb2b74646f92c,a789b01b17129967eecd25421cde715dc938f6e3b95b30f735ff978f0882361e,0.21241605281829834,0.3079578746110201,0.21237297914922237,0.8177850395441055,1.9113270100206137,0.6134051363915205,0.16402010805904865,4.239284200593829,0.0,1819.2620342597365,163.28354529105127,331.76862983964384,False,False,False,ok
BNCI2014_001,ebsw_full_ess075,ebsw,full,ess075,normalized,8,3654,313,312,500,500,2,0.0003331175547203601,0.018251508286176246,,,,0.00033624686978169155,2.793683898093503,2529.7867452192777,0.75,374.999999993953,0.749999999987906,-1.2093992474149218e-11,6.121259363960458,0.020977323971189333,0.04740106380574258,0.07157778051006841,solved,32,2,52482,c0ffcf0a7e76c3c2001e37fb731030fa7b03f2ab2a34651d50454bdc3b5887a8,three_row_sha256,,123ea5ce324bb82567913e1514a410f2bb582a6d8528a6ea98fbb2b74646f92c,a789b01b17129967eecd25421cde715dc938f6e3b95b30f735ff978f0882361e,0.20264694467186928,0.19704201258718967,0.2120130229741335,0.5781559739261866,1.7617559060454369,0.6335638463497162,0.6641941145062447,4.249371821060777,0.0,1823.5114060807973,163.28354529105127,331.76862983964384,False,False,False,ok
BNCI2014_001,ebsw_full_ess075,ebsw,full,ess075,normalized,8,3654,314,313,500,500,2,0.0003346267661312158,0.018292806403917793,,,,0.00029973564855061987,2.793683898093503,2775.049392671904,0.75,375.0000000394705,0.750000000078941,7.894096487603974e-11,6.112257750373857,0.01895479898420837,0.04683036998771976,0.07229761709645117,solved,31,2,52795,1beabadffe1aaf1e30e962d818c15923b423a7f62ef2caebb66913458c137bcb,three_row_sha256,,123ea5ce324bb82567913e1514a410f2bb582a6d8528a6ea98fbb2b74646f92c,a789b01b17129967eecd25421cde715dc938f6e3b95b30f735ff978f0882361e,0.2065619919449091,0.19489997066557407,0.21404284052550793,0.6428679917007685,2.05112318508327,0.7238578982651234,0.38959900848567486,4.422952886670828,0.0,1827.9343589674681,163.28354529105127,331.76862983964384,False,False,False,ok
BNCI2014_001,ebsw_full_ess075,ebsw,full,ess075,normalized,8,3654,315,314,500,500,2,0.0003260589298153757,0.018057101921830528,,,,0.00023494684419529696,2.793683898093503,3212.9785164332325,0.75,375.0000000225626,0.7500000000451251,4.512512585819195e-11,6.094846815806103,0.010930864370923839,0.04461583833404785,0.07451439457160058,solved,26,2,53109,915ac9372f047aab95f68b1e2d728246467bd498b3e9874f8bd4734fa9b29f6a,three_row_sha256,,123ea5ce324bb82567913e1514a410f2bb582a6d8528a6ea98fbb2b74646f92c,a789b01b17129967eecd25421cde715dc938f6e3b95b30f735ff978f0882361e,0.2097098622471094,0.20127510651946068,0.21240697242319584,0.5814679898321629,1.5668298583477736,0.7274129893630743,0.42261905036866665,3.9217218291014433,0.0,1831.8560807965696,163.28354529105127,331.76862983964384,False,False,False,ok
BNCI2014_001,ebsw_full_ess075,ebsw,full,ess075,normalized,8,3654,316,315,500,500,2,0.00032528506504836836,0.018035660926297332,,,,0.00033356210204047457,2.793683898093503,2662.289045266866,0.75,375.00000002633595,0.750000000052672,5.2671977890383914e-11,6.1224074028875055,0.021701794800847985,0.04393367972517109,0.06728980366865986,solved,29,2,53424,e7f6f74a018a7bbae891b7fea13326576db8ec718df4e6b1e520bfc3b41b52c5,three_row_sha256,,123ea5ce324bb82567913e1514a410f2bb582a6d8528a6ea98fbb2b74646f92c,a789b01b17129967eecd25421cde715dc938f6e3b95b30f735ff978f0882361e,0.21624797955155373,0.36736694164574146,0.29742904007434845,0.7083439268171787,2.704267855733633,0.6350150797516108,0.4071570001542568,5.335827823728323,0.0,1837.191908620298,163.28354529105127,331.76862983964384,False,False,False,ok
BNCI2014_001,ebsw_full_ess075,ebsw,full,ess075,normalized,8,3654,317,316,500,500,2,0.0003413589481474288,0.01847590182230434,,,,0.00024679511937790243,2.793683898093503,3032.518785519846,0.75,375.00000000183934,0.7500000000036787,3.678723992095456e-12,6.097402080189745,0.011414489161771173,0.04760498318733772,0.07853165583925015,solved,32,2,53740,7cf2c6c22653ed97eeed04392004386dcfa9be7a9d33c1180256245a0cbe3fbc,three_row_sha256,,123ea5ce324bb82567913e1514a410f2bb582a6d8528a6ea98fbb2b74646f92c,a789b01b17129967eecd25421cde715dc938f6e3b95b30f735ff978f0882361e,0.3675101324915886,0.3973180428147316,0.2881928812712431,0.5967768374830484,2.025766996666789,0.6240480579435825,0.16612396575510502,4.465736914426088,0.0,1841.657645534724,163.28354529105127,331.76862983964384,False,False,False,ok
BNCI2014_001,ebsw_full_ess075,ebsw,full,ess075,normalized,8,3654,318,317,500,500,2,0.0003326872420811476,0.018239716063610956,,,,0.00026799272713756884,2.793683898093503,3137.0376807613047,0.75,375.0000000077486,0.7500000000154973,1.5497270133835173e-11,6.104016282808507,0.016266729301682662,0.04686142348217916,0.07181966266172668,solved,31,2,54057,e3387d69fb97b72d69ee265f17d398bc99cfe933d90bb386177c3484b81b50a4,three_row_sha256,,123ea5ce324bb82567913e1514a410f2bb582a6d8528a6ea98fbb2b74646f92c,a789b01b17129967eecd25421cde715dc938f6e3b95b30f735ff978f0882361e,0.21360511891543865,0.1942811068147421,0.21128705702722073,0.5950380582362413,1.8418950494378805,0.7774520199745893,0.4039010964334011,4.237459506839514,0.0,1845.8951050415635,163.28354529105127,331.76862983964384,False,False,False,ok
BNCI2014_001,ebsw_full_ess075,ebsw,full,ess075,normalized,8,3654,319,318,500,500,2,0.00033659003726855695,0.018346390306230732,,,,0.0002386023972167406,2.793683898093503,3238.2900208474175,0.75,374.9999999535518,0.7499999999071036,-9.28963572732755e-11,6.095715836156603,0.011624760890838914,0.04466405022180109,0.07896048019912018,solved,31,2,54375,031a9f6c2ed7b7aa33e9322842374cf8634f8682dedd668b387dafa835e29cec,three_row_sha256,,123ea5ce324bb82567913e1514a410f2bb582a6d8528a6ea98fbb2b74646f92c,a789b01b17129967eecd25421cde715dc938f6e3b95b30f735ff978f0882361e,0.22279308177530766,1.8764070700854063,0.28933584690093994,0.925359083339572,2.014824189245701,0.7220788393169641,0.17730006948113441,6.228098180145025,0.0,1852.1232032217085,163.28354529105127,331.76862983964384,False,False,False,ok
BNCI2014_001,ebsw_full_ess075,ebsw,full,ess075,normalized,8,3654,320,319,500,500,2,0.0003264304106366117,0.018067385273929697,,,,0.00031165077212674737,2.793683898093503,2753.6559772628316,0.75,375.0000000345227,0.7500000000690454,6.904543603525326e-11,6.118789874974196,0.01917507005182315,0.05036590435396386,0.07160571844391497,solved,30,2,54694,7dd90d6bb20f5ddd94589d7aac0b694cc66fc8b6538d57905009d91694c1d030,three_row_sha256,,123ea5ce324bb82567913e1514a410f2bb582a6d8528a6ea98fbb2b74646f92c,a789b01b17129967eecd25421cde715dc938f6e3b95b30f735ff978f0882361e,0.22192602045834064,0.38546998985111713,0.30945101752877235,0.6204019300639629,2.0637018606066704,1.2406359892338514,0.30999002046883106,5.151576828211546,0.0,1857.27478004992,163.28354529105127,331.76862983964384,False,False,False,ok
BNCI2014_001,ebsw_full_ess075,ebsw,full,ess075,normalized,8,3654,321,320,500,500,2,0.00032502918672497604,0.018028565853250116,,,,0.00025648968964122893,2.793683898093503,3209.2629535810356,0.75,375.0000000258567,0.7500000000517134,5.1713411330922554e-11,6.10265775228327,0.014352330939359894,0.049672157667343175,0.07869552947538366,solved,31,2,55014,df86ea6e12862a06ef859d5cd3c8ca9bce8019240207579ac9c35dd8fcdbfd01,three_row_sha256,,123ea5ce324bb82567913e1514a410f2bb582a6d8528a6ea98fbb2b74646f92c,a789b01b17129967eecd25421cde715dc938f6e3b95b30f735ff978f0882361e,0.3295538481324911,0.194113003090024,0.21172990091145039,0.6316420622169971,2.1577950101345778,0.7586029823869467,0.16855099238455296,4.45198779925704,0.0,1861.7267678491771,163.28354529105127,331.76862983964384,False,False,False,ok
BNCI2014_001,ebsw_full_ess075,ebsw,full,ess075,normalized,8,3654,322,321,500,500,2,0.00033542484482194186,0.018314607416538904,,,,0.00024429126292724643,2.793683898093503,3396.660785481765,0.75,374.99999996684653,0.749999999933693,-6.630695992271285e-11,6.096539938048126,0.013689138244323773,0.047906863242902754,0.07538393235208199,solved,31,2,55335,07919142d4ef01a63b0af7d79936c3decadf2fb424a72c805d7a6ad0c7fd8d21,three_row_sha256,,123ea5ce324bb82567913e1514a410f2bb582a6d8528a6ea98fbb2b74646f92c,a789b01b17129967eecd25421cde715dc938f6e3b95b30f735ff978f0882361e,0.21358300000429153,0.4030750133097172,0.3833658993244171,0.5906568840146065,2.1777290385216475,0.696263974532485,0.4387039225548506,4.903377732262015,0.0,1866.6301455814391,163.28354529105127,331.76862983964384,False,False,False,ok
BNCI2014_001,ebsw_full_ess075,ebsw,full,ess075,normalized,8,3654,323,322,500,500,2,0.00033205107047856275,0.018222268532720146,,,,0.00027955056425227635,2.793683898093503,3004.8856709513357,0.75,374.9999999529238,0.7499999999058476,-9.415235258103394e-11,6.107883495666511,0.0166825095448169,0.04802764903536183,0.0714478703918289,solved,31,2,55657,ca7c2a6c9d470294b383e69175766594c6a3d3ae755f97e6466f49ae3af1a124,three_row_sha256,,123ea5ce324bb82567913e1514a410f2bb582a6d8528a6ea98fbb2b74646f92c,a789b01b17129967eecd25421cde715dc938f6e3b95b30f735ff978f0882361e,0.24382793344557285,0.19436515867710114,0.21177716553211212,0.5929421167820692,1.8257810734212399,0.7663220167160034,0.41315797716379166,4.24817344173789,0.0,1870.878319023177,163.28354529105127,331.76862983964384,False,False,False,ok
BNCI2014_001,ebsw_full_ess075,ebsw,full,ess075,normalized,8,3654,324,323,500,500,2,0.00033884700525387733,0.018407797403651456,,,,0.00026544153729377674,2.793683898093503,3047.265195169998,0.75,375.0000000387641,0.7500000000775282,7.752820607720423e-11,6.102670758774617,0.015137375581263619,0.04672757882368742,0.07520612372620135,solved,29,2,55980,e5257cd292d5edf1afb91ca0048d5497d7d2e9bea8043d68989674b7eaab04df,three_row_sha256,,123ea5ce324bb82567913e1514a410f2bb582a6d8528a6ea98fbb2b74646f92c,a789b01b17129967eecd25421cde715dc938f6e3b95b30f735ff978f0882361e,0.31393300741910934,0.49742194823920727,0.29607699252665043,0.5892680492252111,1.9564449321478605,0.61238300986588,0.16436795704066753,4.429895896464586,0.0,1875.3082149196416,163.28354529105127,331.76862983964384,False,False,False,ok
BNCI2014_001,ebsw_full_ess075,ebsw,full,ess075,normalized,8,3654,325,324,500,500,2,0.00031823421128069496,0.0178391202496282,6.748445622256705,0.6570483563623472,34.29516436376529,0.00038228074071182036,2.793683898093503,2339.583375825863,0.75,375.0000000145081,0.7500000000290162,2.901623386009078e-11,6.134913386953846,0.023451930792575914,0.04555946485243093,0.065582177477081,solved,30,2,56304,7a76a3bd822803251d9f0acb0c2bd1ee8c149c4e1ded9b447d9b046af917e6f8,three_row_sha256,,123ea5ce324bb82567913e1514a410f2bb582a6d8528a6ea98fbb2b74646f92c,a789b01b17129967eecd25421cde715dc938f6e3b95b30f735ff978f0882361e,0.21195784211158752,0.19364804029464722,0.21235295571386814,0.6394239608198404,2.2224069107323885,0.8813098538666964,0.36912504583597183,4.730224609375,11.448367033153772,1880.0384395290166,174.73191232420504,331.76862983964384,False,False,False,ok
BNCI2014_001,ebsw_full_ess075,ebsw,full,ess075,normalized,8,3654,326,325,500,500,2,0.00033570928586848026,0.01832237118575214,,,,0.00021591340662746798,2.793683898093503,3767.559426746778,0.75,375.00000001578576,0.7500000000315715,3.157152317356804e-11,6.085768820596737,0.009271886299247573,0.04143864894344369,0.07190647288881048,solved,26,2,56629,244db81162df3e57740f679fa2a61835d3bc433c53c28ccbdca1cd4f21c3ada2,three_row_sha256,,123ea5ce324bb82567913e1514a410f2bb582a6d8528a6ea98fbb2b74646f92c,a789b01b17129967eecd25421cde715dc938f6e3b95b30f735ff978f0882361e,0.33070589415729046,0.4748408682644367,0.2998071722686291,2.2741660941392183,1.842146972194314,0.7518138736486435,0.3777609672397375,6.35124184191227,0.0,1886.3896813709289,174.73191232420504,331.76862983964384,False,False,False,ok
BNCI2014_001,ebsw_full_ess075,ebsw,full,ess075,normalized,8,3654,327,326,500,500,2,0.0003437784303831437,0.018541262912303028,,,,0.0003107296516292694,2.793683898093503,2609.641903188475,0.75,374.999999959459,0.749999999918918,-8.108202997902936e-11,6.114541661985422,0.01876698120364977,0.04925642949436633,0.07737537668298347,solved,27,2,56955,74d5d43f24202b7ecc4037ad1ca98a683afb688ff25cd1c9816df4e368207125,three_row_sha256,,123ea5ce324bb82567913e1514a410f2bb582a6d8528a6ea98fbb2b74646f92c,a789b01b17129967eecd25421cde715dc938f6e3b95b30f735ff978f0882361e,0.42925705201923847,0.4516751505434513,0.30419998802244663,0.8262209594249725,2.627795096486807,0.8135398384183645,0.26366906240582466,5.716357147321105,0.0,1892.10603851825,174.73191232420504,331.76862983964384,False,False,False,ok
BNCI2014_001,ebsw_full_ess075,ebsw,full,ess075,normalized,8,3654,328,327,500,500,2,0.00034276324188096057,0.01851386620565679,,,,0.00025504529468143753,2.793683898093503,2923.8018967936514,0.75,375.0000000422258,0.7500000000844516,8.445155685876671e-11,6.100149192262501,0.012057234131586847,0.04871979682839013,0.08020994251555039,solved,31,2,57282,4e005a05beed6f394865c381bbd7e12f8f3b33b3765d75677d2bda7f0b32a280,three_row_sha256,,123ea5ce324bb82567913e1514a410f2bb582a6d8528a6ea98fbb2b74646f92c,a789b01b17129967eecd25421cde715dc938f6e3b95b30f735ff978f0882361e,0.3321149852126837,0.3638169728219509,0.37879496812820435,1.1549349874258041,2.4715762119740248,0.6584171205759048,0.3667480777949095,5.726403323933482,0.0,1897.8324418421835,174.73191232420504,331.76862983964384,False,False,False,ok
BNCI2014_001,ebsw_full_ess075,ebsw,full,ess075,normalized,8,3654,329,328,500,500,2,0.00033548577527434684,0.0183162707796742,,,,0.0002210689778894601,2.793683898093503,3568.5139783705918,0.75,375.0000000254157,0.7500000000508315,5.083145016016033e-11,6.088277910965792,0.008979292882747049,0.04156106974959825,0.07373094351081487,solved,31,2,57610,e66edadf16ce175211d6e623f1df622e7bef7d0ff9b47d62fa58fe63e93103a1,three_row_sha256,,123ea5ce324bb82567913e1514a410f2bb582a6d8528a6ea98fbb2b74646f92c,a789b01b17129967eecd25421cde715dc938f6e3b95b30f735ff978f0882361e,0.21384889259934425,0.3394540399312973,0.29426487162709236,0.6034839898347855,2.5950181297957897,0.8685251232236624,0.36159297451376915,5.276188021525741,0.0,1903.1086298637092,174.73191232420504,331.76862983964384,False,False,False,ok
BNCI2014_001,ebsw_full_ess075,ebsw,full,ess075,normalized,8,3654,330,329,500,500,2,0.0003410025835163796,0.01846625526511479,,,,0.00023091503096945218,2.793683898093503,3332.3273709737296,0.75,375.0000000357308,0.7500000000714616,7.146161440374499e-11,6.090150084532079,0.011453062110108554,0.042167050174992726,0.07180442465424687,solved,31,2,57939,29f7156a6f75c3022955a595c0ffd89109081a5941efa8ef3326ab92f95e8614,three_row_sha256,,123ea5ce324bb82567913e1514a410f2bb582a6d8528a6ea98fbb2b74646f92c,a789b01b17129967eecd25421cde715dc938f6e3b95b30f735ff978f0882361e,0.39767916314303875,1.8002178985625505,0.3108580131083727,1.0252820793539286,1.9501319620758295,0.6363070569932461,0.1709568314254284,6.2914330046623945,0.0,1909.4000628683716,174.73191232420504,331.76862983964384,False,False,False,ok
BNCI2014_001,ebsw_full_ess075,ebsw,full,ess075,normalized,8,3654,331,330,500,500,2,0.00033630440278517365,0.01833860416676181,,,,0.00022127134753007488,2.793683898093503,3427.765278656897,0.75,374.9999999875578,0.7499999999751157,-2.4884316829343334e-11,6.088579368693721,0.00940510457382408,0.039902993602256354,0.0719033378559556,solved,29,2,58269,82fc4dd7b84b9a1098a09edb124469e8c5d303903edeecfe4cfb4ea1ed178810,three_row_sha256,,123ea5ce324bb82567913e1514a410f2bb582a6d8528a6ea98fbb2b74646f92c,a789b01b17129967eecd25421cde715dc938f6e3b95b30f735ff978f0882361e,0.2437459770590067,0.34108199179172516,0.327911926433444,0.6046600174158812,1.834383001551032,0.8921429980546236,0.5092630162835121,4.753188928589225,0.0,1914.1532517969608,174.73191232420504,331.76862983964384,False,False,False,ok
BNCI2014_001,ebsw_full_ess075,ebsw,full,ess075,normalized,8,3654,332,331,500,500,2,0.0003266018763613871,0.018072129823609256,,,,0.00021382378853601432,2.793683898093503,3819.4310646407166,0.75,374.999999993792,0.749999999987584,-1.2415957151290513e-11,6.086228076949936,0.010810807637373335,0.039659207863235846,0.07069671689294338,solved,31,2,58600,b7a2da77603aa50362c8d1447ab63df3cac73eaa3b353bc16907832700657d9b,three_row_sha256,,123ea5ce324bb82567913e1514a410f2bb582a6d8528a6ea98fbb2b74646f92c,a789b01b17129967eecd25421cde715dc938f6e3b95b30f735ff978f0882361e,0.32385997474193573,0.48996414989233017,0.3007939085364342,1.1385749094188213,4.149660002440214,0.955154187977314,0.35497499629855156,7.712982129305601,0.0,1921.8662339262664,174.73191232420504,331.76862983964384,False,False,False,ok
BNCI2014_001,ebsw_full_ess075,ebsw,full,ess075,normalized,8,3654,333,332,500,500,2,0.00033558275053168103,0.01831891783189392,,,,0.00028571870089231724,2.793683898093503,3088.9070699169833,0.75,375.00000003746436,0.7500000000749287,7.492872988734689e-11,6.107772224562189,0.018843087660279575,0.04267133312263083,0.0675610953234775,solved,31,2,58932,53bf40c3e603faa1fd0909f41aa52d072a336bb2d748b79a114e071ba7006d97,three_row_sha256,,123ea5ce324bb82567913e1514a410f2bb582a6d8528a6ea98fbb2b74646f92c,a789b01b17129967eecd25421cde715dc938f6e3b95b30f735ff978f0882361e,0.3815928939729929,0.35433797165751457,0.3738328814506531,0.9117969311773777,2.777285873889923,1.0441159829497337,1.8310709856450558,7.674033520743251,0.0,1929.5402674470097,174.73191232420504,331.76862983964384,False,False,False,ok
BNCI2014_001,ebsw_full_ess075,ebsw,full,ess075,normalized,8,3654,334,333,500,500,2,0.00030960718001992653,0.017595657987694763,,,,0.00023971861560321468,2.793683898093503,3630.7910789409607,0.75,375.00000001762237,0.7500000000352448,3.524480707284283e-11,6.098512798293429,0.015272627296119964,0.0450582214858258,0.07498499291448538,solved,28,2,59265,b7ed7e2e3fe0c1a265a3f8f9221ef754b9f3c6b0440fa145941a383bf2ba8298,three_row_sha256,,123ea5ce324bb82567913e1514a410f2bb582a6d8528a6ea98fbb2b74646f92c,a789b01b17129967eecd25421cde715dc938f6e3b95b30f735ff978f0882361e,0.3077469300478697,0.3267989959567785,0.383094884455204,1.1039001401513815,2.5229519233107567,0.809855991974473,0.2668572124093771,5.7212060783058405,0.0,1935.2614735253155,174.73191232420504,331.76862983964384,False,False,False,ok
BNCI2014_001,ebsw_full_ess075,ebsw,full,ess075,normalized,8,3654,335,334,500,500,2,0.00033050956916257383,0.01817992214401849,,,,0.00031753752033918895,2.793683898093503,2768.5883224342633,0.75,375.00000003086495,0.75000000006173,6.172995448139318e-11,6.117698265295304,0.020362191835695032,0.047527955687817036,0.0723793329065095,solved,31,2,59599,cf5e1c86b53a8727e985d3ad074fa64567a089d230c7050ff4e638e3f3232492,three_row_sha256,,123ea5ce324bb82567913e1514a410f2bb582a6d8528a6ea98fbb2b74646f92c,a789b01b17129967eecd25421cde715dc938f6e3b95b30f735ff978f0882361e,0.28356676921248436,0.3348661120980978,0.310670118778944,1.1212809477001429,2.8310471680015326,0.8731088601052761,0.46219187788665295,6.216731853783131,0.0,1941.4782053790987,174.73191232420504,331.76862983964384,False,False,False,ok
BNCI2014_001,ebsw_full_ess075,ebsw,full,ess075,normalized,8,3654,336,335,500,500,2,0.0003290813242689122,0.01814059878474005,,,,0.00022475365977323632,2.793683898093503,3573.308741297298,0.75,375.00000000764214,0.7500000000152843,1.5284329357712068e-11,6.089764896143809,0.011974064600894879,0.04079504554752592,0.07244562403449015,solved,31,2,59934,e8d129a5b431ea7180463ab45cb8358a9d0db02ec4484361d0ba62e5f9462ccf,three_row_sha256,,123ea5ce324bb82567913e1514a410f2bb582a6d8528a6ea98fbb2b74646f92c,a789b01b17129967eecd25421cde715dc938f6e3b95b30f735ff978f0882361e,0.410082982853055,0.21782191470265388,0.31172391027212143,0.787138007581234,2.5268380995839834,0.9596629533916712,0.40182704105973244,5.615094909444451,0.0,1947.093300288543,174.73191232420504,331.76862983964384,False,False,False,ok
BNCI2014_001,ebsw_full_ess075,ebsw,full,ess075,normalized,8,3654,337,336,500,500,2,0.00033097864142409385,0.018192818402438197,,,,0.0002401543201545884,2.793683898093503,3264.0521886896604,0.75,375.00000003752905,0.7500000000750581,7.505807086971572e-11,6.0951759989604515,0.012416487813720484,0.04515001425658778,0.07566077778367487,solved,31,2,60270,b293746ee59fafced8ce0be82e1295de36d0936c6470aa48319a546a12cb4bdc,three_row_sha256,,123ea5ce324bb82567913e1514a410f2bb582a6d8528a6ea98fbb2b74646f92c,a789b01b17129967eecd25421cde715dc938f6e3b95b30f735ff978f0882361e,0.32110908068716526,0.2338029444217682,0.23217219859361649,0.9417140390723944,2.8681629337370396,0.864849891513586,0.5073398351669312,5.969150923192501,0.0,1953.0624512117356,174.73191232420504,331.76862983964384,False,False,False,ok
BNCI2014_001,ebsw_full_ess075,ebsw,full,ess075,normalized,8,3654,338,337,500,500,2,0.0003411740759560426,0.018470898082011133,,,,0.0002646902235691606,2.793683898093503,3022.961592176999,0.75,374.9999999961928,0.7499999999923856,-7.614353592089174e-12,6.104059448827503,0.01307221089656904,0.05188156174568678,0.08012091340424338,solved,31,2,60607,451b9e0372811f1a74dad30fde3b7e4e4391eed65b309655344e8bf0e49f89ef,three_row_sha256,,123ea5ce324bb82567913e1514a410f2bb582a6d8528a6ea98fbb2b74646f92c,a789b01b17129967eecd25421cde715dc938f6e3b95b30f735ff978f0882361e,0.4318240098655224,0.3782249987125397,0.31103286892175674,0.7721770089119673,2.516604959964752,0.8464890997856855,0.3712470643222332,5.627600010484457,0.0,1958.69005122222,174.73191232420504,331.76862983964384,False,False,False,ok
BNCI2014_001,ebsw_full_ess075,ebsw,full,ess075,normalized,8,3654,339,338,500,500,2,0.00032752307459435226,0.018097598586396823,,,,0.0002252554025773263,2.793683898093503,3646.0572896841936,0.75,374.99999997994473,0.7499999999598895,-4.011047050056504e-11,6.091596427862097,0.010401353337256133,0.04278834129622873,0.07572371610756268,solved,31,2,60945,74969150c716161b301f079f39a7edb0530256907565c705241ca58a713d9dd7,three_row_sha256,,123ea5ce324bb82567913e1514a410f2bb582a6d8528a6ea98fbb2b74646f92c,a789b01b17129967eecd25421cde715dc938f6e3b95b30f735ff978f0882361e,0.5253569688647985,0.36586099304258823,0.41044712997972965,0.894682016223669,2.8537840116769075,0.9498698636889458,0.34229084849357605,6.342291831970215,0.0,1965.0323430541903,174.73191232420504,331.76862983964384,False,False,False,ok
BNCI2014_001,ebsw_full_ess075,ebsw,full,ess075,normalized,8,3654,340,339,500,500,2,0.0003319391455814719,0.018219197171705233,,,,0.0003301979429976938,2.793683898093503,2722.5045205028687,0.75,374.9999999798471,0.7499999999596941,-4.030586975289907e-11,6.1203043756890985,0.0213898088014215,0.04325802425573466,0.06716215828228797,solved,31,2,61284,6ff4e725009099e753a9428bc43212244e97bf4b432de02d12bb0534e3b1941b,three_row_sha256,,123ea5ce324bb82567913e1514a410f2bb582a6d8528a6ea98fbb2b74646f92c,a789b01b17129967eecd25421cde715dc938f6e3b95b30f735ff978f0882361e,0.3737958613783121,0.3078191075474024,0.3091888502240181,0.9141219779849052,2.6876619085669518,0.8682080078870058,0.36081811413168907,5.8216138277202845,0.0,1970.8539568819106,174.73191232420504,331.76862983964384,False,False,False,ok
BNCI2014_001,ebsw_full_ess075,ebsw,full,ess075,normalized,8,3654,341,340,500,500,2,0.0003398355255983774,0.018434628436678008,,,,0.00025558442108836437,2.793683898093503,3173.9482813990962,0.75,375.00000004125184,0.7500000000825037,8.250367056206187e-11,6.0995100370997,0.013464882956694667,0.049190641945742825,0.07563415743840324,solved,31,2,61624,32eb1dafebf52ba5ee448546819f6995cd1bb427fe004386aed25d179fa1f421,three_row_sha256,,123ea5ce324bb82567913e1514a410f2bb582a6d8528a6ea98fbb2b74646f92c,a789b01b17129967eecd25421cde715dc938f6e3b95b30f735ff978f0882361e,0.747303944081068,0.3632430452853441,0.3116489388048649,0.956833129748702,2.6682529132813215,0.8621201850473881,0.506141921505332,6.415544077754021,0.0,1977.2695009596646,174.73191232420504,331.76862983964384,False,False,False,ok
BNCI2014_001,ebsw_full_ess075,ebsw,full,ess075,normalized,8,3654,342,341,500,500,2,0.0003243649295362076,0.01801013407879596,,,,0.00024071606449280035,2.793683898093503,3522.066855736218,0.75,374.9999999733653,0.7499999999467306,-5.326938889993471e-11,6.096462742032745,0.013971596763428008,0.04566312330416031,0.0739675858662972,solved,30,2,61965,f3d9a56f6bd0dc441bd3469b9c020c01d1aa44eb26e954f40c933a0dbf4eff51,three_row_sha256,,123ea5ce324bb82567913e1514a410f2bb582a6d8528a6ea98fbb2b74646f92c,a789b01b17129967eecd25421cde715dc938f6e3b95b30f735ff978f0882361e,0.33271312713623047,0.484903110191226,0.3089560195803642,0.9052460081875324,2.5728598702698946,0.94431615434587,0.34429412335157394,5.893288413062692,0.0,1983.1627893727273,174.73191232420504,331.76862983964384,False,False,False,ok
BNCI2014_001,ebsw_full_ess075,ebsw,full,ess075,normalized,8,3654,343,342,500,500,2,0.0003376540676577011,0.018375365782963372,,,,0.0002698247281981411,2.793683898093503,3080.7238124704,0.75,375.00000001466543,0.7500000000293309,2.933087106526955e-11,6.105338928671891,0.015441173257039012,0.05156378067606937,0.07721157448804508,solved,31,2,62307,c1818b954b6460ecd0e432f7ff6b0596ba780c0402c037eae3c85c8b82ad7e55,three_row_sha256,,123ea5ce324bb82567913e1514a410f2bb582a6d8528a6ea98fbb2b74646f92c,a789b01b17129967eecd25421cde715dc938f6e3b95b30f735ff978f0882361e,0.3915519919246435,0.31083705835044384,0.23228698410093784,1.0721590369939804,2.7122918982058764,0.8655011188238859,1.8601478077471256,7.4447758961468935,0.0,1990.6075652688742,174.73191232420504,331.76862983964384,False,False,False,ok
BNCI2014_001,ebsw_full_ess075,ebsw,full,ess075,normalized,8,3654,344,343,500,500,2,0.0003302017169979994,0.018171453354038566,,,,0.00022678487390529815,2.793683898093503,3627.6549961612013,0.75,374.9999999651756,0.7499999999303513,-6.964873122683457e-11,6.091580795243753,0.010483473304326207,0.04457884933389398,0.07540119577710899,solved,30,2,62650,47e9b1e3618d364ef3f957ebf79c03e44c0eb665a51ab18126559f0a765a97fa,three_row_sha256,,123ea5ce324bb82567913e1514a410f2bb582a6d8528a6ea98fbb2b74646f92c,a789b01b17129967eecd25421cde715dc938f6e3b95b30f735ff978f0882361e,0.42832503095269203,0.3264648839831352,0.3086850047111511,1.0311899241060019,2.4429280310869217,0.8746939711272717,0.5019111558794975,5.914198001846671,0.0,1996.5217632707208,174.73191232420504,331.76862983964384,False,False,False,ok
BNCI2014_001,ebsw_full_ess075,ebsw,full,ess075,normalized,8,3654,345,344,500,500,2,0.00033317017265242196,0.01825294969730706,,,,0.0002322227103865934,2.793683898093503,3431.2866037075573,0.75,375.000000005101,0.7500000000102021,1.0202061417885488e-11,6.092890617142977,0.012966239083808607,0.04349563857482989,0.07348511259606427,solved,31,2,62994,0762d9f4e8de6a0963f6072e85049603d929ffcd604d89eb429934b15338091f,three_row_sha256,,123ea5ce324bb82567913e1514a410f2bb582a6d8528a6ea98fbb2b74646f92c,a789b01b17129967eecd25421cde715dc938f6e3b95b30f735ff978f0882361e,0.40300097316503525,0.3543051425367594,0.3109548706561327,2.4430130142718554,2.631931798532605,0.9458828717470169,0.3762498963624239,7.465338567271829,0.0,2003.9871018379927,174.73191232420504,331.76862983964384,False,False,False,ok
BNCI2014_001,ebsw_full_ess075,ebsw,full,ess075,normalized,8,3654,346,345,500,500,2,0.0003266616074495307,0.018073782322732858,,,,0.00022183069704180504,2.793683898093503,3645.846091515876,0.75,375.0000000159906,0.7500000000319813,3.1981306491957184e-11,6.090812693593643,0.009680414229430353,0.042919158658911355,0.07563119881301104,solved,31,2,63339,6189fc8f66c4c14eb4e37f2f4484c6520fe01cf66d1c901d5f12a81e175d816d,three_row_sha256,,123ea5ce324bb82567913e1514a410f2bb582a6d8528a6ea98fbb2b74646f92c,a789b01b17129967eecd25421cde715dc938f6e3b95b30f735ff978f0882361e,0.502794049680233,0.35254284739494324,0.308420043438673,0.9389109909534454,2.8500608168542385,1.1187249328941107,0.36190799437463284,6.433361675590277,0.0,2010.420463513583,174.73191232420504,331.76862983964384,False,False,False,ok
BNCI2014_001,ebsw_full_ess075,ebsw,full,ess075,normalized,8,3654,347,346,500,500,2,0.0003357478628327472,0.018323423884000153,,,,0.00023585206291055057,2.793683898093503,3248.973318073935,0.75,374.99999997073115,0.7499999999414623,-5.853773021868847e-11,6.094819495929061,0.010985102836799564,0.045850813500886274,0.07647704248092956,solved,31,2,63685,8369a2690973636e3fcb6b7a82330cd9258d205d8c4a9bdb7508af153a538f98,three_row_sha256,,123ea5ce324bb82567913e1514a410f2bb582a6d8528a6ea98fbb2b74646f92c,a789b01b17129967eecd25421cde715dc938f6e3b95b30f735ff978f0882361e,0.4064100794494152,0.3213088493794203,0.3123828209936619,0.9626499377191067,2.606784924864769,1.2201250065118074,0.3524729982018471,6.1821346171200275,0.0,2016.602598130703,174.73191232420504,331.76862983964384,False,False,False,ok
BNCI2014_001,ebsw_full_ess075,ebsw,full,ess075,normalized,8,3654,348,347,500,500,2,0.0003301454081247292,0.01816990391071811,,,,0.00023962602483179122,2.793683898093503,3392.9821405021403,0.75,375.0000000018471,0.7500000000036943,3.694267114440208e-12,6.094876002898372,0.013842777364088189,0.0427665599976543,0.07448291748113568,solved,31,2,64032,47c71bf268f4328f240aaca15bbfe1bbf3e093cd652ab4cab85d84891e47af31,three_row_sha256,,123ea5ce324bb82567913e1514a410f2bb582a6d8528a6ea98fbb2b74646f92c,a789b01b17129967eecd25421cde715dc938f6e3b95b30f735ff978f0882361e,0.38507278077304363,0.3875358961522579,0.30965707264840603,1.398026943206787,2.4840901605784893,1.0511940345168114,0.38686604239046574,6.402442930266261,0.0,2023.0050410609692,174.73191232420504,331.76862983964384,False,False,False,ok
BNCI2014_001,ebsw_full_ess075,ebsw,full,ess075,normalized,8,3654,349,348,500,500,2,0.0003254142684493185,0.018039242457745238,,,,0.00025002732271048843,2.793683898093503,3198.3256880846675,0.75,375.00000003197135,0.7500000000639427,6.394273999177358e-11,6.101430567669155,0.014498558958063188,0.04562190777338869,0.07840609151306313,solved,31,2,64380,2cb98ff187b97e0d283a303d62540da7e091f4cac8db6fc2e3c484276dc2df8d,three_row_sha256,,123ea5ce324bb82567913e1514a410f2bb582a6d8528a6ea98fbb2b74646f92c,a789b01b17129967eecd25421cde715dc938f6e3b95b30f735ff978f0882361e,0.38859201595187187,0.3621000796556473,0.3202250227332115,0.9226808324456215,2.699570031836629,0.8866710122674704,0.3625790122896433,5.942418007180095,0.0,2028.9474590681493,174.73191232420504,331.76862983964384,False,False,False,ok
BNCI2014_001,ebsw_full_ess075,ebsw,full,ess075,normalized,8,3654,350,349,500,500,2,0.00033168315809691174,0.01821217060366259,6.6902535429179215,0.6513826057253777,34.86173942746224,0.00022911508587190193,2.793683898093503,3631.9272998169336,0.75,375.0000000245298,0.7500000000490596,4.905964523516104e-11,6.092277557537836,0.012592302355607222,0.043653644978359975,0.07311646780402993,solved,31,2,64729,6e206441e45419b0da228590489198ab1777cc629910714635ea11995a50215f,three_row_sha256,,123ea5ce324bb82567913e1514a410f2bb582a6d8528a6ea98fbb2b74646f92c,a789b01b17129967eecd25421cde715dc938f6e3b95b30f735ff978f0882361e,0.3838671837002039,0.3423939924687147,0.37697586230933666,1.0202978737652302,2.7835271321237087,0.9776011575013399,1.856581075116992,7.741244276985526,12.12843507528305,2036.6887033451349,186.8603473994881,331.76862983964384,False,False,False,ok
BNCI2014_001,ebsw_full_ess075,ebsw,full,ess075,normalized,8,3654,351,350,500,500,2,0.00031639412068022027,0.017787470890495375,,,,0.00021239479108084834,2.793683898093503,4083.842561948452,0.75,374.9999999907632,0.7499999999815263,-1.8473667040552755e-11,6.088172519517157,0.01083701945654486,0.04068929531072312,0.07349935001103033,solved,31,2,65079,fee49e718e0febf6ed025e8599b3d51e9adf37e5a6c8e8c6122a9ffa71633736,three_row_sha256,,123ea5ce324bb82567913e1514a410f2bb582a6d8528a6ea98fbb2b74646f92c,a789b01b17129967eecd25421cde715dc938f6e3b95b30f735ff978f0882361e,0.5642429459840059,0.41018589399755,0.41836011223495007,2.0206980407238007,2.5793479289859533,0.9709801524877548,0.32586604356765747,7.289681117981672,0.0,2043.9783844631165,186.8603473994881,331.76862983964384,False,False,False,ok
BNCI2014_001,ebsw_full_ess075,ebsw,full,ess075,normalized,8,3654,352,351,500,500,2,0.0003258950251348482,0.01805256284118264,,,,0.0002533531839756828,2.7936838980935024,3241.8562519880143,0.75,375.0000000411105,0.7500000000822211,8.222111880229477e-11,6.101494210544624,0.015105897853827472,0.04729632485334896,0.07666278146141495,solved,28,2,65430,34e513f21246dfaffa86b110d3f1c86bd099dc1bfe4d4fa190445e9d1224aaf2,three_row_sha256,,123ea5ce324bb82567913e1514a410f2bb582a6d8528a6ea98fbb2b74646f92c,a789b01b17129967eecd25421cde715dc938f6e3b95b30f735ff978f0882361e,0.41578500531613827,0.31120190396904945,0.3210159484297037,0.8539860136806965,1.703872811049223,0.9331540204584599,0.4204509314149618,4.9594666343182325,0.0,2048.9378510974348,186.8603473994881,331.76862983964384,False,False,False,ok
BNCI2014_001,ebsw_full_ess075,ebsw,full,ess075,normalized,8,3654,353,352,500,500,2,0.0003165501409400917,0.017791856028534284,,,,0.0002110996983691204,2.793683898093503,4053.9462471554225,0.75,374.9999999595994,0.7499999999191989,-8.080114355379919e-11,6.086317799680001,0.009590266148816484,0.04277292279679671,0.07238778043414987,solved,31,2,65782,4192826cfd50f1f102eed1abb517171d66b4d43354765bc75aadddfbe8339421,three_row_sha256,,123ea5ce324bb82567913e1514a410f2bb582a6d8528a6ea98fbb2b74646f92c,a789b01b17129967eecd25421cde715dc938f6e3b95b30f735ff978f0882361e,0.3307138103991747,0.34710089676082134,0.3351219929754734,0.989329069852829,2.766842022538185,1.195157878100872,0.32969098538160324,6.293956656008959,0.0,2055.2318077534437,186.8603473994881,331.76862983964384,False,False,False,ok
BNCI2014_001,ebsw_full_ess075,ebsw,full,ess075,normalized,8,3654,354,353,500,500,2,0.0003304512106067723,0.018178317045501553,,,,0.0002769833606412316,2.793683898093503,3095.121606367297,0.75,374.9999999843693,0.7499999999687387,-3.126132686048777e-11,6.106539528816263,0.018196616216863082,0.04563711524243318,0.07216213512501717,solved,31,2,66135,70b6a68a1d3d17502aef0acf63f191d479ccb64ff7ead6eaad6c04b38e529122,three_row_sha256,,123ea5ce324bb82567913e1514a410f2bb582a6d8528a6ea98fbb2b74646f92c,a789b01b17129967eecd25421cde715dc938f6e3b95b30f735ff978f0882361e,0.2544100861996412,0.5259548779577017,0.3001310396939516,0.6034700199961662,1.9827259238809347,0.726453959941864,0.6340059917420149,5.027151899412274,0.0,2060.258959652856,186.8603473994881,331.76862983964384,False,False,False,ok
BNCI2014_001,ebsw_full_ess075,ebsw,full,ess075,normalized,8,3654,355,354,500,500,2,0.00031979031171741905,0.017882681893872043,,,,0.0002288214683286792,2.793683898093503,3665.302578684733,0.75,375.00000000442657,0.7500000000088531,8.853140442965923e-12,6.092673603641528,0.013483271718311955,0.04397104643486856,0.07299576538649384,solved,30,2,66489,c405d433c407199a14c0d263f38961d827ec05da6779d8b89633d9ef1b523803,three_row_sha256,,123ea5ce324bb82567913e1514a410f2bb582a6d8528a6ea98fbb2b74646f92c,a789b01b17129967eecd25421cde715dc938f6e3b95b30f735ff978f0882361e,0.36554085090756416,0.32321689650416374,0.3156729508191347,0.9284380357712507,2.65080900862813,1.260379096493125,0.5109149497002363,6.354971788823605,0.0,2066.6139314416796,186.8603473994881,331.76862983964384,False,False,False,ok
BNCI2014_001,ebsw_full_ess075,ebsw,full,ess075,normalized,8,3654,356,355,500,500,2,0.00032050063686003567,0.017902531576847885,,,,0.0002132696305524719,2.793683898093503,3966.405165947639,0.75,375.00000003670004,0.7500000000734001,7.340006380474051e-11,6.088211827659936,0.010060955800178455,0.0411178277258548,0.07294833205932813,solved,26,2,66844,f90ab4aa9c8119969ae48d1648cc0d3ad614bc02488883abb49db1f8a66596b1,three_row_sha256,,123ea5ce324bb82567913e1514a410f2bb582a6d8528a6ea98fbb2b74646f92c,a789b01b17129967eecd25421cde715dc938f6e3b95b30f735ff978f0882361e,0.23496802896261215,0.39601908065378666,0.28859591111540794,0.7368959486484528,3.0700808856636286,1.025437843054533,0.3720989916473627,6.124096689745784,0.0,2072.7380281314254,186.8603473994881,331.76862983964384,False,False,False,ok
BNCI2014_001,ebsw_full_ess075,ebsw,full,ess075,normalized,8,3654,357,356,500,500,2,0.00032304133501469696,0.017973350689693253,,,,0.00030833082397506943,2.793683898093503,2881.689920142439,0.75,375.00000001976866,0.7500000000395374,3.953737337525354e-11,6.1158710817164295,0.02021926600411523,0.04519626496190042,0.07000650702936531,solved,30,2,67200,e50464e05591890f49b5b195373b7d282d9f265dd3618a744a37b937fd2dcefc,three_row_sha256,,123ea5ce324bb82567913e1514a410f2bb582a6d8528a6ea98fbb2b74646f92c,a789b01b17129967eecd25421cde715dc938f6e3b95b30f735ff978f0882361e,0.3790450282394886,0.3551051486283541,0.3157970495522022,0.926528126001358,2.66224704682827,1.410352997481823,0.5504840519279242,6.59955944865942,0.0,2079.337587580085,186.8603473994881,331.76862983964384,False,False,False,ok
BNCI2014_001,ebsw_full_ess075,ebsw,full,ess075,normalized,8,3654,358,357,500,500,2,0.00032711731771429284,0.01808638487134156,,,,0.00023115179039219483,2.793683898093503,3648.356413852057,0.75,374.999999979399,0.749999999958798,-4.12020417783765e-11,6.093119442148176,0.013222452399119405,0.04535812372719854,0.07444284864091824,solved,31,2,67557,56b2876cf8d61540880a6a56cc084fa65625cb3579687377c88a64a051fe97b0,three_row_sha256,,123ea5ce324bb82567913e1514a410f2bb582a6d8528a6ea98fbb2b74646f92c,a789b01b17129967eecd25421cde715dc938f6e3b95b30f735ff978f0882361e,0.21811993792653084,0.5344001110643148,0.2923749852925539,0.5991309881210327,2.9538320377469063,0.7461491040885448,0.32869097776710987,5.672698142006993,0.0,2085.010285722092,186.8603473994881,331.76862983964384,False,False,False,ok
BNCI2014_001,ebsw_full_ess075,ebsw,full,ess075,normalized,8,3654,359,358,500,500,2,0.00032684875684958,0.01807895895370029,,,,0.00025869825441041284,2.793683898093503,3332.32342220898,0.75,374.99999999475034,0.7499999999895007,-1.0499268121577643e-11,6.101875261047437,0.01696538937915687,0.043256924242072115,0.07088387352370777,solved,31,2,67915,fbafcd7af2a7fa3b69f5ecc1c1d80ca2a8b69d79d71bbb3a53ff26af67cfc12b,three_row_sha256,,123ea5ce324bb82567913e1514a410f2bb582a6d8528a6ea98fbb2b74646f92c,a789b01b17129967eecd25421cde715dc938f6e3b95b30f735ff978f0882361e,0.41961600072681904,0.34868810325860977,0.32413192093372345,1.0776319541037083,2.656945027410984,0.7363550830632448,0.34396699629724026,5.90733508579433,0.0,2090.917620807886,186.8603473994881,331.76862983964384,False,False,False,ok
BNCI2014_001,ebsw_full_ess075,ebsw,full,ess075,normalized,8,3654,360,359,500,500,2,0.0003433402564675814,0.01852944296161062,,,,0.0002557290889342042,2.793683898093503,3017.5846808419337,0.75,374.9999999771084,0.7499999999542168,-4.578315504488728e-11,6.099058389659078,0.013179995953435846,0.04631908550088845,0.0759163949594133,solved,28,2,68274,8163200a1ef697f1c1437e533b229e712d47c0e3bb51a2d8db777cc9b0f91ae6,three_row_sha256,,123ea5ce324bb82567913e1514a410f2bb582a6d8528a6ea98fbb2b74646f92c,a789b01b17129967eecd25421cde715dc938f6e3b95b30f735ff978f0882361e,0.2081620041280985,0.4879860207438469,0.2922019921243191,0.597149133682251,1.8699071370065212,2.249379875138402,0.23176008835434914,5.936546251177788,0.0,2096.854167059064,186.8603473994881,331.76862983964384,False,False,False,ok
BNCI2014_001,ebsw_full_ess075,ebsw,full,ess075,normalized,8,3654,361,360,500,500,2,0.0003184364635999654,0.01784478813547433,,,,0.0002793549186253697,2.793683898093503,3293.162694252218,0.75,375.0000000054368,0.7500000000108736,1.0873635325481246e-11,6.110777209007519,0.01842434180103662,0.048281580235206734,0.0737741901375167,solved,28,2,68634,3efc3cc805a090f24fa3d597c870f10c87d094a12fd23e8fa39a68898d1d95ed,three_row_sha256,,123ea5ce324bb82567913e1514a410f2bb582a6d8528a6ea98fbb2b74646f92c,a789b01b17129967eecd25421cde715dc938f6e3b95b30f735ff978f0882361e,0.7075390312820673,0.34642708487808704,0.3146140370517969,0.9460740257054567,2.514414954930544,0.8824940305203199,0.40113506838679314,6.112698232755065,0.0,2102.966865291819,186.8603473994881,331.76862983964384,False,False,False,ok
BNCI2014_001,ebsw_full_ess075,ebsw,full,ess075,normalized,8,3654,362,361,500,500,2,0.0003315023668599054,0.01820720645403642,,,,0.00023094151386897767,2.793683898093503,3606.629973919932,0.75,375.0000000243079,0.7500000000486158,4.8615778069915905e-11,6.093049252414532,0.01134224426860129,0.04395923621237674,0.07648061152582933,solved,30,2,68995,cea0190c06a3fc26ea3a0ffc82fcece9631b4630f8db4ff1742f3a379a526c2e,three_row_sha256,,123ea5ce324bb82567913e1514a410f2bb582a6d8528a6ea98fbb2b74646f92c,a789b01b17129967eecd25421cde715dc938f6e3b95b30f735ff978f0882361e,0.21070404909551144,0.3931329119950533,0.33109006471931934,0.7383991032838821,2.072828821837902,0.8056671358644962,0.34445198252797127,4.896274069324136,0.0,2107.863139361143,186.8603473994881,331.76862983964384,False,False,False,ok
BNCI2014_001,ebsw_full_ess075,ebsw,full,ess075,normalized,8,3654,363,362,500,500,2,0.00032494847490589947,0.01802632727168514,,,,0.00022267213220213716,2.793683898093503,3769.2930706450884,0.75,375.0000000291214,0.7500000000582429,5.824285498334802e-11,6.091261595029696,0.00985487278570039,0.04478281858978234,0.07534795414162154,solved,31,2,69357,ddbb057193f403f193cf9b5f47a4ffba3e37211e85d7a2851652c0ad5dbb0d1b,three_row_sha256,,123ea5ce324bb82567913e1514a410f2bb582a6d8528a6ea98fbb2b74646f92c,a789b01b17129967eecd25421cde715dc938f6e3b95b30f735ff978f0882361e,0.36492315120995045,0.32312609255313873,0.3129909746348858,0.916103133931756,2.760035917162895,0.7385329809039831,0.3500168677419424,5.765729118138552,0.0,2113.6288684792817,186.8603473994881,331.76862983964384,False,False,False,ok
BNCI2014_001,ebsw_full_ess075,ebsw,full,ess075,normalized,8,3654,364,363,500,500,2,0.0003224130339014599,0.01795586349640306,,,,0.00023007341019351234,2.793683898093503,3452.4035452676476,0.75,374.99999997102793,0.7499999999420559,-5.7944093967421395e-11,6.093830422874007,0.011261198369486084,0.04487973066537635,0.07785579286099495,solved,25,2,69720,d708e7bb4f1da285e73e8510f606765f12c5337f1e3027098a027877fac5a686,three_row_sha256,,123ea5ce324bb82567913e1514a410f2bb582a6d8528a6ea98fbb2b74646f92c,a789b01b17129967eecd25421cde715dc938f6e3b95b30f735ff978f0882361e,0.22659101523458958,0.530363991856575,0.30479300767183304,0.5954739172011614,1.629316946491599,0.8475070353597403,0.38599688559770584,4.520042799413204,0.0,2118.148911278695,186.8603473994881,331.76862983964384,False,False,False,ok
BNCI2014_001,ebsw_full_ess075,ebsw,full,ess075,normalized,8,3654,365,364,500,500,2,0.0003341874416262972,0.01828079433794651,,,,0.00022903703129868998,2.793683898093503,3553.178522269546,0.75,374.9999999566677,0.7499999999133354,-8.666456441375203e-11,6.091708826312066,0.012574561047388806,0.04349897374626108,0.07403789816415002,solved,30,2,70084,d883260652f59e416a23eee4a744d6f80c88ab9cdcf07629c857f0b82a4e8569,three_row_sha256,,123ea5ce324bb82567913e1514a410f2bb582a6d8528a6ea98fbb2b74646f92c,a789b01b17129967eecd25421cde715dc938f6e3b95b30f735ff978f0882361e,0.42230705730617046,0.355646014213562,0.3147530369460583,0.9119899477809668,2.6323890779167414,0.9000408463180065,0.3837121184915304,5.920838098973036,0.0,2124.069749377668,186.8603473994881,331.76862983964384,False,False,False,ok
BNCI2014_001,ebsw_full_ess075,ebsw,full,ess075,normalized,8,3654,366,365,500,500,2,0.000331362139254525,0.018203355164763582,,,,0.0002193188653705278,2.793683898093503,3592.968914772152,0.75,374.9999999650353,0.7499999999300706,-6.992939560745981e-11,6.087907685611747,0.008829102854989527,0.04052102270863929,0.07426213776389799,solved,30,2,70449,8bbd318026c30a1a24f8b74198ec8655dfd272b8194e72a64faf2de3b4843f4b,three_row_sha256,,123ea5ce324bb82567913e1514a410f2bb582a6d8528a6ea98fbb2b74646f92c,a789b01b17129967eecd25421cde715dc938f6e3b95b30f735ff978f0882361e,0.35095098428428173,0.39359298534691334,0.4341199528425932,0.7380000315606594,3.4478858578950167,0.9728721342980862,0.3334649372845888,6.670886883512139,0.0,2130.74063626118,186.8603473994881,331.76862983964384,False,False,False,ok
BNCI2014_001,ebsw_full_ess075,ebsw,full,ess075,normalized,8,3654,367,366,500,500,2,0.00032271492092580674,0.017964267892842355,,,,0.00023832974324715662,2.793683898093503,3541.499354198886,0.75,374.9999999668101,0.7499999999336202,-6.637979055312826e-11,6.096813746541086,0.014445240543199688,0.044940411323653215,0.07510990066959009,solved,31,2,70815,29ea99e5bcae3422adaa893bbae8d2b8c2ad71116aeaa7ea4827bda46563fac7,three_row_sha256,,123ea5ce324bb82567913e1514a410f2bb582a6d8528a6ea98fbb2b74646f92c,a789b01b17129967eecd25421cde715dc938f6e3b95b30f735ff978f0882361e,0.2051119226962328,0.39313011802732944,0.2908881288021803,0.5959649570286274,1.8026740290224552,0.9116539731621742,0.5533909425139427,4.752814071252942,0.0,2135.493450332433,186.8603473994881,331.76862983964384,False,False,False,ok
BNCI2014_001,ebsw_full_ess075,ebsw,full,ess075,normalized,8,3654,368,367,500,500,2,0.0003236332632860318,0.017989809984711672,,,,0.0002462363044539941,2.793683898093503,3600.9035202055857,0.75,374.9999999904322,0.7499999999808643,-1.9135693030136736e-11,6.0981314972072465,0.016158090972181117,0.0443604653146414,0.07004941263635961,solved,30,2,71182,eec1e13e9b4b429e18299e201aeff12bb3079be2aab2b16a8ba97118d87feb14,three_row_sha256,,123ea5ce324bb82567913e1514a410f2bb582a6d8528a6ea98fbb2b74646f92c,a789b01b17129967eecd25421cde715dc938f6e3b95b30f735ff978f0882361e,0.22406899370253086,0.5333400331437588,0.3059110604226589,2.0418299827724695,1.7058199737221003,0.9654038585722446,0.4342091269791126,6.210583029314876,0.0,2141.704033361748,186.8603473994881,331.76862983964384,False,False,False,ok
BNCI2014_001,ebsw_full_ess075,ebsw,full,ess075,normalized,8,3654,369,368,500,500,2,0.00031880438142954914,0.017855093991058942,,,,0.00021673416182527283,2.793683898093503,3925.694896648799,0.75,374.9999999575509,0.7499999999151019,-8.489808855927095e-11,6.088417513119479,0.012525950115942285,0.041279594276709256,0.07037358355676945,solved,29,2,71550,1d474046e21ed65da759684fd7c3dc339ca96474229975bc2706b025671fd19d,three_row_sha256,,123ea5ce324bb82567913e1514a410f2bb582a6d8528a6ea98fbb2b74646f92c,a789b01b17129967eecd25421cde715dc938f6e3b95b30f735ff978f0882361e,0.20280596800148487,0.31528808176517487,0.3508420195430517,0.5316808819770813,1.7634551040828228,0.9121010079979897,0.47536403872072697,4.551537102088332,0.0,2146.255570463836,186.8603473994881,331.76862983964384,False,False,False,ok
BNCI2014_001,ebsw_full_ess075,ebsw,full,ess075,normalized,8,3654,370,369,500,500,2,0.00033731187118703725,0.018366052139396676,,,,0.00024450021979670214,2.793683898093503,3307.670220848826,0.75,374.9999999627301,0.7499999999254602,-7.45398187618207e-11,6.096223322713348,0.011804993552416682,0.04695602009728341,0.07424643707085155,solved,30,2,71919,663c7ca86f0d8534bca642f58c0e4ed2b3cabacf4b9cfdc8bf8d096580cdaf71,three_row_sha256,,123ea5ce324bb82567913e1514a410f2bb582a6d8528a6ea98fbb2b74646f92c,a789b01b17129967eecd25421cde715dc938f6e3b95b30f735ff978f0882361e,0.42853388004004955,0.35451212897896767,0.31468714587390423,0.6120228208601475,1.78236304782331,0.8743670769035816,0.5423431284725666,4.908829228952527,0.0,2151.1643996927887,186.8603473994881,331.76862983964384,False,False,False,ok
BNCI2014_001,ebsw_full_ess075,ebsw,full,ess075,normalized,8,3654,371,370,500,500,2,0.0003410749723535579,0.018468215191337733,,,,0.00021635705064799036,2.793683898093503,3483.099143944749,0.75,375.0000000373184,0.7500000000746367,7.463674123187047e-11,6.085699956327904,0.007861970288289513,0.03806354455107993,0.0714621242202677,solved,31,2,72289,c612d3e825a541e2d13675c03d0f4718f52b10fc741ce8ae7c69fb998b5ae044,three_row_sha256,,123ea5ce324bb82567913e1514a410f2bb582a6d8528a6ea98fbb2b74646f92c,a789b01b17129967eecd25421cde715dc938f6e3b95b30f735ff978f0882361e,0.23310305550694466,0.5359710194170475,0.2891700714826584,0.5999291315674782,2.194786909967661,0.9925721678882837,0.3730449825525284,5.218577338382602,0.0,2156.3829770311713,186.8603473994881,331.76862983964384,False,False,False,ok
BNCI2014_001,ebsw_full_ess075,ebsw,full,ess075,normalized,8,3654,372,371,500,500,2,0.00032889984213897266,0.01813559599624376,,,,0.0002500418886639455,2.793683898093503,3427.0993282977424,0.75,374.99999995042856,0.7499999999008571,-9.914291609902648e-11,6.099443295337584,0.015790454989554652,0.04532732475834479,0.0748218518636708,solved,30,2,72660,08fb7279d4902dc7204187e59d208e0743c43b71dfc85d24584575bbc20f2c36,three_row_sha256,,123ea5ce324bb82567913e1514a410f2bb582a6d8528a6ea98fbb2b74646f92c,a789b01b17129967eecd25421cde715dc938f6e3b95b30f735ff978f0882361e,0.20938110537827015,0.3314770292490721,0.28929999098181725,0.5283190403133631,1.6535460017621517,0.7608861196786165,0.5286829546093941,4.301592241972685,0.0,2160.684569273144,186.8603473994881,331.76862983964384,False,False,False,ok
BNCI2014_001,ebsw_full_ess075,ebsw,full,ess075,normalized,8,3654,373,372,500,500,2,0.00031500035851148023,0.017748249449212737,,,,0.0002521229116375386,2.7936838980935024,3571.3992760277733,0.75,375.000000033725,0.7500000000674499,6.744993452656445e-11,6.102536611500117,0.0163875101336965,0.04480516942553618,0.07515657589350527,solved,30,2,73032,d94799ed63ea7a374d3c376f49c983b289ff0aa6b40dd9c310375ced96b0eb95,three_row_sha256,,123ea5ce324bb82567913e1514a410f2bb582a6d8528a6ea98fbb2b74646f92c,a789b01b17129967eecd25421cde715dc938f6e3b95b30f735ff978f0882361e,0.23312517441809177,1.8708340357989073,0.29283901676535606,0.5292410496622324,1.7715569119900465,0.7648780010640621,0.3542529884725809,5.816727178171277,0.0,2166.5012964513153,186.8603473994881,331.76862983964384,False,False,False,ok
BNCI2014_001,ebsw_full_ess075,ebsw,full,ess075,normalized,8,3654,374,373,500,500,2,0.0003297496657443568,0.018159010593761897,,,,0.0004246465609306334,2.793683898093503,1973.3153674995965,0.75,374.99999995216007,0.7499999999043202,-9.567979741831323e-11,6.1399791448966,0.024145914897100964,0.0479996334399289,0.06669873838753616,solved,31,2,73405,aba03a737cfe8a4477da52d7cf6878ecc97d6eebfc9fa849768a0ddba74d26af,three_row_sha256,,123ea5ce324bb82567913e1514a410f2bb582a6d8528a6ea98fbb2b74646f92c,a789b01b17129967eecd25421cde715dc938f6e3b95b30f735ff978f0882361e,0.22070202976465225,0.3685750998556614,0.28590415604412556,0.7398680318146944,2.090099034830928,1.3935549650341272,0.15349918976426125,5.25220250710845,0.0,2171.7534989584237,186.8603473994881,331.76862983964384,False,False,False,ok
BNCI2014_001,ebsw_full_ess075,ebsw,full,ess075,normalized,8,3654,375,374,500,500,2,0.0003220010845402586,0.017944388664433753,6.67536123035453,0.6499326467214939,35.00673532785061,0.00022589843074596205,2.793683898093503,3774.6272289525177,0.75,375.00000003872606,0.7500000000774522,7.745215580001741e-11,6.0932969353351325,0.010821520153959265,0.04679325269977183,0.07474654084522542,solved,28,2,73779,3b2930c8ae5be9db88d50399278e36e13bc0f3e6c59461d9a52bfedc31c1a142,three_row_sha256,,123ea5ce324bb82567913e1514a410f2bb582a6d8528a6ea98fbb2b74646f92c,a789b01b17129967eecd25421cde715dc938f6e3b95b30f735ff978f0882361e,0.1947549171745777,0.36934600211679935,0.28818100690841675,0.5800100043416023,1.6782209277153015,0.9060201700776815,0.41882507503032684,4.435358103364706,10.075550992041826,2176.1888570617884,196.93589839152992,331.76862983964384,False,False,False,ok
BNCI2014_001,ebsw_full_ess075,ebsw,full,ess075,normalized,8,3654,376,375,500,500,2,0.0003469645066479918,0.01862698329434994,,,,0.00022379376881905645,2.793683898093503,3411.6802315477116,0.75,374.9999999902614,0.7499999999805228,-1.9477197632511434e-11,6.087486491044982,0.009982824219029632,0.039791529681958586,0.07265666991818256,solved,31,2,74154,4f20f482282c6ffccc39896b0dd7cc6728ba0ba85d628e5c96b4c3357d23f4db,three_row_sha256,,123ea5ce324bb82567913e1514a410f2bb582a6d8528a6ea98fbb2b74646f92c,a789b01b17129967eecd25421cde715dc938f6e3b95b30f735ff978f0882361e,0.43111713603138924,0.3046730998903513,0.22807694040238857,0.7162219844758511,1.9000289030373096,1.093254890292883,0.4545911215245724,5.127964075654745,0.0,2181.316821137443,196.93589839152992,331.76862983964384,False,False,False,ok
BNCI2014_001,ebsw_full_ess075,ebsw,full,ess075,normalized,8,3654,377,376,500,500,2,0.0003059790079044182,0.017492255655129733,,,,0.00029393577583837173,2.793683898093503,3142.1041461231716,0.75,374.99999995180485,0.7499999999036098,-9.639022913177087e-11,6.11614401962003,0.019537106552253717,0.04832620065500065,0.07134346016897565,solved,29,2,74530,ad867ffc40896347fa0769ec7e94bb0e10c5acc84de69f8afba1b8c081c42196,three_row_sha256,,123ea5ce324bb82567913e1514a410f2bb582a6d8528a6ea98fbb2b74646f92c,a789b01b17129967eecd25421cde715dc938f6e3b95b30f735ff978f0882361e,0.6751050241291523,0.39568101055920124,0.29908912256360054,0.8674848359078169,1.7025829292833805,1.094029052183032,0.5495920777320862,5.58356405235827,0.0,2186.9003851898015,196.93589839152992,331.76862983964384,False,False,False,ok
BNCI2014_001,ebsw_full_ess075,ebsw,full,ess075,normalized,8,3654,378,377,500,500,2,0.00032137876755184276,0.01792704012244751,,,,0.00022321668386215715,2.793683898093503,3828.5312523564003,0.75,374.99999995477754,0.7499999999095551,-9.044487381260069e-11,6.090327357570654,0.012273712588827894,0.04479869029935492,0.07302614137063015,solved,30,2,74907,a7ca99929425794333e3820b9cd48c68404417ad755fdaf1ffc0dd7a0e65215e,three_row_sha256,,123ea5ce324bb82567913e1514a410f2bb582a6d8528a6ea98fbb2b74646f92c,a789b01b17129967eecd25421cde715dc938f6e3b95b30f735ff978f0882361e,0.21530105732381344,0.5291241686791182,0.2922799903899431,0.7033830042928457,3.323232987895608,0.7785409688949585,0.36736694164574146,6.209229119122028,0.0,2193.1096143089235,196.93589839152992,331.76862983964384,False,False,False,ok
BNCI2014_001,ebsw_full_ess075,ebsw,full,ess075,normalized,8,3654,379,378,500,500,2,0.0003227623688131045,0.017965588462755807,,,,0.00023542242146870745,2.793683898093503,3432.5829751556994,0.75,374.9999999885833,0.7499999999771666,-2.2833401835953282e-11,6.094723460921653,0.012758220383444017,0.045178991421988064,0.07598974455113111,solved,29,2,75285,53f9248b71f1eb64b7b031667b125e4cab5c80325204026dddfd197abf6f88aa,three_row_sha256,,123ea5ce324bb82567913e1514a410f2bb582a6d8528a6ea98fbb2b74646f92c,a789b01b17129967eecd25421cde715dc938f6e3b95b30f735ff978f0882361e,0.305684981867671,0.35548978485167027,0.29373401775956154,0.5724390503019094,1.8967101350426674,0.7333720568567514,0.4089921712875366,4.566422197967768,0.0,2197.6760365068913,196.93589839152992,331.76862983964384,False,False,False,ok
BNCI2014_001,ebsw_full_ess075,ebsw,full,ess075,normalized,8,3654,380,379,500,500,2,0.00033022216717249993,0.018172016045901455,,,,0.00022215616927361877,2.793683898093503,3514.556827196958,0.75,375.00000003915306,0.7500000000783061,7.830613935055908e-11,6.088631189620193,0.008682205664110126,0.04051774788195045,0.07480351820568686,solved,31,2,75664,f8edf3ff5dca4d1913f5958eb7a9c786f5d0bb4f4df8a3f6edc1a53cefc20c3a,three_row_sha256,,123ea5ce324bb82567913e1514a410f2bb582a6d8528a6ea98fbb2b74646f92c,a789b01b17129967eecd25421cde715dc938f6e3b95b30f735ff978f0882361e,0.21252408623695374,0.38894196040928364,0.29638316482305527,0.559238949790597,1.8480848520994186,0.9100739844143391,0.5532049108296633,4.768451908603311,0.0,2202.4444884154946,196.93589839152992,331.76862983964384,False,False,False,ok
BNCI2014_001,ebsw_full_ess075,ebsw,full,ess075,normalized,8,3654,381,380,500,500,2,0.0003218838863383381,0.017941122772511704,,,,0.00023637081757741865,2.793683898093503,3411.8772301393374,0.75,374.99999997618016,0.7499999999523603,-4.763966998666547e-11,6.0963607116204095,0.011534893331629038,0.04710246878630166,0.07913375602577744,solved,31,2,76044,aa808afc5c9e50ab3c38252fa24ad85b8c5e83f99b2ce8b2d895870effb6afa9,three_row_sha256,,123ea5ce324bb82567913e1514a410f2bb582a6d8528a6ea98fbb2b74646f92c,a789b01b17129967eecd25421cde715dc938f6e3b95b30f735ff978f0882361e,0.3203789237886667,0.5259430035948753,0.30341208912432194,0.6973459385335445,2.5020139291882515,1.5934680122882128,0.4192108754068613,6.361772771924734,0.0,2208.8062611874193,196.93589839152992,331.76862983964384,False,False,False,ok
BNCI2014_001,ebsw_full_ess075,ebsw,full,ess075,normalized,8,3654,382,381,500,500,2,0.00032701743809093286,0.01808362347791318,,,,0.00027348914078157604,2.7936838980935033,3100.029182653582,0.75,374.9999999536664,0.7499999999073329,-9.26670962186904e-11,6.106539923140751,0.017425233401108527,0.04621904975274789,0.0728145262617945,solved,31,2,76425,2aaff0641c7754909a15637abc1609123f449816a93dd2a2e6d63a573d4a16ae,three_row_sha256,,123ea5ce324bb82567913e1514a410f2bb582a6d8528a6ea98fbb2b74646f92c,a789b01b17129967eecd25421cde715dc938f6e3b95b30f735ff978f0882361e,0.19621895626187325,0.3600060008466244,0.3250751178711653,0.538886059075594,1.6939041670411825,0.8831759914755821,0.5550561472773552,4.552322439849377,0.0,2213.3585836272687,196.93589839152992,331.76862983964384,False,False,False,ok
BNCI2014_001,ebsw_full_ess075,ebsw,full,ess075,normalized,8,3654,383,382,500,500,2,0.0003096875258121178,0.017597940953762683,,,,0.00025460633922750486,2.793683898093503,3670.6562009448244,0.75,375.0000000263765,0.750000000052753,5.275302417118155e-11,6.1043449107496075,0.016054790555682368,0.048684774646509624,0.07262115378955841,solved,30,2,76807,304420ffc4e38863125f9d5016025643a14cbb8524091d0da4c8af1164fa84a9,three_row_sha256,,123ea5ce324bb82567913e1514a410f2bb582a6d8528a6ea98fbb2b74646f92c,a789b01b17129967eecd25421cde715dc938f6e3b95b30f735ff978f0882361e,0.2473199274390936,0.6460088770836592,0.29255892150104046,0.5984760355204344,1.7924420535564423,0.8412331808358431,0.39540394209325314,4.813442938029766,0.0,2218.1720265652984,196.93589839152992,331.76862983964384,False,False,False,ok
BNCI2014_001,ebsw_full_ess075,ebsw,full,ess075,normalized,8,3654,384,383,500,500,2,0.0003265638148343391,0.018071076748061778,,,,0.00024412988644761965,2.793683898093503,3449.2701443668566,0.75,374.9999999962193,0.7499999999924386,-7.561395953814554e-12,6.096816788617081,0.014584486139851837,0.04466670608153266,0.071030450199251,solved,31,2,77190,28d869b1a5fa0c281a420b2fc06762f68fc52a189f76fa94c218f78b6cfe1892,three_row_sha256,,123ea5ce324bb82567913e1514a410f2bb582a6d8528a6ea98fbb2b74646f92c,a789b01b17129967eecd25421cde715dc938f6e3b95b30f735ff978f0882361e,0.21590921096503735,0.498936977237463,0.2918969839811325,0.5722700152546167,1.943844836205244,0.8612440433353186,0.4288859199732542,4.812987986952066,0.0,2222.9850145522505,196.93589839152992,331.76862983964384,False,False,False,ok
BNCI2014_001,ebsw_full_ess075,ebsw,full,ess075,normalized,8,3654,385,384,500,500,2,0.00032915449481109565,0.018142615434691207,,,,0.00023955577176599198,2.793683898093503,3598.452073923334,0.75,375.0000000286565,0.7500000000573129,5.7312932177921994e-11,6.096187899845533,0.014727362559759637,0.044870911461623315,0.07413293812482233,solved,28,2,77574,b4639dedf83c126b8a8b47cfc3a469521845b9cf52a1a8dab86c2ac46abad890,three_row_sha256,,123ea5ce324bb82567913e1514a410f2bb582a6d8528a6ea98fbb2b74646f92c,a789b01b17129967eecd25421cde715dc938f6e3b95b30f735ff978f0882361e,0.25707692839205265,0.3856029361486435,0.29815291054546833,0.5666590295732021,1.7335230950266123,0.8748250547796488,0.5058411043137312,4.621681058779359,0.0,2227.60669561103,196.93589839152992,331.76862983964384,False,False,False,ok
BNCI2014_001,ebsw_full_ess075,ebsw,full,ess075,normalized,8,3654,386,385,500,500,2,0.0003200990602832414,0.017891312424840204,,,,0.0002187222529571823,2.793683898093503,3708.4367066959485,0.75,374.99999999005723,0.7499999999801145,-1.9885537660968566e-11,6.0892961690084295,0.010375418780912004,0.04284791382090719,0.07544849924028049,solved,26,2,77959,9155f5ad5607175984ab2ed52f921d55519766d76c48390a90f2a07da9fcaaf9,three_row_sha256,,123ea5ce324bb82567913e1514a410f2bb582a6d8528a6ea98fbb2b74646f92c,a789b01b17129967eecd25421cde715dc938f6e3b95b30f735ff978f0882361e,0.3477910067886114,0.4970498848706484,0.2934010699391365,0.5997410044074059,3.0870100017637014,0.9336001239717007,0.3803709987550974,6.138964090496302,0.0,2233.745659701526,196.93589839152992,331.76862983964384,False,False,False,ok
BNCI2014_001,ebsw_full_ess075,ebsw,full,ess075,normalized,8,3654,387,386,500,500,2,0.0003157131092493288,0.017768317569464162,,,,0.00025436505653223814,2.793683898093503,3536.5798945905003,0.75,374.99999996819827,0.7499999999363965,-6.360345583544813e-11,6.103166018734896,0.014976122700013843,0.04766835957334977,0.07273866377544996,solved,31,2,78345,384ca846c28385cd42c7114034747bee75b3980be480f63e5eec241e6cc2cdc2,three_row_sha256,,123ea5ce324bb82567913e1514a410f2bb582a6d8528a6ea98fbb2b74646f92c,a789b01b17129967eecd25421cde715dc938f6e3b95b30f735ff978f0882361e,0.1990769524127245,0.46441820450127125,0.30248495750129223,0.6151099223643541,1.934370957314968,2.2688109893351793,0.396170886233449,6.1804428696632385,0.0,2239.9261025711894,196.93589839152992,331.76862983964384,False,False,False,ok
BNCI2014_001,ebsw_full_ess075,ebsw,full,ess075,normalized,8,3654,388,387,500,500,2,0.0003248317557287236,0.01802308951674833,,,,0.00023024599780300975,2.793683898093503,3667.9171828607664,0.75,375.0000000241545,0.7500000000483089,4.830891242590951e-11,6.09346658129296,0.012808348608022498,0.04588884628583807,0.0733927101628311,solved,29,2,78732,d893138401750f8c01d0dfeeac04cb7dfb805c234e509918d24e387472080381,three_row_sha256,,123ea5ce324bb82567913e1514a410f2bb582a6d8528a6ea98fbb2b74646f92c,a789b01b17129967eecd25421cde715dc938f6e3b95b30f735ff978f0882361e,0.1967339776456356,0.4002691712230444,0.2907149028033018,0.6031407974660397,1.7176498658955097,0.6935149431228638,0.42342511005699635,4.325448768213391,0.0,2244.251551339403,196.93589839152992,331.76862983964384,False,False,False,ok
BNCI2014_001,ebsw_full_ess075,ebsw,full,ess075,normalized,8,3654,389,388,500,500,2,0.00033838891333097944,0.018395350318245626,,,,0.00023062184585485719,2.793683898093503,3428.2740117794424,0.75,375.0000000044229,0.7500000000088458,8.845812971003397e-12,6.092768063462019,0.009807613258413811,0.04500182457513068,0.0791392720499601,solved,28,2,79120,270c7c6ce7106143a036bb745a42b9daeb072e15f9b2a0e13e3d46fb51ed816f,three_row_sha256,,123ea5ce324bb82567913e1514a410f2bb582a6d8528a6ea98fbb2b74646f92c,a789b01b17129967eecd25421cde715dc938f6e3b95b30f735ff978f0882361e,0.35013211891055107,0.3907859791070223,0.42722118087112904,0.7383320480585098,2.400497905910015,0.7721199654042721,0.4119640216231346,5.491053219884634,0.0,2249.7426045592874,196.93589839152992,331.76862983964384,False,False,False,ok
BNCI2014_001,ebsw_full_ess075,ebsw,full,ess075,normalized,8,3654,390,389,500,500,2,0.00032846733444173866,0.018123667797709676,,,,0.0002868922934899506,2.7936838980935033,2914.6476982011586,0.75,375.0000000324202,0.7500000000648404,6.484035530718302e-11,6.111267278528519,0.01797865885908576,0.0495250999383204,0.07706345903704301,solved,31,2,79509,055d9288a8070c562c298eb42ca68fdbb48caa9c840b3895d114a50259fb52fb,three_row_sha256,,123ea5ce324bb82567913e1514a410f2bb582a6d8528a6ea98fbb2b74646f92c,a789b01b17129967eecd25421cde715dc938f6e3b95b30f735ff978f0882361e,0.19402592442929745,0.3588299732655287,0.32392609864473343,0.5424669943749905,1.7241551540791988,0.7422640919685364,0.4065029788762331,4.292171215638518,0.0,2254.034775774926,196.93589839152992,331.76862983964384,False,False,False,ok
BNCI2014_001,ebsw_full_ess075,ebsw,full,ess075,normalized,8,3654,391,390,500,500,2,0.00034019643028639123,0.018444414609479782,,,,0.00025443563469651937,2.793683898093503,3200.6094082112295,0.75,374.99999999428235,0.7499999999885647,-1.1435297153639112e-11,6.099205532782858,0.01398988956628735,0.04611302360332852,0.0730885243541431,solved,30,2,79899,ca4bf13d3d3c9ce21665e75b7256cab24611b0d24bd82fe4e19f4228d1c67de7,three_row_sha256,,123ea5ce324bb82567913e1514a410f2bb582a6d8528a6ea98fbb2b74646f92c,a789b01b17129967eecd25421cde715dc938f6e3b95b30f735ff978f0882361e,0.3328330349177122,0.500397989526391,0.29781507328152657,0.5683130584657192,3.3329748548567295,0.9935679845511913,0.15325401909649372,6.179156014695764,0.0,2260.2139317896217,196.93589839152992,331.76862983964384,False,False,False,ok
BNCI2014_001,ebsw_full_ess075,ebsw,full,ess075,normalized,8,3654,392,391,500,500,2,0.0003233964614674943,0.017983227226154218,,,,0.00026933766727843387,2.793683898093503,3118.2111689736275,0.75,374.9999999808062,0.7499999999616124,-3.8387626410951725e-11,6.105901320767495,0.016823330615232134,0.047916346107815144,0.07642457986243054,solved,31,2,80290,6cd40819be1d138d7842eab678c92cbe8d8bd509de390c6db9a5f2599dc8d980,three_row_sha256,,123ea5ce324bb82567913e1514a410f2bb582a6d8528a6ea98fbb2b74646f92c,a789b01b17129967eecd25421cde715dc938f6e3b95b30f735ff978f0882361e,0.2058311365544796,0.5281909834593534,0.28763990849256516,0.7038661278784275,1.8838660325855017,0.7975229527801275,0.6806198507547379,5.087536992505193,0.0,2265.301468782127,196.93589839152992,331.76862983964384,False,False,False,ok
BNCI2014_001,ebsw_full_ess075,ebsw,full,ess075,normalized,8,3654,393,392,500,500,2,0.0003195777506376463,0.017876737695610077,,,,0.0002708765026317206,2.793683898093503,3287.0586792715926,0.75,375.0000000003795,0.750000000000759,7.58948459633757e-13,6.108310158861057,0.016063546532233373,0.04935961012648043,0.07217177524866311,solved,32,2,80682,d47216fe872b4cb6ed69d5300b2f3399c3c7694468953a528eb0e70658f1342b,three_row_sha256,,123ea5ce324bb82567913e1514a410f2bb582a6d8528a6ea98fbb2b74646f92c,a789b01b17129967eecd25421cde715dc938f6e3b95b30f735ff978f0882361e,0.2583449240773916,0.3938779700547457,0.2886950969696045,0.5682241171598434,1.8068929202854633,0.8840670343488455,0.5497129168361425,4.749814979732037,0.0,2270.051283761859,196.93589839152992,331.76862983964384,False,False,False,ok
BNCI2014_001,ebsw_full_ess075,ebsw,full,ess075,normalized,8,3654,394,393,500,500,2,0.00032569390715205145,0.0180469916371691,,,,0.00023237730117827202,2.793683898093503,3468.9871195960127,0.75,374.99999996672625,0.7499999999334526,-6.654743422984666e-11,6.095130081513994,0.012166954262269398,0.04598009634715679,0.0768772618411479,solved,31,2,81075,74991f02c2b38d20d0ec0cd7dda3707047e29c1c3923001a6f920f5767e5a4ce,three_row_sha256,,123ea5ce324bb82567913e1514a410f2bb582a6d8528a6ea98fbb2b74646f92c,a789b01b17129967eecd25421cde715dc938f6e3b95b30f735ff978f0882361e,0.23097777739167213,0.3643468953669071,0.2949370536953211,0.7026928942650557,2.7126118075102568,0.847651856020093,0.3857461269944906,5.538964411243796,0.0,2275.5902481731027,196.93589839152992,331.76862983964384,False,False,False,ok
BNCI2014_001,ebsw_full_ess075,ebsw,full,ess075,normalized,8,3654,395,394,500,500,2,0.00032873523373883203,0.018131057159990204,,,,0.00025150490051132235,2.793683898093503,3280.406547089199,0.75,374.99999996289546,0.7499999999257909,-7.420908332278486e-11,6.099248316372577,0.015464661913427368,0.04455261640128429,0.0726698988528796,solved,28,2,81469,dd45315ecf8d97a15718743b065ef8719980ac487fb067dcc9af54d74d18ca1d,three_row_sha256,,123ea5ce324bb82567913e1514a410f2bb582a6d8528a6ea98fbb2b74646f92c,a789b01b17129967eecd25421cde715dc938f6e3b95b30f735ff978f0882361e,0.4170360043644905,0.35725487396121025,0.31290389597415924,0.9195208549499512,2.4748239666223526,0.7876639720052481,0.47850608825683594,5.747709656134248,0.0,2281.337957829237,196.93589839152992,331.76862983964384,False,False,False,ok
BNCI2014_001,ebsw_full_ess075,ebsw,full,ess075,normalized,8,3654,396,395,500,500,2,0.00032924145981935173,0.018145011981791352,,,,0.00023425137108253435,2.793683898093503,3352.8525590653758,0.75,375.0000000483689,0.7500000000967378,9.6737839960781e-11,6.094409789979434,0.011069000917008423,0.04596907332369531,0.07759078984133266,solved,29,2,81864,8fe1e2d3ba6ac12da574044c8ede8d0fdd01e534d20b65c5e19b66efeb80b6f1,three_row_sha256,,123ea5ce324bb82567913e1514a410f2bb582a6d8528a6ea98fbb2b74646f92c,a789b01b17129967eecd25421cde715dc938f6e3b95b30f735ff978f0882361e,0.34770998172461987,0.4983409307897091,0.29523600824177265,0.5888689775019884,1.8672060687094927,0.9407349862158298,0.38403389044106007,4.922130843624473,0.0,2286.2600886728615,196.93589839152992,331.76862983964384,False,False,False,ok
BNCI2014_001,ebsw_full_ess075,ebsw,full,ess075,normalized,8,3654,397,396,500,500,2,0.0003257599847673365,0.018048822254300597,,,,0.0002521920061621108,2.793683898093503,3171.7738806053976,0.75,374.9999999868829,0.7499999999737659,-2.62341259826826e-11,6.10072798373977,0.014610559229189577,0.046847427903027074,0.07669827342904562,solved,30,2,82260,cca978f447760c70a0dbec485ccab8a49729b83a1256a40276ef05fc2a47b82e,three_row_sha256,,123ea5ce324bb82567913e1514a410f2bb582a6d8528a6ea98fbb2b74646f92c,a789b01b17129967eecd25421cde715dc938f6e3b95b30f735ff978f0882361e,0.4203380085527897,0.3620879724621773,0.31280703842639923,0.9227290283888578,2.6397008914500475,0.9452130179852247,0.4263180308043957,6.029193988069892,0.0,2292.2892826609313,196.93589839152992,331.76862983964384,False,False,False,ok
BNCI2014_001,ebsw_full_ess075,ebsw,full,ess075,normalized,8,3654,398,397,500,500,2,0.00033855921426196835,0.018399978648410666,,,,0.0002545622987673872,2.793683898093503,3038.6377121433575,0.75,374.9999999851757,0.7499999999703514,-2.964861689491727e-11,6.099572486755072,0.012926934591534956,0.04682678037367391,0.07572625093475928,solved,30,2,82657,069c3d2134a88c39a3f2a0c2a9c033b23581bbb7a571cf0b887e8fd0b49e6f84,three_row_sha256,,123ea5ce324bb82567913e1514a410f2bb582a6d8528a6ea98fbb2b74646f92c,a789b01b17129967eecd25421cde715dc938f6e3b95b30f735ff978f0882361e,0.22765505127608776,0.3692291211336851,0.28830021619796753,0.7107609417289495,1.807095017284155,0.885027926415205,0.41347602382302284,4.701544297859073,0.0,2296.9908269587904,196.93589839152992,331.76862983964384,False,False,False,ok
BNCI2014_001,ebsw_full_ess075,ebsw,full,ess075,normalized,8,3654,399,398,500,500,2,0.0003271774588418812,0.01808804740268781,,,,0.0002848576843871283,2.7936838980935024,2930.4963917122013,0.75,374.99999999022964,0.7499999999804593,-1.9540702389519993e-11,6.109336329876785,0.017634614886429253,0.04720777785216848,0.07432190027846118,solved,25,2,83055,32723f3ce01e32c25deee9ce7d8f1eaa79bc908cb2dcbacc9886fbbd2ace93af,three_row_sha256,,123ea5ce324bb82567913e1514a410f2bb582a6d8528a6ea98fbb2b74646f92c,a789b01b17129967eecd25421cde715dc938f6e3b95b30f735ff978f0882361e,0.24201092310249805,0.35277102142572403,0.32478198409080505,0.8692960254848003,1.79424905218184,0.7336949929594994,0.41219498962163925,4.728998988866806,0.0,2301.7198259476572,196.93589839152992,331.76862983964384,False,False,False,ok
BNCI2014_001,ebsw_full_ess075,ebsw,full,ess075,normalized,8,3654,400,399,500,500,2,0.00032343354692531843,0.017984258309013425,6.6506755526414905,0.6475291771116107,35.247082288838925,0.0002159629133956904,2.793683898093503,3772.169606975015,0.75,375.0000000140322,0.7500000000280644,2.8064439661079632e-11,6.087133908441164,0.011538035340604378,0.04039877878205003,0.07137593971644046,solved,30,2,83454,ee15b3759e7bbe6251cb61bf3c6d772cfab3ed7f828c3e4b3d35fb2daad88ada,three_row_sha256,,123ea5ce324bb82567913e1514a410f2bb582a6d8528a6ea98fbb2b74646f92c,a789b01b17129967eecd25421cde715dc938f6e3b95b30f735ff978f0882361e,0.3462799359112978,0.357520068064332,0.42740791104733944,2.0127850584685802,1.7965519800782204,4.087988985702395,0.38928096182644367,9.417814901098609,11.828212067484856,2311.137640848756,208.76411045901477,331.76862983964384,False,False,False,ok
BNCI2014_001,ebsw_full_ess075,ebsw,full,ess075,normalized,8,3654,401,400,500,500,2,0.00032973087204300126,0.01815849311047041,,,,0.00022052978184574317,2.793683898093503,3787.299208669755,0.75,375.0000000122893,0.7500000000245787,2.4578672430664028e-11,6.089085098415713,0.010980050775033069,0.04252965721348789,0.0726077097154216,solved,29,2,83854,4747fe3273036772a7aca8b7bdd418899a1f1b61fbb1ab57c2e1ee1b33a02f95,three_row_sha256,,123ea5ce324bb82567913e1514a410f2bb582a6d8528a6ea98fbb2b74646f92c,a789b01b17129967eecd25421cde715dc938f6e3b95b30f735ff978f0882361e,0.43211295269429684,0.33671315759420395,0.3634779714047909,0.6367750465869904,2.286577131599188,0.9384970180690289,0.4134909249842167,5.407644202932715,0.0,2316.5452850516886,208.76411045901477,381.19743671268225,False,False,False,ok
BNCI2014_001,ebsw_full_ess075,ebsw,full,ess075,normalized,8,3654,402,401,500,500,2,0.0003231722518214405,0.0179769922907432,,,,0.00023581453696243758,2.793683898093503,3528.8750120158657,0.75,375.0000000256596,0.7500000000513192,5.131917113487816e-11,6.09575423082682,0.012852494305251504,0.04609788468237541,0.0730525718335763,solved,30,2,84255,81072ec928b63fa61ceb4e8c8ce092185757a82c65bb49668ec62ed768892794,three_row_sha256,,123ea5ce324bb82567913e1514a410f2bb582a6d8528a6ea98fbb2b74646f92c,a789b01b17129967eecd25421cde715dc938f6e3b95b30f735ff978f0882361e,0.3754119388759136,0.3080470487475395,0.22130715660750866,0.7882278878241777,2.2235759533941746,2.9655981343239546,0.20767399109899998,7.089842110872269,0.0,2323.635127162561,208.76411045901477,381.19743671268225,False,False,False,ok
BNCI2014_001,ebsw_full_ess075,ebsw,full,ess075,normalized,8,3654,403,402,500,500,2,0.00032450981332210303,0.01801415591478277,,,,0.00021956632301031783,2.793683898093503,3824.2642993039926,0.75,375.00000004048775,0.7500000000809756,8.09755595909678e-11,6.09009249635124,0.010209681746215277,0.04268493670761632,0.07562361757619494,solved,31,2,84657,3464fd26f8ca4ed5acc36c616f94aab48e0d773423acd46667a98afd5f6e9732,three_row_sha256,,123ea5ce324bb82567913e1514a410f2bb582a6d8528a6ea98fbb2b74646f92c,a789b01b17129967eecd25421cde715dc938f6e3b95b30f735ff978f0882361e,0.4215678200125694,0.3984328359365463,0.30684820376336575,0.6054679397493601,1.8675480969250202,0.752550084143877,0.5499748513102531,4.902389831840992,0.0,2328.537516994402,208.76411045901477,381.19743671268225,False,False,False,ok
BNCI2014_001,ebsw_full_ess075,ebsw,full,ess075,normalized,8,3654,404,403,500,500,2,0.00032991995650721455,0.018163698866343676,,,,0.0002911032018854804,2.793683898093503,2778.1450732081867,0.75,375.000000016898,0.7500000000337961,3.3796077048009465e-11,6.1118094531100535,0.016376611215300218,0.05026674443328614,0.07505410184386412,solved,28,2,85060,4fa5b1f4ec9d366e450ccf94c496ad8e3de3ee97b8c9394080df7a9e4edb2128,three_row_sha256,,123ea5ce324bb82567913e1514a410f2bb582a6d8528a6ea98fbb2b74646f92c,a789b01b17129967eecd25421cde715dc938f6e3b95b30f735ff978f0882361e,0.2340830396860838,0.5275160074234009,0.29737711884081364,0.6107508670538664,2.1755180787295103,0.9866529144346714,0.43423986062407494,5.266137886792421,0.0,2333.8036548811942,208.76411045901477,381.19743671268225,False,False,False,ok
BNCI2014_001,ebsw_full_ess075,ebsw,full,ess075,normalized,8,3654,405,404,500,500,2,0.00033358002554672515,0.018264173278490465,,,,0.00035631216373204085,2.793683898093503,2383.2515405445315,0.75,375.0000000453483,0.7500000000906967,9.069667239458568e-11,6.1274250640635355,0.021427742268693806,0.04900202237084112,0.07049992931080235,solved,29,2,85464,dea6301b29d76a332b706eb42a7289d9f31d4fa0afc7d78dcea8e769dd5ab6f1,three_row_sha256,,123ea5ce324bb82567913e1514a410f2bb582a6d8528a6ea98fbb2b74646f92c,a789b01b17129967eecd25421cde715dc938f6e3b95b30f735ff978f0882361e,0.21845591254532337,0.3368919715285301,0.28865900821983814,0.6988558452576399,1.656451029703021,0.9216750040650368,0.45018200762569904,4.571170778945088,0.0,2338.3748256601393,208.76411045901477,381.19743671268225,False,False,False,ok
BNCI2014_001,ebsw_full_ess075,ebsw,full,ess075,normalized,8,3654,406,405,500,500,2,0.0003240947753088535,0.018002632454973175,,,,0.00022230758052607687,2.793683898093503,3545.6983145005606,0.75,374.99999996438015,0.7499999999287603,-7.123968082112242e-11,6.089237638207285,0.010582116295286624,0.04481567204495328,0.07391221484913789,solved,27,2,85869,2fa413b1a5ece9ef497af5251717395571f62b2219cc6e01acb09cfe422c6a62,three_row_sha256,,123ea5ce324bb82567913e1514a410f2bb582a6d8528a6ea98fbb2b74646f92c,a789b01b17129967eecd25421cde715dc938f6e3b95b30f735ff978f0882361e,0.23978110402822495,0.37174089811742306,0.2156030386686325,0.8430599700659513,1.6755941323935986,1.4300961047410965,0.41909003630280495,5.194965284317732,0.0,2343.569790944457,208.76411045901477,381.19743671268225,False,False,False,ok
BNCI2014_001,ebsw_full_ess075,ebsw,full,ess075,normalized,8,3654,407,406,500,500,2,0.00032871819394097404,0.01813058724754866,,,,0.0002586681957295485,2.793683898093503,3440.940312958115,0.75,374.99999997073786,0.7499999999414757,-5.85242965200905e-11,6.103292939932041,0.01657270447647468,0.04758764620607507,0.07594488936023082,solved,31,2,86275,5e822d7528df1c89f4818ec4c997bc25760d57ce7c72cf32bea9f5eda7bca55f,three_row_sha256,,123ea5ce324bb82567913e1514a410f2bb582a6d8528a6ea98fbb2b74646f92c,a789b01b17129967eecd25421cde715dc938f6e3b95b30f735ff978f0882361e,0.2255840227007866,0.39413291960954666,0.33415015786886215,0.7381080649793148,3.0635709408670664,1.2367370072752237,0.43143494985997677,6.423718063160777,0.0,2349.993509007618,208.76411045901477,381.19743671268225,False,False,False,ok
BNCI2014_001,ebsw_full_ess075,ebsw,full,ess075,normalized,8,3654,408,407,500,500,2,0.00033848101626676285,0.01839785357770745,,,,0.00043909489229017286,2.793683898093503,1898.7053863232563,0.75,375.0000000333366,0.7500000000666732,6.667322249853669e-11,6.141992354229799,0.024677040680979298,0.045669561325315675,0.06396350482997487,solved,30,2,86682,298a63dcb1efbf20d08368e3002f40489a3ead8c404ba9f983f53e24f9c431ef,three_row_sha256,,123ea5ce324bb82567913e1514a410f2bb582a6d8528a6ea98fbb2b74646f92c,a789b01b17129967eecd25421cde715dc938f6e3b95b30f735ff978f0882361e,0.21050102077424526,0.39568892680108547,0.292002921923995,0.6026581395417452,1.743231900036335,1.1018379591405392,0.5489890463650227,4.894909914582968,0.0,2354.888418922201,208.76411045901477,381.19743671268225,False,False,False,ok
BNCI2014_001,ebsw_full_ess075,ebsw,full,ess075,normalized,8,3654,409,408,500,500,2,0.00033863028482578235,0.018401909814630173,,,,0.00028536003047480667,2.793683898093503,2760.4198077905453,0.75,375.00000002928743,0.7500000000585749,5.857492269001341e-11,6.110252933100572,0.014223415494929977,0.05204154767067567,0.07904495018694083,solved,28,2,87090,e9103b0223894e5c7d00a3cb52bcf8ed2d463a4a2ec80e101915f8dd7bb0ecfc,three_row_sha256,,123ea5ce324bb82567913e1514a410f2bb582a6d8528a6ea98fbb2b74646f92c,a789b01b17129967eecd25421cde715dc938f6e3b95b30f735ff978f0882361e,1.6415801364928484,0.3523810300976038,0.29442901723086834,0.5406648851931095,2.0101498812437057,0.7804220076650381,0.3554800059646368,5.975106963887811,0.0,2360.8635258860886,208.76411045901477,381.19743671268225,False,False,False,ok
BNCI2014_001,ebsw_full_ess075,ebsw,full,ess075,normalized,8,3654,410,409,500,500,2,0.0003302535584874049,0.018172879752185806,,,,0.0002340233702102334,2.793683898093503,3535.605040476527,0.75,375.00000003045056,0.7500000000609012,6.09011729935105e-11,6.094492423694598,0.010409279462861116,0.04715560514612091,0.0775826369603729,solved,31,2,87499,d53f8bb35f633bb5b40aa060b1538cde48f8ad5aa783f1994a8eb9d476d73969,three_row_sha256,,123ea5ce324bb82567913e1514a410f2bb582a6d8528a6ea98fbb2b74646f92c,a789b01b17129967eecd25421cde715dc938f6e3b95b30f735ff978f0882361e,0.2151669468730688,0.4935450851917267,0.28979196213185787,0.6261009257286787,1.979531953111291,1.2633770238608122,0.41545904241502285,5.282972939312458,0.0,2366.146498825401,208.76411045901477,381.19743671268225,False,False,False,ok
BNCI2014_001,ebsw_full_ess075,ebsw,full,ess075,normalized,8,3654,411,410,500,500,2,0.0003343557450790531,0.018285397044610574,,,,0.0002775792786073258,2.793683898093503,2993.4080899504443,0.75,374.9999999594501,0.7499999999189002,-8.109979354742336e-11,6.107750723963191,0.017603678975028503,0.044639209438956794,0.07507984423643321,solved,30,2,87909,772648f21ad20f793db0d22c8789381bafad692f7f9fc9afc111a18716943f87,three_row_sha256,,123ea5ce324bb82567913e1514a410f2bb582a6d8528a6ea98fbb2b74646f92c,a789b01b17129967eecd25421cde715dc938f6e3b95b30f735ff978f0882361e,0.20517990924417973,0.35475194454193115,0.3351210616528988,0.6015598773956299,1.5661250799894333,1.1011948809027672,0.5027891602367163,4.666721913963556,0.0,2370.8132207393646,208.76411045901477,381.19743671268225,False,False,False,ok
BNCI2014_001,ebsw_full_ess075,ebsw,full,ess075,normalized,8,3654,412,411,500,500,2,0.00033141942593343675,0.018204928616543287,,,,0.00026507548334089485,2.793683898093503,3098.3326659458307,0.75,375.00000004049417,0.7500000000809883,8.0988327155751e-11,6.102643091890126,0.016827214872233497,0.04405676625215953,0.07153721358573983,solved,29,2,88320,bed9c55f6888b49d0ae62e41291a0af74499bb44e5b4d49e220d53316afd9353,three_row_sha256,,123ea5ce324bb82567913e1514a410f2bb582a6d8528a6ea98fbb2b74646f92c,a789b01b17129967eecd25421cde715dc938f6e3b95b30f735ff978f0882361e,0.34594396129250526,0.19684992730617523,1.8008090555667877,0.5746129900217056,2.0156309474259615,0.7681890856474638,0.25023496709764004,5.952270934358239,0.0,2376.765491673723,208.76411045901477,381.19743671268225,False,False,False,ok
BNCI2014_001,ebsw_full_ess075,ebsw,full,ess075,normalized,8,3654,413,412,500,500,2,0.000321229564453583,0.01792287824133119,,,,0.00021776022515350804,2.793683898093503,3838.7468597272095,0.75,374.9999999553811,0.7499999999107622,-8.923783934022822e-11,6.089015039836342,0.010470880783083152,0.041491164423371404,0.07195885529849556,solved,30,2,88732,58f50d3f4d5ecf3d9f15e4810afec205e23bae2233bfdd86d3b686ab0a42a15a,three_row_sha256,,123ea5ce324bb82567913e1514a410f2bb582a6d8528a6ea98fbb2b74646f92c,a789b01b17129967eecd25421cde715dc938f6e3b95b30f735ff978f0882361e,0.22895308211445808,0.4937730263918638,0.30372594483196735,0.6252708844840527,1.801780890673399,1.1239671148359776,0.4280330613255501,5.0055040046572685,0.0,2381.77099567838,208.76411045901477,381.19743671268225,False,False,False,ok
BNCI2014_001,ebsw_full_ess075,ebsw,full,ess075,normalized,8,3654,414,413,500,500,2,0.00032471562433998097,0.01801986748952336,,,,0.00021948907539563647,2.793683898093503,3780.4162957913786,0.75,375.00000002587086,0.7500000000517417,5.1741722018050496e-11,6.089489569399494,0.009791959789485103,0.043435217429325435,0.07553828385310352,solved,31,2,89145,3fc3462aaf605d15358a053ebef755d4eaaf2ca6a19f95ca8d867825e09f976d,three_row_sha256,,123ea5ce324bb82567913e1514a410f2bb582a6d8528a6ea98fbb2b74646f92c,a789b01b17129967eecd25421cde715dc938f6e3b95b30f735ff978f0882361e,0.257700914517045,0.3857931587845087,0.29420596547424793,0.5661370232701302,1.8080121371895075,1.1050410103052855,0.5516509991139174,4.968541208654642,0.0,2386.739536887035,208.76411045901477,381.19743671268225,False,False,False,ok
BNCI2014_001,ebsw_full_ess075,ebsw,full,ess075,normalized,8,3654,415,414,500,500,2,0.0003268653921098193,0.018079419020251158,,,,0.00024373887991544302,2.793683898093503,3423.112339296154,0.75,375.00000000612397,0.750000000012248,1.2247980407664727e-11,6.099904765104405,0.012281962784189434,0.04972735228283805,0.07908663260746104,solved,31,2,89559,49ed828c8b188d2904105e6bf3391ace31d9306b919a2df3ce70f18cf5ae85e8,three_row_sha256,,123ea5ce324bb82567913e1514a410f2bb582a6d8528a6ea98fbb2b74646f92c,a789b01b17129967eecd25421cde715dc938f6e3b95b30f735ff978f0882361e,0.7028391119092703,0.3691569436341524,0.21263398230075836,0.8419090881943703,2.1475038956850767,1.482851104810834,0.5171920638531446,6.274086190387607,0.0,2393.0136230774224,208.76411045901477,381.19743671268225,False,False,False,ok
BNCI2014_001,ebsw_full_ess075,ebsw,full,ess075,normalized,8,3654,416,415,500,500,2,0.00032527693042627996,0.0180354354099445,,,,0.0002237712675294625,2.793683898093503,3583.8734866235577,0.75,375.0000000332024,0.7500000000664049,6.640488159348479e-11,6.0905760185329125,0.011802127316629501,0.04152275200208805,0.0723088547860015,solved,30,2,89974,1d47f14ac140dbd079dbeda112a2fdd08e7ae65e7e671365e915f42cc3d159e2,three_row_sha256,,123ea5ce324bb82567913e1514a410f2bb582a6d8528a6ea98fbb2b74646f92c,a789b01b17129967eecd25421cde715dc938f6e3b95b30f735ff978f0882361e,0.2315649762749672,0.5036939401179552,0.2859639935195446,0.5792421288788319,2.173356944695115,1.0750300716608763,0.36979280412197113,5.218644859269261,0.0,2398.2322679366916,208.76411045901477,381.19743671268225,False,False,False,ok
BNCI2014_001,ebsw_full_ess075,ebsw,full,ess075,normalized,8,3654,417,416,500,500,2,0.0003269640271195879,0.01808214664025231,,,,0.00022579033698413387,2.793683898093503,3623.8254573697695,0.75,375.00000001101336,0.7500000000220267,2.2026713786260643e-11,6.091546875368992,0.012344436793767037,0.042697581649808275,0.07295588152118826,solved,27,2,90390,486989c41ddf241986d4c49d15c5b419f75ed87424cbc46250a0224d92c9ab53,three_row_sha256,,123ea5ce324bb82567913e1514a410f2bb582a6d8528a6ea98fbb2b74646f92c,a789b01b17129967eecd25421cde715dc938f6e3b95b30f735ff978f0882361e,0.21290406584739685,0.33475481905043125,0.28869486413896084,0.6116179283708334,1.8866900354623795,0.8513929788023233,0.5120430141687393,4.6980977058410645,0.0,2402.9303656425327,208.76411045901477,381.19743671268225,False,False,False,ok
BNCI2014_001,ebsw_full_ess075,ebsw,full,ess075,normalized,8,3654,418,417,500,500,2,0.0003354037922946392,0.01831403266063046,,,,0.00023590756792555662,2.793683898093503,3269.1658656719937,0.75,375.00000003094357,0.7500000000618872,6.18871620616801e-11,6.095223509867999,0.01042511531349996,0.04487907630336249,0.07850350241671984,solved,31,2,90807,0d107fd3b43aa86e054cddd0d4e07d544e23e7344a7e7e97abcfca0870618597,three_row_sha256,,123ea5ce324bb82567913e1514a410f2bb582a6d8528a6ea98fbb2b74646f92c,a789b01b17129967eecd25421cde715dc938f6e3b95b30f735ff978f0882361e,0.35251700319349766,0.49857795238494873,0.2912841737270355,0.5961970891803503,3.497266909107566,0.9023109450936317,0.3752701450139284,6.513424217700958,0.0,2409.4437898602337,208.76411045901477,381.19743671268225,False,False,False,ok
BNCI2014_001,ebsw_full_ess075,ebsw,full,ess075,normalized,8,3654,419,418,500,500,2,0.00031867210115381106,0.017851389333993335,,,,0.0002507688597434936,2.7936838980935024,3449.4852091675266,0.75,374.99999995108607,0.7499999999021721,-9.782785692635798e-11,6.1022293732111414,0.014859423886204037,0.048247579210826806,0.0753739064513615,solved,31,2,91225,396beb5875b6fa5c3603c7f15e3059904315f53be34bcd1501622f6aefa37523,three_row_sha256,,123ea5ce324bb82567913e1514a410f2bb582a6d8528a6ea98fbb2b74646f92c,a789b01b17129967eecd25421cde715dc938f6e3b95b30f735ff978f0882361e,0.24252105504274368,0.37732115015387535,0.29454403556883335,0.6474629044532776,2.0949949976056814,0.9920559823513031,1.046215882524848,5.6951160077005625,0.0,2415.138905867934,208.76411045901477,381.19743671268225,False,False,False,ok
BNCI2014_001,ebsw_full_ess075,ebsw,full,ess075,normalized,8,3654,420,419,500,500,2,0.00032733406171726827,0.018092375789742713,,,,0.00023378870068926005,2.793683898093503,3444.6534308080363,0.75,375.0000000423429,0.7500000000846858,8.468581391696262e-11,6.095070532654482,0.011046070884530187,0.04613930144611335,0.07893973843979252,solved,30,2,91644,81a1d46ba82ce7ead6d356c6b4b6e649315e318c64db2ba883fcec49f40faa60,three_row_sha256,,123ea5ce324bb82567913e1514a410f2bb582a6d8528a6ea98fbb2b74646f92c,a789b01b17129967eecd25421cde715dc938f6e3b95b30f735ff978f0882361e,0.20659901201725006,0.3702507819980383,0.21088100038468838,0.5831681191921234,1.7468680161982775,0.7603680714964867,0.3808408509939909,4.258975852280855,0.0,2419.397881720215,208.76411045901477,381.19743671268225,False,False,False,ok
BNCI2014_001,ebsw_full_ess075,ebsw,full,ess075,normalized,8,3654,421,420,500,500,2,0.0003116533879926978,0.01765370748575771,,,,0.0002309040594217769,2.793683898093503,3730.046670103766,0.75,375.00000003863227,0.7500000000772645,7.726452810885576e-11,6.094531143310087,0.014339571032513309,0.04325255080683608,0.0725228824819445,solved,28,2,92064,8fdf3cf9ae531b4f06808d8a61e97d1693cda1ac90ede3b4695ee4b61f8e0db9,three_row_sha256,,123ea5ce324bb82567913e1514a410f2bb582a6d8528a6ea98fbb2b74646f92c,a789b01b17129967eecd25421cde715dc938f6e3b95b30f735ff978f0882361e,0.21322397515177727,0.4639469552785158,0.30636810697615147,0.6119499448686838,2.1132470574229956,0.8650838863104582,0.17177313566207886,4.745593061670661,0.0,2424.1434747818857,208.76411045901477,381.19743671268225,False,False,False,ok
BNCI2014_001,ebsw_full_ess075,ebsw,full,ess075,normalized,8,3654,422,421,500,500,2,0.0003146266563258069,0.017737718464498384,,,,0.00020559302835608797,2.793683898093503,4157.141143198759,0.75,374.9999999807191,0.7499999999614383,-3.856170938121295e-11,6.085887178797826,0.01021354901095071,0.0417482861585037,0.07327496405130143,solved,30,2,92485,6014f2538e8fff4fa168e184b41b3da131320e479325291d1219d1c1b6ffcbbe,three_row_sha256,,123ea5ce324bb82567913e1514a410f2bb582a6d8528a6ea98fbb2b74646f92c,a789b01b17129967eecd25421cde715dc938f6e3b95b30f735ff978f0882361e,0.20837201736867428,0.34199701622128487,0.32686698250472546,0.6036881823092699,2.041017869487405,2.1810049656778574,0.3993748687207699,6.102321902289987,0.0,2430.2457966841757,208.76411045901477,381.19743671268225,False,False,False,ok
BNCI2014_001,ebsw_full_ess075,ebsw,full,ess075,normalized,8,3654,423,422,500,500,2,0.0003129929693417939,0.01769160731368956,,,,0.00022999911998397752,2.793683898093503,3554.4918365207623,0.75,375.0000000259063,0.7500000000518126,5.181255424702158e-11,6.095470580311147,0.012044734675442845,0.04552401793028256,0.0763551567578104,solved,26,2,92907,88899c0581563e50991cdccab1dc1f907702a7e6fb8d9d47c4f9087b647e622b,three_row_sha256,,123ea5ce324bb82567913e1514a410f2bb582a6d8528a6ea98fbb2b74646f92c,a789b01b17129967eecd25421cde715dc938f6e3b95b30f735ff978f0882361e,0.2061137929558754,0.19437004812061787,0.20996900275349617,0.5668869707733393,3.6258010659366846,3.9878960233181715,0.1710269134491682,8.962063817307353,0.0,2439.207860501483,208.76411045901477,381.19743671268225,False,False,False,ok
BNCI2014_001,ebsw_full_ess075,ebsw,full,ess075,normalized,8,3654,424,423,500,500,2,0.000318809637678896,0.017855241182322238,,,,0.0002714704522946923,2.793683898093503,3213.1013049021476,0.75,374.9999999951284,0.7499999999902568,-9.743206241807911e-12,6.107293449887086,0.017264409261223686,0.04876227118402938,0.0738897945225668,solved,31,2,93330,92aeea3dbd65891dc0133b7718c4a140701c55428e17f15fb7e017ddae98ee5d,three_row_sha256,,123ea5ce324bb82567913e1514a410f2bb582a6d8528a6ea98fbb2b74646f92c,a789b01b17129967eecd25421cde715dc938f6e3b95b30f735ff978f0882361e,0.20763115026056767,0.19443687051534653,0.21933089010417461,0.5944001022726297,2.0088599994778633,4.407957196235657,0.3643529489636421,7.996969157829881,0.0,2447.204829659313,208.76411045901477,381.19743671268225,False,False,False,ok
BNCI2014_001,ebsw_full_ess075,ebsw,full,ess075,normalized,8,3654,425,424,500,500,2,0.00031714626413058093,0.017808600847078946,6.632109716174102,0.645721553101845,35.4278446898155,0.0002098529339275435,2.793683898093503,4050.8610309610967,0.75,375.0000000135501,0.7500000000271002,2.7100210964192684e-11,6.086781070301529,0.009700652423769541,0.04153458621082758,0.07369901780428834,solved,31,2,93754,abf936e12f8e1ed9e37a58aa790c3065db847a3e134a25d74dd087d8af944fe3,three_row_sha256,,123ea5ce324bb82567913e1514a410f2bb582a6d8528a6ea98fbb2b74646f92c,a789b01b17129967eecd25421cde715dc938f6e3b95b30f735ff978f0882361e,0.2231830731034279,0.3455339465290308,0.29053702019155025,0.674649141728878,2.0805099047720432,1.112230122089386,0.36304816603660583,5.089691374450922,13.624106999486685,2452.294521033764,222.38821745850146,381.19743671268225,False,False,False,ok
BNCI2014_001,ebsw_full_ess075,ebsw,full,ess075,normalized,8,3654,426,425,500,500,2,0.00033507931399607833,0.0183051717827525,,,,0.00022319714024427386,2.793683898093503,3503.6600326890675,0.75,375.000000025243,0.7500000000504861,5.0486059777199443e-11,6.087927128154769,0.01141505403662285,0.04156886564491478,0.07232325307837753,solved,30,2,94179,335e5e1f5326f13638a9495181a9b64d50e08d27c9611c5d09124b47688a05ad,three_row_sha256,,123ea5ce324bb82567913e1514a410f2bb582a6d8528a6ea98fbb2b74646f92c,a789b01b17129967eecd25421cde715dc938f6e3b95b30f735ff978f0882361e,0.2686379011720419,0.6384500302374363,0.3449439536780119,0.8532979991286993,2.0033209584653378,0.7619310636073351,0.27994299307465553,5.150524899363518,0.0,2457.4450459331274,222.38821745850146,381.19743671268225,False,False,False,ok
BNCI2014_001,ebsw_full_ess075,ebsw,full,ess075,normalized,8,3654,427,426,500,500,2,0.00032584308936862896,0.01805112432422504,,,,0.00023099911459172415,2.793683898093503,3571.843869345986,0.75,375.0000000326861,0.7500000000653723,6.537226315828093e-11,6.094096642591799,0.010661253715023796,0.047084023256712765,0.07760915053254902,solved,27,2,94605,b96e08e734409b1ae004185ed842091477321744d803eb8afac70373752bac13,three_row_sha256,,123ea5ce324bb82567913e1514a410f2bb582a6d8528a6ea98fbb2b74646f92c,a789b01b17129967eecd25421cde715dc938f6e3b95b30f735ff978f0882361e,0.3161509521305561,0.23116497322916985,0.2344630192965269,0.893954886123538,2.386667998507619,1.0184249840676785,0.393945025280118,5.474771838635206,0.0,2462.9198177717626,222.38821745850146,381.19743671268225,False,False,False,ok
BNCI2014_001,ebsw_full_ess075,ebsw,full,ess075,normalized,8,3654,428,427,500,500,2,0.00031877815864721963,0.017854359653799393,,,,0.00023945827396441047,2.793683898093503,3524.608617569342,0.75,375.0000000301627,0.7500000000603254,6.032541133293989e-11,6.096487639805879,0.015216669319991293,0.04462628216115071,0.07053973179450615,solved,30,2,95032,1798249d450123c69a5e8f7a9bf68a4bd6467fabb39ef49b88082d43d529ccf3,three_row_sha256,,123ea5ce324bb82567913e1514a410f2bb582a6d8528a6ea98fbb2b74646f92c,a789b01b17129967eecd25421cde715dc938f6e3b95b30f735ff978f0882361e,0.5177040584385395,0.19979500211775303,1.8052100203931332,1.1311981361359358,1.8549701198935509,0.8151831571012735,0.3485521301627159,6.672612624242902,0.0,2469.5924303960055,222.38821745850146,381.19743671268225,False,False,False,ok
BNCI2014_001,ebsw_full_ess075,ebsw,full,ess075,normalized,8,3654,429,428,500,500,2,0.00032557133218421284,0.018043595323111547,,,,0.00026204515802421495,2.7936838980935024,3123.298288588845,0.75,374.99999998932844,0.7499999999786569,-2.1343149469998934e-11,6.103989682986378,0.013576726471708463,0.04939176669614394,0.07708234635795383,solved,31,2,95460,f76dddcafc634a8f69c7c93c7168b5b6e0878822331ad9bc21e3a1a56a6a52e5,three_row_sha256,,123ea5ce324bb82567913e1514a410f2bb582a6d8528a6ea98fbb2b74646f92c,a789b01b17129967eecd25421cde715dc938f6e3b95b30f735ff978f0882361e,0.20007812418043613,0.3753339406102896,0.4245568998157978,0.7366498466581106,2.086128108203411,0.9158600587397814,0.40996912866830826,5.148576106876135,0.0,2474.7410065028816,222.38821745850146,381.19743671268225,False,False,False,ok
BNCI2014_001,ebsw_full_ess075,ebsw,full,ess075,normalized,8,3654,430,429,500,500,2,0.0003335866367069916,0.018264354264714414,,,,0.00023312915263379267,2.793683898093503,3387.7227039274458,0.75,375.000000035753,0.7500000000715059,7.150591230242753e-11,6.093362958553275,0.011909300075707044,0.04425365762035553,0.07376810851341682,solved,29,2,95889,4063d4eeb2e70c43dfe1a691e353b76e8eba7e383a1a802eff5a287503c6d3b1,three_row_sha256,,123ea5ce324bb82567913e1514a410f2bb582a6d8528a6ea98fbb2b74646f92c,a789b01b17129967eecd25421cde715dc938f6e3b95b30f735ff978f0882361e,0.24085212498903275,0.3431329969316721,0.33558602444827557,0.6193809676915407,1.7586278263479471,0.9257730562239885,0.4554928746074438,4.678845871239901,0.0,2479.4198523741215,222.38821745850146,381.19743671268225,False,False,False,ok
BNCI2014_001,ebsw_full_ess075,ebsw,full,ess075,normalized,8,3654,431,430,500,500,2,0.0003200759266565723,0.01789066590869586,,,,0.0002394577612908862,2.793683898093503,3467.925289486665,0.75,375.0000000194204,0.7500000000388408,3.8840819449603714e-11,6.097100708947402,0.01421344469586757,0.04422657835575192,0.07478671213234006,solved,31,2,96319,698e700b3d40e071071df081f1554ead589e6937cf77ba6aebb10ea63f35a8fd,three_row_sha256,,123ea5ce324bb82567913e1514a410f2bb582a6d8528a6ea98fbb2b74646f92c,a789b01b17129967eecd25421cde715dc938f6e3b95b30f735ff978f0882361e,0.34322706051170826,0.40391995571553707,0.38559618405997753,2.0768858958035707,1.9755240064114332,0.9314350318163633,0.3672400489449501,6.48382818326354,0.0,2485.903680557385,222.38821745850146,381.19743671268225,False,False,False,ok
BNCI2014_001,ebsw_full_ess075,ebsw,full,ess075,normalized,8,3654,432,431,500,500,2,0.00032032701242024845,0.017897681761061917,,,,0.00024484551324869055,2.793683898093503,3466.8351645851244,0.75,375.00000002888135,0.7500000000577627,5.7762683525197644e-11,6.099973525608808,0.014149105302482985,0.047165038363790456,0.07696497336170433,solved,31,2,96750,8e2a8c84d7dc051c1f7b142383eabc1ce7ecd14cdfe5d81e71bae5215a632420,three_row_sha256,,123ea5ce324bb82567913e1514a410f2bb582a6d8528a6ea98fbb2b74646f92c,a789b01b17129967eecd25421cde715dc938f6e3b95b30f735ff978f0882361e,0.2028432209044695,0.37570507265627384,0.28950395062565804,0.7220560219138861,1.930702943354845,2.0294389687478542,0.272250035777688,5.822500213980675,0.0,2491.7261807713658,222.38821745850146,381.19743671268225,False,False,False,ok
BNCI2014_001,ebsw_full_ess075,ebsw,full,ess075,normalized,8,3654,433,432,500,500,2,0.00032804884784262787,0.01811211881152031,,,,0.00022235154463522098,2.793683898093503,3612.9547323742217,0.75,374.99999995021017,0.7499999999004203,-9.957967783691402e-11,6.089717559219469,0.010809770191265517,0.04360721643685346,0.07343684311386794,solved,30,2,97182,9f8ce56296e40ee3937e796e90beb7fc3b7177d3ebd426a67a3bbab1bde3b9c8,three_row_sha256,,123ea5ce324bb82567913e1514a410f2bb582a6d8528a6ea98fbb2b74646f92c,a789b01b17129967eecd25421cde715dc938f6e3b95b30f735ff978f0882361e,0.21393992938101292,0.3959869500249624,0.2888801973313093,0.5586401093751192,1.793714938685298,0.882740831002593,0.5700842011719942,4.703987156972289,0.0,2496.430167928338,222.38821745850146,381.19743671268225,False,False,False,ok
BNCI2014_001,ebsw_full_ess075,ebsw,full,ess075,normalized,8,3654,434,433,500,500,2,0.00030989905546070334,0.01760394999597259,,,,0.00031802410258475154,2.793683898093503,3043.924069141539,0.75,374.9999999942536,0.7499999999885072,-1.1492806706314695e-11,6.120958139520186,0.021485058099788328,0.044162407360872305,0.06741740742859963,solved,31,2,97615,0be0b189e68dec8908ab4586276bba8883ca40b45147c376489722494ee74403,three_row_sha256,,123ea5ce324bb82567913e1514a410f2bb582a6d8528a6ea98fbb2b74646f92c,a789b01b17129967eecd25421cde715dc938f6e3b95b30f735ff978f0882361e,0.21639210171997547,0.5288149695843458,0.322205014526844,0.7029587868601084,3.2124659046530724,0.9087978396564722,0.4131260793656111,6.304760696366429,0.0,2502.7349286247045,222.38821745850146,381.19743671268225,False,False,False,ok
BNCI2014_001,ebsw_full_ess075,ebsw,full,ess075,normalized,8,3654,435,434,500,500,2,0.00031772089786766586,0.017824727147074816,,,,0.00029145637076495785,2.793683898093503,3122.222528808744,0.75,374.9999999718291,0.7499999999436582,-5.634182009828237e-11,6.113190628506003,0.01936262270056091,0.04769757255489909,0.07156689157391737,solved,30,2,98049,fe03a670ebdf3a754ecbc16758099e434de79f1f3595183d90ec36d2e8369808,three_row_sha256,,123ea5ce324bb82567913e1514a410f2bb582a6d8528a6ea98fbb2b74646f92c,a789b01b17129967eecd25421cde715dc938f6e3b95b30f735ff978f0882361e,0.21228590048849583,0.3319401293992996,0.3118738532066345,0.5767559632658958,1.882385928183794,1.068175071850419,0.5387719720602036,4.922188818454742,0.0,2507.657117443159,222.38821745850146,381.19743671268225,False,False,False,ok
BNCI2014_001,ebsw_full_ess075,ebsw,full,ess075,normalized,8,3654,436,435,500,500,2,0.00031115101431669086,0.017639473187050992,,,,0.00020849057094540904,2.7936838980935033,4309.496836081609,0.75,374.9999999784875,0.749999999956975,-4.3025027984811004e-11,6.085757344870461,0.012177012328019156,0.039698702532002916,0.06878927877691658,solved,31,2,98484,edb2fe73cc9077e2cf647cbf49bdac438b365eff2a684381ffd02c43c964f7f1,three_row_sha256,,123ea5ce324bb82567913e1514a410f2bb582a6d8528a6ea98fbb2b74646f92c,a789b01b17129967eecd25421cde715dc938f6e3b95b30f735ff978f0882361e,0.516790896654129,0.3990801051259041,0.2877230290323496,0.5521851126104593,1.872665947303176,0.6748118903487921,0.39043184369802475,4.693688824772835,0.0,2512.350806267932,222.38821745850146,381.19743671268225,False,False,False,ok
BNCI2014_001,ebsw_full_ess075,ebsw,full,ess075,normalized,8,3654,437,436,500,500,2,0.00033479870596333437,0.018297505457393212,,,,0.0002440958192320883,2.793683898093503,3224.1142500786154,0.75,374.99999996642924,0.7499999999328585,-6.714151457032358e-11,6.097345084604424,0.011331293014445212,0.04845755062287859,0.07951738972997155,solved,31,2,98920,3f700433643705e489ec05c65155ad2d53abfe08d0e37b27f6389306d3dc1d61,three_row_sha256,,123ea5ce324bb82567913e1514a410f2bb582a6d8528a6ea98fbb2b74646f92c,a789b01b17129967eecd25421cde715dc938f6e3b95b30f735ff978f0882361e,0.3399760462343693,0.5077908281236887,0.29271887615323067,0.9661240037530661,2.911185147240758,0.8478700183331966,0.41891890577971935,6.284583825618029,0.0,2518.63539009355,222.38821745850146,381.19743671268225,False,False,False,ok
BNCI2014_001,ebsw_full_ess075,ebsw,full,ess075,normalized,8,3654,438,437,500,500,2,0.00032747794339651505,0.01809635165983782,,,,0.0002362215413769302,2.793683898093503,3347.368752004703,0.75,374.9999999958741,0.7499999999917482,-8.251843652828939e-12,6.095352086096361,0.011116124294142098,0.04603728367957642,0.0789584806538709,solved,30,2,99357,581963162ca1a49645d0377bef22173363f374163555acb1652d864f23e93cfc,three_row_sha256,,123ea5ce324bb82567913e1514a410f2bb582a6d8528a6ea98fbb2b74646f92c,a789b01b17129967eecd25421cde715dc938f6e3b95b30f735ff978f0882361e,0.24928897619247437,0.36437087692320347,0.3246359992772341,0.7266132161021233,2.019651932641864,0.6935270503163338,0.5480172112584114,4.926105262711644,0.0,2523.5614953562617,222.38821745850146,381.19743671268225,False,False,False,ok
BNCI2014_001,ebsw_full_ess075,ebsw,full,ess075,normalized,8,3654,439,438,500,500,2,0.0003229492781518248,0.017970789580645165,,,,0.00021501629107651728,2.793683898093503,3796.853283311658,0.75,374.9999999697765,0.749999999939553,-6.044698075413635e-11,6.087418796333759,0.009554546750746544,0.042462721121280106,0.07290588016468849,solved,30,2,99795,e37826b6b413dc0baa21e30e670c8ff2a04f690cccc27b2c3844fdcd0027bddf,three_row_sha256,,123ea5ce324bb82567913e1514a410f2bb582a6d8528a6ea98fbb2b74646f92c,a789b01b17129967eecd25421cde715dc938f6e3b95b30f735ff978f0882361e,1.6979649662971497,0.19498704932630062,0.21255388855934143,0.7486760150641203,2.1691059228032827,0.6853209342807531,0.3924309276044369,6.101039703935385,0.0,2529.662535060197,222.38821745850146,381.19743671268225,False,False,False,ok
BNCI2014_001,ebsw_full_ess075,ebsw,full,ess075,normalized,8,3654,440,439,500,500,2,0.0003223288490487525,0.017953519127144754,,,,0.00021863737977014192,2.793683898093503,3946.506907794005,0.75,374.99999998133103,0.7499999999626621,-3.733791054116864e-11,6.088854885644382,0.01160917501250052,0.0431561742530434,0.07300209972996048,solved,31,2,100234,ba032f1bec10b066ceaaeef41f270055f41992c18597d8c3d1f3853dd6f8006c,three_row_sha256,,123ea5ce324bb82567913e1514a410f2bb582a6d8528a6ea98fbb2b74646f92c,a789b01b17129967eecd25421cde715dc938f6e3b95b30f735ff978f0882361e,0.21167309023439884,0.31822407618165016,0.2960590645670891,0.7621520198881626,2.018163911998272,0.7567990105599165,0.3759940154850483,4.739065188914537,0.0,2534.4016002491117,222.38821745850146,381.19743671268225,False,False,False,ok
BNCI2014_001,ebsw_full_ess075,ebsw,full,ess075,normalized,8,3654,441,440,500,500,2,0.00032845795455382134,0.01812340902131333,,,,0.0002440070574103231,2.793683898093503,3540.836636620589,0.75,374.9999999655945,0.749999999931189,-6.881095693245243e-11,6.097401292283238,0.014571910996303117,0.04555597245231714,0.07374568229354658,solved,31,2,100674,b1bc65e56d94a67a4bc4109326abd4a8881b620d21057cc9cde541e73f705118,three_row_sha256,,123ea5ce324bb82567913e1514a410f2bb582a6d8528a6ea98fbb2b74646f92c,a789b01b17129967eecd25421cde715dc938f6e3b95b30f735ff978f0882361e,1.2144229840487242,0.3419721033424139,0.22381381131708622,1.0266168974339962,1.7422640230506659,0.7668330799788237,0.43031107634305954,5.7462339755147696,0.0,2540.1478342246264,222.38821745850146,381.19743671268225,False,False,False,ok
BNCI2014_001,ebsw_full_ess075,ebsw,full,ess075,normalized,8,3654,442,441,500,500,2,0.000315585426751225,0.017764724223900158,,,,0.000257177268984963,2.793683898093503,3594.707494068873,0.75,375.00000003969734,0.7500000000793947,7.939471302620404e-11,6.103893515367591,0.017348251872276572,0.0463748937422115,0.07397336406925756,solved,31,2,101115,e465e3462e38ee22fca78844718755a9528437c093458fd7648f1fca20518aea,three_row_sha256,,123ea5ce324bb82567913e1514a410f2bb582a6d8528a6ea98fbb2b74646f92c,a789b01b17129967eecd25421cde715dc938f6e3b95b30f735ff978f0882361e,0.26317709125578403,0.3050249069929123,0.21450896747410297,0.8156790863722563,2.090754918754101,1.2620489578694105,0.42680418118834496,5.377998109906912,0.0,2545.5258323345333,222.38821745850146,381.19743671268225,False,False,False,ok
BNCI2014_001,ebsw_full_ess075,ebsw,full,ess075,normalized,8,3654,443,442,500,500,2,0.0003358185504831067,0.018325352670088144,,,,0.0002240779336559284,2.793683898093503,3408.1527139155396,0.75,375.00000000915225,0.7500000000183045,1.830446905159988e-11,6.088696685183176,0.009847052821448118,0.04237738784745591,0.07276954876459221,solved,31,2,101557,911befe3cc12407c6dadc936a2dae182108afed479865a4245c953fe354250e5,three_row_sha256,,123ea5ce324bb82567913e1514a410f2bb582a6d8528a6ea98fbb2b74646f92c,a789b01b17129967eecd25421cde715dc938f6e3b95b30f735ff978f0882361e,0.2602729946374893,0.39285793900489807,0.2898569218814373,0.873996177688241,1.956606050953269,0.8583420421928167,0.507245073094964,5.1391771994531155,0.0,2550.6650095339864,222.38821745850146,381.19743671268225,False,False,False,ok
BNCI2014_001,ebsw_full_ess075,ebsw,full,ess075,normalized,8,3654,444,443,500,500,2,0.0003177742994814527,0.01782622504854723,,,,0.00024336888909758724,2.793683898093503,3628.569815394722,0.75,374.9999999846507,0.7499999999693013,-3.069866583160774e-11,6.098391168423434,0.015623886980519955,0.045359950943051563,0.07296436313562948,solved,29,2,102000,03a56a0883eeb71a445a1d1fac4969ee9c7927fedc8c5c80aa6e7baa308e5e45,three_row_sha256,,123ea5ce324bb82567913e1514a410f2bb582a6d8528a6ea98fbb2b74646f92c,a789b01b17129967eecd25421cde715dc938f6e3b95b30f735ff978f0882361e,0.3463621251285076,0.4954240284860134,0.29166112653911114,2.1096481941640377,1.8134291749447584,0.734696164727211,0.3698980435729027,6.161118857562542,0.0,2556.826128391549,222.38821745850146,381.19743671268225,False,False,False,ok
BNCI2014_001,ebsw_full_ess075,ebsw,full,ess075,normalized,8,3654,445,444,500,500,2,0.00032825503504085147,0.018117809885326963,,,,0.00021659327656667,2.793683898093503,3802.2816060605383,0.75,375.00000004339324,0.7500000000867865,8.678646690185587e-11,6.086960669232382,0.01089763647612643,0.041531544432278064,0.0708082563370892,solved,23,2,102444,49cf987153504efb9a361917677a490299637c8dbf1cf02915b5abf08a940551,three_row_sha256,,123ea5ce324bb82567913e1514a410f2bb582a6d8528a6ea98fbb2b74646f92c,a789b01b17129967eecd25421cde715dc938f6e3b95b30f735ff978f0882361e,0.20802882499992847,0.3692938480526209,0.3580809570848942,0.5921970587223768,1.7956160008907318,1.0035170707851648,0.2608478534966707,4.587581614032388,0.0,2561.4137100055814,222.38821745850146,381.19743671268225,False,False,False,ok
BNCI2014_001,ebsw_full_ess075,ebsw,full,ess075,normalized,8,3654,446,445,500,500,2,0.00031628571962959075,0.017784423511308732,,,,0.0003079410379979905,2.793683898093503,3073.835414561904,0.75,374.99999998138554,0.7499999999627711,-3.722888664015045e-11,6.118567626926348,0.02068411207989033,0.04656325022951247,0.0694443253889153,solved,30,2,102889,0162d8f4352f1974c9404daecdd2756249a57e92ca9a09f0946d4125874b29aa,three_row_sha256,,123ea5ce324bb82567913e1514a410f2bb582a6d8528a6ea98fbb2b74646f92c,a789b01b17129967eecd25421cde715dc938f6e3b95b30f735ff978f0882361e,0.20555593073368073,0.3061029128730297,0.21288404241204262,0.8529210463166237,1.8118370790034533,0.623003114014864,0.40118000470101833,4.413484130054712,0.0,2565.827194135636,222.38821745850146,381.19743671268225,False,False,False,ok
BNCI2014_001,ebsw_full_ess075,ebsw,full,ess075,normalized,8,3654,447,446,500,500,2,0.00031891040093612094,0.01785806263109526,,,,0.00021042696941792532,2.793683898093503,3886.7230044925495,0.75,374.9999999998531,0.7499999999997062,-2.937650123158164e-13,6.08658062720075,0.008202829429694794,0.03864530615220472,0.07193334931388812,solved,32,2,103335,2836f489bb376628fe9327892b9d93c93e23ae6bb76ce038b91addfe35e3413c,three_row_sha256,,123ea5ce324bb82567913e1514a410f2bb582a6d8528a6ea98fbb2b74646f92c,a789b01b17129967eecd25421cde715dc938f6e3b95b30f735ff978f0882361e,0.2129769418388605,0.507608987390995,0.2945589367300272,0.5791829898953438,2.1775600034743547,1.2432460207492113,0.41636801324784756,5.43150189332664,0.0,2571.2586960289627,222.38821745850146,381.19743671268225,False,False,False,ok
BNCI2014_001,ebsw_full_ess075,ebsw,full,ess075,normalized,8,3654,448,447,500,500,2,0.00032266890185833944,0.017962986997109902,,,,0.00024385752563097258,2.793683898093503,3279.017572348697,0.75,375.00000000955566,0.7500000000191114,1.9111379145897445e-11,6.099378876274281,0.012046982381541877,0.0482574890319646,0.07864554056718678,solved,29,2,103782,1183ee2c8eb53dafae58a34ea41f0dbb8a2892b4ab1582b3ce64cbe5c1cd8933,three_row_sha256,,123ea5ce324bb82567913e1514a410f2bb582a6d8528a6ea98fbb2b74646f92c,a789b01b17129967eecd25421cde715dc938f6e3b95b30f735ff978f0882361e,0.20413799211382866,0.3528881352394819,0.33033895306289196,0.6175639573484659,2.0765261724591255,1.3596259523183107,0.3922970499843359,5.333378212526441,0.0,2576.592074241489,222.38821745850146,381.19743671268225,False,False,False,ok
BNCI2014_001,ebsw_full_ess075,ebsw,full,ess075,normalized,8,3654,449,448,500,500,2,0.0003234423064084012,0.01798450183931713,,,,0.00024270023484779487,2.793683898093503,3388.0742698194076,0.75,374.99999995946246,0.749999999918925,-8.107503557397422e-11,6.09864370604857,0.012972050625810803,0.046547135779144544,0.07706920267659793,solved,31,2,104230,592fa12cd29cf95c0e9c02c43fc5b90a4caac34bd0c937fdf9461e29a8359c18,three_row_sha256,,123ea5ce324bb82567913e1514a410f2bb582a6d8528a6ea98fbb2b74646f92c,a789b01b17129967eecd25421cde715dc938f6e3b95b30f735ff978f0882361e,0.3078170120716095,0.19976403564214706,1.7683901824057102,0.6498629227280617,1.9586679991334677,0.9082329925149679,0.33508799970149994,6.127823144197464,0.0,2582.7198973856866,222.38821745850146,381.19743671268225,False,False,False,ok
BNCI2014_001,ebsw_full_ess075,ebsw,full,ess075,normalized,8,3654,450,449,500,500,2,0.0003259034205835003,0.018052795367573975,6.561403075830388,0.6388373482905145,36.116265170948544,0.00021718265675510167,2.7936838980935024,3736.140068858692,0.75,375.0000000160084,0.7500000000320168,3.201683362874519e-11,6.088360351775362,0.00960895193420338,0.04162176048292596,0.07364144197644992,solved,31,2,104679,42a7b90e8f9458b557dbbc759872ada26e1c1a4fb837afbb964a8a3c8097afc2,three_row_sha256,,123ea5ce324bb82567913e1514a410f2bb582a6d8528a6ea98fbb2b74646f92c,a789b01b17129967eecd25421cde715dc938f6e3b95b30f735ff978f0882361e,0.3553528804332018,0.3251628950238228,0.2872808836400509,0.581362983211875,1.9707039464265108,0.887349946424365,0.5225490313023329,4.929762566462159,10.989905102178454,2587.649659952149,233.3781225606799,381.19743671268225,False,False,False,ok
BNCI2014_001,ebsw_full_ess075,ebsw,full,ess075,normalized,8,3654,451,450,500,500,2,0.00030424444249251735,0.017442604234818762,,,,0.00021717539310143937,2.793683898093503,3940.5524103336575,0.75,374.99999999275633,0.7499999999855127,-1.4487300248333668e-11,6.091992227869045,0.010553207112693962,0.045650951573134556,0.07520214250701411,solved,31,2,105129,4f0f19b087cb995bf0bb5f1f9eb04133955001e82aef9ba42deb5787c5bfe562,three_row_sha256,,123ea5ce324bb82567913e1514a410f2bb582a6d8528a6ea98fbb2b74646f92c,a789b01b17129967eecd25421cde715dc938f6e3b95b30f735ff978f0882361e,0.36597601138055325,0.380977988243103,0.31187012791633606,0.7787318900227547,1.860960852354765,0.8864861447364092,0.38514798507094383,4.970150999724865,0.0,2592.6198109518737,233.3781225606799,381.19743671268225,False,False,False,ok
BNCI2014_001,ebsw_full_ess075,ebsw,full,ess075,normalized,8,3654,452,451,500,500,2,0.0003327618090738226,0.01824176003223983,,,,0.0002682105629288408,2.793683898093503,3031.0741366758402,0.75,375.00000004319,0.7500000000863801,8.638012527484307e-11,6.105375247644751,0.016017214295024,0.0474902043479163,0.07525395991723104,solved,31,2,105580,adf8f24106abd9e5d98e0b386026ad0487d7a9c02d10a3da19adb6c0e14b04c9,three_row_sha256,,123ea5ce324bb82567913e1514a410f2bb582a6d8528a6ea98fbb2b74646f92c,a789b01b17129967eecd25421cde715dc938f6e3b95b30f735ff978f0882361e,0.5613681860268116,0.3454789984971285,0.3956928849220276,0.8470150642096996,1.8740221858024597,1.0233500506728888,0.3692931495606899,5.416220519691706,0.0,2598.0360314715654,233.3781225606799,381.19743671268225,False,False,False,ok
BNCI2014_001,ebsw_full_ess075,ebsw,full,ess075,normalized,8,3654,453,452,500,500,2,0.0003154764314642804,0.01776165621399875,,,,0.0002180768277022479,2.793683898093503,3781.4463987851177,0.75,375.0000000363947,0.7500000000727893,7.278933011889421e-11,6.090727965934617,0.008744521265697728,0.042769814745687765,0.07773455799349374,solved,31,2,106032,c861967a269777e70907d18b8bddad3bffbf9b19284ed5864ea39d903a3310c7,three_row_sha256,,123ea5ce324bb82567913e1514a410f2bb582a6d8528a6ea98fbb2b74646f92c,a789b01b17129967eecd25421cde715dc938f6e3b95b30f735ff978f0882361e,0.2269260585308075,0.5096548702567816,0.3090100362896919,0.6001549772918224,1.9676268566399813,1.1002998799085617,0.3447590861469507,5.058431765064597,0.0,2603.09446323663,233.3781225606799,381.19743671268225,False,False,False,ok
BNCI2014_001,ebsw_full_ess075,ebsw,full,ess075,normalized,8,3654,454,453,500,500,2,0.0003172409956494573,0.017811260361059723,,,,0.00021881020527283419,2.793683898093503,3975.873654312998,0.75,375.0000000420641,0.7500000000841281,8.41281488916934e-11,6.089602891500602,0.011641177819174906,0.04400391271141122,0.07269114213104924,solved,30,2,106485,39cea1309f7350b7edd1178c405fc092c6299cde9f68fc9b72951c6f08b74d47,three_row_sha256,,123ea5ce324bb82567913e1514a410f2bb582a6d8528a6ea98fbb2b74646f92c,a789b01b17129967eecd25421cde715dc938f6e3b95b30f735ff978f0882361e,0.3547689411789179,0.37698494270443916,0.29491307213902473,0.5549979396164417,1.7692209221422672,1.042915042489767,0.5692529957741499,4.963053856045008,0.0,2608.057517092675,233.3781225606799,381.19743671268225,False,False,False,ok
BNCI2014_001,ebsw_full_ess075,ebsw,full,ess075,normalized,8,3654,455,454,500,500,2,0.0003210674124706052,0.017918354067006412,,,,0.00024574241969422893,2.793683898093503,3413.5602245658297,0.75,374.9999999852525,0.749999999970505,-2.9494962028309146e-11,6.098672851132659,0.015030579254983833,0.046847948657686905,0.07443063791667756,solved,30,2,106939,d7681326af96124bb85f4e32ac56c690e19221df01b9ce06bad5540bcc690ec9,three_row_sha256,,123ea5ce324bb82567913e1514a410f2bb582a6d8528a6ea98fbb2b74646f92c,a789b01b17129967eecd25421cde715dc938f6e3b95b30f735ff978f0882361e,0.23661809973418713,0.5296932067722082,0.30608801171183586,0.5901770200580359,3.0076478142291307,1.1633229441940784,0.422285171225667,6.255832267925143,0.0,2614.3133493606,233.3781225606799,381.19743671268225,False,False,False,ok
BNCI2014_001,ebsw_full_ess075,ebsw,full,ess075,normalized,8,3654,456,455,500,500,2,0.0003334633333525028,0.018260978433602696,,,,0.00022584149664943854,2.793683898093503,3493.139705472213,0.75,374.9999999570668,0.7499999999141336,-8.586642508134901e-11,6.090179213901704,0.010037831120729482,0.04429275734210121,0.07351269833778903,solved,31,2,107394,263599c8f83d01200ce21e3e3853b98327218e961f34151a80939f24af9f4dc2,three_row_sha256,,123ea5ce324bb82567913e1514a410f2bb582a6d8528a6ea98fbb2b74646f92c,a789b01b17129967eecd25421cde715dc938f6e3b95b30f735ff978f0882361e,0.25585596449673176,0.3272290341556072,0.28753094375133514,0.53618592210114,2.090655965730548,1.0936700273305178,0.3064319025725126,4.8975597601383924,0.0,2619.2109091207385,233.3781225606799,381.19743671268225,False,False,False,ok
BNCI2014_001,ebsw_full_ess075,ebsw,full,ess075,normalized,8,3654,457,456,500,500,2,0.0003222605818584809,0.017951617806161117,,,,0.00024768716572498784,2.793683898093503,3550.8256025425335,0.75,375.0000000021058,0.7500000000042116,4.211631043915531e-12,6.099338992355345,0.016068351276429173,0.04446664868928629,0.07424517044781843,solved,31,2,107850,3fd3a76f4e63be650349267562a324ef97546ef2c1bf420fac72511915a81ebb,three_row_sha256,,123ea5ce324bb82567913e1514a410f2bb582a6d8528a6ea98fbb2b74646f92c,a789b01b17129967eecd25421cde715dc938f6e3b95b30f735ff978f0882361e,0.2201329916715622,0.6453951355069876,0.3287398722022772,0.6166740786284208,1.8516508862376213,0.9682881645858288,0.3712379839271307,5.002119112759829,0.0,2624.2130282334983,233.3781225606799,381.19743671268225,False,False,False,ok
BNCI2014_001,ebsw_full_ess075,ebsw,full,ess075,normalized,8,3654,458,457,500,500,2,0.0003307821833247028,0.018187418269911285,,,,0.00029676198252850044,2.793683898093503,2869.307670833715,0.75,374.9999999840788,0.7499999999681576,-3.184241759157658e-11,6.112329370203748,0.018925381863615684,0.048558074429208176,0.0744267489173597,solved,31,2,108307,59b31a134f72e60235a4fd1ccbe8ddc9f47e6c22a556880dbc9eaa17f007ab57,three_row_sha256,,123ea5ce324bb82567913e1514a410f2bb582a6d8528a6ea98fbb2b74646f92c,a789b01b17129967eecd25421cde715dc938f6e3b95b30f735ff978f0882361e,0.21660584025084972,0.4766639322042465,0.28720893897116184,0.5675728898495436,1.8597538582980633,1.000226940959692,0.36521884612739086,4.773251246660948,0.0,2628.9862794801593,233.3781225606799,381.19743671268225,False,False,False,ok
BNCI2014_001,ebsw_full_ess075,ebsw,full,ess075,normalized,8,3654,459,458,500,500,2,0.0003200392310624214,0.01788964032792223,,,,0.0003073470674979854,2.793683898093503,2920.128124338214,0.75,374.999999998284,0.7499999999965681,-3.431921413721284e-12,6.116268538367526,0.020059349363212887,0.047875942859836554,0.06995595221060913,solved,31,2,108765,b09418cbf8da3bffbefecfe070232a61d04a5469893b1fd767009e4bcfef9d09,three_row_sha256,,123ea5ce324bb82567913e1514a410f2bb582a6d8528a6ea98fbb2b74646f92c,a789b01b17129967eecd25421cde715dc938f6e3b95b30f735ff978f0882361e,0.20195101387798786,0.7609110325574875,1.286091050133109,0.5752530414611101,1.5949779190123081,1.039045164361596,0.3521388862282038,5.810368107631803,0.0,2634.796647587791,233.3781225606799,381.19743671268225,False,False,False,ok
BNCI2014_001,ebsw_full_ess075,ebsw,full,ess075,normalized,8,3654,460,459,500,500,2,0.00031874763227009606,0.01785350476153341,,,,0.00023849583445055837,2.793683898093503,3570.4929266736417,0.75,375.00000004418655,0.7500000000883731,8.837308662634769e-11,6.097180963023587,0.013767625581957564,0.046120839377299994,0.07755406967236406,solved,31,2,109224,8995a26352489e978603dae6ba90a4fdf73a68c44de720ecd24a4868422e2ce8,three_row_sha256,,123ea5ce324bb82567913e1514a410f2bb582a6d8528a6ea98fbb2b74646f92c,a789b01b17129967eecd25421cde715dc938f6e3b95b30f735ff978f0882361e,0.4088599234819412,0.3600090276449919,0.31260307878255844,1.1046240106225014,2.766265068203211,0.6724218837916851,0.41218800470232964,6.0369709972292185,0.0,2640.8336185850203,233.3781225606799,381.19743671268225,False,False,False,ok
BNCI2014_001,ebsw_full_ess075,ebsw,full,ess075,normalized,8,3654,461,460,500,500,2,0.00032700836392108115,0.018083372581492677,,,,0.00024804343544680495,2.793683898093503,3286.600749600898,0.75,375.00000001691234,0.7500000000338247,3.3824720802044794e-11,6.100788219598191,0.013213849876807576,0.049134860602645866,0.08007786414450192,solved,30,2,109684,9bea87eaba58f9e960c39825617f4dab116ec5998e5693a7b5e2aed5212988d0,three_row_sha256,,123ea5ce324bb82567913e1514a410f2bb582a6d8528a6ea98fbb2b74646f92c,a789b01b17129967eecd25421cde715dc938f6e3b95b30f735ff978f0882361e,0.2527248580008745,0.3500410821288824,0.3305950667709112,0.6175518501549959,2.3703938350081444,0.928427092730999,0.5257849115878344,5.375518696382642,0.0,2646.209137281403,233.3781225606799,381.19743671268225,False,False,False,ok
BNCI2014_001,ebsw_full_ess075,ebsw,full,ess075,normalized,8,3654,462,461,500,500,2,0.00032764881744655244,0.018101072273391774,,,,0.0002197785100476849,2.793683898093503,3563.3860383631345,0.75,374.9999999652122,0.7499999999304244,-6.957556752951177e-11,6.089126980121304,0.009928538948979307,0.04148352335482851,0.07249328764948078,solved,31,2,110145,52d7c9ab4e13671de3e3eafc6fd3748da8508ecdd4054c13c8a0969cf91e01c0,three_row_sha256,,123ea5ce324bb82567913e1514a410f2bb582a6d8528a6ea98fbb2b74646f92c,a789b01b17129967eecd25421cde715dc938f6e3b95b30f735ff978f0882361e,1.6265148296952248,0.21267798729240894,0.2326550893485546,0.5895830690860748,1.7510720063000917,0.7424899376928806,0.3988719545304775,5.553864873945713,0.0,2651.7630021553487,233.3781225606799,381.19743671268225,False,False,False,ok
BNCI2014_001,ebsw_full_ess075,ebsw,full,ess075,normalized,8,3654,463,462,500,500,2,0.0003293059633730393,0.0181467893406255,,,,0.00024696735454324037,2.793683898093503,3170.876966638688,0.75,374.99999996287033,0.7499999999257407,-7.425926540349792e-11,6.098286041861451,0.012878865812177776,0.04547521166340705,0.0743017950087234,solved,31,2,110607,034783871e8f8cbb3387ed2c5a825b5b53b53dc3adb3e517b4cf2352e33699b5,three_row_sha256,,123ea5ce324bb82567913e1514a410f2bb582a6d8528a6ea98fbb2b74646f92c,a789b01b17129967eecd25421cde715dc938f6e3b95b30f735ff978f0882361e,0.20003411918878555,0.3391830250620842,0.2869339659810066,0.754993874579668,2.412671921774745,0.7093281019479036,0.5256410222500563,5.228786030784249,0.0,2656.991788186133,233.3781225606799,381.19743671268225,False,False,False,ok
BNCI2014_001,ebsw_full_ess075,ebsw,full,ess075,normalized,8,3654,464,463,500,500,2,0.00032434165205345183,0.018009487834290343,,,,0.00023323507009699409,2.7936838980935024,3469.384479364206,0.75,375.00000002604395,0.7500000000520879,5.208788955712862e-11,6.094698504083748,0.01248141662095206,0.045025240918998816,0.07445222860104848,solved,31,2,111070,9cef3a6e444522aaad60c23817534ca954db5b45b00ee76194e7764a0a0937b4,three_row_sha256,,123ea5ce324bb82567913e1514a410f2bb582a6d8528a6ea98fbb2b74646f92c,a789b01b17129967eecd25421cde715dc938f6e3b95b30f735ff978f0882361e,0.414092093706131,0.38431305438280106,0.293149845674634,0.5684930365532637,1.8011229112744331,0.6083599291741848,0.4133430775254965,4.482873948290944,0.0,2661.474662134424,233.3781225606799,381.19743671268225,False,False,False,ok
BNCI2014_001,ebsw_full_ess075,ebsw,full,ess075,normalized,8,3654,465,464,500,500,2,0.0003263418630168449,0.01806493462531334,,,,0.000252884404104245,2.793683898093503,3149.772428159004,0.75,374.99999997940654,0.7499999999588131,-4.1186942745241595e-11,6.101160871643985,0.013307561840411862,0.04946961287814884,0.07976684290398756,solved,31,2,111534,ce5c1fc089f56750b51c25cc0479bfaba03031cf08e5e532fcd588642ff6e3fb,three_row_sha256,,123ea5ce324bb82567913e1514a410f2bb582a6d8528a6ea98fbb2b74646f92c,a789b01b17129967eecd25421cde715dc938f6e3b95b30f735ff978f0882361e,0.33482792787253857,0.40464987978339195,0.3875941038131714,1.1271820403635502,2.948337933048606,0.6042050663381815,0.36319391801953316,6.169990869238973,0.0,2667.644653003663,233.3781225606799,381.19743671268225,False,False,False,ok
BNCI2014_001,ebsw_full_ess075,ebsw,full,ess075,normalized,8,3654,466,465,500,500,2,0.00031896699541648563,0.01785964712463507,,,,0.00025529087261609476,2.793683898093503,3261.344252707162,0.75,374.99999998330605,0.7499999999666122,-3.3387848041854795e-11,6.1038680058428465,0.014520625057726555,0.05130217155817285,0.07751640617536734,solved,31,2,111999,bc69365357444af37657a526069cc040edb99ec0a97860d41441e1c4a512081d,three_row_sha256,,123ea5ce324bb82567913e1514a410f2bb582a6d8528a6ea98fbb2b74646f92c,a789b01b17129967eecd25421cde715dc938f6e3b95b30f735ff978f0882361e,0.3747199662029743,0.30891504138708115,0.2184910699725151,0.5387738347053528,1.6196609940379858,0.5831711459904909,0.5501271225512028,4.193859174847603,0.0,2671.8385121785104,233.3781225606799,381.19743671268225,False,False,False,ok
BNCI2014_001,ebsw_full_ess075,ebsw,full,ess075,normalized,8,3654,467,466,500,500,2,0.00032411193666470237,0.018003109083286208,,,,0.00022866134864823012,2.793683898093503,3712.845390925437,0.75,374.9999999835472,0.7499999999670944,-3.290556715995763e-11,6.093020652463018,0.0127192450062132,0.04474586958543378,0.07558835430492494,solved,29,2,112465,fa99fe94c04a9ac2234a2d32efc92310a78ac42e6e9abb07e8059f8665af9e0b,three_row_sha256,,123ea5ce324bb82567913e1514a410f2bb582a6d8528a6ea98fbb2b74646f92c,a789b01b17129967eecd25421cde715dc938f6e3b95b30f735ff978f0882361e,0.432048924267292,0.36964588798582554,0.31167082488536835,1.0321459267288446,2.511336002498865,0.6760030519217253,0.4551250021904707,5.787975620478392,0.0,2677.626487798989,233.3781225606799,381.19743671268225,False,False,False,ok
BNCI2014_001,ebsw_full_ess075,ebsw,full,ess075,normalized,8,3654,468,467,500,500,2,0.00032322983520898207,0.01797859380510562,,,,0.0002486854945957373,2.793683898093503,3241.956905923005,0.75,375.00000004896106,0.7500000000979221,9.792211486114866e-11,6.100146633038999,0.013220492187956644,0.047925645022318025,0.07630162939135807,solved,31,2,112932,e86e58e1e5cf0c74af95261bf97383abefb1f453a730a3aad0efd3058c49babd,three_row_sha256,,123ea5ce324bb82567913e1514a410f2bb582a6d8528a6ea98fbb2b74646f92c,a789b01b17129967eecd25421cde715dc938f6e3b95b30f735ff978f0882361e,0.37195091135799885,0.195228960365057,0.21824799478054047,1.0681909043341875,1.9862400367856026,0.7185139693319798,0.38201408460736275,4.940386861562729,0.0,2682.5668746605515,233.3781225606799,381.19743671268225,False,False,False,ok
BNCI2014_001,ebsw_full_ess075,ebsw,full,ess075,normalized,8,3654,469,468,500,500,2,0.0003110956131598295,0.0176379027426684,,,,0.0002402402384739702,2.793683898093503,3630.2285392989766,0.75,374.9999999710512,0.7499999999421024,-5.78975756226896e-11,6.098901853373528,0.015118232947528712,0.04406684679579471,0.07522239768153817,solved,31,2,113400,89f2997d86876e57561bf5a27bc081ed9cfab42fecf6554e48f5481a7a0c82ee,three_row_sha256,,123ea5ce324bb82567913e1514a410f2bb582a6d8528a6ea98fbb2b74646f92c,a789b01b17129967eecd25421cde715dc938f6e3b95b30f735ff978f0882361e,0.38774218410253525,0.3448429051786661,0.3103420604020357,1.0386828798800707,2.781706163659692,0.8564998861402273,0.47476403415203094,6.194580113515258,0.0,2688.761454774067,233.3781225606799,381.19743671268225,False,False,False,ok
BNCI2014_001,ebsw_full_ess075,ebsw,full,ess075,normalized,8,3654,470,469,500,500,2,0.0003271615392720418,0.018087607339613544,,,,0.0003101220225216912,2.793683898093503,2802.103261586757,0.75,375.0000000266508,0.7500000000533016,5.330158536764884e-11,6.1160053495730295,0.02005732821138374,0.047002045581501964,0.07129054730482198,solved,31,2,113869,c255b1484d55033af275934997990834ff33fd5cbb1677f48f943bb78ad9425a,three_row_sha256,,123ea5ce324bb82567913e1514a410f2bb582a6d8528a6ea98fbb2b74646f92c,a789b01b17129967eecd25421cde715dc938f6e3b95b30f735ff978f0882361e,1.682829111814499,0.3400228451937437,0.3806829918175936,0.7249810732901096,1.7864340916275978,1.2659740168601274,0.4021700005978346,6.583094131201506,0.0,2695.3445489052683,233.3781225606799,381.19743671268225,False,False,False,ok
BNCI2014_001,ebsw_full_ess075,ebsw,full,ess075,normalized,8,3654,471,470,500,500,2,0.0003229309928732636,0.017970280823439117,,,,0.00020412589565983085,2.793683898093503,4115.560587504453,0.75,374.99999998119443,0.7499999999623889,-3.761113642752889e-11,6.081165128541314,0.00848608291068624,0.037184391112403604,0.06684218436367699,solved,31,2,114339,c241990ff7111e6512d20009e7f1f4a85d08d2b2d2fa41815ac727c458a42bd3,three_row_sha256,,123ea5ce324bb82567913e1514a410f2bb582a6d8528a6ea98fbb2b74646f92c,a789b01b17129967eecd25421cde715dc938f6e3b95b30f735ff978f0882361e,0.3940907772630453,0.329422065988183,0.3139388281852007,0.9906471241265535,2.7704378589987755,1.8003021832555532,0.16994006000459194,6.768778897821903,0.0,2702.11332780309,233.3781225606799,381.19743671268225,False,False,False,ok
BNCI2014_001,ebsw_full_ess075,ebsw,full,ess075,normalized,8,3654,472,471,500,500,2,0.00031746894889615827,0.0178176583449161,,,,0.0002337294736367838,2.793683898093503,3588.7085748076365,0.75,374.9999999956213,0.7499999999912426,-8.757439218243235e-12,6.096359492433747,0.012294546718212816,0.048851019299116956,0.077370040184576,solved,30,2,114810,be7aa9c7734a40e5322941f0840fbdb048df96ce39847cf0becc7c1e6e240e18,three_row_sha256,,123ea5ce324bb82567913e1514a410f2bb582a6d8528a6ea98fbb2b74646f92c,a789b01b17129967eecd25421cde715dc938f6e3b95b30f735ff978f0882361e,0.20783115178346634,0.3704570699483156,0.21548219956457615,0.640322919934988,1.987311989068985,1.1069378815591335,0.36965799517929554,4.89800120703876,0.0,2707.011329010129,233.3781225606799,381.19743671268225,False,False,False,ok
BNCI2014_001,ebsw_full_ess075,ebsw,full,ess075,normalized,8,3654,473,472,500,500,2,0.00032698863371071835,0.018082827038677286,,,,0.0002154375217149366,2.793683898093503,3695.610692721876,0.75,374.9999999657499,0.7499999999314998,-6.850020550785985e-11,6.087515507377103,0.010337741380145756,0.04120406591396179,0.07157942790164624,solved,31,2,115282,e1880e5a3816deaaef417e3453bd28371ea2072cf3f495bd0f70221ff6d5525a,three_row_sha256,,123ea5ce324bb82567913e1514a410f2bb582a6d8528a6ea98fbb2b74646f92c,a789b01b17129967eecd25421cde715dc938f6e3b95b30f735ff978f0882361e,0.3827980253845453,0.32767700031399727,0.3107429947704077,0.8287881501019001,1.9859801977872849,0.5788288544863462,0.6575139705091715,5.072329193353653,0.0,2712.0836582034826,233.3781225606799,381.19743671268225,False,False,False,ok
BNCI2014_001,ebsw_full_ess075,ebsw,full,ess075,normalized,8,3654,474,473,500,500,2,0.0003208395749544751,0.01791199528122077,,,,0.0003105401890885921,2.793683898093503,2881.3219683813245,0.75,374.9999999599537,0.7499999999199074,-8.009259921948342e-11,6.117438637320369,0.02039108787013993,0.04558704713882579,0.07183787199413577,solved,31,2,115755,d4f0ff5a7981c1189779ad0b5bf0dd729635fe03a343bfe570291182605b6bb0,three_row_sha256,,123ea5ce324bb82567913e1514a410f2bb582a6d8528a6ea98fbb2b74646f92c,a789b01b17129967eecd25421cde715dc938f6e3b95b30f735ff978f0882361e,0.25047222152352333,0.3448999486863613,0.33418298698961735,0.6144768558442593,1.8220038618892431,0.8976210374385118,0.41822483763098717,4.681881750002503,0.0,2716.765539953485,233.3781225606799,381.19743671268225,False,False,False,ok
BNCI2014_001,ebsw_full_ess075,ebsw,full,ess075,normalized,8,3654,475,474,500,500,2,0.00032265684799081455,0.017962651474401393,6.5562312162415015,0.6383338009505157,36.16661990494843,0.00023754910331487137,2.793683898093503,3694.80515259306,0.75,374.99999998368577,0.7499999999673715,-3.262845549301119e-11,6.095689644348052,0.01517545313325412,0.04362322295206017,0.0729221520957554,solved,31,2,116229,baea19fb2665516b905001be1f7bdc8346fcfce6906602894480d6048d5b4473,three_row_sha256,,123ea5ce324bb82567913e1514a410f2bb582a6d8528a6ea98fbb2b74646f92c,a789b01b17129967eecd25421cde715dc938f6e3b95b30f735ff978f0882361e,0.3613489679992199,0.4032889846712351,0.43518003076314926,2.0409999415278435,1.795673044398427,0.9870459325611591,0.2522929571568966,6.2758298590779305,9.554696967825294,2723.041369812563,242.9328195285052,381.19743671268225,False,False,False,ok
BNCI2014_001,ebsw_full_ess075,ebsw,full,ess075,normalized,8,3654,476,475,500,500,2,0.00032807876382174407,0.01811294464800641,,,,0.00023584463292403678,2.793683898093503,3485.5367451048123,0.75,374.99999998939575,0.7499999999787915,-2.1208479417111903e-11,6.095810690691651,0.011556803379994936,0.04692194445742211,0.07756057603944334,solved,30,2,116704,4d0c110c232410dc14aee36ead75d72f7184bef76101b3b318fbf2103d144b8f,three_row_sha256,,123ea5ce324bb82567913e1514a410f2bb582a6d8528a6ea98fbb2b74646f92c,a789b01b17129967eecd25421cde715dc938f6e3b95b30f735ff978f0882361e,0.21363189443945885,0.31767203472554684,0.2907200250774622,0.5946208257228136,1.7216240521520376,1.0599398519843817,0.4031970165669918,4.601405700668693,0.0,2727.6427755132318,242.9328195285052,381.19743671268225,False,False,False,ok
BNCI2014_001,ebsw_full_ess075,ebsw,full,ess075,normalized,8,3654,477,476,500,500,2,0.0003281889130565542,0.01811598501480265,,,,0.00024117818880496855,2.793683898093503,3404.526462804357,0.75,375.0000000122383,0.7500000000244765,2.4476531912398514e-11,6.097970145175914,0.01108048013256007,0.04961107193263613,0.0806108433923027,solved,30,2,117180,0500e4945b9b49f10c5ded583d0bffcb7502f62c17af9b0848d663463fc0c456,three_row_sha256,,123ea5ce324bb82567913e1514a410f2bb582a6d8528a6ea98fbb2b74646f92c,a789b01b17129967eecd25421cde715dc938f6e3b95b30f735ff978f0882361e,0.1941830851137638,0.3299820236861706,0.21786405704915524,0.5362578667700291,1.7925819847732782,1.1029818560928106,1.8985129427164793,6.072363816201687,0.0,2733.7151393294334,242.9328195285052,381.19743671268225,False,False,False,ok
BNCI2014_001,ebsw_full_ess075,ebsw,full,ess075,normalized,8,3654,478,477,500,500,2,0.00032802575780348697,0.01811148138070122,,,,0.00023853899601766786,2.793683898093503,3509.700741502541,0.75,375.00000004411976,0.7500000000882395,8.823952679648528e-11,6.097062628541791,0.01243931616566632,0.048073972948265556,0.07458151630578502,solved,31,2,117657,07438aeaa0a0e5e1810281c1fe36c52d2eb2f999f1a87f71990ee36e3fb35ae0,three_row_sha256,,123ea5ce324bb82567913e1514a410f2bb582a6d8528a6ea98fbb2b74646f92c,a789b01b17129967eecd25421cde715dc938f6e3b95b30f735ff978f0882361e,0.18783099949359894,0.35239197313785553,0.2883130218833685,0.8330219425261021,1.7309230752289295,1.0708821937441826,0.3963059280067682,4.859669134020805,0.0,2738.5748084634542,242.9328195285052,381.19743671268225,False,False,False,ok
BNCI2014_001,ebsw_full_ess075,ebsw,full,ess075,normalized,8,3654,479,478,500,500,2,0.0003185960591749977,0.017849259345278104,,,,0.000215515453837209,2.793683898093503,3700.9960059879204,0.75,375.000000034709,0.750000000069418,6.941802688231746e-11,6.088178345287475,0.009600034838091288,0.04181993502562123,0.07397344751530392,solved,31,2,118135,645c26c0dfd6584f4ad6071063067f3846ef5783f00387ae7e9d8ab3623ede7b,three_row_sha256,,123ea5ce324bb82567913e1514a410f2bb582a6d8528a6ea98fbb2b74646f92c,a789b01b17129967eecd25421cde715dc938f6e3b95b30f735ff978f0882361e,0.19941804930567741,0.33210194669663906,0.2892548218369484,0.5411198362708092,1.7594201490283012,0.9049410000443459,0.5552140064537525,4.581469809636474,0.0,2743.1562782730907,242.9328195285052,381.19743671268225,False,False,False,ok
BNCI2014_001,ebsw_full_ess075,ebsw,full,ess075,normalized,8,3654,480,479,500,500,2,0.0003370243851854859,0.018358223911519488,,,,0.0002089962696382588,2.793683898093503,3849.7996246109824,0.75,374.99999995625615,0.7499999999125123,-8.748768376420912e-11,6.082745860021907,0.008572547434893715,0.038780052622219036,0.06883182612014371,solved,31,2,118614,1fbe2837dca7fba1242fe14f53dc9b0a64ec223d11fc5bd7c7052e6be8779de2,three_row_sha256,,123ea5ce324bb82567913e1514a410f2bb582a6d8528a6ea98fbb2b74646f92c,a789b01b17129967eecd25421cde715dc938f6e3b95b30f735ff978f0882361e,1.7066029831767082,0.19252905622124672,0.22160704247653484,0.555956969037652,1.7654621042311192,1.2219049967825413,0.3599938936531544,6.024057045578957,0.0,2749.1803353186697,242.9328195285052,381.19743671268225,False,False,False,ok
BNCI2014_001,ebsw_full_ess075,ebsw,full,ess075,normalized,8,3654,481,480,500,500,2,0.0003172701565128099,0.017812078949769168,,,,0.00021941426423690774,2.793683898093503,3941.0655913698884,0.75,374.9999999721894,0.7499999999443788,-5.562117433299818e-11,6.091346240602563,0.010899601492364627,0.04494041562060902,0.07559876788573328,solved,31,2,119094,4a60f82f20da51cb3acebe4717cf0dfd5a6dde2bb43ea51f756a21e3a15947a6,three_row_sha256,,123ea5ce324bb82567913e1514a410f2bb582a6d8528a6ea98fbb2b74646f92c,a789b01b17129967eecd25421cde715dc938f6e3b95b30f735ff978f0882361e,0.1960268709808588,0.3766380250453949,0.2860720269382,0.5386520642787218,1.7198859713971615,0.9151790291070938,0.5548268090933561,4.587280796840787,0.0,2753.7676161155105,242.9328195285052,381.19743671268225,False,False,False,ok
BNCI2014_001,ebsw_full_ess075,ebsw,full,ess075,normalized,8,3654,482,481,500,500,2,0.0003212641825435489,0.017923843966726246,,,,0.0002768805281198282,2.793683898093503,3329.465417061686,0.75,375.0000000441177,0.7500000000882354,8.823541897129417e-11,6.109031486278262,0.018523788350433813,0.04651112519399966,0.07362563008204144,solved,29,2,119575,7d37e6c9fcb4aa40594543427aa3979bc5bb0093f277d45e23fe6f27d2d3b227,three_row_sha256,,123ea5ce324bb82567913e1514a410f2bb582a6d8528a6ea98fbb2b74646f92c,a789b01b17129967eecd25421cde715dc938f6e3b95b30f735ff978f0882361e,0.23223506286740303,0.35272911190986633,1.7757341265678406,0.5285830702632666,1.6377929132431746,1.2112569529563189,0.34216814674437046,6.08049938455224,0.0,2759.8481155000627,242.9328195285052,381.19743671268225,False,False,False,ok
BNCI2014_001,ebsw_full_ess075,ebsw,full,ess075,normalized,8,3654,483,482,500,500,2,0.00031169592368392526,0.017654912168683402,,,,0.00021286593252572376,2.793683898093503,4027.9977290687802,0.75,375.0000000400725,0.750000000080145,8.014500174624573e-11,6.08735337437013,0.011247718414871896,0.042904100600152345,0.07220673612800238,solved,28,2,120057,fd03b356248c25b2c7f52c8ba574efdebdf1881673338234b6c5022caf8046b2,three_row_sha256,,123ea5ce324bb82567913e1514a410f2bb582a6d8528a6ea98fbb2b74646f92c,a789b01b17129967eecd25421cde715dc938f6e3b95b30f735ff978f0882361e,0.20194402895867825,0.3346661105751991,0.3238460049033165,0.5355759058147669,1.8765449058264494,0.9013789240270853,0.4532530438154936,4.627208923920989,0.0,2764.4753244239837,242.9328195285052,381.19743671268225,False,False,False,ok
BNCI2014_001,ebsw_full_ess075,ebsw,full,ess075,normalized,8,3654,484,483,500,500,2,0.00032146842182652715,0.01792954048007163,,,,0.0003084304792817068,2.793683898093503,2912.54113211711,0.75,375.0000000334559,0.7500000000669118,6.691180942652863e-11,6.117546216487451,0.020349498779600027,0.04626383896134297,0.0724196124611008,solved,30,2,120540,95a3e11e34285620961aea5cfd60d85e01a7e4f48ff6eae1f8297b7e283d93cc,three_row_sha256,,123ea5ce324bb82567913e1514a410f2bb582a6d8528a6ea98fbb2b74646f92c,a789b01b17129967eecd25421cde715dc938f6e3b95b30f735ff978f0882361e,0.32253493554890156,0.511944992467761,0.3054100088775158,2.088306937366724,1.9462069030851126,0.7478648331016302,0.42588100768625736,6.3481496181339025,0.0,2770.8234740421176,242.9328195285052,381.19743671268225,False,False,False,ok
BNCI2014_001,ebsw_full_ess075,ebsw,full,ess075,normalized,8,3654,485,484,500,500,2,0.0003227118929655272,0.01796418361533658,,,,0.00025147722829705477,2.793683898093503,3352.5972097528356,0.75,374.99999996164337,0.7499999999232867,-7.671330237712937e-11,6.100737628164285,0.015261017749873618,0.047310457061222735,0.07477775984413951,solved,28,2,121024,c073b77a12e4d3c0cf77e89e008faa20376b42d114212314df29c6c0b99047f1,three_row_sha256,,123ea5ce324bb82567913e1514a410f2bb582a6d8528a6ea98fbb2b74646f92c,a789b01b17129967eecd25421cde715dc938f6e3b95b30f735ff978f0882361e,0.26182387955486774,0.3309040330350399,0.2865639980882406,0.7236800156533718,1.850740984082222,0.7065748795866966,0.5472369957715273,4.707524785771966,0.0,2775.5309988278896,242.9328195285052,381.19743671268225,False,False,False,ok
BNCI2014_001,ebsw_full_ess075,ebsw,full,ess075,normalized,8,3654,486,485,500,500,2,0.0003339776898537043,0.018275056493858077,,,,0.00023406915300628516,2.793683898093503,3279.744239752951,0.75,374.9999999981212,0.7499999999962425,-3.757549826843842e-12,6.094180725786364,0.009627858360885578,0.04496460541310378,0.07697508018859295,solved,32,2,121509,00095f07afde3829301d246161c3186faec9c72f5d7902552af4fa7b26440f60,three_row_sha256,,123ea5ce324bb82567913e1514a410f2bb582a6d8528a6ea98fbb2b74646f92c,a789b01b17129967eecd25421cde715dc938f6e3b95b30f735ff978f0882361e,0.20983698777854443,0.3804510924965143,0.581313157454133,0.8222151082009077,1.9712741486728191,0.6177120376378298,0.3486340865492821,4.9314366187900305,0.0,2780.4624354466796,242.9328195285052,381.19743671268225,False,False,False,ok
BNCI2014_001,ebsw_full_ess075,ebsw,full,ess075,normalized,8,3654,487,486,500,500,2,0.000318379594505062,0.017843194627225865,,,,0.00021726755822787996,2.793683898093503,3980.6020686013226,0.75,375.0000000133795,0.750000000026759,2.6759039428725373e-11,6.089620325206467,0.011828713244507502,0.04320513627796681,0.07322497178687928,solved,31,2,121995,d4fe85c1120cfd465273a1728dbb94ba3de7c5ed03deffadc7dba694fad0b013,three_row_sha256,,123ea5ce324bb82567913e1514a410f2bb582a6d8528a6ea98fbb2b74646f92c,a789b01b17129967eecd25421cde715dc938f6e3b95b30f735ff978f0882361e,0.2287379465997219,0.39022392593324184,0.33882888965308666,0.7349459920078516,1.8897508271038532,0.8719179313629866,0.3698631189763546,4.824268631637096,0.0,2785.2867040783167,242.9328195285052,381.19743671268225,False,False,False,ok
BNCI2014_001,ebsw_full_ess075,ebsw,full,ess075,normalized,8,3654,488,487,500,500,2,0.00032198892805631804,0.017944049934625072,,,,0.00022493557837597437,2.793683898093503,3801.6819250062035,0.75,374.99999997779344,0.7499999999555869,-4.441313983249984e-11,6.092419497803373,0.011134524911359023,0.044577158112899584,0.07638380484460598,solved,29,2,122482,d54aeae87e15251a2f7b8376de5aa58cbf8ad0273d3b5bb59011c6cfaa2c3582,three_row_sha256,,123ea5ce324bb82567913e1514a410f2bb582a6d8528a6ea98fbb2b74646f92c,a789b01b17129967eecd25421cde715dc938f6e3b95b30f735ff978f0882361e,0.21022302098572254,0.3342700656503439,0.28962711803615093,0.6102041807025671,1.8313140608370304,2.0988660398870707,0.5094199441373348,5.88392443023622,0.0,2791.170628508553,242.9328195285052,381.19743671268225,False,False,False,ok
BNCI2014_001,ebsw_full_ess075,ebsw,full,ess075,normalized,8,3654,489,488,500,500,2,0.0003158575251281529,0.017772380963960707,,,,0.0002316308811284637,2.793683898093503,3599.734671134814,0.75,375.00000002617446,0.7500000000523489,5.2348902990217994e-11,6.095178308179543,0.012210204293670297,0.044971571723269196,0.07347438121869325,solved,29,2,122970,79c0f5b8667782940b28025b1a29ac69d21fc524830d3981f0398c2fcaaa6af5,three_row_sha256,,123ea5ce324bb82567913e1514a410f2bb582a6d8528a6ea98fbb2b74646f92c,a789b01b17129967eecd25421cde715dc938f6e3b95b30f735ff978f0882361e,0.34816679544746876,0.4964778199791908,0.29107904992997646,0.5957379471510649,3.509392961859703,0.7513950113207102,0.3852900117635727,6.377539597451687,0.0,2797.5481681060046,242.9328195285052,381.19743671268225,False,False,False,ok
BNCI2014_001,ebsw_full_ess075,ebsw,full,ess075,normalized,8,3654,490,489,500,500,2,0.0003094328018492186,0.017590702142018622,,,,0.00021814801033582975,2.793683898093503,4068.3509199647724,0.75,374.99999997603913,0.7499999999520783,-4.792166663492026e-11,6.09140690076155,0.011053687565373616,0.04477128622715731,0.07499193663542711,solved,31,2,123459,1f4e9b38f5e0e8ac3951ad215d2c001102b8e730c9393f443236588081b4d8d1,three_row_sha256,,123ea5ce324bb82567913e1514a410f2bb582a6d8528a6ea98fbb2b74646f92c,a789b01b17129967eecd25421cde715dc938f6e3b95b30f735ff978f0882361e,0.2609929069876671,0.36081415601074696,0.2942278515547514,0.6708560977131128,5.075868917629123,0.8631481323391199,0.5101240240037441,8.036032086238265,0.0,2805.584200192243,242.9328195285052,381.19743671268225,False,False,False,ok
BNCI2014_001,ebsw_full_ess075,ebsw,full,ess075,normalized,8,3654,491,490,500,500,2,0.00032897099108946456,0.018137557473085084,,,,0.00023966644582681959,2.793683898093503,3392.4441180333915,0.75,375.0000000308882,0.7500000000617765,6.177647282612497e-11,6.09648074353023,0.013345492721865037,0.04700888359825004,0.07660235754627849,solved,31,2,123949,766116344e558de04766c6d24ef5985cedba6fb2d3f6f93a11d714c9b7197460,three_row_sha256,,123ea5ce324bb82567913e1514a410f2bb582a6d8528a6ea98fbb2b74646f92c,a789b01b17129967eecd25421cde715dc938f6e3b95b30f735ff978f0882361e,0.22453698329627514,0.35127997398376465,0.32393401488661766,0.8388629648834467,2.091411966830492,0.74771698564291,0.3692449536174536,4.94698784314096,0.0,2810.531188035384,242.9328195285052,381.19743671268225,False,False,False,ok
BNCI2014_001,ebsw_full_ess075,ebsw,full,ess075,normalized,8,3654,492,491,500,500,2,0.00033219269718059904,0.018226154207089302,,,,0.00024633033751182535,2.7936838980935024,3297.9933186286316,0.75,375.0000000434516,0.7500000000869033,8.690326236404644e-11,6.0986934443415155,0.01169967971890345,0.049332688735639806,0.07859486206996016,solved,31,2,124440,7e75ef483ce2b3dc7c8b4ab786470ac25042f51ed95e534b6c111c9b0a28264f,three_row_sha256,,123ea5ce324bb82567913e1514a410f2bb582a6d8528a6ea98fbb2b74646f92c,a789b01b17129967eecd25421cde715dc938f6e3b95b30f735ff978f0882361e,0.22195209749042988,0.36471919156610966,0.32180105336010456,3.9454640354961157,1.9760059658437967,0.7029999978840351,0.4743649624288082,8.0073073040694,0.0,2818.538495339453,242.9328195285052,381.19743671268225,False,False,False,ok
BNCI2014_001,ebsw_full_ess075,ebsw,full,ess075,normalized,8,3654,493,492,500,500,2,0.0003279473160428267,0.01810931572541676,,,,0.0002859223014066022,2.793683898093503,3112.198886155563,0.75,374.9999999997564,0.7499999999995128,-4.871658632055187e-13,6.111655064987804,0.018521571628833507,0.048122212322072505,0.07586398495958965,solved,32,2,124932,6e75b5cf74b71464ab765e6f8235669910d6328a450315102160b953c3c3930a,three_row_sha256,,123ea5ce324bb82567913e1514a410f2bb582a6d8528a6ea98fbb2b74646f92c,a789b01b17129967eecd25421cde715dc938f6e3b95b30f735ff978f0882361e,0.22402219474315643,0.34196791239082813,0.21739210933446884,1.056305831298232,1.9434001296758652,1.7549640033394098,0.36674318835139275,5.904795369133353,0.0,2824.4432907085866,242.9328195285052,381.19743671268225,False,False,False,ok
BNCI2014_001,ebsw_full_ess075,ebsw,full,ess075,normalized,8,3654,494,493,500,500,2,0.00031951231496823957,0.017874907411459216,,,,0.0002657167972075188,2.793683898093503,3378.820351971332,0.75,374.9999999612928,0.7499999999225856,-7.741440821718015e-11,6.104724336645977,0.017949382931760537,0.04547212272139248,0.07047874739633987,solved,30,2,125425,6bca68789b11790454e9b00f60469dc324bc59d38418254c2e32f4d3a125bda3,three_row_sha256,,123ea5ce324bb82567913e1514a410f2bb582a6d8528a6ea98fbb2b74646f92c,a789b01b17129967eecd25421cde715dc938f6e3b95b30f735ff978f0882361e,0.2461378462612629,0.19895192235708237,0.2948581241071224,0.7356379646807909,1.9489910919219255,3.733959048986435,0.36256597377359867,7.521101972088218,0.0,2831.964392680675,242.9328195285052,381.19743671268225,False,False,False,ok
BNCI2014_001,ebsw_full_ess075,ebsw,full,ess075,normalized,8,3654,495,494,500,500,2,0.00031759306771734857,0.017821141032979583,,,,0.00021610139613615175,2.793683898093503,3835.0990527991044,0.75,375.000000049444,0.750000000098888,9.888800889257254e-11,6.088773615253489,0.011152405399805108,0.043502923952890446,0.07296871480235519,solved,30,2,125919,a23d1bc82d690260b6453f8430c237036fc0e487941dac3d489fbe24aced5296,three_row_sha256,,123ea5ce324bb82567913e1514a410f2bb582a6d8528a6ea98fbb2b74646f92c,a789b01b17129967eecd25421cde715dc938f6e3b95b30f735ff978f0882361e,0.38862391375005245,0.35110185854136944,0.3820001147687435,0.5532689392566681,2.802914008498192,2.42520309984684,0.19324594177305698,7.096357876434922,0.0,2839.0607505571097,242.9328195285052,381.19743671268225,False,False,False,ok
BNCI2014_001,ebsw_full_ess075,ebsw,full,ess075,normalized,8,3654,496,495,500,500,2,0.0003230606670311342,0.017973888478321386,,,,0.00022345537911554097,2.793683898093503,3626.1665617846397,0.75,375.0000000038804,0.7500000000077609,7.760903031339694e-12,6.0917355922053105,0.010041703921455957,0.04426092804173841,0.07665159119778653,solved,29,2,126414,cc7426fe6c1ae41a2727825feb611c8a636f61bbdc0463d137f11bcd1605bf1f,three_row_sha256,,123ea5ce324bb82567913e1514a410f2bb582a6d8528a6ea98fbb2b74646f92c,a789b01b17129967eecd25421cde715dc938f6e3b95b30f735ff978f0882361e,0.22585014812648296,0.1961349043995142,0.2155641559511423,0.6021240260452032,1.7656059935688972,0.7524059619754553,0.24887197650969028,4.0065571665763855,0.0,2843.067307723686,242.9328195285052,381.19743671268225,False,False,False,ok
BNCI2014_001,ebsw_full_ess075,ebsw,full,ess075,normalized,8,3654,497,496,500,500,2,0.00030700959237448417,0.017521689198661303,,,,0.00032949644925141746,2.793683898093503,2789.306814216321,0.75,374.9999999549369,0.7499999999098739,-9.012612878223081e-11,6.123714103640511,0.021327251911973093,0.048098772776854336,0.07225664585147312,solved,31,2,126910,8aade1ccbab5de8c0862b0fd1f297eccffa5429c8beca5db4c8ea64317eee528,three_row_sha256,,123ea5ce324bb82567913e1514a410f2bb582a6d8528a6ea98fbb2b74646f92c,a789b01b17129967eecd25421cde715dc938f6e3b95b30f735ff978f0882361e,0.21208985708653927,0.339654041454196,0.2895430661737919,0.6803120486438274,1.851135864853859,0.6789360195398331,0.3867719788104296,4.438442876562476,0.0,2847.5057506002486,242.9328195285052,381.19743671268225,False,False,False,ok
BNCI2014_001,ebsw_full_ess075,ebsw,full,ess075,normalized,8,3654,498,497,500,500,2,0.0003175714933430687,0.017820535719867366,,,,0.00021775616020058608,2.793683898093503,3903.8227396089924,0.75,374.99999998168613,0.7499999999633723,-3.662770087231593e-11,6.08968838642506,0.010442798246742555,0.042920761213968026,0.07368941148535052,solved,29,2,127407,356494665cf27872fe288930a558ab68777675fe2286aebb9571433a8270f3cd,three_row_sha256,,123ea5ce324bb82567913e1514a410f2bb582a6d8528a6ea98fbb2b74646f92c,a789b01b17129967eecd25421cde715dc938f6e3b95b30f735ff978f0882361e,0.22481800988316536,0.46995398588478565,0.29111001640558243,0.6062141619622707,2.5842448230832815,3.3528078347444534,0.40598190389573574,7.935130735859275,0.0,2855.440881336108,242.9328195285052,381.19743671268225,False,False,False,ok
BNCI2014_001,ebsw_full_ess075,ebsw,full,ess075,normalized,8,3654,499,498,500,500,2,0.00033818399008899087,0.018389779500825747,,,,0.0002820931197501479,2.793683898093503,2953.132322685973,0.75,375.00000001713283,0.7500000000342657,3.4265701387425906e-11,6.106351966392749,0.018054254156674145,0.044386799354264414,0.07129176931736056,solved,31,2,127905,880f7036904e38e73b8b5d9948c0e2e40abc9988f874fc13ed908e3bb0263b9d,three_row_sha256,,123ea5ce324bb82567913e1514a410f2bb582a6d8528a6ea98fbb2b74646f92c,a789b01b17129967eecd25421cde715dc938f6e3b95b30f735ff978f0882361e,0.37481007166206837,0.30576414428651333,0.21655112504959106,0.8211659733206034,2.1401590202003717,2.601038897410035,0.22320915013551712,6.6826983820647,0.0,2862.1235797181726,242.9328195285052,381.19743671268225,False,False,False,ok
BNCI2014_001,ebsw_full_ess075,ebsw,full,ess075,normalized,8,3654,500,499,500,500,2,0.00033428330083781386,0.01828341600570894,6.523461363518077,0.6351432324736578,36.48567675263422,0.00024151676395921847,2.793683898093503,3293.4816055321858,0.75,374.9999999676057,0.7499999999352114,-6.478861891423549e-11,6.096892011246715,0.011413356141681472,0.04821607047876446,0.0790851797807351,solved,29,2,128404,b738e0f53919e12a01b6121b7f19b3f38c81dda526c5d72e9338a3d20463c860,three_row_sha256,,123ea5ce324bb82567913e1514a410f2bb582a6d8528a6ea98fbb2b74646f92c,a789b01b17129967eecd25421cde715dc938f6e3b95b30f735ff978f0882361e,0.36139111034572124,0.3399001434445381,0.29735895805060863,0.805283896625042,1.7652830574661493,3.992608981207013,0.3881789743900299,7.950005121529102,11.521873995661736,2870.0735848397017,254.45469352416694,381.19743671268225,False,False,False,ok
