dataset,method,family,response,calibration,update,subject,seed,epoch,bank_epoch,epochs,N_proj,p,power_objective,rooted_objective,lew,relative_lew,lew_reduction_pct,raw_gradient_norm,applied_update_norm,beta_t,target_rho,ess,ess_over_N,realized_rho_error,weight_entropy,max_weight,top5_mass,top10_mass,solver_status,solver_iterations,bracket_steps,bank_seed,bank_hash,bank_hash_kind,h_hash_epoch0,initial_source_hash,target_hash,direction_sampling_ms,source_projection_ms,target_projection_ms,wasserstein_1d_ms,aggregation_ms,backward_ms,optimizer_update_ms,total_epoch_ms,evaluation_ms,cumulative_optimization_ms,cumulative_evaluation_ms,cumulative_diagnostic_ms,nan,diverged,solver_failure,status
BNCI2014_001,ebsw_full_bscale,ebsw,full,bscale,normalized,8,3654,0,0,500,500,2,0.10641106277865409,0.3262070857272326,10.270850778196136,1.0,0.0,,0.0,122.7769233819667,,2.079781672428856,0.004159563344857712,,0.9977140038039932,0.6172449261131324,0.9761061119422184,0.9911334814464178,fixed_beta,0,0,3654,dc1dc33adacb85b74a84909665c762b38e02c737337f33c7525bf5fa36362acd,full_tensor_sha256,111862f03209f36c0cad8bcd1ac8e5eec287bb49b4aa609429b21e3b08e6acd0,123ea5ce324bb82567913e1514a410f2bb582a6d8528a6ea98fbb2b74646f92c,a789b01b17129967eecd25421cde715dc938f6e3b95b30f735ff978f0882361e,,,,,,,,,14.550572028383613,0.0,14.550572028383613,0.0,False,False,False,initial
BNCI2014_001,ebsw_full_bscale,ebsw,full,bscale,normalized,8,3654,1,0,500,500,2,0.10641106277865409,0.3262070857272326,,,,0.04000760669624391,2.793683898093503,122.7769233819667,,2.079781672428856,0.004159563344857712,,0.9977140038039932,0.6172449261131324,0.9761061119422184,0.9911334814464178,fixed_beta,0,0,3654,dc1dc33adacb85b74a84909665c762b38e02c737337f33c7525bf5fa36362acd,full_tensor_sha256,111862f03209f36c0cad8bcd1ac8e5eec287bb49b4aa609429b21e3b08e6acd0,123ea5ce324bb82567913e1514a410f2bb582a6d8528a6ea98fbb2b74646f92c,a789b01b17129967eecd25421cde715dc938f6e3b95b30f735ff978f0882361e,0.4124939441680908,0.4028689581900835,0.40484010241925716,0.6274401675909758,0.32713101245462894,1.0801111347973347,0.3636251203715801,3.618510439991951,0.0,3.618510439991951,14.550572028383613,55.69282011128962,False,False,False,ok
BNCI2014_001,ebsw_full_bscale,ebsw,full,bscale,normalized,8,3654,2,1,500,500,2,0.13690633155781173,0.37000855606027777,,,,0.047605482219813915,2.7936838980935024,122.7769233819667,,1.0188735857935078,0.0020377471715870158,,0.06420573235727026,0.9906763306199232,0.9994710577847984,0.9997476427408125,fixed_beta,0,0,3655,67eb549a66518bd76a781a4ac011cfacaacfe2ee0b30e8db0c1675242200b412,three_row_sha256,,123ea5ce324bb82567913e1514a410f2bb582a6d8528a6ea98fbb2b74646f92c,a789b01b17129967eecd25421cde715dc938f6e3b95b30f735ff978f0882361e,0.42323791421949863,0.3418801352381706,0.3097490407526493,0.8940929546952248,0.4159871023148298,0.8117188699543476,0.3570939879864454,3.553760005161166,0.0,7.172270445153117,14.550572028383613,55.69282011128962,False,False,False,ok
BNCI2014_001,ebsw_full_bscale,ebsw,full,bscale,normalized,8,3654,3,2,500,500,2,0.12303279758924916,0.3507603135892787,,,,0.04840309688550903,2.793683898093503,122.7769233819667,,1.0483135177327723,0.0020966270354655448,,0.16834362999067642,0.9766464899538052,0.9928321533645965,0.9976585190308536,fixed_beta,0,0,3657,0e887bc87b7170528de90c8dcd9a15a674082f7490f3d3af20b2b60842efcb79,three_row_sha256,,123ea5ce324bb82567913e1514a410f2bb582a6d8528a6ea98fbb2b74646f92c,a789b01b17129967eecd25421cde715dc938f6e3b95b30f735ff978f0882361e,0.377558171749115,0.3878828138113022,0.2903798595070839,0.8232090622186661,0.2276280429214239,0.8256919682025909,0.3720370586961508,3.304386977106333,0.0,10.47665742225945,14.550572028383613,55.69282011128962,False,False,False,ok
BNCI2014_001,ebsw_full_bscale,ebsw,full,bscale,normalized,8,3654,4,3,500,500,2,0.05976376152486444,0.2444662789115596,,,,0.025957534316774982,2.793683898093503,122.7769233819667,,8.43940392223274,0.016878807844465483,,2.9503561498764337,0.23382696575879217,0.6545961183521027,0.8186781036715943,fixed_beta,0,0,3660,75499020d11575ab8bc6801473b47df5ef5d602c480b3c98c4e814b47d2f0e3c,three_row_sha256,,123ea5ce324bb82567913e1514a410f2bb582a6d8528a6ea98fbb2b74646f92c,a789b01b17129967eecd25421cde715dc938f6e3b95b30f735ff978f0882361e,0.20461110398173332,0.34471601247787476,0.29564998112618923,0.6918399594724178,0.31911698170006275,0.7381748873740435,0.3595540765672922,2.9536630026996136,0.0,13.430320424959064,14.550572028383613,55.69282011128962,False,False,False,ok
BNCI2014_001,ebsw_full_bscale,ebsw,full,bscale,normalized,8,3654,5,4,500,500,2,0.07722807111451749,0.27789939027374183,,,,0.04984751728671551,2.793683898093503,122.7769233819667,,3.0809154868510285,0.0061618309737020574,,2.039910029975883,0.5555533779678772,0.7710333629554682,0.8985398420972673,fixed_beta,0,0,3664,0960d37c7f4e7b7eafbe9dbe030cc24059519ee829b290222e869af82e026c54,three_row_sha256,,123ea5ce324bb82567913e1514a410f2bb582a6d8528a6ea98fbb2b74646f92c,a789b01b17129967eecd25421cde715dc938f6e3b95b30f735ff978f0882361e,0.23174891248345375,0.3385238815099001,0.28828904032707214,0.6019121501594782,0.3249819856137037,0.7756128907203674,0.3666600678116083,2.9277289286255836,0.0,16.358049353584647,14.550572028383613,55.69282011128962,False,False,False,ok
BNCI2014_001,ebsw_full_bscale,ebsw,full,bscale,normalized,8,3654,6,5,500,500,2,0.14698283685038752,0.3833834071140632,,,,0.05028114187718791,2.793683898093503,122.7769233819667,,1.0479091841854804,0.002095818368370961,,0.11913781489425114,0.9766352783576276,0.9998430977516151,0.9999076143486894,fixed_beta,0,0,3669,544389856bde841814c88984d97d0222a6d2ae4f0f72b2c92b0e5ffb1449d736,three_row_sha256,,123ea5ce324bb82567913e1514a410f2bb582a6d8528a6ea98fbb2b74646f92c,a789b01b17129967eecd25421cde715dc938f6e3b95b30f735ff978f0882361e,0.21478510461747646,0.3488801885396242,0.2845281269401312,0.5484081339091063,0.28632301837205887,0.8634801488369703,0.5160130094736814,3.0624177306890488,0.0,19.420467084273696,14.550572028383613,55.69282011128962,False,False,False,ok
BNCI2014_001,ebsw_full_bscale,ebsw,full,bscale,normalized,8,3654,7,6,500,500,2,0.08928975131032205,0.2988139074914721,,,,0.04824060994223399,2.793683898093503,122.7769233819667,,1.5648764033090552,0.0031297528066181104,,0.8763040341755655,0.7842171387927334,0.9623943667404029,0.9779057564208562,fixed_beta,0,0,3675,6b4413466a54b2e74b00d3ef8268ac1c6814832ac88059cdef7a6ddc60aca4d4,three_row_sha256,,123ea5ce324bb82567913e1514a410f2bb582a6d8528a6ea98fbb2b74646f92c,a789b01b17129967eecd25421cde715dc938f6e3b95b30f735ff978f0882361e,0.24639209732413292,0.4785300698131323,0.29770215041935444,2.181484829634428,0.23558596149086952,0.7757449056953192,0.4228949546813965,4.638334969058633,0.0,24.05880205333233,14.550572028383613,55.69282011128962,False,False,False,ok
BNCI2014_001,ebsw_full_bscale,ebsw,full,bscale,normalized,8,3654,8,7,500,500,2,0.065818528804293,0.25655122062522523,,,,0.026268492866704563,2.793683898093503,122.7769233819667,,7.017955695219663,0.014035911390439327,,2.580302720538838,0.23071438368948238,0.7580924791563042,0.8723275800792103,fixed_beta,0,0,3682,3e6c433cc7e3b754c33adbedfcddde0445d3264bc299e56ef69a2952ef5c767f,three_row_sha256,,123ea5ce324bb82567913e1514a410f2bb582a6d8528a6ea98fbb2b74646f92c,a789b01b17129967eecd25421cde715dc938f6e3b95b30f735ff978f0882361e,0.2926320303231478,0.3477209247648716,0.2867800649255514,0.5841178353875875,0.4154588095843792,0.8663979824632406,0.38512307219207287,3.178230719640851,0.0,27.23703277297318,14.550572028383613,55.69282011128962,False,False,False,ok
BNCI2014_001,ebsw_full_bscale,ebsw,full,bscale,normalized,8,3654,9,8,500,500,2,0.07093954376459376,0.26634478362564895,,,,0.03675324007376703,2.793683898093503,122.7769233819667,,3.3155773600483234,0.006631154720096647,,1.828056304453147,0.42939170488854084,0.8916429320456177,0.9223074990902252,fixed_beta,0,0,3690,5c7c12af0a539a6029f376de19a8596c4e2e8528893049d65e9d9135f5acee1c,three_row_sha256,,123ea5ce324bb82567913e1514a410f2bb582a6d8528a6ea98fbb2b74646f92c,a789b01b17129967eecd25421cde715dc938f6e3b95b30f735ff978f0882361e,0.19639707170426846,0.44723902828991413,0.28401799499988556,0.5814749747514725,0.29293703846633434,0.8101840503513813,0.42964983731508255,3.041899995878339,0.0,30.27893276885152,14.550572028383613,55.69282011128962,False,False,False,ok
BNCI2014_001,ebsw_full_bscale,ebsw,full,bscale,normalized,8,3654,10,9,500,500,2,0.0693116167547106,0.26327099489824285,,,,0.054672894381307575,2.793683898093503,122.7769233819667,,2.017304404509267,0.004034608809018535,,1.6314587884301948,0.6962203909779098,0.878853456036051,0.9100918424132654,fixed_beta,0,0,3699,13012093f2a08e4fb4ca13c414c08d29990a6d451bbee88d1221e1f4fd07464c,three_row_sha256,,123ea5ce324bb82567913e1514a410f2bb582a6d8528a6ea98fbb2b74646f92c,a789b01b17129967eecd25421cde715dc938f6e3b95b30f735ff978f0882361e,0.25366502813994884,0.34982594661414623,0.3283389378339052,0.6158861797302961,0.3353320062160492,0.7378910668194294,0.4031469579786062,3.0240861233323812,0.0,33.3030188921839,14.550572028383613,55.69282011128962,False,False,False,ok
BNCI2014_001,ebsw_full_bscale,ebsw,full,bscale,normalized,8,3654,11,10,500,500,2,0.05711051952716292,0.2389780733187941,,,,0.045587854573900154,2.793683898093503,122.7769233819667,,3.441643288028051,0.006883286576056103,,2.408118278195639,0.5017880316321518,0.7820477872832847,0.8260310171975729,fixed_beta,0,0,3709,49a26848b13370e6b0bc1c0d34333058781f084d4352f82fd4a8e75b2d5f0077,three_row_sha256,,123ea5ce324bb82567913e1514a410f2bb582a6d8528a6ea98fbb2b74646f92c,a789b01b17129967eecd25421cde715dc938f6e3b95b30f735ff978f0882361e,0.21672598086297512,0.4889110568910837,0.29085506685078144,0.5754339508712292,0.43849507346749306,0.7038619369268417,0.37043006159365177,3.084713127464056,0.0,36.387732019647956,14.550572028383613,55.69282011128962,False,False,False,ok
BNCI2014_001,ebsw_full_bscale,ebsw,full,bscale,normalized,8,3654,12,11,500,500,2,0.043123002946942324,0.20766078817856376,,,,0.021504998266655653,2.793683898093503,122.7769233819667,,12.847454145192417,0.025694908290384833,,3.5788264909307688,0.18955275983303463,0.5481776963408747,0.6974200172804877,fixed_beta,0,0,3720,a10dd7838e63d793e05669a5bbae5d9866777c3f2f288c5dc3e6623d9f56ceb7,three_row_sha256,,123ea5ce324bb82567913e1514a410f2bb582a6d8528a6ea98fbb2b74646f92c,a789b01b17129967eecd25421cde715dc938f6e3b95b30f735ff978f0882361e,0.22604083642363548,0.3714319318532944,0.21396996453404427,1.187219051644206,0.37458213046193123,0.813446007668972,0.2597840502858162,3.4464739728718996,0.0,39.834205992519855,14.550572028383613,55.69282011128962,False,False,False,ok
BNCI2014_001,ebsw_full_bscale,ebsw,full,bscale,normalized,8,3654,13,12,500,500,2,0.05187731039471086,0.2277659113974496,,,,0.032602386544823954,2.793683898093503,122.7769233819667,,5.9096593679728855,0.011819318735945772,,2.858105226847342,0.3149489200018935,0.7488149914351252,0.797872962275595,fixed_beta,0,0,3732,d639e80a6406514e282331fe8caebf03e6e50a6b86b21484d55554d955870937,three_row_sha256,,123ea5ce324bb82567913e1514a410f2bb582a6d8528a6ea98fbb2b74646f92c,a789b01b17129967eecd25421cde715dc938f6e3b95b30f735ff978f0882361e,0.20224298350512981,0.3456510603427887,0.28780288994312286,0.8842479437589645,0.21989294327795506,0.8827489800751209,0.37351902574300766,3.1961058266460896,0.0,43.030311819165945,14.550572028383613,55.69282011128962,False,False,False,ok
BNCI2014_001,ebsw_full_bscale,ebsw,full,bscale,normalized,8,3654,14,13,500,500,2,0.04460208014460442,0.21119204564709443,,,,0.03974076855107697,2.793683898093503,122.7769233819667,,5.572384676931953,0.011144769353863906,,3.19082980050229,0.36974999218154286,0.6357642415431806,0.712864765221294,fixed_beta,0,0,3745,18caf0a7f9ddea9c6f56f1dc7228e38869cfdf13fb272e3669e9bbc0b5ce9b1c,three_row_sha256,,123ea5ce324bb82567913e1514a410f2bb582a6d8528a6ea98fbb2b74646f92c,a789b01b17129967eecd25421cde715dc938f6e3b95b30f735ff978f0882361e,0.2097638789564371,0.3418389242142439,0.28538797050714493,0.5539320409297943,0.39012404158711433,0.9059801232069731,0.15246891416609287,2.8394958935678005,0.0,45.869807712733746,14.550572028383613,55.69282011128962,False,False,False,ok
BNCI2014_001,ebsw_full_bscale,ebsw,full,bscale,normalized,8,3654,15,14,500,500,2,0.058327072127899206,0.2415099834952982,,,,0.03988464215775538,2.793683898093503,122.7769233819667,,3.453586732053086,0.006907173464106173,,2.229402376880084,0.4476816636158552,0.8206603223623485,0.8578213179529914,fixed_beta,0,0,3759,2783a32c977c98abe9381cc064f99e6d1e6a8a7db2ea6353c71ac39b0f2a596b,three_row_sha256,,123ea5ce324bb82567913e1514a410f2bb582a6d8528a6ea98fbb2b74646f92c,a789b01b17129967eecd25421cde715dc938f6e3b95b30f735ff978f0882361e,0.32878806814551353,0.36557484418153763,0.29336404986679554,0.5785939283668995,0.29592704959213734,1.0108670685440302,0.35300198942422867,3.2261169981211424,0.0,49.09592471085489,14.550572028383613,55.69282011128962,False,False,False,ok
BNCI2014_001,ebsw_full_bscale,ebsw,full,bscale,normalized,8,3654,16,15,500,500,2,0.04199942132648624,0.20493760349551823,,,,0.05751929517117966,2.793683898093503,122.7769233819667,,3.3988383175413754,0.006797676635082751,,3.0963900849709063,0.5391699807403995,0.6351194497201147,0.6860766705431489,fixed_beta,0,0,3774,081e1f6bfdd70849834308e4b4afa96b213ba120e02feb0b2294969cebf779d9,three_row_sha256,,123ea5ce324bb82567913e1514a410f2bb582a6d8528a6ea98fbb2b74646f92c,a789b01b17129967eecd25421cde715dc938f6e3b95b30f735ff978f0882361e,0.2157080452889204,0.35374402068555355,0.3399190027266741,0.5499720573425293,0.27267984114587307,0.7496580947190523,0.3687839489430189,2.8504650108516216,0.0,51.94638972170651,14.550572028383613,55.69282011128962,False,False,False,ok
BNCI2014_001,ebsw_full_bscale,ebsw,full,bscale,normalized,8,3654,17,16,500,500,2,0.02049333497269226,0.14315493345565236,,,,0.016270677201386446,2.793683898093503,122.7769233819667,,31.181072867786277,0.062362145735572555,,4.982942432248988,0.12312209603032812,0.3239582992788592,0.3850025358653103,fixed_beta,0,0,3790,db12f7ca5c20931503e449b95ea8479ec3a7e7ba06f3fb1eb0c8357c57ea00a3,three_row_sha256,,123ea5ce324bb82567913e1514a410f2bb582a6d8528a6ea98fbb2b74646f92c,a789b01b17129967eecd25421cde715dc938f6e3b95b30f735ff978f0882361e,0.2572599332779646,0.3489740192890167,0.284350011497736,0.5568049382418394,0.33706100657582283,0.8812090381979942,0.1521119847893715,2.8177709318697453,0.0,54.764160653576255,14.550572028383613,55.69282011128962,False,False,False,ok
BNCI2014_001,ebsw_full_bscale,ebsw,full,bscale,normalized,8,3654,18,17,500,500,2,0.017976820966914067,0.13407766766659565,,,,0.010900791185564952,2.793683898093503,122.7769233819667,,52.928253234634674,0.10585650646926935,,5.171150831262144,0.08310089876696515,0.2555614053309179,0.3561622705736158,fixed_beta,0,0,3807,67bdf77b89d773426f5c8dae2ba09c38c60817995f083f77e325b2b46e341a40,three_row_sha256,,123ea5ce324bb82567913e1514a410f2bb582a6d8528a6ea98fbb2b74646f92c,a789b01b17129967eecd25421cde715dc938f6e3b95b30f735ff978f0882361e,0.18044514581561089,0.3696570638567209,0.20817690528929234,0.6059319712221622,0.25290180929005146,0.769641948863864,0.42057293467223644,2.8073277790099382,0.0,57.57148843258619,14.550572028383613,55.69282011128962,False,False,False,ok
BNCI2014_001,ebsw_full_bscale,ebsw,full,bscale,normalized,8,3654,19,18,500,500,2,0.012023334430376082,0.10965096639052518,,,,0.005116276522628944,2.793683898093503,122.7769233819667,,137.18231403683288,0.27436462807366574,,5.671168474243362,0.031944165899401473,0.13954339883903746,0.21294264146578523,fixed_beta,0,0,3825,e0aa47bd84eb6d0eb33d78f7277096b0f7f8ddb52e1aedd9873d875c1bfb503d,three_row_sha256,,123ea5ce324bb82567913e1514a410f2bb582a6d8528a6ea98fbb2b74646f92c,a789b01b17129967eecd25421cde715dc938f6e3b95b30f735ff978f0882361e,0.20396499894559383,0.3300178796052933,0.3030700609087944,0.5373349413275719,0.26531703770160675,0.9893937967717648,0.3725078422576189,3.001606557518244,0.0,60.57309499010444,14.550572028383613,55.69282011128962,False,False,False,ok
BNCI2014_001,ebsw_full_bscale,ebsw,full,bscale,normalized,8,3654,20,19,500,500,2,0.010936596772585586,0.1045781849746188,,,,0.0077466577184267665,2.793683898093503,122.7769233819667,,101.66526764746594,0.2033305352949319,,5.668639772439082,0.06970272186100612,0.16698275586817507,0.22083477599912962,fixed_beta,0,0,3844,9a51ed6b77d7b810157dcd4b0f0683dbf7e17712d52e4c6e614d4408841f1dd5,three_row_sha256,,123ea5ce324bb82567913e1514a410f2bb582a6d8528a6ea98fbb2b74646f92c,a789b01b17129967eecd25421cde715dc938f6e3b95b30f735ff978f0882361e,0.30701886862516403,0.34683896228671074,0.28339214622974396,0.5624420009553432,0.38167485035955906,0.7373110856860876,0.38183387368917465,3.0005117878317833,0.0,63.57360677793622,14.550572028383613,55.69282011128962,False,False,False,ok
BNCI2014_001,ebsw_full_bscale,ebsw,full,bscale,normalized,8,3654,21,20,500,500,2,0.008012127545894126,0.08951048846863771,,,,0.003916051862495104,2.7936838980935033,122.7769233819667,,191.78696438840987,0.38357392877681973,,5.869723734390417,0.0348174284068148,0.10318634464318521,0.16598904950563304,fixed_beta,0,0,3864,f58451ea59c04409c3508ce9e3f32ed771c9dbeb5fc175f9f15d2e1fbfa7c986,three_row_sha256,,123ea5ce324bb82567913e1514a410f2bb582a6d8528a6ea98fbb2b74646f92c,a789b01b17129967eecd25421cde715dc938f6e3b95b30f735ff978f0882361e,0.3652949817478657,0.34226803109049797,0.8258030284196138,0.6188610568642616,0.33170985989272594,1.1910509783774614,0.5197611171752214,4.194749053567648,0.0,67.76835583150387,14.550572028383613,55.69282011128962,False,False,False,ok
BNCI2014_001,ebsw_full_bscale,ebsw,full,bscale,normalized,8,3654,22,21,500,500,2,0.005368315839016579,0.07326879171254688,,,,0.0027010813012612327,2.7936838980935033,122.7769233819667,,274.1698222985417,0.5483396445970834,,6.0208671724433565,0.027365718145289663,0.07556960206420649,0.11603595471001421,fixed_beta,0,0,3885,e9f733ea8bc54161ad81ca8567c3f8b738a97659f04f5460a388163fe8351134,three_row_sha256,,123ea5ce324bb82567913e1514a410f2bb582a6d8528a6ea98fbb2b74646f92c,a789b01b17129967eecd25421cde715dc938f6e3b95b30f735ff978f0882361e,0.30282302759587765,0.46310387551784515,0.290426891297102,0.5958089604973793,0.42835017666220665,0.8746120147407055,1.809747889637947,4.764872835949063,0.0,72.53322866745293,14.550572028383613,55.69282011128962,False,False,False,ok
BNCI2014_001,ebsw_full_bscale,ebsw,full,bscale,normalized,8,3654,23,22,500,500,2,0.00427175541713321,0.06535866749814603,,,,0.0018094533583367662,2.793683898093503,122.7769233819667,,348.6296576913834,0.6972593153827668,,6.08686315757333,0.016333825084833366,0.05911119527963893,0.09076652656441875,fixed_beta,0,0,3907,573dbac0f14cd0efd8f409b6dd3d51168f544b4247705bd8efad8fa66a7bc01e,three_row_sha256,,123ea5ce324bb82567913e1514a410f2bb582a6d8528a6ea98fbb2b74646f92c,a789b01b17129967eecd25421cde715dc938f6e3b95b30f735ff978f0882361e,0.20376709289848804,0.3528720699250698,0.32700086012482643,0.6139089819043875,0.3364640288054943,0.7349320221692324,0.5251800175756216,3.09412507340312,0.0,75.62735374085605,14.550572028383613,55.69282011128962,False,False,False,ok
BNCI2014_001,ebsw_full_bscale,ebsw,full,bscale,normalized,8,3654,24,23,500,500,2,0.0030856740190912503,0.05554884354413916,,,,0.0027334726163962225,2.793683898093503,122.7769233819667,,309.9384647410154,0.6198769294820309,,6.109546357404647,0.03370847538352239,0.06131169017349568,0.0848855828421048,fixed_beta,0,0,3930,bffaff78dda25abbcdcaa02f6ced4cb10bd996c87fa75440477556b73001bfaf,three_row_sha256,,123ea5ce324bb82567913e1514a410f2bb582a6d8528a6ea98fbb2b74646f92c,a789b01b17129967eecd25421cde715dc938f6e3b95b30f735ff978f0882361e,0.2137531992048025,0.4985518753528595,0.286594033241272,0.5796558689326048,0.43750996701419353,0.877617159858346,0.30287005938589573,3.196552162989974,0.0,78.82390590384603,14.550572028383613,55.69282011128962,False,False,False,ok
BNCI2014_001,ebsw_full_bscale,ebsw,full,bscale,normalized,8,3654,25,24,500,500,2,0.002091932884683079,0.045737652811256926,7.820917891358165,0.7614673857360577,23.853261426394237,0.0006630014694227851,2.793683898093503,122.7769233819667,,466.12033783028016,0.9322406756605603,,6.185523783220496,0.00640045492627996,0.026959347355154543,0.04680102480016136,fixed_beta,0,0,3954,15e426a2ddcd443448319674dd6680812f17b732ad2806898e31376c0d7f5121,three_row_sha256,,123ea5ce324bb82567913e1514a410f2bb582a6d8528a6ea98fbb2b74646f92c,a789b01b17129967eecd25421cde715dc938f6e3b95b30f735ff978f0882361e,0.21893484517931938,0.40047988295555115,0.28709485195577145,0.6029759533703327,0.3406889736652374,0.8442080579698086,0.38642087019979954,3.0808034352958202,13.151519000530243,81.90470933914185,27.702091028913856,55.69282011128962,False,False,False,ok
BNCI2014_001,ebsw_full_bscale,ebsw,full,bscale,normalized,8,3654,26,25,500,500,2,0.001530871085360934,0.03912634771303008,,,,0.000530405495419694,2.793683898093503,122.7769233819667,,478.26027476214415,0.9565205495242883,,6.196232685035616,0.006028556806943335,0.024002135430901714,0.04216363903033054,fixed_beta,0,0,3979,fdba3dea77616db68f5fb87618194a6815c80962b90d11ecedf2ea613074d925,three_row_sha256,,123ea5ce324bb82567913e1514a410f2bb582a6d8528a6ea98fbb2b74646f92c,a789b01b17129967eecd25421cde715dc938f6e3b95b30f735ff978f0882361e,0.41304389014840126,0.35985885187983513,0.3172981087118387,0.7016540039330721,0.24684006348252296,0.8794660679996014,0.34981989301741123,3.2679808791726828,0.0,85.17269021831453,27.702091028913856,103.60551020130515,False,False,False,ok
BNCI2014_001,ebsw_full_bscale,ebsw,full,bscale,normalized,8,3654,27,26,500,500,2,0.0009409736553528022,0.030675293891873345,,,,0.00032226879283909034,2.793683898093503,122.7769233819667,,493.3304489650059,0.9866608979300119,,6.2086026198081345,0.0037359981163207763,0.017120989647770927,0.032151218138873346,fixed_beta,0,0,4005,726cf0740817c337ec041896e6e276024c6af9b2bb89a7cb72fc349428f0db15,three_row_sha256,,123ea5ce324bb82567913e1514a410f2bb582a6d8528a6ea98fbb2b74646f92c,a789b01b17129967eecd25421cde715dc938f6e3b95b30f735ff978f0882361e,0.25188992731273174,0.3856651019304991,0.43547782115638256,0.7344139739871025,0.5011761095374823,1.6520500648766756,0.4299180582165718,4.390591057017446,0.0,89.56328127533197,27.702091028913856,103.60551020130515,False,False,False,ok
BNCI2014_001,ebsw_full_bscale,ebsw,full,bscale,normalized,8,3654,28,27,500,500,2,0.0005957686122495584,0.024408371765637267,,,,0.00019119849309263176,2.793683898093503,122.7769233819667,,498.7912879000376,0.9975825758000753,,6.213436511300978,0.0025741670891750025,0.012495265984644649,0.024179164988989046,fixed_beta,0,0,4032,6cd445523ff4e9fa01dfd50f570ccef793034a522a44714ff404c8f5bf9f4131,three_row_sha256,,123ea5ce324bb82567913e1514a410f2bb582a6d8528a6ea98fbb2b74646f92c,a789b01b17129967eecd25421cde715dc938f6e3b95b30f735ff978f0882361e,0.2605321351438761,0.39632804691791534,0.2918471582233906,0.5549578927457333,0.38601295091211796,0.8892170153558254,0.42266095988452435,3.201556159183383,0.0,92.76483743451536,27.702091028913856,103.60551020130515,False,False,False,ok
BNCI2014_001,ebsw_full_bscale,ebsw,full,bscale,normalized,8,3654,29,28,500,500,2,0.0004585051114457209,0.021412732460985004,,,,0.0001439776779545187,2.793683898093503,122.7769233819667,,499.4517901804008,0.9989035803608016,,6.214070603001506,0.002521730894650586,0.011472798452291391,0.02244797412110416,fixed_beta,0,0,4060,9f72f3905ff0ce2b89a7308bf1c5540f7ac48790a7bf8ea337ed54a27fb0c23e,three_row_sha256,,123ea5ce324bb82567913e1514a410f2bb582a6d8528a6ea98fbb2b74646f92c,a789b01b17129967eecd25421cde715dc938f6e3b95b30f735ff978f0882361e,0.372700160369277,0.395297072827816,0.433437991887331,0.742137199267745,0.4911990836262703,0.9391920175403357,0.41582505218684673,3.7897885777056217,0.0,96.55462601222098,27.702091028913856,103.60551020130515,False,False,False,ok
BNCI2014_001,ebsw_full_bscale,ebsw,full,bscale,normalized,8,3654,30,29,500,500,2,0.0003817174200759569,0.019537589924961494,,,,0.00011952625328911,2.793683898093503,122.7769233819667,,499.7384836751078,0.9994769673502155,,6.214348960966767,0.002201512207071144,0.010936898405434582,0.02165933677568163,fixed_beta,0,0,4089,bfc316cbcb9f5172b7cb6219ec4a915a025bed41613158698f3309499faa7cc5,three_row_sha256,,123ea5ce324bb82567913e1514a410f2bb582a6d8528a6ea98fbb2b74646f92c,a789b01b17129967eecd25421cde715dc938f6e3b95b30f735ff978f0882361e,0.43499981984496117,0.3042859025299549,0.29299105517566204,0.7667699828743935,0.2720549236983061,1.647440018132329,0.5150050856173038,4.2335467878729105,0.0,100.78817280009389,27.702091028913856,103.60551020130515,False,False,False,ok
BNCI2014_001,ebsw_full_bscale,ebsw,full,bscale,normalized,8,3654,31,30,500,500,2,0.00034699712584765764,0.018627858863746464,,,,0.00010835025170956918,2.793683898093503,122.7769233819667,,499.7525948718447,0.9995051897436894,,6.214363032305933,0.002200062869100517,0.010894839901195635,0.021624393768569186,fixed_beta,0,0,4119,551e17135a60aa19efb913d14272cd8a23670c6faab637142058b0d927896b3e,three_row_sha256,,123ea5ce324bb82567913e1514a410f2bb582a6d8528a6ea98fbb2b74646f92c,a789b01b17129967eecd25421cde715dc938f6e3b95b30f735ff978f0882361e,0.21883705630898476,0.9994599968194962,0.2921230625361204,0.6176081951707602,0.3355019725859165,0.7742838934063911,0.36733411252498627,3.6051482893526554,0.0,104.39332108944654,27.702091028913856,103.60551020130515,False,False,False,ok
BNCI2014_001,ebsw_full_bscale,ebsw,full,bscale,normalized,8,3654,32,31,500,500,2,0.0003368889252550372,0.018354534187906738,,,,0.00010420428187005131,2.793683898093503,122.7769233819667,,499.7666727292486,0.9995333454584973,,6.214377025616412,0.0022223156162035186,0.010910728491427093,0.02154494371184648,fixed_beta,0,0,4150,1db0e4c1c47137b7e9f97a48124368322ae012bf6200acd99705eb5422cf2895,three_row_sha256,,123ea5ce324bb82567913e1514a410f2bb582a6d8528a6ea98fbb2b74646f92c,a789b01b17129967eecd25421cde715dc938f6e3b95b30f735ff978f0882361e,0.31055789440870285,0.5203469190746546,0.2955829259008169,0.5917258094996214,0.464914133772254,0.8968468755483627,1.6739210113883018,4.753895569592714,0.0,109.14721665903926,27.702091028913856,103.60551020130515,False,False,False,ok
BNCI2014_001,ebsw_full_bscale,ebsw,full,bscale,normalized,8,3654,33,32,500,500,2,0.00032218683705884636,0.017949563701072133,,,,0.00010226561062552424,2.793683898093503,122.7769233819667,,499.79536728015137,0.9995907345603028,,6.214405139312847,0.0021827355665510707,0.010788552913554286,0.02141378144959496,fixed_beta,0,0,4182,2b32dfa6ad1a37ea66f95904e1727294ab2d86d23e7313a591a5b68b8e2d4e62,three_row_sha256,,123ea5ce324bb82567913e1514a410f2bb582a6d8528a6ea98fbb2b74646f92c,a789b01b17129967eecd25421cde715dc938f6e3b95b30f735ff978f0882361e,0.36987103521823883,0.35414588637650013,0.3252930473536253,0.6155839655548334,0.33449381589889526,0.6259330548346043,0.3950269892811775,3.0203477945178747,0.0,112.16756445355713,27.702091028913856,103.60551020130515,False,False,False,ok
BNCI2014_001,ebsw_full_bscale,ebsw,full,bscale,normalized,8,3654,34,33,500,500,2,0.0003170883515219126,0.017806974799833702,,,,0.00010015277103118075,2.793683898093503,122.7769233819667,,499.79173369003377,0.9995834673800675,,6.214401663011796,0.0022061905435307835,0.010820774265310635,0.021479157804465885,fixed_beta,0,0,4215,51ea687a13497bd39dffa943864e126bd9fd1b16a0bd1d620c7264281beda311,three_row_sha256,,123ea5ce324bb82567913e1514a410f2bb582a6d8528a6ea98fbb2b74646f92c,a789b01b17129967eecd25421cde715dc938f6e3b95b30f735ff978f0882361e,0.21985499188303947,0.531728845089674,0.30650198459625244,0.6022690795361996,0.48436294309794903,2.117691095918417,0.42540300637483597,4.6878119464963675,0.0,116.8553764000535,27.702091028913856,103.60551020130515,False,False,False,ok
BNCI2014_001,ebsw_full_bscale,ebsw,full,bscale,normalized,8,3654,35,34,500,500,2,0.0003208694807395772,0.017912830059473493,,,,0.00010220101688147202,2.793683898093503,122.7769233819667,,499.75556042588374,0.9995111208517675,,6.214367110211895,0.0023056007429503884,0.01105162738190918,0.021782407664296913,fixed_beta,0,0,4249,1866de2f39cac3e54613a65a6fb40a076bdb70f3df309c8f64ba6fb5e867a5b1,three_row_sha256,,123ea5ce324bb82567913e1514a410f2bb582a6d8528a6ea98fbb2b74646f92c,a789b01b17129967eecd25421cde715dc938f6e3b95b30f735ff978f0882361e,0.21251803264021873,0.3951659891754389,0.2902830019593239,0.609125941991806,0.34412392415106297,0.7278879638761282,0.4730750806629658,3.0521799344569445,0.0,119.90755633451045,27.702091028913856,103.60551020130515,False,False,False,ok
BNCI2014_001,ebsw_full_bscale,ebsw,full,bscale,normalized,8,3654,36,35,500,500,2,0.0003330569697479247,0.018249848485615564,,,,0.00010256348026447051,2.7936838980935024,122.7769233819667,,499.77610086366195,0.999552201727324,,6.214386594179331,0.002274458944920865,0.010925198323466011,0.02153772889291276,fixed_beta,0,0,4284,4fbaf6d7cb4e64a1471770ed77517b76b45bb0d45f693e6908d3ddcecafab7a4,three_row_sha256,,123ea5ce324bb82567913e1514a410f2bb582a6d8528a6ea98fbb2b74646f92c,a789b01b17129967eecd25421cde715dc938f6e3b95b30f735ff978f0882361e,0.2003679983317852,0.34321099519729614,0.3073399420827627,0.5645439960062504,0.42385607957839966,0.873468117788434,0.3956200089305639,3.108407137915492,0.0,123.01596347242594,27.702091028913856,103.60551020130515,False,False,False,ok
BNCI2014_001,ebsw_full_bscale,ebsw,full,bscale,normalized,8,3654,37,36,500,500,2,0.0002966637414417439,0.017223929326426763,,,,9.643766986858242e-05,2.7936838980935024,122.7769233819667,,499.83771022020665,0.9996754204404134,,6.214447111247971,0.002172766310911623,0.010789050481889764,0.021320717220753668,fixed_beta,0,0,4320,b4de810d5750d98f086c41f8fe62059bc9da1fdbc020f2cb8dc68dae6c116d20,three_row_sha256,,123ea5ce324bb82567913e1514a410f2bb582a6d8528a6ea98fbb2b74646f92c,a789b01b17129967eecd25421cde715dc938f6e3b95b30f735ff978f0882361e,0.20310399122536182,0.34712720662355423,0.2873549237847328,0.5785699468106031,1.5968671068549156,0.941108912229538,0.37350994534790516,4.327642032876611,0.0,127.34360550530255,27.702091028913856,103.60551020130515,False,False,False,ok
BNCI2014_001,ebsw_full_bscale,ebsw,full,bscale,normalized,8,3654,38,37,500,500,2,0.00030596504549313807,0.01749185654792361,,,,9.750596658298091e-05,2.793683898093503,122.7769233819667,,499.82991928790926,0.9996598385758185,,6.214439422970673,0.0022276279219831,0.010808481027462426,0.02129293753886757,fixed_beta,0,0,4357,a7984ea0fded4408e082523ff8ba5cbe8b159944f6df1851a1c7fcf4be29f911,three_row_sha256,,123ea5ce324bb82567913e1514a410f2bb582a6d8528a6ea98fbb2b74646f92c,a789b01b17129967eecd25421cde715dc938f6e3b95b30f735ff978f0882361e,0.20317197777330875,0.3154149744659662,0.29268907383084297,0.729807885363698,0.2416670322418213,0.8799729403108358,0.3717872314155102,3.0345111154019833,0.0,130.37811662070453,27.702091028913856,103.60551020130515,False,False,False,ok
BNCI2014_001,ebsw_full_bscale,ebsw,full,bscale,normalized,8,3654,39,38,500,500,2,0.0003073029673863365,0.01753005896699542,,,,9.757933160741432e-05,2.793683898093503,122.7769233819667,,499.8366653122504,0.9996733306245008,,6.214445893972986,0.002178933537398115,0.010723464733515315,0.02124653292677016,fixed_beta,0,0,4395,cd7e2a20e742b73d2270f7354351ce171534c2abe51a9797245cdceee40dd8ed,three_row_sha256,,123ea5ce324bb82567913e1514a410f2bb582a6d8528a6ea98fbb2b74646f92c,a789b01b17129967eecd25421cde715dc938f6e3b95b30f735ff978f0882361e,0.2059810794889927,0.3642430528998375,0.2936888486146927,0.6902369204908609,0.31643384136259556,2.021704101935029,0.26211212389171124,4.15439996868372,0.0,134.53251658938825,27.702091028913856,103.60551020130515,False,False,False,ok
BNCI2014_001,ebsw_full_bscale,ebsw,full,bscale,normalized,8,3654,40,39,500,500,2,0.00029985696608079396,0.01731637854982369,,,,9.62919194819647e-05,2.793683898093503,122.7769233819667,,499.83862707381525,0.9996772541476305,,6.214447925923441,0.0021654302483068897,0.010715448328781473,0.021255706389837863,fixed_beta,0,0,4434,779aea5158fdbd90b0069c47d217088fce33e949a4d3a37ca1da39406fe370db,three_row_sha256,,123ea5ce324bb82567913e1514a410f2bb582a6d8528a6ea98fbb2b74646f92c,a789b01b17129967eecd25421cde715dc938f6e3b95b30f735ff978f0882361e,0.5545648746192455,0.3659771755337715,0.2885628491640091,0.547800911590457,0.31221681274473667,0.8630468510091305,0.3952931147068739,3.327462589368224,0.0,137.85997917875648,27.702091028913856,103.60551020130515,False,False,False,ok
BNCI2014_001,ebsw_full_bscale,ebsw,full,bscale,normalized,8,3654,41,40,500,500,2,0.00030623713067729326,0.017499632301202595,,,,9.778080655454669e-05,2.793683898093503,122.7769233819667,,499.8316388387208,0.9996632776774416,,6.214440770224151,0.0021608416868925708,0.010650760332896945,0.02117587289341953,fixed_beta,0,0,4474,d4889260968119e5fd9f826deb67ffe859decec33716d0293b91d4fc661ed49f,three_row_sha256,,123ea5ce324bb82567913e1514a410f2bb582a6d8528a6ea98fbb2b74646f92c,a789b01b17129967eecd25421cde715dc938f6e3b95b30f735ff978f0882361e,0.21100416779518127,0.42966497130692005,0.2869961317628622,0.8823168464004993,0.26723602786660194,0.9994020219892263,0.44210790656507015,3.5187280736863613,0.0,141.37870725244284,27.702091028913856,103.60551020130515,False,False,False,ok
BNCI2014_001,ebsw_full_bscale,ebsw,full,bscale,normalized,8,3654,42,41,500,500,2,0.00028110059788231966,0.01676605492900222,,,,9.34362235315171e-05,2.793683898093503,122.7769233819667,,499.87204854246403,0.9997440970849281,,6.214480950052402,0.0021616710313827263,0.010667099223864124,0.021125521149622024,fixed_beta,0,0,4515,34d9c3617912fbbb5c952ee7a64642b26d26bd447a37bf70da17870a5d37c754,three_row_sha256,,123ea5ce324bb82567913e1514a410f2bb582a6d8528a6ea98fbb2b74646f92c,a789b01b17129967eecd25421cde715dc938f6e3b95b30f735ff978f0882361e,0.7950239814817905,0.1943148672580719,0.21668709814548492,0.6158079486340284,0.24419301189482212,1.2668028939515352,0.1836859155446291,3.5165157169103622,0.0,144.8952229693532,27.702091028913856,103.60551020130515,False,False,False,ok
BNCI2014_001,ebsw_full_bscale,ebsw,full,bscale,normalized,8,3654,43,42,500,500,2,0.0002938825579949767,0.017143003178993366,,,,9.532277497390985e-05,2.793683898093503,122.7769233819667,,499.82701465184846,0.999654029303697,,6.214436696267942,0.002206272284633405,0.010828399408839316,0.021377705176196367,fixed_beta,0,0,4557,4b5a1383d263975aaf832c5ada230165f5428478538890208004ba4f2df56cc1,three_row_sha256,,123ea5ce324bb82567913e1514a410f2bb582a6d8528a6ea98fbb2b74646f92c,a789b01b17129967eecd25421cde715dc938f6e3b95b30f735ff978f0882361e,0.2158130519092083,0.346828019246459,0.21421094425022602,0.6020311266183853,0.32898085191845894,0.7563619874417782,0.36962213926017284,2.8338481206446886,0.0,147.7290710899979,27.702091028913856,103.60551020130515,False,False,False,ok
BNCI2014_001,ebsw_full_bscale,ebsw,full,bscale,normalized,8,3654,44,43,500,500,2,0.00029965666074746405,0.017310593887774735,,,,9.59839635578293e-05,2.793683898093503,122.7769233819667,,499.8409090671796,0.9996818181343592,,6.214450343680485,0.0022346618849931237,0.010782800874934054,0.02130505030400725,fixed_beta,0,0,4600,13490e363f0867c59eb01495fe6b9b16ee212c2e8754e62289984dc5e64884ca,three_row_sha256,,123ea5ce324bb82567913e1514a410f2bb582a6d8528a6ea98fbb2b74646f92c,a789b01b17129967eecd25421cde715dc938f6e3b95b30f735ff978f0882361e,0.21549290977418423,0.3729478921741247,0.28853281401097775,0.9312471374869347,0.2526289317756891,0.7443621288985014,0.39891316555440426,3.204124979674816,0.0,150.9331960696727,27.702091028913856,103.60551020130515,False,False,False,ok
BNCI2014_001,ebsw_full_bscale,ebsw,full,bscale,normalized,8,3654,45,44,500,500,2,0.0002921198802604489,0.017091514861487526,,,,9.505002380669082e-05,2.793683898093503,122.7769233819667,,499.865433642463,0.9997308672849261,,6.214474358011364,0.002139385376285728,0.010656992959656933,0.021161663827577497,fixed_beta,0,0,4644,023512d53773424de6b3416c17c976b12d0fc6583fc5ab071520de2180d22658,three_row_sha256,,123ea5ce324bb82567913e1514a410f2bb582a6d8528a6ea98fbb2b74646f92c,a789b01b17129967eecd25421cde715dc938f6e3b95b30f735ff978f0882361e,0.22621010430157185,1.685636816546321,0.2968169283121824,0.5930440966039896,0.384617131203413,3.034069901332259,0.40882895700633526,6.629223935306072,0.0,157.56242000497878,27.702091028913856,103.60551020130515,False,False,False,ok
BNCI2014_001,ebsw_full_bscale,ebsw,full,bscale,normalized,8,3654,46,45,500,500,2,0.0002874208969033435,0.016953492174279123,,,,9.375481960617352e-05,2.793683898093503,122.7769233819667,,499.8440838189633,0.9996881676379267,,6.2144533362250485,0.002138589656222865,0.010646697091569443,0.02120310471415205,fixed_beta,0,0,4689,b334ed895575f7faef51222491bfffe063c0936b6e496f090cd83a1e7947f33a,three_row_sha256,,123ea5ce324bb82567913e1514a410f2bb582a6d8528a6ea98fbb2b74646f92c,a789b01b17129967eecd25421cde715dc938f6e3b95b30f735ff978f0882361e,0.4210439510643482,0.3477800637483597,0.31997193582355976,0.5894310306757689,1.4143160078674555,0.7113770116120577,0.38724392652511597,4.191163927316666,0.0,161.75358393229544,27.702091028913856,103.60551020130515,False,False,False,ok
BNCI2014_001,ebsw_full_bscale,ebsw,full,bscale,normalized,8,3654,47,46,500,500,2,0.000298192999405677,0.017268265674516274,,,,9.654592576343503e-05,2.793683898093503,122.7769233819667,,499.82707453502024,0.9996541490700405,,6.2144364416584335,0.0021617885535659496,0.010720320906506639,0.02124117215256091,fixed_beta,0,0,4735,fea5e4cf11535fba091245050b5de17b5bf69e88d6fb9263f1254096be53274c,three_row_sha256,,123ea5ce324bb82567913e1514a410f2bb582a6d8528a6ea98fbb2b74646f92c,a789b01b17129967eecd25421cde715dc938f6e3b95b30f735ff978f0882361e,0.29034214094281197,0.3349811304360628,0.2894040662795305,0.8934431243687868,0.4023800138384104,0.6913200486451387,0.4737880080938339,3.375658532604575,0.0,165.12924246490002,27.702091028913856,103.60551020130515,False,False,False,ok
BNCI2014_001,ebsw_full_bscale,ebsw,full,bscale,normalized,8,3654,48,47,500,500,2,0.0002787819103316838,0.016696763468758962,,,,9.256219440115168e-05,2.793683898093503,122.7769233819667,,499.8640669551663,0.9997281339103327,,6.21447311530431,0.0021492184437643357,0.010636970236901203,0.021146610826428505,fixed_beta,0,0,4782,d03da5ac37f38bbea7077b86fbcd7dbc12c558fc8011be34ea87a3483703c263,three_row_sha256,,123ea5ce324bb82567913e1514a410f2bb582a6d8528a6ea98fbb2b74646f92c,a789b01b17129967eecd25421cde715dc938f6e3b95b30f735ff978f0882361e,0.21332106553018093,0.34894607961177826,0.4032501019537449,0.5389729049056768,1.5972319524735212,1.372296130284667,0.4189121536910534,4.892930388450623,0.0,170.02217285335064,27.702091028913856,103.60551020130515,False,False,False,ok
BNCI2014_001,ebsw_full_bscale,ebsw,full,bscale,normalized,8,3654,49,48,500,500,2,0.00027922624051610805,0.01671006404883321,,,,9.261237742403907e-05,2.793683898093503,122.7769233819667,,499.86653621943213,0.9997330724388643,,6.214475688650452,0.0021884603493585336,0.01070478173887413,0.021196451406671812,fixed_beta,0,0,4830,a160517c1505be44e9c282e8a1ab3440114a2d16972ddc0274cb2d865799db12,three_row_sha256,,123ea5ce324bb82567913e1514a410f2bb582a6d8528a6ea98fbb2b74646f92c,a789b01b17129967eecd25421cde715dc938f6e3b95b30f735ff978f0882361e,0.2608620561659336,0.3040700685232878,0.3002048470079899,0.7959790527820587,0.3629559651017189,0.9112360421568155,0.5501369014382362,3.4854449331760406,0.0,173.50761778652668,27.702091028913856,103.60551020130515,False,False,False,ok
BNCI2014_001,ebsw_full_bscale,ebsw,full,bscale,normalized,8,3654,50,49,500,500,2,0.00029719070758235926,0.01723922003984981,7.312396453885215,0.7119562548224936,28.804374517750638,9.515890055858735e-05,2.793683898093503,122.7769233819667,,499.8472692752608,0.9996945385505217,,6.214456506451642,0.0021957242015712883,0.010727679368612575,0.02125309040237185,fixed_beta,0,0,4879,e6a20c6a5ccba4773a467b7bc5e55495eb0017ac379dd2e9985bb268afcb720e,three_row_sha256,,123ea5ce324bb82567913e1514a410f2bb582a6d8528a6ea98fbb2b74646f92c,a789b01b17129967eecd25421cde715dc938f6e3b95b30f735ff978f0882361e,1.5502569731324911,0.3445069305598736,0.2148151397705078,1.2070550583302975,0.3836969844996929,1.162996981292963,0.3775181248784065,5.2408461924642324,12.616876047104597,178.7484639789909,40.31896707601845,103.60551020130515,False,False,False,ok
BNCI2014_001,ebsw_full_bscale,ebsw,full,bscale,normalized,8,3654,51,50,500,500,2,0.00029000905466561403,0.017029652217987717,,,,9.43996711778888e-05,2.793683898093503,122.7769233819667,,499.86821259624867,0.9997364251924974,,6.214477145304639,0.0021932244467315195,0.010675284190304689,0.021075936031351168,fixed_beta,0,0,4929,e59f94a7c28ecd419d8ca1fe92dd44d1e53b364a17464497afcdfbe7f1a0bedc,three_row_sha256,,123ea5ce324bb82567913e1514a410f2bb582a6d8528a6ea98fbb2b74646f92c,a789b01b17129967eecd25421cde715dc938f6e3b95b30f735ff978f0882361e,0.36982097662985325,0.4425549414008856,0.30058505944907665,0.7746098563075066,0.41308789514005184,0.84116798825562,0.18110591918230057,3.3229326363652945,0.0,182.0713966153562,40.31896707601845,156.2380010727793,False,False,False,ok
BNCI2014_001,ebsw_full_bscale,ebsw,full,bscale,normalized,8,3654,52,51,500,500,2,0.00027992415389195904,0.01673093404122911,,,,9.295186039218856e-05,2.793683898093503,122.7769233819667,,499.86062189172156,0.9997212437834432,,6.214469743334071,0.0021778629629686875,0.010654423425579434,0.02116808137775388,fixed_beta,0,0,4980,381f58e21f18044f0f6fe7ce2d939e617bdd209fa330a7a55525acc92489ced7,three_row_sha256,,123ea5ce324bb82567913e1514a410f2bb582a6d8528a6ea98fbb2b74646f92c,a789b01b17129967eecd25421cde715dc938f6e3b95b30f735ff978f0882361e,0.24336413480341434,0.1972478348761797,0.22181402891874313,0.7911918219178915,0.40274509228765965,2.867830917239189,1.0471988935023546,5.771392723545432,0.0,187.84278933890164,40.31896707601845,156.2380010727793,False,False,False,ok
BNCI2014_001,ebsw_full_bscale,ebsw,full,bscale,normalized,8,3654,53,52,500,500,2,0.0002964060264909891,0.017216446395554138,,,,9.462197191874695e-05,2.793683898093503,122.7769233819667,,499.8558953744595,0.999711790748919,,6.214464921834166,0.0021627519722462263,0.010649214876853802,0.02115785640592218,fixed_beta,0,0,5032,be29b907ca150ac241deffa2ec3b06f7289d15c43e4a3244c6efe7ad0f4499e0,three_row_sha256,,123ea5ce324bb82567913e1514a410f2bb582a6d8528a6ea98fbb2b74646f92c,a789b01b17129967eecd25421cde715dc938f6e3b95b30f735ff978f0882361e,0.41020801290869713,0.3438729327172041,0.31575909815728664,0.8553860243409872,0.4315068945288658,0.7349499501287937,0.3936230204999447,3.4853059332817793,0.0,191.32809527218342,40.31896707601845,156.2380010727793,False,False,False,ok
BNCI2014_001,ebsw_full_bscale,ebsw,full,bscale,normalized,8,3654,54,53,500,500,2,0.00028080264126324923,0.01675716686266653,,,,9.294250092335705e-05,2.793683898093503,122.7769233819667,,499.8688555046461,0.9997377110092922,,6.214477829201443,0.00218256482113041,0.010658523731417398,0.02113542875972439,fixed_beta,0,0,5085,1cd167541c0152be787ef3f7edb8b09f4161aa7e94a9225710f4521f805272dc,three_row_sha256,,123ea5ce324bb82567913e1514a410f2bb582a6d8528a6ea98fbb2b74646f92c,a789b01b17129967eecd25421cde715dc938f6e3b95b30f735ff978f0882361e,0.2137820702046156,0.48871315084397793,0.2882939297705889,0.5990229547023773,0.45842002145946026,0.8058659732341766,0.39965403266251087,3.2537521328777075,0.0,194.58184740506113,40.31896707601845,156.2380010727793,False,False,False,ok
BNCI2014_001,ebsw_full_bscale,ebsw,full,bscale,normalized,8,3654,55,54,500,500,2,0.000282521973394458,0.016808389970323096,,,,9.345338430546366e-05,2.793683898093503,122.7769233819667,,499.8610755053645,0.999722151010729,,6.21447002159183,0.0021218890670421132,0.010581886658257428,0.021107587497716136,fixed_beta,0,0,5139,03679bdbb8528201074647927a1aa705a853762a5dc343f1266aefc33fa075e3,three_row_sha256,,123ea5ce324bb82567913e1514a410f2bb582a6d8528a6ea98fbb2b74646f92c,a789b01b17129967eecd25421cde715dc938f6e3b95b30f735ff978f0882361e,0.41513005271553993,0.34516886807978153,0.3200930077582598,0.6094330456107855,0.3137399908155203,0.6163811776787043,0.3930560778826475,3.013002220541239,0.0,197.59484962560236,40.31896707601845,156.2380010727793,False,False,False,ok
BNCI2014_001,ebsw_full_bscale,ebsw,full,bscale,normalized,8,3654,56,55,500,500,2,0.00027036804924083433,0.016442872292906564,,,,9.042895470974505e-05,2.793683898093503,122.7769233819667,,499.89852953863,0.99979705907726,,6.2145069827401205,0.0021035356439981522,0.010470553150326701,0.020833758331180542,fixed_beta,0,0,5194,3da581989145b2a6f104a2f3ad5763055bf09d7c07cfa1cea6819f74b850f1f2,three_row_sha256,,123ea5ce324bb82567913e1514a410f2bb582a6d8528a6ea98fbb2b74646f92c,a789b01b17129967eecd25421cde715dc938f6e3b95b30f735ff978f0882361e,0.22529694251716137,0.5314948502928019,0.30000507831573486,0.5966487806290388,0.4869629628956318,1.24263484030962,0.42686378583312035,3.809907240793109,0.0,201.40475686639547,40.31896707601845,156.2380010727793,False,False,False,ok
BNCI2014_001,ebsw_full_bscale,ebsw,full,bscale,normalized,8,3654,57,56,500,500,2,0.00027689378304963865,0.0166401256921226,,,,9.239059811442256e-05,2.793683898093503,122.7769233819667,,499.88668594375133,0.9997733718875027,,6.214495434267462,0.0021369909027319513,0.010602278187205863,0.021052960026493032,fixed_beta,0,0,5250,b859a12952ef2821fdafb91f36d917548214e65e545680c64ff4db4746b6aef9,three_row_sha256,,123ea5ce324bb82567913e1514a410f2bb582a6d8528a6ea98fbb2b74646f92c,a789b01b17129967eecd25421cde715dc938f6e3b95b30f735ff978f0882361e,0.2157439012080431,0.3969238605350256,0.2914709039032459,0.5701121408492327,0.22012810222804546,1.0700698476284742,0.5313011351972818,3.295749891549349,0.0,204.70050675794482,40.31896707601845,156.2380010727793,False,False,False,ok
BNCI2014_001,ebsw_full_bscale,ebsw,full,bscale,normalized,8,3654,58,57,500,500,2,0.000278368531047429,0.016684379852048112,,,,9.297554759656135e-05,2.793683898093503,122.7769233819667,,499.8746635078742,0.9997493270157484,,6.214483486350664,0.0021804383237311762,0.01058902396766017,0.02102602502789341,fixed_beta,0,0,5307,4629da1c8eaab5434d5a5b4284ca5e903df62990179d336c9012c34cb48c04d3,three_row_sha256,,123ea5ce324bb82567913e1514a410f2bb582a6d8528a6ea98fbb2b74646f92c,a789b01b17129967eecd25421cde715dc938f6e3b95b30f735ff978f0882361e,0.2365389373153448,0.5041859112679958,0.2980490680783987,0.5833620671182871,0.48945099115371704,0.7579519879072905,0.41341804899275303,3.282957011833787,0.0,207.9834637697786,40.31896707601845,156.2380010727793,False,False,False,ok
BNCI2014_001,ebsw_full_bscale,ebsw,full,bscale,normalized,8,3654,59,58,500,500,2,0.0002811184930933832,0.016766588594385658,,,,9.365073813043865e-05,2.793683898093503,122.7769233819667,,499.8563756801238,0.9997127513602476,,6.214465584238958,0.0021637186051361745,0.01067438928435865,0.02119887102783726,fixed_beta,0,0,5365,3684870412ea67b6267053d0f29fef70bae2fd01b1b35faffd9f4717235b7541,three_row_sha256,,123ea5ce324bb82567913e1514a410f2bb582a6d8528a6ea98fbb2b74646f92c,a789b01b17129967eecd25421cde715dc938f6e3b95b30f735ff978f0882361e,0.3952321130782366,0.30524306930601597,0.21433108486235142,0.7574530318379402,3.3082389272749424,0.8742429781705141,1.638796180486679,7.49353738501668,0.0,215.4770011547953,40.31896707601845,156.2380010727793,False,False,False,ok
BNCI2014_001,ebsw_full_bscale,ebsw,full,bscale,normalized,8,3654,60,59,500,500,2,0.00027634856575290236,0.016623735012111517,,,,9.17705134135319e-05,2.793683898093503,122.7769233819667,,499.8817439234505,0.999763487846901,,6.214490476580021,0.002125511772351471,0.010558097242061781,0.02102268774573128,fixed_beta,0,0,5424,eed6f51b93ccb8424573b8f8f5956f9cff6edbbe09e08657dc1291cc31355ff6,three_row_sha256,,123ea5ce324bb82567913e1514a410f2bb582a6d8528a6ea98fbb2b74646f92c,a789b01b17129967eecd25421cde715dc938f6e3b95b30f735ff978f0882361e,0.23175496608018875,0.34359307028353214,0.31959800980985165,0.6085778586566448,0.3319538664072752,4.065641900524497,0.5244279745966196,6.425547646358609,0.0,221.9025488011539,40.31896707601845,156.2380010727793,False,False,False,ok
BNCI2014_001,ebsw_full_bscale,ebsw,full,bscale,normalized,8,3654,61,60,500,500,2,0.0002735081799082403,0.016538082715606434,,,,9.156725657920118e-05,2.793683898093503,122.7769233819667,,499.88693147529756,0.9997738629505951,,6.214495632182802,0.002122388426157018,0.010536862623179223,0.020976243821625544,fixed_beta,0,0,5484,7627e2101ae43f9c384da33c0d68b4468bd06b1dcb39a340e1785096cd70f193,three_row_sha256,,123ea5ce324bb82567913e1514a410f2bb582a6d8528a6ea98fbb2b74646f92c,a789b01b17129967eecd25421cde715dc938f6e3b95b30f735ff978f0882361e,0.22363709285855293,0.3916400019079447,0.2963840961456299,0.6686870474368334,1.7357610631734133,1.0585051495581865,0.42555504478514194,4.800169495865703,0.0,226.7027182970196,40.31896707601845,156.2380010727793,False,False,False,ok
BNCI2014_001,ebsw_full_bscale,ebsw,full,bscale,normalized,8,3654,62,61,500,500,2,0.00028815968492620073,0.01697526685876251,,,,9.358863918195672e-05,2.793683898093503,122.7769233819667,,499.87314355665484,0.9997462871133097,,6.21448186538745,0.0021254235291036953,0.010564933623505378,0.021012553059787033,fixed_beta,0,0,5545,42ada7f175988cacdd0cd04d0eca78fbb4da54375041fbda7ad7081a9d0ab3f6,three_row_sha256,,123ea5ce324bb82567913e1514a410f2bb582a6d8528a6ea98fbb2b74646f92c,a789b01b17129967eecd25421cde715dc938f6e3b95b30f735ff978f0882361e,0.2495709341019392,0.3379499539732933,0.2999620046466589,0.5983291193842888,0.2719711046665907,0.8919620886445045,0.3785449080169201,3.0282901134341955,0.0,229.7310084104538,40.31896707601845,156.2380010727793,False,False,False,ok
BNCI2014_001,ebsw_full_bscale,ebsw,full,bscale,normalized,8,3654,63,62,500,500,2,0.0002775099779137242,0.01665863073345838,,,,9.224949848179082e-05,2.793683898093503,122.7769233819667,,499.8664797062901,0.9997329594125802,,6.214475537583921,0.002165654218703243,0.010669738304047676,0.021157619818904978,fixed_beta,0,0,5607,e9c6bd74660fd5eb70975e56824ee85789822b2f4a2eefe3fa7e22d556f04c0d,three_row_sha256,,123ea5ce324bb82567913e1514a410f2bb582a6d8528a6ea98fbb2b74646f92c,a789b01b17129967eecd25421cde715dc938f6e3b95b30f735ff978f0882361e,0.216715969145298,0.38525182753801346,0.2939028199762106,0.7103150710463524,0.3194028977304697,0.7529659196734428,0.43132109567523,3.109875600785017,0.0,232.8408840112388,40.31896707601845,156.2380010727793,False,False,False,ok
BNCI2014_001,ebsw_full_bscale,ebsw,full,bscale,normalized,8,3654,64,63,500,500,2,0.0002812893969772716,0.016771684381041506,,,,9.281744505676942e-05,2.793683898093503,122.7769233819667,,499.8827695008432,0.9997655390016864,,6.214491619776998,0.0021696852825969543,0.010640132293027755,0.021082415611132603,fixed_beta,0,0,5670,b5b83abb32b15b6eaacbd5bba7d6eca42207acb3fd0018c1686cd91956e59c3f,three_row_sha256,,123ea5ce324bb82567913e1514a410f2bb582a6d8528a6ea98fbb2b74646f92c,a789b01b17129967eecd25421cde715dc938f6e3b95b30f735ff978f0882361e,0.26215100660920143,0.35213702358305454,0.29365299269557,0.6229199934750795,0.28259516693651676,0.9048529900610447,0.4201820120215416,3.1384911853820086,0.0,235.97937519662082,40.31896707601845,156.2380010727793,False,False,False,ok
BNCI2014_001,ebsw_full_bscale,ebsw,full,bscale,normalized,8,3654,65,64,500,500,2,0.00027438639403332886,0.016564612703994286,,,,9.201064062541881e-05,2.793683898093503,122.7769233819667,,499.8852093189725,0.999770418637945,,6.214493962305237,0.0021373368063035427,0.010621855125131283,0.021065348673663966,fixed_beta,0,0,5734,82913aa617703b6ecad5d2ce2ef5bcee0c5a3857d044ac41291287e7e3492ebb,three_row_sha256,,123ea5ce324bb82567913e1514a410f2bb582a6d8528a6ea98fbb2b74646f92c,a789b01b17129967eecd25421cde715dc938f6e3b95b30f735ff978f0882361e,0.3689040895551443,0.19483990035951138,0.31052599661052227,0.5842470563948154,0.5919819232076406,1.2667039409279823,0.3920639865100384,3.7092668935656548,0.0,239.68864209018648,40.31896707601845,156.2380010727793,False,False,False,ok
BNCI2014_001,ebsw_full_bscale,ebsw,full,bscale,normalized,8,3654,66,65,500,500,2,0.0002765254048511408,0.016629053035309642,,,,9.219596239868804e-05,2.793683898093503,122.7769233819667,,499.8672288750058,0.9997344577500117,,6.214476495287038,0.002209290438642827,0.010766198490854298,0.021275855590304635,fixed_beta,0,0,5799,0f770bee5ca3de74d8d391c54960dd44be47f04087b622573ad74a006a0e4980,three_row_sha256,,123ea5ce324bb82567913e1514a410f2bb582a6d8528a6ea98fbb2b74646f92c,a789b01b17129967eecd25421cde715dc938f6e3b95b30f735ff978f0882361e,0.2599828876554966,0.32634916715323925,0.2928429748862982,0.5395039916038513,0.29967515729367733,1.074142986908555,0.4812211263924837,3.2737182918936014,0.0,242.96236038208008,40.31896707601845,156.2380010727793,False,False,False,ok
BNCI2014_001,ebsw_full_bscale,ebsw,full,bscale,normalized,8,3654,67,66,500,500,2,0.0002718634172524702,0.01648828120977048,,,,9.121011990796434e-05,2.793683898093503,122.7769233819667,,499.86942328891195,0.9997388465778239,,6.214478478501419,0.0021488278806829756,0.010687213383284013,0.021167904100682,fixed_beta,0,0,5865,30fb3c4d234cba303a7a0cacabad5c086dec3f6e8ec81b6a8f4462c73b6d04bd,three_row_sha256,,123ea5ce324bb82567913e1514a410f2bb582a6d8528a6ea98fbb2b74646f92c,a789b01b17129967eecd25421cde715dc938f6e3b95b30f735ff978f0882361e,0.2158679999411106,0.19409204833209515,0.21668500266969204,0.5801101215183735,0.25676400400698185,0.8096711244434118,0.4080450162291527,2.6812353171408176,0.0,245.6435956992209,40.31896707601845,156.2380010727793,False,False,False,ok
BNCI2014_001,ebsw_full_bscale,ebsw,full,bscale,normalized,8,3654,68,67,500,500,2,0.00026957854146500627,0.01641884714177601,,,,9.093773811820995e-05,2.7936838980935033,122.7769233819667,,499.8788960538065,0.9997577921076131,,6.214487863370643,0.0021810359305317367,0.010662276422350393,0.021161200237179798,fixed_beta,0,0,5932,09527f2f3b0213caad0ccb6250b3a620cc2169d193928ef2afbb0162f03409ed,three_row_sha256,,123ea5ce324bb82567913e1514a410f2bb582a6d8528a6ea98fbb2b74646f92c,a789b01b17129967eecd25421cde715dc938f6e3b95b30f735ff978f0882361e,0.19538984633982182,0.3511311952024698,0.3282481338828802,0.6126221269369125,0.25392696261405945,0.9202139917761087,0.517403008416295,3.1789352651685476,0.0,248.82253096438944,40.31896707601845,156.2380010727793,False,False,False,ok
BNCI2014_001,ebsw_full_bscale,ebsw,full,bscale,normalized,8,3654,69,68,500,500,2,0.00028085513566670383,0.016758733116399457,,,,9.295869757522714e-05,2.793683898093503,122.7769233819667,,499.8786071839844,0.9997572143679688,,6.214487375574571,0.0021320913567595234,0.010573238831049384,0.02105160849293387,fixed_beta,0,0,6000,811dcf7b77d55ed08a6bb8501d64eb4e85799d0aee3f0bb0bf4fb058718af257,three_row_sha256,,123ea5ce324bb82567913e1514a410f2bb582a6d8528a6ea98fbb2b74646f92c,a789b01b17129967eecd25421cde715dc938f6e3b95b30f735ff978f0882361e,0.22234395146369934,0.38371793925762177,0.309778843075037,0.7263361476361752,1.643334049731493,1.1611199006438255,0.37982105277478695,4.826451884582639,0.0,253.64898284897208,40.31896707601845,156.2380010727793,False,False,False,ok
BNCI2014_001,ebsw_full_bscale,ebsw,full,bscale,normalized,8,3654,70,69,500,500,2,0.00027093679234188107,0.016460157725303882,,,,9.110671949194963e-05,2.793683898093503,122.7769233819667,,499.8747487205352,0.9997494974410704,,6.214483752669183,0.002150552544492364,0.010660208451898169,0.02117469101046477,fixed_beta,0,0,6069,4727a61ba52e493faeddd0750d946a915f6a5fa5c2550b73fca7aaf71eeee889,three_row_sha256,,123ea5ce324bb82567913e1514a410f2bb582a6d8528a6ea98fbb2b74646f92c,a789b01b17129967eecd25421cde715dc938f6e3b95b30f735ff978f0882361e,0.3018910065293312,0.3238939680159092,0.29105390422046185,0.5459210369735956,0.47370302490890026,0.9069240186363459,0.5504561122506857,3.3938430715352297,0.0,257.0428259205073,40.31896707601845,156.2380010727793,False,False,False,ok
BNCI2014_001,ebsw_full_bscale,ebsw,full,bscale,normalized,8,3654,71,70,500,500,2,0.0002713220255986436,0.016471855560277464,,,,9.140058376784316e-05,2.793683898093503,122.7769233819667,,499.87085613647525,0.9997417122729505,,6.2144797879428495,0.002133487309904762,0.010592666216677381,0.02109779588443973,fixed_beta,0,0,6139,129dfe47012e01b4701f344d0db99098b054ba73f7136222b9575574ba784146,three_row_sha256,,123ea5ce324bb82567913e1514a410f2bb582a6d8528a6ea98fbb2b74646f92c,a789b01b17129967eecd25421cde715dc938f6e3b95b30f735ff978f0882361e,1.5148548409342766,0.1988669391721487,0.2512289211153984,0.7370028179138899,0.292621785774827,0.9314441122114658,0.3707669675350189,4.296786384657025,0.0,261.33961230516434,40.31896707601845,156.2380010727793,False,False,False,ok
BNCI2014_001,ebsw_full_bscale,ebsw,full,bscale,normalized,8,3654,72,71,500,500,2,0.0002678711181282439,0.016366768713715115,,,,9.02931720600865e-05,2.793683898093503,122.7769233819667,,499.8983433317663,0.9997966866635326,,6.214506886220157,0.0021209021163597777,0.010530559510241119,0.02094235379072932,fixed_beta,0,0,6210,a2eebf7930ff7aad6a9ed88bd09d46594ed10e48d9bfc19c0c934dccb5abaebd,three_row_sha256,,123ea5ce324bb82567913e1514a410f2bb582a6d8528a6ea98fbb2b74646f92c,a789b01b17129967eecd25421cde715dc938f6e3b95b30f735ff978f0882361e,0.25676190853118896,0.30692596919834614,0.2909020986407995,0.5392418242990971,0.3182098735123873,0.9008361957967281,0.5197178106755018,3.132595680654049,0.0,264.4722079858184,40.31896707601845,156.2380010727793,False,False,False,ok
BNCI2014_001,ebsw_full_bscale,ebsw,full,bscale,normalized,8,3654,73,72,500,500,2,0.00028595024193822633,0.01691006333335941,,,,9.38694298706506e-05,2.793683898093503,122.7769233819667,,499.87252843766714,0.9997450568753343,,6.214481358193657,0.0021250490847245142,0.010555643642511351,0.021034274552071776,fixed_beta,0,0,6282,bb0d8e2eff0de3127c251aa751bcb38cc396327138482895efd656a8b6578dc5,three_row_sha256,,123ea5ce324bb82567913e1514a410f2bb582a6d8528a6ea98fbb2b74646f92c,a789b01b17129967eecd25421cde715dc938f6e3b95b30f735ff978f0882361e,0.21590199321508408,0.3387180622667074,0.3018667921423912,0.5427759606391191,0.9966699872165918,0.770447077229619,0.4337551072239876,3.6001349799335003,0.0,268.0723429657519,40.31896707601845,156.2380010727793,False,False,False,ok
BNCI2014_001,ebsw_full_bscale,ebsw,full,bscale,normalized,8,3654,74,73,500,500,2,0.00027172220471544974,0.0164839984444142,,,,9.115544334043026e-05,2.793683898093503,122.7769233819667,,499.87432345839125,0.9997486469167826,,6.2144833986850125,0.002203274781324953,0.010687062789396934,0.021155534775460484,fixed_beta,0,0,6355,6ac238395583e1dbfa2867de01c8662408b827bbfc00b59797cda895739760bf,three_row_sha256,,123ea5ce324bb82567913e1514a410f2bb582a6d8528a6ea98fbb2b74646f92c,a789b01b17129967eecd25421cde715dc938f6e3b95b30f735ff978f0882361e,0.2513178624212742,0.3776869270950556,0.29461784288287163,0.7389241363853216,0.48308796249330044,0.8959250990301371,1.7979308031499386,4.839490633457899,0.0,272.9118335992098,40.31896707601845,156.2380010727793,False,False,False,ok
BNCI2014_001,ebsw_full_bscale,ebsw,full,bscale,normalized,8,3654,75,74,500,500,2,0.00027612281166621423,0.016616943511555134,7.153088174246248,0.6964455358879764,30.355446411202355,9.199669404454583e-05,2.793683898093503,122.7769233819667,,499.8814050533807,0.9997628101067615,,6.214490258567073,0.0021851075299036695,0.010599493244233645,0.021033585533933426,fixed_beta,0,0,6429,d378381030399b315007341d09c19a3b3bb17bcc7b59c99ecf9cb170b02e8742,three_row_sha256,,123ea5ce324bb82567913e1514a410f2bb582a6d8528a6ea98fbb2b74646f92c,a789b01b17129967eecd25421cde715dc938f6e3b95b30f735ff978f0882361e,0.21397997625172138,1.0274979285895824,0.35210815258324146,0.8081640116870403,0.44867699034512043,3.8521140813827515,0.3958330489695072,7.098374189808965,13.08861281722784,280.01020778901875,53.40757989324629,156.2380010727793,False,False,False,ok
BNCI2014_001,ebsw_full_bscale,ebsw,full,bscale,normalized,8,3654,76,75,500,500,2,0.00026791260587474765,0.01636803610317217,,,,9.099458586656829e-05,2.793683898093503,122.7769233819667,,499.8930276539085,0.9997860553078171,,6.214501578487484,0.0021208771722037666,0.010521901294351751,0.020922819437077304,fixed_beta,0,0,6504,63c884b7bbd4a1c9c44ea1f73c2c3b97c53eaa4e8719f4c62eada6f422f20135,three_row_sha256,,123ea5ce324bb82567913e1514a410f2bb582a6d8528a6ea98fbb2b74646f92c,a789b01b17129967eecd25421cde715dc938f6e3b95b30f735ff978f0882361e,0.32703299075365067,0.39674597792327404,0.4115249030292034,0.7322588935494423,0.4858579486608505,1.0408309753984213,1.0506489779800177,4.44490066729486,0.0,284.4551084563136,53.40757989324629,156.2380010727793,False,False,False,ok
BNCI2014_001,ebsw_full_bscale,ebsw,full,bscale,normalized,8,3654,77,76,500,500,2,0.0002677944914040235,0.016364427622255033,,,,9.066219625851662e-05,2.793683898093503,122.7769233819667,,499.88825847194084,0.9997765169438817,,6.214496958853018,0.002129085343420785,0.010571584113900787,0.021003583479548588,fixed_beta,0,0,6580,6bb327465e3247f64a79265f9e166c68ee8bddf6ebb280ab5aad7d450d3c06ce,three_row_sha256,,123ea5ce324bb82567913e1514a410f2bb582a6d8528a6ea98fbb2b74646f92c,a789b01b17129967eecd25421cde715dc938f6e3b95b30f735ff978f0882361e,0.4293089732527733,0.33976207487285137,0.32279198057949543,0.8888719603419304,0.2621880266815424,2.1416412200778723,0.5193660035729408,4.903930239379406,0.0,289.359038695693,53.40757989324629,156.2380010727793,False,False,False,ok
BNCI2014_001,ebsw_full_bscale,ebsw,full,bscale,normalized,8,3654,78,77,500,500,2,0.0002804670682437951,0.01674715104857525,,,,9.264459599018956e-05,2.7936838980935033,122.7769233819667,,499.8718364881154,0.9997436729762308,,6.21448086026991,0.002167952715220072,0.010662197965737377,0.021145106584006153,fixed_beta,0,0,6657,6a71d1caf5da3b8278a3bf335f9a7d18168a91bb48f8d5c265e9bee4c2b6fa9e,three_row_sha256,,123ea5ce324bb82567913e1514a410f2bb582a6d8528a6ea98fbb2b74646f92c,a789b01b17129967eecd25421cde715dc938f6e3b95b30f735ff978f0882361e,0.4213100764900446,0.3686991985887289,0.30607799999415874,0.6791120395064354,1.6654881183058023,0.8031968027353287,0.8923329878598452,5.136217223480344,0.0,294.49525591917336,53.40757989324629,156.2380010727793,False,False,False,ok
BNCI2014_001,ebsw_full_bscale,ebsw,full,bscale,normalized,8,3654,79,78,500,500,2,0.0002740083212620333,0.016553196708250444,,,,9.180719355776927e-05,2.793683898093503,122.7769233819667,,499.86856131546165,0.9997371226309233,,6.214477533928534,0.0021449350892572662,0.01064587616887857,0.021156422238191617,fixed_beta,0,0,6735,ed24e53151596239b3b84bd92b817ec644b521d70ecba072d936eab5475dda91,three_row_sha256,,123ea5ce324bb82567913e1514a410f2bb582a6d8528a6ea98fbb2b74646f92c,a789b01b17129967eecd25421cde715dc938f6e3b95b30f735ff978f0882361e,0.21035503596067429,0.1959719229489565,0.22271298803389072,0.7685041055083275,0.24013500660657883,2.8612338937819004,0.3801509737968445,4.879063926637173,0.0,299.37431984581053,53.40757989324629,156.2380010727793,False,False,False,ok
BNCI2014_001,ebsw_full_bscale,ebsw,full,bscale,normalized,8,3654,80,79,500,500,2,0.0002636402687763681,0.016237003072499805,,,,9.009199933918568e-05,2.793683898093503,122.7769233819667,,499.88843885766187,0.9997768777153238,,6.214497367612667,0.002176361944487601,0.010683641404218153,0.021123806698395316,fixed_beta,0,0,6814,8d1281468e7e9034773516e40022975206d13c948f2e13b8fe7648f6db56305e,three_row_sha256,,123ea5ce324bb82567913e1514a410f2bb582a6d8528a6ea98fbb2b74646f92c,a789b01b17129967eecd25421cde715dc938f6e3b95b30f735ff978f0882361e,0.4183640703558922,0.36352011375129223,0.2978099510073662,0.7025860249996185,0.3343280404806137,1.2822442222386599,0.31389715149998665,3.7127495743334293,0.0,303.08706942014396,53.40757989324629,156.2380010727793,False,False,False,ok
BNCI2014_001,ebsw_full_bscale,ebsw,full,bscale,normalized,8,3654,81,80,500,500,2,0.000273940130755162,0.01655113684177501,,,,9.150249941081338e-05,2.793683898093503,122.7769233819667,,499.88902761901613,0.9997780552380323,,6.2144977348183925,0.0021581911465160335,0.010588438248767358,0.02098962798673311,fixed_beta,0,0,6894,ccecf529bec309412040d45987d1234d336c4d3513065104ecc1ec9733603bc3,three_row_sha256,,123ea5ce324bb82567913e1514a410f2bb582a6d8528a6ea98fbb2b74646f92c,a789b01b17129967eecd25421cde715dc938f6e3b95b30f735ff978f0882361e,0.20885607227683067,0.33974391408264637,0.2992951776832342,1.169747207313776,0.2262128982692957,0.5545311141759157,0.3947869408875704,3.193173324689269,0.0,306.28024274483323,53.40757989324629,156.2380010727793,False,False,False,ok
BNCI2014_001,ebsw_full_bscale,ebsw,full,bscale,normalized,8,3654,82,81,500,500,2,0.00026272615172007175,0.01620882943707138,,,,8.997889032982074e-05,2.793683898093503,122.7769233819667,,499.8824657581157,0.9997649315162315,,6.214491367295155,0.0021969494497157296,0.010624311874270535,0.02105897035667168,fixed_beta,0,0,6975,b8f785a1eee037ba5c457b4a74bea0b38886d719af32260c96b2abcc190335bf,three_row_sha256,,123ea5ce324bb82567913e1514a410f2bb582a6d8528a6ea98fbb2b74646f92c,a789b01b17129967eecd25421cde715dc938f6e3b95b30f735ff978f0882361e,0.2516030799597502,0.32543111592531204,0.28658797964453697,0.5879760719835758,0.3157739993184805,1.1859419755637646,0.3801060374826193,3.3334202598780394,0.0,309.61366300471127,53.40757989324629,156.2380010727793,False,False,False,ok
BNCI2014_001,ebsw_full_bscale,ebsw,full,bscale,normalized,8,3654,83,82,500,500,2,0.00026747987351081055,0.016354811937494437,,,,9.023798278986714e-05,2.793683898093503,122.7769233819667,,499.8789516827563,0.9997579033655126,,6.214488219206006,0.0022494335937935975,0.010727921206181226,0.02114074681090194,fixed_beta,0,0,7057,51619187d01bbd2d0124fb9d8ac0e77dd58100d2c4fbe9a8eb93b6f9999f0884,three_row_sha256,,123ea5ce324bb82567913e1514a410f2bb582a6d8528a6ea98fbb2b74646f92c,a789b01b17129967eecd25421cde715dc938f6e3b95b30f735ff978f0882361e,0.39490289054811,0.4626130685210228,0.30442001298069954,1.190548064187169,0.42156013660132885,1.2805131264030933,0.2798042260110378,4.334361525252461,0.0,313.94802452996373,53.40757989324629,156.2380010727793,False,False,False,ok
BNCI2014_001,ebsw_full_bscale,ebsw,full,bscale,normalized,8,3654,84,83,500,500,2,0.0002641492686114799,0.016252669584147703,,,,8.956433799905696e-05,2.793683898093503,122.7769233819667,,499.88353223317444,0.9997670644663489,,6.214492288339363,0.002141794433541812,0.010614547464593576,0.021045438071094012,fixed_beta,0,0,7140,3cd12e5605111c0bea7e996c4611c1722fc8f9a0611d1566d2f28dea3caa3eea,three_row_sha256,,123ea5ce324bb82567913e1514a410f2bb582a6d8528a6ea98fbb2b74646f92c,a789b01b17129967eecd25421cde715dc938f6e3b95b30f735ff978f0882361e,0.23987097665667534,0.34459400922060013,0.3325978759676218,0.6077198777347803,0.3228248097002506,0.6940520834177732,0.37877680733799934,2.920436440035701,0.0,316.86846096999943,53.40757989324629,156.2380010727793,False,False,False,ok
BNCI2014_001,ebsw_full_bscale,ebsw,full,bscale,normalized,8,3654,85,84,500,500,2,0.0002669997346887482,0.01634012651997371,,,,9.013350644235549e-05,2.793683898093503,122.7769233819667,,499.8996304479508,0.9997992608959017,,6.214508139370098,0.0020972898467384047,0.010462630551820354,0.020848058270443663,fixed_beta,0,0,7224,fd20ae587d8907dbc6c4aeb4ac5ff13467520a8e1c498e2403724c45f8ccccb2,three_row_sha256,,123ea5ce324bb82567913e1514a410f2bb582a6d8528a6ea98fbb2b74646f92c,a789b01b17129967eecd25421cde715dc938f6e3b95b30f735ff978f0882361e,0.343850115314126,0.48706214874982834,0.3027541097253561,0.8746308740228415,0.32698502764105797,0.7605939172208309,1.7515788786113262,4.847455071285367,0.0,321.7159160412848,53.40757989324629,156.2380010727793,False,False,False,ok
BNCI2014_001,ebsw_full_bscale,ebsw,full,bscale,normalized,8,3654,86,85,500,500,2,0.000268894187035505,0.0163979933844207,,,,9.061735018342363e-05,2.793683898093503,122.7769233819667,,499.88257973839245,0.9997651594767849,,6.2144915215916345,0.002203160122777846,0.010643385140044037,0.021086339878124347,fixed_beta,0,0,7309,fd7b1404961f200c6cf42843e96118b631545e5bd207d3a32703466f0e813139,three_row_sha256,,123ea5ce324bb82567913e1514a410f2bb582a6d8528a6ea98fbb2b74646f92c,a789b01b17129967eecd25421cde715dc938f6e3b95b30f735ff978f0882361e,0.44329999946057796,0.39654201827943325,0.30213315039873123,0.6203239317983389,0.32479711808264256,1.0389022063463926,0.5555772222578526,3.681575646623969,0.0,325.39749168790877,53.40757989324629,156.2380010727793,False,False,False,ok
BNCI2014_001,ebsw_full_bscale,ebsw,full,bscale,normalized,8,3654,87,86,500,500,2,0.00026461810037638396,0.016267086413257414,,,,9.058309690673471e-05,2.793683898093503,122.7769233819667,,499.8934113274968,0.9997868226549935,,6.21450221450459,0.0021748086114206596,0.010633497856516133,0.02105397188389222,fixed_beta,0,0,7395,cd4d76777a70a095c5827b16c25cab98c398a7365aadd5d12b22a2c70d505d68,three_row_sha256,,123ea5ce324bb82567913e1514a410f2bb582a6d8528a6ea98fbb2b74646f92c,a789b01b17129967eecd25421cde715dc938f6e3b95b30f735ff978f0882361e,0.2155778929591179,0.3644670359790325,0.4213610664010048,0.6964888889342546,0.34699984826147556,3.6415450740605593,0.19030109979212284,5.8767409063875675,0.0,331.27423259429634,53.40757989324629,156.2380010727793,False,False,False,ok
BNCI2014_001,ebsw_full_bscale,ebsw,full,bscale,normalized,8,3654,88,87,500,500,2,0.00025950169758462026,0.016109056384053667,,,,8.912253338173099e-05,2.793683898093503,122.7769233819667,,499.87459068721716,0.9997491813744344,,6.214483966350204,0.002222641062526084,0.010810621880572673,0.021256117107854747,fixed_beta,0,0,7482,55f2082bb23cbb653128584d6f184bdeb52f0e56e142dbc514cc8df38bcaf540,three_row_sha256,,123ea5ce324bb82567913e1514a410f2bb582a6d8528a6ea98fbb2b74646f92c,a789b01b17129967eecd25421cde715dc938f6e3b95b30f735ff978f0882361e,0.22421707399189472,0.1961621455848217,0.219603069126606,0.7047050166875124,0.29277498833835125,1.3832899276167154,0.3759958781301975,3.396748099476099,0.0,334.67098069377244,53.40757989324629,156.2380010727793,False,False,False,ok
BNCI2014_001,ebsw_full_bscale,ebsw,full,bscale,normalized,8,3654,89,88,500,500,2,0.00027274532126816243,0.01651500291456718,,,,9.134458351232242e-05,2.793683898093503,122.7769233819667,,499.8840979057033,0.9997681958114066,,6.214492812380733,0.002144079066462999,0.0105834178710745,0.021039285926681042,fixed_beta,0,0,7570,1a33965957204a06553bf143f19eecc9282c34a6842b3e9ff1cd0c99601fa8f9,three_row_sha256,,123ea5ce324bb82567913e1514a410f2bb582a6d8528a6ea98fbb2b74646f92c,a789b01b17129967eecd25421cde715dc938f6e3b95b30f735ff978f0882361e,0.27310498990118504,0.3707979340106249,0.29486394487321377,0.6668821442872286,2.3373919539153576,0.5769031122326851,0.17090910114347935,4.690853180363774,0.0,339.3618338741362,53.40757989324629,156.2380010727793,False,False,False,ok
BNCI2014_001,ebsw_full_bscale,ebsw,full,bscale,normalized,8,3654,90,89,500,500,2,0.0002603546971748246,0.01613551044047955,,,,8.936216157944571e-05,2.793683898093503,122.7769233819667,,499.89962795886936,0.9997992559177388,,6.214508176396658,0.0021136768693358707,0.010495637404064954,0.020904316683961165,fixed_beta,0,0,7659,9c7c0fd345a7cefccaf70cd4fc7369dcbb9f8252cb862e45671fb244c03e0021,three_row_sha256,,123ea5ce324bb82567913e1514a410f2bb582a6d8528a6ea98fbb2b74646f92c,a789b01b17129967eecd25421cde715dc938f6e3b95b30f735ff978f0882361e,0.20582112483680248,0.4963260143995285,0.2959170378744602,0.5950690247118473,0.44809887185692787,2.121133031323552,0.17362600192427635,4.335991106927395,0.0,343.6978249810636,53.40757989324629,156.2380010727793,False,False,False,ok
BNCI2014_001,ebsw_full_bscale,ebsw,full,bscale,normalized,8,3654,91,90,500,500,2,0.0002650996688537461,0.016281881612815702,,,,8.985058692857862e-05,2.793683898093503,122.7769233819667,,499.89749909792084,0.9997949981958417,,6.214506190691015,0.0021453823371542537,0.01059918898013402,0.021019857911438403,fixed_beta,0,0,7749,ba3e511c6237c3d1209bc5dff48057fbef8f2b35f3e8326a2950c25bdb27736b,three_row_sha256,,123ea5ce324bb82567913e1514a410f2bb582a6d8528a6ea98fbb2b74646f92c,a789b01b17129967eecd25421cde715dc938f6e3b95b30f735ff978f0882361e,0.2177839633077383,0.3833610098809004,0.2899598330259323,0.817097956314683,0.45301509089767933,0.5716958548873663,0.36902795545756817,3.1019416637718678,0.0,346.7997666448355,53.40757989324629,156.2380010727793,False,False,False,ok
BNCI2014_001,ebsw_full_bscale,ebsw,full,bscale,normalized,8,3654,92,91,500,500,2,0.00026337615187080267,0.016228867855485257,,,,8.956548297716307e-05,2.793683898093503,122.7769233819667,,499.8762365343603,0.9997524730687206,,6.214485239838894,0.002162344446347596,0.010683481580332372,0.021181473995572207,fixed_beta,0,0,7840,8e0b93bfe9e84705ec7b0d9d7f1f8390ebea559835ee91dc21de933c20fed703,three_row_sha256,,123ea5ce324bb82567913e1514a410f2bb582a6d8528a6ea98fbb2b74646f92c,a789b01b17129967eecd25421cde715dc938f6e3b95b30f735ff978f0882361e,0.2181499730795622,0.4050671122968197,0.4018121398985386,0.5782980006188154,3.1345810275524855,3.825840074568987,0.39061298593878746,8.954361313953996,0.0,355.75412795878947,53.40757989324629,156.2380010727793,False,False,False,ok
BNCI2014_001,ebsw_full_bscale,ebsw,full,bscale,normalized,8,3654,93,92,500,500,2,0.0002663598523692959,0.01632053468392797,,,,9.022390761727198e-05,2.793683898093503,122.7769233819667,,499.88804691348747,0.999776093826975,,6.214496858755229,0.0021367578268394953,0.010613951025352661,0.02104936569802565,fixed_beta,0,0,7932,d878f0e0d723221a6457c38f85979d122561260683774b29d9a78387f4cba34e,three_row_sha256,,123ea5ce324bb82567913e1514a410f2bb582a6d8528a6ea98fbb2b74646f92c,a789b01b17129967eecd25421cde715dc938f6e3b95b30f735ff978f0882361e,0.37110899575054646,0.3324989229440689,0.3129660617560148,1.1016661301255226,0.4691809881478548,0.5795769393444061,0.18875906243920326,3.355757100507617,0.0,359.1098850592971,53.40757989324629,156.2380010727793,False,False,False,ok
BNCI2014_001,ebsw_full_bscale,ebsw,full,bscale,normalized,8,3654,94,93,500,500,2,0.00026587647632505434,0.016305719129343983,,,,9.029318604963488e-05,2.7936838980935024,122.7769233819667,,499.8960689669664,0.9997921379339328,,6.214504694237788,0.0021322314819032726,0.01057449022353581,0.02100073577458125,fixed_beta,0,0,8025,1093ca7cd01bd19676d547d7d788a8463490a2857630bb21ea578ade2392c2fe,three_row_sha256,,123ea5ce324bb82567913e1514a410f2bb582a6d8528a6ea98fbb2b74646f92c,a789b01b17129967eecd25421cde715dc938f6e3b95b30f735ff978f0882361e,0.21563400514423847,0.207412987947464,0.2153709065169096,0.5941269919276237,0.4269271157681942,1.9267720635980368,0.17158500850200653,3.7578290794044733,0.0,362.86771413870156,53.40757989324629,156.2380010727793,False,False,False,ok
BNCI2014_001,ebsw_full_bscale,ebsw,full,bscale,normalized,8,3654,95,94,500,500,2,0.00026591231655537115,0.01630681810027239,,,,9.020810722409575e-05,2.7936838980935033,122.7769233819667,,499.8897565779489,0.9997795131558979,,6.214498479939834,0.00217199051286816,0.010598602317401258,0.020985552164085326,fixed_beta,0,0,8119,fba23366ad654e10cb508f438e966d991d63488db7098b430c4d62f69df6a284,three_row_sha256,,123ea5ce324bb82567913e1514a410f2bb582a6d8528a6ea98fbb2b74646f92c,a789b01b17129967eecd25421cde715dc938f6e3b95b30f735ff978f0882361e,0.8218109142035246,0.33899489790201187,0.2938720863312483,0.8532709907740355,0.4850358236581087,0.7570271845906973,0.36897510290145874,3.918987000361085,0.0,366.78670113906264,53.40757989324629,156.2380010727793,False,False,False,ok
BNCI2014_001,ebsw_full_bscale,ebsw,full,bscale,normalized,8,3654,96,95,500,500,2,0.0002583145262320089,0.016072166196005096,,,,8.945323105285109e-05,2.793683898093503,122.7769233819667,,499.8844329515505,0.999768865903101,,6.214493355741594,0.002164953581452586,0.010671485918909865,0.021144656861703637,fixed_beta,0,0,8214,354e53b8257fd799a8b00e3ebc51283e047a2a24d8d7732ea9fc05308f26adf1,three_row_sha256,,123ea5ce324bb82567913e1514a410f2bb582a6d8528a6ea98fbb2b74646f92c,a789b01b17129967eecd25421cde715dc938f6e3b95b30f735ff978f0882361e,0.3970279358327389,0.46054692938923836,0.3066828940063715,0.6143380887806416,0.4415859002619982,4.048820119351149,0.3716610372066498,6.640662904828787,0.0,373.42736404389143,53.40757989324629,156.2380010727793,False,False,False,ok
BNCI2014_001,ebsw_full_bscale,ebsw,full,bscale,normalized,8,3654,97,96,500,500,2,0.0002720582046031587,0.016494186994306773,,,,9.072324387521044e-05,2.793683898093503,122.7769233819667,,499.87570356724206,0.9997514071344842,,6.214484875142482,0.0021917786562578377,0.010746637193879222,0.02119580289927529,fixed_beta,0,0,8310,6aa752ba381d5edaacfdc2b3ac62a7ad657c87951c14810e340805a5a0900d52,three_row_sha256,,123ea5ce324bb82567913e1514a410f2bb582a6d8528a6ea98fbb2b74646f92c,a789b01b17129967eecd25421cde715dc938f6e3b95b30f735ff978f0882361e,0.368619104847312,0.32234215177595615,0.31525082886219025,1.0923680383712053,0.4566628485918045,0.5944399163126945,0.25868299417197704,3.40836588293314,0.0,376.83572992682457,53.40757989324629,156.2380010727793,False,False,False,ok
BNCI2014_001,ebsw_full_bscale,ebsw,full,bscale,normalized,8,3654,98,97,500,500,2,0.0002606330412156753,0.016144133337397684,,,,8.899457220866383e-05,2.793683898093503,122.7769233819667,,499.8760381206879,0.9997520762413759,,6.214485441785397,0.002263578375436602,0.010751740594437082,0.021224623790975672,fixed_beta,0,0,8407,2f072dafcf10e49a27264e8e74b1fa1e8774719706d3432800c332b11a0dce20,three_row_sha256,,123ea5ce324bb82567913e1514a410f2bb582a6d8528a6ea98fbb2b74646f92c,a789b01b17129967eecd25421cde715dc938f6e3b95b30f735ff978f0882361e,0.31359586864709854,0.34358096309006214,0.2265328075736761,0.6493278779089451,0.30875601805746555,0.9426609613001347,0.4081469960510731,3.192601492628455,0.0,380.028331419453,53.40757989324629,156.2380010727793,False,False,False,ok
BNCI2014_001,ebsw_full_bscale,ebsw,full,bscale,normalized,8,3654,99,98,500,500,2,0.0002536111395090823,0.015925173139061385,,,,8.766491955523309e-05,2.7936838980935033,122.7769233819667,,499.9071196305749,0.9998142392611499,,6.214515592824217,0.0021146986027304046,0.010466813244413868,0.020850825677108973,fixed_beta,0,0,8505,416f060ef588923de43d77166e9c0dead620d71d3655534a1fb51f5f1a93dd8b,three_row_sha256,,123ea5ce324bb82567913e1514a410f2bb582a6d8528a6ea98fbb2b74646f92c,a789b01b17129967eecd25421cde715dc938f6e3b95b30f735ff978f0882361e,0.3195109311491251,0.19626901485025883,0.2135119866579771,0.6257810164242983,0.9521250613033772,3.3209521789103746,0.514244893565774,6.142395082861185,0.0,386.1707265023142,53.40757989324629,156.2380010727793,False,False,False,ok
BNCI2014_001,ebsw_full_bscale,ebsw,full,bscale,normalized,8,3654,100,99,500,500,2,0.0002752986299583447,0.016592125540699863,7.085382844083897,0.6898535473931108,31.014645260688923,9.201731783763023e-05,2.7936838980935024,122.7769233819667,,499.87986746857507,0.9997597349371502,,6.214488807873692,0.0021609744908811677,0.01068635031796138,0.021182287242975217,fixed_beta,0,0,8604,2cb0d48185df961f93b1716fe9978259f2e45e23b6a0b8ab471a8a6b6d07a8fe,three_row_sha256,,123ea5ce324bb82567913e1514a410f2bb582a6d8528a6ea98fbb2b74646f92c,a789b01b17129967eecd25421cde715dc938f6e3b95b30f735ff978f0882361e,0.22934610024094582,0.445361016318202,0.21304399706423283,0.5998769775032997,0.4576258361339569,0.7031839340925217,0.18314202316105366,2.8315798845142126,12.916567968204618,389.0023063868284,66.32414786145091,156.2380010727793,False,False,False,ok
BNCI2014_001,ebsw_full_bscale,ebsw,full,bscale,normalized,8,3654,101,100,500,500,2,0.0002823999643827517,0.016804760170343155,,,,9.32879494558379e-05,2.7936838980935033,122.7769233819667,,499.84957542923746,0.9996991508584749,,6.2144589476776595,0.0021800564605144635,0.010738969872358894,0.021314309855867426,fixed_beta,0,0,8704,f4c4dc29b6eb31643100f764877edc34e3fe7ecf93ca92b978637a1c968f4b4f,three_row_sha256,,123ea5ce324bb82567913e1514a410f2bb582a6d8528a6ea98fbb2b74646f92c,a789b01b17129967eecd25421cde715dc938f6e3b95b30f735ff978f0882361e,0.38019800558686256,0.3491609822958708,0.4001460038125515,0.8890810422599316,0.25702291168272495,1.469576032832265,0.3305210266262293,4.0757060050964355,0.0,393.07801239192486,66.32414786145091,210.678850999102,False,False,False,ok
BNCI2014_001,ebsw_full_bscale,ebsw,full,bscale,normalized,8,3654,102,101,500,500,2,0.0002694743173472031,0.016415672917891703,,,,9.061653368435401e-05,2.793683898093503,122.7769233819667,,499.8749644273107,0.9997499288546214,,6.214483946066471,0.0021809503971891775,0.010648037742001012,0.02114161450215906,fixed_beta,0,0,8805,e9eb3cc58f3a9065adf6ee900738b75854c336852b3d3e9242c0febf4e321cbd,three_row_sha256,,123ea5ce324bb82567913e1514a410f2bb582a6d8528a6ea98fbb2b74646f92c,a789b01b17129967eecd25421cde715dc938f6e3b95b30f735ff978f0882361e,0.3669590223580599,0.31817005947232246,0.31905691139400005,0.9004669263958931,0.4159640520811081,1.5536369755864143,0.48357900232076645,4.357832949608564,0.0,397.4358453415334,66.32414786145091,210.678850999102,False,False,False,ok
BNCI2014_001,ebsw_full_bscale,ebsw,full,bscale,normalized,8,3654,103,102,500,500,2,0.00026356356608708256,0.016234640928800444,,,,9.031255400952784e-05,2.793683898093503,122.7769233819667,,499.8782129537881,0.9997564259075762,,6.21448713458947,0.002175485663359953,0.010633743369289399,0.02107348673397108,fixed_beta,0,0,8907,c308889eca61310c855cb400b9eaa66001dff62382e161b322bc1b3da570b03d,three_row_sha256,,123ea5ce324bb82567913e1514a410f2bb582a6d8528a6ea98fbb2b74646f92c,a789b01b17129967eecd25421cde715dc938f6e3b95b30f735ff978f0882361e,0.3857528790831566,0.33673597499728203,0.3079271409660578,0.7441930938512087,0.38626999594271183,3.66437085904181,0.41402806527912617,6.239278009161353,0.0,403.6751233506948,66.32414786145091,210.678850999102,False,False,False,ok
BNCI2014_001,ebsw_full_bscale,ebsw,full,bscale,normalized,8,3654,104,103,500,500,2,0.0002666547689962425,0.016329567324220275,,,,9.017559534813273e-05,2.793683898093503,122.7769233819667,,499.89003065120977,0.9997800613024196,,6.214498594651444,0.00212088251295181,0.010501922202982227,0.020910387476647557,fixed_beta,0,0,9010,fe744b138985d3ccd57290f2f31c3e8e2510587ec501f96e53217bd70019e84a,three_row_sha256,,123ea5ce324bb82567913e1514a410f2bb582a6d8528a6ea98fbb2b74646f92c,a789b01b17129967eecd25421cde715dc938f6e3b95b30f735ff978f0882361e,0.38329209201037884,0.30291290022432804,0.21786103025078773,0.8193990215659142,0.3317720256745815,3.6414258647710085,0.36764703691005707,6.064309971407056,0.0,409.73943332210183,66.32414786145091,210.678850999102,False,False,False,ok
BNCI2014_001,ebsw_full_bscale,ebsw,full,bscale,normalized,8,3654,105,104,500,500,2,0.0002649693368245129,0.016277878756905423,,,,8.96236716834365e-05,2.793683898093503,122.7769233819667,,499.89665354059144,0.9997933070811829,,6.214505328088929,0.0021535312756346147,0.010585797778161397,0.021026942970429428,fixed_beta,0,0,9114,f9d815cd9e0408118aa17bdb94e2c57dabb4d026169befc4cf70a6638f13e906,three_row_sha256,,123ea5ce324bb82567913e1514a410f2bb582a6d8528a6ea98fbb2b74646f92c,a789b01b17129967eecd25421cde715dc938f6e3b95b30f735ff978f0882361e,0.359273049980402,0.42906380258500576,0.2922140993177891,0.802421011030674,1.5755828935652971,0.5853311158716679,0.3490680828690529,4.392954055219889,0.0,414.1323873773217,66.32414786145091,210.678850999102,False,False,False,ok
BNCI2014_001,ebsw_full_bscale,ebsw,full,bscale,normalized,8,3654,106,105,500,500,2,0.0002614772580940988,0.016170258442402795,,,,8.949415670523109e-05,2.793683898093503,122.7769233819667,,499.8857651377945,0.9997715302755891,,6.214494439056426,0.002113255786755918,0.010501199884802907,0.020947320552430336,fixed_beta,0,0,9219,5aae6ddd98fb8fdb25c9df47ec9d586cf17c3268f95937bc705fc23837f3d711,three_row_sha256,,123ea5ce324bb82567913e1514a410f2bb582a6d8528a6ea98fbb2b74646f92c,a789b01b17129967eecd25421cde715dc938f6e3b95b30f735ff978f0882361e,0.4131679888814688,0.37043984048068523,0.3099089954048395,0.7844769861549139,0.30695111490786076,3.8787140510976315,0.5151031073182821,6.578762084245682,0.0,420.7111494615674,66.32414786145091,210.678850999102,False,False,False,ok
BNCI2014_001,ebsw_full_bscale,ebsw,full,bscale,normalized,8,3654,107,106,500,500,2,0.00026270654275791183,0.016208224540581607,,,,8.901532323724052e-05,2.793683898093503,122.7769233819667,,499.8828093578319,0.9997656187156638,,6.214491745776877,0.002148871835611647,0.010592557990130999,0.021104767283721182,fixed_beta,0,0,9325,3789b1e4187cd2e571b63afc0f35f4a2d6ffd350639e14fad375db9fa766b44b,three_row_sha256,,123ea5ce324bb82567913e1514a410f2bb582a6d8528a6ea98fbb2b74646f92c,a789b01b17129967eecd25421cde715dc938f6e3b95b30f735ff978f0882361e,0.3248928114771843,0.49745594151318073,0.3029590006917715,2.0944250281900167,0.3230348229408264,2.4066311307251453,0.3807609900832176,6.330159725621343,0.0,427.04130918718874,66.32414786145091,210.678850999102,False,False,False,ok
BNCI2014_001,ebsw_full_bscale,ebsw,full,bscale,normalized,8,3654,108,107,500,500,2,0.0002652555714574584,0.016286668519296953,,,,8.985353378897303e-05,2.793683898093503,122.7769233819667,,499.8847227506893,0.9997694455013787,,6.214493445786253,0.002124707720772819,0.010523527583794712,0.020972565372113804,fixed_beta,0,0,9432,c0739185739cddc66cf18cc6d980200889b0e2799809ce7f7ddb90e7642fb6bb,three_row_sha256,,123ea5ce324bb82567913e1514a410f2bb582a6d8528a6ea98fbb2b74646f92c,a789b01b17129967eecd25421cde715dc938f6e3b95b30f735ff978f0882361e,0.39097806438803673,0.36122906021773815,0.3133199643343687,0.8819510694593191,0.4709500353783369,3.6286739632487297,0.459158793091774,6.506260950118303,0.0,433.54757013730705,66.32414786145091,210.678850999102,False,False,False,ok
BNCI2014_001,ebsw_full_bscale,ebsw,full,bscale,normalized,8,3654,109,108,500,500,2,0.00025853689034089505,0.016079082384915348,,,,8.931099172631714e-05,2.7936838980935033,122.7769233819667,,499.88138001973755,0.9997627600394751,,6.2144904380423505,0.0022156396170884833,0.010645655338155573,0.021098920420392703,fixed_beta,0,0,9540,62393d17d0c4ee723bbed86f3d2ff6551056f891ba3971575cd68a44ed660a33,three_row_sha256,,123ea5ce324bb82567913e1514a410f2bb582a6d8528a6ea98fbb2b74646f92c,a789b01b17129967eecd25421cde715dc938f6e3b95b30f735ff978f0882361e,0.3833700902760029,0.320598017424345,0.31085312366485596,1.8983210902661085,0.49881800077855587,3.392595099285245,0.3341939300298691,7.138749351724982,0.0,440.68631948903203,66.32414786145091,210.678850999102,False,False,False,ok
BNCI2014_001,ebsw_full_bscale,ebsw,full,bscale,normalized,8,3654,110,109,500,500,2,0.0002719883849008164,0.016492070364293756,,,,9.079782104603142e-05,2.793683898093503,122.7769233819667,,499.89082502874516,0.9997816500574903,,6.2144994511779785,0.002129069170527292,0.010531366197962912,0.020951240429786105,fixed_beta,0,0,9649,1b0942cf77aaf23da88335d59c27627834716db1609314d1d1e75902afc4dd81,three_row_sha256,,123ea5ce324bb82567913e1514a410f2bb582a6d8528a6ea98fbb2b74646f92c,a789b01b17129967eecd25421cde715dc938f6e3b95b30f735ff978f0882361e,0.26060990057885647,0.3576099406927824,0.2889919560402632,0.5532000213861465,0.4032040014863014,1.6251420602202415,0.4500478971749544,3.938805777579546,0.0,444.6251252666116,66.32414786145091,210.678850999102,False,False,False,ok
BNCI2014_001,ebsw_full_bscale,ebsw,full,bscale,normalized,8,3654,111,110,500,500,2,0.00026511180178675174,0.01628225419856697,,,,8.979079363292532e-05,2.7936838980935033,122.7769233819667,,499.8888804418248,0.9997777608836497,,6.214497633465167,0.0021769013116599316,0.010585858450832913,0.021007363203955156,fixed_beta,0,0,9759,955e5e560b3e8722f6022c2cc3561b2efd4f1f4a93ce7aaffcf0ce170431e1d8,three_row_sha256,,123ea5ce324bb82567913e1514a410f2bb582a6d8528a6ea98fbb2b74646f92c,a789b01b17129967eecd25421cde715dc938f6e3b95b30f735ff978f0882361e,0.3548460081219673,0.23300712928175926,0.23199617862701416,0.8961888961493969,0.46429899521172047,3.3772119786590338,0.3507100045681,5.908259190618992,0.0,450.53338445723057,66.32414786145091,210.678850999102,False,False,False,ok
BNCI2014_001,ebsw_full_bscale,ebsw,full,bscale,normalized,8,3654,112,111,500,500,2,0.00025593944351901313,0.015998107498045297,,,,8.8194143603972e-05,2.793683898093503,122.7769233819667,,499.89881917641384,0.9997976383528276,,6.214507485600171,0.002155703052298253,0.010597377973142549,0.020990379888454418,fixed_beta,0,0,9870,d97dc462416b634d48fa19a8d92cfec3090970e19d46948fc92219849c19e794,three_row_sha256,,123ea5ce324bb82567913e1514a410f2bb582a6d8528a6ea98fbb2b74646f92c,a789b01b17129967eecd25421cde715dc938f6e3b95b30f735ff978f0882361e,0.4207680467516184,0.3662568051367998,0.30714296735823154,0.8767680265009403,0.4206469748169184,1.583336852490902,0.3751451149582863,4.350064788013697,0.0,454.88344924524426,66.32414786145091,210.678850999102,False,False,False,ok
BNCI2014_001,ebsw_full_bscale,ebsw,full,bscale,normalized,8,3654,113,112,500,500,2,0.0002696963571294055,0.01642243456767009,,,,9.079246442851597e-05,2.793683898093503,122.7769233819667,,499.88151702703686,0.9997630340540737,,6.214490495583959,0.0021519987491580876,0.010652337062791829,0.021175068187754068,fixed_beta,0,0,9982,21db8fe3500cd10bcd52fcab41d28951962eeeea30921fb81ce8123dbadfdaa9,three_row_sha256,,123ea5ce324bb82567913e1514a410f2bb582a6d8528a6ea98fbb2b74646f92c,a789b01b17129967eecd25421cde715dc938f6e3b95b30f735ff978f0882361e,0.3705560229718685,0.32138312235474586,0.2890301402658224,0.8713318966329098,0.2539949491620064,0.7255971431732178,1.680418848991394,4.512312123551965,0.0,459.39576136879623,66.32414786145091,210.678850999102,False,False,False,ok
BNCI2014_001,ebsw_full_bscale,ebsw,full,bscale,normalized,8,3654,114,113,500,500,2,0.00026210394561415953,0.016189624628574917,,,,8.871596236002912e-05,2.793683898093503,122.7769233819667,,499.8991459242478,0.9997982918484957,,6.2145076981967735,0.0021224852901364916,0.010517794709019096,0.020925006117705307,fixed_beta,0,0,10095,aa3853789cff692cdb8282197a87e0c4289fa86fd3307a8b35c738054d19ea8d,three_row_sha256,,123ea5ce324bb82567913e1514a410f2bb582a6d8528a6ea98fbb2b74646f92c,a789b01b17129967eecd25421cde715dc938f6e3b95b30f735ff978f0882361e,0.44372514821588993,0.9480810258537531,0.30891899950802326,0.9052869863808155,0.44702086597681046,0.741543946787715,0.4161219112575054,4.210698883980513,0.0,463.60646025277674,66.32414786145091,210.678850999102,False,False,False,ok
BNCI2014_001,ebsw_full_bscale,ebsw,full,bscale,normalized,8,3654,115,114,500,500,2,0.00025837039684695705,0.016073904219167073,,,,8.861231274312588e-05,2.793683898093503,122.7769233819667,,499.9026717609458,0.9998053435218917,,6.214511213780223,0.0021373128454247182,0.010521306920051394,0.020911859561009355,fixed_beta,0,0,10209,6c74837341b7ebce25a5c0693c345b7df54768ed0e843f5fd9008dce9c5aab31,three_row_sha256,,123ea5ce324bb82567913e1514a410f2bb582a6d8528a6ea98fbb2b74646f92c,a789b01b17129967eecd25421cde715dc938f6e3b95b30f735ff978f0882361e,0.3611708525568247,0.3046519123017788,0.21269312128424644,0.754060922190547,0.24089287035167217,1.5772490296512842,0.4650750197470188,3.915793728083372,0.0,467.5222539808601,66.32414786145091,210.678850999102,False,False,False,ok
BNCI2014_001,ebsw_full_bscale,ebsw,full,bscale,normalized,8,3654,116,115,500,500,2,0.00026440692515919894,0.016260594243729193,,,,8.978996576484616e-05,2.7936838980935033,122.7769233819667,,499.898892067505,0.9997977841350101,,6.214507618431767,0.002150145546446786,0.010618916433666864,0.021032079557527106,fixed_beta,0,0,10324,ad4336ce89d765c19b05b4f107673049682834e42698d20e2c328c62bbf67551,three_row_sha256,,123ea5ce324bb82567913e1514a410f2bb582a6d8528a6ea98fbb2b74646f92c,a789b01b17129967eecd25421cde715dc938f6e3b95b30f735ff978f0882361e,0.3816818352788687,0.34273089841008186,0.30382093973457813,0.9557020384818316,0.4451638087630272,1.5491379890590906,0.3614129964262247,4.339650506153703,0.0,471.8619044870138,66.32414786145091,210.678850999102,False,False,False,ok
BNCI2014_001,ebsw_full_bscale,ebsw,full,bscale,normalized,8,3654,117,116,500,500,2,0.00026570073316173706,0.016300329234765078,,,,8.97834558791742e-05,2.793683898093503,122.7769233819667,,499.89289779061056,0.9997857955812212,,6.214501536944419,0.00212480239150848,0.010521359143606253,0.02093444918082511,fixed_beta,0,0,10440,36463957accebdab3325b77e652c1ea791cc28519860817df85397f7fb36bee5,three_row_sha256,,123ea5ce324bb82567913e1514a410f2bb582a6d8528a6ea98fbb2b74646f92c,a789b01b17129967eecd25421cde715dc938f6e3b95b30f735ff978f0882361e,0.25322288274765015,0.34144800156354904,0.3279130905866623,0.6057210266590118,0.31896308064460754,1.9159878138452768,0.5001649260520935,4.263420822098851,0.0,476.12532530911267,66.32414786145091,210.678850999102,False,False,False,ok
BNCI2014_001,ebsw_full_bscale,ebsw,full,bscale,normalized,8,3654,118,117,500,500,2,0.00026586668074086355,0.01630541875392544,,,,9.010783310135843e-05,2.793683898093503,122.7769233819667,,499.88888886618935,0.9997777777323787,,6.214497782541187,0.002147588335468796,0.010601629003702031,0.02109718283422421,fixed_beta,0,0,10557,244677ba2a1d789e5a5d8d198dbe77ef2c8266d2c6353daff376f53c95f26a9a,three_row_sha256,,123ea5ce324bb82567913e1514a410f2bb582a6d8528a6ea98fbb2b74646f92c,a789b01b17129967eecd25421cde715dc938f6e3b95b30f735ff978f0882361e,0.21729781292378902,0.35143899731338024,0.4271420184522867,0.9279320947825909,0.633232994005084,3.0263911467045546,0.34145405516028404,5.9248891193419695,0.0,482.05021442845464,66.32414786145091,210.678850999102,False,False,False,ok
BNCI2014_001,ebsw_full_bscale,ebsw,full,bscale,normalized,8,3654,119,118,500,500,2,0.00026228196720444995,0.016195121710084488,,,,8.930029124553621e-05,2.793683898093503,122.7769233819667,,499.90166860169916,0.9998033372033983,,6.214510236686622,0.0021458689857600088,0.010537065651018349,0.020915004499867364,fixed_beta,0,0,10675,d216d20b6f72cbed308da61adaf6473becc697ce2dfc92c48a27804c3fc923ad,three_row_sha256,,123ea5ce324bb82567913e1514a410f2bb582a6d8528a6ea98fbb2b74646f92c,a789b01b17129967eecd25421cde715dc938f6e3b95b30f735ff978f0882361e,0.3554709255695343,0.3026491031050682,0.22780196741223335,0.7356980349868536,0.4204150754958391,0.821390887722373,0.35774195566773415,3.2211679499596357,0.0,485.2713823784143,66.32414786145091,210.678850999102,False,False,False,ok
BNCI2014_001,ebsw_full_bscale,ebsw,full,bscale,normalized,8,3654,120,119,500,500,2,0.00026862481712554314,0.016389777824166597,,,,9.053130567054786e-05,2.793683898093503,122.7769233819667,,499.8958805009542,0.9997917610019085,,6.214504492356064,0.002150123919594942,0.010550721272102138,0.02095091730662569,fixed_beta,0,0,10794,beff7d13bd50b1c00f9bad3df09a4b88c7fb2477a856d66896d592f8eadf868f,three_row_sha256,,123ea5ce324bb82567913e1514a410f2bb582a6d8528a6ea98fbb2b74646f92c,a789b01b17129967eecd25421cde715dc938f6e3b95b30f735ff978f0882361e,0.21006888709962368,0.36107609048485756,0.2884608693420887,0.6609419360756874,0.29322318732738495,1.931946026161313,0.3885878250002861,4.1343048214912415,0.0,489.4056871999055,66.32414786145091,210.678850999102,False,False,False,ok
BNCI2014_001,ebsw_full_bscale,ebsw,full,bscale,normalized,8,3654,121,120,500,500,2,0.00026014309524053535,0.016128952081289578,,,,8.921054358315911e-05,2.793683898093503,122.7769233819667,,499.89748640807176,0.9997949728161435,,6.214506047611643,0.0021357589024118082,0.010518460468966356,0.020914930688801965,fixed_beta,0,0,10914,289707dbbfc5721c9fe8b8ac5718e022f95c69d1c0c2b5b492217fa5ef25322b,three_row_sha256,,123ea5ce324bb82567913e1514a410f2bb582a6d8528a6ea98fbb2b74646f92c,a789b01b17129967eecd25421cde715dc938f6e3b95b30f735ff978f0882361e,0.25335000827908516,0.3490569069981575,0.3394060768187046,0.6104919593781233,0.3335080109536648,1.037942012771964,0.369595130905509,3.2933501061052084,0.0,492.6990373060107,66.32414786145091,210.678850999102,False,False,False,ok
BNCI2014_001,ebsw_full_bscale,ebsw,full,bscale,normalized,8,3654,122,121,500,500,2,0.00025777719494171587,0.016055441287666804,,,,8.886992107271828e-05,2.793683898093503,122.7769233819667,,499.8990602433773,0.9997981204867545,,6.214507763985639,0.002167007316519265,0.01054259655810966,0.020963180545281748,fixed_beta,0,0,11035,ca7f3b073dcfb2277de708e0d9f95e795517e7e27980780ca39315a5330aea85,three_row_sha256,,123ea5ce324bb82567913e1514a410f2bb582a6d8528a6ea98fbb2b74646f92c,a789b01b17129967eecd25421cde715dc938f6e3b95b30f735ff978f0882361e,0.3088749945163727,0.3503959160298109,0.2871979959309101,0.552488025277853,0.40477002039551735,0.7174320053309202,0.49837492406368256,3.119533881545067,0.0,495.8185711875558,66.32414786145091,210.678850999102,False,False,False,ok
BNCI2014_001,ebsw_full_bscale,ebsw,full,bscale,normalized,8,3654,123,122,500,500,2,0.00026644670396594146,0.01632319527439225,,,,9.072847503818552e-05,2.793683898093503,122.7769233819667,,499.8698519584623,0.9997397039169246,,6.214479115701627,0.002186977256758321,0.01075110068795402,0.021265673830278616,fixed_beta,0,0,11157,dad9aeaf75d6542eb831a9415b0ab6e8ecb28cb9df2d70f6f03e9341bee51cc5,three_row_sha256,,123ea5ce324bb82567913e1514a410f2bb582a6d8528a6ea98fbb2b74646f92c,a789b01b17129967eecd25421cde715dc938f6e3b95b30f735ff978f0882361e,0.19642291590571404,0.3559680189937353,0.2848829608410597,0.9912990499287844,0.44969189912080765,0.8078769315034151,0.3470268566161394,3.4331686329096556,0.0,499.25173982046545,66.32414786145091,210.678850999102,False,False,False,ok
BNCI2014_001,ebsw_full_bscale,ebsw,full,bscale,normalized,8,3654,124,123,500,500,2,0.0002573586576989391,0.016042401868141164,,,,8.834458300871287e-05,2.793683898093503,122.7769233819667,,499.89451024279987,0.9997890204855998,,6.214503265437335,0.00213944377369419,0.010581216276371357,0.02103145473021508,fixed_beta,0,0,11280,f35445e0dcd7a5f8c75db5622e8122e0e333b939fee2fa39fda27e8db5b0f3d4,three_row_sha256,,123ea5ce324bb82567913e1514a410f2bb582a6d8528a6ea98fbb2b74646f92c,a789b01b17129967eecd25421cde715dc938f6e3b95b30f735ff978f0882361e,0.3780331462621689,0.35477615892887115,0.2915619406849146,0.5578780546784401,0.29343809001147747,0.7768440991640091,0.3660130314528942,3.0185445211827755,0.0,502.2702843416482,66.32414786145091,210.678850999102,False,False,False,ok
BNCI2014_001,ebsw_full_bscale,ebsw,full,bscale,normalized,8,3654,125,124,500,500,2,0.0002476803261105081,0.015737862819026862,6.964457681029515,0.6780799206833261,32.19200793166738,8.769069749734957e-05,2.793683898093503,122.7769233819667,,499.897137449224,0.999794274898448,,6.214506062240281,0.0021588160642277534,0.010688098703258698,0.021164659764946782,fixed_beta,0,0,11404,c51d51ff0ee0310cd1e60a54bc1b1e92ed487110f6e4c117c636386ed3d82da7,three_row_sha256,,123ea5ce324bb82567913e1514a410f2bb582a6d8528a6ea98fbb2b74646f92c,a789b01b17129967eecd25421cde715dc938f6e3b95b30f735ff978f0882361e,0.216989079490304,0.3551898989826441,0.3477900754660368,0.5524479784071445,0.28674909844994545,0.570463016629219,0.37213810719549656,2.7017672546207905,9.689065860584378,504.972051596269,76.01321372203529,210.678850999102,False,False,False,ok
BNCI2014_001,ebsw_full_bscale,ebsw,full,bscale,normalized,8,3654,126,125,500,500,2,0.00025230177011448566,0.015884009887760887,,,,8.764773924660085e-05,2.793683898093503,122.7769233819667,,499.9112947593114,0.9998225895186228,,6.214519790362458,0.002110244422574184,0.010490342934636437,0.020890141574396746,fixed_beta,0,0,11529,1af5b545f17fec9383c32cfc1325355a197ebd62bb5fdcb5a8da04c2ab5b3dca,three_row_sha256,,123ea5ce324bb82567913e1514a410f2bb582a6d8528a6ea98fbb2b74646f92c,a789b01b17129967eecd25421cde715dc938f6e3b95b30f735ff978f0882361e,0.20963395945727825,0.30769617296755314,0.2134060487151146,0.5268361419439316,0.2254617866128683,1.1794059537351131,0.3696330823004246,3.0320731457322836,0.0,508.0041247420013,76.01321372203529,210.678850999102,False,False,False,ok
BNCI2014_001,ebsw_full_bscale,ebsw,full,bscale,normalized,8,3654,127,126,500,500,2,0.0002516568658815459,0.01586369647596505,,,,8.786199917909046e-05,2.793683898093503,122.7769233819667,,499.9124698661639,0.9998249397323279,,6.214520964280982,0.002111167193973384,0.010516037124743985,0.020894505007419142,fixed_beta,0,0,11655,fa0b121d9e8cfec4223f12f6df869db4de4f47dc6e49a1e43eae1416a5bd5f0e,three_row_sha256,,123ea5ce324bb82567913e1514a410f2bb582a6d8528a6ea98fbb2b74646f92c,a789b01b17129967eecd25421cde715dc938f6e3b95b30f735ff978f0882361e,0.19724993035197258,0.4580130334943533,0.29287999495863914,0.5579809658229351,0.27791294269263744,0.8352519944310188,0.36223395727574825,2.9815228190273046,0.0,510.9856475610286,76.01321372203529,210.678850999102,False,False,False,ok
BNCI2014_001,ebsw_full_bscale,ebsw,full,bscale,normalized,8,3654,128,127,500,500,2,0.0002599948947860965,0.016124357189857105,,,,8.975412947565891e-05,2.7936838980935033,122.7769233819667,,499.88297336612965,0.9997659467322593,,6.214492069405502,0.002195864188614741,0.010752965346471698,0.021143822740061515,fixed_beta,0,0,11782,2c805ad578e18119d1b8449a2a4deb9800ec658891c72630b4a2c42b41be80b2,three_row_sha256,,123ea5ce324bb82567913e1514a410f2bb582a6d8528a6ea98fbb2b74646f92c,a789b01b17129967eecd25421cde715dc938f6e3b95b30f735ff978f0882361e,0.19981898367404938,1.6305800527334213,0.3052509855479002,0.5780328065156937,0.2882720436900854,0.7654600776731968,0.4209850449115038,4.188399994745851,0.0,515.1740475557745,76.01321372203529,210.678850999102,False,False,False,ok
BNCI2014_001,ebsw_full_bscale,ebsw,full,bscale,normalized,8,3654,129,128,500,500,2,0.0002582307029067077,0.01606955826731736,,,,8.869017937647597e-05,2.793683898093503,122.7769233819667,,499.89974578969935,0.9997994915793987,,6.214508391526639,0.0021473528199183723,0.010572178988295211,0.02097198292559553,fixed_beta,0,0,11910,67e36be9dc313a93075f3831f4c98c0799e72cef32f8c8aaae4819d4b3588dcb,three_row_sha256,,123ea5ce324bb82567913e1514a410f2bb582a6d8528a6ea98fbb2b74646f92c,a789b01b17129967eecd25421cde715dc938f6e3b95b30f735ff978f0882361e,0.2538489643484354,0.3150631673634052,0.28439098969101906,0.5271090194582939,0.24448521435260773,0.710934167727828,0.49479585140943527,2.8306273743510246,0.0,518.0046749301255,76.01321372203529,210.678850999102,False,False,False,ok
BNCI2014_001,ebsw_full_bscale,ebsw,full,bscale,normalized,8,3654,130,129,500,500,2,0.0002656026071291048,0.01629731901660837,,,,8.991486399768609e-05,2.793683898093503,122.7769233819667,,499.8979119203432,0.9997958238406863,,6.214506502551908,0.002123358524155129,0.010499128485168657,0.02090076351947618,fixed_beta,0,0,12039,6fae22017e0a93c33c3e7ec5f4f4930d0b62654e2ca5e41db9fe19eec50ff433,three_row_sha256,,123ea5ce324bb82567913e1514a410f2bb582a6d8528a6ea98fbb2b74646f92c,a789b01b17129967eecd25421cde715dc938f6e3b95b30f735ff978f0882361e,0.19518309272825718,0.34531811252236366,0.2835129853338003,0.5662820767611265,0.3993217833340168,0.8855180349200964,0.477934954687953,3.153071040287614,0.0,521.1577459704131,76.01321372203529,210.678850999102,False,False,False,ok
BNCI2014_001,ebsw_full_bscale,ebsw,full,bscale,normalized,8,3654,131,130,500,500,2,0.0002568927388330904,0.01602787380887092,,,,8.793341397612176e-05,2.793683898093503,122.7769233819667,,499.89748384444425,0.9997949676888885,,6.214506063965523,0.002134058950198689,0.01051300408365245,0.020915285415193018,fixed_beta,0,0,12169,4a559fc88498a0d4a6a08493414a530608f4c9e46f93b14b1531cba03034cdca,three_row_sha256,,123ea5ce324bb82567913e1514a410f2bb582a6d8528a6ea98fbb2b74646f92c,a789b01b17129967eecd25421cde715dc938f6e3b95b30f735ff978f0882361e,1.5733321197330952,0.3731111064553261,0.208643963560462,1.2485480401664972,0.3337168600410223,0.7630670443177223,0.1475038006901741,4.647922934964299,0.0,525.8056689053774,76.01321372203529,210.678850999102,False,False,False,ok
BNCI2014_001,ebsw_full_bscale,ebsw,full,bscale,normalized,8,3654,132,131,500,500,2,0.00026325991871980635,0.016225286398698986,,,,8.923240624360474e-05,2.793683898093503,122.7769233819667,,499.89682923262,0.99979365846524,,6.214505475352169,0.002120048883822358,0.010558974403877524,0.020975551554262357,fixed_beta,0,0,12300,2f144ae3cd5b1411741deaa8a63949665cf49ad400ede152967545c350b9f676,three_row_sha256,,123ea5ce324bb82567913e1514a410f2bb582a6d8528a6ea98fbb2b74646f92c,a789b01b17129967eecd25421cde715dc938f6e3b95b30f735ff978f0882361e,0.19896100275218487,0.3318570088595152,0.2836589701473713,0.5586061161011457,0.39601000025868416,0.709485961124301,0.3577067982405424,2.8362858574837446,0.0,528.6419547628611,76.01321372203529,210.678850999102,False,False,False,ok
BNCI2014_001,ebsw_full_bscale,ebsw,full,bscale,normalized,8,3654,133,132,500,500,2,0.00025574702495719686,0.015992092575932548,,,,8.888616069613265e-05,2.793683898093503,122.7769233819667,,499.8773131313806,0.9997546262627612,,6.214486335852937,0.002156637742003423,0.010652788823609078,0.02120165354045834,fixed_beta,0,0,12432,b4c55213f8ed9dce01d774c606d36fde9c12c7bb061a479ac03b7834950a3cfe,three_row_sha256,,123ea5ce324bb82567913e1514a410f2bb582a6d8528a6ea98fbb2b74646f92c,a789b01b17129967eecd25421cde715dc938f6e3b95b30f735ff978f0882361e,0.2101429272443056,0.35154493525624275,0.40185684338212013,0.5549690686166286,0.2969810739159584,0.6335792131721973,1.7848950810730457,4.233969142660499,0.0,532.8759239055216,76.01321372203529,210.678850999102,False,False,False,ok
BNCI2014_001,ebsw_full_bscale,ebsw,full,bscale,normalized,8,3654,134,133,500,500,2,0.00025578893783326456,0.01599340294725499,,,,8.798830459546659e-05,2.793683898093503,122.7769233819667,,499.902161577143,0.999804323154286,,6.214510793791321,0.002114057175320893,0.010532297226234721,0.020979587263518597,fixed_beta,0,0,12565,22e9e3eea1bcd049947258f28547f008973783f97bae2495d3856f7314f0ceca,three_row_sha256,,123ea5ce324bb82567913e1514a410f2bb582a6d8528a6ea98fbb2b74646f92c,a789b01b17129967eecd25421cde715dc938f6e3b95b30f735ff978f0882361e,0.20678294822573662,0.3774999640882015,0.3047669306397438,0.569971976801753,0.33108703792095184,1.1424168478697538,0.38627488538622856,3.3188005909323692,0.0,536.194724496454,76.01321372203529,210.678850999102,False,False,False,ok
BNCI2014_001,ebsw_full_bscale,ebsw,full,bscale,normalized,8,3654,135,134,500,500,2,0.00025370329042652477,0.015928066123246876,,,,8.732364043954e-05,2.793683898093503,122.7769233819667,,499.90310755116354,0.9998062151023271,,6.214511794749419,0.0021344479107038433,0.010580619293406318,0.02100665097611199,fixed_beta,0,0,12699,ce09c92e3be8e81d3223635a8a4a23f70ebf9ef128eda8388bd0da04eb7dffa9,three_row_sha256,,123ea5ce324bb82567913e1514a410f2bb582a6d8528a6ea98fbb2b74646f92c,a789b01b17129967eecd25421cde715dc938f6e3b95b30f735ff978f0882361e,0.3535130526870489,0.34585408866405487,0.43482379987835884,0.565971015021205,0.3933231346309185,0.7324730977416039,0.3645811229944229,3.190539311617613,0.0,539.3852638080716,76.01321372203529,210.678850999102,False,False,False,ok
BNCI2014_001,ebsw_full_bscale,ebsw,full,bscale,normalized,8,3654,136,135,500,500,2,0.00025160894939080366,0.015862186147905456,,,,8.785563541411972e-05,2.793683898093503,122.7769233819667,,499.8994529874679,0.9997989059749358,,6.214508140257207,0.0021398428068847833,0.010574394670088586,0.021003323444912573,fixed_beta,0,0,12834,57aca90705f1d3f6c2f0d0bcbbe8ddb763b0d90a6ec6455144b8a1b173b43d02,three_row_sha256,,123ea5ce324bb82567913e1514a410f2bb582a6d8528a6ea98fbb2b74646f92c,a789b01b17129967eecd25421cde715dc938f6e3b95b30f735ff978f0882361e,0.2023950219154358,0.19246595911681652,0.20952499471604824,0.5959500558674335,0.29362086206674576,0.7519761566072702,0.4213089123368263,2.6672419626265764,0.0,542.0525057706982,76.01321372203529,210.678850999102,False,False,False,ok
BNCI2014_001,ebsw_full_bscale,ebsw,full,bscale,normalized,8,3654,137,136,500,500,2,0.00025702120975593773,0.016031881042346145,,,,8.906175162122798e-05,2.793683898093503,122.7769233819667,,499.8887109364377,0.9997774218728754,,6.214497565740558,0.0021357729092089535,0.010627556063028596,0.02109474275038312,fixed_beta,0,0,12970,3a7cda95eb74caf283575c06e35ba2cdc96f31801ed93ce4c419e4ee0dfbb14a,three_row_sha256,,123ea5ce324bb82567913e1514a410f2bb582a6d8528a6ea98fbb2b74646f92c,a789b01b17129967eecd25421cde715dc938f6e3b95b30f735ff978f0882361e,0.42598205618560314,0.19498495385050774,0.2894701901823282,0.7107218261808157,0.29057683423161507,0.5509450566023588,0.36644889041781425,2.829129807651043,0.0,544.8816355783492,76.01321372203529,210.678850999102,False,False,False,ok
BNCI2014_001,ebsw_full_bscale,ebsw,full,bscale,normalized,8,3654,138,137,500,500,2,0.0002593928849222941,0.016105678654508605,,,,8.904134358698303e-05,2.793683898093503,122.7769233819667,,499.89203979520056,0.9997840795904012,,6.214500693055346,0.002147760415709935,0.010538822934819595,0.020964398828250734,fixed_beta,0,0,13107,06f6e1ff6aa0c0c4c21972d6f497495940834fb562f3dacbbfcb4d9ec86f4114,three_row_sha256,,123ea5ce324bb82567913e1514a410f2bb582a6d8528a6ea98fbb2b74646f92c,a789b01b17129967eecd25421cde715dc938f6e3b95b30f735ff978f0882361e,0.3078801091760397,0.35048206336796284,0.28525106608867645,0.5600489675998688,0.39639207534492016,0.7292481604963541,0.1536619383841753,2.7829643804579973,0.0,547.6645999588072,76.01321372203529,210.678850999102,False,False,False,ok
BNCI2014_001,ebsw_full_bscale,ebsw,full,bscale,normalized,8,3654,139,138,500,500,2,0.00025832950711245756,0.016072632239694205,,,,8.887827779651035e-05,2.793683898093503,122.7769233819667,,499.8906550341575,0.9997813100683149,,6.214499519349907,0.002139490141857083,0.01064431449855855,0.021101659889507664,fixed_beta,0,0,13245,0c78cd00ddde44fb737f6e5105c4361c3069a8d39f431092200660c4adf4b29d,three_row_sha256,,123ea5ce324bb82567913e1514a410f2bb582a6d8528a6ea98fbb2b74646f92c,a789b01b17129967eecd25421cde715dc938f6e3b95b30f735ff978f0882361e,0.22532115690410137,0.39737788029015064,0.28491998091340065,0.603885855525732,0.33531012013554573,1.0787490755319595,0.3875570837408304,3.3131211530417204,0.0,550.977721111849,76.01321372203529,210.678850999102,False,False,False,ok
BNCI2014_001,ebsw_full_bscale,ebsw,full,bscale,normalized,8,3654,140,139,500,500,2,0.00025997723112772416,0.016123809448381737,,,,8.896225525129768e-05,2.793683898093503,122.7769233819667,,499.87274361491046,0.9997454872298209,,6.214482592121095,0.002296206791689794,0.010795270264694675,0.021204941798340413,fixed_beta,0,0,13384,23af17b71020fc88829ec6223ed9e82fceb084e1f9e1bfff84b12509ce62b95d,three_row_sha256,,123ea5ce324bb82567913e1514a410f2bb582a6d8528a6ea98fbb2b74646f92c,a789b01b17129967eecd25421cde715dc938f6e3b95b30f735ff978f0882361e,0.20947190932929516,0.4744210746139288,0.2827469725161791,0.5514379590749741,0.2771650906652212,0.8346498943865299,0.37345197051763535,3.0033448711037636,0.0,553.9810659829527,76.01321372203529,210.678850999102,False,False,False,ok
BNCI2014_001,ebsw_full_bscale,ebsw,full,bscale,normalized,8,3654,141,140,500,500,2,0.00024731360433562975,0.015726207563669943,,,,8.670054156806053e-05,2.7936838980935024,122.7769233819667,,499.9110527061188,0.9998221054122377,,6.214519603916359,0.0021186077356693564,0.010487944967824427,0.02087788832758926,fixed_beta,0,0,13524,334383a951532211c369dc92b6043c83323984a94cc679cc0726e522b2b32592,three_row_sha256,,123ea5ce324bb82567913e1514a410f2bb582a6d8528a6ea98fbb2b74646f92c,a789b01b17129967eecd25421cde715dc938f6e3b95b30f735ff978f0882361e,0.21464889869093895,0.34087803214788437,0.2989969216287136,0.6785530131310225,0.3057250287383795,1.4272769913077354,0.3767090383917093,3.6427879240363836,0.0,557.6238539069891,76.01321372203529,210.678850999102,False,False,False,ok
BNCI2014_001,ebsw_full_bscale,ebsw,full,bscale,normalized,8,3654,142,141,500,500,2,0.0002538906327167554,0.015933945924244734,,,,8.783715747402151e-05,2.7936838980935033,122.7769233819667,,499.9025710927306,0.9998051421854612,,6.214511382777195,0.002191830631930878,0.010603747312457128,0.021015445135070077,fixed_beta,0,0,13665,4db79dc60581af76216360e651b0cb99946e6da557e4d10dcad3cf7b61418b19,three_row_sha256,,123ea5ce324bb82567913e1514a410f2bb582a6d8528a6ea98fbb2b74646f92c,a789b01b17129967eecd25421cde715dc938f6e3b95b30f735ff978f0882361e,0.21188193932175636,0.3966179210692644,0.2840941306203604,0.5680050235241652,0.22833794355392456,0.8865911513566971,0.36544306203722954,2.9409711714833975,0.0,560.5648250784725,76.01321372203529,210.678850999102,False,False,False,ok
BNCI2014_001,ebsw_full_bscale,ebsw,full,bscale,normalized,8,3654,143,142,500,500,2,0.0002613393571451058,0.016165993849593836,,,,8.961587653133761e-05,2.7936838980935033,122.7769233819667,,499.8915460405324,0.9997830920810648,,6.214500321892054,0.0021337308470342716,0.010590204926087185,0.02103638780246735,fixed_beta,0,0,13807,4fa386fcdbc3453d547dfb5a2e9f26586f2c0104bf2c7f7a6b259ba09147a7e1,three_row_sha256,,123ea5ce324bb82567913e1514a410f2bb582a6d8528a6ea98fbb2b74646f92c,a789b01b17129967eecd25421cde715dc938f6e3b95b30f735ff978f0882361e,0.3156340681016445,0.35043107345700264,0.2836131025105715,0.5565541796386242,0.4011020064353943,0.8710420224815607,0.559099018573761,3.337475471198559,0.0,563.902300549671,76.01321372203529,210.678850999102,False,False,False,ok
BNCI2014_001,ebsw_full_bscale,ebsw,full,bscale,normalized,8,3654,144,143,500,500,2,0.00025431920260065845,0.01594738858248141,,,,8.817524307303474e-05,2.793683898093503,122.7769233819667,,499.8988541009789,0.9997977082019578,,6.214507560481913,0.002131848174777561,0.010573403719830069,0.020981931220379536,fixed_beta,0,0,13950,cb426172bea8f16085b30fb53760b20e1fe673dca45539715e58ca513b6e9f68,three_row_sha256,,123ea5ce324bb82567913e1514a410f2bb582a6d8528a6ea98fbb2b74646f92c,a789b01b17129967eecd25421cde715dc938f6e3b95b30f735ff978f0882361e,0.18162978813052177,0.8912230841815472,0.45182183384895325,0.6049240473657846,0.3342018462717533,1.0268648620694876,0.3520308528095484,3.842696314677596,0.0,567.7449968643486,76.01321372203529,210.678850999102,False,False,False,ok
BNCI2014_001,ebsw_full_bscale,ebsw,full,bscale,normalized,8,3654,145,144,500,500,2,0.00025693711133244006,0.01602925797822345,,,,8.833171344199443e-05,2.7936838980935033,122.7769233819667,,499.8876298279502,0.9997752596559004,,6.214496656506223,0.0022020480709461056,0.010671443118030994,0.02112872840136362,fixed_beta,0,0,14094,15f3faec2e44c7cbc1b1166cda8e2fe6582dba582a1f246478ea76f34b28f437,three_row_sha256,,123ea5ce324bb82567913e1514a410f2bb582a6d8528a6ea98fbb2b74646f92c,a789b01b17129967eecd25421cde715dc938f6e3b95b30f735ff978f0882361e,0.22827391512691975,0.3913759719580412,0.4353220574557781,0.7344069890677929,0.49319304525852203,1.7714309506118298,0.42315409518778324,4.477157024666667,0.0,572.2221538890153,76.01321372203529,210.678850999102,False,False,False,ok
BNCI2014_001,ebsw_full_bscale,ebsw,full,bscale,normalized,8,3654,146,145,500,500,2,0.00025740183765652193,0.016043747618824038,,,,8.880678043801376e-05,2.793683898093503,122.7769233819667,,499.8869373865963,0.9997738747731926,,6.214495790015521,0.0021683242777635293,0.010602436036260631,0.021078232008935813,fixed_beta,0,0,14239,b1541acc3abd9b3700c42a305e8fb6e99d2e29989f62c5cb213f24a5889dce8a,three_row_sha256,,123ea5ce324bb82567913e1514a410f2bb582a6d8528a6ea98fbb2b74646f92c,a789b01b17129967eecd25421cde715dc938f6e3b95b30f735ff978f0882361e,0.21904497407376766,0.3919361624866724,0.28950488194823265,0.6056530401110649,0.3391799982637167,1.1017879005521536,0.5629239603877068,3.5100309178233147,0.0,575.7321848068386,76.01321372203529,210.678850999102,False,False,False,ok
BNCI2014_001,ebsw_full_bscale,ebsw,full,bscale,normalized,8,3654,147,146,500,500,2,0.00025324723963261297,0.01591374373403735,,,,8.808056129330464e-05,2.7936838980935033,122.7769233819667,,499.90806844503516,0.9998161368900703,,6.214516581128142,0.0021336552609250072,0.010478784771324837,0.0208532643537509,fixed_beta,0,0,14385,711d0b9c0e39a1915ce93fb02bd9e6539931da7b79542f1cd28c22259ebeb4ea,three_row_sha256,,123ea5ce324bb82567913e1514a410f2bb582a6d8528a6ea98fbb2b74646f92c,a789b01b17129967eecd25421cde715dc938f6e3b95b30f735ff978f0882361e,0.2241530455648899,0.5156691186130047,0.3198860213160515,0.7157439831644297,1.6786709893494844,1.1712179984897375,0.3751979675143957,5.000539124011993,0.0,580.7327239308506,76.01321372203529,210.678850999102,False,False,False,ok
BNCI2014_001,ebsw_full_bscale,ebsw,full,bscale,normalized,8,3654,148,147,500,500,2,0.0002557557732490742,0.015992366092891765,,,,8.813778250101556e-05,2.7936838980935033,122.7769233819667,,499.90686428668,0.99981372857336,,6.214515297258448,0.002102891772130544,0.010459207614645832,0.020852642794803904,fixed_beta,0,0,14532,d35836c7bc11c3451af5a9820bc20c48fb79261f7c5c9b46080532dbfbb34d27,three_row_sha256,,123ea5ce324bb82567913e1514a410f2bb582a6d8528a6ea98fbb2b74646f92c,a789b01b17129967eecd25421cde715dc938f6e3b95b30f735ff978f0882361e,0.2166281919926405,0.33360905945301056,0.3381590358912945,0.5745729431509972,0.46861101873219013,0.923295971006155,0.4525680560618639,3.3074442762881517,0.0,584.0401682071388,76.01321372203529,210.678850999102,False,False,False,ok
BNCI2014_001,ebsw_full_bscale,ebsw,full,bscale,normalized,8,3654,149,148,500,500,2,0.00025852660040731916,0.016078762402850513,,,,8.896768439654752e-05,2.793683898093503,122.7769233819667,,499.89774069630903,0.9997954813926181,,6.2145064152456495,0.002151359559770979,0.010560033605429706,0.020981817974321314,fixed_beta,0,0,14680,78a74f79355c976dab823c85c1b96a725788b2eeea05809a12d9d199ef78dde9,three_row_sha256,,123ea5ce324bb82567913e1514a410f2bb582a6d8528a6ea98fbb2b74646f92c,a789b01b17129967eecd25421cde715dc938f6e3b95b30f735ff978f0882361e,0.32422994263470173,0.35084690898656845,0.21105515770614147,1.2630859855562449,0.3370051272213459,0.9536170400679111,0.25040493346750736,3.690245095640421,0.0,587.7304133027792,76.01321372203529,210.678850999102,False,False,False,ok
BNCI2014_001,ebsw_full_bscale,ebsw,full,bscale,normalized,8,3654,150,149,500,500,2,0.0002572201407671507,0.016038084074076638,6.866922310192716,0.6685835923904592,33.14164076095408,8.815218755377791e-05,2.793683898093503,122.7769233819667,,499.90418741356046,0.9998083748271209,,6.214512833344203,0.0021595528898934705,0.010552821049008083,0.02093559860816456,fixed_beta,0,0,14829,279c547e6b988712eb84c9c9161faa496f0b89309762bbf310179c6be4cf1288,three_row_sha256,,123ea5ce324bb82567913e1514a410f2bb582a6d8528a6ea98fbb2b74646f92c,a789b01b17129967eecd25421cde715dc938f6e3b95b30f735ff978f0882361e,0.376041978597641,0.5004610866308212,0.32158102840185165,0.8979660924524069,0.3756249789148569,0.9297658689320087,1.6664380673319101,5.0678791012614965,10.077120969071984,592.7982924040407,86.09033469110727,210.678850999102,False,False,False,ok
BNCI2014_001,ebsw_full_bscale,ebsw,full,bscale,normalized,8,3654,151,150,500,500,2,0.0002738051162812571,0.016547057632136812,,,,9.206250992920284e-05,2.793683898093503,122.7769233819667,,499.845144455304,0.9996902889106081,,6.214455143140824,0.0023025414937440404,0.010839215178619847,0.021362726320047494,fixed_beta,0,0,14979,dc56556a9cc2eec1d6679a32728b8e311152aff6ec610a912e51110fb72740de,three_row_sha256,,123ea5ce324bb82567913e1514a410f2bb582a6d8528a6ea98fbb2b74646f92c,a789b01b17129967eecd25421cde715dc938f6e3b95b30f735ff978f0882361e,1.5934559050947428,0.5158581770956516,0.2999140415340662,1.09339808113873,0.3280851524323225,0.774820102378726,0.3273088950663805,4.93284035474062,0.0,597.7311327587813,86.09033469110727,210.678850999102,False,False,False,ok
BNCI2014_001,ebsw_full_bscale,ebsw,full,bscale,normalized,8,3654,152,151,500,500,2,0.00025332895988328276,0.01591631112674299,,,,8.773579996339408e-05,2.793683898093503,122.7769233819667,,499.9061231802896,0.9998122463605793,,6.214514873794547,0.0021552586970607275,0.010642375945164428,0.02102853909126269,fixed_beta,0,0,15130,19560e776e41ae97572dd4038afa2698b0d92d5bd12d4cbfcd010e819acd71b0,three_row_sha256,,123ea5ce324bb82567913e1514a410f2bb582a6d8528a6ea98fbb2b74646f92c,a789b01b17129967eecd25421cde715dc938f6e3b95b30f735ff978f0882361e,0.20141410641372204,0.3320018295198679,0.2882110420614481,0.7303010206669569,0.49819680862128735,0.9271970484405756,0.4689060151576996,3.4462278708815575,0.0,601.1773606296629,86.09033469110727,210.678850999102,False,False,False,ok
BNCI2014_001,ebsw_full_bscale,ebsw,full,bscale,normalized,8,3654,153,152,500,500,2,0.0002480057029622124,0.015748196816213988,,,,8.666508795952467e-05,2.793683898093503,122.7769233819667,,499.9007429105284,0.9998014858210568,,6.2145097049447156,0.002214901576174509,0.010684157390092559,0.021084048195088093,fixed_beta,0,0,15282,d5dc1648d5486b16ddf6ce4f80b8b04a435075fe9ab31ea66233cc2463671055,three_row_sha256,,123ea5ce324bb82567913e1514a410f2bb582a6d8528a6ea98fbb2b74646f92c,a789b01b17129967eecd25421cde715dc938f6e3b95b30f735ff978f0882361e,0.2152200322598219,0.39739999920129776,0.29035191982984543,0.5980909336358309,0.3301110118627548,0.9424770250916481,0.3515779972076416,3.1252289190888405,0.0,604.3025895487517,86.09033469110727,210.678850999102,False,False,False,ok
BNCI2014_001,ebsw_full_bscale,ebsw,full,bscale,normalized,8,3654,154,153,500,500,2,0.000251009997804183,0.015843295042515082,,,,8.746559595328378e-05,2.7936838980935024,122.7769233819667,,499.9060072195999,0.9998120144391999,,6.214514617460692,0.0021271590640892643,0.010516544081507656,0.020914173039490457,fixed_beta,0,0,15435,84a1498e2084a2d111b0fb4b364cde4dac00a2ff3c5dddaf2cd95e3bf2c16d48,three_row_sha256,,123ea5ce324bb82567913e1514a410f2bb582a6d8528a6ea98fbb2b74646f92c,a789b01b17129967eecd25421cde715dc938f6e3b95b30f735ff978f0882361e,0.21118693985044956,0.5152409430593252,0.31433883123099804,0.5993279628455639,0.4848560784012079,2.065449021756649,0.1666832249611616,4.357083002105355,0.0,608.6596725508571,86.09033469110727,210.678850999102,False,False,False,ok
BNCI2014_001,ebsw_full_bscale,ebsw,full,bscale,normalized,8,3654,155,154,500,500,2,0.00025346924177048664,0.015920717376126197,,,,8.75112040845308e-05,2.793683898093503,122.7769233819667,,499.90855883935376,0.9998171176787075,,6.214517138189379,0.0021450051932374206,0.010531226229660438,0.02096250072015652,fixed_beta,0,0,15589,1cd987d4ba3d655ce2fdb94b010c0c79e7edb331d53c5d3f3083c068ccafd73c,three_row_sha256,,123ea5ce324bb82567913e1514a410f2bb582a6d8528a6ea98fbb2b74646f92c,a789b01b17129967eecd25421cde715dc938f6e3b95b30f735ff978f0882361e,0.903384992852807,0.34919101744890213,0.3260879311710596,0.6184340454638004,0.3269349690526724,0.8236679714173079,0.4077248740941286,3.755425801500678,0.0,612.4150983523577,86.09033469110727,210.678850999102,False,False,False,ok
BNCI2014_001,ebsw_full_bscale,ebsw,full,bscale,normalized,8,3654,156,155,500,500,2,0.00026064599251269274,0.016144534447071947,,,,8.945048369033497e-05,2.793683898093503,122.7769233819667,,499.8741412523486,0.9997482825046972,,6.214483243378515,0.002194650843496031,0.010678366730357228,0.02116834816086172,fixed_beta,0,0,15744,a2eca9574371835416189c03e7e937084a7c62f57887f5abfbaba4fe3e9350a5,three_row_sha256,,123ea5ce324bb82567913e1514a410f2bb582a6d8528a6ea98fbb2b74646f92c,a789b01b17129967eecd25421cde715dc938f6e3b95b30f735ff978f0882361e,0.35016005858778954,0.40234695188701153,0.42736297473311424,0.7312470115721226,0.488511985167861,1.335548935458064,0.3620348870754242,4.097212804481387,0.0,616.5123111568391,86.09033469110727,210.678850999102,False,False,False,ok
BNCI2014_001,ebsw_full_bscale,ebsw,full,bscale,normalized,8,3654,157,156,500,500,2,0.0002633921394002572,0.016229360412544212,,,,8.973526425048592e-05,2.793683898093503,122.7769233819667,,499.8970933499032,0.9997941866998064,,6.214505797215731,0.0021304550439479675,0.010573571477748801,0.021031526712970504,fixed_beta,0,0,15900,87d239288914e4cf0c6db9a131ee9b59ad8ea58fbb857ce5e2d7c1d28d7d4604,three_row_sha256,,123ea5ce324bb82567913e1514a410f2bb582a6d8528a6ea98fbb2b74646f92c,a789b01b17129967eecd25421cde715dc938f6e3b95b30f735ff978f0882361e,0.2114209346473217,0.36480301059782505,0.2859528176486492,0.5557488184422255,0.3218138590455055,0.8230588864535093,0.49784500151872635,3.0606433283537626,0.0,619.5729544851929,86.09033469110727,210.678850999102,False,False,False,ok
BNCI2014_001,ebsw_full_bscale,ebsw,full,bscale,normalized,8,3654,158,157,500,500,2,0.00025283211511614896,0.015900695428695846,,,,8.807577834044555e-05,2.793683898093503,122.7769233819667,,499.904860180652,0.999809720361304,,6.214513330334871,0.0021026497404563436,0.010450812739608031,0.020829724087356196,fixed_beta,0,0,16057,a7272d3a18e769740025c399e7c95787f2114960cd0ff03233b6fe7bd0634145,three_row_sha256,,123ea5ce324bb82567913e1514a410f2bb582a6d8528a6ea98fbb2b74646f92c,a789b01b17129967eecd25421cde715dc938f6e3b95b30f735ff978f0882361e,0.2219590824097395,0.39062416180968285,0.30419696122407913,0.6865719333291054,0.45241997577250004,0.734762055799365,0.14913594350218773,2.9396701138466597,0.0,622.5126245990396,86.09033469110727,210.678850999102,False,False,False,ok
BNCI2014_001,ebsw_full_bscale,ebsw,full,bscale,normalized,8,3654,159,158,500,500,2,0.00025344463290961883,0.0159199445008335,,,,8.789737201381175e-05,2.793683898093503,122.7769233819667,,499.8941977042313,0.9997883954084626,,6.214503197350568,0.0022096698822790003,0.010677197314452944,0.021113448904937545,fixed_beta,0,0,16215,3f41954d9cb90cb7bba00d7be85a1bb00c9b49b94573dbb83ed5de0efa2a6ef8,three_row_sha256,,123ea5ce324bb82567913e1514a410f2bb582a6d8528a6ea98fbb2b74646f92c,a789b01b17129967eecd25421cde715dc938f6e3b95b30f735ff978f0882361e,0.31160004436969757,0.3966609947383404,0.2896641381084919,0.5516069941222668,0.37798192352056503,0.8866339921951294,0.35210512578487396,3.166253212839365,0.0,625.6788778118789,86.09033469110727,210.678850999102,False,False,False,ok
BNCI2014_001,ebsw_full_bscale,ebsw,full,bscale,normalized,8,3654,160,159,500,500,2,0.000255764608734669,0.015992642331230603,,,,8.895487387394391e-05,2.793683898093503,122.7769233819667,,499.897079013988,0.999794158027976,,6.214505937080833,0.002190980347587424,0.010671442911483076,0.02108428613349511,fixed_beta,0,0,16374,8668b4ff9645f5588b88343af09313286472d2f3f93a33d9804047036b8f104e,three_row_sha256,,123ea5ce324bb82567913e1514a410f2bb582a6d8528a6ea98fbb2b74646f92c,a789b01b17129967eecd25421cde715dc938f6e3b95b30f735ff978f0882361e,0.2352020237594843,0.5360029172152281,0.2997920382767916,0.6041480228304863,0.502467155456543,0.7553219329565763,1.022443873807788,3.9553779643028975,0.0,629.6342557761818,86.09033469110727,210.678850999102,False,False,False,ok
BNCI2014_001,ebsw_full_bscale,ebsw,full,bscale,normalized,8,3654,161,160,500,500,2,0.0002601443151259707,0.016128989897881724,,,,8.880509115919962e-05,2.793683898093503,122.7769233819667,,499.8911641839629,0.9997823283679259,,6.214499929833671,0.0021334547304107877,0.010611411952252917,0.021075021759877008,fixed_beta,0,0,16534,fecdaa7246912beb1d956c91476b848af535aa187e2fd137585ddae182d3b6fc,three_row_sha256,,123ea5ce324bb82567913e1514a410f2bb582a6d8528a6ea98fbb2b74646f92c,a789b01b17129967eecd25421cde715dc938f6e3b95b30f735ff978f0882361e,0.38260919973254204,0.4062470979988575,0.2990041393786669,0.8731991983950138,0.23994804359972477,0.8648289367556572,0.528756994754076,3.594593610614538,0.0,633.2288493867964,86.09033469110727,210.678850999102,False,False,False,ok
BNCI2014_001,ebsw_full_bscale,ebsw,full,bscale,normalized,8,3654,162,161,500,500,2,0.0002518400244282087,0.01586946830956251,,,,8.759981082011293e-05,2.793683898093503,122.7769233819667,,499.89948321060683,0.9997989664212137,,6.214508251297803,0.002137657897789155,0.010619368007992635,0.021082691420070493,fixed_beta,0,0,16695,e95055b2867d4f11aea55307641ef6b6a420aa4009d5f3e0368b9cafb9350c2a,three_row_sha256,,123ea5ce324bb82567913e1514a410f2bb582a6d8528a6ea98fbb2b74646f92c,a789b01b17129967eecd25421cde715dc938f6e3b95b30f735ff978f0882361e,0.23957807570695877,0.38805510848760605,0.2948299515992403,0.7305492181330919,0.4984629340469837,0.6430260837078094,0.3769020549952984,3.1714034266769886,0.0,636.4002528134733,86.09033469110727,210.678850999102,False,False,False,ok
BNCI2014_001,ebsw_full_bscale,ebsw,full,bscale,normalized,8,3654,163,162,500,500,2,0.0002577667683785244,0.016055116579412446,,,,8.918939246580893e-05,2.793683898093503,122.7769233819667,,499.8599559653609,0.9997199119307217,,6.214469741899375,0.0022125932675420446,0.01092907197491507,0.021474370915608262,fixed_beta,0,0,16857,d05a026dcf05de6d0e2e7488875ce07798637d60e0d381c9be9987ef29a27290,three_row_sha256,,123ea5ce324bb82567913e1514a410f2bb582a6d8528a6ea98fbb2b74646f92c,a789b01b17129967eecd25421cde715dc938f6e3b95b30f735ff978f0882361e,0.20946585573256016,0.3991839475929737,0.29282202012836933,0.6048909854143858,0.29199407435953617,1.323031960055232,0.42094383388757706,3.5423326771706343,0.0,639.942585490644,86.09033469110727,210.678850999102,False,False,False,ok
BNCI2014_001,ebsw_full_bscale,ebsw,full,bscale,normalized,8,3654,164,163,500,500,2,0.00026614859750269425,0.016314061342985513,,,,8.985108708405948e-05,2.793683898093503,122.7769233819667,,499.8920387027551,0.9997840774055102,,6.214500548748702,0.0021062691512831653,0.010467810542355217,0.020849964346878993,fixed_beta,0,0,17020,f1a35ff72a300524269eca160d43dfe4be4d461f9b25bc7fe1e9b6860db025fc,three_row_sha256,,123ea5ce324bb82567913e1514a410f2bb582a6d8528a6ea98fbb2b74646f92c,a789b01b17129967eecd25421cde715dc938f6e3b95b30f735ff978f0882361e,0.2549209166318178,0.38281502202153206,0.4412869457155466,0.7398598827421665,1.5884910244494677,0.8413430768996477,0.40741986595094204,4.65613673441112,0.0,644.5987222250551,86.09033469110727,210.678850999102,False,False,False,ok
BNCI2014_001,ebsw_full_bscale,ebsw,full,bscale,normalized,8,3654,165,164,500,500,2,0.00024958649147391223,0.015798306601465622,,,,8.649673251482594e-05,2.7936838980935033,122.7769233819667,,499.89868859620566,0.9997973771924114,,6.214507653791071,0.0021903183649513713,0.010712136372182364,0.02113884706572655,fixed_beta,0,0,17184,5a24463d17c71dd0eedeeb6771209d30c526ca471fbf6e794e21bcc63432d841,three_row_sha256,,123ea5ce324bb82567913e1514a410f2bb582a6d8528a6ea98fbb2b74646f92c,a789b01b17129967eecd25421cde715dc938f6e3b95b30f735ff978f0882361e,0.2050579059869051,0.4097139462828636,0.295477919280529,0.6036590784788132,0.26911310851573944,0.9217720944434404,0.5278419703245163,3.232636023312807,0.0,647.8313582483679,86.09033469110727,210.678850999102,False,False,False,ok
BNCI2014_001,ebsw_full_bscale,ebsw,full,bscale,normalized,8,3654,166,165,500,500,2,0.00025567078942388195,0.015989708859884908,,,,8.839758144699086e-05,2.7936838980935024,122.7769233819667,,499.89959420066793,0.9997991884013359,,6.214508325293018,0.002165823231692174,0.01059383244602448,0.021003370032523033,fixed_beta,0,0,17349,19ff2db7fa588ee520a7a5310d33e7354185e2414a8a92ca9b285872be6173ff,three_row_sha256,,123ea5ce324bb82567913e1514a410f2bb582a6d8528a6ea98fbb2b74646f92c,a789b01b17129967eecd25421cde715dc938f6e3b95b30f735ff978f0882361e,0.23924792185425758,0.34524709917604923,0.2873640041798353,0.5786239635199308,0.43835584074258804,1.1852479074150324,0.42124115861952305,3.4953278955072165,0.0,651.3266861438751,86.09033469110727,210.678850999102,False,False,False,ok
BNCI2014_001,ebsw_full_bscale,ebsw,full,bscale,normalized,8,3654,167,166,500,500,2,0.0002559177040021304,0.015997428043349044,,,,8.825262227523604e-05,2.793683898093503,122.7769233819667,,499.8812111136904,0.9997624222273809,,6.214490274526852,0.002164317745061916,0.010644025725835025,0.021171730469901867,fixed_beta,0,0,17515,dcf66841770f1b7951917bd2197c53b4bd06d756ea2b83f6276b096190cc53db,three_row_sha256,,123ea5ce324bb82567913e1514a410f2bb582a6d8528a6ea98fbb2b74646f92c,a789b01b17129967eecd25421cde715dc938f6e3b95b30f735ff978f0882361e,0.19961013458669186,0.4030659329146147,0.28681918047368526,0.5999600980430841,0.27558906003832817,0.911506824195385,0.5501760169863701,3.226727247238159,0.0,654.5534133911133,86.09033469110727,210.678850999102,False,False,False,ok
BNCI2014_001,ebsw_full_bscale,ebsw,full,bscale,normalized,8,3654,168,167,500,500,2,0.00024719013898754803,0.01572228160883617,,,,8.73123462973313e-05,2.793683898093503,122.7769233819667,,499.9082465425753,0.9998164930851506,,6.214516817717502,0.00212662717523558,0.010538521285363596,0.02091762990887478,fixed_beta,0,0,17682,94e9b53c48a223e4b55ddfb71b634efec04a47356a51c5fec50a81396cf0373a,three_row_sha256,,123ea5ce324bb82567913e1514a410f2bb582a6d8528a6ea98fbb2b74646f92c,a789b01b17129967eecd25421cde715dc938f6e3b95b30f735ff978f0882361e,0.22037397138774395,0.5290480330586433,0.2957768738269806,0.7021129131317139,1.6818821895867586,1.2454099487513304,0.37975888699293137,5.054362816736102,0.0,659.6077762078494,86.09033469110727,210.678850999102,False,False,False,ok
BNCI2014_001,ebsw_full_bscale,ebsw,full,bscale,normalized,8,3654,169,168,500,500,2,0.0002573826742342666,0.01604315038370789,,,,8.855837765849564e-05,2.793683898093503,122.7769233819667,,499.89019412404156,0.9997803882480831,,6.21449887023496,0.0021388820383457753,0.010616244364174821,0.021003211406143345,fixed_beta,0,0,17850,e72b727963af98a4bac6bc1b92c6d5cf594298ea6173cd2283df84afd11a8290,three_row_sha256,,123ea5ce324bb82567913e1514a410f2bb582a6d8528a6ea98fbb2b74646f92c,a789b01b17129967eecd25421cde715dc938f6e3b95b30f735ff978f0882361e,0.21115108393132687,0.3952740225940943,0.28524710796773434,0.5614319816231728,0.22255000658333302,0.9157347958534956,0.549802090972662,3.141191089525819,0.0,662.7489672973752,86.09033469110727,210.678850999102,False,False,False,ok
BNCI2014_001,ebsw_full_bscale,ebsw,full,bscale,normalized,8,3654,170,169,500,500,2,0.0002538176878090404,0.015931656781673412,,,,8.787292530993943e-05,2.793683898093503,122.7769233819667,,499.9113873373102,0.9998227746746204,,6.214519875454402,0.002120557423777889,0.010501305670908916,0.02087277390803531,fixed_beta,0,0,18019,0810a13c2aa001b5dd084fa2a7774d44e3e0bdd0f65cf2bcbb94ad243bb7acd3,three_row_sha256,,123ea5ce324bb82567913e1514a410f2bb582a6d8528a6ea98fbb2b74646f92c,a789b01b17129967eecd25421cde715dc938f6e3b95b30f735ff978f0882361e,0.24571316316723824,0.530115095898509,0.30933902598917484,1.9537890329957008,0.2862450201064348,0.7693590596318245,0.4257338587194681,4.52029425650835,0.0,667.2692615538836,86.09033469110727,210.678850999102,False,False,False,ok
BNCI2014_001,ebsw_full_bscale,ebsw,full,bscale,normalized,8,3654,171,170,500,500,2,0.0002454870894222233,0.015668027617483423,,,,8.661559067652402e-05,2.793683898093503,122.7769233819667,,499.91262041874944,0.9998252408374989,,6.214521120927163,0.00215721208644281,0.010501679761486587,0.0208600685927302,fixed_beta,0,0,18189,5526d078ba79d2e4d754f81a79140874892534bc5c32698c27e44c57325fc0ad,three_row_sha256,,123ea5ce324bb82567913e1514a410f2bb582a6d8528a6ea98fbb2b74646f92c,a789b01b17129967eecd25421cde715dc938f6e3b95b30f735ff978f0882361e,0.25361194275319576,0.32521504908800125,0.28689997270703316,0.9399228729307652,0.25286898016929626,3.563009202480316,0.1694709062576294,5.790998926386237,0.0,673.0602604802698,86.09033469110727,210.678850999102,False,False,False,ok
BNCI2014_001,ebsw_full_bscale,ebsw,full,bscale,normalized,8,3654,172,171,500,500,2,0.0002627024700581415,0.016208098903268745,,,,8.935623592324062e-05,2.7936838980935024,122.7769233819667,,499.88049008749795,0.9997609801749959,,6.214489914851126,0.0022018606154854737,0.010841702946523769,0.021369890657381783,fixed_beta,0,0,18360,d42346caab25554c5b262d7e5d55fb570f4adb599e8d400fdae42299d418d550,three_row_sha256,,123ea5ce324bb82567913e1514a410f2bb582a6d8528a6ea98fbb2b74646f92c,a789b01b17129967eecd25421cde715dc938f6e3b95b30f735ff978f0882361e,0.20797806791961193,0.35049906000494957,0.9747950825840235,3.7454289849847555,0.28571090660989285,0.7197191007435322,0.5134339444339275,6.797565147280693,0.0,679.8578256275505,86.09033469110727,210.678850999102,False,False,False,ok
BNCI2014_001,ebsw_full_bscale,ebsw,full,bscale,normalized,8,3654,173,172,500,500,2,0.00025029571534836105,0.01582073687754022,,,,8.717369843324731e-05,2.793683898093503,122.7769233819667,,499.8992216586472,0.9997984433172944,,6.214507853993756,0.0021217994147652345,0.010540733711021502,0.020973337851526455,fixed_beta,0,0,18532,041da576248d33288112981bb2d4570c578bc3420020c3f892e11577097e30d4,three_row_sha256,,123ea5ce324bb82567913e1514a410f2bb582a6d8528a6ea98fbb2b74646f92c,a789b01b17129967eecd25421cde715dc938f6e3b95b30f735ff978f0882361e,0.21160184405744076,0.3593799192458391,0.42853993363678455,0.5851490423083305,0.46275812201201916,1.876765862107277,0.16748509369790554,4.091679817065597,0.0,683.9495054446161,86.09033469110727,210.678850999102,False,False,False,ok
BNCI2014_001,ebsw_full_bscale,ebsw,full,bscale,normalized,8,3654,174,173,500,500,2,0.00024968599160003486,0.015801455363352923,,,,8.6904296281402e-05,2.793683898093503,122.7769233819667,,499.9036299984528,0.9998072599969057,,6.214512287455958,0.0021337572551108405,0.010551453767184547,0.020979129655894824,fixed_beta,0,0,18705,1fe478173ab00905d1d8461fc18acba1a2e3ab68ea57d1cb80daec33b9fe89c2,three_row_sha256,,123ea5ce324bb82567913e1514a410f2bb582a6d8528a6ea98fbb2b74646f92c,a789b01b17129967eecd25421cde715dc938f6e3b95b30f735ff978f0882361e,0.20140595734119415,0.37167593836784363,0.21018204279243946,0.7330570369958878,0.2338099293410778,0.5865250714123249,0.37859193980693817,2.715247916057706,0.0,686.6647533606738,86.09033469110727,210.678850999102,False,False,False,ok
BNCI2014_001,ebsw_full_bscale,ebsw,full,bscale,normalized,8,3654,175,174,500,500,2,0.0002537269134355056,0.01592880765894,6.751113826149763,0.6573081404786466,34.26918595213534,8.844714679277081e-05,2.793683898093503,122.7769233819667,,499.88445870863484,0.9997689174172697,,6.214493626228247,0.0022087758163127874,0.010742162085141511,0.02121015250526225,fixed_beta,0,0,18879,39e18c087ed9bf56a77b3f885935cb1e1f02323d6fcb127696447472224a5a0f,three_row_sha256,,123ea5ce324bb82567913e1514a410f2bb582a6d8528a6ea98fbb2b74646f92c,a789b01b17129967eecd25421cde715dc938f6e3b95b30f735ff978f0882361e,0.20932499319314957,0.30409591272473335,0.21720095537602901,0.5762900691479445,0.23402716033160686,0.6079170852899551,0.4095789045095444,2.5584350805729628,14.23178892582655,689.2231884412467,100.32212361693382,210.678850999102,False,False,False,ok
BNCI2014_001,ebsw_full_bscale,ebsw,full,bscale,normalized,8,3654,176,175,500,500,2,0.00024489222454592414,0.01564903270320323,,,,8.619740223024958e-05,2.793683898093503,122.7769233819667,,499.8927253396736,0.9997854506793472,,6.214501920036131,0.002215975247982724,0.010739381167552185,0.02120480726165034,fixed_beta,0,0,19054,3cb0926d6d4905fcc4c26d1c9c044bef4ae6e95b5ed310fce337747209063abd,three_row_sha256,,123ea5ce324bb82567913e1514a410f2bb582a6d8528a6ea98fbb2b74646f92c,a789b01b17129967eecd25421cde715dc938f6e3b95b30f735ff978f0882361e,0.30211801640689373,1.0283670853823423,0.2949570771306753,0.7481800857931376,0.35783182829618454,0.5951309576630592,0.17591891810297966,3.5025039687752724,0.0,692.725692410022,100.32212361693382,210.678850999102,False,False,False,ok
BNCI2014_001,ebsw_full_bscale,ebsw,full,bscale,normalized,8,3654,177,176,500,500,2,0.0002444818962817428,0.01563591686732002,,,,8.604220636141301e-05,2.793683898093503,122.7769233819667,,499.9065863179667,0.9998131726359334,,6.214515491510112,0.0022233937743618925,0.010641784859199865,0.021008429141103506,fixed_beta,0,0,19230,39de9fe65111dd85b557ff0787a8fbd24a29ff0b5d6c9c286e28cd4fd1083e1d,three_row_sha256,,123ea5ce324bb82567913e1514a410f2bb582a6d8528a6ea98fbb2b74646f92c,a789b01b17129967eecd25421cde715dc938f6e3b95b30f735ff978f0882361e,0.30607404187321663,0.35309791564941406,0.32071699388325214,0.8583350572735071,0.40370901115238667,0.5580629222095013,0.1791641116142273,2.979160053655505,0.0,695.7048524636775,100.32212361693382,210.678850999102,False,False,False,ok
BNCI2014_001,ebsw_full_bscale,ebsw,full,bscale,normalized,8,3654,178,177,500,500,2,0.0002605355638848831,0.016141114084377295,,,,8.8691465973689e-05,2.793683898093503,122.7769233819667,,499.90511798618274,0.9998102359723655,,6.214513656960795,0.0021185349786040195,0.010530496823045462,0.02093166415699919,fixed_beta,0,0,19407,004e63c7d8c4f13e1308f0ef0b1a526f2bae407459d180d120272e4a7cfe9bd9,three_row_sha256,,123ea5ce324bb82567913e1514a410f2bb582a6d8528a6ea98fbb2b74646f92c,a789b01b17129967eecd25421cde715dc938f6e3b95b30f735ff978f0882361e,0.20557898096740246,0.19481894560158253,0.21156389266252518,0.582174165174365,0.23533008061349392,0.5518039688467979,0.16514700837433338,2.1464170422405005,0.0,697.851269505918,100.32212361693382,210.678850999102,False,False,False,ok
BNCI2014_001,ebsw_full_bscale,ebsw,full,bscale,normalized,8,3654,179,178,500,500,2,0.00025350656594254616,0.015921889521741638,,,,8.786714723992567e-05,2.793683898093503,122.7769233819667,,499.9102457965669,0.9998204915931339,,6.21451886718483,0.0021421323405340174,0.010595162531147208,0.021013133667928036,fixed_beta,0,0,19585,177ca1c3ad5263d29be28c2447498e26d15e592b706f43abd8c75dd8ef5d50b9,three_row_sha256,,123ea5ce324bb82567913e1514a410f2bb582a6d8528a6ea98fbb2b74646f92c,a789b01b17129967eecd25421cde715dc938f6e3b95b30f735ff978f0882361e,0.2005279529839754,0.19429298117756844,0.21173106506466866,0.5742970388382673,0.2606550697237253,0.7275068201124668,0.358514953404665,2.527525881305337,0.0,700.3787953872234,100.32212361693382,210.678850999102,False,False,False,ok
BNCI2014_001,ebsw_full_bscale,ebsw,full,bscale,normalized,8,3654,180,179,500,500,2,0.0002562054358462791,0.01600641858275233,,,,8.846997108249386e-05,2.793683898093503,122.7769233819667,,499.88874463004737,0.9997774892600948,,6.2144974695320805,0.0021358656869663655,0.01056539397926685,0.020970151806152262,fixed_beta,0,0,19764,87a2d4150709083c2b748b005e7ec45005496a5e6d2a0bb5f2ab6252d7d72c57,three_row_sha256,,123ea5ce324bb82567913e1514a410f2bb582a6d8528a6ea98fbb2b74646f92c,a789b01b17129967eecd25421cde715dc938f6e3b95b30f735ff978f0882361e,0.2071969211101532,0.35397312603890896,0.41541201062500477,3.5921321250498295,0.24291709996759892,0.5546871107071638,0.16941595822572708,5.535734351724386,0.0,705.9145297389477,100.32212361693382,210.678850999102,False,False,False,ok
BNCI2014_001,ebsw_full_bscale,ebsw,full,bscale,normalized,8,3654,181,180,500,500,2,0.000251221801205027,0.015849977955979214,,,,8.72937531955751e-05,2.793683898093503,122.7769233819667,,499.90023365669043,0.9998004673133809,,6.2145090445918685,0.00219398012245776,0.010613247010556244,0.02101456803562987,fixed_beta,0,0,19944,c9250f9129e82cd0cbe10590046204394e2f2cd00fe70bba7776d32f1d2460d4,three_row_sha256,,123ea5ce324bb82567913e1514a410f2bb582a6d8528a6ea98fbb2b74646f92c,a789b01b17129967eecd25421cde715dc938f6e3b95b30f735ff978f0882361e,0.20361295901238918,0.19408203661441803,0.21032593213021755,0.5776609759777784,0.2348709385842085,2.406907035037875,0.3914970438927412,4.218956921249628,0.0,710.1334866601974,100.32212361693382,210.678850999102,False,False,False,ok
BNCI2014_001,ebsw_full_bscale,ebsw,full,bscale,normalized,8,3654,182,181,500,500,2,0.00025954349062899977,0.016110353522781545,,,,8.95647510426827e-05,2.793683898093503,122.7769233819667,,499.89698327250596,0.999793966545012,,6.2145055679517025,0.002125412717783222,0.010493673893680385,0.020897288975778205,fixed_beta,0,0,20125,e13ff299002ea55624cd9c1482e13fbfc2dec352994d8bdd1a0b400cb893193b,three_row_sha256,,123ea5ce324bb82567913e1514a410f2bb582a6d8528a6ea98fbb2b74646f92c,a789b01b17129967eecd25421cde715dc938f6e3b95b30f735ff978f0882361e,0.20965514704585075,0.19623897969722748,0.2104821614921093,0.6597640458494425,0.24994602426886559,0.5547208711504936,0.16382592730224133,2.2446331568062305,0.0,712.3781198170036,100.32212361693382,210.678850999102,False,False,False,ok
BNCI2014_001,ebsw_full_bscale,ebsw,full,bscale,normalized,8,3654,183,182,500,500,2,0.0002584754822709197,0.016077172707628654,,,,8.88285447608099e-05,2.7936838980935024,122.7769233819667,,499.8725513043191,0.9997451026086381,,6.214481674295128,0.002172937972658751,0.010687605632288238,0.021216342869526825,fixed_beta,0,0,20307,26b7b00fd208064dc4a15508957d487e2b60cd1f08afa66e1d6e34b4bd2e8c6e,three_row_sha256,,123ea5ce324bb82567913e1514a410f2bb582a6d8528a6ea98fbb2b74646f92c,a789b01b17129967eecd25421cde715dc938f6e3b95b30f735ff978f0882361e,0.20633195526897907,0.380589859560132,0.2986129838973284,0.5699768662452698,0.31597004272043705,1.2249399442225695,0.38137403316795826,3.377795685082674,0.0,715.7559155020863,100.32212361693382,210.678850999102,False,False,False,ok
BNCI2014_001,ebsw_full_bscale,ebsw,full,bscale,normalized,8,3654,184,183,500,500,2,0.000249505980043603,0.015795758292769708,,,,8.708496818020465e-05,2.793683898093503,122.7769233819667,,499.90801251367384,0.9998160250273477,,6.214516612566525,0.0021352065084814594,0.010525146391512075,0.02094713176897927,fixed_beta,0,0,20490,ea080fbfd1a9e471acea131566d4d6212e4433b3e8e356a5f48dbddbe66db17e,three_row_sha256,,123ea5ce324bb82567913e1514a410f2bb582a6d8528a6ea98fbb2b74646f92c,a789b01b17129967eecd25421cde715dc938f6e3b95b30f735ff978f0882361e,0.22822804749011993,0.19514188170433044,0.21841004490852356,0.5753010045737028,0.2356511540710926,0.5506440065801144,0.165809178724885,2.1691853180527687,0.0,717.925100820139,100.32212361693382,210.678850999102,False,False,False,ok
BNCI2014_001,ebsw_full_bscale,ebsw,full,bscale,normalized,8,3654,185,184,500,500,2,0.00024248378985997922,0.015571891017470524,,,,8.643477253342824e-05,2.7936838980935033,122.7769233819667,,499.91261581109706,0.9998252316221942,,6.214521077963559,0.002104650723687531,0.010469255088500013,0.02083891963468223,fixed_beta,0,0,20674,88ee5e4cdfbfa0f5c8fe5467170ba30719316303ee3c15f4713185088a555a48,three_row_sha256,,123ea5ce324bb82567913e1514a410f2bb582a6d8528a6ea98fbb2b74646f92c,a789b01b17129967eecd25421cde715dc938f6e3b95b30f735ff978f0882361e,0.20526000298559666,0.3664200194180012,0.2862198743969202,0.6520610768347979,0.2469469327479601,0.7261100690811872,0.4783680196851492,2.9613859951496124,0.0,720.8864868152887,100.32212361693382,210.678850999102,False,False,False,ok
BNCI2014_001,ebsw_full_bscale,ebsw,full,bscale,normalized,8,3654,186,185,500,500,2,0.00024905771894698247,0.01578156262690683,,,,8.678278615623215e-05,2.793683898093503,122.7769233819667,,499.9209020617288,0.9998418041234576,,6.214529379441996,0.002133206225187274,0.010522577902517472,0.020894903138183655,fixed_beta,0,0,20859,9408da41f353607512ecaf41c2b3f8edaeafff91fd507444ac07d17d196d4fa1,three_row_sha256,,123ea5ce324bb82567913e1514a410f2bb582a6d8528a6ea98fbb2b74646f92c,a789b01b17129967eecd25421cde715dc938f6e3b95b30f735ff978f0882361e,0.2252201084047556,0.27789315208792686,3.159443847835064,0.8204609621316195,0.28001703321933746,0.6131059490144253,0.405880156904459,5.782021209597588,0.0,726.6685080248863,100.32212361693382,210.678850999102,False,False,False,ok
BNCI2014_001,ebsw_full_bscale,ebsw,full,bscale,normalized,8,3654,187,186,500,500,2,0.0002586286633618456,0.016081935933271393,,,,8.901554074051419e-05,2.7936838980935024,122.7769233819667,,499.89917532212144,0.9997983506442429,,6.214508017104975,0.0021987901177983457,0.010639350723219,0.021059975700670447,fixed_beta,0,0,21045,5998db5d40bcfecd723c360bdacb8f518d6fc0752b029bc186b2e1f114f05238,three_row_sha256,,123ea5ce324bb82567913e1514a410f2bb582a6d8528a6ea98fbb2b74646f92c,a789b01b17129967eecd25421cde715dc938f6e3b95b30f735ff978f0882361e,0.2086979802697897,0.4618701059371233,0.30764704570174217,3.5804458893835545,0.23492705076932907,0.5475189536809921,0.16244291327893734,5.503549939021468,0.0,732.1720579639077,100.32212361693382,210.678850999102,False,False,False,ok
BNCI2014_001,ebsw_full_bscale,ebsw,full,bscale,normalized,8,3654,188,187,500,500,2,0.0002500210733489665,0.01581205468460587,,,,8.709086706131795e-05,2.793683898093503,122.7769233819667,,499.9127305420619,0.9998254610841238,,6.214521116384172,0.0021129618334773293,0.010440647092736626,0.020769611698408814,fixed_beta,0,0,21232,5742fc22a10257c5a10ec2ee5ca71e104996a679e27de8922414f26e1ecf57d2,three_row_sha256,,123ea5ce324bb82567913e1514a410f2bb582a6d8528a6ea98fbb2b74646f92c,a789b01b17129967eecd25421cde715dc938f6e3b95b30f735ff978f0882361e,0.20081596449017525,0.19409297965466976,0.20980904810130596,0.5715470761060715,0.22995704784989357,1.7291770782321692,0.1661770511418581,3.3015762455761433,0.0,735.4736342094839,100.32212361693382,210.678850999102,False,False,False,ok
BNCI2014_001,ebsw_full_bscale,ebsw,full,bscale,normalized,8,3654,189,188,500,500,2,0.0002510630577487401,0.01584496947768408,,,,8.732782508028168e-05,2.793683898093503,122.7769233819667,,499.90317782598726,0.9998063556519745,,6.214511805893219,0.0021285213438541105,0.010539107668060408,0.020982212109502373,fixed_beta,0,0,21420,0839a3b9713ad938a4acac7d223ecc476ba927c35897f7794baa1f7126473f26,three_row_sha256,,123ea5ce324bb82567913e1514a410f2bb582a6d8528a6ea98fbb2b74646f92c,a789b01b17129967eecd25421cde715dc938f6e3b95b30f735ff978f0882361e,0.21086703054606915,0.19476516172289848,0.2884829882532358,0.5911248736083508,0.43140584602952003,2.9168128967285156,0.34739100374281406,4.980849800631404,0.0,740.4544840101153,100.32212361693382,210.678850999102,False,False,False,ok
BNCI2014_001,ebsw_full_bscale,ebsw,full,bscale,normalized,8,3654,190,189,500,500,2,0.0002465835100089146,0.01570297774337449,,,,8.640859943892572e-05,2.793683898093503,122.7769233819667,,499.9142132445239,0.9998284264890479,,6.214522716498259,0.002124776805373918,0.010482650192522484,0.020841848641683397,fixed_beta,0,0,21609,429acaef49e4a90fa62218773ee30d4a09896fc16bce4dbeac8e921b58e3274d,three_row_sha256,,123ea5ce324bb82567913e1514a410f2bb582a6d8528a6ea98fbb2b74646f92c,a789b01b17129967eecd25421cde715dc938f6e3b95b30f735ff978f0882361e,0.358042074367404,0.3322560805827379,0.3054209519177675,1.068401150405407,0.42939488776028156,3.845781087875366,0.36696484312415123,6.706261076033115,0.0,747.1607450861484,100.32212361693382,210.678850999102,False,False,False,ok
BNCI2014_001,ebsw_full_bscale,ebsw,full,bscale,normalized,8,3654,191,190,500,500,2,0.00024219356149976246,0.015562569244818237,,,,8.583017039494125e-05,2.793683898093503,122.7769233819667,,499.9074586070966,0.9998149172141932,,6.214516132997739,0.0021682330798668335,0.010577798726026188,0.020989203307587124,fixed_beta,0,0,21799,d8ecc2e4a8104206b88227c54fde60d2d758cce3ff3ae0543dd590557f438106,three_row_sha256,,123ea5ce324bb82567913e1514a410f2bb582a6d8528a6ea98fbb2b74646f92c,a789b01b17129967eecd25421cde715dc938f6e3b95b30f735ff978f0882361e,0.40843687020242214,0.21643307991325855,0.23102480918169022,0.8327160030603409,0.8847329299896955,3.734086873009801,0.330556882545352,6.63798744790256,0.0,753.7987325340509,100.32212361693382,210.678850999102,False,False,False,ok
BNCI2014_001,ebsw_full_bscale,ebsw,full,bscale,normalized,8,3654,192,191,500,500,2,0.0002575699657612195,0.01604898644030892,,,,8.845871459200848e-05,2.793683898093503,122.7769233819667,,499.8928988289454,0.9997857976578909,,6.214501690362345,0.002156725081100614,0.01060089301755018,0.021030704805452313,fixed_beta,0,0,21990,0e24b5d13286de4fe08620a7f2b80da4e99eab63b95d346a01ea414c6675e0fe,three_row_sha256,,123ea5ce324bb82567913e1514a410f2bb582a6d8528a6ea98fbb2b74646f92c,a789b01b17129967eecd25421cde715dc938f6e3b95b30f735ff978f0882361e,0.37947087548673153,0.43766899034380913,0.30875205993652344,0.9392350912094116,0.560864107683301,0.7346807979047298,0.3632039297372103,3.723875852301717,0.0,757.5226083863527,100.32212361693382,210.678850999102,False,False,False,ok
BNCI2014_001,ebsw_full_bscale,ebsw,full,bscale,normalized,8,3654,193,192,500,500,2,0.00025515313702730296,0.015973513609325373,,,,8.829984768268601e-05,2.793683898093503,122.7769233819667,,499.8943827733369,0.9997887655466737,,6.21450305257242,0.0021461473590002524,0.010556895836963415,0.020961936096088728,fixed_beta,0,0,22182,2e56b2fd4a5ca50bd1f940d4afada514a10fc234ae6185e7e47ece8843c67db7,three_row_sha256,,123ea5ce324bb82567913e1514a410f2bb582a6d8528a6ea98fbb2b74646f92c,a789b01b17129967eecd25421cde715dc938f6e3b95b30f735ff978f0882361e,0.516414875164628,0.33552595414221287,0.30710198916494846,0.8777689654380083,1.595082925632596,1.6115671023726463,0.3880700096487999,5.63153182156384,0.0,763.1541402079165,100.32212361693382,210.678850999102,False,False,False,ok
BNCI2014_001,ebsw_full_bscale,ebsw,full,bscale,normalized,8,3654,194,193,500,500,2,0.0002477319513975426,0.01573950289550285,,,,8.648476117072954e-05,2.793683898093503,122.7769233819667,,499.9225736960905,0.9998451473921811,,6.214530988997648,0.002107367904796166,0.010452656289168302,0.020819380578217188,fixed_beta,0,0,22375,e1659daecd06adce70f562d7055cf950db8e5434a1e8ce59271c476f6588ba6b,three_row_sha256,,123ea5ce324bb82567913e1514a410f2bb582a6d8528a6ea98fbb2b74646f92c,a789b01b17129967eecd25421cde715dc938f6e3b95b30f735ff978f0882361e,0.36528799682855606,0.3228038549423218,0.3013878595083952,0.9350848849862814,0.46607619151473045,0.6808151956647635,0.3455809783190489,3.417036961764097,0.0,766.5711771696806,100.32212361693382,210.678850999102,False,False,False,ok
BNCI2014_001,ebsw_full_bscale,ebsw,full,bscale,normalized,8,3654,195,194,500,500,2,0.00025455480411106456,0.015954773709177594,,,,8.755078622219964e-05,2.7936838980935033,122.7769233819667,,499.9027009274311,0.9998054018548622,,6.2145112818257715,0.002115764555145898,0.010508272643694461,0.020929205517754134,fixed_beta,0,0,22569,380d26ce3c4b56f52ccce9b38224fed9da14f7bd6e5dfc62048eabf164500ec1,three_row_sha256,,123ea5ce324bb82567913e1514a410f2bb582a6d8528a6ea98fbb2b74646f92c,a789b01b17129967eecd25421cde715dc938f6e3b95b30f735ff978f0882361e,0.4858579486608505,0.3272639587521553,0.3071690443903208,0.8933611679822206,0.4330510273575783,0.7301450241357088,0.48849498853087425,3.6653431598097086,0.0,770.2365203294903,100.32212361693382,210.678850999102,False,False,False,ok
BNCI2014_001,ebsw_full_bscale,ebsw,full,bscale,normalized,8,3654,196,195,500,500,2,0.00025505296605225525,0.01597037776798831,,,,8.80072659694543e-05,2.793683898093503,122.7769233819667,,499.90521618656436,0.9998104323731287,,6.214513826859924,0.0021439601517079924,0.01055056108298039,0.020974124277484088,fixed_beta,0,0,22764,0d0f21280718dd914731c14a1b7c0cdac5e9eb17a975d145bd50164b3270935d,three_row_sha256,,123ea5ce324bb82567913e1514a410f2bb582a6d8528a6ea98fbb2b74646f92c,a789b01b17129967eecd25421cde715dc938f6e3b95b30f735ff978f0882361e,0.21850992925465107,0.3610330168157816,0.288570998236537,1.9120050128549337,0.2555251121520996,0.7097369525581598,0.38361200131475925,4.128993023186922,0.0,774.3655133526772,100.32212361693382,210.678850999102,False,False,False,ok
BNCI2014_001,ebsw_full_bscale,ebsw,full,bscale,normalized,8,3654,197,196,500,500,2,0.00024919899898028387,0.01578603810271228,,,,8.713761376411446e-05,2.793683898093503,122.7769233819667,,499.89838117645303,0.999796762352906,,6.214507073878178,0.002132572709668647,0.010563198410629238,0.020992113379045753,fixed_beta,0,0,22960,4f061581f9f32512449a9cd2ffdcfd096e9c6017553e9e28510f0c31c39a8797,three_row_sha256,,123ea5ce324bb82567913e1514a410f2bb582a6d8528a6ea98fbb2b74646f92c,a789b01b17129967eecd25421cde715dc938f6e3b95b30f735ff978f0882361e,0.20716898143291473,0.33049285411834717,0.28791604563593864,0.7634439971297979,0.2442758996039629,0.7129211444407701,0.3734780475497246,2.919696969911456,0.0,777.2852103225887,100.32212361693382,210.678850999102,False,False,False,ok
BNCI2014_001,ebsw_full_bscale,ebsw,full,bscale,normalized,8,3654,198,197,500,500,2,0.00024481019700083083,0.015646411633369193,,,,8.646043706103455e-05,2.793683898093503,122.7769233819667,,499.912063128057,0.999824126256114,,6.214520560230474,0.00212712777363786,0.010514864796957128,0.020890197467830964,fixed_beta,0,0,23157,4967074eabe47bf690c4ffa2db8cc2a0aaadf23146a25d036ffb9998779ab6b2,three_row_sha256,,123ea5ce324bb82567913e1514a410f2bb582a6d8528a6ea98fbb2b74646f92c,a789b01b17129967eecd25421cde715dc938f6e3b95b30f735ff978f0882361e,0.2120251301676035,0.3451108932495117,0.28883316554129124,0.6236410699784756,0.29912497848272324,0.8087491150945425,0.37666200660169125,2.954146359115839,0.0,780.2393566817045,100.32212361693382,210.678850999102,False,False,False,ok
BNCI2014_001,ebsw_full_bscale,ebsw,full,bscale,normalized,8,3654,199,198,500,500,2,0.00024405574356609804,0.015622283557985306,,,,8.609372780200764e-05,2.793683898093503,122.7769233819667,,499.91301201019513,0.9998260240203903,,6.214521562514924,0.002143930033103433,0.010533502141801158,0.020927939533667637,fixed_beta,0,0,23355,9b9d833d08935e37b46e01bf3428f087275f77ad92d78a7f55d378025f9fae65,three_row_sha256,,123ea5ce324bb82567913e1514a410f2bb582a6d8528a6ea98fbb2b74646f92c,a789b01b17129967eecd25421cde715dc938f6e3b95b30f735ff978f0882361e,0.21854299120604992,0.41222013533115387,0.2890140749514103,1.3793841935694218,0.24187401868402958,0.5974310915917158,0.3692351747304201,3.5077016800642014,0.0,783.7470583617687,100.32212361693382,210.678850999102,False,False,False,ok
BNCI2014_001,ebsw_full_bscale,ebsw,full,bscale,normalized,8,3654,200,199,500,500,2,0.0002501227098712346,0.015815268251636917,6.714680083326763,0.6537608449712146,34.62391550287854,8.719114440832587e-05,2.793683898093503,122.7769233819667,,499.908156010545,0.99981631202109,,6.214516909740327,0.0021682871681785896,0.01064933393888004,0.02101372756606841,fixed_beta,0,0,23554,9f80914a89744b3494fd37e80c54fbf1ef56a14254bef44883189f0c9abe0e93,three_row_sha256,,123ea5ce324bb82567913e1514a410f2bb582a6d8528a6ea98fbb2b74646f92c,a789b01b17129967eecd25421cde715dc938f6e3b95b30f735ff978f0882361e,0.21045817993581295,0.19461684860289097,0.2111599314957857,1.3404770288616419,0.2670909743756056,0.7393560372292995,0.3952931147068739,3.3584521152079105,12.269543018192053,787.1055104769766,112.59166663512588,210.678850999102,False,False,False,ok
BNCI2014_001,ebsw_full_bscale,ebsw,full,bscale,normalized,8,3654,201,200,500,500,2,0.0002475138413555149,0.015732572623557626,,,,8.681220751614018e-05,2.793683898093503,122.7769233819667,,499.89892645097876,0.9997978529019576,,6.214507660980497,0.002156823788067576,0.010592525623235753,0.020987692691037018,fixed_beta,0,0,23754,41efff7e05929b0e2c80f27f331db4e325200eb260538e8f1bf8b5c6ff972ee2,three_row_sha256,,123ea5ce324bb82567913e1514a410f2bb582a6d8528a6ea98fbb2b74646f92c,a789b01b17129967eecd25421cde715dc938f6e3b95b30f735ff978f0882361e,1.4934451319277287,0.1962680835276842,0.2160149160772562,0.6646940018981695,0.2594110555946827,0.821359921246767,0.38842204958200455,4.039615159854293,0.0,791.1451256368309,112.59166663512588,261.61915995180607,False,False,False,ok
BNCI2014_001,ebsw_full_bscale,ebsw,full,bscale,normalized,8,3654,202,201,500,500,2,0.0002476436231332452,0.015736696703350588,,,,8.708611926250681e-05,2.7936838980935024,122.7769233819667,,499.91123423651453,0.9998224684730291,,6.214519740482852,0.002100357718127158,0.010472076443276114,0.020888415696137374,fixed_beta,0,0,23955,e006a43df70f3ef48c93192d7a7ae4ed51a3043eba7528a870548a27e6ede06f,three_row_sha256,,123ea5ce324bb82567913e1514a410f2bb582a6d8528a6ea98fbb2b74646f92c,a789b01b17129967eecd25421cde715dc938f6e3b95b30f735ff978f0882361e,0.2555230166763067,0.3524229396134615,0.3869899082928896,1.1696338187903166,0.2969729248434305,0.7380670867860317,0.4001930356025696,3.599802730605006,0.0,794.7449283674359,112.59166663512588,261.61915995180607,False,False,False,ok
BNCI2014_001,ebsw_full_bscale,ebsw,full,bscale,normalized,8,3654,203,202,500,500,2,0.00024952194948162066,0.015796263782351213,,,,8.697929434985772e-05,2.7936838980935033,122.7769233819667,,499.90005294520085,0.9998001058904017,,6.21450872226331,0.002116477132107341,0.010558076989218897,0.020997092446966178,fixed_beta,0,0,24157,3909632c010b99f62c5b6dfecf0fea33acf05390c8200e8b0c9fce2de792384d,three_row_sha256,,123ea5ce324bb82567913e1514a410f2bb582a6d8528a6ea98fbb2b74646f92c,a789b01b17129967eecd25421cde715dc938f6e3b95b30f735ff978f0882361e,0.3746070433408022,0.3362030256539583,0.2890429459512234,0.6031659431755543,0.36679417826235294,0.7458580657839775,0.49843708984553814,3.2141082920134068,0.0,797.9590366594493,112.59166663512588,261.61915995180607,False,False,False,ok
BNCI2014_001,ebsw_full_bscale,ebsw,full,bscale,normalized,8,3654,204,203,500,500,2,0.00024541082458480815,0.01566559365567766,,,,8.61704276013665e-05,2.793683898093503,122.7769233819667,,499.9095506332777,0.9998191012665555,,6.2145180472908965,0.0021120015367010227,0.010478754058691008,0.020869723255208812,fixed_beta,0,0,24360,ca9344bc8542970259185687b43e0f83e418ceb02aac0a5df897ab797d0c26cc,three_row_sha256,,123ea5ce324bb82567913e1514a410f2bb582a6d8528a6ea98fbb2b74646f92c,a789b01b17129967eecd25421cde715dc938f6e3b95b30f735ff978f0882361e,0.2056560479104519,0.342861982062459,0.2946190070360899,0.9080749005079269,0.24684914387762547,0.837055966258049,0.35613286308944225,3.1912499107420444,0.0,801.1502865701914,112.59166663512588,261.61915995180607,False,False,False,ok
BNCI2014_001,ebsw_full_bscale,ebsw,full,bscale,normalized,8,3654,205,204,500,500,2,0.0002568433663959214,0.016026333529410942,,,,8.879036363417798e-05,2.7936838980935033,122.7769233819667,,499.9086440889102,0.9998172881778205,,6.214517199867677,0.0021073366653606295,0.010517454168459117,0.020953998658880587,fixed_beta,0,0,24564,722e5a80582f955527873458264cc51e32082713ede6aa7efdb9b6b90fcf4450,three_row_sha256,,123ea5ce324bb82567913e1514a410f2bb582a6d8528a6ea98fbb2b74646f92c,a789b01b17129967eecd25421cde715dc938f6e3b95b30f735ff978f0882361e,0.20472286269068718,0.34870998933911324,0.21129893139004707,1.3617561198771,0.2766069956123829,0.7360700983554125,0.4022738430649042,3.541438840329647,0.0,804.691725410521,112.59166663512588,261.61915995180607,False,False,False,ok
BNCI2014_001,ebsw_full_bscale,ebsw,full,bscale,normalized,8,3654,206,205,500,500,2,0.00025788340976242314,0.016058748698526394,,,,8.8481129539568e-05,2.793683898093503,122.7769233819667,,499.9088550880133,0.9998177101760266,,6.214517382805189,0.002108306495411495,0.01045147429985097,0.020855386953940496,fixed_beta,0,0,24769,e56492d47f8dda35bcd815bb37a38671cc8db223d7ad127a53adbbe653fd2ce5,three_row_sha256,,123ea5ce324bb82567913e1514a410f2bb582a6d8528a6ea98fbb2b74646f92c,a789b01b17129967eecd25421cde715dc938f6e3b95b30f735ff978f0882361e,0.20520202815532684,0.382081838324666,0.2871949691325426,0.722142169252038,0.2875060308724642,0.6646090187132359,0.3683080431073904,2.917044097557664,0.0,807.6087695080787,112.59166663512588,261.61915995180607,False,False,False,ok
BNCI2014_001,ebsw_full_bscale,ebsw,full,bscale,normalized,8,3654,207,206,500,500,2,0.0002483237830110091,0.015758292515720387,,,,8.694153419949292e-05,2.793683898093503,122.7769233819667,,499.9118533305384,0.9998237066610768,,6.214520378007812,0.0021175801859406756,0.01051967020757797,0.02088708229136357,fixed_beta,0,0,24975,6aba20ed0e0ee5b1228304c1e9098f188e63a4f2a6e8d456c445874be88defa8,three_row_sha256,,123ea5ce324bb82567913e1514a410f2bb582a6d8528a6ea98fbb2b74646f92c,a789b01b17129967eecd25421cde715dc938f6e3b95b30f735ff978f0882361e,0.2087489701807499,0.37233089096844196,0.39660604670643806,0.8920230902731419,0.2521681599318981,0.726460013538599,0.4003020003437996,3.2486391719430685,0.0,810.8574086800218,112.59166663512588,261.61915995180607,False,False,False,ok
BNCI2014_001,ebsw_full_bscale,ebsw,full,bscale,normalized,8,3654,208,207,500,500,2,0.0002496279772672516,0.015799619529192833,,,,8.654773380161256e-05,2.793683898093503,122.7769233819667,,499.9045881714823,0.9998091763429646,,6.21451316633085,0.0021210441008909816,0.010499851417297918,0.020908077139582787,fixed_beta,0,0,25182,5ce8ad69270739267804accc697f7d193a2060df3b7b8941b3db75ae8bc3c4e2,three_row_sha256,,123ea5ce324bb82567913e1514a410f2bb582a6d8528a6ea98fbb2b74646f92c,a789b01b17129967eecd25421cde715dc938f6e3b95b30f735ff978f0882361e,0.20390190184116364,0.19606389105319977,0.21102605387568474,1.3868850655853748,0.4300391301512718,0.7378130685538054,0.38832705467939377,3.554056165739894,0.0,814.4114648457617,112.59166663512588,261.61915995180607,False,False,False,ok
BNCI2014_001,ebsw_full_bscale,ebsw,full,bscale,normalized,8,3654,209,208,500,500,2,0.0002424612799950373,0.015571168228332686,,,,8.56296097973267e-05,2.793683898093503,122.7769233819667,,499.92298749246004,0.9998459749849201,,6.214531384376673,0.002109275936891203,0.010468257691637043,0.020811040280212918,fixed_beta,0,0,25390,38463b0e7b52ef8afa2f8366b80a57c81fe2cc91af6cb362a129e861e7d4865e,three_row_sha256,,123ea5ce324bb82567913e1514a410f2bb582a6d8528a6ea98fbb2b74646f92c,a789b01b17129967eecd25421cde715dc938f6e3b95b30f735ff978f0882361e,0.25372300297021866,0.3738468512892723,0.2874569036066532,0.7350579835474491,0.37491018883883953,3.4876689314842224,0.376750947907567,5.889414809644222,0.0,820.3008796554059,112.59166663512588,261.61915995180607,False,False,False,ok
BNCI2014_001,ebsw_full_bscale,ebsw,full,bscale,normalized,8,3654,210,209,500,500,2,0.0002542100041595161,0.015943964505715513,,,,8.78654366910084e-05,2.793683898093503,122.7769233819667,,499.89191528429023,0.9997838305685804,,6.214500702182244,0.0021447968474674487,0.010593661071146803,0.021058152770672946,fixed_beta,0,0,25599,2694267b29f49167f03d729438ef4d0da4ba163da32068850d6a1c58c819b10c,three_row_sha256,,123ea5ce324bb82567913e1514a410f2bb582a6d8528a6ea98fbb2b74646f92c,a789b01b17129967eecd25421cde715dc938f6e3b95b30f735ff978f0882361e,0.21170801483094692,0.4673791117966175,0.2927829045802355,0.7883301004767418,0.535222003236413,1.1520471889525652,0.9822091087698936,4.4296784326434135,0.0,824.7305580880493,112.59166663512588,261.61915995180607,False,False,False,ok
BNCI2014_001,ebsw_full_bscale,ebsw,full,bscale,normalized,8,3654,211,210,500,500,2,0.0002569649326810664,0.016030125784942124,,,,8.87798620433831e-05,2.793683898093503,122.7769233819667,,499.89407432135107,0.9997881486427022,,6.214502848507769,0.0021627521509459333,0.010601919193272115,0.021062947020415633,fixed_beta,0,0,25809,15e782cbd6a6001795773899c98152e28a3070e7ad2fa7c23b85728993660c04,three_row_sha256,,123ea5ce324bb82567913e1514a410f2bb582a6d8528a6ea98fbb2b74646f92c,a789b01b17129967eecd25421cde715dc938f6e3b95b30f735ff978f0882361e,0.20018895156681538,0.3230839502066374,0.28913398273289204,0.5959540139883757,0.2546110190451145,0.7342929020524025,0.35098008811473846,2.748244907706976,0.0,827.4788029957563,112.59166663512588,261.61915995180607,False,False,False,ok
BNCI2014_001,ebsw_full_bscale,ebsw,full,bscale,normalized,8,3654,212,211,500,500,2,0.0002516677953517593,0.01586404095278877,,,,8.774319914498238e-05,2.793683898093503,122.7769233819667,,499.885081302389,0.999770162604778,,6.214494022866307,0.002155912859666388,0.010654857669810605,0.02110994698300861,fixed_beta,0,0,26020,1bd347ce112cd7f803056a6058a858c195484d84b09cc6b06409cf8ac1d2f859,three_row_sha256,,123ea5ce324bb82567913e1514a410f2bb582a6d8528a6ea98fbb2b74646f92c,a789b01b17129967eecd25421cde715dc938f6e3b95b30f735ff978f0882361e,0.2297938335686922,0.39151706732809544,0.29256497509777546,0.7158240769058466,0.4869971890002489,0.7410859689116478,0.39055501110851765,3.248338121920824,0.0,830.7271411176771,112.59166663512588,261.61915995180607,False,False,False,ok
BNCI2014_001,ebsw_full_bscale,ebsw,full,bscale,normalized,8,3654,213,212,500,500,2,0.00024738967545982597,0.01572862598766421,,,,8.618448959512478e-05,2.793683898093503,122.7769233819667,,499.90596154751006,0.9998119230950201,,6.214514555507274,0.0021159583054320367,0.01051513992592051,0.020927749429751778,fixed_beta,0,0,26232,ca10b6f57c5f27ae291d9ce0711d4712d5b93405faa1565d2182ed817284dcc8,three_row_sha256,,123ea5ce324bb82567913e1514a410f2bb582a6d8528a6ea98fbb2b74646f92c,a789b01b17129967eecd25421cde715dc938f6e3b95b30f735ff978f0882361e,0.23405719548463821,0.19482895731925964,0.21698884665966034,1.4101669657975435,0.2774270251393318,0.7642288692295551,0.4155430942773819,3.5132409539073706,0.0,834.2403820715845,112.59166663512588,261.61915995180607,False,False,False,ok
BNCI2014_001,ebsw_full_bscale,ebsw,full,bscale,normalized,8,3654,214,213,500,500,2,0.0002618591689533262,0.016182063185926764,,,,8.927650728087176e-05,2.793683898093503,122.7769233819667,,499.8905203661546,0.9997810407323092,,6.214499147849392,0.0021490603972216713,0.010554884543161532,0.02094344514972713,fixed_beta,0,0,26445,2b398b99e9642470c90972b6aeef206fc68c05f5e5edae2994fac05b5b1f97fe,three_row_sha256,,123ea5ce324bb82567913e1514a410f2bb582a6d8528a6ea98fbb2b74646f92c,a789b01b17129967eecd25421cde715dc938f6e3b95b30f735ff978f0882361e,0.2506989985704422,0.39033382199704647,0.28969207778573036,0.7159439846873283,0.48255803994834423,0.9010969661176205,0.42158481664955616,3.4519087057560682,0.0,837.6922907773405,112.59166663512588,261.61915995180607,False,False,False,ok
BNCI2014_001,ebsw_full_bscale,ebsw,full,bscale,normalized,8,3654,215,214,500,500,2,0.0002559016539917712,0.015996926392022038,,,,8.847027558559621e-05,2.793683898093503,122.7769233819667,,499.8919565633595,0.999783913126719,,6.214500692194756,0.0021628287207154174,0.010578478960797132,0.020997762305652083,fixed_beta,0,0,26659,3cdfdfa0de5125399176d299fd4e7da576d4ab79a977dbbad56d974d92dbc56d,three_row_sha256,,123ea5ce324bb82567913e1514a410f2bb582a6d8528a6ea98fbb2b74646f92c,a789b01b17129967eecd25421cde715dc938f6e3b95b30f735ff978f0882361e,0.2047899179160595,0.3539831377565861,0.3728540614247322,1.1682850308716297,0.28917985036969185,0.7660058327019215,0.41504204273223877,3.5701398737728596,0.0,841.2624306511134,112.59166663512588,261.61915995180607,False,False,False,ok
BNCI2014_001,ebsw_full_bscale,ebsw,full,bscale,normalized,8,3654,216,215,500,500,2,0.0002451553889132133,0.015657438772456154,,,,8.633931580843518e-05,2.793683898093503,122.7769233819667,,499.9194494889716,0.9998388989779433,,6.2145278859318225,0.002103302641234668,0.010478221022846828,0.02085096192194029,fixed_beta,0,0,26874,477596fcf0b19d4b0d7b139dfa2012717eb5fd7ac3f8c27dba106ccc2f2d86aa,three_row_sha256,,123ea5ce324bb82567913e1514a410f2bb582a6d8528a6ea98fbb2b74646f92c,a789b01b17129967eecd25421cde715dc938f6e3b95b30f735ff978f0882361e,0.2156440168619156,0.49302796833217144,0.30155107378959656,0.6189430132508278,0.49543497152626514,0.7125840056687593,1.7275649588555098,4.564750008285046,0.0,845.8271806593984,112.59166663512588,261.61915995180607,False,False,False,ok
BNCI2014_001,ebsw_full_bscale,ebsw,full,bscale,normalized,8,3654,217,216,500,500,2,0.0002497970123786058,0.015804967965124313,,,,8.674710004841033e-05,2.793683898093503,122.7769233819667,,499.91736224881424,0.9998347244976286,,6.214525792742465,0.0021023212795574417,0.010426007270519417,0.020798557978865984,fixed_beta,0,0,27090,58a846b86f09650f746dc6553e441a21da554f3c05c4ccb9f72218a2b78a9474,three_row_sha256,,123ea5ce324bb82567913e1514a410f2bb582a6d8528a6ea98fbb2b74646f92c,a789b01b17129967eecd25421cde715dc938f6e3b95b30f735ff978f0882361e,0.20049093291163445,0.351425027474761,0.38325879722833633,1.1733011342585087,0.2913200296461582,0.7235030643641949,0.348556088283658,3.4718550741672516,0.0,849.2990357335657,112.59166663512588,261.61915995180607,False,False,False,ok
BNCI2014_001,ebsw_full_bscale,ebsw,full,bscale,normalized,8,3654,218,217,500,500,2,0.00025192559943397713,0.01587216429583493,,,,8.723952252379017e-05,2.793683898093503,122.7769233819667,,499.9157488039518,0.9998314976079036,,6.214524184854659,0.0021195565300581812,0.010466020683313168,0.02082823565482963,fixed_beta,0,0,27307,044bb9a2b1b8d877520de979c8898ddc84ab09f34c82bd78b72ff2b49b9d575e,three_row_sha256,,123ea5ce324bb82567913e1514a410f2bb582a6d8528a6ea98fbb2b74646f92c,a789b01b17129967eecd25421cde715dc938f6e3b95b30f735ff978f0882361e,0.20574009977281094,0.31687901355326176,0.28874888084828854,0.7271161302924156,0.2348839771002531,0.6487697828561068,0.36164000630378723,2.783777890726924,0.0,852.0828136242926,112.59166663512588,261.61915995180607,False,False,False,ok
BNCI2014_001,ebsw_full_bscale,ebsw,full,bscale,normalized,8,3654,219,218,500,500,2,0.00024584660637372616,0.01567949636862505,,,,8.628058473458251e-05,2.793683898093503,122.7769233819667,,499.90493776592,0.9998098755318401,,6.2145136327717925,0.0021603377185812453,0.010603505777892226,0.020983073194287556,fixed_beta,0,0,27525,91a8b639e0a0190960959aa0152565b7e048aa1c485501b2accafa53669844be,three_row_sha256,,123ea5ce324bb82567913e1514a410f2bb582a6d8528a6ea98fbb2b74646f92c,a789b01b17129967eecd25421cde715dc938f6e3b95b30f735ff978f0882361e,0.2155869733542204,0.46413298696279526,0.29127695597708225,0.58939796872437,0.30000205151736736,2.0405028481036425,0.17261900939047337,4.073518794029951,0.0,856.1563324183226,112.59166663512588,261.61915995180607,False,False,False,ok
BNCI2014_001,ebsw_full_bscale,ebsw,full,bscale,normalized,8,3654,220,219,500,500,2,0.0002480127434298106,0.01574842034712722,,,,8.68583547219344e-05,2.793683898093503,122.7769233819667,,499.91521945073157,0.9998304389014632,,6.214523764634725,0.002147300730000687,0.01052164570531302,0.020898950106633438,fixed_beta,0,0,27744,2e46f562a8d5d92e1d1c27e368497e8d5752995bcc286ac40151f9f7d8d40ce6,three_row_sha256,,123ea5ce324bb82567913e1514a410f2bb582a6d8528a6ea98fbb2b74646f92c,a789b01b17129967eecd25421cde715dc938f6e3b95b30f735ff978f0882361e,0.23739994503557682,0.39274198934435844,0.2886319998651743,0.5645118653774261,0.3302302211523056,0.822009053081274,0.35338103771209717,2.9889061115682125,0.0,859.1452385298908,112.59166663512588,261.61915995180607,False,False,False,ok
BNCI2014_001,ebsw_full_bscale,ebsw,full,bscale,normalized,8,3654,221,220,500,500,2,0.0002537055545175671,0.015928137195465358,,,,8.803430523877713e-05,2.793683898093503,122.7769233819667,,499.88645276783353,0.9997729055356671,,6.21449531444223,0.0021513488920565315,0.010612173571642972,0.021045978420891134,fixed_beta,0,0,27964,1c8d7b9f310bce1f5ca835fdd4f6f86b14f6586423f88d89ffb876394468fab3,three_row_sha256,,123ea5ce324bb82567913e1514a410f2bb582a6d8528a6ea98fbb2b74646f92c,a789b01b17129967eecd25421cde715dc938f6e3b95b30f735ff978f0882361e,0.326043926179409,0.33252802677452564,0.29014586471021175,0.5569951608777046,0.4068149719387293,0.7140061352401972,0.36644493229687214,2.9929790180176497,0.0,862.1382175479084,112.59166663512588,261.61915995180607,False,False,False,ok
BNCI2014_001,ebsw_full_bscale,ebsw,full,bscale,normalized,8,3654,222,221,500,500,2,0.0002595121850125276,0.016109381894179788,,,,8.921898493818468e-05,2.7936838980935033,122.7769233819667,,499.88416232972105,0.9997683246594421,,6.214493303657658,0.002223769349971817,0.010733166461457678,0.021178446064483783,fixed_beta,0,0,28185,98f15bcc45c83f532bac3c79d3b7415388082a82f08a9ad5bc7b510bd0772aad,three_row_sha256,,123ea5ce324bb82567913e1514a410f2bb582a6d8528a6ea98fbb2b74646f92c,a789b01b17129967eecd25421cde715dc938f6e3b95b30f735ff978f0882361e,0.20417990162968636,0.46911113895475864,0.28663501143455505,0.5495559889823198,0.28294092044234276,1.7199879512190819,0.15190104022622108,3.6643119528889656,0.0,865.8025295007974,112.59166663512588,261.61915995180607,False,False,False,ok
BNCI2014_001,ebsw_full_bscale,ebsw,full,bscale,normalized,8,3654,223,222,500,500,2,0.0002521465571881592,0.015879123312959036,,,,8.795948668425862e-05,2.793683898093503,122.7769233819667,,499.90159176542545,0.999803183530851,,6.214510232166602,0.0021329404512474485,0.010571944848060212,0.020965175959920517,fixed_beta,0,0,28407,f175d58d8ac2cf6db55a516721aeda3e52af77305b9c98c58a32b6bfe34f37b2,three_row_sha256,,123ea5ce324bb82567913e1514a410f2bb582a6d8528a6ea98fbb2b74646f92c,a789b01b17129967eecd25421cde715dc938f6e3b95b30f735ff978f0882361e,0.23580878041684628,0.33504702150821686,0.3151451237499714,0.5361707881093025,0.2960730344057083,0.7178480736911297,0.34312414936721325,2.7792169712483883,0.0,868.5817464720458,112.59166663512588,261.61915995180607,False,False,False,ok
BNCI2014_001,ebsw_full_bscale,ebsw,full,bscale,normalized,8,3654,224,223,500,500,2,0.00025121730063850517,0.015849835981438583,,,,8.721050180448153e-05,2.793683898093503,122.7769233819667,,499.9111227956699,0.9998222455913398,,6.2145195979544265,0.0020972217981419885,0.010456868496148453,0.020840392804399914,fixed_beta,0,0,28630,218bc9070a3e845eda1474a45abe764c7360e89763ebcec32db017c2a20f0b8d,three_row_sha256,,123ea5ce324bb82567913e1514a410f2bb582a6d8528a6ea98fbb2b74646f92c,a789b01b17129967eecd25421cde715dc938f6e3b95b30f735ff978f0882361e,0.1956240739673376,0.33231801353394985,0.2864890266209841,0.542560126632452,0.2282680943608284,0.6851470097899437,0.3666819538921118,2.6370882987976074,0.0,871.2188347708434,112.59166663512588,261.61915995180607,False,False,False,ok
BNCI2014_001,ebsw_full_bscale,ebsw,full,bscale,normalized,8,3654,225,224,500,500,2,0.00025223596693539765,0.015881938387218283,6.640953071500789,0.6465825679795473,35.34174320204527,8.758299284941212e-05,2.793683898093503,122.7769233819667,,499.90692513716874,0.9998138502743376,,6.2145155914106365,0.002165401186854916,0.010542742030089673,0.020961386549197644,fixed_beta,0,0,28854,f1e0ddabd74b935514c7fc16150c0d2c09d893238498b8d5d7098a83cdc5d69d,three_row_sha256,,123ea5ce324bb82567913e1514a410f2bb582a6d8528a6ea98fbb2b74646f92c,a789b01b17129967eecd25421cde715dc938f6e3b95b30f735ff978f0882361e,0.3121420741081238,0.33841002732515335,0.28525106608867645,0.5687079392373562,0.38313702680170536,0.8729950059205294,0.47358893789350986,3.2342320773750544,9.645624086260796,874.4530668482184,122.23729072138667,261.61915995180607,False,False,False,ok
BNCI2014_001,ebsw_full_bscale,ebsw,full,bscale,normalized,8,3654,226,225,500,500,2,0.00024813503552179175,0.015752302546668907,,,,8.675808621860726e-05,2.793683898093503,122.7769233819667,,499.9013931281816,0.9998027862563632,,6.214510108314965,0.002141225368263473,0.010606704191634495,0.021048481321097635,fixed_beta,0,0,29079,eb9ce52a74e9b68190334342735ac8781ae008cce4a9baf2ede6190a2befe499,three_row_sha256,,123ea5ce324bb82567913e1514a410f2bb582a6d8528a6ea98fbb2b74646f92c,a789b01b17129967eecd25421cde715dc938f6e3b95b30f735ff978f0882361e,0.25724899023771286,0.36834203638136387,0.30688801780343056,0.7151549216359854,0.4203470889478922,0.6941459141671658,0.550311990082264,3.3124389592558146,0.0,877.7655058074743,122.23729072138667,261.61915995180607,False,False,False,ok
BNCI2014_001,ebsw_full_bscale,ebsw,full,bscale,normalized,8,3654,227,226,500,500,2,0.0002490483385776672,0.01578126543017597,,,,8.711543404581082e-05,2.793683898093503,122.7769233819667,,499.89792479356737,0.9997958495871347,,6.214506658922083,0.002130387133916934,0.010581744806673354,0.02104596149583144,fixed_beta,0,0,29305,c3be9dd1f9c5245386dd61d536b63650bbb74b5b921a0ae18e06340d5b4c5d2d,three_row_sha256,,123ea5ce324bb82567913e1514a410f2bb582a6d8528a6ea98fbb2b74646f92c,a789b01b17129967eecd25421cde715dc938f6e3b95b30f735ff978f0882361e,1.574201975017786,1.0512000881135464,0.29267300851643085,0.5459180101752281,0.3263959661126137,0.973452115431428,0.38543203845620155,5.149273201823235,0.0,882.9147790092975,122.23729072138667,261.61915995180607,False,False,False,ok
BNCI2014_001,ebsw_full_bscale,ebsw,full,bscale,normalized,8,3654,228,227,500,500,2,0.0002535396900917083,0.015922929695621604,,,,8.803016109259347e-05,2.7936838980935033,122.7769233819667,,499.8919623133715,0.999783924626743,,6.214500913455851,0.002162518179693102,0.010676113346197664,0.02115324487157092,fixed_beta,0,0,29532,96ecc66ce7bea0489bd6ee422388f9b7e37fb2fbc4e5d9221573c0bedeb56789,three_row_sha256,,123ea5ce324bb82567913e1514a410f2bb582a6d8528a6ea98fbb2b74646f92c,a789b01b17129967eecd25421cde715dc938f6e3b95b30f735ff978f0882361e,0.35127298906445503,0.41139405220746994,0.40977285243570805,0.7444859948009253,0.4592370241880417,1.872433116659522,0.4148229490965605,4.6634189784526825,0.0,887.5781979877502,122.23729072138667,261.61915995180607,False,False,False,ok
BNCI2014_001,ebsw_full_bscale,ebsw,full,bscale,normalized,8,3654,229,228,500,500,2,0.00023913141347259054,0.015463874465107072,,,,8.511495127797231e-05,2.793683898093503,122.7769233819667,,499.9243252442489,0.9998486504884978,,6.214532662664849,0.0020951386475892893,0.01039620518887862,0.02072450124424987,fixed_beta,0,0,29760,bbfbd712681bf8fe6a4c9126d928a9c84426404149c147b1e04585f0548d3f85,three_row_sha256,,123ea5ce324bb82567913e1514a410f2bb582a6d8528a6ea98fbb2b74646f92c,a789b01b17129967eecd25421cde715dc938f6e3b95b30f735ff978f0882361e,0.19810814410448074,0.3520969767123461,0.29479991644620895,0.5806360859423876,0.30745193362236023,1.077490160241723,0.48620300367474556,3.296786220744252,0.0,890.8749842084944,122.23729072138667,261.61915995180607,False,False,False,ok
BNCI2014_001,ebsw_full_bscale,ebsw,full,bscale,normalized,8,3654,230,229,500,500,2,0.00025245224226609647,0.015888745773851895,,,,8.784035952795064e-05,2.793683898093503,122.7769233819667,,499.8934580463709,0.9997869160927417,,6.2145024212825835,0.002146286250380131,0.010686110606397275,0.02117688239433563,fixed_beta,0,0,29989,490de1afb3f755f5659d5d16dd229b0a6204de9aea174e55952f82bb1200d07e,three_row_sha256,,123ea5ce324bb82567913e1514a410f2bb582a6d8528a6ea98fbb2b74646f92c,a789b01b17129967eecd25421cde715dc938f6e3b95b30f735ff978f0882361e,0.2190710511058569,0.438150018453598,0.3154061269015074,0.6112658884376287,0.43025100603699684,0.7539179641753435,0.15593296848237514,2.9239950235933065,0.0,893.7989792320877,122.23729072138667,261.61915995180607,False,False,False,ok
BNCI2014_001,ebsw_full_bscale,ebsw,full,bscale,normalized,8,3654,231,230,500,500,2,0.0002500984818809786,0.015814502264724573,,,,8.687987382324214e-05,2.793683898093503,122.7769233819667,,499.8977596454327,0.9997955192908654,,6.214506472545169,0.002138685477180028,0.010575525432882177,0.02102016422650444,fixed_beta,0,0,30219,b2cdc089553de6320117b19ff6392857a2d4de87315b91644b1dbf03ca9710ab,three_row_sha256,,123ea5ce324bb82567913e1514a410f2bb582a6d8528a6ea98fbb2b74646f92c,a789b01b17129967eecd25421cde715dc938f6e3b95b30f735ff978f0882361e,0.31461287289857864,0.19483803771436214,0.2101899590343237,0.5169541109353304,0.9902259334921837,0.7639292161911726,0.3667040728032589,3.35745420306921,0.0,897.1564334351569,122.23729072138667,261.61915995180607,False,False,False,ok
BNCI2014_001,ebsw_full_bscale,ebsw,full,bscale,normalized,8,3654,232,231,500,500,2,0.00024257975379926396,0.015574972032053989,,,,8.561381232336863e-05,2.7936838980935033,122.7769233819667,,499.9153164840975,0.9998306329681951,,6.214523836163413,0.0021409544499779087,0.010510985489764098,0.02087424207416898,fixed_beta,0,0,30450,0695c7a4876fdfc5c45dd53773dea34a416e7a74679cd99f257d7b0b8c47ad0c,three_row_sha256,,123ea5ce324bb82567913e1514a410f2bb582a6d8528a6ea98fbb2b74646f92c,a789b01b17129967eecd25421cde715dc938f6e3b95b30f735ff978f0882361e,0.19069388508796692,0.36691012792289257,0.28509204275906086,0.7180809043347836,0.4882358480244875,1.1254898272454739,1.6912089195102453,4.865711554884911,0.0,902.0221449900419,122.23729072138667,261.61915995180607,False,False,False,ok
BNCI2014_001,ebsw_full_bscale,ebsw,full,bscale,normalized,8,3654,233,232,500,500,2,0.00025039536705753795,0.01582388596576511,,,,8.767388840101928e-05,2.793683898093503,122.7769233819667,,499.9025824771438,0.9998051649542876,,6.214511304205521,0.0021405650718297723,0.010575916881550435,0.020997269760882904,fixed_beta,0,0,30682,062a076ef8d18bfbe50f437316f3ccf243201f2a8973f02778c592a0d13a8357,three_row_sha256,,123ea5ce324bb82567913e1514a410f2bb582a6d8528a6ea98fbb2b74646f92c,a789b01b17129967eecd25421cde715dc938f6e3b95b30f735ff978f0882361e,0.20922906696796417,0.39282115176320076,0.29521482065320015,0.5544319283217192,0.38505997508764267,1.0661177802830935,0.544378999620676,3.4472537226974964,0.0,905.4693987127393,122.23729072138667,261.61915995180607,False,False,False,ok
BNCI2014_001,ebsw_full_bscale,ebsw,full,bscale,normalized,8,3654,234,233,500,500,2,0.0002492303285994876,0.01578703039204928,,,,8.665476431064384e-05,2.793683898093503,122.7769233819667,,499.9060251754592,0.9998120503509185,,6.214514739447026,0.002170654009927637,0.010597539197582367,0.0210050716475436,fixed_beta,0,0,30915,b17c369dd6ec9fd9a330f3c651ff4e6852c1af2afacda3b888272796307f04d0,three_row_sha256,,123ea5ce324bb82567913e1514a410f2bb582a6d8528a6ea98fbb2b74646f92c,a789b01b17129967eecd25421cde715dc938f6e3b95b30f735ff978f0882361e,0.21791900508105755,0.5345551762729883,0.3011510707437992,0.6084658671170473,0.4954468458890915,1.5726049896329641,0.42871618643403053,4.1588591411709785,0.0,909.6282578539103,122.23729072138667,261.61915995180607,False,False,False,ok
BNCI2014_001,ebsw_full_bscale,ebsw,full,bscale,normalized,8,3654,235,234,500,500,2,0.0002482162629155392,0.015754880606197535,,,,8.652199880162934e-05,2.793683898093503,122.7769233819667,,499.9064010541658,0.9998128021083317,,6.214515016283594,0.0021408838349173363,0.010555790756252206,0.020922097165950077,fixed_beta,0,0,31149,61c37412e832a2a92d1a7d9939f64c07dd4f37fc34661fc3b64578066d840f45,three_row_sha256,,123ea5ce324bb82567913e1514a410f2bb582a6d8528a6ea98fbb2b74646f92c,a789b01b17129967eecd25421cde715dc938f6e3b95b30f735ff978f0882361e,0.26135798543691635,0.384648097679019,0.29370514675974846,0.5799760110676289,0.22363592870533466,1.1138420086354017,0.5062110722064972,3.3633762504905462,0.0,912.9916341044009,122.23729072138667,261.61915995180607,False,False,False,ok
BNCI2014_001,ebsw_full_bscale,ebsw,full,bscale,normalized,8,3654,236,235,500,500,2,0.00025603796362144,0.016001186319190213,,,,8.80243227772228e-05,2.793683898093503,122.7769233819667,,499.8988604422211,0.9997977208844423,,6.214507515567494,0.002185256032595274,0.010566763710419876,0.020940330734923643,fixed_beta,0,0,31384,cd5b2ca3ac3b554921eef8cc62a108cda6ac46f1b7e1bcfe95dc2d6ac0a8cfb5,three_row_sha256,,123ea5ce324bb82567913e1514a410f2bb582a6d8528a6ea98fbb2b74646f92c,a789b01b17129967eecd25421cde715dc938f6e3b95b30f735ff978f0882361e,0.22871303372085094,0.3923377953469753,0.3380649723112583,0.7184520363807678,1.6812619287520647,1.4081490226089954,0.4439260810613632,5.210904870182276,0.0,918.2025389745831,122.23729072138667,261.61915995180607,False,False,False,ok
BNCI2014_001,ebsw_full_bscale,ebsw,full,bscale,normalized,8,3654,237,236,500,500,2,0.00024758651234556235,0.015734882025155522,,,,8.669836674900432e-05,2.793683898093503,122.7769233819667,,499.909787492244,0.999819574984488,,6.214518418195398,0.0021564028954874346,0.010540958577773584,0.020950537370184475,fixed_beta,0,0,31620,b19bfe549a66fbf121c63b2bf32a2a1a3dbe4afb1e53a2594b0000feddab0d7b,three_row_sha256,,123ea5ce324bb82567913e1514a410f2bb582a6d8528a6ea98fbb2b74646f92c,a789b01b17129967eecd25421cde715dc938f6e3b95b30f735ff978f0882361e,0.2174649853259325,0.3265209961682558,0.3137988969683647,0.5361121147871017,0.4932140000164509,0.9198011830449104,0.4523869138211012,3.2592990901321173,0.0,921.4618380647153,122.23729072138667,261.61915995180607,False,False,False,ok
BNCI2014_001,ebsw_full_bscale,ebsw,full,bscale,normalized,8,3654,238,237,500,500,2,0.0002508479411902414,0.01583817985723869,,,,8.70332808421639e-05,2.793683898093503,122.7769233819667,,499.91357426710454,0.9998271485342091,,6.214522004343241,0.0021088601575160702,0.010474323293869135,0.02083130330834387,fixed_beta,0,0,31857,3bdc55dbe7ce8faa0a322a7bc9077465cfd4b11dcb44e1645b965143e045a6b5,three_row_sha256,,123ea5ce324bb82567913e1514a410f2bb582a6d8528a6ea98fbb2b74646f92c,a789b01b17129967eecd25421cde715dc938f6e3b95b30f735ff978f0882361e,0.22854004055261612,0.1947509590536356,0.21205004304647446,0.5953011568635702,0.2703689970076084,1.070674043148756,0.4274251405149698,2.9991103801876307,0.0,924.4609484449029,122.23729072138667,261.61915995180607,False,False,False,ok
BNCI2014_001,ebsw_full_bscale,ebsw,full,bscale,normalized,8,3654,239,238,500,500,2,0.00024728895408658504,0.01572542381262219,,,,8.717076746302508e-05,2.793683898093503,122.7769233819667,,499.9071620180112,0.9998143240360224,,6.21451580343154,0.0021475542653480876,0.010564942718841841,0.020991179636444292,fixed_beta,0,0,32095,872a0fe43548b1cf8e2ff1ac332dba49ed1b0d0336856ac2e3d3a835b4563185,three_row_sha256,,123ea5ce324bb82567913e1514a410f2bb582a6d8528a6ea98fbb2b74646f92c,a789b01b17129967eecd25421cde715dc938f6e3b95b30f735ff978f0882361e,0.2561141736805439,0.351788941770792,0.29716105200350285,0.5662259645760059,0.23421482183039188,1.1165030300617218,0.38371398113667965,3.205721965059638,0.0,927.6666704099625,122.23729072138667,261.61915995180607,False,False,False,ok
BNCI2014_001,ebsw_full_bscale,ebsw,full,bscale,normalized,8,3654,240,239,500,500,2,0.0002494653643845395,0.015794472589628926,,,,8.700334860200079e-05,2.7936838980935033,122.7769233819667,,499.9105186698255,0.999821037339651,,6.214519025273987,0.0021177364660823978,0.010526775387406965,0.02092115191813381,fixed_beta,0,0,32334,1db8f969c48139805bb4d0899510ba2720c614933f48777e8b1d42c8974a1661,three_row_sha256,,123ea5ce324bb82567913e1514a410f2bb582a6d8528a6ea98fbb2b74646f92c,a789b01b17129967eecd25421cde715dc938f6e3b95b30f735ff978f0882361e,0.30577112920582294,0.49901800230145454,0.2970679197460413,0.5823231767863035,0.45928102917969227,1.1828429996967316,0.428847037255764,3.75515129417181,0.0,931.4218217041343,122.23729072138667,261.61915995180607,False,False,False,ok
BNCI2014_001,ebsw_full_bscale,ebsw,full,bscale,normalized,8,3654,241,240,500,500,2,0.00024686634306454465,0.01571198087653319,,,,8.656570333521722e-05,2.793683898093503,122.7769233819667,,499.9093172561298,0.9998186345122596,,6.214517934822991,0.0021347079638827362,0.01054867579674297,0.020946333529634396,fixed_beta,0,0,32574,4f8134049a71b91afdb9eae9a65c1884ef83f773c9cf1c48bc04486901ed1c24,three_row_sha256,,123ea5ce324bb82567913e1514a410f2bb582a6d8528a6ea98fbb2b74646f92c,a789b01b17129967eecd25421cde715dc938f6e3b95b30f735ff978f0882361e,0.248416094109416,0.3544820938259363,0.32591610215604305,0.6074570119380951,0.26020314544439316,0.8972398936748505,0.5733340512961149,3.267048392444849,0.0,934.6888700965792,122.23729072138667,261.61915995180607,False,False,False,ok
BNCI2014_001,ebsw_full_bscale,ebsw,full,bscale,normalized,8,3654,242,241,500,500,2,0.00024751598255583104,0.015732640673320898,,,,8.708761468607135e-05,2.793683898093503,122.7769233819667,,499.91573279627886,0.9998314655925578,,6.214524319727151,0.0021708298419561805,0.010559761613264081,0.020932826443894378,fixed_beta,0,0,32815,4c17efe1023f07032fbe29c63cde271924f9bfa65e8c830ad11e72d29c75996a,three_row_sha256,,123ea5ce324bb82567913e1514a410f2bb582a6d8528a6ea98fbb2b74646f92c,a789b01b17129967eecd25421cde715dc938f6e3b95b30f735ff978f0882361e,0.2071550115942955,0.509998993948102,0.3182839136570692,1.98707589879632,0.25634001940488815,1.168775837868452,0.419003888964653,4.86663356423378,0.0,939.555503660813,122.23729072138667,261.61915995180607,False,False,False,ok
BNCI2014_001,ebsw_full_bscale,ebsw,full,bscale,normalized,8,3654,243,242,500,500,2,0.00025423785411595736,0.015944837851667146,,,,8.795878374383398e-05,2.793683898093503,122.7769233819667,,499.89816420763316,0.9997963284152663,,6.2145067997223045,0.00213957465579658,0.01055715332504343,0.020974518525316132,fixed_beta,0,0,33057,4643ada6258e9cae364bc40bea6f67ff8f1667ee494c5a01a2710f727baa5c93,three_row_sha256,,123ea5ce324bb82567913e1514a410f2bb582a6d8528a6ea98fbb2b74646f92c,a789b01b17129967eecd25421cde715dc938f6e3b95b30f735ff978f0882361e,0.272874953225255,0.32652984373271465,0.28985715471208096,0.5376159679144621,0.48997695557773113,0.9303740225732327,0.5350359715521336,3.38226486928761,0.0,942.9377685301006,122.23729072138667,261.61915995180607,False,False,False,ok
BNCI2014_001,ebsw_full_bscale,ebsw,full,bscale,normalized,8,3654,244,243,500,500,2,0.00024779604284526634,0.015741538769931812,,,,8.686503884427007e-05,2.793683898093503,122.7769233819667,,499.90971346094557,0.9998194269218912,,6.214518314127575,0.0021567468806637335,0.010527517986385663,0.020887852989314004,fixed_beta,0,0,33300,29aa8534169bb3739cd7cc0feff903e967a28684b1294cce1810337bb6ccc569,three_row_sha256,,123ea5ce324bb82567913e1514a410f2bb582a6d8528a6ea98fbb2b74646f92c,a789b01b17129967eecd25421cde715dc938f6e3b95b30f735ff978f0882361e,1.5636561438441277,0.5272009875625372,0.341522041708231,1.0900779161602259,0.3338970709592104,1.1320440098643303,0.32773218117654324,5.316130351275206,0.0,948.2538988813758,122.23729072138667,261.61915995180607,False,False,False,ok
BNCI2014_001,ebsw_full_bscale,ebsw,full,bscale,normalized,8,3654,245,244,500,500,2,0.00025681667534701213,0.01602550078303365,,,,8.807814340998851e-05,2.793683898093503,122.7769233819667,,499.9118509082338,0.9998237018164676,,6.2145204177152324,0.0021126649586468995,0.010520044421480766,0.02093620215271228,fixed_beta,0,0,33544,9f6cd09fb69a1da67029ceb537b4f1b2d9ffa077671bebfaf80fd620a1edb28d,three_row_sha256,,123ea5ce324bb82567913e1514a410f2bb582a6d8528a6ea98fbb2b74646f92c,a789b01b17129967eecd25421cde715dc938f6e3b95b30f735ff978f0882361e,0.20991219207644463,0.41815987788140774,0.38750283420085907,0.7371329702436924,0.45654713176190853,1.0905489325523376,0.38051512092351913,3.680319059640169,0.0,951.934217941016,122.23729072138667,261.61915995180607,False,False,False,ok
BNCI2014_001,ebsw_full_bscale,ebsw,full,bscale,normalized,8,3654,246,245,500,500,2,0.0002417789022688738,0.015549241211997253,,,,8.588505397490916e-05,2.793683898093503,122.7769233819667,,499.91881889386195,0.9998376377877239,,6.21452726750119,0.002117375442263288,0.010492026850020614,0.02083752261331946,fixed_beta,0,0,33789,2bb82504cdb0ab52274a73946bcc28e2d3d0818ef5e4d4b6f39fff8dc56a8cb5,three_row_sha256,,123ea5ce324bb82567913e1514a410f2bb582a6d8528a6ea98fbb2b74646f92c,a789b01b17129967eecd25421cde715dc938f6e3b95b30f735ff978f0882361e,0.21050008945167065,0.3867258783429861,0.29503204859793186,0.5671109538525343,0.33405120484530926,0.885537127032876,0.545077957212925,3.224035259336233,0.0,955.1582532003522,122.23729072138667,261.61915995180607,False,False,False,ok
BNCI2014_001,ebsw_full_bscale,ebsw,full,bscale,normalized,8,3654,247,246,500,500,2,0.000248921637388283,0.01577725062830286,,,,8.737022543848316e-05,2.793683898093503,122.7769233819667,,499.8981122505055,0.999796224501011,,6.214506812534983,0.0021221675202235902,0.01055274282151559,0.02100988713268063,fixed_beta,0,0,34035,7c2422786f3ebcb1025da1b2ce527f19ba3d5ae429092b804d5cc2899d21d8f7,three_row_sha256,,123ea5ce324bb82567913e1514a410f2bb582a6d8528a6ea98fbb2b74646f92c,a789b01b17129967eecd25421cde715dc938f6e3b95b30f735ff978f0882361e,0.21608686074614525,0.5122669972479343,0.3160610795021057,0.7184119895100594,0.3809649497270584,0.8422101382166147,1.072340877726674,4.058342892676592,0.0,959.2165960930288,122.23729072138667,261.61915995180607,False,False,False,ok
BNCI2014_001,ebsw_full_bscale,ebsw,full,bscale,normalized,8,3654,248,247,500,500,2,0.00024245270039783103,0.015570892729635993,,,,8.584128941636244e-05,2.793683898093503,122.7769233819667,,499.9196946353974,0.9998393892707947,,6.214528139170812,0.002141428861605613,0.010443828755694506,0.020786299993019217,fixed_beta,0,0,34282,a7a163831468adb1ec73aec53212efeacfe82b1ed71be3c74e861be70fef5d33,three_row_sha256,,123ea5ce324bb82567913e1514a410f2bb582a6d8528a6ea98fbb2b74646f92c,a789b01b17129967eecd25421cde715dc938f6e3b95b30f735ff978f0882361e,0.2557891421020031,0.34385593608021736,0.3361289855092764,0.6190759595483541,0.33792201429605484,0.7353760302066803,0.43550413101911545,3.0636521987617016,0.0,962.2802482917905,122.23729072138667,261.61915995180607,False,False,False,ok
BNCI2014_001,ebsw_full_bscale,ebsw,full,bscale,normalized,8,3654,249,248,500,500,2,0.00024498930982654336,0.01565213435370855,,,,8.636092683779235e-05,2.793683898093503,122.7769233819667,,499.9125361475983,0.9998250722951966,,6.214521079729519,0.002123317156332637,0.010536836811701747,0.0209428140116932,fixed_beta,0,0,34530,cc470013483b7d8234bd1b63906784c0bf2bc4b28d11e35d158aae5efa691260,three_row_sha256,,123ea5ce324bb82567913e1514a410f2bb582a6d8528a6ea98fbb2b74646f92c,a789b01b17129967eecd25421cde715dc938f6e3b95b30f735ff978f0882361e,0.250483863055706,0.37419702857732773,0.44649792835116386,0.7186459843069315,0.45541091822087765,0.8114739321172237,0.1499531790614128,3.2066628336906433,0.0,965.4869111254811,122.23729072138667,261.61915995180607,False,False,False,ok
BNCI2014_001,ebsw_full_bscale,ebsw,full,bscale,normalized,8,3654,250,249,500,500,2,0.0002510282137784476,0.01584386991168659,6.536848958495212,0.6364466877828864,36.35533122171136,8.776608441911256e-05,2.793683898093503,122.7769233819667,,499.9021406584925,0.9998042813169851,,6.214510754424114,0.0021144365436510434,0.010513749192494471,0.02094153531831395,fixed_beta,0,0,34779,e3554219d1f1e9d5983642b65bc0123ade8ba8156e196ada7ff34c7ee0eb6c0f,three_row_sha256,,123ea5ce324bb82567913e1514a410f2bb582a6d8528a6ea98fbb2b74646f92c,a789b01b17129967eecd25421cde715dc938f6e3b95b30f735ff978f0882361e,0.2168628852814436,0.1934461761265993,0.2107021864503622,0.6740330718457699,0.8871250320225954,0.7626640144735575,0.4274540115147829,3.372287377715111,9.687723126262426,968.8591985031962,131.9250138476491,261.61915995180607,False,False,False,ok
BNCI2014_001,ebsw_full_bscale,ebsw,full,bscale,normalized,8,3654,251,250,500,500,2,0.00023855619655947146,0.015445264535108211,,,,8.492433348506335e-05,2.793683898093503,122.7769233819667,,499.9130976710091,0.9998261953420182,,6.214521615083309,0.002128834907968911,0.010521369696191232,0.020909347378095723,fixed_beta,0,0,35029,708942bbfbc37cd4e8e287db17f7da0f87df3ebc6ef9587036c0cfa5f2ff2a23,three_row_sha256,,123ea5ce324bb82567913e1514a410f2bb582a6d8528a6ea98fbb2b74646f92c,a789b01b17129967eecd25421cde715dc938f6e3b95b30f735ff978f0882361e,0.24651805870234966,0.3388170152902603,0.30738720670342445,1.171901822090149,0.46778307296335697,0.7376850116997957,0.40650716982781887,3.676599357277155,0.0,972.5357978604734,131.9250138476491,261.61915995180607,False,False,False,ok
BNCI2014_001,ebsw_full_bscale,ebsw,full,bscale,normalized,8,3654,252,251,500,500,2,0.0002456073959791555,0.01567186638467657,,,,8.603723612431182e-05,2.793683898093503,122.7769233819667,,499.9047194011904,0.9998094388023808,,6.214513456485416,0.002163863034506557,0.010621756823915113,0.021008569106683715,fixed_beta,0,0,35280,63bb1e86f00eb287040ff8db4d0c74016fe797910b87dbb48d1478a35b739cbb,three_row_sha256,,123ea5ce324bb82567913e1514a410f2bb582a6d8528a6ea98fbb2b74646f92c,a789b01b17129967eecd25421cde715dc938f6e3b95b30f735ff978f0882361e,0.20514195784926414,0.32868701964616776,0.3238681238144636,0.5515078082680702,0.23054401390254498,0.7164077833294868,0.546321040019393,2.9024777468293905,0.0,975.4382756073028,131.9250138476491,261.61915995180607,False,False,False,ok
BNCI2014_001,ebsw_full_bscale,ebsw,full,bscale,normalized,8,3654,253,252,500,500,2,0.00025364127438141194,0.01592611925050833,,,,8.791261147655561e-05,2.793683898093503,122.7769233819667,,499.89100321790204,0.9997820064358041,,6.214499899394854,0.0021989736310155813,0.01066755218109669,0.021061515390693477,fixed_beta,0,0,35532,a88ab5a4e19fec16f0eeb6a5b36ba94b7d5302c93ddb817d67ac8c5924fe7d78,three_row_sha256,,123ea5ce324bb82567913e1514a410f2bb582a6d8528a6ea98fbb2b74646f92c,a789b01b17129967eecd25421cde715dc938f6e3b95b30f735ff978f0882361e,0.23143412545323372,0.5292510613799095,0.30195899307727814,0.6049959920346737,1.7959531396627426,1.0479970369488,0.39540999568998814,4.907000344246626,0.0,980.3452759515494,131.9250138476491,261.61915995180607,False,False,False,ok
BNCI2014_001,ebsw_full_bscale,ebsw,full,bscale,normalized,8,3654,254,253,500,500,2,0.0002472186991082317,0.01572318985156103,,,,8.690421432551435e-05,2.793683898093503,122.7769233819667,,499.91139439981,0.9998227887996199,,6.214519915092035,0.002110581094993437,0.01049559484383588,0.020905400764919396,fixed_beta,0,0,35785,e7b5a62751c5c38e39bff639899c77204a86f60764b0d57440f40f21001faf70,three_row_sha256,,123ea5ce324bb82567913e1514a410f2bb582a6d8528a6ea98fbb2b74646f92c,a789b01b17129967eecd25421cde715dc938f6e3b95b30f735ff978f0882361e,0.24532712996006012,0.3813148941844702,0.2862799447029829,0.5465310532599688,0.3024779725819826,0.7392859552055597,0.2449280582368374,2.7461450081318617,0.0,983.0914209596813,131.9250138476491,261.61915995180607,False,False,False,ok
BNCI2014_001,ebsw_full_bscale,ebsw,full,bscale,normalized,8,3654,255,254,500,500,2,0.00024672110057033243,0.015707358166487845,,,,8.652826832288704e-05,2.793683898093503,122.7769233819667,,499.91369481801746,0.9998273896360349,,6.214522178257766,0.0021287865339460134,0.010494849515444915,0.02085695985185732,fixed_beta,0,0,36039,8e46345c45aebe867c4bd42bec85f8a4a43aec84f6d912f5f6363169b96f853a,three_row_sha256,,123ea5ce324bb82567913e1514a410f2bb582a6d8528a6ea98fbb2b74646f92c,a789b01b17129967eecd25421cde715dc938f6e3b95b30f735ff978f0882361e,0.1947549171745777,0.3405129536986351,0.2854089252650738,0.5472397897392511,0.49607385881245136,0.7051799912005663,0.45208097435534,3.0212514102458954,0.0,986.1126723699272,131.9250138476491,261.61915995180607,False,False,False,ok
BNCI2014_001,ebsw_full_bscale,ebsw,full,bscale,normalized,8,3654,256,255,500,500,2,0.00024886103750874753,0.01577533002852072,,,,8.724526716277438e-05,2.793683898093503,122.7769233819667,,499.91772247322683,0.9998354449464537,,6.214526256546309,0.002142050862268537,0.010542334448664037,0.02093114102498885,fixed_beta,0,0,36294,0943a1f4a04b34307ee6c6003cd5482faeb26c260df233928f4338a44025b535,three_row_sha256,,123ea5ce324bb82567913e1514a410f2bb582a6d8528a6ea98fbb2b74646f92c,a789b01b17129967eecd25421cde715dc938f6e3b95b30f735ff978f0882361e,0.2350641880184412,0.19237399101257324,0.21021999418735504,0.5741631612181664,0.27038995176553726,0.8454008493572474,0.3581589553505182,2.6857710909098387,0.0,988.798443460837,131.9250138476491,261.61915995180607,False,False,False,ok
BNCI2014_001,ebsw_full_bscale,ebsw,full,bscale,normalized,8,3654,257,256,500,500,2,0.00023852421496507162,0.015444229180022926,,,,8.506031427497039e-05,2.793683898093503,122.7769233819667,,499.92180856392656,0.9998436171278532,,6.2145303284289755,0.002133164510644505,0.010515494955494656,0.020903049618945634,fixed_beta,0,0,36550,8ed64c30da06de020a2d188c24da4ca9c4bd478c9ad78bcbd6eca6eb968baaa7,three_row_sha256,,123ea5ce324bb82567913e1514a410f2bb582a6d8528a6ea98fbb2b74646f92c,a789b01b17129967eecd25421cde715dc938f6e3b95b30f735ff978f0882361e,0.4081660881638527,0.3186780959367752,0.29219407588243484,0.7981848903000355,0.25948393158614635,0.9144970681518316,0.3956500440835953,3.3868541941046715,0.0,992.1852976549417,131.9250138476491,261.61915995180607,False,False,False,ok
BNCI2014_001,ebsw_full_bscale,ebsw,full,bscale,normalized,8,3654,258,257,500,500,2,0.0002419450478561495,0.015554582857028005,,,,8.59105140581977e-05,2.7936838980935024,122.7769233819667,,499.9106080178184,0.9998212160356368,,6.214519250458622,0.0021256421571860863,0.010567656344558952,0.02097698404259023,fixed_beta,0,0,36807,e0a7e42ebf3290d5fc6917970f2b59b36030b9388b9c094157d680957e7437a9,three_row_sha256,,123ea5ce324bb82567913e1514a410f2bb582a6d8528a6ea98fbb2b74646f92c,a789b01b17129967eecd25421cde715dc938f6e3b95b30f735ff978f0882361e,0.22010714747011662,0.3665238618850708,0.2949219197034836,0.7086170371621847,0.4210758488625288,0.8469470776617527,0.42674108408391476,3.284933976829052,0.0,995.4702316317707,131.9250138476491,261.61915995180607,False,False,False,ok
BNCI2014_001,ebsw_full_bscale,ebsw,full,bscale,normalized,8,3654,259,258,500,500,2,0.0002489131699519657,0.015776982282805725,,,,8.696037958181346e-05,2.7936838980935033,122.7769233819667,,499.910497190247,0.999820994380494,,6.214519040643879,0.0021339863384506903,0.0105315159242598,0.020911490978760883,fixed_beta,0,0,37065,e656749389dcb4df9ea085910b68ed6434ad200906219da7c5e7d260c5aa0f05,three_row_sha256,,123ea5ce324bb82567913e1514a410f2bb582a6d8528a6ea98fbb2b74646f92c,a789b01b17129967eecd25421cde715dc938f6e3b95b30f735ff978f0882361e,0.24373899213969707,0.36941608414053917,0.2897079102694988,0.7268160115927458,0.28133601881563663,0.7389539387077093,0.40284101851284504,3.052809974178672,0.0,998.5230416059494,131.9250138476491,261.61915995180607,False,False,False,ok
BNCI2014_001,ebsw_full_bscale,ebsw,full,bscale,normalized,8,3654,260,259,500,500,2,0.0002486521862522145,0.015768709086422212,,,,8.72291233452373e-05,2.793683898093503,122.7769233819667,,499.89459528677014,0.9997891905735403,,6.214503427198576,0.002138215569572006,0.010612909457177591,0.021089642479979326,fixed_beta,0,0,37324,1dfbb8c9d7e3eba11e0e1285f51dd321376341a42d35ca47903302948165e3c4,three_row_sha256,,123ea5ce324bb82567913e1514a410f2bb582a6d8528a6ea98fbb2b74646f92c,a789b01b17129967eecd25421cde715dc938f6e3b95b30f735ff978f0882361e,0.21664192900061607,0.32084109261631966,0.34396001137793064,0.8125260937958956,0.3828068729490042,0.8902708068490028,0.42733107693493366,3.3943778835237026,0.0,1001.9174194894731,131.9250138476491,261.61915995180607,False,False,False,ok
BNCI2014_001,ebsw_full_bscale,ebsw,full,bscale,normalized,8,3654,261,260,500,500,2,0.0002454261743325087,0.01566608356713664,,,,8.661031012327972e-05,2.7936838980935033,122.7769233819667,,499.911918590436,0.9998238371808721,,6.214520425317481,0.0021247928929238854,0.010497046991568287,0.020877580227120503,fixed_beta,0,0,37584,dda62d8d24c80757f18dda795a3ff7d380890f51cb6094f677f3f0ea03554d88,three_row_sha256,,123ea5ce324bb82567913e1514a410f2bb582a6d8528a6ea98fbb2b74646f92c,a789b01b17129967eecd25421cde715dc938f6e3b95b30f735ff978f0882361e,0.22418401204049587,0.36934297531843185,0.2915679942816496,1.8884611781686544,0.24361605755984783,0.7123539689928293,0.362875172868371,4.09240135923028,0.0,1006.0098208487034,131.9250138476491,261.61915995180607,False,False,False,ok
BNCI2014_001,ebsw_full_bscale,ebsw,full,bscale,normalized,8,3654,262,261,500,500,2,0.00024162793462236996,0.015544385951923928,,,,8.565658543294174e-05,2.793683898093503,122.7769233819667,,499.9183201566415,0.9998366403132831,,6.214526692137602,0.0020871317474315393,0.010394778654992404,0.020724075154497333,fixed_beta,0,0,37845,d696e3f16c79292460d65c11bd52ed0e05205fdba5d6104fc15e648e0be0d891,three_row_sha256,,123ea5ce324bb82567913e1514a410f2bb582a6d8528a6ea98fbb2b74646f92c,a789b01b17129967eecd25421cde715dc938f6e3b95b30f735ff978f0882361e,0.21963194012641907,0.344487139955163,0.28812396340072155,0.7545021362602711,0.39448891766369343,1.1865259148180485,0.43716910295188427,3.624929115176201,0.0,1009.6347499638796,131.9250138476491,261.61915995180607,False,False,False,ok
BNCI2014_001,ebsw_full_bscale,ebsw,full,bscale,normalized,8,3654,263,262,500,500,2,0.00024172293119237976,0.01554744130692828,,,,8.619819859329208e-05,2.793683898093503,122.7769233819667,,499.9049626318672,0.9998099252637344,,6.214513570413619,0.002120697004592443,0.010562231897058447,0.02096569550422847,fixed_beta,0,0,38107,a253f7dcae2485aa7e4cad4c9131c985dc9f2c6fcf6f2dfbd6f5a80de122d2e5,three_row_sha256,,123ea5ce324bb82567913e1514a410f2bb582a6d8528a6ea98fbb2b74646f92c,a789b01b17129967eecd25421cde715dc938f6e3b95b30f735ff978f0882361e,0.22561103105545044,0.4709481727331877,0.298517057672143,0.5985889583826065,0.44329604133963585,0.666928943246603,0.15342701226472855,2.857317216694355,0.0,1012.4920671805739,131.9250138476491,261.61915995180607,False,False,False,ok
BNCI2014_001,ebsw_full_bscale,ebsw,full,bscale,normalized,8,3654,264,263,500,500,2,0.00025406465725616787,0.015939405799971586,,,,8.755737460746174e-05,2.793683898093503,122.7769233819667,,499.9102061405906,0.9998204122811812,,6.214518720862767,0.002128848421602822,0.010508656331281865,0.02091058267211002,fixed_beta,0,0,38370,744212733694e943b8d1d0632b2c0984b793ecc97c274268d74161e2c9789c4b,three_row_sha256,,123ea5ce324bb82567913e1514a410f2bb582a6d8528a6ea98fbb2b74646f92c,a789b01b17129967eecd25421cde715dc938f6e3b95b30f735ff978f0882361e,0.2833849284797907,0.1929430291056633,0.21065305918455124,0.5136351101100445,0.24079903960227966,0.726344995200634,0.34098001196980476,2.508740173652768,0.0,1015.0008073542267,131.9250138476491,261.61915995180607,False,False,False,ok
BNCI2014_001,ebsw_full_bscale,ebsw,full,bscale,normalized,8,3654,265,264,500,500,2,0.00024771248830818564,0.015738884595427518,,,,8.651582504679872e-05,2.7936838980935033,122.7769233819667,,499.91933560345905,0.9998386712069182,,6.214527818146502,0.0021429703200239853,0.010520985605804119,0.020846193433382534,fixed_beta,0,0,38634,c7ee24806b738aa134a0f381b424187dbff17d2100e83ac1f32b4939a1770d09,three_row_sha256,,123ea5ce324bb82567913e1514a410f2bb582a6d8528a6ea98fbb2b74646f92c,a789b01b17129967eecd25421cde715dc938f6e3b95b30f735ff978f0882361e,0.20146416500210762,0.38735102862119675,0.28776004910469055,0.5527730099856853,0.31765992753207684,0.82159205339849,0.5060939583927393,3.0746941920369864,0.0,1018.0755015462637,131.9250138476491,261.61915995180607,False,False,False,ok
BNCI2014_001,ebsw_full_bscale,ebsw,full,bscale,normalized,8,3654,266,265,500,500,2,0.0002405886179206969,0.015510919312558392,,,,8.576310506656218e-05,2.793683898093503,122.7769233819667,,499.9150713217583,0.9998301426435167,,6.214523571354562,0.002118731474937386,0.010475179735353786,0.020866278408875567,fixed_beta,0,0,38899,be9a6480156b8649b2eae6f262505af3ab501a3fd0abbfcff0f2b116f362d68f,three_row_sha256,,123ea5ce324bb82567913e1514a410f2bb582a6d8528a6ea98fbb2b74646f92c,a789b01b17129967eecd25421cde715dc938f6e3b95b30f735ff978f0882361e,0.3024209290742874,0.5017849616706371,0.2912499476224184,0.5977291148155928,0.4451409913599491,1.9403269980102777,0.15813997015357018,4.236792912706733,0.0,1022.3122944589704,131.9250138476491,261.61915995180607,False,False,False,ok
BNCI2014_001,ebsw_full_bscale,ebsw,full,bscale,normalized,8,3654,267,266,500,500,2,0.0002454719889447907,0.0156675457218031,,,,8.639851421592798e-05,2.793683898093503,122.7769233819667,,499.90524030671867,0.9998104806134374,,6.214513829953541,0.002136904597315675,0.010501965211765761,0.02091269134103301,fixed_beta,0,0,39165,6417f00e69ea995a66a75e7d81c1cf85da410ec94862902bdbbc6797d7aa5aa5,three_row_sha256,,123ea5ce324bb82567913e1514a410f2bb582a6d8528a6ea98fbb2b74646f92c,a789b01b17129967eecd25421cde715dc938f6e3b95b30f735ff978f0882361e,0.2127781044691801,0.3212341107428074,0.9066129568964243,0.5861199460923672,0.2500598784536123,0.8400529623031616,0.35769701935350895,3.474554978311062,0.0,1025.7868494372815,131.9250138476491,261.61915995180607,False,False,False,ok
BNCI2014_001,ebsw_full_bscale,ebsw,full,bscale,normalized,8,3654,268,267,500,500,2,0.0002469469954523329,0.015714547255722418,,,,8.637809976281137e-05,2.7936838980935033,122.7769233819667,,499.9101971421738,0.9998203942843475,,6.214518680393256,0.00209831930361786,0.010447161400692488,0.020842197630249616,fixed_beta,0,0,39432,bf8d672ac4a8404e56b6801a56f04b79a580b582f0204ad2e06a7567b42ee548,three_row_sha256,,123ea5ce324bb82567913e1514a410f2bb582a6d8528a6ea98fbb2b74646f92c,a789b01b17129967eecd25421cde715dc938f6e3b95b30f735ff978f0882361e,0.19213207997381687,0.3329841420054436,0.33302721567451954,0.5663908086717129,0.21637999452650547,0.7262479048222303,0.45645004138350487,2.8236121870577335,0.0,1028.6104616243392,131.9250138476491,261.61915995180607,False,False,False,ok
BNCI2014_001,ebsw_full_bscale,ebsw,full,bscale,normalized,8,3654,269,268,500,500,2,0.00025196502453338925,0.0158734062045104,,,,8.754879512940813e-05,2.793683898093503,122.7769233819667,,499.8953432678496,0.9997906865356992,,6.214504176888692,0.0021719951252019178,0.010587430083625383,0.021057310349780832,fixed_beta,0,0,39700,7cf53b0fd80337997b2f17d1a52644edeff13344e9e58145415a3e56e2edd2a6,three_row_sha256,,123ea5ce324bb82567913e1514a410f2bb582a6d8528a6ea98fbb2b74646f92c,a789b01b17129967eecd25421cde715dc938f6e3b95b30f735ff978f0882361e,0.3471940290182829,0.43621519580483437,0.4036310128867626,0.7259240373969078,1.6718439292162657,0.9251919109374285,0.33979606814682484,4.849796183407307,0.0,1033.4602578077465,131.9250138476491,261.61915995180607,False,False,False,ok
BNCI2014_001,ebsw_full_bscale,ebsw,full,bscale,normalized,8,3654,270,269,500,500,2,0.00024407047101189172,0.01562275491108696,,,,8.674753365822506e-05,2.793683898093503,122.7769233819667,,499.90648261464355,0.9998129652292871,,6.214515040383731,0.0021334011271289897,0.010519470624868037,0.020891418908250386,fixed_beta,0,0,39969,ca8b298419d6a94af7d4dadf2592951d7ec30513deb75ba810967b2616b62338,three_row_sha256,,123ea5ce324bb82567913e1514a410f2bb582a6d8528a6ea98fbb2b74646f92c,a789b01b17129967eecd25421cde715dc938f6e3b95b30f735ff978f0882361e,0.19511301070451736,0.32772007398307323,0.2872440963983536,0.584648922085762,0.2572180237621069,0.8512968197464943,0.36207493394613266,2.86531588062644,0.0,1036.325573688373,131.9250138476491,261.61915995180607,False,False,False,ok
BNCI2014_001,ebsw_full_bscale,ebsw,full,bscale,normalized,8,3654,271,270,500,500,2,0.00024011844934376315,0.015495755849385442,,,,8.556780171580155e-05,2.793683898093503,122.7769233819667,,499.920736201316,0.999841472402632,,6.214529180178685,0.002130694709993065,0.010465061115860274,0.020823593974200014,fixed_beta,0,0,40239,724c3a320a7b1dbb2fe41ae4b34194f29e2eb73729ed2b5f4c4b906b93731ff5,three_row_sha256,,123ea5ce324bb82567913e1514a410f2bb582a6d8528a6ea98fbb2b74646f92c,a789b01b17129967eecd25421cde715dc938f6e3b95b30f735ff978f0882361e,0.2689291723072529,0.3285650163888931,0.285932794213295,0.7094100583344698,0.2809602301567793,1.1339979246258736,0.4627229645848274,3.470518160611391,0.0,1039.7960918489844,131.9250138476491,261.61915995180607,False,False,False,ok
BNCI2014_001,ebsw_full_bscale,ebsw,full,bscale,normalized,8,3654,272,271,500,500,2,0.00025343241197158645,0.015919560671437717,,,,8.773971858996926e-05,2.793683898093503,122.7769233819667,,499.89933244886555,0.9997986648977312,,6.214508043633468,0.0021334267021848427,0.010566129584062434,0.021001516634705897,fixed_beta,0,0,40510,bbe11790778fdf9c0731e57931f408eda296bb2c10cc0733ac572a89d7e72bb2,three_row_sha256,,123ea5ce324bb82567913e1514a410f2bb582a6d8528a6ea98fbb2b74646f92c,a789b01b17129967eecd25421cde715dc938f6e3b95b30f735ff978f0882361e,0.20909798331558704,1.019177958369255,0.2887600567191839,0.827656127512455,0.2734640147536993,0.7345920894294977,0.3366649616509676,3.6894131917506456,0.0,1043.485505040735,131.9250138476491,261.61915995180607,False,False,False,ok
BNCI2014_001,ebsw_full_bscale,ebsw,full,bscale,normalized,8,3654,273,272,500,500,2,0.0002446731542475223,0.015642031653449698,,,,8.681728233475167e-05,2.793683898093503,122.7769233819667,,499.9119506732335,0.999823901346467,,6.214520633429964,0.0021769533674412763,0.010572545549001118,0.020945710319815642,fixed_beta,0,0,40782,5fe0edc483e31029a31b7d811325c41ac34ccefedb3eec8f9aa7a0549209d4fd,three_row_sha256,,123ea5ce324bb82567913e1514a410f2bb582a6d8528a6ea98fbb2b74646f92c,a789b01b17129967eecd25421cde715dc938f6e3b95b30f735ff978f0882361e,0.20422996021807194,0.31458516605198383,0.34482101909816265,0.7908251136541367,0.351316062733531,0.9146940428763628,0.5477669183164835,3.4682382829487324,0.0,1046.9537433236837,131.9250138476491,261.61915995180607,False,False,False,ok
BNCI2014_001,ebsw_full_bscale,ebsw,full,bscale,normalized,8,3654,274,273,500,500,2,0.00025405293145710394,0.015939037971505806,,,,8.795253099833864e-05,2.793683898093503,122.7769233819667,,499.913877535085,0.9998277550701701,,6.214522352443332,0.0021073452016840506,0.010481373959540873,0.020865397498309166,fixed_beta,0,0,41055,9a2f483b29c2408ecf389f577c0fe33b3165580c99d4b2551e6778f9b0190b73,three_row_sha256,,123ea5ce324bb82567913e1514a410f2bb582a6d8528a6ea98fbb2b74646f92c,a789b01b17129967eecd25421cde715dc938f6e3b95b30f735ff978f0882361e,1.562468009069562,0.19390997476875782,0.21148892119526863,0.7525670807808638,0.8589390199631453,0.7383369375020266,0.35232212394475937,4.670032067224383,0.0,1051.6237753909081,131.9250138476491,261.61915995180607,False,False,False,ok
BNCI2014_001,ebsw_full_bscale,ebsw,full,bscale,normalized,8,3654,275,274,500,500,2,0.00024439176278887053,0.01563303434362218,6.473703822833813,0.6302986931303451,36.97013068696549,8.584938926701941e-05,2.793683898093503,122.7769233819667,,499.90082463479104,0.999801649269582,,6.214509517487338,0.002143402658707429,0.010563366466728171,0.020982076621016324,fixed_beta,0,0,41329,40409d69848314e2b635fd21bebcaaa8cb4fb6c5c9450ef53b0807c34f2df9e2,three_row_sha256,,123ea5ce324bb82567913e1514a410f2bb582a6d8528a6ea98fbb2b74646f92c,a789b01b17129967eecd25421cde715dc938f6e3b95b30f735ff978f0882361e,0.2041731495410204,0.3238348290324211,0.2882939297705889,0.5962229333817959,0.26211002841591835,0.8239820599555969,0.5017730873078108,3.0003900174051523,12.09083292633295,1054.6241654083133,144.01584677398205,261.61915995180607,False,False,False,ok
BNCI2014_001,ebsw_full_bscale,ebsw,full,bscale,normalized,8,3654,276,275,500,500,2,0.00024672445962079567,0.01570746509213997,,,,8.669488837731196e-05,2.7936838980935033,122.7769233819667,,499.9142877415881,0.9998285754831763,,6.214522836569424,0.002146624764122354,0.010523073072331215,0.020915017643384506,fixed_beta,0,0,41604,b1004907e9ee9b42d293f9550fe44c4f8ba479c35e090aa2e89d372503bbc36b,three_row_sha256,,123ea5ce324bb82567913e1514a410f2bb582a6d8528a6ea98fbb2b74646f92c,a789b01b17129967eecd25421cde715dc938f6e3b95b30f735ff978f0882361e,0.3550359979271889,0.32458105124533176,0.31381193548440933,0.7197880186140537,0.3545840736478567,0.7042069919407368,0.5574438255280256,3.329451894387603,0.0,1057.9536173027009,144.01584677398205,261.61915995180607,False,False,False,ok
BNCI2014_001,ebsw_full_bscale,ebsw,full,bscale,normalized,8,3654,277,276,500,500,2,0.00025089155210573217,0.01583955656278711,,,,8.704594952612106e-05,2.793683898093503,122.7769233819667,,499.90567468932994,0.9998113493786599,,6.214514223570141,0.0021103452258597723,0.01049916231819017,0.020929067888701837,fixed_beta,0,0,41880,62587843c2c6344b76b77e592d3df7c101f781a3038593f386e5373ab2b7dda5,three_row_sha256,,123ea5ce324bb82567913e1514a410f2bb582a6d8528a6ea98fbb2b74646f92c,a789b01b17129967eecd25421cde715dc938f6e3b95b30f735ff978f0882361e,0.24260696955025196,0.5167471244931221,0.3152592107653618,1.9404857885092497,0.251126941293478,2.309159142896533,0.3496550489217043,5.925040226429701,0.0,1063.8786575291306,144.01584677398205,261.61915995180607,False,False,False,ok
BNCI2014_001,ebsw_full_bscale,ebsw,full,bscale,normalized,8,3654,278,277,500,500,2,0.0002442111201014529,0.015627255680427478,,,,8.63426417881788e-05,2.793683898093503,122.7769233819667,,499.9061818480847,0.9998123636961694,,6.214514838159937,0.002121063668042517,0.010547135684069113,0.020966057027411965,fixed_beta,0,0,42157,58808a4c4152d9f88462efb76e10ffc0fea53c2f938186040a57146708643e3d,three_row_sha256,,123ea5ce324bb82567913e1514a410f2bb582a6d8528a6ea98fbb2b74646f92c,a789b01b17129967eecd25421cde715dc938f6e3b95b30f735ff978f0882361e,0.19837403669953346,0.3653690218925476,0.2875751815736294,0.54167490452528,0.24328287690877914,3.6069119814783335,0.28345012106001377,5.526638124138117,0.0,1069.4052956532687,144.01584677398205,261.61915995180607,False,False,False,ok
BNCI2014_001,ebsw_full_bscale,ebsw,full,bscale,normalized,8,3654,279,278,500,500,2,0.00024653517269156817,0.015701438554844845,,,,8.69070035246883e-05,2.793683898093503,122.7769233819667,,499.90757286133686,0.9998151457226737,,6.214516112161723,0.002123694161008923,0.01049462259577208,0.020881004607874135,fixed_beta,0,0,42435,040e6281067d4b7aa1658ec930bff6034eee7b0ea39d28495047d54d545b5547,three_row_sha256,,123ea5ce324bb82567913e1514a410f2bb582a6d8528a6ea98fbb2b74646f92c,a789b01b17129967eecd25421cde715dc938f6e3b95b30f735ff978f0882361e,0.20903721451759338,0.19685900770127773,0.2138849813491106,0.577596016228199,0.24363701231777668,3.408632939681411,0.39263791404664516,5.242285085842013,0.0,1074.6475807391107,144.01584677398205,261.61915995180607,False,False,False,ok
BNCI2014_001,ebsw_full_bscale,ebsw,full,bscale,normalized,8,3654,280,279,500,500,2,0.0002516056982098144,0.01586208366545248,,,,8.735541942108877e-05,2.793683898093503,122.7769233819667,,499.9087232427725,0.999817446485545,,6.214517296761013,0.0021215689207409374,0.01053240496347162,0.02093858630019592,fixed_beta,0,0,42714,c40ecf1b9193dabfc1d29541b0b4ff9e7cb65fae452e660b0bf6be920fdcabb7,three_row_sha256,,123ea5ce324bb82567913e1514a410f2bb582a6d8528a6ea98fbb2b74646f92c,a789b01b17129967eecd25421cde715dc938f6e3b95b30f735ff978f0882361e,0.208553159609437,0.19507715478539467,0.21284306421875954,0.7495558820664883,0.8719859179109335,0.6797600071877241,0.35314890556037426,3.2709240913391113,0.0,1077.9185048304498,144.01584677398205,261.61915995180607,False,False,False,ok
BNCI2014_001,ebsw_full_bscale,ebsw,full,bscale,normalized,8,3654,281,280,500,500,2,0.0002481449467392936,0.015752617139361116,,,,8.709362594342108e-05,2.793683898093503,122.7769233819667,,499.9041076309268,0.9998082152618536,,6.214512743263951,0.002116216969472328,0.010552967094655127,0.020999814693591107,fixed_beta,0,0,42994,516061cfc3845e82e96ca5b95a00390db8b44b2b046d702cfeabc01f8fa9ad08,three_row_sha256,,123ea5ce324bb82567913e1514a410f2bb582a6d8528a6ea98fbb2b74646f92c,a789b01b17129967eecd25421cde715dc938f6e3b95b30f735ff978f0882361e,0.21498114801943302,0.3802170976996422,0.28877495788037777,0.7695821113884449,3.2691899687051773,0.7819330785423517,0.40649715811014175,6.111175520345569,0.0,1084.0296803507954,144.01584677398205,261.61915995180607,False,False,False,ok
BNCI2014_001,ebsw_full_bscale,ebsw,full,bscale,normalized,8,3654,282,281,500,500,2,0.00024742957896484023,0.015729894435908977,,,,8.733327567193877e-05,2.793683898093503,122.7769233819667,,499.90584440559377,0.9998116888111875,,6.214514422459386,0.002127941912730714,0.01054466410286587,0.02096363058856053,fixed_beta,0,0,43275,5bf571d9ca32e8a0755c383c00b6beaafe75511ca67c940c50053764f1ea35dd,three_row_sha256,,123ea5ce324bb82567913e1514a410f2bb582a6d8528a6ea98fbb2b74646f92c,a789b01b17129967eecd25421cde715dc938f6e3b95b30f735ff978f0882361e,0.21888990886509418,0.19475608132779598,0.21335692144930363,0.5898030940443277,0.23672007955610752,0.5543178413063288,0.16390392556786537,2.171747852116823,0.0,1086.2014282029122,144.01584677398205,261.61915995180607,False,False,False,ok
BNCI2014_001,ebsw_full_bscale,ebsw,full,bscale,normalized,8,3654,283,282,500,500,2,0.00024988132636023417,0.015807635065380087,,,,8.708171743888573e-05,2.7936838980935024,122.7769233819667,,499.90206033735393,0.9998041206747079,,6.214510729088818,0.002141963149417878,0.01058973531486703,0.021002058091502997,fixed_beta,0,0,43557,42956da7a3bfad48965e912e5198cbe29199f08e98bbf47b07eff5e0dd9e6e51,three_row_sha256,,123ea5ce324bb82567913e1514a410f2bb582a6d8528a6ea98fbb2b74646f92c,a789b01b17129967eecd25421cde715dc938f6e3b95b30f735ff978f0882361e,0.20245113410055637,0.33428496681153774,0.21177809685468674,0.5914040375500917,1.5924670733511448,1.4122049324214458,0.34995400346815586,4.694544244557619,0.0,1090.8959724474698,144.01584677398205,261.61915995180607,False,False,False,ok
BNCI2014_001,ebsw_full_bscale,ebsw,full,bscale,normalized,8,3654,284,283,500,500,2,0.0002451386692636625,0.01565690484302892,,,,8.6391091950848e-05,2.793683898093503,122.7769233819667,,499.9181470889223,0.9998362941778446,,6.2145266007992275,0.0021031884987428415,0.010448851385149288,0.02081641571622398,fixed_beta,0,0,43840,71241e7f8d7b0f4f977ab230fbcac224ecd8b201053d176eb0911c9a70d9a75d,three_row_sha256,,123ea5ce324bb82567913e1514a410f2bb582a6d8528a6ea98fbb2b74646f92c,a789b01b17129967eecd25421cde715dc938f6e3b95b30f735ff978f0882361e,0.35453191958367825,0.32355799339711666,0.29069697484374046,0.5981088615953922,0.3979089669883251,0.7102210074663162,0.29186601750552654,2.9668917413800955,0.0,1093.86286418885,144.01584677398205,261.61915995180607,False,False,False,ok
BNCI2014_001,ebsw_full_bscale,ebsw,full,bscale,normalized,8,3654,285,284,500,500,2,0.0002479556331082665,0.015746607034795353,,,,8.689472310747576e-05,2.7936838980935024,122.7769233819667,,499.91475657162556,0.9998295131432512,,6.214523208707986,0.0021253530236767823,0.010467439268367594,0.02084113393690858,fixed_beta,0,0,44124,cdd704cba67a3d81ddb7e6cc5e1838fbe3800c3f9b7171b75f94b75249ceea9a,three_row_sha256,,123ea5ce324bb82567913e1514a410f2bb582a6d8528a6ea98fbb2b74646f92c,a789b01b17129967eecd25421cde715dc938f6e3b95b30f735ff978f0882361e,0.2061298582702875,0.4540211521089077,0.29596290551126003,0.7745570037513971,0.24564191699028015,0.8452651090919971,0.3638230264186859,3.1854009721428156,0.0,1097.0482651609927,144.01584677398205,261.61915995180607,False,False,False,ok
BNCI2014_001,ebsw_full_bscale,ebsw,full,bscale,normalized,8,3654,286,285,500,500,2,0.00024043001258011016,0.015505805770101409,,,,8.516052899372505e-05,2.793683898093503,122.7769233819667,,499.90963225656014,0.9998192645131203,,6.214518281710301,0.002151676594985099,0.010551096233773646,0.02097010346518272,fixed_beta,0,0,44409,156a667df8e42f78e54e375228241b3119febda2592fb520c00a08e25df6d7ad,three_row_sha256,,123ea5ce324bb82567913e1514a410f2bb582a6d8528a6ea98fbb2b74646f92c,a789b01b17129967eecd25421cde715dc938f6e3b95b30f735ff978f0882361e,0.3801640123128891,0.3782748244702816,0.3703848924487829,0.9236608166247606,0.411453889682889,0.7373129483312368,0.9920380543917418,4.193289438262582,0.0,1101.2415545992553,144.01584677398205,261.61915995180607,False,False,False,ok
BNCI2014_001,ebsw_full_bscale,ebsw,full,bscale,normalized,8,3654,287,286,500,500,2,0.0002495173214365823,0.01579611728990964,,,,8.741198671288862e-05,2.793683898093503,122.7769233819667,,499.90135833936057,0.9998027166787211,,6.214510112186197,0.002154500082881839,0.010602899823798913,0.0210119567543673,fixed_beta,0,0,44695,940a45ba4caf4960e308209295053eb44f1e48362fda97a5ce815359f91ada00,three_row_sha256,,123ea5ce324bb82567913e1514a410f2bb582a6d8528a6ea98fbb2b74646f92c,a789b01b17129967eecd25421cde715dc938f6e3b95b30f735ff978f0882361e,0.3674379549920559,0.3259759396314621,0.3158380277454853,0.7644100114703178,0.3979508765041828,0.7399690803140402,0.33867289312183857,3.2502547837793827,0.0,1104.4918093830347,144.01584677398205,261.61915995180607,False,False,False,ok
BNCI2014_001,ebsw_full_bscale,ebsw,full,bscale,normalized,8,3654,288,287,500,500,2,0.0002473296859901502,0.0157267188564605,,,,8.7082057115051e-05,2.793683898093503,122.7769233819667,,499.91400651486043,0.9998280130297209,,6.214522483178525,0.0021147866055030063,0.010475547222811273,0.0208454949739124,fixed_beta,0,0,44982,9b2500ce92b1268bc17597b436f730fb0dd69fd18ea7d6195e7e97a68662c015,three_row_sha256,,123ea5ce324bb82567913e1514a410f2bb582a6d8528a6ea98fbb2b74646f92c,a789b01b17129967eecd25421cde715dc938f6e3b95b30f735ff978f0882361e,0.19677192904055119,0.19495515152812004,0.21055713295936584,0.5171338561922312,0.3010991495102644,0.772175844758749,0.4006980452686548,2.5933911092579365,0.0,1107.0852004922926,144.01584677398205,261.61915995180607,False,False,False,ok
BNCI2014_001,ebsw_full_bscale,ebsw,full,bscale,normalized,8,3654,289,288,500,500,2,0.0002479304878356094,0.015745808579924036,,,,8.686283743802651e-05,2.793683898093503,122.7769233819667,,499.91012803303397,0.999820256066068,,6.214518687610662,0.0021305270623284992,0.010528693275813026,0.02090961262251305,fixed_beta,0,0,45270,10cdc07dc7719e7bb11a5a8e41c6bd1389398642ed896049df1a8e361dda4ea4,three_row_sha256,,123ea5ce324bb82567913e1514a410f2bb582a6d8528a6ea98fbb2b74646f92c,a789b01b17129967eecd25421cde715dc938f6e3b95b30f735ff978f0882361e,0.2089140471071005,0.5070599727332592,0.29297987930476665,0.5724059883505106,1.697978936135769,0.7682209834456444,0.3775849472731352,4.425144754350185,0.0,1111.5103452466428,144.01584677398205,261.61915995180607,False,False,False,ok
BNCI2014_001,ebsw_full_bscale,ebsw,full,bscale,normalized,8,3654,290,289,500,500,2,0.0002426139707149619,0.015576070451656345,,,,8.586295979555198e-05,2.7936838980935024,122.7769233819667,,499.9181321174593,0.9998362642349187,,6.214526767226651,0.0021612363533903903,0.010564614581425765,0.020963974452823386,fixed_beta,0,0,45559,e313b0b47ec1a6c96c901e6f0191b84b5594ae783ce23ee18b27f6b975e00157,three_row_sha256,,123ea5ce324bb82567913e1514a410f2bb582a6d8528a6ea98fbb2b74646f92c,a789b01b17129967eecd25421cde715dc938f6e3b95b30f735ff978f0882361e,0.28507388196885586,0.3684801049530506,0.2922508865594864,0.6611691787838936,0.34487806260585785,0.8685670327395201,0.39840908721089363,3.218828234821558,0.0,1114.7291734814644,144.01584677398205,261.61915995180607,False,False,False,ok
BNCI2014_001,ebsw_full_bscale,ebsw,full,bscale,normalized,8,3654,291,290,500,500,2,0.00023773815044400974,0.015418759692141574,,,,8.496793187134829e-05,2.793683898093503,122.7769233819667,,499.9173951014019,0.9998347902028039,,6.214525851576869,0.002098697713947722,0.010448062557489517,0.020846612211165894,fixed_beta,0,0,45849,d716d1a3686e912b9c3a6ad5e0a70031a2b4f272eb92744dd924880ad75dee57,three_row_sha256,,123ea5ce324bb82567913e1514a410f2bb582a6d8528a6ea98fbb2b74646f92c,a789b01b17129967eecd25421cde715dc938f6e3b95b30f735ff978f0882361e,0.21540489979088306,1.69863598421216,0.3033799584954977,0.6807369645684958,0.43459096923470497,0.9405349846929312,0.4103898536413908,4.683673614636064,0.0,1119.4128470961004,144.01584677398205,261.61915995180607,False,False,False,ok
BNCI2014_001,ebsw_full_bscale,ebsw,full,bscale,normalized,8,3654,292,291,500,500,2,0.00023811480768909943,0.015430969110496575,,,,8.481195053790351e-05,2.793683898093503,122.7769233819667,,499.91783223157313,0.9998356644631463,,6.214526342282602,0.0021321916101425965,0.010479223054838746,0.020835828764955905,fixed_beta,0,0,46140,8e7cefaa31f16024388a797c2730e0eabc8c550ce12a839d70de2e7de6a811f6,three_row_sha256,,123ea5ce324bb82567913e1514a410f2bb582a6d8528a6ea98fbb2b74646f92c,a789b01b17129967eecd25421cde715dc938f6e3b95b30f735ff978f0882361e,0.2846568822860718,0.36566099151968956,0.2944150473922491,0.6621270440518856,0.3502450417727232,0.8765039965510368,0.5256470758467913,3.3592560794204473,0.0,1122.772103175521,144.01584677398205,261.61915995180607,False,False,False,ok
BNCI2014_001,ebsw_full_bscale,ebsw,full,bscale,normalized,8,3654,293,292,500,500,2,0.00024515802456077343,0.01565752293821642,,,,8.626361386788892e-05,2.793683898093503,122.7769233819667,,499.91929340702393,0.9998385868140479,,6.214527718358589,0.002112471351156226,0.010453321672556977,0.02079777447884134,fixed_beta,0,0,46432,ed8997ba03e8fbbf26854779066bbe98f90216972251c6f884a26e001d6104af,three_row_sha256,,123ea5ce324bb82567913e1514a410f2bb582a6d8528a6ea98fbb2b74646f92c,a789b01b17129967eecd25421cde715dc938f6e3b95b30f735ff978f0882361e,0.2334329765290022,0.3454249817878008,1.6235490329563618,1.4771269634366035,0.28252298943698406,0.811773119494319,0.2705738879740238,5.044403951615095,0.0,1127.816507127136,144.01584677398205,261.61915995180607,False,False,False,ok
BNCI2014_001,ebsw_full_bscale,ebsw,full,bscale,normalized,8,3654,294,293,500,500,2,0.0002372005274030349,0.015401315768564544,,,,8.49402513152303e-05,2.793683898093503,122.7769233819667,,499.92362412888053,0.9998472482577611,,6.21453204435775,0.0021191289799542333,0.010487726631853263,0.020820022937507884,fixed_beta,0,0,46725,c73484c0984e8ddef6de31bb6440e3955f2b0a77ef875718b1aa8c3911c3328e,three_row_sha256,,123ea5ce324bb82567913e1514a410f2bb582a6d8528a6ea98fbb2b74646f92c,a789b01b17129967eecd25421cde715dc938f6e3b95b30f735ff978f0882361e,0.22147106938064098,0.4164010751992464,0.4027660470455885,0.7229209877550602,0.45489706099033356,1.0900020133703947,0.3116508014500141,3.6201090551912785,0.0,1131.4366161823273,144.01584677398205,261.61915995180607,False,False,False,ok
BNCI2014_001,ebsw_full_bscale,ebsw,full,bscale,normalized,8,3654,295,294,500,500,2,0.00024437452048444455,0.015632482863718242,,,,8.633306604154864e-05,2.793683898093503,122.7769233819667,,499.90682266586816,0.9998136453317363,,6.214515436168201,0.002150236429270501,0.010548967683774243,0.020930140417468098,fixed_beta,0,0,47019,8101aceaf1d40024d69a56183101431f8d1cda079869f19c5ca9651ca330633a,three_row_sha256,,123ea5ce324bb82567913e1514a410f2bb582a6d8528a6ea98fbb2b74646f92c,a789b01b17129967eecd25421cde715dc938f6e3b95b30f735ff978f0882361e,0.19607692956924438,0.40870695374906063,0.29261293821036816,0.6028041243553162,0.3389229532331228,1.0274709202349186,0.3707509022206068,3.2373457215726376,0.0,1134.6739619039,144.01584677398205,261.61915995180607,False,False,False,ok
BNCI2014_001,ebsw_full_bscale,ebsw,full,bscale,normalized,8,3654,296,295,500,500,2,0.0002456558946349662,0.015673413624190686,,,,8.647383741635552e-05,2.793683898093503,122.7769233819667,,499.9130940280102,0.9998261880560204,,6.214521703431402,0.00215040623729831,0.010553547491879301,0.020930738462848646,fixed_beta,0,0,47314,7b6f5e9449165dbca0f13a55bdc0a9fee9e3023440b9f80abbaf9abb4532c049,three_row_sha256,,123ea5ce324bb82567913e1514a410f2bb582a6d8528a6ea98fbb2b74646f92c,a789b01b17129967eecd25421cde715dc938f6e3b95b30f735ff978f0882361e,0.2318338956683874,0.5275718867778778,0.2899719402194023,0.5976201500743628,0.4969690926373005,1.077614026144147,0.37400610744953156,3.5955870989710093,0.0,1138.269549002871,144.01584677398205,261.61915995180607,False,False,False,ok
BNCI2014_001,ebsw_full_bscale,ebsw,full,bscale,normalized,8,3654,297,296,500,500,2,0.0002456820255088186,0.015674247207085212,,,,8.673176821358464e-05,2.793683898093503,122.7769233819667,,499.91048307002205,0.9998209661400441,,6.214518984674271,0.0021339448639456395,0.01046148977661495,0.0208124537801554,fixed_beta,0,0,47610,71af78368c2dc180d51f777dd540411e5277090c0aae9ea4c46c02ae11656a05,three_row_sha256,,123ea5ce324bb82567913e1514a410f2bb582a6d8528a6ea98fbb2b74646f92c,a789b01b17129967eecd25421cde715dc938f6e3b95b30f735ff978f0882361e,0.215223990380764,0.40512089617550373,0.28683990240097046,0.6028281059116125,0.27861096896231174,1.0192419867962599,0.5664890632033348,3.374354913830757,0.0,1141.6439039167017,144.01584677398205,261.61915995180607,False,False,False,ok
BNCI2014_001,ebsw_full_bscale,ebsw,full,bscale,normalized,8,3654,298,297,500,500,2,0.0002515558494112947,0.015860512268249558,,,,8.732386271796393e-05,2.793683898093503,122.7769233819667,,499.9100970210822,0.9998201940421645,,6.214518645419947,0.002130022374584931,0.010527214944133095,0.020922857560611192,fixed_beta,0,0,47907,efd0e885428c7a486bf074c595163b5ec4179ddfce51a513ab55bc37c0c5eed6,three_row_sha256,,123ea5ce324bb82567913e1514a410f2bb582a6d8528a6ea98fbb2b74646f92c,a789b01b17129967eecd25421cde715dc938f6e3b95b30f735ff978f0882361e,0.23714499548077583,0.5159459542483091,0.309899915009737,0.6065850611776114,0.5047030281275511,1.067478908225894,0.3914870321750641,3.6332448944449425,0.0,1145.2771488111466,144.01584677398205,261.61915995180607,False,False,False,ok
BNCI2014_001,ebsw_full_bscale,ebsw,full,bscale,normalized,8,3654,299,298,500,500,2,0.00023766085917339372,0.015416253084760698,,,,8.472977298417388e-05,2.793683898093503,122.7769233819667,,499.91372060909214,0.9998274412181843,,6.2145224040796645,0.002166824186590552,0.01064589732574962,0.0209925197226618,fixed_beta,0,0,48205,9f83557599671de96bffdb2e90081cfaacdb73858f4b5e9514ac19d617344c55,three_row_sha256,,123ea5ce324bb82567913e1514a410f2bb582a6d8528a6ea98fbb2b74646f92c,a789b01b17129967eecd25421cde715dc938f6e3b95b30f735ff978f0882361e,0.19489997066557407,0.19331998191773891,0.2883600536733866,0.5214428529143333,0.2543909940868616,1.0705101303756237,0.4463579971343279,2.969281980767846,0.0,1148.2464307919145,144.01584677398205,261.61915995180607,False,False,False,ok
BNCI2014_001,ebsw_full_bscale,ebsw,full,bscale,normalized,8,3654,300,299,500,500,2,0.00025201080643068676,0.015874848233311926,6.3854403163855515,0.6217051006077436,37.82948993922563,8.78750971461497e-05,2.793683898093503,122.7769233819667,,499.8930143129124,0.9997860286258248,,6.214501744734879,0.0021289152513896572,0.010581783142883178,0.021035686912444135,fixed_beta,0,0,48504,2fc16e0d4d5510ee2945696500bac0e497780df1c8dd7a03cdebceca5f1d3959,three_row_sha256,,123ea5ce324bb82567913e1514a410f2bb582a6d8528a6ea98fbb2b74646f92c,a789b01b17129967eecd25421cde715dc938f6e3b95b30f735ff978f0882361e,0.2248138189315796,0.19996101036667824,0.866319052875042,0.6809700280427933,0.3046810161322355,1.291284803301096,0.43230014853179455,4.000329878181219,11.245476081967354,1152.2467606700957,155.2613228559494,261.61915995180607,False,False,False,ok
BNCI2014_001,ebsw_full_bscale,ebsw,full,bscale,normalized,8,3654,301,300,500,500,2,0.0002512341790881376,0.01585036842121146,,,,8.711537612657251e-05,2.793683898093503,122.7769233819667,,499.90638365882074,0.9998127673176415,,6.214515027683076,0.0021287194040563143,0.01058399360245836,0.02102366044859693,fixed_beta,0,0,48804,ece8a4f6e77cbd2cfdea406e2cc9c11af0c5537e7e54f292c33f6f992ad96b0e,three_row_sha256,,123ea5ce324bb82567913e1514a410f2bb582a6d8528a6ea98fbb2b74646f92c,a789b01b17129967eecd25421cde715dc938f6e3b95b30f735ff978f0882361e,0.4592959303408861,0.342983053997159,0.3143739886581898,0.8648908697068691,0.24571595713496208,0.6925689522176981,1.6550600994378328,4.574888851493597,0.0,1156.8216495215893,155.2613228559494,304.0246400050819,False,False,False,ok
BNCI2014_001,ebsw_full_bscale,ebsw,full,bscale,normalized,8,3654,302,301,500,500,2,0.00024128491232659033,0.015533348393910127,,,,8.53540740905158e-05,2.793683898093503,122.7769233819667,,499.9093598989331,0.9998187197978662,,6.214517841369987,0.0021101347303164684,0.010448112645084629,0.020840718997918874,fixed_beta,0,0,49105,876d07e22cc91a75f698b05ac6f3272346c5267d8b6b03f2f7269a60ef4399e0,three_row_sha256,,123ea5ce324bb82567913e1514a410f2bb582a6d8528a6ea98fbb2b74646f92c,a789b01b17129967eecd25421cde715dc938f6e3b95b30f735ff978f0882361e,0.2233530394732952,0.3846888430416584,0.29612286016345024,0.8168711792677641,0.279582804068923,0.5730439443141222,0.35969680175185204,2.933359472081065,0.0,1159.7550089936703,155.2613228559494,304.0246400050819,False,False,False,ok
BNCI2014_001,ebsw_full_bscale,ebsw,full,bscale,normalized,8,3654,303,302,500,500,2,0.00024926042913725726,0.01578798369448288,,,,8.691801937809126e-05,2.793683898093503,122.7769233819667,,499.90030785183893,0.9998006157036778,,6.214508925724271,0.002122559549980077,0.010536671775404084,0.020957214109397604,fixed_beta,0,0,49407,49b5109e8b3ddfc235d6556bc8ec975d0cb7999d276d8ec57a9d6208b4aeb3b6,three_row_sha256,,123ea5ce324bb82567913e1514a410f2bb582a6d8528a6ea98fbb2b74646f92c,a789b01b17129967eecd25421cde715dc938f6e3b95b30f735ff978f0882361e,0.20539294928312302,0.47600106336176395,0.28999405913054943,0.5584859754890203,0.4021371714770794,0.7174848578870296,0.3659899812191725,3.0154860578477383,0.0,1162.770495051518,155.2613228559494,304.0246400050819,False,False,False,ok
BNCI2014_001,ebsw_full_bscale,ebsw,full,bscale,normalized,8,3654,304,303,500,500,2,0.00024371437546005797,0.015611354055944602,,,,8.592818451588344e-05,2.793683898093503,122.7769233819667,,499.907915046303,0.999815830092606,,6.214516631710559,0.0021498711046028154,0.010615634565098469,0.021027460690244394,fixed_beta,0,0,49710,0cd26477b0986ae949797e449609ea7a0064b6199ed020b3e4ab530b410db71c,three_row_sha256,,123ea5ce324bb82567913e1514a410f2bb582a6d8528a6ea98fbb2b74646f92c,a789b01b17129967eecd25421cde715dc938f6e3b95b30f735ff978f0882361e,0.22979499772191048,0.4850998520851135,0.2921959385275841,0.5633749533444643,1.670256955549121,0.7645878940820694,0.42271800339221954,4.428028594702482,0.0,1167.1985236462206,155.2613228559494,304.0246400050819,False,False,False,ok
BNCI2014_001,ebsw_full_bscale,ebsw,full,bscale,normalized,8,3654,305,304,500,500,2,0.00024413608849911537,0.015624854831297325,,,,8.623266837727659e-05,2.793683898093503,122.7769233819667,,499.91160949305845,0.9998232189861169,,6.214520153425861,0.0021305901084590576,0.010541805088620347,0.02091569119408428,fixed_beta,0,0,50014,5bb26a9f3ce53a2c6127124372706826c9201c81c0b713d62640b8b2bb3ee7e5,three_row_sha256,,123ea5ce324bb82567913e1514a410f2bb582a6d8528a6ea98fbb2b74646f92c,a789b01b17129967eecd25421cde715dc938f6e3b95b30f735ff978f0882361e,0.19999011419713497,0.3305331338196993,0.28966297395527363,0.5570631474256516,0.3001699224114418,1.1944009456783533,0.3575040027499199,3.2293242402374744,0.0,1170.427847886458,155.2613228559494,304.0246400050819,False,False,False,ok
BNCI2014_001,ebsw_full_bscale,ebsw,full,bscale,normalized,8,3654,306,305,500,500,2,0.00023415364661416902,0.015302079813351159,,,,8.41221914396352e-05,2.793683898093503,122.7769233819667,,499.92144300368375,0.9998428860073675,,6.214529944255494,0.0021218510954764992,0.01051547408964251,0.020902353344220678,fixed_beta,0,0,50319,af478021c8e563718348028ffaa0808b5eeee6557c81e8141bb1c20202b9cff4,three_row_sha256,,123ea5ce324bb82567913e1514a410f2bb582a6d8528a6ea98fbb2b74646f92c,a789b01b17129967eecd25421cde715dc938f6e3b95b30f735ff978f0882361e,0.20479317754507065,0.47973706386983395,0.2925319131463766,0.9170470293611288,0.2612480893731117,1.7221258021891117,0.42735994793474674,4.30484302341938,0.0,1174.7326909098774,155.2613228559494,304.0246400050819,False,False,False,ok
BNCI2014_001,ebsw_full_bscale,ebsw,full,bscale,normalized,8,3654,307,306,500,500,2,0.00024157835733978441,0.015542791169535298,,,,8.596441411461546e-05,2.793683898093503,122.7769233819667,,499.9108237100175,0.999821647420035,,6.214519286413784,0.0021275018026769943,0.010441402907007532,0.020806392339517525,fixed_beta,0,0,50625,145d7e61f6c8a6e0a56f6445e37bb05adc2ce3af7238b0325320280cb1af1755,three_row_sha256,,123ea5ce324bb82567913e1514a410f2bb582a6d8528a6ea98fbb2b74646f92c,a789b01b17129967eecd25421cde715dc938f6e3b95b30f735ff978f0882361e,0.2551618963479996,0.3894190303981304,0.2953330986201763,0.5761620122939348,0.23147696629166603,0.8426920976489782,0.355136813595891,2.9453819151967764,0.0,1177.6780728250742,155.2613228559494,304.0246400050819,False,False,False,ok
BNCI2014_001,ebsw_full_bscale,ebsw,full,bscale,normalized,8,3654,308,307,500,500,2,0.0002499254371795196,0.015809030241590392,,,,8.739085039269565e-05,2.793683898093503,122.7769233819667,,499.90347906184894,0.9998069581236979,,6.2145121328511,0.0021410170839170745,0.010566126977989747,0.020980131030567742,fixed_beta,0,0,50932,6c63baf964013068326857aacdc0ec54c16285fdfe34ff1b50da20c1fff0933b,three_row_sha256,,123ea5ce324bb82567913e1514a410f2bb582a6d8528a6ea98fbb2b74646f92c,a789b01b17129967eecd25421cde715dc938f6e3b95b30f735ff978f0882361e,0.22689695470035076,0.36790594458580017,0.2888520248234272,0.6827360484749079,0.31255302019417286,0.8354329038411379,0.3596050664782524,3.073981963098049,0.0,1180.7520547881722,155.2613228559494,304.0246400050819,False,False,False,ok
BNCI2014_001,ebsw_full_bscale,ebsw,full,bscale,normalized,8,3654,309,308,500,500,2,0.00023439671698332815,0.015310020149670873,,,,8.4008476597358e-05,2.793683898093503,122.7769233819667,,499.92006422698796,0.999840128453976,,6.214528522735588,0.002121818181963627,0.010492990746798981,0.02085133881509384,fixed_beta,0,0,51240,1ba6897ea62ddfabc8330e1b96c30e80ae704e50e30fd51968eb1d363d86d49c,three_row_sha256,,123ea5ce324bb82567913e1514a410f2bb582a6d8528a6ea98fbb2b74646f92c,a789b01b17129967eecd25421cde715dc938f6e3b95b30f735ff978f0882361e,0.20933500491082668,1.678205095231533,0.28519309125840664,0.5664890632033348,0.265197129920125,0.9477939456701279,0.42053801007568836,4.372751340270042,0.0,1185.1248061284423,155.2613228559494,304.0246400050819,False,False,False,ok
BNCI2014_001,ebsw_full_bscale,ebsw,full,bscale,normalized,8,3654,310,309,500,500,2,0.00023977062726151532,0.015484528641890115,,,,8.525586802189442e-05,2.793683898093503,122.7769233819667,,499.92426862721805,0.9998485372544361,,6.214532664328293,0.0020960228265072987,0.010439556704289305,0.020813094293556815,fixed_beta,0,0,51549,776c604700748a99acf871bb44b65788b49a2ec4599115eeea9e6cf2a42c37bf,three_row_sha256,,123ea5ce324bb82567913e1514a410f2bb582a6d8528a6ea98fbb2b74646f92c,a789b01b17129967eecd25421cde715dc938f6e3b95b30f735ff978f0882361e,0.2533870283514261,0.35120686516165733,0.28692279011011124,0.5780879873782396,0.40198909118771553,0.9025100152939558,0.38835196755826473,3.1624557450413704,0.0,1188.2872618734837,155.2613228559494,304.0246400050819,False,False,False,ok
BNCI2014_001,ebsw_full_bscale,ebsw,full,bscale,normalized,8,3654,311,310,500,500,2,0.00023967024491450278,0.01548128692694838,,,,8.521475947954028e-05,2.793683898093503,122.7769233819667,,499.925575221668,0.9998511504433361,,6.214533983757625,0.0021174147782810284,0.010472501703620627,0.0208318727323107,fixed_beta,0,0,51859,308e7ec86683812f56e417ee11a76c238482f5f8acbc56d19458c94f1364f106,three_row_sha256,,123ea5ce324bb82567913e1514a410f2bb582a6d8528a6ea98fbb2b74646f92c,a789b01b17129967eecd25421cde715dc938f6e3b95b30f735ff978f0882361e,0.20301598124206066,0.36443700082600117,0.4078249912708998,0.5743629299104214,0.40198606438934803,1.5928491484373808,0.42255688458681107,3.967033000662923,0.0,1192.2542948741466,155.2613228559494,304.0246400050819,False,False,False,ok
BNCI2014_001,ebsw_full_bscale,ebsw,full,bscale,normalized,8,3654,312,311,500,500,2,0.00023668522850664624,0.015384577618727342,,,,8.467656967332814e-05,2.793683898093503,122.7769233819667,,499.923155763294,0.999846311526588,,6.214531585614075,0.0021023040313161144,0.010458118860587874,0.020832864957534995,fixed_beta,0,0,52170,ebb912555138228726f785641f16b92349ec2b7b9551bcc1d2fc20b26fcc66aa,three_row_sha256,,123ea5ce324bb82567913e1514a410f2bb582a6d8528a6ea98fbb2b74646f92c,a789b01b17129967eecd25421cde715dc938f6e3b95b30f735ff978f0882361e,0.20992406643927097,0.39588799700140953,0.29587396420538425,0.575752928853035,0.22528204135596752,0.914387870579958,0.3751178737729788,2.992226742208004,0.0,1195.2465216163546,155.2613228559494,304.0246400050819,False,False,False,ok
BNCI2014_001,ebsw_full_bscale,ebsw,full,bscale,normalized,8,3654,313,312,500,500,2,0.00024593449345171293,0.01568229872983272,,,,8.611074881212763e-05,2.7936838980935024,122.7769233819667,,499.9085325838908,0.9998170651677817,,6.2145171604787794,0.0021510732194436827,0.01054738566360573,0.020940207505722022,fixed_beta,0,0,52482,c0ffcf0a7e76c3c2001e37fb731030fa7b03f2ab2a34651d50454bdc3b5887a8,three_row_sha256,,123ea5ce324bb82567913e1514a410f2bb582a6d8528a6ea98fbb2b74646f92c,a789b01b17129967eecd25421cde715dc938f6e3b95b30f735ff978f0882361e,0.23387884721159935,0.3708100412040949,0.2899770624935627,0.6839449051767588,0.307668000459671,2.2367138881236315,0.15454902313649654,4.277541767805815,0.0,1199.5240633841604,155.2613228559494,304.0246400050819,False,False,False,ok
BNCI2014_001,ebsw_full_bscale,ebsw,full,bscale,normalized,8,3654,314,313,500,500,2,0.00024046939001655022,0.015507075482390295,,,,8.57375290202333e-05,2.793683898093503,122.7769233819667,,499.9065862031721,0.9998131724063442,,6.214515316548562,0.0021602279722290627,0.010619935070530898,0.021014604459113767,fixed_beta,0,0,52795,1beabadffe1aaf1e30e962d818c15923b423a7f62ef2caebb66913458c137bcb,three_row_sha256,,123ea5ce324bb82567913e1514a410f2bb582a6d8528a6ea98fbb2b74646f92c,a789b01b17129967eecd25421cde715dc938f6e3b95b30f735ff978f0882361e,0.3748780582100153,0.3521449398249388,0.32992917113006115,0.6163229700177908,0.3315818030387163,1.101640984416008,0.3618088085204363,3.4683067351579666,0.0,1202.9923701193184,155.2613228559494,304.0246400050819,False,False,False,ok
BNCI2014_001,ebsw_full_bscale,ebsw,full,bscale,normalized,8,3654,315,314,500,500,2,0.0002388470390845722,0.015454676932390797,,,,8.521018371740702e-05,2.793683898093503,122.7769233819667,,499.91518410128805,0.9998303682025761,,6.214523772411958,0.0021178032045492154,0.010542873881568203,0.02097154680675603,fixed_beta,0,0,53109,915ac9372f047aab95f68b1e2d728246467bd498b3e9874f8bd4734fa9b29f6a,three_row_sha256,,123ea5ce324bb82567913e1514a410f2bb582a6d8528a6ea98fbb2b74646f92c,a789b01b17129967eecd25421cde715dc938f6e3b95b30f735ff978f0882361e,0.2058341633528471,0.37180911749601364,0.38993917405605316,0.5683321505784988,0.4316498525440693,0.8345001842826605,0.3712829202413559,3.1733475625514984,0.0,1206.1657176818699,155.2613228559494,304.0246400050819,False,False,False,ok
BNCI2014_001,ebsw_full_bscale,ebsw,full,bscale,normalized,8,3654,316,315,500,500,2,0.00023697461633136858,0.015393979873033762,,,,8.515525792083242e-05,2.793683898093503,122.7769233819667,,499.91290508278297,0.9998258101655659,,6.2145214798733495,0.002147658562855669,0.010566978901992326,0.0209178283092753,fixed_beta,0,0,53424,e7f6f74a018a7bbae891b7fea13326576db8ec718df4e6b1e520bfc3b41b52c5,three_row_sha256,,123ea5ce324bb82567913e1514a410f2bb582a6d8528a6ea98fbb2b74646f92c,a789b01b17129967eecd25421cde715dc938f6e3b95b30f735ff978f0882361e,0.22884784266352654,1.6866440419107676,0.29944092966616154,0.5757210310548544,0.9861697908490896,0.9850440546870232,0.25282008573412895,5.014687776565552,0.0,1211.1804054584354,155.2613228559494,304.0246400050819,False,False,False,ok
BNCI2014_001,ebsw_full_bscale,ebsw,full,bscale,normalized,8,3654,317,316,500,500,2,0.00024297636467518656,0.015587699146287964,,,,8.602085477452829e-05,2.793683898093503,122.7769233819667,,499.9123815071284,0.9998247630142567,,6.214520941392637,0.002120177178863251,0.010515459188225565,0.02089297136679709,fixed_beta,0,0,53740,7cf2c6c22653ed97eeed04392004386dcfa9be7a9d33c1180256245a0cbe3fbc,three_row_sha256,,123ea5ce324bb82567913e1514a410f2bb582a6d8528a6ea98fbb2b74646f92c,a789b01b17129967eecd25421cde715dc938f6e3b95b30f735ff978f0882361e,0.20749494433403015,0.4893860314041376,0.2890720497816801,0.5562510341405869,0.44142408296465874,0.7088321726769209,0.5073559004813433,3.1998162157833576,0.0,1214.3802216742188,155.2613228559494,304.0246400050819,False,False,False,ok
BNCI2014_001,ebsw_full_bscale,ebsw,full,bscale,normalized,8,3654,318,317,500,500,2,0.00023531628330161002,0.015340022271874641,,,,8.43819674595368e-05,2.793683898093503,122.7769233819667,,499.91065565905654,0.9998213113181131,,6.214519235081523,0.0021240512114952016,0.010508948504713102,0.020898714914212132,fixed_beta,0,0,54057,e3387d69fb97b72d69ee265f17d398bc99cfe933d90bb386177c3484b81b50a4,three_row_sha256,,123ea5ce324bb82567913e1514a410f2bb582a6d8528a6ea98fbb2b74646f92c,a789b01b17129967eecd25421cde715dc938f6e3b95b30f735ff978f0882361e,0.23514102213084698,0.45487284660339355,0.2973549999296665,0.5934839136898518,1.5959900338202715,1.1558840051293373,0.43510086834430695,4.767827689647675,0.0,1219.1480493638664,155.2613228559494,304.0246400050819,False,False,False,ok
BNCI2014_001,ebsw_full_bscale,ebsw,full,bscale,normalized,8,3654,319,318,500,500,2,0.00023908158925060017,0.015462263393520373,,,,8.520357232016922e-05,2.793683898093503,122.7769233819667,,499.91653369913365,0.9998330673982673,,6.214525149403393,0.0021382388822954756,0.010575411221307944,0.020991164900000584,fixed_beta,0,0,54375,031a9f6c2ed7b7aa33e9322842374cf8634f8682dedd668b387dafa835e29cec,three_row_sha256,,123ea5ce324bb82567913e1514a410f2bb582a6d8528a6ea98fbb2b74646f92c,a789b01b17129967eecd25421cde715dc938f6e3b95b30f735ff978f0882361e,0.21370593458414078,0.30855205841362476,0.21241302601993084,0.5439228843897581,0.2725329250097275,1.3857800513505936,0.3989229444414377,3.3358298242092133,0.0,1222.4838791880757,155.2613228559494,304.0246400050819,False,False,False,ok
BNCI2014_001,ebsw_full_bscale,ebsw,full,bscale,normalized,8,3654,320,319,500,500,2,0.0002419689600234969,0.015555351491480253,,,,8.568167090325284e-05,2.793683898093503,122.7769233819667,,499.9030027956558,0.9998060055913117,,6.214511799042601,0.002144277973432847,0.010617263637463622,0.02107212058637537,fixed_beta,0,0,54694,7dd90d6bb20f5ddd94589d7aac0b694cc66fc8b6538d57905009d91694c1d030,three_row_sha256,,123ea5ce324bb82567913e1514a410f2bb582a6d8528a6ea98fbb2b74646f92c,a789b01b17129967eecd25421cde715dc938f6e3b95b30f735ff978f0882361e,0.34881290048360825,0.39013708010315895,0.42576994746923447,0.7234180811792612,1.682792091742158,0.7698859553784132,0.42464188300073147,4.7654579393565655,0.0,1227.2493371274322,155.2613228559494,304.0246400050819,False,False,False,ok
BNCI2014_001,ebsw_full_bscale,ebsw,full,bscale,normalized,8,3654,321,320,500,500,2,0.0002373338761871551,0.015405644296398483,,,,8.478672763220355e-05,2.793683898093503,122.7769233819667,,499.91166734786816,0.9998233346957364,,6.214520203472678,0.0021221044296748297,0.010493891176029332,0.02087869347349516,fixed_beta,0,0,55014,df86ea6e12862a06ef859d5cd3c8ca9bce8019240207579ac9c35dd8fcdbfd01,three_row_sha256,,123ea5ce324bb82567913e1514a410f2bb582a6d8528a6ea98fbb2b74646f92c,a789b01b17129967eecd25421cde715dc938f6e3b95b30f735ff978f0882361e,0.20550796762108803,0.31057908199727535,0.21263607777655125,0.534998020157218,0.2381990198045969,1.161250052973628,0.5447529256343842,3.2079231459647417,0.0,1230.457260273397,155.2613228559494,304.0246400050819,False,False,False,ok
BNCI2014_001,ebsw_full_bscale,ebsw,full,bscale,normalized,8,3654,322,321,500,500,2,0.00024564169133564466,0.015672960515985632,,,,8.61635545480797e-05,2.793683898093503,122.7769233819667,,499.906704913093,0.999813409826186,,6.214515330820614,0.002146222266969766,0.010534288840931005,0.020922700340663417,fixed_beta,0,0,55335,07919142d4ef01a63b0af7d79936c3decadf2fb424a72c805d7a6ad0c7fd8d21,three_row_sha256,,123ea5ce324bb82567913e1514a410f2bb582a6d8528a6ea98fbb2b74646f92c,a789b01b17129967eecd25421cde715dc938f6e3b95b30f735ff978f0882361e,0.2158831339329481,0.2052350901067257,1.6455571167171001,0.6349119357764721,0.2610201481729746,1.176625955849886,0.3802978899329901,4.519531270489097,0.0,1234.976791543886,155.2613228559494,304.0246400050819,False,False,False,ok
BNCI2014_001,ebsw_full_bscale,ebsw,full,bscale,normalized,8,3654,323,322,500,500,2,0.00024290093749752156,0.015585279512973822,,,,8.623837218415808e-05,2.793683898093503,122.7769233819667,,499.91528931014005,0.9998305786202801,,6.214523672465229,0.0020932314706462135,0.010417655670477359,0.02075125193305316,fixed_beta,0,0,55657,ca7c2a6c9d470294b383e69175766594c6a3d3ae755f97e6466f49ae3af1a124,three_row_sha256,,123ea5ce324bb82567913e1514a410f2bb582a6d8528a6ea98fbb2b74646f92c,a789b01b17129967eecd25421cde715dc938f6e3b95b30f735ff978f0882361e,0.2277230378240347,0.32435101456940174,0.3031669184565544,0.5702648777514696,0.47544902190566063,1.1013951152563095,0.42267702519893646,3.425027010962367,0.0,1238.4018185548484,155.2613228559494,304.0246400050819,False,False,False,ok
BNCI2014_001,ebsw_full_bscale,ebsw,full,bscale,normalized,8,3654,324,323,500,500,2,0.00023513703864158812,0.015334178772976012,,,,8.434044734170252e-05,2.793683898093503,122.7769233819667,,499.9231013575238,0.9998462027150476,,6.214531484262018,0.002094435692641464,0.010415083706487551,0.020771305112422846,fixed_beta,0,0,55980,e5257cd292d5edf1afb91ca0048d5497d7d2e9bea8043d68989674b7eaab04df,three_row_sha256,,123ea5ce324bb82567913e1514a410f2bb582a6d8528a6ea98fbb2b74646f92c,a789b01b17129967eecd25421cde715dc938f6e3b95b30f735ff978f0882361e,0.2276210580021143,0.3474489785730839,0.3680698573589325,1.271022018045187,0.33462303690612316,1.1161970905959606,0.333898002281785,3.9988800417631865,0.0,1242.4006985966116,155.2613228559494,304.0246400050819,False,False,False,ok
BNCI2014_001,ebsw_full_bscale,ebsw,full,bscale,normalized,8,3654,325,324,500,500,2,0.00023932658680947026,0.015470183800119192,6.307315993245062,0.6140986885560431,38.59013114439569,8.538984033170172e-05,2.793683898093503,122.7769233819667,,499.9174360653651,0.9998348721307302,,6.214525960573301,0.0021399456010465522,0.01050702685401237,0.020889100760029686,fixed_beta,0,0,56304,7a76a3bd822803251d9f0acb0c2bd1ee8c149c4e1ded9b447d9b046af917e6f8,three_row_sha256,,123ea5ce324bb82567913e1514a410f2bb582a6d8528a6ea98fbb2b74646f92c,a789b01b17129967eecd25421cde715dc938f6e3b95b30f735ff978f0882361e,0.2277300227433443,0.5099079571664333,0.3053669352084398,0.6077331490814686,0.5175969563424587,2.1049899514764547,0.16348902136087418,4.436813993379474,10.185427032411098,1246.837512589991,165.4467498883605,304.0246400050819,False,False,False,ok
BNCI2014_001,ebsw_full_bscale,ebsw,full,bscale,normalized,8,3654,326,325,500,500,2,0.00023998560143751688,0.015491468666253594,,,,8.546347551997912e-05,2.793683898093503,122.7769233819667,,499.9096732373608,0.9998193464747216,,6.214518291867694,0.00212604928686337,0.010565222862155436,0.020943751329500604,fixed_beta,0,0,56629,244db81162df3e57740f679fa2a61835d3bc433c53c28ccbdca1cd4f21c3ada2,three_row_sha256,,123ea5ce324bb82567913e1514a410f2bb582a6d8528a6ea98fbb2b74646f92c,a789b01b17129967eecd25421cde715dc938f6e3b95b30f735ff978f0882361e,0.23243785835802555,0.9531751275062561,0.3012919332832098,0.6880119908601046,0.23490400053560734,1.650101039558649,0.4271930083632469,4.487114958465099,0.0,1251.3246275484562,165.4467498883605,304.0246400050819,False,False,False,ok
BNCI2014_001,ebsw_full_bscale,ebsw,full,bscale,normalized,8,3654,327,326,500,500,2,0.00023734563456430358,0.015406025917292999,,,,8.500278678133782e-05,2.793683898093503,122.7769233819667,,499.92013945953585,0.9998402789190717,,6.2145286987668085,0.002172469370846202,0.010503964564944188,0.020850856737494674,fixed_beta,0,0,56955,74d5d43f24202b7ecc4037ad1ca98a683afb688ff25cd1c9816df4e368207125,three_row_sha256,,123ea5ce324bb82567913e1514a410f2bb582a6d8528a6ea98fbb2b74646f92c,a789b01b17129967eecd25421cde715dc938f6e3b95b30f735ff978f0882361e,0.21245982497930527,0.39691198617219925,0.2908250316977501,0.5701610352844,0.21781306713819504,1.1224159970879555,0.4168609157204628,3.227447858080268,0.0,1254.5520754065365,165.4467498883605,304.0246400050819,False,False,False,ok
BNCI2014_001,ebsw_full_bscale,ebsw,full,bscale,normalized,8,3654,328,327,500,500,2,0.0002420456240145813,0.01555781552836327,,,,8.581332789533191e-05,2.793683898093503,122.7769233819667,,499.9005526300278,0.9998011052600556,,6.214509634046658,0.0022212676085436403,0.010722613285732662,0.021156255925397452,fixed_beta,0,0,57282,4e005a05beed6f394865c381bbd7e12f8f3b33b3765d75677d2bda7f0b32a280,three_row_sha256,,123ea5ce324bb82567913e1514a410f2bb582a6d8528a6ea98fbb2b74646f92c,a789b01b17129967eecd25421cde715dc938f6e3b95b30f735ff978f0882361e,0.2205630298703909,1.6848728992044926,0.33654598519206047,0.5738739855587482,0.3402510192245245,1.1186329647898674,0.41765510104596615,4.69239498488605,0.0,1259.2444703914225,165.4467498883605,304.0246400050819,False,False,False,ok
BNCI2014_001,ebsw_full_bscale,ebsw,full,bscale,normalized,8,3654,329,328,500,500,2,0.00024252621283686338,0.0155732531231231,,,,8.541116111854028e-05,2.7936838980935024,122.7769233819667,,499.9275274501973,0.9998550549003946,,6.21453588727319,0.0020861599496681616,0.010411302553582476,0.020773026580233812,fixed_beta,0,0,57610,e66edadf16ce175211d6e623f1df622e7bef7d0ff9b47d62fa58fe63e93103a1,three_row_sha256,,123ea5ce324bb82567913e1514a410f2bb582a6d8528a6ea98fbb2b74646f92c,a789b01b17129967eecd25421cde715dc938f6e3b95b30f735ff978f0882361e,0.2552031073719263,0.3444422036409378,0.29886001721024513,0.6038821302354336,0.4815058782696724,0.8896770887076855,0.5554731469601393,3.42904357239604,0.0,1262.6735139638186,165.4467498883605,304.0246400050819,False,False,False,ok
BNCI2014_001,ebsw_full_bscale,ebsw,full,bscale,normalized,8,3654,330,329,500,500,2,0.00023948262969218992,0.015475226321194463,,,,8.527913098150084e-05,2.7936838980935033,122.7769233819667,,499.9263578823204,0.9998527157646409,,6.214534816470254,0.002153058445946814,0.01047434756194957,0.02078825494492466,fixed_beta,0,0,57939,29f7156a6f75c3022955a595c0ffd89109081a5941efa8ef3326ab92f95e8614,three_row_sha256,,123ea5ce324bb82567913e1514a410f2bb582a6d8528a6ea98fbb2b74646f92c,a789b01b17129967eecd25421cde715dc938f6e3b95b30f735ff978f0882361e,0.18815789371728897,0.35085901618003845,0.2105608582496643,1.265968894585967,0.3378430847078562,0.7598751690238714,0.25571207515895367,3.36897699162364,0.0,1266.0424909554422,165.4467498883605,304.0246400050819,False,False,False,ok
BNCI2014_001,ebsw_full_bscale,ebsw,full,bscale,normalized,8,3654,331,330,500,500,2,0.00024158292477516628,0.01554293809983062,,,,8.596158173770247e-05,2.793683898093503,122.7769233819667,,499.91491338811346,0.9998298267762269,,6.214523475747528,0.002166928029067371,0.010508499041095062,0.020858754571424297,fixed_beta,0,0,58269,82fc4dd7b84b9a1098a09edb124469e8c5d303903edeecfe4cfb4ea1ed178810,three_row_sha256,,123ea5ce324bb82567913e1514a410f2bb582a6d8528a6ea98fbb2b74646f92c,a789b01b17129967eecd25421cde715dc938f6e3b95b30f735ff978f0882361e,0.23135612718760967,0.3747830633074045,0.29060104861855507,0.7266630418598652,0.5001169629395008,0.7081630174070597,0.42908801697194576,3.2607712782919407,0.0,1269.3032622337341,165.4467498883605,304.0246400050819,False,False,False,ok
BNCI2014_001,ebsw_full_bscale,ebsw,full,bscale,normalized,8,3654,332,331,500,500,2,0.0002384406653633859,0.015441524062196253,,,,8.472913774238538e-05,2.793683898093503,122.7769233819667,,499.9295512353973,0.9998591024707946,,6.2145379296790635,0.0021372614850969866,0.010449635271561458,0.020789842585136754,fixed_beta,0,0,58600,b7a2da77603aa50362c8d1447ab63df3cac73eaa3b353bc16907832700657d9b,three_row_sha256,,123ea5ce324bb82567913e1514a410f2bb582a6d8528a6ea98fbb2b74646f92c,a789b01b17129967eecd25421cde715dc938f6e3b95b30f735ff978f0882361e,0.22119609639048576,0.4066841211169958,0.28594699688255787,0.6020618602633476,0.3420468419790268,0.948142958804965,0.39243302308022976,3.1985118985176086,0.0,1272.5017741322517,165.4467498883605,304.0246400050819,False,False,False,ok
BNCI2014_001,ebsw_full_bscale,ebsw,full,bscale,normalized,8,3654,333,332,500,500,2,0.00024088877027583598,0.015520591814613127,,,,8.510836730243079e-05,2.793683898093503,122.7769233819667,,499.91794139664694,0.9998358827932939,,6.214526357007635,0.0021003271877622545,0.01044107023196348,0.020799821574977766,fixed_beta,0,0,58932,53bf40c3e603faa1fd0909f41aa52d072a336bb2d748b79a114e071ba7006d97,three_row_sha256,,123ea5ce324bb82567913e1514a410f2bb582a6d8528a6ea98fbb2b74646f92c,a789b01b17129967eecd25421cde715dc938f6e3b95b30f735ff978f0882361e,0.352158909663558,0.43592811562120914,0.40984712541103363,0.7363869808614254,0.4867010284215212,1.4477120712399483,0.43462286703288555,4.303357098251581,0.0,1276.8051312305033,165.4467498883605,304.0246400050819,False,False,False,ok
BNCI2014_001,ebsw_full_bscale,ebsw,full,bscale,normalized,8,3654,334,333,500,500,2,0.0002377702109312803,0.015419799315531973,,,,8.492769859648389e-05,2.793683898093503,122.7769233819667,,499.9234462156946,0.9998468924313891,,6.214531898731581,0.0021195043505247103,0.010471364506902529,0.02084802266598935,fixed_beta,0,0,59265,b7ed7e2e3fe0c1a265a3f8f9221ef754b9f3c6b0440fa145941a383bf2ba8298,three_row_sha256,,123ea5ce324bb82567913e1514a410f2bb582a6d8528a6ea98fbb2b74646f92c,a789b01b17129967eecd25421cde715dc938f6e3b95b30f735ff978f0882361e,0.26024808175861835,0.3937380388379097,0.2894250210374594,0.5717889871448278,0.22258399985730648,0.700351083651185,0.5366869736462831,2.97482218593359,0.0,1279.779953416437,165.4467498883605,304.0246400050819,False,False,False,ok
BNCI2014_001,ebsw_full_bscale,ebsw,full,bscale,normalized,8,3654,335,334,500,500,2,0.0002468801026818969,0.015712418740661697,,,,8.68268884463563e-05,2.793683898093503,122.7769233819667,,499.90543788382604,0.9998108757676522,,6.214513960841478,0.0021102870936898386,0.010502921114599596,0.020864100533380673,fixed_beta,0,0,59599,cf5e1c86b53a8727e985d3ad074fa64567a089d230c7050ff4e638e3f3232492,three_row_sha256,,123ea5ce324bb82567913e1514a410f2bb582a6d8528a6ea98fbb2b74646f92c,a789b01b17129967eecd25421cde715dc938f6e3b95b30f735ff978f0882361e,0.23120897822082043,0.5273129791021347,0.29454496689140797,0.6100269965827465,0.48837997019290924,1.3999789953231812,0.4315979313105345,3.9830508176237345,0.0,1283.7630042340606,165.4467498883605,304.0246400050819,False,False,False,ok
BNCI2014_001,ebsw_full_bscale,ebsw,full,bscale,normalized,8,3654,336,335,500,500,2,0.00023540610180688726,0.01534294957975445,,,,8.496060257217835e-05,2.793683898093503,122.7769233819667,,499.9276066006368,0.9998552132012737,,6.214535954078695,0.0020802579237224153,0.010386693512691406,0.02073203943259335,fixed_beta,0,0,59934,e8d129a5b431ea7180463ab45cb8358a9d0db02ec4484361d0ba62e5f9462ccf,three_row_sha256,,123ea5ce324bb82567913e1514a410f2bb582a6d8528a6ea98fbb2b74646f92c,a789b01b17129967eecd25421cde715dc938f6e3b95b30f735ff978f0882361e,0.2637889701873064,0.3942649345844984,0.2876699436455965,0.5700050387531519,0.22354885004460812,0.8139689452946186,0.543633010238409,3.096879692748189,0.0,1286.8598839268088,165.4467498883605,304.0246400050819,False,False,False,ok
BNCI2014_001,ebsw_full_bscale,ebsw,full,bscale,normalized,8,3654,337,336,500,500,2,0.0002336336809843029,0.015285080339478197,,,,8.406078794766895e-05,2.793683898093503,122.7769233819667,,499.9257844511582,0.9998515689023164,,6.2145342483029955,0.002136453939994482,0.010505227798903116,0.02085418223926968,fixed_beta,0,0,60270,b293746ee59fafced8ce0be82e1295de36d0936c6470aa48319a546a12cb4bdc,three_row_sha256,,123ea5ce324bb82567913e1514a410f2bb582a6d8528a6ea98fbb2b74646f92c,a789b01b17129967eecd25421cde715dc938f6e3b95b30f735ff978f0882361e,0.2152209635823965,1.7585840541869402,0.32126205042004585,0.673545990139246,0.905653927475214,0.7436808664351702,0.4294668324291706,5.047414684668183,0.0,1291.907298611477,165.4467498883605,304.0246400050819,False,False,False,ok
BNCI2014_001,ebsw_full_bscale,ebsw,full,bscale,normalized,8,3654,338,337,500,500,2,0.00023200863598848653,0.015231829699300295,,,,8.351967481201806e-05,2.793683898093503,122.7769233819667,,499.92681218384496,0.99985362436769,,6.214535264025509,0.002117564474362722,0.010475569718513501,0.020838765966419523,fixed_beta,0,0,60607,451b9e0372811f1a74dad30fde3b7e4e4391eed65b309655344e8bf0e49f89ef,three_row_sha256,,123ea5ce324bb82567913e1514a410f2bb582a6d8528a6ea98fbb2b74646f92c,a789b01b17129967eecd25421cde715dc938f6e3b95b30f735ff978f0882361e,0.2077289391309023,0.3269829321652651,0.30145817436277866,0.9595269802957773,0.2524550072848797,0.7834089919924736,0.3942190669476986,3.2257800921797752,0.0,1295.1330787036568,165.4467498883605,304.0246400050819,False,False,False,ok
BNCI2014_001,ebsw_full_bscale,ebsw,full,bscale,normalized,8,3654,339,338,500,500,2,0.00023555126972338666,0.015347679620170166,,,,8.448659149084215e-05,2.793683898093503,122.7769233819667,,499.9224390849322,0.9998448781698644,,6.214530868322495,0.0021142014581154145,0.010468648027299804,0.020818238353684106,fixed_beta,0,0,60945,74969150c716161b301f079f39a7edb0530256907565c705241ca58a713d9dd7,three_row_sha256,,123ea5ce324bb82567913e1514a410f2bb582a6d8528a6ea98fbb2b74646f92c,a789b01b17129967eecd25421cde715dc938f6e3b95b30f735ff978f0882361e,0.4089039284735918,1.7265321221202612,0.295120058581233,0.6828571204096079,0.24585705250501633,0.7486289832741022,0.41994894854724407,4.5278482139110565,0.0,1299.6609269175678,165.4467498883605,304.0246400050819,False,False,False,ok
BNCI2014_001,ebsw_full_bscale,ebsw,full,bscale,normalized,8,3654,340,339,500,500,2,0.00024019795431666502,0.015498321016054127,,,,8.57222296780926e-05,2.793683898093503,122.7769233819667,,499.9157385458058,0.9998314770916117,,6.214524254738545,0.002124376582375512,0.010495588020465914,0.02088643191661177,fixed_beta,0,0,61284,6ff4e725009099e753a9428bc43212244e97bf4b432de02d12bb0534e3b1941b,three_row_sha256,,123ea5ce324bb82567913e1514a410f2bb582a6d8528a6ea98fbb2b74646f92c,a789b01b17129967eecd25421cde715dc938f6e3b95b30f735ff978f0882361e,0.3661129157990217,0.3320088144391775,0.35266182385385036,0.9629300329834223,0.24618790484964848,0.7629171013832092,0.39274897426366806,3.4155675675719976,0.0,1303.0764944851398,165.4467498883605,304.0246400050819,False,False,False,ok
BNCI2014_001,ebsw_full_bscale,ebsw,full,bscale,normalized,8,3654,341,340,500,500,2,0.00024129731323831424,0.0155337475593726,,,,8.595480934709513e-05,2.793683898093503,122.7769233819667,,499.9105298202981,0.9998210596405962,,6.214519187904775,0.0021575965190474503,0.010567599930948027,0.020963990511720987,fixed_beta,0,0,61624,32eb1dafebf52ba5ee448546819f6995cd1bb427fe004386aed25d179fa1f421,three_row_sha256,,123ea5ce324bb82567913e1514a410f2bb582a6d8528a6ea98fbb2b74646f92c,a789b01b17129967eecd25421cde715dc938f6e3b95b30f735ff978f0882361e,0.22761709988117218,1.7282019834965467,0.2929649781435728,0.6764589343219995,0.9208919946104288,0.7920628413558006,0.42865704745054245,5.066854879260063,0.0,1308.1433493644,165.4467498883605,304.0246400050819,False,False,False,ok
BNCI2014_001,ebsw_full_bscale,ebsw,full,bscale,normalized,8,3654,342,341,500,500,2,0.0002328554499777458,0.015259601894471094,,,,8.399815769202492e-05,2.793683898093503,122.7769233819667,,499.9104673539513,0.9998209347079026,,6.214519041268461,0.0021127782892850313,0.010513585940931595,0.020952261330306185,fixed_beta,0,0,61965,f3d9a56f6bd0dc441bd3469b9c020c01d1aa44eb26e954f40c933a0dbf4eff51,three_row_sha256,,123ea5ce324bb82567913e1514a410f2bb582a6d8528a6ea98fbb2b74646f92c,a789b01b17129967eecd25421cde715dc938f6e3b95b30f735ff978f0882361e,0.21441304124891758,0.3125679213553667,0.21566497161984444,0.7556509226560593,2.879121107980609,3.823172999545932,0.18149008974432945,8.382081054151058,0.0,1316.525430418551,165.4467498883605,304.0246400050819,False,False,False,ok
BNCI2014_001,ebsw_full_bscale,ebsw,full,bscale,normalized,8,3654,343,342,500,500,2,0.0002404984952786276,0.015508013905030767,,,,8.624243518512853e-05,2.793683898093503,122.7769233819667,,499.9009504092805,0.999801900818561,,6.214509853860076,0.0021856115258421364,0.010680555323303899,0.021087554222591686,fixed_beta,0,0,62307,c1818b954b6460ecd0e432f7ff6b0596ba780c0402c037eae3c85c8b82ad7e55,three_row_sha256,,123ea5ce324bb82567913e1514a410f2bb582a6d8528a6ea98fbb2b74646f92c,a789b01b17129967eecd25421cde715dc938f6e3b95b30f735ff978f0882361e,0.2553958911448717,0.2002180553972721,0.9730600286275148,0.6079759914427996,0.23764395155012608,0.5699768662452698,0.17013191245496273,3.014402696862817,0.0,1319.5398331154138,165.4467498883605,304.0246400050819,False,False,False,ok
BNCI2014_001,ebsw_full_bscale,ebsw,full,bscale,normalized,8,3654,344,343,500,500,2,0.0002307727789392476,0.015191207290378457,,,,8.385425099151699e-05,2.793683898093503,122.7769233819667,,499.92698598260216,0.9998539719652043,,6.214535391302831,0.00212057890893114,0.010444914486825163,0.020777706556563802,fixed_beta,0,0,62650,47e9b1e3618d364ef3f957ebf79c03e44c0eb665a51ab18126559f0a765a97fa,three_row_sha256,,123ea5ce324bb82567913e1514a410f2bb582a6d8528a6ea98fbb2b74646f92c,a789b01b17129967eecd25421cde715dc938f6e3b95b30f735ff978f0882361e,0.2687368541955948,0.353833194822073,0.3216150216758251,0.5956590175628662,0.3263680264353752,0.5948338657617569,0.38666906766593456,2.8477150481194258,0.0,1322.3875481635332,165.4467498883605,304.0246400050819,False,False,False,ok
BNCI2014_001,ebsw_full_bscale,ebsw,full,bscale,normalized,8,3654,345,344,500,500,2,0.00024410783458430761,0.015623950671462952,,,,8.652040488436181e-05,2.7936838980935024,122.7769233819667,,499.9137023691711,0.9998274047383423,,6.214522311521028,0.0021311065219002533,0.01054910085162316,0.020956802810472817,fixed_beta,0,0,62994,0762d9f4e8de6a0963f6072e85049603d929ffcd604d89eb429934b15338091f,three_row_sha256,,123ea5ce324bb82567913e1514a410f2bb582a6d8528a6ea98fbb2b74646f92c,a789b01b17129967eecd25421cde715dc938f6e3b95b30f735ff978f0882361e,0.21232781000435352,0.3820648416876793,0.38661411963403225,0.899353064596653,0.23935898207128048,0.7139609660953283,0.5171499215066433,3.35082970559597,0.0,1325.7383778691292,165.4467498883605,304.0246400050819,False,False,False,ok
BNCI2014_001,ebsw_full_bscale,ebsw,full,bscale,normalized,8,3654,346,345,500,500,2,0.000233914077419048,0.015294249815504127,,,,8.345688085951141e-05,2.793683898093503,122.7769233819667,,499.9245193598633,0.9998490387197266,,6.214532927179331,0.002109165885320758,0.010458359544756816,0.020808336699674725,fixed_beta,0,0,63339,6189fc8f66c4c14eb4e37f2f4484c6520fe01cf66d1c901d5f12a81e175d816d,three_row_sha256,,123ea5ce324bb82567913e1514a410f2bb582a6d8528a6ea98fbb2b74646f92c,a789b01b17129967eecd25421cde715dc938f6e3b95b30f735ff978f0882361e,0.25207502767443657,0.19660405814647675,0.21383492276072502,1.4652989339083433,0.2392639871686697,0.7481181528419256,0.4123379476368427,3.5275330301374197,0.0,1329.2659108992666,165.4467498883605,304.0246400050819,False,False,False,ok
BNCI2014_001,ebsw_full_bscale,ebsw,full,bscale,normalized,8,3654,347,346,500,500,2,0.00024066939055273685,0.015513522828575618,,,,8.530726713475937e-05,2.793683898093503,122.7769233819667,,499.91032644454134,0.9998206528890827,,6.214518896294969,0.0021070128524008514,0.010497254972411125,0.020910552454161034,fixed_beta,0,0,63685,8369a2690973636e3fcb6b7a82330cd9258d205d8c4a9bdb7508af153a538f98,three_row_sha256,,123ea5ce324bb82567913e1514a410f2bb582a6d8528a6ea98fbb2b74646f92c,a789b01b17129967eecd25421cde715dc938f6e3b95b30f735ff978f0882361e,0.3027950879186392,0.1956901978701353,0.21985010243952274,0.5882000550627708,0.24225306697189808,0.6481870077550411,0.3499931190162897,2.546968637034297,0.0,1331.812879536301,165.4467498883605,304.0246400050819,False,False,False,ok
BNCI2014_001,ebsw_full_bscale,ebsw,full,bscale,normalized,8,3654,348,347,500,500,2,0.0002340696520964729,0.01529933502138158,,,,8.463706182108202e-05,2.793683898093503,122.7769233819667,,499.9233165719537,0.9998466331439074,,6.214531733242197,0.0021186401256403577,0.010461033519474444,0.020797595557608087,fixed_beta,0,0,64032,47c71bf268f4328f240aaca15bbfe1bbf3e093cd652ab4cab85d84891e47af31,three_row_sha256,,123ea5ce324bb82567913e1514a410f2bb582a6d8528a6ea98fbb2b74646f92c,a789b01b17129967eecd25421cde715dc938f6e3b95b30f735ff978f0882361e,0.3115409053862095,0.355008989572525,0.288406852632761,0.6524319760501385,0.2964430022984743,2.8418980073183775,0.3605207893997431,5.106250522658229,0.0,1336.9191300589591,165.4467498883605,304.0246400050819,False,False,False,ok
BNCI2014_001,ebsw_full_bscale,ebsw,full,bscale,normalized,8,3654,349,348,500,500,2,0.0002415435394298319,0.015541671062978778,,,,8.576451903733968e-05,2.793683898093503,122.7769233819667,,499.91264806043085,0.9998252961208617,,6.214521339183612,0.002189676816178755,0.010587358809403532,0.020946445776489426,fixed_beta,0,0,64380,2cb98ff187b97e0d283a303d62540da7e091f4cac8db6fc2e3c484276dc2df8d,three_row_sha256,,123ea5ce324bb82567913e1514a410f2bb582a6d8528a6ea98fbb2b74646f92c,a789b01b17129967eecd25421cde715dc938f6e3b95b30f735ff978f0882361e,0.20473101176321507,1.6792041715234518,0.29877806082367897,0.6726139690726995,0.9040399454534054,4.105811007320881,0.37976913154125214,8.244947297498584,0.0,1345.1640773564577,165.4467498883605,304.0246400050819,False,False,False,ok
BNCI2014_001,ebsw_full_bscale,ebsw,full,bscale,normalized,8,3654,350,349,500,500,2,0.0002392900710923219,0.015469003558481778,6.226757796017346,0.606255307421665,39.374469257833496,8.512911845127177e-05,2.793683898093503,122.7769233819667,,499.90632030509664,0.9998126406101933,,6.214514959042232,0.002120040734116797,0.010557013346241009,0.0209995266710665,fixed_beta,0,0,64729,6e206441e45419b0da228590489198ab1777cc629910714635ea11995a50215f,three_row_sha256,,123ea5ce324bb82567913e1514a410f2bb582a6d8528a6ea98fbb2b74646f92c,a789b01b17129967eecd25421cde715dc938f6e3b95b30f735ff978f0882361e,0.2198750153183937,0.37180003710091114,0.4062461666762829,0.5844628904014826,0.2340208739042282,0.5694671999663115,0.1683428417891264,2.5542150251567364,11.232540011405945,1347.7182923816144,176.67928989976645,304.0246400050819,False,False,False,ok
BNCI2014_001,ebsw_full_bscale,ebsw,full,bscale,normalized,8,3654,351,350,500,500,2,0.00023110693827111496,0.015202201757348011,,,,8.405284817973458e-05,2.793683898093503,122.7769233819667,,499.922137823877,0.999844275647754,,6.214530671495602,0.0021238394449092433,0.010548718878278341,0.02091111764136356,fixed_beta,0,0,65079,fee49e718e0febf6ed025e8599b3d51e9adf37e5a6c8e8c6122a9ffa71633736,three_row_sha256,,123ea5ce324bb82567913e1514a410f2bb582a6d8528a6ea98fbb2b74646f92c,a789b01b17129967eecd25421cde715dc938f6e3b95b30f735ff978f0882361e,0.3713408950716257,0.3301110118627548,0.36507402546703815,0.9597500320523977,0.25029992684721947,3.8913520984351635,0.1818300224840641,6.3497580122202635,0.0,1354.0680503938347,176.67928989976645,304.0246400050819,False,False,False,ok
BNCI2014_001,ebsw_full_bscale,ebsw,full,bscale,normalized,8,3654,352,351,500,500,2,0.00023936995162671104,0.015471585297787393,,,,8.562656226676759e-05,2.793683898093503,122.7769233819667,,499.9159228726135,0.9998318457452271,,6.214524354666489,0.0021016191609986882,0.010460134718512211,0.0208529678170127,fixed_beta,0,0,65430,34e513f21246dfaffa86b110d3f1c86bd099dc1bfe4d4fa190445e9d1224aaf2,three_row_sha256,,123ea5ce324bb82567913e1514a410f2bb582a6d8528a6ea98fbb2b74646f92c,a789b01b17129967eecd25421cde715dc938f6e3b95b30f735ff978f0882361e,0.26153214275836945,0.38487697020173073,0.28897402808070183,0.8234470151364803,0.283828005194664,0.5761969368904829,0.3840478602796793,3.0029029585421085,0.0,1357.0709533523768,176.67928989976645,304.0246400050819,False,False,False,ok
BNCI2014_001,ebsw_full_bscale,ebsw,full,bscale,normalized,8,3654,353,352,500,500,2,0.00023242247238966366,0.01524540823952129,,,,8.407072097269891e-05,2.793683898093503,122.7769233819667,,499.9212310984924,0.9998424621969848,,6.2145298820366515,0.0021790684722862307,0.010564347514781748,0.020908156740292817,fixed_beta,0,0,65782,4192826cfd50f1f102eed1abb517171d66b4d43354765bc75aadddfbe8339421,three_row_sha256,,123ea5ce324bb82567913e1514a410f2bb582a6d8528a6ea98fbb2b74646f92c,a789b01b17129967eecd25421cde715dc938f6e3b95b30f735ff978f0882361e,0.2137229312211275,0.36560604348778725,0.4284200258553028,0.5815431941300631,1.1939890682697296,3.709249198436737,0.3523330669850111,6.844863528385758,0.0,1363.9158168807626,176.67928989976645,304.0246400050819,False,False,False,ok
BNCI2014_001,ebsw_full_bscale,ebsw,full,bscale,normalized,8,3654,354,353,500,500,2,0.00023160960008779748,0.015218725310872705,,,,8.35815538291649e-05,2.793683898093503,122.7769233819667,,499.9236484907652,0.9998472969815304,,6.214532117216542,0.002121730292023724,0.010491299278513722,0.020854423345596614,fixed_beta,0,0,66135,70b6a68a1d3d17502aef0acf63f191d479ccb64ff7ead6eaad6c04b38e529122,three_row_sha256,,123ea5ce324bb82567913e1514a410f2bb582a6d8528a6ea98fbb2b74646f92c,a789b01b17129967eecd25421cde715dc938f6e3b95b30f735ff978f0882361e,0.20912312902510166,0.3295580390840769,0.2939708065241575,0.6111480761319399,0.32060593366622925,3.4613669849932194,0.5174661055207253,5.74323907494545,0.0,1369.659055955708,176.67928989976645,304.0246400050819,False,False,False,ok
BNCI2014_001,ebsw_full_bscale,ebsw,full,bscale,normalized,8,3654,355,354,500,500,2,0.0002313732395299391,0.0152109578768051,,,,8.362523879616307e-05,2.793683898093503,122.7769233819667,,499.92189127779227,0.9998437825555846,,6.2145303530421145,0.0021165921564938336,0.010504771783878711,0.020883463988498958,fixed_beta,0,0,66489,c405d433c407199a14c0d263f38961d827ec05da6779d8b89633d9ef1b523803,three_row_sha256,,123ea5ce324bb82567913e1514a410f2bb582a6d8528a6ea98fbb2b74646f92c,a789b01b17129967eecd25421cde715dc938f6e3b95b30f735ff978f0882361e,0.21968898363411427,0.3990598488599062,0.3118820022791624,1.889335922896862,0.2760749775916338,3.8113119080662727,0.4069299902766943,7.314283633604646,0.0,1376.9733395893127,176.67928989976645,304.0246400050819,False,False,False,ok
BNCI2014_001,ebsw_full_bscale,ebsw,full,bscale,normalized,8,3654,356,355,500,500,2,0.0002345561637418717,0.015315226532502602,,,,8.404828240221375e-05,2.793683898093503,122.7769233819667,,499.9348889326099,0.9998697778652198,,6.214543301145108,0.002120219270830195,0.010489272991444892,0.020803065972837778,fixed_beta,0,0,66844,f90ab4aa9c8119969ae48d1648cc0d3ad614bc02488883abb49db1f8a66596b1,three_row_sha256,,123ea5ce324bb82567913e1514a410f2bb582a6d8528a6ea98fbb2b74646f92c,a789b01b17129967eecd25421cde715dc938f6e3b95b30f735ff978f0882361e,0.4612458869814873,0.43215788900852203,0.31083892099559307,1.0874199215322733,0.4455770831555128,1.594632863998413,0.38907816633582115,4.720950732007623,0.0,1381.6942903213203,176.67928989976645,304.0246400050819,False,False,False,ok
BNCI2014_001,ebsw_full_bscale,ebsw,full,bscale,normalized,8,3654,357,356,500,500,2,0.00023258207037221972,0.015250641638049846,,,,8.400043744523479e-05,2.793683898093503,122.7769233819667,,499.93347027656336,0.9998669405531267,,6.214541791297716,0.002105680599878626,0.010399527957278255,0.020712564663468044,fixed_beta,0,0,67200,e50464e05591890f49b5b195373b7d282d9f265dd3618a744a37b937fd2dcefc,three_row_sha256,,123ea5ce324bb82567913e1514a410f2bb582a6d8528a6ea98fbb2b74646f92c,a789b01b17129967eecd25421cde715dc938f6e3b95b30f735ff978f0882361e,0.2938290126621723,0.33724214881658554,0.7816229481250048,0.8105498272925615,0.456071924418211,0.7413898129016161,0.37280796095728874,3.79351363517344,0.0,1385.4878039564937,176.67928989976645,304.0246400050819,False,False,False,ok
BNCI2014_001,ebsw_full_bscale,ebsw,full,bscale,normalized,8,3654,358,357,500,500,2,0.0002317004508035985,0.015221709851511377,,,,8.330192158231065e-05,2.793683898093503,122.7769233819667,,499.92494129592166,0.9998498825918434,,6.214533434888898,0.0021094996553293463,0.010498592290086916,0.020894669513619922,fixed_beta,0,0,67557,56b2876cf8d61540880a6a56cc084fa65625cb3579687377c88a64a051fe97b0,three_row_sha256,,123ea5ce324bb82567913e1514a410f2bb582a6d8528a6ea98fbb2b74646f92c,a789b01b17129967eecd25421cde715dc938f6e3b95b30f735ff978f0882361e,0.22352207452058792,0.3644500393420458,0.421399949118495,0.9078278671950102,0.41289906948804855,0.7033508736640215,0.4002070054411888,3.4336568787693977,0.0,1388.9214608352631,176.67928989976645,304.0246400050819,False,False,False,ok
BNCI2014_001,ebsw_full_bscale,ebsw,full,bscale,normalized,8,3654,359,358,500,500,2,0.0002423880581049796,0.015568816849875896,,,,8.641038450307885e-05,2.7936838980935033,122.7769233819667,,499.91083008078874,0.9998216601615775,,6.214519382862043,0.002114595739005772,0.010496542147796366,0.02087574627692852,fixed_beta,0,0,67915,fbafcd7af2a7fa3b69f5ecc1c1d80ca2a8b69d79d71bbb3a53ff26af67cfc12b,three_row_sha256,,123ea5ce324bb82567913e1514a410f2bb582a6d8528a6ea98fbb2b74646f92c,a789b01b17129967eecd25421cde715dc938f6e3b95b30f735ff978f0882361e,1.7836459446698427,0.3476920537650585,0.2134570386260748,1.4841079246252775,0.45458506792783737,3.7446669302880764,0.5281609483063221,8.55631590820849,0.0,1397.4777767434716,176.67928989976645,304.0246400050819,False,False,False,ok
BNCI2014_001,ebsw_full_bscale,ebsw,full,bscale,normalized,8,3654,360,359,500,500,2,0.00023777889271475475,0.015420080827114843,,,,8.487576722208753e-05,2.793683898093503,122.7769233819667,,499.9225161601224,0.9998450323202449,,6.2145310118879085,0.0021488319255960784,0.010519921350573613,0.0208383429517588,fixed_beta,0,0,68274,8163200a1ef697f1c1437e533b229e712d47c0e3bb51a2d8db777cc9b0f91ae6,three_row_sha256,,123ea5ce324bb82567913e1514a410f2bb582a6d8528a6ea98fbb2b74646f92c,a789b01b17129967eecd25421cde715dc938f6e3b95b30f735ff978f0882361e,0.21610804833471775,0.3631291911005974,0.42753806337714195,0.5831329617649317,0.4622749984264374,4.174674162641168,0.3689259756356478,6.5957834012806416,0.0,1404.0735601447523,176.67928989976645,304.0246400050819,False,False,False,ok
BNCI2014_001,ebsw_full_bscale,ebsw,full,bscale,normalized,8,3654,361,360,500,500,2,0.00024530920427811524,0.015662349896427268,,,,8.66350129682625e-05,2.793683898093503,122.7769233819667,,499.90729868460176,0.9998145973692035,,6.214515991494515,0.0021657891316140144,0.010593109969195996,0.020990209534592744,fixed_beta,0,0,68634,3efc3cc805a090f24fa3d597c870f10c87d094a12fd23e8fa39a68898d1d95ed,three_row_sha256,,123ea5ce324bb82567913e1514a410f2bb582a6d8528a6ea98fbb2b74646f92c,a789b01b17129967eecd25421cde715dc938f6e3b95b30f735ff978f0882361e,0.30844099819660187,0.3666940610855818,0.29342505149543285,0.7053529843688011,0.3304220736026764,0.6549370009452105,0.5079619586467743,3.1672341283410788,0.0,1407.2407942730933,176.67928989976645,304.0246400050819,False,False,False,ok
BNCI2014_001,ebsw_full_bscale,ebsw,full,bscale,normalized,8,3654,362,361,500,500,2,0.00024383178386223165,0.01561511395610777,,,,8.600643551687394e-05,2.793683898093503,122.7769233819667,,499.91633371436353,0.9998326674287271,,6.214524839357708,0.002123452886280307,0.010483279179457027,0.020864665361776905,fixed_beta,0,0,68995,cea0190c06a3fc26ea3a0ffc82fcece9631b4630f8db4ff1742f3a379a526c2e,three_row_sha256,,123ea5ce324bb82567913e1514a410f2bb582a6d8528a6ea98fbb2b74646f92c,a789b01b17129967eecd25421cde715dc938f6e3b95b30f735ff978f0882361e,0.34615001641213894,0.2107401378452778,1.641392009332776,1.4794149901717901,0.2398630604147911,0.9746109135448933,0.37080608308315277,5.26297721080482,0.0,1412.5037714838982,176.67928989976645,304.0246400050819,False,False,False,ok
BNCI2014_001,ebsw_full_bscale,ebsw,full,bscale,normalized,8,3654,363,362,500,500,2,0.000249807995874325,0.01580531543102905,,,,8.680924231492068e-05,2.793683898093503,122.7769233819667,,499.91299617593097,0.999825992351862,,6.214521501756979,0.0021134645750667358,0.010495378876014575,0.020884442776496787,fixed_beta,0,0,69357,ddbb057193f403f193cf9b5f47a4ffba3e37211e85d7a2851652c0ad5dbb0d1b,three_row_sha256,,123ea5ce324bb82567913e1514a410f2bb582a6d8528a6ea98fbb2b74646f92c,a789b01b17129967eecd25421cde715dc938f6e3b95b30f735ff978f0882361e,0.3929401282221079,0.4870800767093897,0.29972102493047714,0.9278110228478909,0.4905988462269306,0.6476740818470716,0.5075831431895494,3.7534083239734173,0.0,1416.2571798078716,176.67928989976645,304.0246400050819,False,False,False,ok
BNCI2014_001,ebsw_full_bscale,ebsw,full,bscale,normalized,8,3654,364,363,500,500,2,0.0002312512812364384,0.015206948452481793,,,,8.331904841148339e-05,2.793683898093503,122.7769233819667,,499.92596476192466,0.9998519295238494,,6.214534380082345,0.002127959528193597,0.010495029472850765,0.020831155128132883,fixed_beta,0,0,69720,d708e7bb4f1da285e73e8510f606765f12c5337f1e3027098a027877fac5a686,three_row_sha256,,123ea5ce324bb82567913e1514a410f2bb582a6d8528a6ea98fbb2b74646f92c,a789b01b17129967eecd25421cde715dc938f6e3b95b30f735ff978f0882361e,0.3380959387868643,0.3879398573189974,0.9127410594373941,0.7870199624449015,0.49646012485027313,1.0583181865513325,0.19115605391561985,4.171731183305383,0.0,1420.428910991177,176.67928989976645,304.0246400050819,False,False,False,ok
BNCI2014_001,ebsw_full_bscale,ebsw,full,bscale,normalized,8,3654,365,364,500,500,2,0.00023596928803996524,0.015361291874056857,,,,8.461870399081937e-05,2.7936838980935024,122.7769233819667,,499.92286699698946,0.9998457339939789,,6.214531346034425,0.0021267826270745804,0.010499547395790981,0.02085837815669163,fixed_beta,0,0,70084,d883260652f59e416a23eee4a744d6f80c88ab9cdcf07629c857f0b82a4e8569,three_row_sha256,,123ea5ce324bb82567913e1514a410f2bb582a6d8528a6ea98fbb2b74646f92c,a789b01b17129967eecd25421cde715dc938f6e3b95b30f735ff978f0882361e,0.22026104852557182,0.3412649966776371,0.3600209020078182,0.754819018766284,0.24295109324157238,3.6625717766582966,0.3581091295927763,5.939997965469956,0.0,1426.368908956647,176.67928989976645,304.0246400050819,False,False,False,ok
BNCI2014_001,ebsw_full_bscale,ebsw,full,bscale,normalized,8,3654,366,365,500,500,2,0.00022411441920980113,0.014970451536603735,,,,8.238179512290417e-05,2.793683898093503,122.7769233819667,,499.93879963081054,0.9998775992616211,,6.2145471266098,0.002099284369052198,0.010409733940399304,0.02072666867484544,fixed_beta,0,0,70449,8bbd318026c30a1a24f8b74198ec8655dfd272b8194e72a64faf2de3b4843f4b,three_row_sha256,,123ea5ce324bb82567913e1514a410f2bb582a6d8528a6ea98fbb2b74646f92c,a789b01b17129967eecd25421cde715dc938f6e3b95b30f735ff978f0882361e,0.20675500854849815,0.34060096368193626,0.2872140612453222,0.6670169532299042,0.27359393425285816,0.5567469634115696,0.21352199837565422,2.545449882745743,0.0,1428.9143588393927,176.67928989976645,304.0246400050819,False,False,False,ok
BNCI2014_001,ebsw_full_bscale,ebsw,full,bscale,normalized,8,3654,367,366,500,500,2,0.00024036662567798132,0.015503761662189641,,,,8.53069916937138e-05,2.793683898093503,122.7769233819667,,499.9198323054991,0.9998396646109982,,6.214528259079212,0.0021019781811275305,0.010462063842174418,0.0208329299411823,fixed_beta,0,0,70815,29ea99e5bcae3422adaa893bbae8d2b8c2ad71116aeaa7ea4827bda46563fac7,three_row_sha256,,123ea5ce324bb82567913e1514a410f2bb582a6d8528a6ea98fbb2b74646f92c,a789b01b17129967eecd25421cde715dc938f6e3b95b30f735ff978f0882361e,0.3746419679373503,0.21210918202996254,0.2208380028605461,0.7781570311635733,0.87779201567173,0.7690549828112125,0.37601590156555176,3.6086090840399265,0.0,1432.5229679234326,176.67928989976645,304.0246400050819,False,False,False,ok
BNCI2014_001,ebsw_full_bscale,ebsw,full,bscale,normalized,8,3654,368,367,500,500,2,0.00023046253239015195,0.015180992470525501,,,,8.356108597233084e-05,2.793683898093503,122.7769233819667,,499.92692435813,0.99985384871626,,6.214535343408842,0.002102982825438576,0.010468106061955652,0.02083688109919495,fixed_beta,0,0,71182,eec1e13e9b4b429e18299e201aeff12bb3079be2aab2b16a8ba97118d87feb14,three_row_sha256,,123ea5ce324bb82567913e1514a410f2bb582a6d8528a6ea98fbb2b74646f92c,a789b01b17129967eecd25421cde715dc938f6e3b95b30f735ff978f0882361e,0.4209058824926615,0.361243961378932,0.30837906524538994,0.853267963975668,0.4793310072273016,0.6511430256068707,3.2783967908471823,6.352667696774006,0.0,1438.8756356202066,176.67928989976645,304.0246400050819,False,False,False,ok
BNCI2014_001,ebsw_full_bscale,ebsw,full,bscale,normalized,8,3654,369,368,500,500,2,0.00022246263482271017,0.01491518135400003,,,,8.160276210963108e-05,2.793683898093503,122.7769233819667,,499.9392364497356,0.9998784728994712,,6.214547557221993,0.0021127236228048987,0.010410245841244389,0.020728653099940368,fixed_beta,0,0,71550,1d474046e21ed65da759684fd7c3dc339ca96474229975bc2706b025671fd19d,three_row_sha256,,123ea5ce324bb82567913e1514a410f2bb582a6d8528a6ea98fbb2b74646f92c,a789b01b17129967eecd25421cde715dc938f6e3b95b30f735ff978f0882361e,0.2098840195685625,0.3454990219324827,0.2883360721170902,0.9014410898089409,0.39698509499430656,4.000691929832101,0.17014797776937485,6.312985206022859,0.0,1445.1886208262295,176.67928989976645,304.0246400050819,False,False,False,ok
BNCI2014_001,ebsw_full_bscale,ebsw,full,bscale,normalized,8,3654,370,369,500,500,2,0.00023628595754887312,0.01537159580358764,,,,8.472360449078327e-05,2.793683898093503,122.7769233819667,,499.92139693764346,0.999842793875287,,6.214529829525029,0.0021057036256190596,0.010460468472475098,0.020831959933119405,fixed_beta,0,0,71919,663c7ca86f0d8534bca642f58c0e4ed2b3cabacf4b9cfdc8bf8d096580cdaf71,three_row_sha256,,123ea5ce324bb82567913e1514a410f2bb582a6d8528a6ea98fbb2b74646f92c,a789b01b17129967eecd25421cde715dc938f6e3b95b30f735ff978f0882361e,0.2049489412456751,0.1946061383932829,0.21908804774284363,0.5888380110263824,0.24006585590541363,3.2870580907911062,0.17745699733495712,4.912062082439661,0.0,1450.1006829086691,176.67928989976645,304.0246400050819,False,False,False,ok
BNCI2014_001,ebsw_full_bscale,ebsw,full,bscale,normalized,8,3654,371,370,500,500,2,0.00024256791752483585,0.0155745920500293,,,,8.543972447137215e-05,2.793683898093503,122.7769233819667,,499.9170548298125,0.999834109659625,,6.214525586637123,0.0021330907683289185,0.010490440096566475,0.02088360386250366,fixed_beta,0,0,72289,c612d3e825a541e2d13675c03d0f4718f52b10fc741ce8ae7c69fb998b5ae044,three_row_sha256,,123ea5ce324bb82567913e1514a410f2bb582a6d8528a6ea98fbb2b74646f92c,a789b01b17129967eecd25421cde715dc938f6e3b95b30f735ff978f0882361e,0.21013803780078888,0.19528507255017757,0.21256599575281143,0.595558900386095,0.2382469829171896,3.210084978491068,0.17407210543751717,4.835952073335648,0.0,1454.9366349820048,176.67928989976645,304.0246400050819,False,False,False,ok
BNCI2014_001,ebsw_full_bscale,ebsw,full,bscale,normalized,8,3654,372,371,500,500,2,0.00024103233156077576,0.015525215990793035,,,,8.547131133365926e-05,2.7936838980935033,122.7769233819667,,499.9154778230141,0.9998309556460282,,6.214523975863823,0.0020972790271619438,0.010457523409513248,0.02087033417683219,fixed_beta,0,0,72660,08fb7279d4902dc7204187e59d208e0743c43b71dfc85d24584575bbc20f2c36,three_row_sha256,,123ea5ce324bb82567913e1514a410f2bb582a6d8528a6ea98fbb2b74646f92c,a789b01b17129967eecd25421cde715dc938f6e3b95b30f735ff978f0882361e,0.21046283654868603,0.1950880978256464,0.21187309175729752,0.5901979748159647,0.2397520001977682,0.5716599989682436,0.17157592810690403,2.1906099282205105,0.0,1457.1272449102253,176.67928989976645,304.0246400050819,False,False,False,ok
BNCI2014_001,ebsw_full_bscale,ebsw,full,bscale,normalized,8,3654,373,372,500,500,2,0.00023429559419722726,0.015306717290040581,,,,8.387368762644996e-05,2.793683898093503,122.7769233819667,,499.9243092884523,0.9998486185769047,,6.214532749466784,0.0021002659173523608,0.010492145326099375,0.020861218399842694,fixed_beta,0,0,73032,d94799ed63ea7a374d3c376f49c983b289ff0aa6b40dd9c310375ced96b0eb95,three_row_sha256,,123ea5ce324bb82567913e1514a410f2bb582a6d8528a6ea98fbb2b74646f92c,a789b01b17129967eecd25421cde715dc938f6e3b95b30f735ff978f0882361e,0.20468700677156448,0.31226989813148975,0.21030311472713947,0.6062299944460392,0.25655305944383144,3.6468079779297113,0.17099501565098763,5.407846067100763,0.0,1462.535090977326,176.67928989976645,304.0246400050819,False,False,False,ok
BNCI2014_001,ebsw_full_bscale,ebsw,full,bscale,normalized,8,3654,374,373,500,500,2,0.00023302664606391995,0.015265210318365087,,,,8.435461294392966e-05,2.793683898093503,122.7769233819667,,499.91920367065086,0.9998384073413017,,6.2145277325733215,0.0021269514912789634,0.01049721446852812,0.020884414131019075,fixed_beta,0,0,73405,aba03a737cfe8a4477da52d7cf6878ecc97d6eebfc9fa849768a0ddba74d26af,three_row_sha256,,123ea5ce324bb82567913e1514a410f2bb582a6d8528a6ea98fbb2b74646f92c,a789b01b17129967eecd25421cde715dc938f6e3b95b30f735ff978f0882361e,0.204332172870636,0.19585201516747475,0.2189811784774065,0.5796439945697784,0.25352416560053825,0.6931999232620001,0.5118411500006914,2.6573745999485254,0.0,1465.1924655772746,176.67928989976645,304.0246400050819,False,False,False,ok
BNCI2014_001,ebsw_full_bscale,ebsw,full,bscale,normalized,8,3654,375,374,500,500,2,0.00022948420580052044,0.015148736112313807,6.166140294112677,0.6003534105667956,39.964658943320444,8.341942871731064e-05,2.793683898093503,122.7769233819667,,499.93182853794764,0.9998636570758953,,6.214540193833008,0.002093543729011835,0.01041716676571781,0.02076988262913842,fixed_beta,0,0,73779,3b2930c8ae5be9db88d50399278e36e13bc0f3e6c59461d9a52bfedc31c1a142,three_row_sha256,,123ea5ce324bb82567913e1514a410f2bb582a6d8528a6ea98fbb2b74646f92c,a789b01b17129967eecd25421cde715dc938f6e3b95b30f735ff978f0882361e,0.2249469980597496,0.3516147844493389,0.21246098913252354,0.5693649873137474,0.9710888843983412,0.5549159832298756,0.16732420772314072,3.051716834306717,11.80036598816514,1468.2441824115813,188.47965588793159,304.0246400050819,False,False,False,ok
BNCI2014_001,ebsw_full_bscale,ebsw,full,bscale,normalized,8,3654,376,375,500,500,2,0.00023704270047163878,0.015396191102725335,,,,8.486357253941688e-05,2.793683898093503,122.7769233819667,,499.91403895717997,0.9998280779143599,,6.214522706211442,0.0021607245983397945,0.010586637528794808,0.020974264214849554,fixed_beta,0,0,74154,4f20f482282c6ffccc39896b0dd7cc6728ba0ba85d628e5c96b4c3357d23f4db,three_row_sha256,,123ea5ce324bb82567913e1514a410f2bb582a6d8528a6ea98fbb2b74646f92c,a789b01b17129967eecd25421cde715dc938f6e3b95b30f735ff978f0882361e,0.39066304452717304,0.3405099269002676,0.3010618966072798,0.6523889023810625,0.299626961350441,0.7310810033231974,0.36784703843295574,3.083178773522377,0.0,1471.3273611851037,188.47965588793159,304.0246400050819,False,False,False,ok
BNCI2014_001,ebsw_full_bscale,ebsw,full,bscale,normalized,8,3654,377,376,500,500,2,0.00023584895354368567,0.015357374565455049,,,,8.471656274411557e-05,2.793683898093503,122.7769233819667,,499.9252117426715,0.999850423485343,,6.214533646794231,0.0021390208107700905,0.01046644265893043,0.020814814542470354,fixed_beta,0,0,74530,ad867ffc40896347fa0769ec7e94bb0e10c5acc84de69f8afba1b8c081c42196,three_row_sha256,,123ea5ce324bb82567913e1514a410f2bb582a6d8528a6ea98fbb2b74646f92c,a789b01b17129967eecd25421cde715dc938f6e3b95b30f735ff978f0882361e,0.2162279561161995,1.1298530735075474,0.32087601721286774,0.9643561206758022,0.47309393994510174,0.7533431053161621,0.4357900470495224,4.293540259823203,0.0,1475.6209014449269,188.47965588793159,304.0246400050819,False,False,False,ok
BNCI2014_001,ebsw_full_bscale,ebsw,full,bscale,normalized,8,3654,378,377,500,500,2,0.00023059949239848327,0.015185502704832767,,,,8.332027205879292e-05,2.793683898093503,122.7769233819667,,499.93243639717764,0.9998648727943553,,6.214540797401302,0.0021097225051828583,0.010459010608252047,0.020780206738054672,fixed_beta,0,0,74907,a7ca99929425794333e3820b9cd48c68404417ad755fdaf1ffc0dd7a0e65215e,three_row_sha256,,123ea5ce324bb82567913e1514a410f2bb582a6d8528a6ea98fbb2b74646f92c,a789b01b17129967eecd25421cde715dc938f6e3b95b30f735ff978f0882361e,0.39033382199704647,0.34400797449052334,0.3130398690700531,1.0332069359719753,0.4345050547271967,1.385294133797288,0.5284249782562256,4.4288127683103085,0.0,1480.0497142132372,188.47965588793159,304.0246400050819,False,False,False,ok
BNCI2014_001,ebsw_full_bscale,ebsw,full,bscale,normalized,8,3654,379,378,500,500,2,0.0002404598357647193,0.015506767418282875,,,,8.584901865895852e-05,2.793683898093503,122.7769233819667,,499.90078910460767,0.9998015782092153,,6.214509429367686,0.002141262501647357,0.010528721995229903,0.020922020526792852,fixed_beta,0,0,75285,53f9248b71f1eb64b7b031667b125e4cab5c80325204026dddfd197abf6f88aa,three_row_sha256,,123ea5ce324bb82567913e1514a410f2bb582a6d8528a6ea98fbb2b74646f92c,a789b01b17129967eecd25421cde715dc938f6e3b95b30f735ff978f0882361e,1.7814559396356344,0.19653304480016232,0.21499302238225937,1.4688470400869846,0.4060310311615467,0.7659858092665672,0.3692118916660547,5.203057778999209,0.0,1485.2527719922364,188.47965588793159,304.0246400050819,False,False,False,ok
BNCI2014_001,ebsw_full_bscale,ebsw,full,bscale,normalized,8,3654,380,379,500,500,2,0.00023461306195568876,0.015317083989966522,,,,8.493556131849449e-05,2.7936838980935024,122.7769233819667,,499.91893749177746,0.9998378749835549,,6.2145273696477386,0.0021107554758527983,0.010437238428169775,0.020789750259008734,fixed_beta,0,0,75664,f8edf3ff5dca4d1913f5958eb7a9c786f5d0bb4f4df8a3f6edc1a53cefc20c3a,three_row_sha256,,123ea5ce324bb82567913e1514a410f2bb582a6d8528a6ea98fbb2b74646f92c,a789b01b17129967eecd25421cde715dc938f6e3b95b30f735ff978f0882361e,0.21759513765573502,0.3826289903372526,0.44248392805457115,0.7379918824881315,0.4901271313428879,2.4190640542656183,0.15176506713032722,4.841656191274524,0.0,1490.094428183511,188.47965588793159,304.0246400050819,False,False,False,ok
BNCI2014_001,ebsw_full_bscale,ebsw,full,bscale,normalized,8,3654,381,380,500,500,2,0.0002326178685795514,0.015251815255226224,,,,8.411610173393992e-05,2.793683898093503,122.7769233819667,,499.93641817907786,0.9998728363581557,,6.214544729586601,0.0020881577974968153,0.010397978814484485,0.020715525880903463,fixed_beta,0,0,76044,aa808afc5c9e50ab3c38252fa24ad85b8c5e83f99b2ce8b2d895870effb6afa9,three_row_sha256,,123ea5ce324bb82567913e1514a410f2bb582a6d8528a6ea98fbb2b74646f92c,a789b01b17129967eecd25421cde715dc938f6e3b95b30f735ff978f0882361e,0.19117002375423908,0.4048899281769991,0.9304909035563469,0.5997549742460251,0.3468729555606842,0.9049910586327314,0.30424189753830433,3.68241174146533,0.0,1493.7768399249762,188.47965588793159,304.0246400050819,False,False,False,ok
BNCI2014_001,ebsw_full_bscale,ebsw,full,bscale,normalized,8,3654,382,381,500,500,2,0.00023137825858233455,0.015211122857380863,,,,8.344144273454632e-05,2.793683898093503,122.7769233819667,,499.9244788776696,0.9998489577553393,,6.214532920821987,0.0021099608997647685,0.010466938854536362,0.02083822283328908,fixed_beta,0,0,76425,2aaff0641c7754909a15637abc1609123f449816a93dd2a2e6d63a573d4a16ae,three_row_sha256,,123ea5ce324bb82567913e1514a410f2bb582a6d8528a6ea98fbb2b74646f92c,a789b01b17129967eecd25421cde715dc938f6e3b95b30f735ff978f0882361e,0.21883193403482437,0.37928204983472824,0.4072110168635845,0.5816759075969458,0.44125295244157314,0.7489880081266165,0.5499101243913174,3.32715199328959,0.0,1497.1039919182658,188.47965588793159,304.0246400050819,False,False,False,ok
BNCI2014_001,ebsw_full_bscale,ebsw,full,bscale,normalized,8,3654,383,382,500,500,2,0.00022950301175884608,0.01514935681007105,,,,8.38019345820582e-05,2.7936838980935033,122.7769233819667,,499.9274469588339,0.9998548939176678,,6.2145358299773905,0.0021165526134643655,0.01044418708487739,0.020756122151879525,fixed_beta,0,0,76807,304420ffc4e38863125f9d5016025643a14cbb8524091d0da4c8af1164fa84a9,three_row_sha256,,123ea5ce324bb82567913e1514a410f2bb582a6d8528a6ea98fbb2b74646f92c,a789b01b17129967eecd25421cde715dc938f6e3b95b30f735ff978f0882361e,0.2144831232726574,0.3921960014849901,0.2906539011746645,0.5593069363385439,0.3770820330828428,1.1323660146445036,0.5255779251456261,3.4916659351438284,0.0,1500.5956578534096,188.47965588793159,304.0246400050819,False,False,False,ok
BNCI2014_001,ebsw_full_bscale,ebsw,full,bscale,normalized,8,3654,384,383,500,500,2,0.00023634017871865647,0.01537335938299292,,,,8.49038062813312e-05,2.793683898093503,122.7769233819667,,499.9198650030719,0.9998397300061438,,6.21452826899211,0.002111583320700335,0.010457416356432854,0.020775932506877363,fixed_beta,0,0,77190,28d869b1a5fa0c281a420b2fc06762f68fc52a189f76fa94c218f78b6cfe1892,three_row_sha256,,123ea5ce324bb82567913e1514a410f2bb582a6d8528a6ea98fbb2b74646f92c,a789b01b17129967eecd25421cde715dc938f6e3b95b30f735ff978f0882361e,0.2500070258975029,0.40006195195019245,0.43846480548381805,0.7391490507870913,0.48694200813770294,1.0701159480959177,0.42768497951328754,3.812425769865513,0.0,1504.4080836232752,188.47965588793159,304.0246400050819,False,False,False,ok
BNCI2014_001,ebsw_full_bscale,ebsw,full,bscale,normalized,8,3654,385,384,500,500,2,0.00023762365932797306,0.015415046523704463,,,,8.477487999516079e-05,2.793683898093503,122.7769233819667,,499.9129386907022,0.9998258773814045,,6.214521551739862,0.002136020735296612,0.010555197283170397,0.020935198919931182,fixed_beta,0,0,77574,b4639dedf83c126b8a8b47cfc3a469521845b9cf52a1a8dab86c2ac46abad890,three_row_sha256,,123ea5ce324bb82567913e1514a410f2bb582a6d8528a6ea98fbb2b74646f92c,a789b01b17129967eecd25421cde715dc938f6e3b95b30f735ff978f0882361e,0.2155459951609373,0.39024418219923973,0.29255193658173084,0.5755501333624125,0.22111693397164345,0.912877032533288,0.5526409950107336,3.1605272088199854,0.0,1507.5686108320951,188.47965588793159,304.0246400050819,False,False,False,ok
BNCI2014_001,ebsw_full_bscale,ebsw,full,bscale,normalized,8,3654,386,385,500,500,2,0.000230445160409988,0.015180420297540777,,,,8.363978666851835e-05,2.793683898093503,122.7769233819667,,499.9185126994796,0.9998370253989592,,6.21452706154434,0.002124139253917363,0.010540063507323033,0.020944904617275537,fixed_beta,0,0,77959,9155f5ad5607175984ab2ed52f921d55519766d76c48390a90f2a07da9fcaaf9,three_row_sha256,,123ea5ce324bb82567913e1514a410f2bb582a6d8528a6ea98fbb2b74646f92c,a789b01b17129967eecd25421cde715dc938f6e3b95b30f735ff978f0882361e,0.2448300365358591,0.5167420022189617,0.3205719403922558,1.9455109722912312,1.0135951451957226,1.1639539152383804,0.2628709189593792,5.46807493083179,0.0,1513.036685762927,188.47965588793159,304.0246400050819,False,False,False,ok
BNCI2014_001,ebsw_full_bscale,ebsw,full,bscale,normalized,8,3654,387,386,500,500,2,0.00022887175467325137,0.01512850801213561,,,,8.34133735424634e-05,2.793683898093503,122.7769233819667,,499.9304908572914,0.9998609817145828,,6.214538941684312,0.002142133051414257,0.01049725445676978,0.020849503450088718,fixed_beta,0,0,78345,384ca846c28385cd42c7114034747bee75b3980be480f63e5eec241e6cc2cdc2,three_row_sha256,,123ea5ce324bb82567913e1514a410f2bb582a6d8528a6ea98fbb2b74646f92c,a789b01b17129967eecd25421cde715dc938f6e3b95b30f735ff978f0882361e,0.2240920439362526,0.39166188798844814,0.33419416286051273,0.7371511310338974,0.4828600212931633,0.7172580808401108,0.14924281276762486,3.03646014072001,0.0,1516.073145903647,188.47965588793159,304.0246400050819,False,False,False,ok
BNCI2014_001,ebsw_full_bscale,ebsw,full,bscale,normalized,8,3654,388,387,500,500,2,0.0002343909477174243,0.015309831733805054,,,,8.40646258120507e-05,2.793683898093503,122.7769233819667,,499.93898779755676,0.9998779755951136,,6.214547277137009,0.0020881641689126152,0.010401200201400524,0.02070523482115017,fixed_beta,0,0,78732,d893138401750f8c01d0dfeeac04cb7dfb805c234e509918d24e387472080381,three_row_sha256,,123ea5ce324bb82567913e1514a410f2bb582a6d8528a6ea98fbb2b74646f92c,a789b01b17129967eecd25421cde715dc938f6e3b95b30f735ff978f0882361e,0.21745194680988789,0.3942190669476986,0.28739613480865955,0.6119429599493742,0.3282108809798956,1.0536517947912216,0.3543661441653967,3.247238928452134,0.0,1519.320384832099,188.47965588793159,304.0246400050819,False,False,False,ok
BNCI2014_001,ebsw_full_bscale,ebsw,full,bscale,normalized,8,3654,389,388,500,500,2,0.00024726004431830566,0.015724504581013217,,,,8.705691801538897e-05,2.793683898093503,122.7769233819667,,499.908733850493,0.999817467700986,,6.214517362993878,0.002169716123223898,0.010550648885209405,0.020921415038577487,fixed_beta,0,0,79120,270c7c6ce7106143a036bb745a42b9daeb072e15f9b2a0e13e3d46fb51ed816f,three_row_sha256,,123ea5ce324bb82567913e1514a410f2bb582a6d8528a6ea98fbb2b74646f92c,a789b01b17129967eecd25421cde715dc938f6e3b95b30f735ff978f0882361e,0.21223817020654678,0.5246689543128014,0.30293711461126804,0.7001261692494154,0.3856159746646881,0.9691300801932812,0.388182932510972,3.482899395748973,0.0,1522.803284227848,188.47965588793159,304.0246400050819,False,False,False,ok
BNCI2014_001,ebsw_full_bscale,ebsw,full,bscale,normalized,8,3654,390,389,500,500,2,0.0002351580555285605,0.015334864053148971,,,,8.433660483410832e-05,2.793683898093503,122.7769233819667,,499.9177265510425,0.999835453102085,,6.214526219119016,0.0021146171845698018,0.01050499684650544,0.020849693104364735,fixed_beta,0,0,79509,055d9288a8070c562c298eb42ca68fdbb48caa9c840b3895d114a50259fb52fb,three_row_sha256,,123ea5ce324bb82567913e1514a410f2bb582a6d8528a6ea98fbb2b74646f92c,a789b01b17129967eecd25421cde715dc938f6e3b95b30f735ff978f0882361e,0.22501987405121326,0.35266787745058537,0.3002320881932974,0.5846021231263876,0.30027003958821297,0.8485631551593542,0.49288501031696796,3.1042401678860188,0.0,1525.907524395734,188.47965588793159,304.0246400050819,False,False,False,ok
BNCI2014_001,ebsw_full_bscale,ebsw,full,bscale,normalized,8,3654,391,390,500,500,2,0.00023846346785710203,0.015442262394387101,,,,8.585606712535985e-05,2.793683898093503,122.7769233819667,,499.9174279603744,0.9998348559207488,,6.21452587004434,0.0021128079670814075,0.01045468794182378,0.020824671212886878,fixed_beta,0,0,79899,ca4bf13d3d3c9ce21665e75b7256cab24611b0d24bd82fe4e19f4228d1c67de7,three_row_sha256,,123ea5ce324bb82567913e1514a410f2bb582a6d8528a6ea98fbb2b74646f92c,a789b01b17129967eecd25421cde715dc938f6e3b95b30f735ff978f0882361e,0.2350788563489914,0.39190705865621567,0.30080415308475494,0.6741001270711422,0.45189191587269306,0.7806168869137764,0.1464479137212038,2.9808469116687775,0.0,1528.8883713074028,188.47965588793159,304.0246400050819,False,False,False,ok
BNCI2014_001,ebsw_full_bscale,ebsw,full,bscale,normalized,8,3654,392,391,500,500,2,0.00023642987204422304,0.015376276273669873,,,,8.474517328419047e-05,2.793683898093503,122.7769233819667,,499.9066885410658,0.9998133770821317,,6.214515435533334,0.0021583283882365386,0.010587707053916318,0.021004205616294243,fixed_beta,0,0,80290,6cd40819be1d138d7842eab678c92cbe8d8bd509de390c6db9a5f2599dc8d980,three_row_sha256,,123ea5ce324bb82567913e1514a410f2bb582a6d8528a6ea98fbb2b74646f92c,a789b01b17129967eecd25421cde715dc938f6e3b95b30f735ff978f0882361e,0.32483902759850025,0.192238949239254,0.20827190019190311,0.5131459329277277,0.9878361597657204,0.7731879595667124,0.2728351391851902,3.272355068475008,0.0,1532.1607263758779,188.47965588793159,304.0246400050819,False,False,False,ok
BNCI2014_001,ebsw_full_bscale,ebsw,full,bscale,normalized,8,3654,393,392,500,500,2,0.00023040051972566183,0.015178949888765753,,,,8.366267500048111e-05,2.793683898093503,122.7769233819667,,499.92595000633247,0.999851900012665,,6.214534366955502,0.0021423263402601334,0.010441736667921944,0.020762774493287624,fixed_beta,0,0,80682,d47216fe872b4cb6ed69d5300b2f3399c3c7694468953a528eb0e70658f1342b,three_row_sha256,,123ea5ce324bb82567913e1514a410f2bb582a6d8528a6ea98fbb2b74646f92c,a789b01b17129967eecd25421cde715dc938f6e3b95b30f735ff978f0882361e,0.19888486713171005,0.3330521285533905,0.2846838906407356,0.7048540282994509,0.3830110654234886,1.0927640832960606,0.5205778870731592,3.5178279504179955,0.0,1535.6785543262959,188.47965588793159,304.0246400050819,False,False,False,ok
BNCI2014_001,ebsw_full_bscale,ebsw,full,bscale,normalized,8,3654,394,393,500,500,2,0.00023042652525409257,0.015179806495937047,,,,8.350091269368067e-05,2.793683898093503,122.7769233819667,,499.9210589830238,0.9998421179660476,,6.21452963505356,0.002153958013126393,0.010540617381543192,0.020926774292630845,fixed_beta,0,0,81075,74991f02c2b38d20d0ec0cd7dda3707047e29c1c3923001a6f920f5767e5a4ce,three_row_sha256,,123ea5ce324bb82567913e1514a410f2bb582a6d8528a6ea98fbb2b74646f92c,a789b01b17129967eecd25421cde715dc938f6e3b95b30f735ff978f0882361e,0.1989300362765789,0.3546210937201977,0.3627671394497156,1.2462991289794445,0.3165421076118946,0.5749629344791174,0.4341981839388609,3.4883206244558096,0.0,1539.1668749507517,188.47965588793159,304.0246400050819,False,False,False,ok
BNCI2014_001,ebsw_full_bscale,ebsw,full,bscale,normalized,8,3654,395,394,500,500,2,0.00023557936121093543,0.01534859476339562,,,,8.427796279973575e-05,2.793683898093503,122.7769233819667,,499.91886325421814,0.9998377265084363,,6.214527488058147,0.0021462292748772455,0.010580258255497162,0.020951610359658656,fixed_beta,0,0,81469,dd45315ecf8d97a15718743b065ef8719980ac487fb067dcc9af54d74d18ca1d,three_row_sha256,,123ea5ce324bb82567913e1514a410f2bb582a6d8528a6ea98fbb2b74646f92c,a789b01b17129967eecd25421cde715dc938f6e3b95b30f735ff978f0882361e,0.21984102204442024,0.37916097790002823,0.30053011141717434,0.73058414272964,0.485503114759922,0.9132251143455505,1.7821560613811016,4.811000544577837,0.0,1543.9778754953295,188.47965588793159,304.0246400050819,False,False,False,ok
BNCI2014_001,ebsw_full_bscale,ebsw,full,bscale,normalized,8,3654,396,395,500,500,2,0.00023316884719033876,0.015269867294457368,,,,8.415019244859379e-05,2.793683898093503,122.7769233819667,,499.92258749588245,0.999845174991765,,6.214531105226856,0.0021320132564660375,0.010529662044150751,0.020907295734438502,fixed_beta,0,0,81864,8fe1e2d3ba6ac12da574044c8ede8d0fdd01e534d20b65c5e19b66efeb80b6f1,three_row_sha256,,123ea5ce324bb82567913e1514a410f2bb582a6d8528a6ea98fbb2b74646f92c,a789b01b17129967eecd25421cde715dc938f6e3b95b30f735ff978f0882361e,0.37225615233182907,0.4045360255986452,0.292736804112792,0.6044341716915369,0.33626705408096313,1.0338688734918833,0.5516000092029572,3.5956990905106068,0.0,1547.57357458584,188.47965588793159,304.0246400050819,False,False,False,ok
BNCI2014_001,ebsw_full_bscale,ebsw,full,bscale,normalized,8,3654,397,396,500,500,2,0.00023924727919351406,0.015467620346824978,,,,8.477206510911619e-05,2.793683898093503,122.7769233819667,,499.90702095449706,0.9998140419089941,,6.214515732091023,0.0021331440008236593,0.010591905507395699,0.021029699307789668,fixed_beta,0,0,82260,cca978f447760c70a0dbec485ccab8a49729b83a1256a40276ef05fc2a47b82e,three_row_sha256,,123ea5ce324bb82567913e1514a410f2bb582a6d8528a6ea98fbb2b74646f92c,a789b01b17129967eecd25421cde715dc938f6e3b95b30f735ff978f0882361e,0.32981298863887787,0.5242510233074427,0.30229799449443817,0.7010700646787882,0.5032110493630171,1.248388085514307,0.4330810625106096,4.042112268507481,0.0,1551.6156868543476,188.47965588793159,304.0246400050819,False,False,False,ok
BNCI2014_001,ebsw_full_bscale,ebsw,full,bscale,normalized,8,3654,398,397,500,500,2,0.0002301889395014502,0.015171978760249113,,,,8.366466218558869e-05,2.793683898093503,122.7769233819667,,499.92578762366946,0.9998515752473389,,6.214534225206391,0.002104941030146158,0.01044601385783139,0.020804274038266894,fixed_beta,0,0,82657,069c3d2134a88c39a3f2a0c2a9c033b23581bbb7a571cf0b887e8fd0b49e6f84,three_row_sha256,,123ea5ce324bb82567913e1514a410f2bb582a6d8528a6ea98fbb2b74646f92c,a789b01b17129967eecd25421cde715dc938f6e3b95b30f735ff978f0882361e,0.22081518545746803,0.39362208917737007,0.28915307484567165,0.5701209884136915,0.22118608467280865,0.8104508742690086,0.5492758937180042,3.054624190554023,0.0,1554.6703110449016,188.47965588793159,304.0246400050819,False,False,False,ok
BNCI2014_001,ebsw_full_bscale,ebsw,full,bscale,normalized,8,3654,399,398,500,500,2,0.0002341250009054081,0.015301143777685645,,,,8.413663045078871e-05,2.793683898093503,122.7769233819667,,499.9270048518366,0.9998540097036732,,6.214535365283689,0.0020908718744065986,0.010420075447113014,0.02076882353224572,fixed_beta,0,0,83055,32723f3ce01e32c25deee9ce7d8f1eaa79bc908cb2dcbacc9886fbbd2ace93af,three_row_sha256,,123ea5ce324bb82567913e1514a410f2bb582a6d8528a6ea98fbb2b74646f92c,a789b01b17129967eecd25421cde715dc938f6e3b95b30f735ff978f0882361e,0.23745489306747913,0.5356050096452236,0.29596593230962753,0.6177979521453381,1.628943020477891,1.1620770674198866,0.44232700020074844,4.920170875266194,0.0,1559.5904819201678,188.47965588793159,304.0246400050819,False,False,False,ok
BNCI2014_001,ebsw_full_bscale,ebsw,full,bscale,normalized,8,3654,400,399,500,500,2,0.00023868925723648666,0.015449571425657303,6.104342769169357,0.594336623225818,40.566337677418204,8.613328994622935e-05,2.793683898093503,122.7769233819667,,499.90960302358457,0.9998192060471691,,6.214518248869458,0.0021343446029823726,0.01057848930909099,0.020986525152326917,fixed_beta,0,0,83454,ee15b3759e7bbe6251cb61bf3c6d772cfab3ed7f828c3e4b3d35fb2daad88ada,three_row_sha256,,123ea5ce324bb82567913e1514a410f2bb582a6d8528a6ea98fbb2b74646f92c,a789b01b17129967eecd25421cde715dc938f6e3b95b30f735ff978f0882361e,0.21927477791905403,0.32951286993920803,0.28288597241044044,0.5341321229934692,0.28616306371986866,1.1025259736925364,0.422043027356267,3.1765378080308437,10.957494843751192,1562.7670197281986,199.43715073168278,304.0246400050819,False,False,False,ok
BNCI2014_001,ebsw_full_bscale,ebsw,full,bscale,normalized,8,3654,401,400,500,500,2,0.00024000190548365048,0.015491994883927973,,,,8.552875500281761e-05,2.793683898093503,122.7769233819667,,499.9052374298094,0.9998104748596188,,6.214513870414367,0.002138738599657129,0.010538253366033468,0.020917696358070274,fixed_beta,0,0,83854,4747fe3273036772a7aca8b7bdd418899a1f1b61fbb1ab57c2e1ee1b33a02f95,three_row_sha256,,123ea5ce324bb82567913e1514a410f2bb582a6d8528a6ea98fbb2b74646f92c,a789b01b17129967eecd25421cde715dc938f6e3b95b30f735ff978f0882361e,0.3969809040427208,0.5316520109772682,0.3121758345514536,0.6194950547069311,1.6447978559881449,1.330639934167266,0.5733079742640257,5.40904956869781,0.0,1568.1760692968965,199.43715073168278,348.0214481242001,False,False,False,ok
BNCI2014_001,ebsw_full_bscale,ebsw,full,bscale,normalized,8,3654,402,401,500,500,2,0.00022996105940292576,0.015164467000291363,,,,8.383177739122963e-05,2.793683898093503,122.7769233819667,,499.9208781287111,0.9998417562574222,,6.214529560031864,0.0021670526353797723,0.010602165255905653,0.020988659478242896,fixed_beta,0,0,84255,81072ec928b63fa61ceb4e8c8ce092185757a82c65bb49668ec62ed768892794,three_row_sha256,,123ea5ce324bb82567913e1514a410f2bb582a6d8528a6ea98fbb2b74646f92c,a789b01b17129967eecd25421cde715dc938f6e3b95b30f735ff978f0882361e,0.5237741861492395,0.5206780042499304,0.3024840261787176,1.8941040616482496,0.27310498990118504,1.166620058938861,0.42621814645826817,5.106983473524451,0.0,1573.283052770421,199.43715073168278,348.0214481242001,False,False,False,ok
BNCI2014_001,ebsw_full_bscale,ebsw,full,bscale,normalized,8,3654,403,402,500,500,2,0.00023591046549736308,0.015359377119446058,,,,8.486405147522598e-05,2.793683898093503,122.7769233819667,,499.92635216453124,0.9998527043290625,,6.214534776041027,0.002116075809520306,0.010480110611750405,0.020835022480346882,fixed_beta,0,0,84657,3464fd26f8ca4ed5acc36c616f94aab48e0d773423acd46667a98afd5f6e9732,three_row_sha256,,123ea5ce324bb82567913e1514a410f2bb582a6d8528a6ea98fbb2b74646f92c,a789b01b17129967eecd25421cde715dc938f6e3b95b30f735ff978f0882361e,0.2691349945962429,0.3246050328016281,0.2933950163424015,0.5878659430891275,0.479280948638916,0.9276079945266247,0.554259866476059,3.4361497964709997,0.0,1576.719202566892,199.43715073168278,348.0214481242001,False,False,False,ok
BNCI2014_001,ebsw_full_bscale,ebsw,full,bscale,normalized,8,3654,404,403,500,500,2,0.00023943003398081193,0.015473526875952099,,,,8.536956608672845e-05,2.793683898093503,122.7769233819667,,499.9065820209292,0.9998131640418584,,6.21451520211685,0.002133162310929758,0.010522710230634228,0.020927989844284976,fixed_beta,0,0,85060,4fa5b1f4ec9d366e450ccf94c496ad8e3de3ee97b8c9394080df7a9e4edb2128,three_row_sha256,,123ea5ce324bb82567913e1514a410f2bb582a6d8528a6ea98fbb2b74646f92c,a789b01b17129967eecd25421cde715dc938f6e3b95b30f735ff978f0882361e,0.1888400875031948,0.32183597795665264,0.3889889921993017,0.5770749412477016,0.986550934612751,1.1730371043086052,0.25846390053629875,3.8947919383645058,0.0,1580.6139945052564,199.43715073168278,348.0214481242001,False,False,False,ok
BNCI2014_001,ebsw_full_bscale,ebsw,full,bscale,normalized,8,3654,405,404,500,500,2,0.00023526520111140543,0.015338357184242563,,,,8.451630379580863e-05,2.793683898093503,122.7769233819667,,499.9161284703904,0.9998322569407808,,6.214524683120809,0.002101664152329448,0.010485235641697732,0.020907408089664882,fixed_beta,0,0,85464,dea6301b29d76a332b706eb42a7289d9f31d4fa0afc7d78dcea8e769dd5ab6f1,three_row_sha256,,123ea5ce324bb82567913e1514a410f2bb582a6d8528a6ea98fbb2b74646f92c,a789b01b17129967eecd25421cde715dc938f6e3b95b30f735ff978f0882361e,0.2573078963905573,0.33053383231163025,0.28430414386093616,0.7030728738754988,0.38782297633588314,0.8672010153532028,0.5473520141094923,3.3775947522372007,0.0,1583.9915892574936,199.43715073168278,348.0214481242001,False,False,False,ok
BNCI2014_001,ebsw_full_bscale,ebsw,full,bscale,normalized,8,3654,406,405,500,500,2,0.00023307053613535005,0.015266647835571176,,,,8.417703208488574e-05,2.793683898093503,122.7769233819667,,499.9242953038505,0.999848590607701,,6.214532734676233,0.002114825440773191,0.010458720364464456,0.020832323540361145,fixed_beta,0,0,85869,2fa413b1a5ece9ef497af5251717395571f62b2219cc6e01acb09cfe422c6a62,three_row_sha256,,123ea5ce324bb82567913e1514a410f2bb582a6d8528a6ea98fbb2b74646f92c,a789b01b17129967eecd25421cde715dc938f6e3b95b30f735ff978f0882361e,0.18542585894465446,1.058722147718072,0.286933034658432,0.603856984525919,0.33569405786693096,0.9500221349298954,0.35390607081353664,3.7745602894574404,0.0,1587.766149546951,199.43715073168278,348.0214481242001,False,False,False,ok
BNCI2014_001,ebsw_full_bscale,ebsw,full,bscale,normalized,8,3654,407,406,500,500,2,0.00023240537292100355,0.015244847422030946,,,,8.396025781306116e-05,2.793683898093503,122.7769233819667,,499.93457602005014,0.9998691520401003,,6.214542902324071,0.0021118484832946182,0.010421844513833605,0.020713079496639468,fixed_beta,0,0,86275,5e822d7528df1c89f4818ec4c997bc25760d57ce7c72cf32bea9f5eda7bca55f,three_row_sha256,,123ea5ce324bb82567913e1514a410f2bb582a6d8528a6ea98fbb2b74646f92c,a789b01b17129967eecd25421cde715dc938f6e3b95b30f735ff978f0882361e,0.317499041557312,0.41780387982726097,0.41029416024684906,0.7354079280048609,0.45992503874003887,1.7683319747447968,1.0695599485188723,5.178821971639991,0.0,1592.944971518591,199.43715073168278,348.0214481242001,False,False,False,ok
BNCI2014_001,ebsw_full_bscale,ebsw,full,bscale,normalized,8,3654,408,407,500,500,2,0.00024219944971191353,0.015562758422333539,,,,8.55319559744303e-05,2.793683898093503,122.7769233819667,,499.90734700503594,0.999814694010072,,6.214516310130144,0.0022235142885319026,0.010695149073550868,0.021078462665798627,fixed_beta,0,0,86682,298a63dcb1efbf20d08368e3002f40489a3ead8c404ba9f983f53e24f9c431ef,three_row_sha256,,123ea5ce324bb82567913e1514a410f2bb582a6d8528a6ea98fbb2b74646f92c,a789b01b17129967eecd25421cde715dc938f6e3b95b30f735ff978f0882361e,0.20215683616697788,0.352208036929369,0.32922602258622646,0.6126370280981064,0.3343801945447922,1.003328012302518,0.5181990563869476,3.3521351870149374,0.0,1596.297106705606,199.43715073168278,348.0214481242001,False,False,False,ok
BNCI2014_001,ebsw_full_bscale,ebsw,full,bscale,normalized,8,3654,409,408,500,500,2,0.00023439222290222377,0.01530987337969272,,,,8.425357562401405e-05,2.793683898093503,122.7769233819667,,499.9199431015249,0.9998398862030498,,6.214528507246844,0.0021593770067696856,0.010566808028629398,0.020892473868407313,fixed_beta,0,0,87090,e9103b0223894e5c7d00a3cb52bcf8ed2d463a4a2ec80e101915f8dd7bb0ecfc,three_row_sha256,,123ea5ce324bb82567913e1514a410f2bb582a6d8528a6ea98fbb2b74646f92c,a789b01b17129967eecd25421cde715dc938f6e3b95b30f735ff978f0882361e,0.2501539420336485,0.38474006578326225,0.392537796869874,0.5994439125061035,0.4344969056546688,1.9377178978174925,0.38995896466076374,4.389049485325813,0.0,1600.6861561909318,199.43715073168278,348.0214481242001,False,False,False,ok
BNCI2014_001,ebsw_full_bscale,ebsw,full,bscale,normalized,8,3654,410,409,500,500,2,0.00023928802653437782,0.015468937472702442,,,,8.499365849525332e-05,2.793683898093503,122.7769233819667,,499.9224427147642,0.9998448854295284,,6.214530859835103,0.002103350004022607,0.010431317756167074,0.0207880956664487,fixed_beta,0,0,87499,d53f8bb35f633bb5b40aa060b1538cde48f8ad5aa783f1994a8eb9d476d73969,three_row_sha256,,123ea5ce324bb82567913e1514a410f2bb582a6d8528a6ea98fbb2b74646f92c,a789b01b17129967eecd25421cde715dc938f6e3b95b30f735ff978f0882361e,0.20331703126430511,0.3901079762727022,0.289394985884428,0.81666000187397,0.2781020011752844,0.6650029681622982,0.39033591747283936,3.0329208821058273,0.0,1603.7190770730376,199.43715073168278,348.0214481242001,False,False,False,ok
BNCI2014_001,ebsw_full_bscale,ebsw,full,bscale,normalized,8,3654,411,410,500,500,2,0.00023563554540996818,0.015350424926039285,,,,8.429970809661951e-05,2.793683898093503,122.7769233819667,,499.9064217637976,0.9998128435275953,,6.214515677688672,0.0022753458541920624,0.01071047072616621,0.021083163083748524,fixed_beta,0,0,87909,772648f21ad20f793db0d22c8789381bafad692f7f9fc9afc111a18716943f87,three_row_sha256,,123ea5ce324bb82567913e1514a410f2bb582a6d8528a6ea98fbb2b74646f92c,a789b01b17129967eecd25421cde715dc938f6e3b95b30f735ff978f0882361e,0.22027618251740932,0.36943797022104263,0.2920010592788458,0.7092638406902552,0.4253650549799204,2.5230739265680313,0.16951095312833786,4.7089289873838425,0.0,1608.4280060604215,199.43715073168278,348.0214481242001,False,False,False,ok
BNCI2014_001,ebsw_full_bscale,ebsw,full,bscale,normalized,8,3654,412,411,500,500,2,0.0002408375224986139,0.015518940765999911,,,,8.58956183414346e-05,2.793683898093503,122.7769233819667,,499.9129095871217,0.9998258191742434,,6.214521458306159,0.002141798311198659,0.010506638811256724,0.020907800574862058,fixed_beta,0,0,88320,bed9c55f6888b49d0ae62e41291a0af74499bb44e5b4d49e220d53316afd9353,three_row_sha256,,123ea5ce324bb82567913e1514a410f2bb582a6d8528a6ea98fbb2b74646f92c,a789b01b17129967eecd25421cde715dc938f6e3b95b30f735ff978f0882361e,0.5493108183145523,1.0464019142091274,0.29185996390879154,0.7817139849066734,0.2684381324797869,0.8024568669497967,0.1766020432114601,3.9167837239801884,0.0,1612.3447897844017,199.43715073168278,348.0214481242001,False,False,False,ok
BNCI2014_001,ebsw_full_bscale,ebsw,full,bscale,normalized,8,3654,413,412,500,500,2,0.00023221649720386466,0.015238651423399141,,,,8.371472656590777e-05,2.793683898093503,122.7769233819667,,499.91708832188243,0.9998341766437648,,6.214525618225327,0.0021376376053403065,0.010491116392442358,0.02087411932593696,fixed_beta,0,0,88732,58f50d3f4d5ecf3d9f15e4810afec205e23bae2233bfdd86d3b686ab0a42a15a,three_row_sha256,,123ea5ce324bb82567913e1514a410f2bb582a6d8528a6ea98fbb2b74646f92c,a789b01b17129967eecd25421cde715dc938f6e3b95b30f735ff978f0882361e,0.22785598412156105,0.19545108079910278,0.21699187345802784,0.6026949267834425,0.2377261407673359,2.631072886288166,0.3922148607671261,4.504007752984762,0.0,1616.8487975373864,199.43715073168278,348.0214481242001,False,False,False,ok
BNCI2014_001,ebsw_full_bscale,ebsw,full,bscale,normalized,8,3654,414,413,500,500,2,0.00022998819587534517,0.015165361712644548,,,,8.352499035073485e-05,2.793683898093503,122.7769233819667,,499.93380509285225,0.9998676101857046,,6.214542169042117,0.0021290952604177855,0.010426274260477333,0.020711054704613256,fixed_beta,0,0,89145,3fc3462aaf605d15358a053ebef755d4eaaf2ca6a19f95ca8d867825e09f976d,three_row_sha256,,123ea5ce324bb82567913e1514a410f2bb582a6d8528a6ea98fbb2b74646f92c,a789b01b17129967eecd25421cde715dc938f6e3b95b30f735ff978f0882361e,0.37796678952872753,0.3486799541860819,0.31116604804992676,0.9883730672299862,0.43382984586060047,0.9934180416166782,0.8820919319987297,4.335525678470731,0.0,1621.1843232158571,199.43715073168278,348.0214481242001,False,False,False,ok
BNCI2014_001,ebsw_full_bscale,ebsw,full,bscale,normalized,8,3654,415,414,500,500,2,0.00022754758941706733,0.015084680620320317,,,,8.294159863753995e-05,2.7936838980935024,122.7769233819667,,499.93841492256905,0.9998768298451381,,6.214546712464039,0.002076621998960674,0.01035633675441364,0.02068165888325231,fixed_beta,0,0,89559,49ed828c8b188d2904105e6bf3391ace31d9306b919a2df3ce70f18cf5ae85e8,three_row_sha256,,123ea5ce324bb82567913e1514a410f2bb582a6d8528a6ea98fbb2b74646f92c,a789b01b17129967eecd25421cde715dc938f6e3b95b30f735ff978f0882361e,0.29602600261569023,0.19547692500054836,0.21460279822349548,0.7350482046604156,0.2420768141746521,2.736689057201147,0.35758689045906067,4.77750669233501,0.0,1625.9618299081922,199.43715073168278,348.0214481242001,False,False,False,ok
BNCI2014_001,ebsw_full_bscale,ebsw,full,bscale,normalized,8,3654,416,415,500,500,2,0.00023417027761882318,0.015302623226715842,,,,8.452761334743156e-05,2.793683898093503,122.7769233819667,,499.90706830261854,0.9998141366052371,,6.21451576312696,0.002163963289127039,0.01057384697559808,0.02099578132109419,fixed_beta,0,0,89974,1d47f14ac140dbd079dbeda112a2fdd08e7ae65e7e671365e915f42cc3d159e2,three_row_sha256,,123ea5ce324bb82567913e1514a410f2bb582a6d8528a6ea98fbb2b74646f92c,a789b01b17129967eecd25421cde715dc938f6e3b95b30f735ff978f0882361e,0.24220207706093788,0.36511197686195374,0.2986430190503597,0.6700309459120035,0.34967297688126564,0.7647690363228321,0.3928188234567642,3.083248855546117,0.0,1629.0450787637383,199.43715073168278,348.0214481242001,False,False,False,ok
BNCI2014_001,ebsw_full_bscale,ebsw,full,bscale,normalized,8,3654,417,416,500,500,2,0.0002326662300256238,0.015253400605295325,,,,8.444815334320055e-05,2.7936838980935024,122.7769233819667,,499.9274519316094,0.9998549038632188,,6.214535875217106,0.002140313935423899,0.010495835436326113,0.02079914120655272,fixed_beta,0,0,90390,486989c41ddf241986d4c49d15c5b419f75ed87424cbc46250a0224d92c9ab53,three_row_sha256,,123ea5ce324bb82567913e1514a410f2bb582a6d8528a6ea98fbb2b74646f92c,a789b01b17129967eecd25421cde715dc938f6e3b95b30f735ff978f0882361e,0.2225909847766161,3.700935048982501,0.3005960024893284,0.6661128718405962,0.3238529898226261,0.7422680500894785,0.2821029629558325,6.238458910956979,0.0,1635.2835376746953,199.43715073168278,348.0214481242001,False,False,False,ok
BNCI2014_001,ebsw_full_bscale,ebsw,full,bscale,normalized,8,3654,418,417,500,500,2,0.00023405743048916832,0.015298935599876494,,,,8.450497519210921e-05,2.793683898093503,122.7769233819667,,499.9338119404693,0.9998676238809386,,6.214542134545891,0.0021262220143671183,0.010425887012209223,0.020728443025325755,fixed_beta,0,0,90807,0d107fd3b43aa86e054cddd0d4e07d544e23e7344a7e7e97abcfca0870618597,three_row_sha256,,123ea5ce324bb82567913e1514a410f2bb582a6d8528a6ea98fbb2b74646f92c,a789b01b17129967eecd25421cde715dc938f6e3b95b30f735ff978f0882361e,0.22023217752575874,0.46294904313981533,0.3003960009664297,0.608283095061779,0.4520788788795471,0.8646529167890549,0.42367889545857906,3.332271007820964,0.0,1638.6158086825162,199.43715073168278,348.0214481242001,False,False,False,ok
BNCI2014_001,ebsw_full_bscale,ebsw,full,bscale,normalized,8,3654,419,418,500,500,2,0.0002328717926218051,0.015260137372311073,,,,8.424232021125853e-05,2.793683898093503,122.7769233819667,,499.9159519714075,0.999831903942815,,6.214524489296886,0.0021278405461721216,0.0105212014492117,0.020875926538783764,fixed_beta,0,0,91225,396beb5875b6fa5c3603c7f15e3059904315f53be34bcd1501622f6aefa37523,three_row_sha256,,123ea5ce324bb82567913e1514a410f2bb582a6d8528a6ea98fbb2b74646f92c,a789b01b17129967eecd25421cde715dc938f6e3b95b30f735ff978f0882361e,0.22789882495999336,0.3095411229878664,0.29598292894661427,0.8571350481361151,0.4030410200357437,1.423796871677041,0.17299596220254898,3.690391778945923,0.0,1642.3062004614621,199.43715073168278,348.0214481242001,False,False,False,ok
BNCI2014_001,ebsw_full_bscale,ebsw,full,bscale,normalized,8,3654,420,419,500,500,2,0.00023404356844294083,0.015298482553604486,,,,8.454472719346916e-05,2.7936838980935024,122.7769233819667,,499.91474628107704,0.9998294925621541,,6.214523355448009,0.002126195172283104,0.010533757555175624,0.02095175033549595,fixed_beta,0,0,91644,81a1d46ba82ce7ead6d356c6b4b6e649315e318c64db2ba883fcec49f40faa60,three_row_sha256,,123ea5ce324bb82567913e1514a410f2bb582a6d8528a6ea98fbb2b74646f92c,a789b01b17129967eecd25421cde715dc938f6e3b95b30f735ff978f0882361e,0.2700560726225376,0.3258700016885996,0.28985808603465557,0.5953668151050806,0.23943791165947914,0.7373050320893526,0.3892660606652498,2.847159979864955,0.0,1645.153360441327,199.43715073168278,348.0214481242001,False,False,False,ok
BNCI2014_001,ebsw_full_bscale,ebsw,full,bscale,normalized,8,3654,421,420,500,500,2,0.00022690866258061985,0.015063487729626889,,,,8.320286181079662e-05,2.793683898093503,122.7769233819667,,499.92753372883993,0.9998550674576799,,6.214535982602387,0.002124294536171982,0.01047499340358332,0.020815722998777042,fixed_beta,0,0,92064,8fdf3cf9ae531b4f06808d8a61e97d1693cda1ac90ede3b4695ee4b61f8e0db9,three_row_sha256,,123ea5ce324bb82567913e1514a410f2bb582a6d8528a6ea98fbb2b74646f92c,a789b01b17129967eecd25421cde715dc938f6e3b95b30f735ff978f0882361e,0.2226519864052534,0.48835715278983116,0.2866711001843214,0.5956948734819889,0.47076214104890823,0.7853361312299967,1.0660269763320684,3.9155003614723682,0.0,1649.0688608027995,199.43715073168278,348.0214481242001,False,False,False,ok
BNCI2014_001,ebsw_full_bscale,ebsw,full,bscale,normalized,8,3654,422,421,500,500,2,0.00023203036183381236,0.015232542855144453,,,,8.412176053321849e-05,2.793683898093503,122.7769233819667,,499.92614905811723,0.9998522981162344,,6.214534602798971,0.0021362039973489666,0.010474483408127799,0.020828175850024975,fixed_beta,0,0,92485,6014f2538e8fff4fa168e184b41b3da131320e479325291d1219d1c1b6ffcbbe,three_row_sha256,,123ea5ce324bb82567913e1514a410f2bb582a6d8528a6ea98fbb2b74646f92c,a789b01b17129967eecd25421cde715dc938f6e3b95b30f735ff978f0882361e,0.19568810239434242,0.3913328982889652,0.28765294700860977,0.5444518756121397,0.32824184745550156,4.364948952570558,0.5025151185691357,6.614831741899252,0.0,1655.6836925446987,199.43715073168278,348.0214481242001,False,False,False,ok
BNCI2014_001,ebsw_full_bscale,ebsw,full,bscale,normalized,8,3654,423,422,500,500,2,0.00022622102601349748,0.01504064579775408,,,,8.255676663804768e-05,2.793683898093503,122.7769233819667,,499.9290179709884,0.9998580359419769,,6.214537406902609,0.002122456760398319,0.010459888604687613,0.02079161804912414,fixed_beta,0,0,92907,88899c0581563e50991cdccab1dc1f907702a7e6fb8d9d47c4f9087b647e622b,three_row_sha256,,123ea5ce324bb82567913e1514a410f2bb582a6d8528a6ea98fbb2b74646f92c,a789b01b17129967eecd25421cde715dc938f6e3b95b30f735ff978f0882361e,0.3438289277255535,0.49848388880491257,0.29243691824376583,2.4150260724127293,1.6100099310278893,0.6741981487721205,0.1780148595571518,6.011998746544123,0.0,1661.6956912912428,199.43715073168278,348.0214481242001,False,False,False,ok
BNCI2014_001,ebsw_full_bscale,ebsw,full,bscale,normalized,8,3654,424,423,500,500,2,0.00022823444442162283,0.015107430106461615,,,,8.31713733718568e-05,2.793683898093503,122.7769233819667,,499.92550126372817,0.9998510025274564,,6.214533913223705,0.002103585089537946,0.010451991443059451,0.02079604711448879,fixed_beta,0,0,93330,92aeea3dbd65891dc0133b7718c4a140701c55428e17f15fb7e017ddae98ee5d,three_row_sha256,,123ea5ce324bb82567913e1514a410f2bb582a6d8528a6ea98fbb2b74646f92c,a789b01b17129967eecd25421cde715dc938f6e3b95b30f735ff978f0882361e,0.2503229770809412,0.34471694380044937,0.3187579568475485,0.5941418930888176,0.3219649661332369,2.416081028059125,0.37970300763845444,4.625688772648573,0.0,1666.3213800638914,199.43715073168278,348.0214481242001,False,False,False,ok
BNCI2014_001,ebsw_full_bscale,ebsw,full,bscale,normalized,8,3654,425,424,500,500,2,0.00022754121531933332,0.015084469341655122,6.0686095304668495,0.5908575308434845,40.91424691565156,8.293135696761989e-05,2.793683898093503,122.7769233819667,,499.9296233896233,0.9998592467792466,,6.2145380207643806,0.0020917650396486223,0.010417412960717527,0.02077951137666359,fixed_beta,0,0,93754,abf936e12f8e1ed9e37a58aa790c3065db847a3e134a25d74dd087d8af944fe3,three_row_sha256,,123ea5ce324bb82567913e1514a410f2bb582a6d8528a6ea98fbb2b74646f92c,a789b01b17129967eecd25421cde715dc938f6e3b95b30f735ff978f0882361e,0.2282131463289261,0.19901897758245468,0.21711690351366997,0.6096640136092901,0.3782340791076422,2.5686228182166815,0.1895190216600895,4.390388960018754,11.974544962868094,1670.7117690239102,211.41169569455087,348.0214481242001,False,False,False,ok
BNCI2014_001,ebsw_full_bscale,ebsw,full,bscale,normalized,8,3654,426,425,500,500,2,0.0002347492080256936,0.01532152760091805,,,,8.491252926287896e-05,2.793683898093503,122.7769233819667,,499.9219672509224,0.9998439345018448,,6.214530464242587,0.0021416741154005633,0.010528124205321296,0.02087561464247006,fixed_beta,0,0,94179,335e5e1f5326f13638a9495181a9b64d50e08d27c9611c5d09124b47688a05ad,three_row_sha256,,123ea5ce324bb82567913e1514a410f2bb582a6d8528a6ea98fbb2b74646f92c,a789b01b17129967eecd25421cde715dc938f6e3b95b30f735ff978f0882361e,0.23567699827253819,0.19609415903687477,0.21565589122474194,0.6143150385469198,0.2501539420336485,3.6880860570818186,1.050604972988367,6.250587059184909,0.0,1676.962356083095,211.41169569455087,348.0214481242001,False,False,False,ok
BNCI2014_001,ebsw_full_bscale,ebsw,full,bscale,normalized,8,3654,427,426,500,500,2,0.00023543285930074562,0.01534382153509176,,,,8.413432728764848e-05,2.793683898093503,122.7769233819667,,499.9155636506095,0.999831127301219,,6.214524203893751,0.0021558357893502146,0.010561355213415804,0.020985281280549103,fixed_beta,0,0,94605,b96e08e734409b1ae004185ed842091477321744d803eb8afac70373752bac13,three_row_sha256,,123ea5ce324bb82567913e1514a410f2bb582a6d8528a6ea98fbb2b74646f92c,a789b01b17129967eecd25421cde715dc938f6e3b95b30f735ff978f0882361e,0.2074441872537136,0.30921190045773983,0.2135690301656723,0.8045451249927282,0.4526961129158735,0.6681259255856276,0.17239712178707123,2.8279894031584263,0.0,1679.7903454862535,211.41169569455087,348.0214481242001,False,False,False,ok
BNCI2014_001,ebsw_full_bscale,ebsw,full,bscale,normalized,8,3654,428,427,500,500,2,0.00022961508282607967,0.015153055230747352,,,,8.368736076949319e-05,2.793683898093503,122.7769233819667,,499.9242319907358,0.9998484639814716,,6.214532689147829,0.0021082400809433566,0.010473082951786047,0.02084369191522365,fixed_beta,0,0,95032,1798249d450123c69a5e8f7a9bf68a4bd6467fabb39ef49b88082d43d529ccf3,three_row_sha256,,123ea5ce324bb82567913e1514a410f2bb582a6d8528a6ea98fbb2b74646f92c,a789b01b17129967eecd25421cde715dc938f6e3b95b30f735ff978f0882361e,0.2199891023337841,0.1943390816450119,0.21311291493475437,0.6009980570524931,0.24009402841329575,2.9725960921496153,0.3934958949685097,4.834625171497464,0.0,1684.624970657751,211.41169569455087,348.0214481242001,False,False,False,ok
BNCI2014_001,ebsw_full_bscale,ebsw,full,bscale,normalized,8,3654,429,428,500,500,2,0.00023783292795735445,0.015421832833919399,,,,8.448675353696345e-05,2.793683898093503,122.7769233819667,,499.92555891936706,0.9998511178387341,,6.214533922272979,0.002099798565487552,0.010413913401788648,0.020760996879382827,fixed_beta,0,0,95460,f76dddcafc634a8f69c7c93c7168b5b6e0878822331ad9bc21e3a1a56a6a52e5,three_row_sha256,,123ea5ce324bb82567913e1514a410f2bb582a6d8528a6ea98fbb2b74646f92c,a789b01b17129967eecd25421cde715dc938f6e3b95b30f735ff978f0882361e,0.21934299729764462,0.3842089790850878,0.2951009664684534,0.7064919918775558,0.32098800875246525,2.4884389713406563,0.16763387247920036,4.5822057873010635,0.0,1689.207176445052,211.41169569455087,348.0214481242001,False,False,False,ok
BNCI2014_001,ebsw_full_bscale,ebsw,full,bscale,normalized,8,3654,430,429,500,500,2,0.0002338223361877916,0.015291250314732004,,,,8.400920784263624e-05,2.7936838980935024,122.7769233819667,,499.91722403115426,0.9998344480623086,,6.214525803004791,0.002138170274068799,0.010555092516146022,0.020970486902770723,fixed_beta,0,0,95889,4063d4eeb2e70c43dfe1a691e353b76e8eba7e383a1a802eff5a287503c6d3b1,three_row_sha256,,123ea5ce324bb82567913e1514a410f2bb582a6d8528a6ea98fbb2b74646f92c,a789b01b17129967eecd25421cde715dc938f6e3b95b30f735ff978f0882361e,0.21589896641671658,0.38242689333856106,0.286563066765666,0.8202791213989258,0.27183699421584606,0.6531600374728441,0.17566513270139694,2.8058302123099566,0.0,1692.013006657362,211.41169569455087,348.0214481242001,False,False,False,ok
BNCI2014_001,ebsw_full_bscale,ebsw,full,bscale,normalized,8,3654,431,430,500,500,2,0.00023954386504829663,0.015477204691038257,,,,8.482685385528752e-05,2.793683898093503,122.7769233819667,,499.92940142116885,0.9998588028423377,,6.214537737245189,0.0021060782259580495,0.010426897717372053,0.020754256170650513,fixed_beta,0,0,96319,698e700b3d40e071071df081f1554ead589e6937cf77ba6aebb10ea63f35a8fd,three_row_sha256,,123ea5ce324bb82567913e1514a410f2bb582a6d8528a6ea98fbb2b74646f92c,a789b01b17129967eecd25421cde715dc938f6e3b95b30f735ff978f0882361e,0.20198803395032883,0.19691302441060543,0.21182885393500328,0.5799040663987398,0.23789191618561745,3.9054600056260824,0.5099100526422262,5.843895953148603,0.0,1697.8569026105106,211.41169569455087,348.0214481242001,False,False,False,ok
BNCI2014_001,ebsw_full_bscale,ebsw,full,bscale,normalized,8,3654,432,431,500,500,2,0.00023231268123581522,0.015241807020029325,,,,8.450281977438807e-05,2.793683898093503,122.7769233819667,,499.9222146077288,0.9998444292154576,,6.214530661164463,0.002114109118191167,0.010465217086771037,0.02084556985435454,fixed_beta,0,0,96750,8e2a8c84d7dc051c1f7b142383eabc1ce7ecd14cdfe5d81e71bae5215a632420,three_row_sha256,,123ea5ce324bb82567913e1514a410f2bb582a6d8528a6ea98fbb2b74646f92c,a789b01b17129967eecd25421cde715dc938f6e3b95b30f735ff978f0882361e,0.34300191327929497,0.4992710892111063,0.2910839393734932,1.901215873658657,0.2800431102514267,3.884760197252035,0.3558560274541378,7.555232150480151,0.0,1705.4121347609907,211.41169569455087,348.0214481242001,False,False,False,ok
BNCI2014_001,ebsw_full_bscale,ebsw,full,bscale,normalized,8,3654,433,432,500,500,2,0.00023137585876464072,0.015211043973529258,,,,8.32447086130526e-05,2.793683898093503,122.7769233819667,,499.9273047062161,0.9998546094124322,,6.214535713127005,0.0021036484410066527,0.01046371832462949,0.02082596278158978,fixed_beta,0,0,97182,9f8ce56296e40ee3937e796e90beb7fc3b7177d3ebd426a67a3bbab1bde3b9c8,three_row_sha256,,123ea5ce324bb82567913e1514a410f2bb582a6d8528a6ea98fbb2b74646f92c,a789b01b17129967eecd25421cde715dc938f6e3b95b30f735ff978f0882361e,0.20479201339185238,0.3353520296514034,0.2928089816123247,0.7076130714267492,0.26371004059910774,2.7646650560200214,0.3874199464917183,4.956361139193177,0.0,1710.368495900184,211.41169569455087,348.0214481242001,False,False,False,ok
BNCI2014_001,ebsw_full_bscale,ebsw,full,bscale,normalized,8,3654,434,433,500,500,2,0.00023088400657318996,0.01519486777083598,,,,8.37730652084864e-05,2.793683898093503,122.7769233819667,,499.9298682676392,0.9998597365352785,,6.214538278670263,0.0021176205753772564,0.010473390398420143,0.020809148349295717,fixed_beta,0,0,97615,0be0b189e68dec8908ab4586276bba8883ca40b45147c376489722494ee74403,three_row_sha256,,123ea5ce324bb82567913e1514a410f2bb582a6d8528a6ea98fbb2b74646f92c,a789b01b17129967eecd25421cde715dc938f6e3b95b30f735ff978f0882361e,0.2926199231296778,0.21365121938288212,1.6569430008530617,1.6397710423916578,0.4090180154889822,1.1342379730194807,0.36237388849258423,5.7086150627583265,0.0,1716.0771109629422,211.41169569455087,348.0214481242001,False,False,False,ok
BNCI2014_001,ebsw_full_bscale,ebsw,full,bscale,normalized,8,3654,435,434,500,500,2,0.00023287901559938546,0.015260374032093233,,,,8.427630927312967e-05,2.793683898093503,122.7769233819667,,499.9247375614185,0.9998494751228371,,6.21453322386273,0.002118471964103978,0.010529017921084207,0.02092824226492002,fixed_beta,0,0,98049,fe03a670ebdf3a754ecbc16758099e434de79f1f3595183d90ec36d2e8369808,three_row_sha256,,123ea5ce324bb82567913e1514a410f2bb582a6d8528a6ea98fbb2b74646f92c,a789b01b17129967eecd25421cde715dc938f6e3b95b30f735ff978f0882361e,0.38723694160580635,0.31280191615223885,0.665073050186038,0.9641039650887251,0.3673839382827282,3.6612479016184807,0.38324506022036076,6.741092773154378,0.0,1722.8182037360966,211.41169569455087,348.0214481242001,False,False,False,ok
BNCI2014_001,ebsw_full_bscale,ebsw,full,bscale,normalized,8,3654,436,435,500,500,2,0.00022606708225238775,0.015035527335360996,,,,8.298091419433987e-05,2.793683898093503,122.7769233819667,,499.93011943407726,0.9998602388681546,,6.214538548876602,0.0021186084470935103,0.01048348932997084,0.020833514251733076,fixed_beta,0,0,98484,edb2fe73cc9077e2cf647cbf49bdac438b365eff2a684381ffd02c43c964f7f1,three_row_sha256,,123ea5ce324bb82567913e1514a410f2bb582a6d8528a6ea98fbb2b74646f92c,a789b01b17129967eecd25421cde715dc938f6e3b95b30f735ff978f0882361e,0.3293079789727926,0.9641160722821951,0.298893079161644,0.8329539559781551,0.4839319735765457,3.631879109889269,0.39589405059814453,6.936976220458746,0.0,1729.7551799565554,211.41169569455087,348.0214481242001,False,False,False,ok
BNCI2014_001,ebsw_full_bscale,ebsw,full,bscale,normalized,8,3654,437,436,500,500,2,0.00023527507377867,0.015338679010223469,,,,8.44347160704036e-05,2.793683898093503,122.7769233819667,,499.9256236679202,0.9998512473358404,,6.214534013359993,0.002103642891789871,0.010435117815112468,0.0207634904635917,fixed_beta,0,0,98920,3f700433643705e489ec05c65155ad2d53abfe08d0e37b27f6389306d3dc1d61,three_row_sha256,,123ea5ce324bb82567913e1514a410f2bb582a6d8528a6ea98fbb2b74646f92c,a789b01b17129967eecd25421cde715dc938f6e3b95b30f735ff978f0882361e,0.4160159733146429,0.47962903045117855,0.29559992253780365,0.826509902253747,0.4191489424556494,5.731470184400678,0.3486990462988615,8.51707300171256,0.0,1738.272252958268,211.41169569455087,348.0214481242001,False,False,False,ok
BNCI2014_001,ebsw_full_bscale,ebsw,full,bscale,normalized,8,3654,438,437,500,500,2,0.00023228345977825883,0.01524084839430728,,,,8.405067619674054e-05,2.793683898093503,122.7769233819667,,499.90481258929975,0.9998096251785995,,6.214513574764103,0.0021624482708509554,0.01063022200723453,0.02102241957345728,fixed_beta,0,0,99357,581963162ca1a49645d0377bef22173363f374163555acb1652d864f23e93cfc,three_row_sha256,,123ea5ce324bb82567913e1514a410f2bb582a6d8528a6ea98fbb2b74646f92c,a789b01b17129967eecd25421cde715dc938f6e3b95b30f735ff978f0882361e,0.422273064032197,0.3266830462962389,0.2983110025525093,1.361805945634842,0.5635139532387257,3.6414959467947483,1.6657339874655008,8.279816946014762,0.0,1746.5520699042827,211.41169569455087,348.0214481242001,False,False,False,ok
BNCI2014_001,ebsw_full_bscale,ebsw,full,bscale,normalized,8,3654,439,438,500,500,2,0.00023499251039595765,0.015329465430860844,,,,8.372714350756542e-05,2.793683898093503,122.7769233819667,,499.91912730844746,0.9998382546168949,,6.214527623564371,0.0021076514120734464,0.010482176490831335,0.020849312120092806,fixed_beta,0,0,99795,e37826b6b413dc0baa21e30e670c8ff2a04f690cccc27b2c3844fdcd0027bddf,three_row_sha256,,123ea5ce324bb82567913e1514a410f2bb582a6d8528a6ea98fbb2b74646f92c,a789b01b17129967eecd25421cde715dc938f6e3b95b30f735ff978f0882361e,0.22909906692802906,0.3369839396327734,0.29836990870535374,1.1733579449355602,0.30045281164348125,4.394754068925977,0.34380401484668255,7.076821755617857,0.0,1753.6288916599005,211.41169569455087,348.0214481242001,False,False,False,ok
BNCI2014_001,ebsw_full_bscale,ebsw,full,bscale,normalized,8,3654,440,439,500,500,2,0.0002356854228095153,0.01535204946609785,,,,8.460220119766969e-05,2.793683898093503,122.7769233819667,,499.9248022532665,0.9998496045065329,,6.21453319449925,0.0021156445149586554,0.010469384870774187,0.0208058263665244,fixed_beta,0,0,100234,ba032f1bec10b066ceaaeef41f270055f41992c18597d8c3d1f3853dd6f8006c,three_row_sha256,,123ea5ce324bb82567913e1514a410f2bb582a6d8528a6ea98fbb2b74646f92c,a789b01b17129967eecd25421cde715dc938f6e3b95b30f735ff978f0882361e,0.4841869231313467,0.3235598560422659,0.3127360250800848,2.009709132835269,0.26780692860484123,1.3281239662319422,0.4627290181815624,5.188851850107312,0.0,1758.8177435100079,211.41169569455087,348.0214481242001,False,False,False,ok
BNCI2014_001,ebsw_full_bscale,ebsw,full,bscale,normalized,8,3654,441,440,500,500,2,0.00023369710467096915,0.015287154891312155,,,,8.438007627351374e-05,2.7936838980935033,122.7769233819667,,499.9270759147598,0.9998541518295196,,6.214535457020773,0.002092346678233495,0.010438682586773872,0.020784378130133035,fixed_beta,0,0,100674,b1bc65e56d94a67a4bc4109326abd4a8881b620d21057cc9cde541e73f705118,three_row_sha256,,123ea5ce324bb82567913e1514a410f2bb582a6d8528a6ea98fbb2b74646f92c,a789b01b17129967eecd25421cde715dc938f6e3b95b30f735ff978f0882361e,1.5321280807256699,0.20850403234362602,0.22375304251909256,0.7899298798292875,0.8836581837385893,0.9083161130547523,0.3853929229080677,4.931682255119085,0.0,1763.749425765127,211.41169569455087,348.0214481242001,False,False,False,ok
BNCI2014_001,ebsw_full_bscale,ebsw,full,bscale,normalized,8,3654,442,441,500,500,2,0.00022987991473209915,0.015161791277157827,,,,8.35039884454052e-05,2.793683898093503,122.7769233819667,,499.9258485924396,0.9998516971848792,,6.214534247944334,0.0021132987344795466,0.010439856816919522,0.020778687097112697,fixed_beta,0,0,101115,e465e3462e38ee22fca78844718755a9528437c093458fd7648f1fca20518aea,three_row_sha256,,123ea5ce324bb82567913e1514a410f2bb582a6d8528a6ea98fbb2b74646f92c,a789b01b17129967eecd25421cde715dc938f6e3b95b30f735ff978f0882361e,0.4074100870639086,0.3788450267165899,0.30018691904842854,0.78959995880723,0.3698349464684725,0.8994769304990768,0.48469193279743195,3.6300458014011383,0.0,1767.379471566528,211.41169569455087,348.0214481242001,False,False,False,ok
BNCI2014_001,ebsw_full_bscale,ebsw,full,bscale,normalized,8,3654,443,442,500,500,2,0.00022726721090368326,0.015075384270514742,,,,8.291770479352792e-05,2.7936838980935033,122.7769233819667,,499.9306909949047,0.9998613819898095,,6.214539154144084,0.002144058413576818,0.010502360500517137,0.02085762549358586,fixed_beta,0,0,101557,911befe3cc12407c6dadc936a2dae182108afed479865a4245c953fe354250e5,three_row_sha256,,123ea5ce324bb82567913e1514a410f2bb582a6d8528a6ea98fbb2b74646f92c,a789b01b17129967eecd25421cde715dc938f6e3b95b30f735ff978f0882361e,0.5092150531709194,0.33744401298463345,0.2976760733872652,2.5543260853737593,0.41752285324037075,2.2231878247112036,0.3484189510345459,6.687790853902698,0.0,1774.0672624204308,211.41169569455087,348.0214481242001,False,False,False,ok
BNCI2014_001,ebsw_full_bscale,ebsw,full,bscale,normalized,8,3654,444,443,500,500,2,0.0002259362269201083,0.015031175167634376,,,,8.257634349165309e-05,2.793683898093503,122.7769233819667,,499.9268528529689,0.9998537057059379,,6.2145352970729615,0.002104350127836498,0.01047143625173003,0.020845753995601395,fixed_beta,0,0,102000,03a56a0883eeb71a445a1d1fac4969ee9c7927fedc8c5c80aa6e7baa308e5e45,three_row_sha256,,123ea5ce324bb82567913e1514a410f2bb582a6d8528a6ea98fbb2b74646f92c,a789b01b17129967eecd25421cde715dc938f6e3b95b30f735ff978f0882361e,0.3603380173444748,0.3214708995074034,0.2894778735935688,0.7791598327457905,0.27439300902187824,1.310971798375249,0.3654239699244499,3.7012354005128145,0.0,1777.7684978209436,211.41169569455087,348.0214481242001,False,False,False,ok
BNCI2014_001,ebsw_full_bscale,ebsw,full,bscale,normalized,8,3654,445,444,500,500,2,0.0002334265148022605,0.015278302091602343,,,,8.410310201500448e-05,2.793683898093503,122.7769233819667,,499.92658608427007,0.9998531721685402,,6.21453501896735,0.002114235816210109,0.010490404396584137,0.020832247018915173,fixed_beta,0,0,102444,49cf987153504efb9a361917677a490299637c8dbf1cf02915b5abf08a940551,three_row_sha256,,123ea5ce324bb82567913e1514a410f2bb582a6d8528a6ea98fbb2b74646f92c,a789b01b17129967eecd25421cde715dc938f6e3b95b30f735ff978f0882361e,0.3794049844145775,0.3523339983075857,0.36940909922122955,1.0506340768188238,0.47291419468820095,1.7045000568032265,0.38018892519176006,4.709385335445404,0.0,1782.477883156389,211.41169569455087,348.0214481242001,False,False,False,ok
BNCI2014_001,ebsw_full_bscale,ebsw,full,bscale,normalized,8,3654,446,445,500,500,2,0.00022125579932360718,0.014874669721496581,,,,8.188694452316585e-05,2.793683898093503,122.7769233819667,,499.93385234251747,0.9998677046850349,,6.214542219247029,0.0021026625404290487,0.0104504892046169,0.020782726339464035,fixed_beta,0,0,102889,0162d8f4352f1974c9404daecdd2756249a57e92ca9a09f0946d4125874b29aa,three_row_sha256,,123ea5ce324bb82567913e1514a410f2bb582a6d8528a6ea98fbb2b74646f92c,a789b01b17129967eecd25421cde715dc938f6e3b95b30f735ff978f0882361e,0.21579512394964695,0.19516516476869583,0.21326006390154362,0.7481910288333893,0.5786619149148464,0.8790250867605209,0.35282387398183346,3.1829222571104765,0.0,1785.6608054134995,211.41169569455087,348.0214481242001,False,False,False,ok
BNCI2014_001,ebsw_full_bscale,ebsw,full,bscale,normalized,8,3654,447,446,500,500,2,0.00022712453482157796,0.01507065143985415,,,,8.280600405623746e-05,2.7936838980935024,122.7769233819667,,499.9276101040735,0.999855220208147,,6.214535996143127,0.0021014706300653487,0.010455016224386788,0.02080210303206905,fixed_beta,0,0,103335,2836f489bb376628fe9327892b9d93c93e23ae6bb76ce038b91addfe35e3413c,three_row_sha256,,123ea5ce324bb82567913e1514a410f2bb582a6d8528a6ea98fbb2b74646f92c,a789b01b17129967eecd25421cde715dc938f6e3b95b30f735ff978f0882361e,0.20557898096740246,0.3294700291007757,0.29448489658534527,0.7517028134316206,0.2396909985691309,4.07125405035913,0.35805697552859783,6.250238744542003,0.0,1791.9110441580415,211.41169569455087,348.0214481242001,False,False,False,ok
BNCI2014_001,ebsw_full_bscale,ebsw,full,bscale,normalized,8,3654,448,447,500,500,2,0.0002332587234578512,0.015272809939819562,,,,8.422396721814989e-05,2.793683898093503,122.7769233819667,,499.92547316507006,0.9998509463301402,,6.214533909789292,0.002112982332619867,0.010487229541904003,0.0208453026797835,fixed_beta,0,0,103782,1183ee2c8eb53dafae58a34ea41f0dbb8a2892b4ab1582b3ce64cbe5c1cd8933,three_row_sha256,,123ea5ce324bb82567913e1514a410f2bb582a6d8528a6ea98fbb2b74646f92c,a789b01b17129967eecd25421cde715dc938f6e3b95b30f735ff978f0882361e,0.2049070317298174,0.3525421489030123,0.3562190104275942,0.8380159270018339,0.26024202816188335,1.603635959327221,0.32759387977421284,3.943155985325575,0.0,1795.854200143367,211.41169569455087,348.0214481242001,False,False,False,ok
BNCI2014_001,ebsw_full_bscale,ebsw,full,bscale,normalized,8,3654,449,448,500,500,2,0.0002263180877023122,0.01504387209804418,,,,8.282733267562258e-05,2.793683898093503,122.7769233819667,,499.9263368682369,0.9998526737364738,,6.214534736174566,0.002092345389137897,0.01040997470596633,0.020762928120910566,fixed_beta,0,0,104230,592fa12cd29cf95c0e9c02c43fc5b90a4caac34bd0c937fdf9461e29a8359c18,three_row_sha256,,123ea5ce324bb82567913e1514a410f2bb582a6d8528a6ea98fbb2b74646f92c,a789b01b17129967eecd25421cde715dc938f6e3b95b30f735ff978f0882361e,0.25403499603271484,0.20275101996958256,0.29612891376018524,0.7168988231569529,1.0318199638277292,0.9132837876677513,0.38018403574824333,3.7951015401631594,0.0,1799.6493016835302,211.41169569455087,348.0214481242001,False,False,False,ok
BNCI2014_001,ebsw_full_bscale,ebsw,full,bscale,normalized,8,3654,450,449,500,500,2,0.0002322588871782477,0.01524004223019896,5.998265526267244,0.5840086333452423,41.59913666547577,8.405619970139237e-05,2.793683898093503,122.7769233819667,,499.9171008085972,0.9998342016171944,,6.214525759027971,0.002147835212921275,0.010606961615722941,0.020975168801925966,fixed_beta,0,0,104679,42a7b90e8f9458b557dbbc759872ada26e1c1a4fb837afbb964a8a3c8097afc2,three_row_sha256,,123ea5ce324bb82567913e1514a410f2bb582a6d8528a6ea98fbb2b74646f92c,a789b01b17129967eecd25421cde715dc938f6e3b95b30f735ff978f0882361e,0.3885009791702032,0.34722406417131424,0.3081909380853176,1.015404937788844,0.44499081559479237,0.7373678963631392,0.37766993045806885,3.6193495616316795,12.655364815145731,1803.268651245162,224.0670605096966,348.0214481242001,False,False,False,ok
BNCI2014_001,ebsw_full_bscale,ebsw,full,bscale,normalized,8,3654,451,450,500,500,2,0.00023741809795399846,0.015408377525034829,,,,8.504685560076867e-05,2.793683898093503,122.7769233819667,,499.9196007011735,0.999839201402347,,6.214528048374423,0.002120597883358051,0.01045693349230411,0.020817616112892456,fixed_beta,0,0,105129,4f0f19b087cb995bf0bb5f1f9eb04133955001e82aef9ba42deb5787c5bfe562,three_row_sha256,,123ea5ce324bb82567913e1514a410f2bb582a6d8528a6ea98fbb2b74646f92c,a789b01b17129967eecd25421cde715dc938f6e3b95b30f735ff978f0882361e,0.37879287265241146,0.3197758924216032,0.31660497188568115,0.9546978399157524,0.3914260305464268,1.0387750808149576,0.36013592034578323,3.760208608582616,0.0,1807.0288598537445,224.0670605096966,348.0214481242001,False,False,False,ok
BNCI2014_001,ebsw_full_bscale,ebsw,full,bscale,normalized,8,3654,452,451,500,500,2,0.00022856421484853794,0.015118340347026783,,,,8.302721873244207e-05,2.793683898093503,122.7769233819667,,499.9249660937661,0.9998499321875323,,6.214533458401633,0.0021426027920574834,0.010508968997110811,0.020883646297950524,fixed_beta,0,0,105580,adf8f24106abd9e5d98e0b386026ad0487d7a9c02d10a3da19adb6c0e14b04c9,three_row_sha256,,123ea5ce324bb82567913e1514a410f2bb582a6d8528a6ea98fbb2b74646f92c,a789b01b17129967eecd25421cde715dc938f6e3b95b30f735ff978f0882361e,0.3751080948859453,0.34942803904414177,0.36346702836453915,1.0470249690115452,0.4268169868737459,0.9203259833157063,0.34119095653295517,3.8233620580285788,0.0,1810.852221911773,224.0670605096966,348.0214481242001,False,False,False,ok
BNCI2014_001,ebsw_full_bscale,ebsw,full,bscale,normalized,8,3654,453,452,500,500,2,0.00022713005757017462,0.015070834667335935,,,,8.325444622062573e-05,2.793683898093503,122.7769233819667,,499.9251411348471,0.9998502822696942,,6.21453354904586,0.002104119546245668,0.0104590841519421,0.020806612378818833,fixed_beta,0,0,106032,c861967a269777e70907d18b8bddad3bffbf9b19284ed5864ea39d903a3310c7,three_row_sha256,,123ea5ce324bb82567913e1514a410f2bb582a6d8528a6ea98fbb2b74646f92c,a789b01b17129967eecd25421cde715dc938f6e3b95b30f735ff978f0882361e,0.3077639266848564,0.3360770642757416,0.39468100294470787,1.1563249863684177,0.47436216846108437,0.8657919242978096,0.3346279263496399,3.8696289993822575,0.0,1814.7218509111553,224.0670605096966,348.0214481242001,False,False,False,ok
BNCI2014_001,ebsw_full_bscale,ebsw,full,bscale,normalized,8,3654,454,453,500,500,2,0.00022388857071636246,0.01496290649293654,,,,8.276678635522186e-05,2.793683898093503,122.7769233819667,,499.9281992748729,0.9998563985497458,,6.214536647012332,0.002137777745211251,0.010489768486316484,0.020827108749917035,fixed_beta,0,0,106485,39cea1309f7350b7edd1178c405fc092c6299cde9f68fc9b72951c6f08b74d47,three_row_sha256,,123ea5ce324bb82567913e1514a410f2bb582a6d8528a6ea98fbb2b74646f92c,a789b01b17129967eecd25421cde715dc938f6e3b95b30f735ff978f0882361e,0.4182669799774885,0.30733016319572926,0.3075599670410156,0.9178859181702137,0.43009803630411625,0.8691300172358751,0.3596809692680836,3.609952051192522,0.0,1818.3318029623479,224.0670605096966,348.0214481242001,False,False,False,ok
BNCI2014_001,ebsw_full_bscale,ebsw,full,bscale,normalized,8,3654,455,454,500,500,2,0.00022595066821193838,0.015031655537961824,,,,8.265629043814436e-05,2.793683898093503,122.7769233819667,,499.93049011074544,0.999860980221491,,6.21453889370588,0.0021460169366676364,0.010466868222053349,0.020767321511865416,fixed_beta,0,0,106939,d7681326af96124bb85f4e32ac56c690e19221df01b9ce06bad5540bcc690ec9,three_row_sha256,,123ea5ce324bb82567913e1514a410f2bb582a6d8528a6ea98fbb2b74646f92c,a789b01b17129967eecd25421cde715dc938f6e3b95b30f735ff978f0882361e,0.3859319258481264,0.3366689197719097,0.379377044737339,1.0564089752733707,0.42508705519139767,1.6609311569482088,0.24992600083351135,4.494331078603864,0.0,1822.8261340409517,224.0670605096966,348.0214481242001,False,False,False,ok
BNCI2014_001,ebsw_full_bscale,ebsw,full,bscale,normalized,8,3654,456,455,500,500,2,0.00022498356725282538,0.014999452231759178,,,,8.231616627055333e-05,2.793683898093503,122.7769233819667,,499.92517691964764,0.9998503538392953,,6.21453361590123,0.00210144426472159,0.010458180498560283,0.020841357014984567,fixed_beta,0,0,107394,263599c8f83d01200ce21e3e3853b98327218e961f34151a80939f24af9f4dc2,three_row_sha256,,123ea5ce324bb82567913e1514a410f2bb582a6d8528a6ea98fbb2b74646f92c,a789b01b17129967eecd25421cde715dc938f6e3b95b30f735ff978f0882361e,1.0146510321646929,0.3090160898864269,0.30928105115890503,0.9874829556792974,0.4006240051239729,0.8664210326969624,0.34722802229225636,4.234704189002514,0.0,1827.0608382299542,224.0670605096966,348.0214481242001,False,False,False,ok
BNCI2014_001,ebsw_full_bscale,ebsw,full,bscale,normalized,8,3654,457,456,500,500,2,0.00022722916209487159,0.015074122266151074,,,,8.316259202113122e-05,2.793683898093503,122.7769233819667,,499.93105980060216,0.9998621196012043,,6.214539504640319,0.002132050313829616,0.010521332018166659,0.02085784377747315,fixed_beta,0,0,107850,3fd3a76f4e63be650349267562a324ef97546ef2c1bf420fac72511915a81ebb,three_row_sha256,,123ea5ce324bb82567913e1514a410f2bb582a6d8528a6ea98fbb2b74646f92c,a789b01b17129967eecd25421cde715dc938f6e3b95b30f735ff978f0882361e,0.3591550048440695,0.3438829444348812,0.30685681849718094,0.8910759352147579,0.4119731020182371,0.7381108589470387,0.5171298980712891,3.5681845620274544,0.0,1830.6290227919817,224.0670605096966,348.0214481242001,False,False,False,ok
BNCI2014_001,ebsw_full_bscale,ebsw,full,bscale,normalized,8,3654,458,457,500,500,2,0.00022936337455237507,0.015144747424515704,,,,8.334448222469693e-05,2.793683898093503,122.7769233819667,,499.9264506323215,0.9998529012646431,,6.214534936298034,0.0021403278022593055,0.010539264422162692,0.020882283825702813,fixed_beta,0,0,108307,59b31a134f72e60235a4fd1ccbe8ddc9f47e6c22a556880dbc9eaa17f007ab57,three_row_sha256,,123ea5ce324bb82567913e1514a410f2bb582a6d8528a6ea98fbb2b74646f92c,a789b01b17129967eecd25421cde715dc938f6e3b95b30f735ff978f0882361e,0.3369138576090336,0.48922281712293625,0.30982308089733124,1.153768040239811,1.5891550574451685,1.3357801362872124,0.347343971952796,5.562006961554289,0.0,1836.191029753536,224.0670605096966,348.0214481242001,False,False,False,ok
BNCI2014_001,ebsw_full_bscale,ebsw,full,bscale,normalized,8,3654,459,458,500,500,2,0.0002327483491240087,0.015256092197021119,,,,8.400053233811523e-05,2.793683898093503,122.7769233819667,,499.9310986440862,0.9998621972881724,,6.214539448423972,0.0020872329483027996,0.010409640593830663,0.02076579764682173,fixed_beta,0,0,108765,b09418cbf8da3bffbefecfe070232a61d04a5469893b1fd767009e4bcfef9d09,three_row_sha256,,123ea5ce324bb82567913e1514a410f2bb582a6d8528a6ea98fbb2b74646f92c,a789b01b17129967eecd25421cde715dc938f6e3b95b30f735ff978f0882361e,0.36398088559508324,0.32310490496456623,0.2953070215880871,0.5996979307383299,0.24516298435628414,0.6794128566980362,0.3016269765794277,2.8082935605198145,0.0,1838.9993233140558,224.0670605096966,348.0214481242001,False,False,False,ok
BNCI2014_001,ebsw_full_bscale,ebsw,full,bscale,normalized,8,3654,460,459,500,500,2,0.00023215202208200976,0.015236535763814877,,,,8.363791353977525e-05,2.793683898093503,122.7769233819667,,499.9242768679875,0.999848553735975,,6.214532808841577,0.002159408339086044,0.010524281466614563,0.020891256741204362,fixed_beta,0,0,109224,8995a26352489e978603dae6ba90a4fdf73a68c44de720ecd24a4868422e2ce8,three_row_sha256,,123ea5ce324bb82567913e1514a410f2bb582a6d8528a6ea98fbb2b74646f92c,a789b01b17129967eecd25421cde715dc938f6e3b95b30f735ff978f0882361e,0.3211991861462593,0.4972440656274557,0.2954569645226002,0.5902659613639116,0.45503699220716953,0.8211301174014807,0.3820329438894987,3.3623662311583757,0.0,1842.3616895452142,224.0670605096966,348.0214481242001,False,False,False,ok
BNCI2014_001,ebsw_full_bscale,ebsw,full,bscale,normalized,8,3654,461,460,500,500,2,0.0002288404259457321,0.015127472556436256,,,,8.313534128328445e-05,2.793683898093503,122.7769233819667,,499.92655489581887,0.9998531097916378,,6.214534928781899,0.0020889772797161306,0.010418711711079335,0.020766402561367518,fixed_beta,0,0,109684,9bea87eaba58f9e960c39825617f4dab116ec5998e5693a7b5e2aed5212988d0,three_row_sha256,,123ea5ce324bb82567913e1514a410f2bb582a6d8528a6ea98fbb2b74646f92c,a789b01b17129967eecd25421cde715dc938f6e3b95b30f735ff978f0882361e,0.2965419553220272,0.2159099094569683,1.66048901155591,1.632017083466053,0.4115679766982794,0.75112609192729,0.3586930688470602,5.326345097273588,0.0,1847.6880346424878,224.0670605096966,348.0214481242001,False,False,False,ok
BNCI2014_001,ebsw_full_bscale,ebsw,full,bscale,normalized,8,3654,462,461,500,500,2,0.00022801244509086286,0.015100080963056551,,,,8.295982528604374e-05,2.793683898093503,122.7769233819667,,499.9306597865661,0.9998613195731322,,6.214539026874419,0.0020856643032555683,0.010411969593413933,0.020744388421287608,fixed_beta,0,0,110145,52d7c9ab4e13671de3e3eafc6fd3748da8508ecdd4054c13c8a0969cf91e01c0,three_row_sha256,,123ea5ce324bb82567913e1514a410f2bb582a6d8528a6ea98fbb2b74646f92c,a789b01b17129967eecd25421cde715dc938f6e3b95b30f735ff978f0882361e,0.4131239838898182,0.5266889929771423,0.2998730633407831,0.9778400417417288,0.3254599869251251,1.949522877112031,1.068666111677885,5.561175057664514,0.0,1853.2492097001523,224.0670605096966,348.0214481242001,False,False,False,ok
BNCI2014_001,ebsw_full_bscale,ebsw,full,bscale,normalized,8,3654,463,462,500,500,2,0.00023267312758800033,0.015253626702787777,,,,8.41635469545505e-05,2.793683898093503,122.7769233819667,,499.92281461377246,0.9998456292275449,,6.214531339976958,0.0021484679170404265,0.010511342227847024,0.020916058726275596,fixed_beta,0,0,110607,034783871e8f8cbb3387ed2c5a825b5b53b53dc3adb3e517b4cf2352e33699b5,three_row_sha256,,123ea5ce324bb82567913e1514a410f2bb582a6d8528a6ea98fbb2b74646f92c,a789b01b17129967eecd25421cde715dc938f6e3b95b30f735ff978f0882361e,0.4273299127817154,0.3908970393240452,0.3015068359673023,0.8178469724953175,0.3735709469765425,1.1867738794535398,0.5468290764838457,4.044754663482308,0.0,1857.2939643636346,224.0670605096966,348.0214481242001,False,False,False,ok
BNCI2014_001,ebsw_full_bscale,ebsw,full,bscale,normalized,8,3654,464,463,500,500,2,0.00022791756376731618,0.015096938887314745,,,,8.319624009516176e-05,2.7936838980935033,122.7769233819667,,499.9275406790987,0.9998550813581973,,6.214535918758738,0.0021139410234772157,0.010425243205713931,0.020749072096475606,fixed_beta,0,0,111070,9cef3a6e444522aaad60c23817534ca954db5b45b00ee76194e7764a0a0937b4,three_row_sha256,,123ea5ce324bb82567913e1514a410f2bb582a6d8528a6ea98fbb2b74646f92c,a789b01b17129967eecd25421cde715dc938f6e3b95b30f735ff978f0882361e,0.5584850441664457,0.34571485593914986,1.6335330437868834,1.259000040590763,0.3410358913242817,0.9574289433658123,0.3365010488778353,5.431698868051171,0.0,1862.7256632316858,224.0670605096966,348.0214481242001,False,False,False,ok
BNCI2014_001,ebsw_full_bscale,ebsw,full,bscale,normalized,8,3654,465,464,500,500,2,0.00022975952117902507,0.015157820462686088,,,,8.371288308741182e-05,2.793683898093503,122.7769233819667,,499.9337190817088,0.9998674381634176,,6.214542094826725,0.0020981329265753364,0.010430060037447168,0.0207899810901686,fixed_beta,0,0,111534,ce5c1fc089f56750b51c25cc0479bfaba03031cf08e5e532fcd588642ff6e3fb,three_row_sha256,,123ea5ce324bb82567913e1514a410f2bb582a6d8528a6ea98fbb2b74646f92c,a789b01b17129967eecd25421cde715dc938f6e3b95b30f735ff978f0882361e,0.4718550480902195,0.526482006534934,0.30020507983863354,0.9858850389719009,0.6498161237686872,1.4619429130107164,0.4243878647685051,4.820574074983597,0.0,1867.5462373066694,224.0670605096966,348.0214481242001,False,False,False,ok
BNCI2014_001,ebsw_full_bscale,ebsw,full,bscale,normalized,8,3654,466,465,500,500,2,0.00023225429394747236,0.015239891533323733,,,,8.423662772187274e-05,2.793683898093503,122.7769233819667,,499.9232136655116,0.9998464273310231,,6.2145317708454595,0.002136610775179404,0.010548064774623606,0.02093079219380454,fixed_beta,0,0,111999,bc69365357444af37657a526069cc040edb99ec0a97860d41441e1c4a512081d,three_row_sha256,,123ea5ce324bb82567913e1514a410f2bb582a6d8528a6ea98fbb2b74646f92c,a789b01b17129967eecd25421cde715dc938f6e3b95b30f735ff978f0882361e,0.3824681043624878,0.3023280296474695,0.30585983768105507,0.9701570961624384,0.40328199975192547,0.6493849214166403,0.5457310471683741,3.5592110361903906,0.0,1871.1054483428597,224.0670605096966,348.0214481242001,False,False,False,ok
BNCI2014_001,ebsw_full_bscale,ebsw,full,bscale,normalized,8,3654,467,466,500,500,2,0.0002362180552435323,0.01536938695080361,,,,8.446407768585038e-05,2.793683898093503,122.7769233819667,,499.911029983916,0.999822059967832,,6.214519650723007,0.0021224049261203584,0.01054286071433309,0.020993109442134207,fixed_beta,0,0,112465,fa99fe94c04a9ac2234a2d32efc92310a78ac42e6e9abb07e8059f8665af9e0b,three_row_sha256,,123ea5ce324bb82567913e1514a410f2bb582a6d8528a6ea98fbb2b74646f92c,a789b01b17129967eecd25421cde715dc938f6e3b95b30f735ff978f0882361e,1.590905012562871,0.39378716610372066,0.9125489741563797,0.7973110768944025,0.321598956361413,1.1285259388387203,0.539042055606842,5.683719180524349,0.0,1876.789167523384,224.0670605096966,348.0214481242001,False,False,False,ok
BNCI2014_001,ebsw_full_bscale,ebsw,full,bscale,normalized,8,3654,468,467,500,500,2,0.00022384545961603647,0.014961465824445026,,,,8.289638828317208e-05,2.793683898093503,122.7769233819667,,499.9304964730297,0.9998609929460593,,6.214538884827642,0.0020996124649024653,0.010439238692668718,0.02080374904711406,fixed_beta,0,0,112932,e86e58e1e5cf0c74af95261bf97383abefb1f453a730a3aad0efd3058c49babd,three_row_sha256,,123ea5ce324bb82567913e1514a410f2bb582a6d8528a6ea98fbb2b74646f92c,a789b01b17129967eecd25421cde715dc938f6e3b95b30f735ff978f0882361e,0.5659779999405146,0.5132150836288929,0.29937014915049076,1.139489933848381,0.5039239767938852,0.5917961243540049,0.4174020141363144,4.031175281852484,0.0,1880.8203428052366,224.0670605096966,348.0214481242001,False,False,False,ok
BNCI2014_001,ebsw_full_bscale,ebsw,full,bscale,normalized,8,3654,469,468,500,500,2,0.0002340669937902625,0.015299248144607057,,,,8.451005552741691e-05,2.793683898093503,122.7769233819667,,499.92607410190664,0.9998521482038133,,6.214534519456095,0.0021107307515311692,0.010483488433566841,0.020833191949319065,fixed_beta,0,0,113400,89f2997d86876e57561bf5a27bc081ed9cfab42fecf6554e48f5481a7a0c82ee,three_row_sha256,,123ea5ce324bb82567913e1514a410f2bb582a6d8528a6ea98fbb2b74646f92c,a789b01b17129967eecd25421cde715dc938f6e3b95b30f735ff978f0882361e,0.3997290041297674,0.3327310550957918,0.2965419553220272,0.967174069955945,0.6368928588926792,1.094386214390397,1.7969519831240177,5.5244071409106255,0.0,1886.3447499461472,224.0670605096966,348.0214481242001,False,False,False,ok
BNCI2014_001,ebsw_full_bscale,ebsw,full,bscale,normalized,8,3654,470,469,500,500,2,0.00023233646164173645,0.015242587104613719,,,,8.424455267097195e-05,2.793683898093503,122.7769233819667,,499.9210929613921,0.9998421859227842,,6.214529571565846,0.0021287343566223998,0.010505563907418719,0.020865820049804508,fixed_beta,0,0,113869,c255b1484d55033af275934997990834ff33fd5cbb1677f48f943bb78ad9425a,three_row_sha256,,123ea5ce324bb82567913e1514a410f2bb582a6d8528a6ea98fbb2b74646f92c,a789b01b17129967eecd25421cde715dc938f6e3b95b30f735ff978f0882361e,0.43343682773411274,0.38643181324005127,0.2993931993842125,0.8098192047327757,0.3197991754859686,1.0964821558445692,0.4962671082466841,3.841629484668374,0.0,1890.1863794308156,224.0670605096966,348.0214481242001,False,False,False,ok
BNCI2014_001,ebsw_full_bscale,ebsw,full,bscale,normalized,8,3654,471,470,500,500,2,0.00022989489889891122,0.015162285411471162,,,,8.368551526352009e-05,2.793683898093503,122.7769233819667,,499.9223045003535,0.999844609000707,,6.214530923743551,0.002167256972723423,0.010589613988629693,0.020964718373966608,fixed_beta,0,0,114339,c241990ff7111e6512d20009e7f1f4a85d08d2b2d2fa41815ac727c458a42bd3,three_row_sha256,,123ea5ce324bb82567913e1514a410f2bb582a6d8528a6ea98fbb2b74646f92c,a789b01b17129967eecd25421cde715dc938f6e3b95b30f735ff978f0882361e,0.42747706174850464,0.5251870024949312,0.2962190192192793,1.9855629652738571,0.9989449754357338,1.16833602078259,0.31736004166305065,5.719087086617947,0.0,1895.9054665174335,224.0670605096966,348.0214481242001,False,False,False,ok
BNCI2014_001,ebsw_full_bscale,ebsw,full,bscale,normalized,8,3654,472,471,500,500,2,0.00022973063479352453,0.015156867578544207,,,,8.344486914824485e-05,2.793683898093503,122.7769233819667,,499.9262788724693,0.9998525577449386,,6.214534687933361,0.0021144352218522735,0.010472093841784078,0.020836418634078306,fixed_beta,0,0,114810,be7aa9c7734a40e5322941f0840fbdb048df96ce39847cf0becc7c1e6e240e18,three_row_sha256,,123ea5ce324bb82567913e1514a410f2bb582a6d8528a6ea98fbb2b74646f92c,a789b01b17129967eecd25421cde715dc938f6e3b95b30f735ff978f0882361e,0.5558941047638655,0.39435597136616707,0.4124860279262066,1.1493691708892584,0.481537077575922,1.202364917844534,0.34188805148005486,4.537895321846008,0.0,1900.4433618392795,224.0670605096966,348.0214481242001,False,False,False,ok
BNCI2014_001,ebsw_full_bscale,ebsw,full,bscale,normalized,8,3654,473,472,500,500,2,0.00022974372372575624,0.015157299354626346,,,,8.367187595294584e-05,2.793683898093503,122.7769233819667,,499.9191958324551,0.9998383916649102,,6.2145278326357785,0.0021974286676292153,0.010525468273622066,0.020861077095109242,fixed_beta,0,0,115282,e1880e5a3816deaaef417e3453bd28371ea2072cf3f495bd0f70221ff6d5525a,three_row_sha256,,123ea5ce324bb82567913e1514a410f2bb582a6d8528a6ea98fbb2b74646f92c,a789b01b17129967eecd25421cde715dc938f6e3b95b30f735ff978f0882361e,0.3593189176172018,0.32157800160348415,0.30010007321834564,0.7719940040260553,0.45023905113339424,0.752969877794385,0.33772201277315617,3.2939219381660223,0.0,1903.7372837774456,224.0670605096966,348.0214481242001,False,False,False,ok
BNCI2014_001,ebsw_full_bscale,ebsw,full,bscale,normalized,8,3654,474,473,500,500,2,0.0002304758796330675,0.015181432067926513,,,,8.40454465587859e-05,2.793683898093503,122.7769233819667,,499.9274239067597,0.9998548478135194,,6.214535985934181,0.002171835865539634,0.01055507260673606,0.020877543317726913,fixed_beta,0,0,115755,d4f0ff5a7981c1189779ad0b5bf0dd729635fe03a343bfe570291182605b6bb0,three_row_sha256,,123ea5ce324bb82567913e1514a410f2bb582a6d8528a6ea98fbb2b74646f92c,a789b01b17129967eecd25421cde715dc938f6e3b95b30f735ff978f0882361e,0.546610914170742,0.38578780367970467,0.40807505138218403,1.1558488477021456,0.4645129665732384,1.1400631628930569,0.9729228913784027,5.073821637779474,0.0,1908.811105415225,224.0670605096966,348.0214481242001,False,False,False,ok
BNCI2014_001,ebsw_full_bscale,ebsw,full,bscale,normalized,8,3654,475,474,500,500,2,0.00023506317408391925,0.015331770089716297,5.939040419362704,0.5782423041303083,42.17576958696917,8.483691456546963e-05,2.793683898093503,122.7769233819667,,499.90784748140254,0.9998156949628051,,6.214516479802731,0.002143907588029905,0.010537910756155209,0.02093629836551586,fixed_beta,0,0,116229,baea19fb2665516b905001be1f7bdc8346fcfce6906602894480d6048d5b4473,three_row_sha256,,123ea5ce324bb82567913e1514a410f2bb582a6d8528a6ea98fbb2b74646f92c,a789b01b17129967eecd25421cde715dc938f6e3b95b30f735ff978f0882361e,0.3575710579752922,0.3219230566173792,0.297880033031106,0.7636621594429016,0.3861121367663145,0.8487440645694733,0.35043107345700264,3.3263235818594694,12.801422039046884,1912.1374289970845,236.8684825487435,348.0214481242001,False,False,False,ok
BNCI2014_001,ebsw_full_bscale,ebsw,full,bscale,normalized,8,3654,476,475,500,500,2,0.00022449930735038914,0.014983300949736982,,,,8.226072820795501e-05,2.793683898093503,122.7769233819667,,499.9315262529879,0.9998630525059758,,6.214539923903249,0.002103619191277934,0.010471508351982212,0.020818307224063668,fixed_beta,0,0,116704,4d0c110c232410dc14aee36ead75d72f7184bef76101b3b318fbf2103d144b8f,three_row_sha256,,123ea5ce324bb82567913e1514a410f2bb582a6d8528a6ea98fbb2b74646f92c,a789b01b17129967eecd25421cde715dc938f6e3b95b30f735ff978f0882361e,0.3729758318513632,0.34382613375782967,0.32773707062005997,0.8943148422986269,0.39381301030516624,0.7070379797369242,0.34671882167458534,3.3864236902445555,0.0,1915.523852687329,236.8684825487435,348.0214481242001,False,False,False,ok
BNCI2014_001,ebsw_full_bscale,ebsw,full,bscale,normalized,8,3654,477,476,500,500,2,0.00022976496734040464,0.015158000110186193,,,,8.381167152381244e-05,2.793683898093503,122.7769233819667,,499.9212135016944,0.9998424270033889,,6.214529734743915,0.0021744448534799783,0.010483190579479763,0.02082023246019444,fixed_beta,0,0,117180,0500e4945b9b49f10c5ded583d0bffcb7502f62c17af9b0848d663463fc0c456,three_row_sha256,,123ea5ce324bb82567913e1514a410f2bb582a6d8528a6ea98fbb2b74646f92c,a789b01b17129967eecd25421cde715dc938f6e3b95b30f735ff978f0882361e,0.28523500077426434,0.3657520283013582,0.30435691587626934,1.04279606603086,0.4733279347419739,0.777294859290123,0.9187657851725817,4.16752859018743,0.0,1919.6913812775165,236.8684825487435,348.0214481242001,False,False,False,ok
BNCI2014_001,ebsw_full_bscale,ebsw,full,bscale,normalized,8,3654,478,477,500,500,2,0.00023171817803145796,0.015222292141180906,,,,8.358803305096842e-05,2.793683898093503,122.7769233819667,,499.92627192259727,0.9998525438451945,,6.214534748223574,0.0021508006832469053,0.010479862628656883,0.020828588966468446,fixed_beta,0,0,117657,07438aeaa0a0e5e1810281c1fe36c52d2eb2f999f1a87f71990ee36e3fb35ae0,three_row_sha256,,123ea5ce324bb82567913e1514a410f2bb582a6d8528a6ea98fbb2b74646f92c,a789b01b17129967eecd25421cde715dc938f6e3b95b30f735ff978f0882361e,0.3201800864189863,0.2065841108560562,0.2237800508737564,0.7949599530547857,0.31628902070224285,0.9047421626746655,0.35406206734478474,3.1205974519252777,0.0,1922.8119787294418,236.8684825487435,348.0214481242001,False,False,False,ok
BNCI2014_001,ebsw_full_bscale,ebsw,full,bscale,normalized,8,3654,479,478,500,500,2,0.00022174541924306295,0.014891118804276023,,,,8.176797287860959e-05,2.7936838980935033,122.7769233819667,,499.9357386272089,0.9998714772544178,,6.214544198610971,0.002168366124229049,0.010484401728708691,0.020792358582600156,fixed_beta,0,0,118135,645c26c0dfd6584f4ad6071063067f3846ef5783f00387ae7e9d8ab3623ede7b,three_row_sha256,,123ea5ce324bb82567913e1514a410f2bb582a6d8528a6ea98fbb2b74646f92c,a789b01b17129967eecd25421cde715dc938f6e3b95b30f735ff978f0882361e,0.34739403054118156,0.3266558051109314,0.29757688753306866,0.7775770500302315,0.46820519492030144,0.72694499976933,0.40999893099069595,3.3543528988957405,0.0,1926.1663316283375,236.8684825487435,348.0214481242001,False,False,False,ok
BNCI2014_001,ebsw_full_bscale,ebsw,full,bscale,normalized,8,3654,480,479,500,500,2,0.00023243009835678745,0.015245658344485732,,,,8.369451987847366e-05,2.793683898093503,122.7769233819667,,499.9303152649918,0.9998606305299836,,6.214538722980281,0.002126942401397617,0.01047227428187601,0.02079605969444364,fixed_beta,0,0,118614,1fbe2837dca7fba1242fe14f53dc9b0a64ec223d11fc5bd7c7052e6be8779de2,three_row_sha256,,123ea5ce324bb82567913e1514a410f2bb582a6d8528a6ea98fbb2b74646f92c,a789b01b17129967eecd25421cde715dc938f6e3b95b30f735ff978f0882361e,0.3582402132451534,0.39066001772880554,0.4149111919105053,1.1594141833484173,0.4681588616222143,1.041534123942256,0.22819987498223782,4.06111846677959,0.0,1930.227450095117,236.8684825487435,348.0214481242001,False,False,False,ok
BNCI2014_001,ebsw_full_bscale,ebsw,full,bscale,normalized,8,3654,481,480,500,500,2,0.0002287594810813406,0.015124796893887224,,,,8.340497606311354e-05,2.793683898093503,122.7769233819667,,499.93624507449505,0.9998724901489902,,6.214544560264875,0.0020933259704973193,0.010395792365458446,0.020726962936813025,fixed_beta,0,0,119094,4a60f82f20da51cb3acebe4717cf0dfd5a6dde2bb43ea51f756a21e3a15947a6,three_row_sha256,,123ea5ce324bb82567913e1514a410f2bb582a6d8528a6ea98fbb2b74646f92c,a789b01b17129967eecd25421cde715dc938f6e3b95b30f735ff978f0882361e,0.4268670454621315,0.39438088424503803,0.30059018172323704,0.8009658195078373,0.3240781370550394,0.7276579272001982,0.5540428683161736,3.528582863509655,0.0,1933.7560329586267,236.8684825487435,348.0214481242001,False,False,False,ok
BNCI2014_001,ebsw_full_bscale,ebsw,full,bscale,normalized,8,3654,482,481,500,500,2,0.00023024427183233775,0.015173802154777746,,,,8.342459913852844e-05,2.793683898093503,122.7769233819667,,499.92496052455425,0.9998499210491085,,6.214533319192668,0.002090065741412493,0.010405982904280915,0.020724975220031965,fixed_beta,0,0,119575,7d37e6c9fcb4aa40594543427aa3979bc5bb0093f277d45e23fe6f27d2d3b227,three_row_sha256,,123ea5ce324bb82567913e1514a410f2bb582a6d8528a6ea98fbb2b74646f92c,a789b01b17129967eecd25421cde715dc938f6e3b95b30f735ff978f0882361e,0.7995779160410166,0.48784399405121803,0.31319400295615196,0.6268369033932686,0.4900209605693817,0.7197509985417128,0.4512618761509657,3.8884866517037153,0.0,1937.6445196103305,236.8684825487435,348.0214481242001,False,False,False,ok
BNCI2014_001,ebsw_full_bscale,ebsw,full,bscale,normalized,8,3654,483,482,500,500,2,0.00022875141017059168,0.01512453008098406,,,,8.305710704302746e-05,2.793683898093503,122.7769233819667,,499.9240727783649,0.9998481455567299,,6.214532561911446,0.0021192100811089497,0.01051384436747052,0.020885897464890092,fixed_beta,0,0,120057,fd03b356248c25b2c7f52c8ba574efdebdf1881673338234b6c5022caf8046b2,three_row_sha256,,123ea5ce324bb82567913e1514a410f2bb582a6d8528a6ea98fbb2b74646f92c,a789b01b17129967eecd25421cde715dc938f6e3b95b30f735ff978f0882361e,0.22446410730481148,0.3913349937647581,0.28676586225628853,0.60514104552567,0.33811689354479313,0.8410359732806683,0.41187996976077557,3.098738845437765,0.0,1940.7432584557682,236.8684825487435,348.0214481242001,False,False,False,ok
BNCI2014_001,ebsw_full_bscale,ebsw,full,bscale,normalized,8,3654,484,483,500,500,2,0.00023411748635959856,0.015300898220679678,,,,8.427558965477602e-05,2.793683898093503,122.7769233819667,,499.9233946972415,0.999846789394483,,6.214531855924368,0.0021311121207648193,0.010484746387235913,0.02085815339286297,fixed_beta,0,0,120540,95a3e11e34285620961aea5cfd60d85e01a7e4f48ff6eae1f8297b7e283d93cc,three_row_sha256,,123ea5ce324bb82567913e1514a410f2bb582a6d8528a6ea98fbb2b74646f92c,a789b01b17129967eecd25421cde715dc938f6e3b95b30f735ff978f0882361e,0.26161293499171734,0.4031769931316376,0.33224886283278465,0.7254879456013441,0.4995758645236492,0.9115070570260286,0.14808191917836666,3.281691577285528,0.0,1944.0249500330538,236.8684825487435,348.0214481242001,False,False,False,ok
BNCI2014_001,ebsw_full_bscale,ebsw,full,bscale,normalized,8,3654,485,484,500,500,2,0.00023003908728906196,0.015167039503115364,,,,8.383186205013313e-05,2.793683898093503,122.7769233819667,,499.9300196642679,0.9998600393285358,,6.214538395750623,0.002110686392823991,0.010429233745273374,0.020788015012482237,fixed_beta,0,0,121024,c073b77a12e4d3c0cf77e89e008faa20376b42d114212314df29c6c0b99047f1,three_row_sha256,,123ea5ce324bb82567913e1514a410f2bb582a6d8528a6ea98fbb2b74646f92c,a789b01b17129967eecd25421cde715dc938f6e3b95b30f735ff978f0882361e,0.2140561118721962,0.3905738703906536,0.2934499643743038,0.563587062060833,0.3755921497941017,1.0426470544189215,0.3992288839071989,3.2791350968182087,0.0,1947.304085129872,236.8684825487435,348.0214481242001,False,False,False,ok
BNCI2014_001,ebsw_full_bscale,ebsw,full,bscale,normalized,8,3654,486,485,500,500,2,0.0002272356280388772,0.015074336736283863,,,,8.281095627986474e-05,2.793683898093503,122.7769233819667,,499.93067459751137,0.9998613491950228,,6.214539085756174,0.0021242005161492433,0.01046428313203362,0.020795333639117744,fixed_beta,0,0,121509,00095f07afde3829301d246161c3186faec9c72f5d7902552af4fa7b26440f60,three_row_sha256,,123ea5ce324bb82567913e1514a410f2bb582a6d8528a6ea98fbb2b74646f92c,a789b01b17129967eecd25421cde715dc938f6e3b95b30f735ff978f0882361e,0.3536979202181101,0.4363090265542269,0.39998884312808514,0.7407779339700937,0.4815279971808195,1.6234209761023521,0.4319848958402872,4.467707592993975,0.0,1951.771792722866,236.8684825487435,348.0214481242001,False,False,False,ok
BNCI2014_001,ebsw_full_bscale,ebsw,full,bscale,normalized,8,3654,487,486,500,500,2,0.00022790153172409238,0.015096407907979049,,,,8.286836101999201e-05,2.793683898093503,122.7769233819667,,499.9227230472982,0.9998454460945964,,6.214531251341201,0.0021242797575232904,0.010513593646888662,0.02090452445574991,fixed_beta,0,0,121995,d4fe85c1120cfd465273a1728dbb94ba3de7c5ed03deffadc7dba694fad0b013,three_row_sha256,,123ea5ce324bb82567913e1514a410f2bb582a6d8528a6ea98fbb2b74646f92c,a789b01b17129967eecd25421cde715dc938f6e3b95b30f735ff978f0882361e,0.21423911675810814,0.39590708911418915,0.2904150169342756,0.5728080868721008,0.22074393928050995,0.8481880649924278,0.5348920822143555,3.077193396165967,0.0,1954.848986119032,236.8684825487435,348.0214481242001,False,False,False,ok
BNCI2014_001,ebsw_full_bscale,ebsw,full,bscale,normalized,8,3654,488,487,500,500,2,0.00023535493517226234,0.015341282057646366,,,,8.438287692236084e-05,2.793683898093503,122.7769233819667,,499.91835826802014,0.9998367165360403,,6.214527063254311,0.00218779183104885,0.010621452617408406,0.020962242304323687,fixed_beta,0,0,122482,d54aeae87e15251a2f7b8376de5aa58cbf8ad0273d3b5bb59011c6cfaa2c3582,three_row_sha256,,123ea5ce324bb82567913e1514a410f2bb582a6d8528a6ea98fbb2b74646f92c,a789b01b17129967eecd25421cde715dc938f6e3b95b30f735ff978f0882361e,0.34163380041718483,0.4964210093021393,0.2914678771048784,0.5873390473425388,0.44167391024529934,0.5862279795110226,0.4266039468348026,3.171367570757866,0.0,1958.0203536897898,236.8684825487435,348.0214481242001,False,False,False,ok
BNCI2014_001,ebsw_full_bscale,ebsw,full,bscale,normalized,8,3654,489,488,500,500,2,0.0002287133847163586,0.01512327294987294,,,,8.353036476523075e-05,2.793683898093503,122.7769233819667,,499.93742847305253,0.9998748569461051,,6.214545725306543,0.0020881933100586653,0.010391650363918911,0.02071566583959822,fixed_beta,0,0,122970,79c0f5b8667782940b28025b1a29ac69d21fc524830d3981f0398c2fcaaa6af5,three_row_sha256,,123ea5ce324bb82567913e1514a410f2bb582a6d8528a6ea98fbb2b74646f92c,a789b01b17129967eecd25421cde715dc938f6e3b95b30f735ff978f0882361e,0.2188000362366438,0.3125120420008898,0.20937109366059303,0.5633190739899874,0.4771000239998102,1.109106931835413,0.42104185558855534,3.3112510573118925,0.0,1961.3316047471017,236.8684825487435,348.0214481242001,False,False,False,ok
BNCI2014_001,ebsw_full_bscale,ebsw,full,bscale,normalized,8,3654,490,489,500,500,2,0.0002224268504974305,0.014913981711717046,,,,8.19534786354295e-05,2.793683898093503,122.7769233819667,,499.9267409610906,0.9998534819221813,,6.2145352168740065,0.0021278611365432376,0.010527116835187905,0.02089267561852374,fixed_beta,0,0,123459,1f4e9b38f5e0e8ac3951ad215d2c001102b8e730c9393f443236588081b4d8d1,three_row_sha256,,123ea5ce324bb82567913e1514a410f2bb582a6d8528a6ea98fbb2b74646f92c,a789b01b17129967eecd25421cde715dc938f6e3b95b30f735ff978f0882361e,0.24627498351037502,1.0060148779302835,0.36835414357483387,0.6173159927129745,0.3301999531686306,1.0107201524078846,0.35511795431375504,3.933998057618737,0.0,1965.2656028047204,236.8684825487435,348.0214481242001,False,False,False,ok
BNCI2014_001,ebsw_full_bscale,ebsw,full,bscale,normalized,8,3654,491,490,500,500,2,0.0002307182062472911,0.015189410990795234,,,,8.373627393576493e-05,2.7936838980935033,122.7769233819667,,499.92706699413776,0.9998541339882755,,6.214535485171905,0.00210569886831323,0.010484225508456036,0.02081275246607328,fixed_beta,0,0,123949,766116344e558de04766c6d24ef5985cedba6fb2d3f6f93a11d714c9b7197460,three_row_sha256,,123ea5ce324bb82567913e1514a410f2bb582a6d8528a6ea98fbb2b74646f92c,a789b01b17129967eecd25421cde715dc938f6e3b95b30f735ff978f0882361e,0.22550392895936966,0.5317791365087032,0.30399695970118046,0.6015379913151264,0.5013309419155121,1.8941450398415327,0.3176480531692505,4.375942051410675,0.0,1969.641544856131,236.8684825487435,348.0214481242001,False,False,False,ok
BNCI2014_001,ebsw_full_bscale,ebsw,full,bscale,normalized,8,3654,492,491,500,500,2,0.00022987621995447947,0.015161669431645035,,,,8.32317749711231e-05,2.793683898093503,122.7769233819667,,499.91988436928614,0.9998397687385723,,6.214528511525645,0.0021713952801825664,0.010580102851416903,0.020966790480385432,fixed_beta,0,0,124440,7e75ef483ce2b3dc7c8b4ab786470ac25042f51ed95e534b6c111c9b0a28264f,three_row_sha256,,123ea5ce324bb82567913e1514a410f2bb582a6d8528a6ea98fbb2b74646f92c,a789b01b17129967eecd25421cde715dc938f6e3b95b30f735ff978f0882361e,0.2530019264668226,0.3506080247461796,0.33090985380113125,0.6166300736367702,0.33284095115959644,0.867932103574276,0.5261199548840523,3.2780428882688284,0.0,1972.9195877444,236.8684825487435,348.0214481242001,False,False,False,ok
BNCI2014_001,ebsw_full_bscale,ebsw,full,bscale,normalized,8,3654,493,492,500,500,2,0.00022323450089375166,0.014941034130666848,,,,8.218833978070083e-05,2.793683898093503,122.7769233819667,,499.9341884982288,0.9998683769964577,,6.214542648327443,0.002138340929934442,0.01048208170648264,0.02078679370489779,fixed_beta,0,0,124932,6e75b5cf74b71464ab765e6f8235669910d6328a450315102160b953c3c3930a,three_row_sha256,,123ea5ce324bb82567913e1514a410f2bb582a6d8528a6ea98fbb2b74646f92c,a789b01b17129967eecd25421cde715dc938f6e3b95b30f735ff978f0882361e,0.2327898982912302,0.45757810585200787,0.2939680125564337,0.6260490044951439,0.4902209620922804,1.1687809601426125,0.4326400812715292,3.7020270247012377,0.0,1976.6216147691011,236.8684825487435,348.0214481242001,False,False,False,ok
BNCI2014_001,ebsw_full_bscale,ebsw,full,bscale,normalized,8,3654,494,493,500,500,2,0.0002312862351991751,0.015208097685087872,,,,8.344463447138749e-05,2.793683898093503,122.7769233819667,,499.9324610734968,0.9998649221469936,,6.214540793119234,0.0021036932834908656,0.010413745249818942,0.02072961114370047,fixed_beta,0,0,125425,6bca68789b11790454e9b00f60469dc324bc59d38418254c2e32f4d3a125bda3,three_row_sha256,,123ea5ce324bb82567913e1514a410f2bb582a6d8528a6ea98fbb2b74646f92c,a789b01b17129967eecd25421cde715dc938f6e3b95b30f735ff978f0882361e,0.21173502318561077,0.30725402757525444,0.20811008289456367,0.5375458858907223,0.2519921399652958,0.8839811198413372,0.5477028898894787,2.948321169242263,0.0,1979.5699359383434,236.8684825487435,348.0214481242001,False,False,False,ok
BNCI2014_001,ebsw_full_bscale,ebsw,full,bscale,normalized,8,3654,495,494,500,500,2,0.00022519951223635423,0.015006648934267577,,,,8.279415907603829e-05,2.7936838980935024,122.7769233819667,,499.9262249899753,0.9998524499799506,,6.214534728420283,0.002158002401680435,0.010483062499609435,0.020833165641784737,fixed_beta,0,0,125919,a23d1bc82d690260b6453f8430c237036fc0e487941dac3d489fbe24aced5296,three_row_sha256,,123ea5ce324bb82567913e1514a410f2bb582a6d8528a6ea98fbb2b74646f92c,a789b01b17129967eecd25421cde715dc938f6e3b95b30f735ff978f0882361e,0.2279439941048622,1.6321239527314901,0.3127139061689377,0.57377596385777,0.27343491092324257,0.9352418128401041,0.4174520727247,4.372686613351107,0.0,1983.9426225516945,236.8684825487435,348.0214481242001,False,False,False,ok
BNCI2014_001,ebsw_full_bscale,ebsw,full,bscale,normalized,8,3654,496,495,500,500,2,0.00022924945633903514,0.015140985976449325,,,,8.347687649395387e-05,2.793683898093503,122.7769233819667,,499.9157898242985,0.999831579648597,,6.214524380908745,0.0021360641776747053,0.010557868314721443,0.02093539954551294,fixed_beta,0,0,126414,cc7426fe6c1ae41a2727825feb611c8a636f61bbdc0463d137f11bcd1605bf1f,three_row_sha256,,123ea5ce324bb82567913e1514a410f2bb582a6d8528a6ea98fbb2b74646f92c,a789b01b17129967eecd25421cde715dc938f6e3b95b30f735ff978f0882361e,0.2580350264906883,0.3368810284882784,0.290140975266695,0.5677610170096159,0.4658978432416916,0.9055009577423334,0.5510740447789431,3.3752908930182457,0.0,1987.3179134447128,236.8684825487435,348.0214481242001,False,False,False,ok
BNCI2014_001,ebsw_full_bscale,ebsw,full,bscale,normalized,8,3654,497,496,500,500,2,0.0002234803044309797,0.014949257654846266,,,,8.216648681198871e-05,2.793683898093503,122.7769233819667,,499.93511965919276,0.9998702393183856,,6.214543424951351,0.002101517081023846,0.010413750005405235,0.020720216484677846,fixed_beta,0,0,126910,8aade1ccbab5de8c0862b0fd1f297eccffa5429c8beca5db4c8ea64317eee528,three_row_sha256,,123ea5ce324bb82567913e1514a410f2bb582a6d8528a6ea98fbb2b74646f92c,a789b01b17129967eecd25421cde715dc938f6e3b95b30f735ff978f0882361e,0.3228778950870037,0.36816997453570366,1.5856879763305187,0.5784770473837852,0.9896669071167707,0.9283069521188736,0.27734809555113316,5.050534848123789,0.0,1992.3684482928365,236.8684825487435,348.0214481242001,False,False,False,ok
BNCI2014_001,ebsw_full_bscale,ebsw,full,bscale,normalized,8,3654,498,497,500,500,2,0.00022074155942219205,0.014857373907329385,,,,8.19256989181247e-05,2.793683898093503,122.7769233819667,,499.93105391223736,0.9998621078244747,,6.2145394722021745,0.0021111020734406205,0.010465761946221659,0.020821498835570395,fixed_beta,0,0,127407,356494665cf27872fe288930a558ab68777675fe2286aebb9571433a8270f3cd,three_row_sha256,,123ea5ce324bb82567913e1514a410f2bb582a6d8528a6ea98fbb2b74646f92c,a789b01b17129967eecd25421cde715dc938f6e3b95b30f735ff978f0882361e,0.20674499683082104,0.5307861138135195,0.29224203899502754,0.7040158379822969,0.38400711491703987,0.9011731017380953,1.785061089321971,4.804030293598771,0.0,1997.1724785864353,236.8684825487435,348.0214481242001,False,False,False,ok
BNCI2014_001,ebsw_full_bscale,ebsw,full,bscale,normalized,8,3654,499,498,500,500,2,0.0002258856681799577,0.015029493277551233,,,,8.279171951547025e-05,2.7936838980935024,122.7769233819667,,499.93613076265035,0.9998722615253007,,6.214544407315984,0.0020898846889845983,0.010373247465465163,0.02064659502370094,fixed_beta,0,0,127905,880f7036904e38e73b8b5d9948c0e2e40abc9988f874fc13ed908e3bb0263b9d,three_row_sha256,,123ea5ce324bb82567913e1514a410f2bb582a6d8528a6ea98fbb2b74646f92c,a789b01b17129967eecd25421cde715dc938f6e3b95b30f735ff978f0882361e,0.20309886895120144,0.355294905602932,0.33349101431667805,0.6033340469002724,0.3382700961083174,0.8859520312398672,0.3833731170743704,3.102814080193639,0.0,2000.275292666629,236.8684825487435,348.0214481242001,False,False,False,ok
BNCI2014_001,ebsw_full_bscale,ebsw,full,bscale,normalized,8,3654,500,499,500,500,2,0.00023492879076138023,0.015327386951511998,5.883739523969702,0.5728580475981815,42.71419524018185,8.44693840321367e-05,2.793683898093503,122.7769233819667,,499.9277046956448,0.9998554093912897,,6.214536076336241,0.0020983419679372712,0.010430011265009776,0.020773392914429194,fixed_beta,0,0,128404,b738e0f53919e12a01b6121b7f19b3f38c81dda526c5d72e9338a3d20463c860,three_row_sha256,,123ea5ce324bb82567913e1514a410f2bb582a6d8528a6ea98fbb2b74646f92c,a789b01b17129967eecd25421cde715dc938f6e3b95b30f735ff978f0882361e,0.2381601370871067,0.5278871394693851,0.3055089619010687,0.5964008159935474,0.5039800889790058,1.6635251231491566,0.41134306229650974,4.24680532887578,11.56615000218153,2004.5220979955047,248.43463255092502,348.0214481242001,False,False,False,ok
