dataset,subject,seed,control,method,family,L,epoch,direction_seed,training_power_loss,rooted_distance,lew,gap_closure_pct,gradient_norm,update_norm,mean_h,std_h,max_h,entropy,kl_uniform,ess,beta_star,achieved_kl,active_tail_count,aggregation_seconds,optimization_seconds_cum,evaluation_seconds_cum,wall_seconds_cum,cumulative_ambient_projections,learning_rate,normalized_step_target,nan,diverged,status
Schirrmeister2017,14,6398,common_lr10000,cvar_a0p5,cvar,40,0,6398,,,490.24539687239565,0.0,,,,,,,,,,,,0.0,0.0,0.036423223093152046,0.0,0,10000.0,7.3473173386245945,False,False,initial
Schirrmeister2017,14,6398,common_lr10000,cvar_a0p5,cvar,40,1,6398,0.09582421937939996,0.30955487296988227,,,0.004730402346521113,47.30402346521113,0.05364535489445735,0.0627140092904921,0.28019364251720075,2.9957322735539913,0.6931471805599454,20.0,,,20.0,0.0004011669661849737,0.003763861022889614,0.036423223093152046,0.003763861022889614,40,10000.0,7.3473173386245945,False,False,exact_cap
Schirrmeister2017,14,6398,common_lr10000,cvar_a0p5,cvar,40,2,6399,0.06487651474880254,0.2547086860489892,,,0.0038690514408765567,38.690514408765566,0.03702999867974173,0.04036267150609129,0.15043408736377317,2.9957322735539913,0.6931471805599454,19.999999999999996,,,20.0,0.000392664922401309,0.006970555987209082,0.036423223093152046,0.006970555987209082,80,10000.0,7.3473173386245945,False,False,exact_cap
Schirrmeister2017,14,6398,common_lr10000,cvar_a0p5,cvar,40,3,6401,0.08248365863728026,0.28719968425692993,,,0.004306209865863548,43.062098658635485,0.04518742559940552,0.056396125842865984,0.20776143052873616,2.9957322735539913,0.6931471805599454,19.999999999999996,,,20.0,0.00036757695488631725,0.010083185974508524,0.036423223093152046,0.010083185974508524,120,10000.0,7.3473173386245945,False,False,exact_cap
Schirrmeister2017,14,6398,common_lr10000,cvar_a0p5,cvar,40,4,6404,0.06611018754747516,0.25711901436392287,,,0.0038347374754149175,38.34737475414917,0.037079452128654454,0.042877346785110265,0.207723268160243,2.9957322735539913,0.6931471805599454,20.0,,,20.0,0.00035497196950018406,0.013219323940575123,0.036423223093152046,0.013219323940575123,160,10000.0,7.3473173386245945,False,False,exact_cap
Schirrmeister2017,14,6398,common_lr10000,cvar_a0p5,cvar,40,5,6408,0.0823536778218166,0.28697330506828783,,,0.00440935533958051,44.0935533958051,0.044530918940943846,0.062009590903193586,0.2909517874105555,2.9957322735539913,0.6931471805599454,20.0,,,20.0,0.00035854498855769634,0.01637322991155088,0.036423223093152046,0.01637322991155088,200,10000.0,7.3473173386245945,False,False,exact_cap
Schirrmeister2017,14,6398,common_lr10000,cvar_a0p5,cvar,40,6,6413,0.05761875782497544,0.24003907562098184,,,0.003613680557265242,36.13680557265242,0.032220412221483086,0.04342865146413713,0.20789984599118272,2.9957322735539913,0.6931471805599454,19.999999999999996,,,20.0,0.00034739519469439983,0.019453147891908884,0.036423223093152046,0.019453147891908884,240,10000.0,7.3473173386245945,False,False,exact_cap
Schirrmeister2017,14,6398,common_lr10000,cvar_a0p5,cvar,40,7,6419,0.057286367837420096,0.2393457077898413,,,0.0036391834673182915,36.39183467318291,0.031090529592642704,0.044237563555251644,0.19565971126359216,2.9957322735539913,0.6931471805599454,19.999999999999996,,,20.0,0.00033584190532565117,0.02256814087741077,0.036423223093152046,0.02256814087741077,280,10000.0,7.3473173386245945,False,False,exact_cap
Schirrmeister2017,14,6398,common_lr10000,cvar_a0p5,cvar,40,8,6426,0.0451626624980375,0.21251508769505636,,,0.003183049351828855,31.830493518288552,0.024680370850749388,0.02746613678986376,0.0971999229408542,2.9957322735539913,0.6931471805599454,19.999999999999996,,,20.0,0.00033858511596918106,0.025680033955723047,0.036423223093152046,0.025680033955723047,320,10000.0,7.3473173386245945,False,False,exact_cap
Schirrmeister2017,14,6398,common_lr10000,cvar_a0p5,cvar,40,9,6434,0.048200685001212926,0.21954654404297264,,,0.0033317206503444005,33.317206503444005,0.027419196051727268,0.03336653580672065,0.14064072824140395,2.9957322735539913,0.6931471805599454,19.999999999999996,,,20.0,0.0003416030667722225,0.028782299952581525,0.036423223093152046,0.028782299952581525,360,10000.0,7.3473173386245945,False,False,exact_cap
Schirrmeister2017,14,6398,common_lr10000,cvar_a0p5,cvar,40,10,6443,0.08254118643786362,0.28729981976650043,,,0.004333575157783731,43.3357515778373,0.04438529135848862,0.06479456796035818,0.3314838065089752,2.9957322735539913,0.6931471805599454,19.999999999999996,,,20.0,0.0003418531268835068,0.031835093861445785,0.036423223093152046,0.031835093861445785,400,10000.0,7.3473173386245945,False,False,exact_cap
Schirrmeister2017,14,6398,common_lr10000,cvar_a0p5,cvar,40,11,6453,0.053371930166535936,0.2310236571577377,,,0.0034972454969004418,34.972454969004424,0.030107192921860173,0.03781184660557672,0.15523635532352906,2.9957322735539913,0.6931471805599454,19.999999999999996,,,20.0,0.0003410938661545515,0.034932364942505956,0.036423223093152046,0.034932364942505956,440,10000.0,7.3473173386245945,False,False,exact_cap
Schirrmeister2017,14,6398,common_lr10000,cvar_a0p5,cvar,40,12,6464,0.07205235603141188,0.2684256992752592,,,0.004070432388229656,40.704323882296556,0.03931009283767737,0.05410981218773665,0.2928279930953135,2.9957322735539913,0.6931471805599454,19.999999999999996,,,20.0,0.00033819000236690044,0.03796865791082382,0.036423223093152046,0.03796865791082382,480,10000.0,7.3473173386245945,False,False,exact_cap
Schirrmeister2017,14,6398,common_lr10000,cvar_a0p5,cvar,40,13,6476,0.04954406085693537,0.22258495200020906,,,0.0033610519294155344,33.610519294155345,0.026793400043062465,0.03772138860967951,0.18363916736324054,2.9957322735539913,0.6931471805599454,19.999999999999996,,,20.0,0.00034241913817822933,0.04105760087259114,0.036423223093152046,0.04105760087259114,520,10000.0,7.3473173386245945,False,False,exact_cap
Schirrmeister2017,14,6398,common_lr10000,cvar_a0p5,cvar,40,14,6489,0.049405393342541806,0.22227324027543624,,,0.0033413713314941465,33.41371331494147,0.028524497013351115,0.026557778887101417,0.1006180337149945,2.9957322735539913,0.6931471805599454,19.999999999999996,,,20.0,0.00033503095619380474,0.04407124477438629,0.036423223093152046,0.04407124477438629,560,10000.0,7.3473173386245945,False,False,exact_cap
Schirrmeister2017,14,6398,common_lr10000,cvar_a0p5,cvar,40,15,6503,0.058196550892848614,0.24123961302582256,,,0.0036495555438248984,36.495555438248985,0.03185011899908862,0.03575228005245268,0.16946794527118164,2.9957322735539913,0.6931471805599454,19.999999999999996,,,20.0,0.00033911201171576977,0.04709586687386036,0.036423223093152046,0.04709586687386036,600,10000.0,7.3473173386245945,False,False,exact_cap
Schirrmeister2017,14,6398,common_lr10000,cvar_a0p5,cvar,40,16,6518,0.031675070055171055,0.17797491411761113,,,0.0027035602661739854,27.035602661739855,0.018163895652176906,0.019732739677416664,0.08392957162292106,2.9957322735539913,0.6931471805599454,20.0,,,20.0,0.0003519731108099222,0.050126106943935156,0.036423223093152046,0.050126106943935156,640,10000.0,7.3473173386245945,False,False,exact_cap
Schirrmeister2017,14,6398,common_lr10000,cvar_a0p5,cvar,40,17,6534,0.07625446866409391,0.276142116787885,,,0.004182003411869098,41.82003411869098,0.04321577744141375,0.05479946798074146,0.31203168015655336,2.9957322735539913,0.6931471805599454,19.999999999999996,,,20.0,0.00036521791480481625,0.05321521614678204,0.036423223093152046,0.05321521614678204,680,10000.0,7.3473173386245945,False,False,exact_cap
Schirrmeister2017,14,6398,common_lr10000,cvar_a0p5,cvar,40,18,6551,0.05426358557572724,0.2329454562246863,,,0.0035534772172698555,35.53477217269856,0.029409015604117884,0.04357651979569985,0.2031370232622553,2.9957322735539913,0.6931471805599454,19.999999999999996,,,20.0,0.0003646700643002987,0.05631457013078034,0.036423223093152046,0.05631457013078034,720,10000.0,7.3473173386245945,False,False,exact_cap
Schirrmeister2017,14,6398,common_lr10000,cvar_a0p5,cvar,40,19,6569,0.06716682207325081,0.2591656267201552,,,0.003899080482564755,38.99080482564755,0.03787433276808221,0.045947732522333605,0.2163887205609581,2.9957322735539913,0.6931471805599454,19.999999999999996,,,20.0,0.0003524729982018471,0.05933815706521273,0.036423223093152046,0.05933815706521273,760,10000.0,7.3473173386245945,False,False,exact_cap
Schirrmeister2017,14,6398,common_lr10000,cvar_a0p5,cvar,40,20,6588,0.0436007881659334,0.20880801748480204,,,0.0031370662038314547,31.37066203831455,0.025190606442868076,0.028641545242758658,0.1255503765147667,2.9957322735539913,0.6931471805599454,19.999999999999996,,,20.0,0.0003535549622029066,0.062354073161259294,0.036423223093152046,0.062354073161259294,800,10000.0,7.3473173386245945,False,False,exact_cap
Schirrmeister2017,14,6398,common_lr10000,cvar_a0p5,cvar,40,21,6608,0.06363603878772896,0.2522618456836645,,,0.0037918153469356864,37.91815346935687,0.036423909540709995,0.053474607958098386,0.2525924136972504,2.9957322735539913,0.6931471805599454,19.999999999999996,,,20.0,0.0003525128122419119,0.06540012522600591,0.036423223093152046,0.06540012522600591,840,10000.0,7.3473173386245945,False,False,exact_cap
Schirrmeister2017,14,6398,common_lr10000,cvar_a0p5,cvar,40,22,6629,0.06684933325739306,0.25855238010390286,,,0.003905846908405115,39.058469084051154,0.036225564847666564,0.050061913386741645,0.21504499841071495,2.9957322735539913,0.6931471805599454,20.0,,,20.0,0.00035009882412850857,0.06847743433900177,0.036423223093152046,0.06847743433900177,880,10000.0,7.3473173386245945,False,False,exact_cap
Schirrmeister2017,14,6398,common_lr10000,cvar_a0p5,cvar,40,23,6651,0.06904651694227068,0.26276703929958695,,,0.0039954026298353465,39.95402629835347,0.039438611139170514,0.03970781714132892,0.15664744944844528,2.9957322735539913,0.6931471805599454,19.999999999999996,,,20.0,0.00034827995114028454,0.07149655534885824,0.036423223093152046,0.07149655534885824,920,10000.0,7.3473173386245945,False,False,exact_cap
Schirrmeister2017,14,6398,common_lr10000,cvar_a0p5,cvar,40,24,6674,0.055854343502452365,0.23633523542301593,,,0.0035865615877961063,35.86561587796106,0.032261317917785214,0.04073256105663848,0.2334293535978434,2.9957322735539913,0.6931471805599454,20.0,,,20.0,0.0003480298910290003,0.07456795847974718,0.036423223093152046,0.07456795847974718,960,10000.0,7.3473173386245945,False,False,exact_cap
Schirrmeister2017,14,6398,common_lr10000,cvar_a0p5,cvar,40,25,6698,0.04204926938600531,0.2050591850808086,476.5626060346958,2.79100852858416,0.003084790358387095,30.847903583870952,0.023585306758576705,0.026197913780681325,0.09852422295797172,2.9957322735539913,0.6931471805599454,19.999999999999996,,,20.0,0.00035389699041843414,0.07759677548892796,0.07435895409435034,0.07759677548892796,1000,10000.0,7.3473173386245945,False,False,exact_cap
Schirrmeister2017,14,6398,common_lr10000,cvar_a0p5,cvar,40,26,6723,0.07875155293580624,0.2806270709247528,,,0.004221406224637458,42.21406224637459,0.04384089461773488,0.061937049159586935,0.3501234416661149,2.9957322735539913,0.6931471805599454,19.999999999999996,,,20.0,0.00044221384450793266,0.08136671641841531,0.07435895409435034,0.08136671641841531,1040,10000.0,7.3473173386245945,False,False,exact_cap
Schirrmeister2017,14,6398,common_lr10000,cvar_a0p5,cvar,40,27,6749,0.07616587840364689,0.2759816631655931,,,0.004135225509630959,41.3522550963096,0.041935502250397085,0.06884662087126187,0.3415533084458299,2.9957322735539913,0.6931471805599454,19.999999999999996,,,20.0,0.00037333997897803783,0.08459870237857103,0.07435895409435034,0.08459870237857103,1080,10000.0,7.3473173386245945,False,False,exact_cap
Schirrmeister2017,14,6398,common_lr10000,cvar_a0p5,cvar,40,28,6776,0.05351621707118656,0.23133572372460454,,,0.00346854389545672,34.685438954567196,0.02877838187631747,0.041034182078994924,0.16402591636315927,2.9957322735539913,0.6931471805599454,20.0,,,20.0,0.00037755188532173634,0.08773990138433874,0.07435895409435034,0.08773990138433874,1120,10000.0,7.3473173386245945,False,False,exact_cap
Schirrmeister2017,14,6398,common_lr10000,cvar_a0p5,cvar,40,29,6804,0.061807039625434795,0.24861021625314353,,,0.00375977822862323,37.5977822862323,0.03598789656115164,0.03554396361334164,0.14006994766468156,2.9957322735539913,0.6931471805599454,19.999999999999996,,,20.0,0.0003844040911644697,0.09086902323178947,0.07435895409435034,0.09086902323178947,1160,10000.0,7.3473173386245945,False,False,exact_cap
Schirrmeister2017,14,6398,common_lr10000,cvar_a0p5,cvar,40,30,6833,0.06013400525532206,0.2452223587997678,,,0.003702050740005023,37.020507400050235,0.03333074443074744,0.041597668767043856,0.1969225115303192,2.9957322735539913,0.6931471805599454,19.999999999999996,,,20.0,0.0003669499419629574,0.09400647622533143,0.07435895409435034,0.09400647622533143,1200,10000.0,7.3473173386245945,False,False,exact_cap
Schirrmeister2017,14,6398,common_lr10000,cvar_a0p5,cvar,40,31,6863,0.07068947807749339,0.2658749293887887,,,0.004027318879529512,40.27318879529512,0.03875919750448848,0.06004930869182428,0.3604416589130054,2.9957322735539913,0.6931471805599454,20.0,,,20.0,0.00035986793227493763,0.09711400605738163,0.07435895409435034,0.09711400605738163,1240,10000.0,7.3473173386245945,False,False,exact_cap
Schirrmeister2017,14,6398,common_lr10000,cvar_a0p5,cvar,40,32,6894,0.066941465686996,0.25873048851458536,,,0.00391648867589871,39.1648867589871,0.036734287051471116,0.051130505400794425,0.24440122855199367,2.9957322735539913,0.6931471805599454,19.999999999999996,,,20.0,0.0003500799648463726,0.1002007001079619,0.07435895409435034,0.1002007001079619,1280,10000.0,7.3473173386245945,False,False,exact_cap
Schirrmeister2017,14,6398,common_lr10000,cvar_a0p5,cvar,40,33,6926,0.05967206098437053,0.24427865437727164,,,0.003674336946638299,36.74336946638299,0.03262175418330506,0.044369494829212916,0.2071339402273386,2.9957322735539913,0.6931471805599454,19.999999999999996,,,20.0,0.00034741219133138657,0.1032859431579709,0.07435895409435034,0.1032859431579709,1320,10000.0,7.3473173386245945,False,False,exact_cap
Schirrmeister2017,14,6398,common_lr10000,cvar_a0p5,cvar,40,34,6959,0.04673570902643453,0.21618443289569794,,,0.003262793115807875,32.62793115807875,0.026910630169026253,0.02914078384536681,0.1278961957614357,2.9957322735539913,0.6931471805599454,19.999999999999996,,,20.0,0.0003490129020065069,0.10634642117656767,0.07435895409435034,0.10634642117656767,1360,10000.0,7.3473173386245945,False,False,exact_cap
Schirrmeister2017,14,6398,common_lr10000,cvar_a0p5,cvar,40,35,6993,0.06401243133555377,0.2530067812046819,,,0.0038077388633395177,38.077388633395174,0.03505707426528983,0.05527472649743225,0.2693076784178663,2.9957322735539913,0.6931471805599454,19.999999999999996,,,20.0,0.00035219290293753147,0.10940430616028607,0.07435895409435034,0.10940430616028607,1400,10000.0,7.3473173386245945,False,False,exact_cap
Schirrmeister2017,14,6398,common_lr10000,cvar_a0p5,cvar,40,36,7028,0.06352716063331906,0.25204594944834774,,,0.0038075557623650984,38.07555762365098,0.03662091569744521,0.037469775110217075,0.17363064696149277,2.9957322735539913,0.6931471805599454,19.999999999999996,,,20.0,0.00034501892514526844,0.11257469211705029,0.07435895409435034,0.11257469211705029,1440,10000.0,7.3473173386245945,False,False,exact_cap
Schirrmeister2017,14,6398,common_lr10000,cvar_a0p5,cvar,40,37,7064,0.055420870028914854,0.2354163758724419,,,0.0035332717671089173,35.33271767108917,0.03157819988195531,0.04592925851312468,0.2549468812125847,2.9957322735539913,0.6931471805599454,20.0,,,20.0,0.00034260586835443974,0.1156586220022291,0.07435895409435034,0.1156586220022291,1480,10000.0,7.3473173386245945,False,False,exact_cap
Schirrmeister2017,14,6398,common_lr10000,cvar_a0p5,cvar,40,38,7101,0.05038914518448988,0.22447526630898532,,,0.0033794682503326214,33.79468250332621,0.02820641629894512,0.03762551348664432,0.16327801363255662,2.9957322735539913,0.6931471805599454,19.999999999999996,,,20.0,0.0003402670845389366,0.11874400707893074,0.07435895409435034,0.11874400707893074,1520,10000.0,7.3473173386245945,False,False,exact_cap
Schirrmeister2017,14,6398,common_lr10000,cvar_a0p5,cvar,40,39,7139,0.04712220861684424,0.21707650406445245,,,0.0033196579055319313,33.19657905531931,0.026017530528106472,0.032847250692729216,0.13669314205401642,2.9957322735539913,0.6931471805599454,20.0,,,20.0,0.0003471521195024252,0.12182693020440638,0.07435895409435034,0.12182693020440638,1560,10000.0,7.3473173386245945,False,False,exact_cap
Schirrmeister2017,14,6398,common_lr10000,cvar_a0p5,cvar,40,40,7178,0.04247379752516124,0.20609172114658375,,,0.0031016626615740605,31.016626615740602,0.02338605994159353,0.03452890920098317,0.15539991105711182,2.9957322735539913,0.6931471805599454,19.999999999999996,,,20.0,0.0003487612120807171,0.12493366631679237,0.07435895409435034,0.12493366631679237,1600,10000.0,7.3473173386245945,False,False,exact_cap
Schirrmeister2017,14,6398,common_lr10000,cvar_a0p5,cvar,40,41,7218,0.04035776897030817,0.2008924313415221,,,0.003037224714333875,30.372247143338747,0.022429556967628262,0.02500051563684996,0.09359833046542271,2.9957322735539913,0.6931471805599454,19.999999999999996,,,20.0,0.00034577888436615467,0.12804183829575777,0.07435895409435034,0.12804183829575777,1640,10000.0,7.3473173386245945,False,False,exact_cap
Schirrmeister2017,14,6398,common_lr10000,cvar_a0p5,cvar,40,42,7259,0.06965358448325829,0.26391965535605394,,,0.0039969547260232064,39.96954726023207,0.038898131153193384,0.05363281436402149,0.2362192736707816,2.9957322735539913,0.6931471805599454,19.999999999999996,,,20.0,0.00034733000211417675,0.13113994640298188,0.07435895409435034,0.13113994640298188,1680,10000.0,7.3473173386245945,False,False,exact_cap
Schirrmeister2017,14,6398,common_lr10000,cvar_a0p5,cvar,40,43,7301,0.044028446981412145,0.2098295665091365,,,0.003156415725554613,31.564157255546128,0.024753562895283486,0.02820722078156509,0.10786997323714684,2.9957322735539913,0.6931471805599454,19.999999999999996,,,20.0,0.0003460189327597618,0.13420760026201606,0.07435895409435034,0.13420760026201606,1720,10000.0,7.3473173386245945,False,False,exact_cap
Schirrmeister2017,14,6398,common_lr10000,cvar_a0p5,cvar,40,44,7344,0.06249445293753872,0.2499889056289073,,,0.0037707291572896882,37.707291572896885,0.03502333033108718,0.04081094045774916,0.14874851336361808,2.9957322735539913,0.6931471805599454,19.999999999999996,,,20.0,0.00034113600850105286,0.1372611434198916,0.07435895409435034,0.1372611434198916,1760,10000.0,7.3473173386245945,False,False,exact_cap
Schirrmeister2017,14,6398,common_lr10000,cvar_a0p5,cvar,40,45,7388,0.04043067344149465,0.2010738009823623,,,0.0030066748951215316,30.066748951215313,0.024534504131559068,0.019780008228891633,0.07090072472584659,2.9957322735539913,0.6931471805599454,19.999999999999996,,,20.0,0.00033682514913380146,0.1403079954907298,0.07435895409435034,0.1403079954907298,1800,10000.0,7.3473173386245945,False,False,exact_cap
Schirrmeister2017,14,6398,common_lr10000,cvar_a0p5,cvar,40,46,7433,0.05984244256174865,0.24462715009121258,,,0.0036955134911828744,36.95513491182874,0.03265682917645115,0.04720229815088761,0.2536189144487677,2.9957322735539913,0.6931471805599454,19.999999999999996,,,20.0,0.0003458058927208185,0.14337941352277994,0.07435895409435034,0.14337941352277994,1840,10000.0,7.3473173386245945,False,False,exact_cap
Schirrmeister2017,14,6398,common_lr10000,cvar_a0p5,cvar,40,47,7479,0.05260255586923836,0.22935247081563861,,,0.003468367731895201,34.683677318952014,0.028876274934065988,0.03876731320009028,0.16663204832561046,2.9957322735539913,0.6931471805599454,19.999999999999996,,,20.0,0.0003395690582692623,0.14641107060015202,0.07435895409435034,0.14641107060015202,1880,10000.0,7.3473173386245945,False,False,exact_cap
Schirrmeister2017,14,6398,common_lr10000,cvar_a0p5,cvar,40,48,7526,0.057306361845500114,0.23938747219831724,,,0.0036101463602002857,36.10146360200286,0.03232566107108387,0.03489338889913233,0.17939225719256452,2.9957322735539913,0.6931471805599454,19.999999999999996,,,20.0,0.0003375730011612177,0.1495099647436291,0.07435895409435034,0.1495099647436291,1920,10000.0,7.3473173386245945,False,False,exact_cap
Schirrmeister2017,14,6398,common_lr10000,cvar_a0p5,cvar,40,49,7574,0.05277647639250153,0.22973131347837963,,,0.00349511173413334,34.9511173413334,0.029170223657520235,0.03829026992792548,0.19381739156610875,2.9957322735539913,0.6931471805599454,19.999999999999996,,,20.0,0.0003427560441195965,0.1525317148771137,0.07435895409435034,0.1525317148771137,1960,10000.0,7.3473173386245945,False,False,exact_cap
Schirrmeister2017,14,6398,common_lr10000,cvar_a0p5,cvar,40,50,7623,0.04937584586939275,0.22220676377957704,462.77109738684777,5.6041932592992945,0.003331653185636811,33.31653185636811,0.02811303982156891,0.028849745233730562,0.11203256686618869,2.9957322735539913,0.6931471805599454,19.999999999999996,,,20.0,0.00034215906634926796,0.1555659738369286,0.11023789690807462,0.1555659738369286,2000,10000.0,7.3473173386245945,False,False,exact_cap
Schirrmeister2017,14,6398,common_lr10000,cvar_a0p5,cvar,40,51,7673,0.04286156258537366,0.20703034218532718,,,0.003116379241063762,31.163792410637623,0.0247745120868798,0.027397813505997647,0.1383583194250691,2.9957322735539913,0.6931471805599454,19.999999999999996,,,20.0,0.0004124999977648258,0.15911664883606136,0.11023789690807462,0.15911664883606136,2040,10000.0,7.3473173386245945,False,False,exact_cap
Schirrmeister2017,14,6398,common_lr10000,cvar_a0p5,cvar,40,52,7724,0.05160571586560653,0.22716891483124738,,,0.0034271125441658968,34.27112544165897,0.029602692617840987,0.03903501316465041,0.15271251335377428,2.9957322735539913,0.6931471805599454,19.999999999999996,,,20.0,0.00037425686605274677,0.16235664091072977,0.11023789690807462,0.16235664091072977,2080,10000.0,7.3473173386245945,False,False,exact_cap
Schirrmeister2017,14,6398,common_lr10000,cvar_a0p5,cvar,40,53,7776,0.06560381182735345,0.25613241073193654,,,0.003894076158713071,38.94076158713071,0.0365437893824357,0.04742905121759286,0.17988427757037087,2.9957322735539913,0.6931471805599454,19.999999999999996,,,20.0,0.0003814520314335823,0.165528116049245,0.11023789690807462,0.165528116049245,2120,10000.0,7.3473173386245945,False,False,exact_cap
Schirrmeister2017,14,6398,common_lr10000,cvar_a0p5,cvar,40,54,7829,0.057808799808795205,0.24043460609653347,,,0.0035792809810043344,35.792809810043344,0.03251465612427339,0.041602281530399646,0.16340128870056314,2.9957322735539913,0.6931471805599454,19.999999999999996,,,20.0,0.0003744009882211685,0.16863380395807326,0.11023789690807462,0.16863380395807326,2160,10000.0,7.3473173386245945,False,False,exact_cap
Schirrmeister2017,14,6398,common_lr10000,cvar_a0p5,cvar,40,55,7883,0.08709747501129944,0.29512281343755764,,,0.004514005796460714,45.14005796460714,0.04693844143570269,0.06597644248080127,0.28095010268181964,2.9957322735539913,0.6931471805599454,19.999999999999996,,,20.0,0.00036199786700308323,0.17184359696693718,0.11023789690807462,0.17184359696693718,2200,10000.0,7.3473173386245945,False,False,exact_cap
Schirrmeister2017,14,6398,common_lr10000,cvar_a0p5,cvar,40,56,7938,0.04107832812968437,0.20267789255289875,,,0.0030683048496756454,30.683048496756452,0.023121442916082587,0.025720728567909204,0.09363766474623751,2.9957322735539913,0.6931471805599454,20.0,,,20.0,0.0003539689350873232,0.17565713590011,0.11023789690807462,0.17565713590011,2240,10000.0,7.3473173386245945,False,False,exact_cap
Schirrmeister2017,14,6398,common_lr10000,cvar_a0p5,cvar,40,57,7994,0.07981991241605332,0.2825241802325127,,,0.004288068282275651,42.880682822756505,0.04456574162469158,0.05916399575249769,0.2485121441449379,2.9957322735539913,0.6931471805599454,19.999999999999996,,,20.0,0.00035364716313779354,0.1787452888675034,0.11023789690807462,0.1787452888675034,2280,10000.0,7.3473173386245945,False,False,exact_cap
Schirrmeister2017,14,6398,common_lr10000,cvar_a0p5,cvar,40,58,8051,0.04196133053395591,0.20484464975672642,,,0.0030792732417013018,30.79273241701302,0.024500689748789224,0.04727451394219338,0.3083581130635482,2.9957322735539913,0.6931471805599454,19.999999999999996,,,20.0,0.00036666402593255043,0.18188580102287233,0.11023789690807462,0.18188580102287233,2320,10000.0,7.3473173386245945,False,False,exact_cap
Schirrmeister2017,14,6398,common_lr10000,cvar_a0p5,cvar,40,59,8109,0.04387668841937188,0.2094676309585132,,,0.0031423413639151128,31.42341363915113,0.02504041090550207,0.026423479575404654,0.10178417789345678,2.9957322735539913,0.6931471805599454,20.0,,,20.0,0.0003592120483517647,0.1850118541624397,0.11023789690807462,0.1850118541624397,2360,10000.0,7.3473173386245945,False,False,exact_cap
Schirrmeister2017,14,6398,common_lr10000,cvar_a0p5,cvar,40,60,8168,0.046746196846426,0.21620868818441594,,,0.00325391649555447,32.539164955544706,0.025810939743291975,0.04069252513471879,0.22423706819386932,2.9957322735539913,0.6931471805599454,19.999999999999996,,,20.0,0.00033165491186082363,0.18803139822557569,0.11023789690807462,0.18803139822557569,2400,10000.0,7.3473173386245945,False,False,exact_cap
Schirrmeister2017,14,6398,common_lr10000,cvar_a0p5,cvar,40,61,8228,0.038531411394662096,0.1962941960289761,,,0.002968235539311154,29.68235539311154,0.021933198088537664,0.028238580183285036,0.13075292117472975,2.9957322735539913,0.6931471805599454,19.999999999999996,,,20.0,0.00033954414539039135,0.19111577630974352,0.11023789690807462,0.19111577630974352,2440,10000.0,7.3473173386245945,False,False,exact_cap
Schirrmeister2017,14,6398,common_lr10000,cvar_a0p5,cvar,40,62,8289,0.07613690558238023,0.2759291676905148,,,0.004155631807417609,41.55631807417609,0.04341927065758827,0.04839367167186191,0.24050744477474081,2.9957322735539913,0.6931471805599454,19.999999999999996,,,20.0,0.00033252197317779064,0.19412246835418046,0.11023789690807462,0.19412246835418046,2480,10000.0,7.3473173386245945,False,False,exact_cap
Schirrmeister2017,14,6398,common_lr10000,cvar_a0p5,cvar,40,63,8351,0.043496927542809975,0.20855917036373628,,,0.0031731753880893062,31.73175388089306,0.02546431690025368,0.02700208117900734,0.1519296682544669,2.9957322735539913,0.6931471805599454,20.0,,,20.0,0.00034369900822639465,0.19717266946099699,0.11023789690807462,0.19717266946099699,2520,10000.0,7.3473173386245945,False,False,exact_cap
Schirrmeister2017,14,6398,common_lr10000,cvar_a0p5,cvar,40,64,8414,0.04213192713803191,0.20526063221677923,,,0.003113012165159809,31.130121651598092,0.02408121167529173,0.034541793397978124,0.15741480225450466,2.9957322735539913,0.6931471805599454,19.999999999999996,,,20.0,0.00035731098614633083,0.20022393646650016,0.11023789690807462,0.20022393646650016,2560,10000.0,7.3473173386245945,False,False,exact_cap
Schirrmeister2017,14,6398,common_lr10000,cvar_a0p5,cvar,40,65,8478,0.04784221676583666,0.2187286372787904,,,0.0033396665556804208,33.39666555680421,0.028580850425292115,0.029689019722730827,0.1438978631580047,2.9957322735539913,0.6931471805599454,19.999999999999996,,,20.0,0.000334389042109251,0.20327475457452238,0.11023789690807462,0.20327475457452238,2600,10000.0,7.3473173386245945,False,False,exact_cap
Schirrmeister2017,14,6398,common_lr10000,cvar_a0p5,cvar,40,66,8543,0.061161823991658384,0.24730916681687798,,,0.0037048746426711736,37.04874642671174,0.0346020640539297,0.04267923297500662,0.17601186117248688,2.9957322735539913,0.6931471805599454,19.999999999999996,,,20.0,0.00034325290471315384,0.20635023852810264,0.11023789690807462,0.20635023852810264,2640,10000.0,7.3473173386245945,False,False,exact_cap
Schirrmeister2017,14,6398,common_lr10000,cvar_a0p5,cvar,40,67,8609,0.06469681220148135,0.25435568049776547,,,0.0038956165841834796,38.956165841834796,0.035107014401606254,0.03806259875316559,0.125749015376506,2.9957322735539913,0.6931471805599454,19.999999999999996,,,20.0,0.00035070721060037613,0.20940996147692204,0.11023789690807462,0.20940996147692204,2680,10000.0,7.3473173386245945,False,False,exact_cap
Schirrmeister2017,14,6398,common_lr10000,cvar_a0p5,cvar,40,68,8676,0.05705028482667819,0.23885201449156376,,,0.0036026586497690306,36.0265864976903,0.03268510922186787,0.0427523797212876,0.2382664579655253,2.9957322735539913,0.6931471805599454,19.999999999999996,,,20.0,0.00036047399044036865,0.2124913774896413,0.11023789690807462,0.2124913774896413,2720,10000.0,7.3473173386245945,False,False,exact_cap
Schirrmeister2017,14,6398,common_lr10000,cvar_a0p5,cvar,40,69,8744,0.07639770077146671,0.27640134003196637,,,0.004169165561358512,41.69165561358512,0.042050111651106094,0.04828923009219908,0.2126676890078693,2.9957322735539913,0.6931471805599454,20.0,,,20.0,0.00034658308140933514,0.2155375713482499,0.11023789690807462,0.2155375713482499,2760,10000.0,7.3473173386245945,False,False,exact_cap
Schirrmeister2017,14,6398,common_lr10000,cvar_a0p5,cvar,40,70,8813,0.03544068921944497,0.18825697654919715,,,0.0028464942400665784,28.464942400665784,0.021457621225426174,0.026373573942235516,0.14212272664327932,2.9957322735539913,0.6931471805599454,20.0,,,20.0,0.0003482901956886053,0.21858407650142908,0.11023789690807462,0.21858407650142908,2800,10000.0,7.3473173386245945,False,False,exact_cap
Schirrmeister2017,14,6398,common_lr10000,cvar_a0p5,cvar,40,71,8883,0.06318707714730044,0.25137039831153635,,,0.003824910481994525,38.24910481994525,0.033943012895127835,0.043307062097642395,0.1890408890449887,2.9957322735539913,0.6931471805599454,19.999999999999996,,,20.0,0.0003677019849419594,0.22164340247400105,0.11023789690807462,0.22164340247400105,2840,10000.0,7.3473173386245945,False,False,exact_cap
Schirrmeister2017,14,6398,common_lr10000,cvar_a0p5,cvar,40,72,8954,0.05646934596637519,0.23763279648730137,,,0.003591471015964099,35.91471015964099,0.03327389821995925,0.03646414982691141,0.1890765268471177,2.9957322735539913,0.6931471805599454,19.999999999999996,,,20.0,0.0003703550901263952,0.22474969341419637,0.11023789690807462,0.22474969341419637,2880,10000.0,7.3473173386245945,False,False,exact_cap
Schirrmeister2017,14,6398,common_lr10000,cvar_a0p5,cvar,40,73,9026,0.061386756298728876,0.24776350881178785,,,0.003768266361239986,37.68266361239986,0.03556044179825656,0.047262789711802235,0.22477537030739891,2.9957322735539913,0.6931471805599454,19.999999999999996,,,20.0,0.00034468015655875206,0.22784674842841923,0.11023789690807462,0.22784674842841923,2920,10000.0,7.3473173386245945,False,False,exact_cap
Schirrmeister2017,14,6398,common_lr10000,cvar_a0p5,cvar,40,74,9099,0.058165987644149236,0.24117625845872398,,,0.0036310689462532367,36.310689462532366,0.032839543841298856,0.04290562721824684,0.2242553021049753,2.9957322735539913,0.6931471805599454,20.0,,,20.0,0.0003430971410125494,0.2308925825636834,0.11023789690807462,0.2308925825636834,2960,10000.0,7.3473173386245945,False,False,exact_cap
Schirrmeister2017,14,6398,common_lr10000,cvar_a0p5,cvar,40,75,9173,0.04290591027812034,0.20713741882653733,450.3493621862961,8.137972317664401,0.0031221681059337516,31.22168105933752,0.025382168068476065,0.027889352945231975,0.14185210305272672,2.9957322735539913,0.6931471805599454,20.0,,,20.0,0.00035460502840578556,0.23395479144528508,0.14570908504538238,0.23395479144528508,3000,10000.0,7.3473173386245945,False,False,exact_cap
Schirrmeister2017,14,6398,common_lr10000,cvar_a0p5,cvar,40,76,9248,0.06706716021108461,0.2589732808825741,,,0.003880144817825835,38.801448178258354,0.038097361009704095,0.03993931678833931,0.16818975203521397,2.9957322735539913,0.6931471805599454,19.999999999999996,,,20.0,0.0004256011452525854,0.23788895038887858,0.14570908504538238,0.23788895038887858,3040,10000.0,7.3473173386245945,False,False,exact_cap
Schirrmeister2017,14,6398,common_lr10000,cvar_a0p5,cvar,40,77,9324,0.04264338356653115,0.20650274469490992,,,0.0031179563921949122,31.17956392194912,0.024082610438091786,0.026756256459676254,0.1158448285526256,2.9957322735539913,0.6931471805599454,19.999999999999996,,,20.0,0.00037837307900190353,0.2411539824679494,0.14570908504538238,0.2411539824679494,3080,10000.0,7.3473173386245945,False,False,exact_cap
Schirrmeister2017,14,6398,common_lr10000,cvar_a0p5,cvar,40,78,9401,0.04012047333104089,0.20030095688997818,,,0.0030179112535308394,30.17911253530839,0.022199104758687,0.03095922859960323,0.14273641861519853,2.9957322735539913,0.6931471805599454,19.999999999999996,,,20.0,0.00037168385460972786,0.2443450663704425,0.14570908504538238,0.2443450663704425,3120,10000.0,7.3473173386245945,False,False,exact_cap
Schirrmeister2017,14,6398,common_lr10000,cvar_a0p5,cvar,40,79,9479,0.03414011360449698,0.18477043487662462,,,0.0027807792044348485,27.807792044348485,0.01974451015094425,0.021344540679699937,0.09052295744615649,2.9957322735539913,0.6931471805599454,19.999999999999996,,,20.0,0.0003699499648064375,0.24750118935480714,0.14570908504538238,0.24750118935480714,3160,10000.0,7.3473173386245945,False,False,exact_cap
Schirrmeister2017,14,6398,common_lr10000,cvar_a0p5,cvar,40,80,9558,0.039933672875521534,0.19983411339288779,,,0.003011252993031069,30.11252993031069,0.02288811910860635,0.02282816802990205,0.10823510713991183,2.9957322735539913,0.6931471805599454,19.999999999999996,,,20.0,0.0003519069869071245,0.2505804803222418,0.14570908504538238,0.2505804803222418,3200,10000.0,7.3473173386245945,False,False,exact_cap
Schirrmeister2017,14,6398,common_lr10000,cvar_a0p5,cvar,40,81,9638,0.04326190540205071,0.20799496484783161,,,0.0031389465591727013,31.389465591727014,0.025916803843288053,0.027465626827991255,0.12497655929625301,2.9957322735539913,0.6931471805599454,19.999999999999996,,,20.0,0.0003452741075307131,0.2536993492394686,0.14570908504538238,0.2536993492394686,3240,10000.0,7.3473173386245945,False,False,exact_cap
Schirrmeister2017,14,6398,common_lr10000,cvar_a0p5,cvar,40,82,9719,0.06531081432496717,0.25555980576954423,,,0.003817486896478799,38.17486896478798,0.03665542989002623,0.04585557527125959,0.1926405906631517,2.9957322735539913,0.6931471805599454,19.999999999999996,,,20.0,0.00034898798912763596,0.2568733673542738,0.14570908504538238,0.2568733673542738,3280,10000.0,7.3473173386245945,False,False,exact_cap
Schirrmeister2017,14,6398,common_lr10000,cvar_a0p5,cvar,40,83,9801,0.07214233247272442,0.26859324725823697,,,0.0040848736693651945,40.84873669365195,0.040334668437582086,0.04509070873539493,0.2332245357215031,2.9957322735539913,0.6931471805599454,19.999999999999996,,,20.0,0.0003881559241563082,0.260060926200822,0.14570908504538238,0.260060926200822,3320,10000.0,7.3473173386245945,False,False,exact_cap
Schirrmeister2017,14,6398,common_lr10000,cvar_a0p5,cvar,40,84,9884,0.03998793784561845,0.19996984234033505,,,0.0030460242171098917,30.46024217109892,0.02407164142966885,0.026747373966092062,0.12464207606411228,2.9957322735539913,0.6931471805599454,19.999999999999996,,,20.0,0.0003458179999142885,0.26313095819205046,0.14570908504538238,0.26313095819205046,3360,10000.0,7.3473173386245945,False,False,exact_cap
Schirrmeister2017,14,6398,common_lr10000,cvar_a0p5,cvar,40,85,9968,0.05915038256060455,0.24320851662843665,,,0.003689198999243842,36.891989992438425,0.0333798381438468,0.04774016451179259,0.24434579903585157,2.9957322735539913,0.6931471805599454,20.0,,,20.0,0.00035667000338435173,0.2662069811485708,0.14570908504538238,0.2662069811485708,3400,10000.0,7.3473173386245945,False,False,exact_cap
Schirrmeister2017,14,6398,common_lr10000,cvar_a0p5,cvar,40,86,10053,0.055026397071377534,0.23457705998536502,,,0.003535914759411664,35.359147594116635,0.03125274588866014,0.031825483702977685,0.11340144693475313,2.9957322735539913,0.6931471805599454,19.999999999999996,,,20.0,0.00033724214881658554,0.26925093797035515,0.14570908504538238,0.26925093797035515,3440,10000.0,7.3473173386245945,False,False,exact_cap
Schirrmeister2017,14,6398,common_lr10000,cvar_a0p5,cvar,40,87,10139,0.048168305789038086,0.21947279054369834,,,0.003302781771935675,33.02781771935675,0.02687239609989363,0.034046002108639416,0.1552621409257795,2.9957322735539913,0.6931471805599454,19.999999999999996,,,20.0,0.00034466502256691456,0.2723074499517679,0.14570908504538238,0.2723074499517679,3480,10000.0,7.3473173386245945,False,False,exact_cap
Schirrmeister2017,14,6398,common_lr10000,cvar_a0p5,cvar,40,88,10226,0.042000581152069116,0.20494043318015387,,,0.003093194184068588,30.93194184068588,0.025322353120564862,0.022628171469573792,0.09152646220382596,2.9957322735539913,0.6931471805599454,19.999999999999996,,,20.0,0.0003470310475677252,0.2753899060189724,0.14570908504538238,0.2753899060189724,3520,10000.0,7.3473173386245945,False,False,exact_cap
Schirrmeister2017,14,6398,common_lr10000,cvar_a0p5,cvar,40,89,10314,0.05115448528376813,0.22617357335411253,,,0.0033936213014084137,33.93621301408414,0.02864383872516082,0.02973358201668663,0.09594759661207278,2.9957322735539913,0.6931471805599454,20.0,,,20.0,0.00034029316157102585,0.2784213391132653,0.14570908504538238,0.2784213391132653,3560,10000.0,7.3473173386245945,False,False,exact_cap
Schirrmeister2017,14,6398,common_lr10000,cvar_a0p5,cvar,40,90,10403,0.06238728460756873,0.2497744674853071,,,0.0037834525077798864,37.834525077798865,0.03465961218506921,0.04185670947851528,0.17918739262960925,2.9957322735539913,0.6931471805599454,19.999999999999996,,,20.0,0.00032955012284219265,0.2814769640099257,0.14570908504538238,0.2814769640099257,3600,10000.0,7.3473173386245945,False,False,exact_cap
Schirrmeister2017,14,6398,common_lr10000,cvar_a0p5,cvar,40,91,10493,0.05755665477079874,0.23990968044411784,,,0.003639330076916581,36.39330076916581,0.031755927632130115,0.04780926547534485,0.20152132449536533,2.9957322735539913,0.6931471805599454,20.0,,,20.0,0.0003446810878813267,0.28453821782022715,0.14570908504538238,0.28453821782022715,3640,10000.0,7.3473173386245945,False,False,exact_cap
Schirrmeister2017,14,6398,common_lr10000,cvar_a0p5,cvar,40,92,10584,0.056868080671827886,0.23847029305938275,,,0.003600180266825978,36.00180266825978,0.03267359683817009,0.03476345997929043,0.14610738618460753,2.9957322735539913,0.6931471805599454,19.999999999999996,,,20.0,0.00034191785380244255,0.28755650483071804,0.14570908504538238,0.28755650483071804,3680,10000.0,7.3473173386245945,False,False,exact_cap
Schirrmeister2017,14,6398,common_lr10000,cvar_a0p5,cvar,40,93,10676,0.043464608640053484,0.20848167459048644,,,0.0031323273355572633,31.32327335557263,0.02465418600964439,0.02348846374139659,0.09006696678490633,2.9957322735539913,0.6931471805599454,19.999999999999996,,,20.0,0.00036341696977615356,0.29064393881708384,0.14570908504538238,0.29064393881708384,3720,10000.0,7.3473173386245945,False,False,exact_cap
Schirrmeister2017,14,6398,common_lr10000,cvar_a0p5,cvar,40,94,10769,0.033299583647959666,0.18248173510781748,,,0.0027687146474684853,27.68714647468485,0.01916805518365384,0.020359587796302352,0.09351134986602588,2.9957322735539913,0.6931471805599454,19.999999999999996,,,20.0,0.0003609859850257635,0.29373570368625224,0.14570908504538238,0.29373570368625224,3760,10000.0,7.3473173386245945,False,False,exact_cap
Schirrmeister2017,14,6398,common_lr10000,cvar_a0p5,cvar,40,95,10863,0.04997768911233505,0.22355690352197816,,,0.0033615917591359747,33.61591759135975,0.028951088521446955,0.033881287927083475,0.1733949878698438,2.9957322735539913,0.6931471805599454,20.0,,,20.0,0.00034514698199927807,0.2967773957643658,0.14570908504538238,0.2967773957643658,3800,10000.0,7.3473173386245945,False,False,exact_cap
Schirrmeister2017,14,6398,common_lr10000,cvar_a0p5,cvar,40,96,10958,0.03845264004196683,0.19609344721832708,,,0.0029684244221766056,29.684244221766058,0.020953257286459033,0.037405740881798925,0.18626873448505304,2.9957322735539913,0.6931471805599454,20.0,,,20.0,0.00034780194982886314,0.29979907674714923,0.14570908504538238,0.29979907674714923,3840,10000.0,7.3473173386245945,False,False,exact_cap
Schirrmeister2017,14,6398,common_lr10000,cvar_a0p5,cvar,40,97,11054,0.04505881986522563,0.21227062883316106,,,0.0032393739697202384,32.393739697202385,0.026164442136630463,0.032319071078678985,0.17547952524969293,2.9957322735539913,0.6931471805599454,19.999999999999996,,,20.0,0.0003451160155236721,0.3028167316224426,0.14570908504538238,0.3028167316224426,3880,10000.0,7.3473173386245945,False,False,exact_cap
Schirrmeister2017,14,6398,common_lr10000,cvar_a0p5,cvar,40,98,11151,0.0413919489747981,0.20345011421672415,,,0.003099890610263338,30.998906102633384,0.02374801648553597,0.025572540824186158,0.09187103683603502,2.9957322735539913,0.6931471805599454,19.999999999999996,,,20.0,0.00034448993392288685,0.3058781686704606,0.14570908504538238,0.3058781686704606,3920,10000.0,7.3473173386245945,False,False,exact_cap
Schirrmeister2017,14,6398,common_lr10000,cvar_a0p5,cvar,40,99,11249,0.053027974223823764,0.23027803678124356,,,0.0034800347437404944,34.800347437404945,0.02949194747306091,0.034641130096126654,0.16374960215857454,2.9957322735539913,0.6931471805599454,19.999999999999996,,,20.0,0.00035191886126995087,0.30891227978281677,0.14570908504538238,0.30891227978281677,3960,10000.0,7.3473173386245945,False,False,exact_cap
Schirrmeister2017,14,6398,common_lr10000,cvar_a0p5,cvar,40,100,11348,0.04825910433800828,0.21967954920294305,437.8029450305599,10.697183936126955,0.003322953539713461,33.22953539713461,0.026540141003301477,0.038765415920125806,0.1906361118886688,2.9957322735539913,0.6931471805599454,20.0,,,20.0,0.0003532189875841141,0.31193514773622155,0.1806296701543033,0.31193514773622155,4000,10000.0,7.3473173386245945,False,False,exact_cap
Schirrmeister2017,14,6398,common_lr10000,cvar_a0p5,cvar,40,101,11448,0.05516313634853212,0.2348683383270979,,,0.0035112868206113286,35.11286820611329,0.030336736307688617,0.040623378259430055,0.194949359486659,2.9957322735539913,0.6931471805599454,19.999999999999996,,,20.0,0.00041775195859372616,0.3157747997902334,0.1806296701543033,0.3157747997902334,4040,10000.0,7.3473173386245945,False,False,exact_cap
Schirrmeister2017,14,6398,common_lr10000,cvar_a0p5,cvar,40,102,11549,0.06749089205943472,0.2597900923042192,,,0.003912578028584976,39.125780285849764,0.037246823117737034,0.04668685928129511,0.2186700387735928,2.9957322735539913,0.6931471805599454,19.999999999999996,,,20.0,0.00039408006705343723,0.3189486798364669,0.1806296701543033,0.3189486798364669,4080,10000.0,7.3473173386245945,False,False,exact_cap
Schirrmeister2017,14,6398,common_lr10000,cvar_a0p5,cvar,40,103,11651,0.04835792850015684,0.21990436216718584,,,0.0033341875847646687,33.34187584764668,0.028778911670684384,0.026874521691271403,0.12140973785296155,2.9957322735539913,0.6931471805599454,19.999999999999996,,,20.0,0.0003791500348597765,0.3221217298414558,0.1806296701543033,0.3221217298414558,4120,10000.0,7.3473173386245945,False,False,exact_cap
Schirrmeister2017,14,6398,common_lr10000,cvar_a0p5,cvar,40,104,11754,0.03742503057589361,0.19345550024719796,,,0.002909529755760115,29.095297557601153,0.02107504682426058,0.022637271566655903,0.09287784945608779,2.9957322735539913,0.6931471805599454,19.999999999999996,,,20.0,0.0003603021614253521,0.325218005804345,0.1806296701543033,0.325218005804345,4160,10000.0,7.3473173386245945,False,False,exact_cap
Schirrmeister2017,14,6398,common_lr10000,cvar_a0p5,cvar,40,105,11858,0.0625798797045985,0.2501597083956537,,,0.0037985779274295564,37.98577927429557,0.03554522490633327,0.05630853557182095,0.25740061040193063,2.9957322735539913,0.6931471805599454,19.999999999999996,,,20.0,0.0003494459670037031,0.328331058844924,0.1806296701543033,0.328331058844924,4200,10000.0,7.3473173386245945,False,False,exact_cap
Schirrmeister2017,14,6398,common_lr10000,cvar_a0p5,cvar,40,106,11963,0.04951475640319686,0.22251911469174251,,,0.0033198471105793663,33.198471105793665,0.02922777406509036,0.03459970063190931,0.1780513194884254,2.9957322735539913,0.6931471805599454,19.999999999999996,,,20.0,0.000346992164850235,0.33138662693090737,0.1806296701543033,0.33138662693090737,4240,10000.0,7.3473173386245945,False,False,exact_cap
Schirrmeister2017,14,6398,common_lr10000,cvar_a0p5,cvar,40,107,12069,0.050391383390742304,0.22448025167203975,,,0.0033907565748138046,33.90756574813805,0.028595583640977407,0.030899609761887534,0.11657852556926916,2.9957322735539913,0.6931471805599454,19.999999999999996,,,20.0,0.0003453330136835575,0.33447974477894604,0.1806296701543033,0.33447974477894604,4280,10000.0,7.3473173386245945,False,False,exact_cap
Schirrmeister2017,14,6398,common_lr10000,cvar_a0p5,cvar,40,108,12176,0.05537974746005726,0.235329019587592,,,0.003547633129108833,35.47633129108833,0.03144715554552712,0.03584266689078663,0.15576424258137073,2.9957322735539913,0.6931471805599454,19.999999999999996,,,20.0,0.0003439991269260645,0.3375251239631325,0.1806296701543033,0.3375251239631325,4320,10000.0,7.3473173386245945,False,False,exact_cap
Schirrmeister2017,14,6398,common_lr10000,cvar_a0p5,cvar,40,109,12284,0.0333908442870864,0.18273161819205344,,,0.0027845121703214157,27.845121703214158,0.020352568361941114,0.01697106797531023,0.07244092472975042,2.9957322735539913,0.6931471805599454,19.999999999999996,,,20.0,0.00034088711254298687,0.34058199007995427,0.1806296701543033,0.34058199007995427,4360,10000.0,7.3473173386245945,False,False,exact_cap
Schirrmeister2017,14,6398,common_lr10000,cvar_a0p5,cvar,40,110,12393,0.03651489444990484,0.19108870832653835,,,0.0029005914517942406,29.005914517942408,0.02085091984315761,0.024973481059719995,0.13216636692801795,2.9957322735539913,0.6931471805599454,19.999999999999996,,,20.0,0.0003461248707026243,0.34369257907383144,0.1806296701543033,0.34369257907383144,4400,10000.0,7.3473173386245945,False,False,exact_cap
Schirrmeister2017,14,6398,common_lr10000,cvar_a0p5,cvar,40,111,12503,0.03156960375321027,0.17767837165285555,,,0.002668823254868369,26.68823254868369,0.018518751086914968,0.017816162948819957,0.0795490006594229,2.9957322735539913,0.6931471805599454,20.0,,,20.0,0.00034525501541793346,0.34674737718887627,0.1806296701543033,0.34674737718887627,4440,10000.0,7.3473173386245945,False,False,exact_cap
Schirrmeister2017,14,6398,common_lr10000,cvar_a0p5,cvar,40,112,12614,0.03447693727823474,0.18567966307120104,,,0.0027615593156036316,27.615593156036315,0.02065944708144662,0.020571268192989142,0.10359054924896219,2.9957322735539913,0.6931471805599454,19.999999999999996,,,20.0,0.00034245592541992664,0.3498409662861377,0.1806296701543033,0.3498409662861377,4480,10000.0,7.3473173386245945,False,False,exact_cap
Schirrmeister2017,14,6398,common_lr10000,cvar_a0p5,cvar,40,113,12726,0.03585914968106109,0.18936512266270442,,,0.002823188397802522,28.231883978025223,0.020775934833994508,0.022129137906903268,0.10229568737498235,2.9957322735539913,0.6931471805599454,20.0,,,20.0,0.0003512711264193058,0.35288987727835774,0.1806296701543033,0.35288987727835774,4520,10000.0,7.3473173386245945,False,False,exact_cap
Schirrmeister2017,14,6398,common_lr10000,cvar_a0p5,cvar,40,114,12839,0.03844641232208492,0.19607756710568633,,,0.0029459678593058676,29.45967859305868,0.022180885097213235,0.021260052864433703,0.07575808362397002,2.9957322735539913,0.6931471805599454,19.999999999999996,,,20.0,0.0003440319560468197,0.355970575241372,0.1806296701543033,0.355970575241372,4560,10000.0,7.3473173386245945,False,False,exact_cap
Schirrmeister2017,14,6398,common_lr10000,cvar_a0p5,cvar,40,115,12953,0.04475523825871762,0.21155433878490326,,,0.0032017464455615704,32.0174644556157,0.02606115751689114,0.026329308600868677,0.10949891185472466,2.9957322735539913,0.6931471805599454,19.999999999999996,,,20.0,0.00034344708546996117,0.3590089292265475,0.1806296701543033,0.3590089292265475,4600,10000.0,7.3473173386245945,False,False,exact_cap
Schirrmeister2017,14,6398,common_lr10000,cvar_a0p5,cvar,40,116,13068,0.027382350599606357,0.1654761330210685,,,0.0025075543920009898,25.075543920009896,0.015544759255212523,0.017350149113805738,0.0709018876040156,2.9957322735539913,0.6931471805599454,19.999999999999996,,,20.0,0.00035026506520807743,0.36205006623640656,0.1806296701543033,0.36205006623640656,4640,10000.0,7.3473173386245945,False,False,exact_cap
Schirrmeister2017,14,6398,common_lr10000,cvar_a0p5,cvar,40,117,13184,0.04170995907473337,0.204230162010251,,,0.003078681468409132,30.786814684091322,0.023668464923589188,0.027057576745266234,0.12757046615433384,2.9957322735539913,0.6931471805599454,19.999999999999996,,,20.0,0.0003584311343729496,0.36517516314052045,0.1806296701543033,0.36517516314052045,4680,10000.0,7.3473173386245945,False,False,exact_cap
Schirrmeister2017,14,6398,common_lr10000,cvar_a0p5,cvar,40,118,13301,0.04002046080457064,0.20005114547177838,,,0.003020567120006926,30.205671200069258,0.022841750978876127,0.025859197577978395,0.11388450015684547,2.9957322735539913,0.6931471805599454,19.999999999999996,,,20.0,0.00034449389204382896,0.36821846826933324,0.1806296701543033,0.36821846826933324,4720,10000.0,7.3473173386245945,False,False,exact_cap
Schirrmeister2017,14,6398,common_lr10000,cvar_a0p5,cvar,40,119,13419,0.047814708108003534,0.21866574516371678,,,0.0033062549158598214,33.062549158598216,0.02669898093987499,0.035042704752209136,0.16178471999093758,2.9957322735539913,0.6931471805599454,19.999999999999996,,,20.0,0.0003498680889606476,0.3712563931476325,0.1806296701543033,0.3712563931476325,4760,10000.0,7.3473173386245945,False,False,exact_cap
Schirrmeister2017,14,6398,common_lr10000,cvar_a0p5,cvar,40,120,13538,0.0566585166824328,0.2380304952783,,,0.003607702821765851,36.07702821765851,0.032419884592756375,0.03700347300836748,0.16216501119381196,2.9957322735539913,0.6931471805599454,19.999999999999996,,,20.0,0.0003535549622029066,0.3743096711114049,0.1806296701543033,0.3743096711114049,4800,10000.0,7.3473173386245945,False,False,exact_cap
Schirrmeister2017,14,6398,common_lr10000,cvar_a0p5,cvar,40,121,13658,0.05254793557480063,0.22923336488129434,,,0.003439521137165078,34.395211371650774,0.029952045621268554,0.034317935296382225,0.15132147255911155,2.9957322735539913,0.6931471805599454,19.999999999999996,,,20.0,0.0003589459229260683,0.37735490524210036,0.1806296701543033,0.37735490524210036,4840,10000.0,7.3473173386245945,False,False,exact_cap
Schirrmeister2017,14,6398,common_lr10000,cvar_a0p5,cvar,40,122,13779,0.03647264220649521,0.19097811970614648,,,0.002900433485786856,29.00433485786856,0.0211715404461682,0.027225133161916687,0.1334320648872076,2.9957322735539913,0.6931471805599454,20.0,,,20.0,0.00035330886021256447,0.3804441262036562,0.1806296701543033,0.3804441262036562,4880,10000.0,7.3473173386245945,False,False,exact_cap
Schirrmeister2017,14,6398,common_lr10000,cvar_a0p5,cvar,40,123,13901,0.0646448315378845,0.2542534789100918,,,0.003891509635695618,38.915096356956184,0.035803086457587084,0.04818280227625719,0.19298253324423525,2.9957322735539913,0.6931471805599454,19.999999999999996,,,20.0,0.0003568518441170454,0.38348731328733265,0.1806296701543033,0.38348731328733265,4920,10000.0,7.3473173386245945,False,False,exact_cap
Schirrmeister2017,14,6398,common_lr10000,cvar_a0p5,cvar,40,124,14024,0.04634566030293524,0.21528042247946105,,,0.0032465766051009907,32.465766051009915,0.02581730887266345,0.03270550844090401,0.1112994654524331,2.9957322735539913,0.6931471805599454,19.999999999999996,,,20.0,0.00035892101004719734,0.3865203154273331,0.1806296701543033,0.3865203154273331,4960,10000.0,7.3473173386245945,False,False,exact_cap
Schirrmeister2017,14,6398,common_lr10000,cvar_a0p5,cvar,40,125,14148,0.0288083094943894,0.16973010780173742,428.43440906809894,12.608173008585183,0.00252907757144626,25.2907757144626,0.01714181869969952,0.01808271686140251,0.09609317999759245,2.9957322735539913,0.6931471805599454,19.999999999999996,,,20.0,0.0003687881398946047,0.3896438842639327,0.2147619752213359,0.3896438842639327,5000,10000.0,7.3473173386245945,False,False,exact_cap
Schirrmeister2017,14,6398,common_lr10000,cvar_a0p5,cvar,40,126,14273,0.03722334040288304,0.19293351290764144,,,0.0029301471154292496,29.301471154292493,0.02177383935326488,0.02560895915276013,0.14199140279568429,2.9957322735539913,0.6931471805599454,20.0,,,20.0,0.00041422201320528984,0.39358298131264746,0.2147619752213359,0.39358298131264746,5040,10000.0,7.3473173386245945,False,False,exact_cap
Schirrmeister2017,14,6398,common_lr10000,cvar_a0p5,cvar,40,127,14399,0.0375144079932553,0.19368636501637201,,,0.002923681248240298,29.236812482402982,0.02189747617113618,0.020689819249054144,0.08322016808344826,2.9957322735539913,0.6931471805599454,19.999999999999996,,,20.0,0.0003777241799980402,0.39681282825767994,0.2147619752213359,0.39681282825767994,5080,10000.0,7.3473173386245945,False,False,exact_cap
Schirrmeister2017,14,6398,common_lr10000,cvar_a0p5,cvar,40,128,14526,0.046457232867492385,0.21553939980312736,,,0.0032640112158546625,32.64011215854663,0.027248481606124142,0.02711233944026942,0.11922220719812765,2.9957322735539913,0.6931471805599454,19.999999999999996,,,20.0,0.0003673199098557234,0.39996257540769875,0.2147619752213359,0.39996257540769875,5120,10000.0,7.3473173386245945,False,False,exact_cap
Schirrmeister2017,14,6398,common_lr10000,cvar_a0p5,cvar,40,129,14654,0.056920995055059515,0.23858121270347235,,,0.0036293866924066833,36.29386692406683,0.03234693586062664,0.03422007877832759,0.12449923723249542,2.9957322735539913,0.6931471805599454,19.999999999999996,,,20.0,0.0003535528667271137,0.40305992937646806,0.2147619752213359,0.40305992937646806,5160,10000.0,7.3473173386245945,False,False,exact_cap
Schirrmeister2017,14,6398,common_lr10000,cvar_a0p5,cvar,40,130,14783,0.04530981233159796,0.21286101646754851,,,0.003208810891951544,32.08810891951544,0.024914076584715648,0.03713264547347862,0.16656141222061432,2.9957322735539913,0.6931471805599454,19.999999999999996,,,20.0,0.0003571209963411093,0.40614417335018516,0.2147619752213359,0.40614417335018516,5200,10000.0,7.3473173386245945,False,False,exact_cap
Schirrmeister2017,14,6398,common_lr10000,cvar_a0p5,cvar,40,131,14913,0.045804163072792115,0.21401907175014126,,,0.0032245550621316753,32.24555062131676,0.027267331733654438,0.031783015568483404,0.13925287269590783,2.9957322735539913,0.6931471805599454,19.999999999999996,,,20.0,0.0003498140722513199,0.40920979948714375,0.2147619752213359,0.40920979948714375,5240,10000.0,7.3473173386245945,False,False,exact_cap
Schirrmeister2017,14,6398,common_lr10000,cvar_a0p5,cvar,40,132,15044,0.04996093158204391,0.2235194210399712,,,0.0033862862893307157,33.86286289330716,0.028275767788317342,0.036058783419916036,0.15585687110271326,2.9957322735539913,0.6931471805599454,19.999999999999996,,,20.0,0.0003518960438668728,0.4122780873440206,0.2147619752213359,0.4122780873440206,5280,10000.0,7.3473173386245945,False,False,exact_cap
Schirrmeister2017,14,6398,common_lr10000,cvar_a0p5,cvar,40,133,15176,0.0429020849041275,0.20712818471692235,,,0.0031067166693674758,31.067166693674757,0.024571111543387456,0.025919142738499004,0.10818094201501874,2.9957322735539913,0.6931471805599454,19.999999999999996,,,20.0,0.0003462631721049547,0.4153211445081979,0.2147619752213359,0.4153211445081979,5320,10000.0,7.3473173386245945,False,False,exact_cap
Schirrmeister2017,14,6398,common_lr10000,cvar_a0p5,cvar,40,134,15309,0.0337224143835495,0.1836366368226926,,,0.0027695931117087736,27.695931117087735,0.019940403898930772,0.02144219270210504,0.0991996278787828,2.9957322735539913,0.6931471805599454,20.0,,,20.0,0.0003492902033030987,0.41842433833517134,0.2147619752213359,0.41842433833517134,5360,10000.0,7.3473173386245945,False,False,exact_cap
Schirrmeister2017,14,6398,common_lr10000,cvar_a0p5,cvar,40,135,15443,0.06585228968802084,0.2566170097402369,,,0.0039019091882841975,39.01909188284198,0.03608941139186297,0.05394278821359464,0.2764959076123294,2.9957322735539913,0.6931471805599454,19.999999999999996,,,20.0,0.00033701094798743725,0.4214636932592839,0.2147619752213359,0.4214636932592839,5400,10000.0,7.3473173386245945,False,False,exact_cap
Schirrmeister2017,14,6398,common_lr10000,cvar_a0p5,cvar,40,136,15578,0.027544087392369448,0.1659641147729516,,,0.002493967942347582,24.93967942347582,0.016540133767160247,0.01579281092748185,0.06630437585954484,2.9957322735539913,0.6931471805599454,19.999999999999996,,,20.0,0.0003432950470596552,0.42448425432667136,0.2147619752213359,0.42448425432667136,5440,10000.0,7.3473173386245945,False,False,exact_cap
Schirrmeister2017,14,6398,common_lr10000,cvar_a0p5,cvar,40,137,15714,0.04797202173407967,0.21902516233090588,,,0.0033016109928558856,33.016109928558855,0.02704150452120471,0.031177494021208407,0.10923963393479816,2.9957322735539913,0.6931471805599454,19.999999999999996,,,20.0,0.00035063805989921093,0.4275355173740536,0.2147619752213359,0.4275355173740536,5480,10000.0,7.3473173386245945,False,False,exact_cap
Schirrmeister2017,14,6398,common_lr10000,cvar_a0p5,cvar,40,138,15851,0.039686532993703325,0.1992147911017235,,,0.0030125327170713954,30.125327170713955,0.02434369076392408,0.022057839621249523,0.09707504121381755,2.9957322735539913,0.6931471805599454,19.999999999999996,,,20.0,0.00034257001243531704,0.43064122437499464,0.2147619752213359,0.43064122437499464,5520,10000.0,7.3473173386245945,False,False,exact_cap
Schirrmeister2017,14,6398,common_lr10000,cvar_a0p5,cvar,40,139,15989,0.04431857417809916,0.21051977146600545,,,0.003156339930030025,31.563399300300247,0.02561728362031304,0.030003132918685532,0.12437487650032869,2.9957322735539913,0.6931471805599454,19.999999999999996,,,20.0,0.00034408411011099815,0.4336776123382151,0.2147619752213359,0.4336776123382151,5560,10000.0,7.3473173386245945,False,False,exact_cap
Schirrmeister2017,14,6398,common_lr10000,cvar_a0p5,cvar,40,140,16128,0.04876249968859282,0.22082232606462784,,,0.0033391883896507954,33.391883896507956,0.029285309154896678,0.03233642019475589,0.14746545926916776,2.9957322735539913,0.6931471805599454,19.999999999999996,,,20.0,0.0003426650073379278,0.43672522250562906,0.2147619752213359,0.43672522250562906,5600,10000.0,7.3473173386245945,False,False,exact_cap
Schirrmeister2017,14,6398,common_lr10000,cvar_a0p5,cvar,40,141,16268,0.052720124549498995,0.2296086334385077,,,0.003454812691275877,34.548126912758775,0.029491242139810345,0.03734246748644147,0.16341012315825987,2.9957322735539913,0.6931471805599454,19.999999999999996,,,20.0,0.00033908593468368053,0.43982516950927675,0.2147619752213359,0.43982516950927675,5640,10000.0,7.3473173386245945,False,False,exact_cap
Schirrmeister2017,14,6398,common_lr10000,cvar_a0p5,cvar,40,142,16409,0.046949897456466376,0.2166792501751526,,,0.0032609827377708214,32.609827377708214,0.02710648305620378,0.03546475930943431,0.19485711654772692,2.9957322735539913,0.6931471805599454,19.999999999999996,,,20.0,0.0003404130693525076,0.4428729694336653,0.2147619752213359,0.4428729694336653,5680,10000.0,7.3473173386245945,False,False,exact_cap
Schirrmeister2017,14,6398,common_lr10000,cvar_a0p5,cvar,40,143,16551,0.03550553056476579,0.1884291128376021,,,0.002826005460100969,28.26005460100969,0.021762886729431493,0.019716652270195815,0.09084399124465481,2.9957322735539913,0.6931471805599454,19.999999999999996,,,20.0,0.00034314091317355633,0.44600652041845024,0.2147619752213359,0.44600652041845024,5720,10000.0,7.3473173386245945,False,False,exact_cap
Schirrmeister2017,14,6398,common_lr10000,cvar_a0p5,cvar,40,144,16694,0.06791464746707845,0.26060438881008596,,,0.003943356956590771,39.43356956590772,0.03885172062158618,0.05150279429874126,0.2656609023514107,2.9957322735539913,0.6931471805599454,19.999999999999996,,,20.0,0.0003419530112296343,0.4490590845234692,0.2147619752213359,0.4490590845234692,5760,10000.0,7.3473173386245945,False,False,exact_cap
Schirrmeister2017,14,6398,common_lr10000,cvar_a0p5,cvar,40,145,16838,0.042952388268320034,0.20724957965776442,,,0.0031429289375510083,31.42928937551008,0.025592225533717806,0.023570863842503002,0.08780509436193579,2.9957322735539913,0.6931471805599454,19.999999999999996,,,20.0,0.00034072110429406166,0.4521203516051173,0.2147619752213359,0.4521203516051173,5800,10000.0,7.3473173386245945,False,False,exact_cap
Schirrmeister2017,14,6398,common_lr10000,cvar_a0p5,cvar,40,146,16983,0.046991992463449386,0.2167763650941896,,,0.0032631452282033107,32.63145228203311,0.027619992019617557,0.03005088739537136,0.136697293049601,2.9957322735539913,0.6931471805599454,20.0,,,20.0,0.00033165491186082363,0.45517368661239743,0.2147619752213359,0.45517368661239743,5840,10000.0,7.3473173386245945,False,False,exact_cap
Schirrmeister2017,14,6398,common_lr10000,cvar_a0p5,cvar,40,147,17129,0.04551221131830765,0.21333591192836626,,,0.0031977932568496197,31.977932568496197,0.0270546016799246,0.026926901301666358,0.11649620150232384,2.9957322735539913,0.6931471805599454,19.999999999999996,,,20.0,0.000331436051055789,0.4581648276653141,0.2147619752213359,0.4581648276653141,5880,10000.0,7.3473173386245945,False,False,exact_cap
Schirrmeister2017,14,6398,common_lr10000,cvar_a0p5,cvar,40,148,17276,0.04208284724103657,0.20514104231244554,,,0.0030798808821402286,30.79880882140229,0.02370393148522277,0.025776717162712785,0.106063980894809,2.9957322735539913,0.6931471805599454,19.999999999999996,,,20.0,0.0003524268977344036,0.46123295254074037,0.2147619752213359,0.46123295254074037,5920,10000.0,7.3473173386245945,False,False,exact_cap
Schirrmeister2017,14,6398,common_lr10000,cvar_a0p5,cvar,40,149,17424,0.04683196806129096,0.2164069501224278,,,0.0032689317092456037,32.68931709245604,0.026651889605258085,0.033223151690642876,0.1600775862356243,2.9957322735539913,0.6931471805599454,19.999999999999996,,,20.0,0.00035427394323050976,0.4642574223689735,0.2147619752213359,0.4642574223689735,5960,10000.0,7.3473173386245945,False,False,exact_cap
Schirrmeister2017,14,6398,common_lr10000,cvar_a0p5,cvar,40,150,17573,0.02813855129696056,0.16774549560855742,418.6339257409421,14.607270478888971,0.0025557233238686005,25.557233238686006,0.016290489288242064,0.019922016075595603,0.0977299308494507,2.9957322735539913,0.6931471805599454,19.999999999999996,,,20.0,0.0003504741471260786,0.4673169143497944,0.24822701117955148,0.4673169143497944,6000,10000.0,7.3473173386245945,False,False,exact_cap
Schirrmeister2017,14,6398,common_lr10000,cvar_a0p5,cvar,40,151,17723,0.03713867213272297,0.19271396455037443,,,0.002911620185781564,29.116201857815643,0.021588204814545695,0.023644366121373776,0.10287037478271685,2.9957322735539913,0.6931471805599454,19.999999999999996,,,20.0,0.0004118718206882477,0.4711862683761865,0.24822701117955148,0.4711862683761865,6040,10000.0,7.3473173386245945,False,False,exact_cap
Schirrmeister2017,14,6398,common_lr10000,cvar_a0p5,cvar,40,152,17874,0.03445238642865596,0.18561354053154624,,,0.0028236020484630375,28.236020484630373,0.02016198265845268,0.02429182423925804,0.11032847795250966,2.9957322735539913,0.6931471805599454,19.999999999999996,,,20.0,0.0003731250762939453,0.47442467231303453,0.24822701117955148,0.47442467231303453,6080,10000.0,7.3473173386245945,False,False,exact_cap
Schirrmeister2017,14,6398,common_lr10000,cvar_a0p5,cvar,40,153,18026,0.041162232072498264,0.202884775359065,,,0.0030553986815803603,30.553986815803604,0.023465480245901588,0.028897929344742748,0.13614067126731433,2.9957322735539913,0.6931471805599454,19.999999999999996,,,20.0,0.0003629201091825962,0.4775785224046558,0.24822701117955148,0.4775785224046558,6120,10000.0,7.3473173386245945,False,False,exact_cap
Schirrmeister2017,14,6398,common_lr10000,cvar_a0p5,cvar,40,154,18179,0.03429850611598623,0.18519855862286355,,,0.002804155486311064,28.041554863110637,0.02028804106653933,0.018917699884547917,0.08358018493257005,2.9957322735539913,0.6931471805599454,19.999999999999996,,,20.0,0.0003696340136229992,0.4806963433511555,0.24822701117955148,0.4806963433511555,6160,10000.0,7.3473173386245945,False,False,exact_cap
Schirrmeister2017,14,6398,common_lr10000,cvar_a0p5,cvar,40,155,18333,0.03783556280059696,0.1945136571056052,,,0.0029249083118113835,29.24908311811383,0.023454251218781808,0.01848051615269998,0.08240025926553994,2.9957322735539913,0.6931471805599454,19.999999999999996,,,20.0,0.0003686649724841118,0.48379615042358637,0.24822701117955148,0.48379615042358637,6200,10000.0,7.3473173386245945,False,False,exact_cap
Schirrmeister2017,14,6398,common_lr10000,cvar_a0p5,cvar,40,156,18488,0.04236166119527724,0.20581948691821492,,,0.003113066924794913,31.130669247949125,0.02469101307814732,0.026461356675801698,0.13630606314365218,2.9957322735539913,0.6931471805599454,19.999999999999996,,,20.0,0.0003678309731185436,0.48687833035364747,0.24822701117955148,0.48687833035364747,6240,10000.0,7.3473173386245945,False,False,exact_cap
Schirrmeister2017,14,6398,common_lr10000,cvar_a0p5,cvar,40,157,18644,0.03315614669246983,0.18208829367224524,,,0.002730993740592825,27.30993740592825,0.019946830742982986,0.025476651868268977,0.1383967970402616,2.9957322735539913,0.6931471805599454,19.999999999999996,,,20.0,0.00036833807826042175,0.489966694265604,0.24822701117955148,0.489966694265604,6280,10000.0,7.3473173386245945,False,False,exact_cap
Schirrmeister2017,14,6398,common_lr10000,cvar_a0p5,cvar,40,158,18801,0.043319304939668096,0.20813290210744695,,,0.0031413353186534087,31.41335318653409,0.024709177213742106,0.038206293497035214,0.19121245309055074,2.9957322735539913,0.6931471805599454,19.999999999999996,,,20.0,0.0003699050284922123,0.49305805936455727,0.24822701117955148,0.49305805936455727,6320,10000.0,7.3473173386245945,False,False,exact_cap
Schirrmeister2017,14,6398,common_lr10000,cvar_a0p5,cvar,40,159,18959,0.03865934465507438,0.19661979721043957,,,0.002976375478526783,29.76375478526783,0.022322400001287577,0.027286118752935528,0.14912644373524125,2.9957322735539913,0.6931471805599454,19.999999999999996,,,20.0,0.00036562513560056686,0.49613870633766055,0.24822701117955148,0.49613870633766055,6360,10000.0,7.3473173386245945,False,False,exact_cap
Schirrmeister2017,14,6398,common_lr10000,cvar_a0p5,cvar,40,160,19118,0.03331280201341322,0.1825179498389493,,,0.0027428701746608337,27.428701746608336,0.019647915698358026,0.019471468777423825,0.08125845604210952,2.9957322735539913,0.6931471805599454,19.999999999999996,,,20.0,0.0003647380508482456,0.4992029264103621,0.24822701117955148,0.4992029264103621,6400,10000.0,7.3473173386245945,False,False,exact_cap
Schirrmeister2017,14,6398,common_lr10000,cvar_a0p5,cvar,40,161,19278,0.05649271791395428,0.2376819680033685,,,0.0035676209921142407,35.67620992114241,0.03148832384978903,0.04611606208623646,0.2733303312153713,2.9957322735539913,0.6931471805599454,19.999999999999996,,,20.0,0.000366854015737772,0.5023057695943862,0.24822701117955148,0.5023057695943862,6440,10000.0,7.3473173386245945,False,False,exact_cap
Schirrmeister2017,14,6398,common_lr10000,cvar_a0p5,cvar,40,162,19439,0.03903740377900736,0.1975788545847135,,,0.0029538810622714642,29.538810622714642,0.022893515324433844,0.023528340918851944,0.09703749110172982,2.9957322735539913,0.6931471805599454,20.0,,,20.0,0.0003622609656304121,0.5053646746091545,0.24822701117955148,0.5053646746091545,6480,10000.0,7.3473173386245945,False,False,exact_cap
Schirrmeister2017,14,6398,common_lr10000,cvar_a0p5,cvar,40,163,19601,0.05102550546036827,0.2258882587926346,,,0.0033841178807979904,33.8411788079799,0.029210687504635936,0.04231642008705833,0.2502348857157909,2.9957322735539913,0.6931471805599454,19.999999999999996,,,20.0,0.0003555840812623501,0.5084536955691874,0.24822701117955148,0.5084536955691874,6520,10000.0,7.3473173386245945,False,False,exact_cap
Schirrmeister2017,14,6398,common_lr10000,cvar_a0p5,cvar,40,164,19764,0.05495931970280599,0.23443404126279524,,,0.003542670809509707,35.42670809509708,0.030887291827496163,0.03365024596516303,0.13762211648353878,2.9957322735539913,0.6931471805599454,19.999999999999996,,,20.0,0.0003550120163708925,0.511494284728542,0.24822701117955148,0.511494284728542,6560,10000.0,7.3473173386245945,False,False,exact_cap
Schirrmeister2017,14,6398,common_lr10000,cvar_a0p5,cvar,40,165,19928,0.0364031994023847,0.19079622481166839,,,0.0028653038163890324,28.65303816389032,0.022610573907510808,0.02191452039636903,0.10797564079000238,2.9957322735539913,0.6931471805599454,20.0,,,20.0,0.00036030192859470844,0.5146008627489209,0.24822701117955148,0.5146008627489209,6600,10000.0,7.3473173386245945,False,False,exact_cap
Schirrmeister2017,14,6398,common_lr10000,cvar_a0p5,cvar,40,166,20093,0.025591179632255434,0.15997243397615551,,,0.0024002309003410276,24.002309003410275,0.014876793026821579,0.014585239005430859,0.07165749669942188,2.9957322735539913,0.6931471805599454,19.999999999999996,,,20.0,0.00035876897163689137,0.5176906646229327,0.24822701117955148,0.5176906646229327,6640,10000.0,7.3473173386245945,False,False,exact_cap
Schirrmeister2017,14,6398,common_lr10000,cvar_a0p5,cvar,40,167,20259,0.044015159685121194,0.20979790200362156,,,0.003166379547155612,31.66379547155612,0.024502450376439274,0.030211194327114936,0.12466689463962163,2.9957322735539913,0.6931471805599454,19.999999999999996,,,20.0,0.00035741389729082584,0.5207720675971359,0.24822701117955148,0.5207720675971359,6680,10000.0,7.3473173386245945,False,False,exact_cap
Schirrmeister2017,14,6398,common_lr10000,cvar_a0p5,cvar,40,168,20426,0.022732767354153062,0.15077389480328834,,,0.002276204675601492,22.762046756014918,0.01416584629638834,0.013032316192714615,0.06941026763839797,2.9957322735539913,0.6931471805599454,19.999999999999996,,,20.0,0.0003762550186365843,0.5238739205524325,0.24822701117955148,0.5238739205524325,6720,10000.0,7.3473173386245945,False,False,exact_cap
Schirrmeister2017,14,6398,common_lr10000,cvar_a0p5,cvar,40,169,20594,0.035271062497636486,0.18780591709963904,,,0.0028306629511405156,28.306629511405156,0.021189221297905486,0.016968473250408785,0.060851628429911625,2.9957322735539913,0.6931471805599454,19.999999999999996,,,20.0,0.0003573829308152199,0.5269376095384359,0.24822701117955148,0.5269376095384359,6760,10000.0,7.3473173386245945,False,False,exact_cap
Schirrmeister2017,14,6398,common_lr10000,cvar_a0p5,cvar,40,170,20763,0.046647343289736715,0.21597996038923778,,,0.003286736993169074,32.86736993169074,0.02611590135090666,0.030526249597733125,0.11030898263002889,2.9957322735539913,0.6931471805599454,20.0,,,20.0,0.0003533370327204466,0.5300759125966579,0.24822701117955148,0.5300759125966579,6800,10000.0,7.3473173386245945,False,False,exact_cap
Schirrmeister2017,14,6398,common_lr10000,cvar_a0p5,cvar,40,171,20933,0.03725238674404019,0.19300877374886405,,,0.0029253638016762847,29.25363801676285,0.021594417682649154,0.024055852276906823,0.12181820363955465,2.9957322735539913,0.6931471805599454,19.999999999999996,,,20.0,0.000347937922924757,0.5331501355394721,0.24822701117955148,0.5331501355394721,6840,10000.0,7.3473173386245945,False,False,exact_cap
Schirrmeister2017,14,6398,common_lr10000,cvar_a0p5,cvar,40,172,21104,0.033112883480191854,0.1819694575476661,,,0.0027462660888617724,27.46266088861772,0.020120483357647108,0.018785397713409407,0.07589200328030314,2.9957322735539913,0.6931471805599454,20.0,,,20.0,0.00034470483660697937,0.5361798973754048,0.24822701117955148,0.5361798973754048,6880,10000.0,7.3473173386245945,False,False,exact_cap
Schirrmeister2017,14,6398,common_lr10000,cvar_a0p5,cvar,40,173,21276,0.03741679561072209,0.19343421520176332,,,0.0029032960148432773,29.032960148432775,0.02258771572103408,0.0204705444944267,0.07479417978995187,2.9957322735539913,0.6931471805599454,19.999999999999996,,,20.0,0.0003731690812855959,0.5392525554634631,0.24822701117955148,0.5392525554634631,6920,10000.0,7.3473173386245945,False,False,exact_cap
Schirrmeister2017,14,6398,common_lr10000,cvar_a0p5,cvar,40,174,21449,0.024975211680969674,0.1580354760203217,,,0.002371529645791501,23.715296457915013,0.01542580499531962,0.013117824810930814,0.06303409226068574,2.9957322735539913,0.6931471805599454,19.999999999999996,,,20.0,0.0003670058213174343,0.5423559492919594,0.24822701117955148,0.5423559492919594,6960,10000.0,7.3473173386245945,False,False,exact_cap
Schirrmeister2017,14,6398,common_lr10000,cvar_a0p5,cvar,40,175,21623,0.03586838836329213,0.18938951492438044,409.0587120150204,16.560417573590616,0.002831441391175785,28.31441391175785,0.021372262963958853,0.02772829368925454,0.16699053602271632,2.9957322735539913,0.6931471805599454,20.0,,,20.0,0.0003657329361885786,0.5454587813001126,0.2809828920289874,0.5454587813001126,7000,10000.0,7.3473173386245945,False,False,exact_cap
Schirrmeister2017,14,6398,common_lr10000,cvar_a0p5,cvar,40,176,21798,0.043657937034779916,0.20894481815728266,,,0.003157134606649395,31.571346066493955,0.02679323583553437,0.024355253690007617,0.10272874165012925,2.9957322735539913,0.6931471805599454,19.999999999999996,,,20.0,0.00041856407187879086,0.5494102712254971,0.2809828920289874,0.5494102712254971,7040,10000.0,7.3473173386245945,False,False,exact_cap
Schirrmeister2017,14,6398,common_lr10000,cvar_a0p5,cvar,40,177,21974,0.044769506407578076,0.21158805828207336,,,0.0032053847241592433,32.053847241592436,0.027277950438700793,0.028124777035156163,0.13614323072092593,2.9957322735539913,0.6931471805599454,20.0,,,20.0,0.00039051705971360207,0.5526174581609666,0.2809828920289874,0.5526174581609666,7080,10000.0,7.3473173386245945,False,False,exact_cap
Schirrmeister2017,14,6398,common_lr10000,cvar_a0p5,cvar,40,178,22151,0.03975658220478458,0.1993905268682155,,,0.003024007489925944,30.240074899259437,0.02357703186213509,0.02654170440242599,0.13654764836561836,2.9957322735539913,0.6931471805599454,19.999999999999996,,,20.0,0.0003603610675781965,0.555780207272619,0.2809828920289874,0.555780207272619,7120,10000.0,7.3473173386245945,False,False,exact_cap
Schirrmeister2017,14,6398,common_lr10000,cvar_a0p5,cvar,40,179,22329,0.0493066170583451,0.22205093347776111,,,0.003332669489419019,33.3266948941902,0.02866611073276756,0.03492589139707918,0.1733983379684466,2.9957322735539913,0.6931471805599454,19.999999999999996,,,20.0,0.0003503519110381603,0.5588715132325888,0.2809828920289874,0.5588715132325888,7160,10000.0,7.3473173386245945,False,False,exact_cap
Schirrmeister2017,14,6398,common_lr10000,cvar_a0p5,cvar,40,180,22508,0.03513167935926184,0.1874344668391111,,,0.0028500735407998774,28.50073540799877,0.020646802669725538,0.02102740199457997,0.09176560206660106,2.9957322735539913,0.6931471805599454,19.999999999999996,,,20.0,0.0003560630138963461,0.5620324383489788,0.2809828920289874,0.5620324383489788,7200,10000.0,7.3473173386245945,False,False,exact_cap
Schirrmeister2017,14,6398,common_lr10000,cvar_a0p5,cvar,40,181,22688,0.027391368081741384,0.16550337785598632,,,0.0024884612502726936,24.88461250272693,0.016933158678220553,0.016991074686675944,0.08677484904419681,2.9957322735539913,0.6931471805599454,19.999999999999996,,,20.0,0.0003522441256791353,0.5651129225734621,0.2809828920289874,0.5651129225734621,7240,10000.0,7.3473173386245945,False,False,exact_cap
Schirrmeister2017,14,6398,common_lr10000,cvar_a0p5,cvar,40,182,22869,0.035083577395827674,0.18730610613599247,,,0.0028267259250372924,28.267259250372923,0.02135439422920279,0.017367463374834774,0.0691625938422993,2.9957322735539913,0.6931471805599454,19.999999999999996,,,20.0,0.00035059102810919285,0.5681885925587267,0.2809828920289874,0.5681885925587267,7280,10000.0,7.3473173386245945,False,False,exact_cap
Schirrmeister2017,14,6398,common_lr10000,cvar_a0p5,cvar,40,183,23051,0.03438609930629375,0.18543489236466193,,,0.002792120073280597,27.921200732805968,0.019885203677708428,0.020460153322327982,0.07995258644976905,2.9957322735539913,0.6931471805599454,19.999999999999996,,,20.0,0.00035087810829281807,0.5713267824612558,0.2809828920289874,0.5713267824612558,7320,10000.0,7.3473173386245945,False,False,exact_cap
Schirrmeister2017,14,6398,common_lr10000,cvar_a0p5,cvar,40,184,23234,0.0334921293662927,0.18300854998139485,,,0.0027680670261058834,27.680670261058832,0.01974382461530176,0.034957077472532024,0.22156655576785683,2.9957322735539913,0.6931471805599454,19.999999999999996,,,20.0,0.0003499852027744055,0.5743971785996109,0.2809828920289874,0.5743971785996109,7360,10000.0,7.3473173386245945,False,False,exact_cap
Schirrmeister2017,14,6398,common_lr10000,cvar_a0p5,cvar,40,185,23418,0.05447327119309522,0.23339509676318226,,,0.0035273778054074854,35.27377805407485,0.030829109544835205,0.034639019321028135,0.14107037715210602,2.9957322735539913,0.6931471805599454,19.999999999999996,,,20.0,0.00035235099494457245,0.577519852668047,0.2809828920289874,0.577519852668047,7400,10000.0,7.3473173386245945,False,False,exact_cap
Schirrmeister2017,14,6398,common_lr10000,cvar_a0p5,cvar,40,186,23603,0.02760043338862194,0.16613378159971542,,,0.0025011663216090584,25.011663216090582,0.016730146537268578,0.014188452691916736,0.050551620279497084,2.9957322735539913,0.6931471805599454,19.999999999999996,,,20.0,0.0003511100076138973,0.5805882576387376,0.2809828920289874,0.5805882576387376,7440,10000.0,7.3473173386245945,False,False,exact_cap
Schirrmeister2017,14,6398,common_lr10000,cvar_a0p5,cvar,40,187,23789,0.04886573000318162,0.22105594315281735,,,0.003329815005696351,33.29815005696351,0.028085276780103887,0.039632834058552495,0.2275495357790862,2.9957322735539913,0.6931471805599454,20.0,,,20.0,0.000343085965141654,0.5836378026288003,0.2809828920289874,0.5836378026288003,7480,10000.0,7.3473173386245945,False,False,exact_cap
Schirrmeister2017,14,6398,common_lr10000,cvar_a0p5,cvar,40,188,23976,0.03927701611625507,0.19818429835951956,,,0.002987423833289929,29.87423833289929,0.023527705799750363,0.02215707486860284,0.09881638504753225,2.9957322735539913,0.6931471805599454,19.999999999999996,,,20.0,0.00033289287239313126,0.5866591434460133,0.2809828920289874,0.5866591434460133,7520,10000.0,7.3473173386245945,False,False,exact_cap
Schirrmeister2017,14,6398,common_lr10000,cvar_a0p5,cvar,40,189,24164,0.03660205630105738,0.19131663885051237,,,0.002872593087015099,28.72593087015099,0.020774825406313223,0.02289745501512532,0.09822409236942478,2.9957322735539913,0.6931471805599454,19.999999999999996,,,20.0,0.00033573294058442116,0.589670363580808,0.2809828920289874,0.589670363580808,7560,10000.0,7.3473173386245945,False,False,exact_cap
Schirrmeister2017,14,6398,common_lr10000,cvar_a0p5,cvar,40,190,24353,0.0411036416094956,0.2027403304956752,,,0.0030560052505164467,30.560052505164467,0.024021408761754525,0.027823216067192402,0.1140196117546309,2.9957322735539913,0.6931471805599454,19.999999999999996,,,20.0,0.00033232406713068485,0.5926589765585959,0.2809828920289874,0.5926589765585959,7600,10000.0,7.3473173386245945,False,False,exact_cap
Schirrmeister2017,14,6398,common_lr10000,cvar_a0p5,cvar,40,191,24543,0.04114335142161488,0.2028382395447537,,,0.0030392564397079508,30.392564397079507,0.023780166084681184,0.025301641396035166,0.1172557151497192,2.9957322735539913,0.6931471805599454,19.999999999999996,,,20.0,0.0003479479346424341,0.5957684644963592,0.2809828920289874,0.5957684644963592,7640,10000.0,7.3473173386245945,False,False,exact_cap
Schirrmeister2017,14,6398,common_lr10000,cvar_a0p5,cvar,40,192,24734,0.03683687283145593,0.19192934333096628,,,0.002868881637286015,28.68881637286015,0.021310165881829296,0.0225360981426364,0.08818702262132683,2.9957322735539913,0.6931471805599454,19.999999999999996,,,20.0,0.0003449430223554373,0.5987936984747648,0.2809828920289874,0.5987936984747648,7680,10000.0,7.3473173386245945,False,False,exact_cap
Schirrmeister2017,14,6398,common_lr10000,cvar_a0p5,cvar,40,193,24926,0.029911487233757535,0.17294937766224408,,,0.0026073222041642506,26.07322204164251,0.01804429732405594,0.015293372186937885,0.06257779214490465,2.9957322735539913,0.6931471805599454,19.999999999999996,,,20.0,0.00034498516470193863,0.6017976633738726,0.2809828920289874,0.6017976633738726,7720,10000.0,7.3473173386245945,False,False,exact_cap
Schirrmeister2017,14,6398,common_lr10000,cvar_a0p5,cvar,40,194,25119,0.031466435906726736,0.1773878121707541,,,0.002705333304967036,27.05333304967036,0.019122644365722082,0.016957479554607628,0.07708928129572723,2.9957322735539913,0.6931471805599454,19.999999999999996,,,20.0,0.00034365197643637657,0.6048303213901818,0.2809828920289874,0.6048303213901818,7760,10000.0,7.3473173386245945,False,False,exact_cap
Schirrmeister2017,14,6398,common_lr10000,cvar_a0p5,cvar,40,195,25313,0.028320354620229513,0.16828652536739094,,,0.0025430911066798116,25.430911066798117,0.01736090131692862,0.013768499396467565,0.05361243379267658,2.9957322735539913,0.6931471805599454,19.999999999999996,,,20.0,0.0003346540033817291,0.6078429005574435,0.2809828920289874,0.6078429005574435,7800,10000.0,7.3473173386245945,False,False,exact_cap
Schirrmeister2017,14,6398,common_lr10000,cvar_a0p5,cvar,40,196,25508,0.029149875422887418,0.1707333459605575,,,0.002578836524015132,25.78836524015132,0.017710839800372698,0.015763278204508714,0.058925821592944794,2.9957322735539913,0.6931471805599454,19.999999999999996,,,20.0,0.00033716182224452496,0.610859521664679,0.2809828920289874,0.610859521664679,7840,10000.0,7.3473173386245945,False,False,exact_cap
Schirrmeister2017,14,6398,common_lr10000,cvar_a0p5,cvar,40,197,25704,0.038485727283720426,0.19617779508323674,,,0.0029510983894831914,29.510983894831917,0.022805573619355004,0.022948924341825,0.09265976085029468,2.9957322735539913,0.6931471805599454,19.999999999999996,,,20.0,0.0003339259419590235,0.613938306691125,0.2809828920289874,0.613938306691125,7880,10000.0,7.3473173386245945,False,False,exact_cap
Schirrmeister2017,14,6398,common_lr10000,cvar_a0p5,cvar,40,198,25901,0.036093604470873744,0.1899831689147061,,,0.0028797642406442657,28.79764240644266,0.021957814990808667,0.022821358104967958,0.10568148332226568,2.9957322735539913,0.6931471805599454,20.0,,,20.0,0.0003395879175513983,0.6169720676261932,0.2809828920289874,0.6169720676261932,7920,10000.0,7.3473173386245945,False,False,exact_cap
Schirrmeister2017,14,6398,common_lr10000,cvar_a0p5,cvar,40,199,26099,0.0500442584255391,0.22370574070760701,,,0.0033723533145082717,33.72353314508272,0.027609430161247346,0.04564046658915339,0.24329047400030024,2.9957322735539913,0.6931471805599454,19.999999999999996,,,20.0,0.0003390728961676359,0.6200075645465404,0.2809828920289874,0.6200075645465404,7960,10000.0,7.3473173386245945,False,False,exact_cap
Schirrmeister2017,14,6398,common_lr10000,cvar_a0p5,cvar,40,200,26298,0.04053367159186462,0.20132975833657732,400.68293507437096,18.268904179295458,0.003050848093722924,30.50848093722924,0.023793091976329464,0.029329610923038582,0.12919874938573017,2.9957322735539913,0.6931471805599454,20.0,,,20.0,0.0003429511561989784,0.6230363405775279,0.3135623100679368,0.6230363405775279,8000,10000.0,7.3473173386245945,False,False,exact_cap
Schirrmeister2017,14,6398,common_lr10000,cvar_a0p5,cvar,40,201,26498,0.03216051952500103,0.179333542665618,,,0.002696150035560791,26.961500355607907,0.019365698172262205,0.02516649495088516,0.12228682191141971,2.9957322735539913,0.6931471805599454,20.0,,,20.0,0.0004202381242066622,0.6268665355164558,0.3135623100679368,0.6268665355164558,8040,10000.0,7.3473173386245945,False,False,exact_cap
Schirrmeister2017,14,6398,common_lr10000,cvar_a0p5,cvar,40,202,26699,0.03961980829472802,0.19904725141214089,,,0.0030190801996335327,30.190801996335328,0.022936642703318955,0.0311626261945803,0.14259664102467512,2.9957322735539913,0.6931471805599454,19.999999999999996,,,20.0,0.00038253702223300934,0.6300739825237542,0.3135623100679368,0.6300739825237542,8080,10000.0,7.3473173386245945,False,False,exact_cap
Schirrmeister2017,14,6398,common_lr10000,cvar_a0p5,cvar,40,203,26901,0.01996381439282055,0.14129336287604083,,,0.002133605908469828,21.336059084698274,0.012807155110560485,0.00858298427045525,0.03532767136301754,2.9957322735539913,0.6931471805599454,19.999999999999996,,,20.0,0.0003651420120149851,0.6332323765382171,0.3135623100679368,0.6332323765382171,8120,10000.0,7.3473173386245945,False,False,exact_cap
Schirrmeister2017,14,6398,common_lr10000,cvar_a0p5,cvar,40,204,27104,0.03990772729536711,0.19976918504956442,,,0.003018890093123511,30.188900931235114,0.023137462961013967,0.02266795877642373,0.08983892170241123,2.9957322735539913,0.6931471805599454,19.999999999999996,,,20.0,0.00036212801933288574,0.6363415946252644,0.3135623100679368,0.6363415946252644,8160,10000.0,7.3473173386245945,False,False,exact_cap
Schirrmeister2017,14,6398,common_lr10000,cvar_a0p5,cvar,40,205,27308,0.0315668453223114,0.1776706090559477,,,0.002694005347569018,26.94005347569018,0.019844871671908904,0.016909602117631737,0.08052307082471785,2.9957322735539913,0.6931471805599454,20.0,,,20.0,0.00035094283521175385,0.6394825945608318,0.3135623100679368,0.6394825945608318,8200,10000.0,7.3473173386245945,False,False,exact_cap
Schirrmeister2017,14,6398,common_lr10000,cvar_a0p5,cvar,40,206,27513,0.03417548318818106,0.18486612233770974,,,0.0028037558018769925,28.037558018769925,0.02020378371272056,0.02309879626457413,0.1289964581820938,2.9957322735539913,0.6931471805599454,20.0,,,20.0,0.0003473479300737381,0.6425616766791791,0.3135623100679368,0.6425616766791791,8240,10000.0,7.3473173386245945,False,False,exact_cap
Schirrmeister2017,14,6398,common_lr10000,cvar_a0p5,cvar,40,207,27719,0.029022372997920945,0.17035954037834494,,,0.002566890726576707,25.668907265767068,0.01814331530158338,0.015189300810725254,0.06065119038159241,2.9957322735539913,0.6931471805599454,19.999999999999996,,,20.0,0.0003520019818097353,0.6456711597274989,0.3135623100679368,0.6456711597274989,8280,10000.0,7.3473173386245945,False,False,exact_cap
Schirrmeister2017,14,6398,common_lr10000,cvar_a0p5,cvar,40,208,27926,0.033826315934694755,0.18391931909044998,,,0.002744335141392413,27.44335141392413,0.01987936660943619,0.01834852204631377,0.06512995201546626,2.9957322735539913,0.6931471805599454,19.999999999999996,,,20.0,0.0003505600616335869,0.6487490327563137,0.3135623100679368,0.6487490327563137,8320,10000.0,7.3473173386245945,False,False,exact_cap
Schirrmeister2017,14,6398,common_lr10000,cvar_a0p5,cvar,40,209,28134,0.0339066506278828,0.18413758613570125,,,0.0027618601416160705,27.618601416160708,0.02017392524283786,0.030527394141535748,0.19444147183256766,2.9957322735539913,0.6931471805599454,19.999999999999996,,,20.0,0.0003471469972282648,0.6518009635619819,0.3135623100679368,0.6518009635619819,8360,10000.0,7.3473173386245945,False,False,exact_cap
Schirrmeister2017,14,6398,common_lr10000,cvar_a0p5,cvar,40,210,28343,0.028984066570129214,0.17024707507070191,,,0.002586612604354767,25.86612604354767,0.017604211053245132,0.01577273665873099,0.0596633025885879,2.9957322735539913,0.6931471805599454,20.0,,,20.0,0.0003428750205785036,0.6548562885727733,0.3135623100679368,0.6548562885727733,8400,10000.0,7.3473173386245945,False,False,exact_cap
Schirrmeister2017,14,6398,common_lr10000,cvar_a0p5,cvar,40,211,28553,0.03630198271226208,0.19053079203179227,,,0.0028964239257432325,28.964239257432325,0.021492011245223624,0.023836944710025374,0.12296142065178892,2.9957322735539913,0.6931471805599454,19.999999999999996,,,20.0,0.0003392738290131092,0.6578925135545433,0.3135623100679368,0.6578925135545433,8440,10000.0,7.3473173386245945,False,False,exact_cap
Schirrmeister2017,14,6398,common_lr10000,cvar_a0p5,cvar,40,212,28764,0.04114347406519492,0.20283854186321423,,,0.00305080127228721,30.5080127228721,0.024638061667758743,0.028317874655964713,0.12300502033949559,2.9957322735539913,0.6931471805599454,19.999999999999996,,,20.0,0.00034049898386001587,0.6609353076200932,0.3135623100679368,0.6609353076200932,8480,10000.0,7.3473173386245945,False,False,exact_cap
Schirrmeister2017,14,6398,common_lr10000,cvar_a0p5,cvar,40,213,28976,0.03915497767328492,0.1978761675222282,,,0.0029875296023263906,29.875296023263907,0.024545843215080767,0.018424396786912385,0.06775844917406429,2.9957322735539913,0.6931471805599454,19.999999999999996,,,20.0,0.00034179980866611004,0.6639915306586772,0.3135623100679368,0.6639915306586772,8520,10000.0,7.3473173386245945,False,False,exact_cap
Schirrmeister2017,14,6398,common_lr10000,cvar_a0p5,cvar,40,214,29189,0.020285754237607367,0.14242806688854331,,,0.0021508091513076423,21.508091513076426,0.012053653460867739,0.010405691961440738,0.04089931202433171,2.9957322735539913,0.6931471805599454,19.999999999999996,,,20.0,0.00033720117062330246,0.6670483816415071,0.3135623100679368,0.6670483816415071,8560,10000.0,7.3473173386245945,False,False,exact_cap
Schirrmeister2017,14,6398,common_lr10000,cvar_a0p5,cvar,40,215,29403,0.03742118134671329,0.19344555137483335,,,0.002918749052223074,29.187490522230743,0.023336084367054394,0.022624613076795603,0.1138786144617971,2.9957322735539913,0.6931471805599454,19.999999999999996,,,20.0,0.0003312129992991686,0.6700837844982743,0.3135623100679368,0.6700837844982743,8600,10000.0,7.3473173386245945,False,False,exact_cap
Schirrmeister2017,14,6398,common_lr10000,cvar_a0p5,cvar,40,216,29618,0.049801262624670314,0.22316196500450142,,,0.0033821217745128016,33.82121774512802,0.02921504457597643,0.030829338409961042,0.1636578803275289,2.9957322735539913,0.6931471805599454,19.999999999999996,,,20.0,0.00034530111588537693,0.6732081174850464,0.3135623100679368,0.6732081174850464,8640,10000.0,7.3473173386245945,False,False,exact_cap
Schirrmeister2017,14,6398,common_lr10000,cvar_a0p5,cvar,40,217,29834,0.028781202543260782,0.1696502359068822,,,0.002565496369593922,25.654963695939216,0.01729776759499478,0.018244772350267453,0.09424018626887086,2.9957322735539913,0.6931471805599454,19.999999999999996,,,20.0,0.0003408279735594988,0.6762803746387362,0.3135623100679368,0.6762803746387362,8680,10000.0,7.3473173386245945,False,False,exact_cap
Schirrmeister2017,14,6398,common_lr10000,cvar_a0p5,cvar,40,218,30051,0.021541101510999618,0.14676887105581898,,,0.002227745323661232,22.277453236612324,0.013078615304997727,0.015554161040240287,0.08169155372589529,2.9957322735539913,0.6931471805599454,19.999999999999996,,,20.0,0.0003373250365257263,0.6793348486535251,0.3135623100679368,0.6793348486535251,8720,10000.0,7.3473173386245945,False,False,exact_cap
Schirrmeister2017,14,6398,common_lr10000,cvar_a0p5,cvar,40,219,30269,0.028946975310500268,0.17013810657962627,,,0.0025622278585952707,25.62227858595271,0.017542622684394302,0.022008701567392076,0.13067450749044018,2.9957322735539913,0.6931471805599454,19.999999999999996,,,20.0,0.00034613884054124355,0.6824359276797622,0.3135623100679368,0.6824359276797622,8760,10000.0,7.3473173386245945,False,False,exact_cap
Schirrmeister2017,14,6398,common_lr10000,cvar_a0p5,cvar,40,220,30488,0.03414589936729605,0.18478609083828806,,,0.002796955796959716,27.969557969597155,0.019997355194813184,0.023364994092787972,0.11887819191212952,2.9957322735539913,0.6931471805599454,19.999999999999996,,,20.0,0.0003401490394026041,0.6855540676042438,0.3135623100679368,0.6855540676042438,8800,10000.0,7.3473173386245945,False,False,exact_cap
Schirrmeister2017,14,6398,common_lr10000,cvar_a0p5,cvar,40,221,30708,0.03193050527178841,0.17869108895462138,,,0.0026976277527869887,26.97627752786989,0.01933652071048937,0.02258536891726763,0.13293741144902976,2.9957322735539913,0.6931471805599454,20.0,,,20.0,0.00034409714862704277,0.6885941536165774,0.3135623100679368,0.6885941536165774,8840,10000.0,7.3473173386245945,False,False,exact_cap
Schirrmeister2017,14,6398,common_lr10000,cvar_a0p5,cvar,40,222,30929,0.025280087578376766,0.15899713072372335,,,0.002420955081567739,24.20955081567739,0.01539235511232169,0.014767075834129862,0.0625098616483983,2.9957322735539913,0.6931471805599454,19.999999999999996,,,20.0,0.0003536560107022524,0.6916416836902499,0.3135623100679368,0.6916416836902499,8880,10000.0,7.3473173386245945,False,False,exact_cap
Schirrmeister2017,14,6398,common_lr10000,cvar_a0p5,cvar,40,223,31151,0.041298008003520445,0.20321911328297948,,,0.0030770651710570205,30.770651710570206,0.024231785286301495,0.026002329153347256,0.1331267338624522,2.9957322735539913,0.6931471805599454,20.0,,,20.0,0.0003442398738116026,0.6946744236629456,0.3135623100679368,0.6946744236629456,8920,10000.0,7.3473173386245945,False,False,exact_cap
Schirrmeister2017,14,6398,common_lr10000,cvar_a0p5,cvar,40,224,31374,0.03661524478069904,0.19135110342169193,,,0.002866548530694746,28.66548530694746,0.023001729585576825,0.01924364970004854,0.08595434243088254,2.9957322735539913,0.6931471805599454,19.999999999999996,,,20.0,0.0003367320168763399,0.6976871497463435,0.3135623100679368,0.6976871497463435,8960,10000.0,7.3473173386245945,False,False,exact_cap
Schirrmeister2017,14,6398,common_lr10000,cvar_a0p5,cvar,40,225,31598,0.041571150976282556,0.20389004629035365,392.4152850089034,19.955335121475112,0.0031004603450682277,31.00460345068228,0.023450407467499868,0.03163157531298875,0.1507371277810417,2.9957322735539913,0.6931471805599454,19.999999999999996,,,20.0,0.00034838495776057243,0.7007108996622264,0.34533130726777017,0.7007108996622264,9000,10000.0,7.3473173386245945,False,False,exact_cap
Schirrmeister2017,14,6398,common_lr10000,cvar_a0p5,cvar,40,226,31823,0.033221469918182395,0.18226757780302671,,,0.002744392694549007,27.44392694549007,0.0195984914724962,0.020900943653585684,0.10485304981617857,2.9957322735539913,0.6931471805599454,19.999999999999996,,,20.0,0.00041524902917444706,0.7046530386433005,0.34533130726777017,0.7046530386433005,9040,10000.0,7.3473173386245945,False,False,exact_cap
Schirrmeister2017,14,6398,common_lr10000,cvar_a0p5,cvar,40,227,32049,0.03345560895783792,0.18290874489164785,,,0.002754438278325815,27.54438278325815,0.02066596722721216,0.021584612371882597,0.11796233578264548,2.9957322735539913,0.6931471805599454,20.0,,,20.0,0.00039046001620590687,0.7078298185952008,0.34533130726777017,0.7078298185952008,9080,10000.0,7.3473173386245945,False,False,exact_cap
Schirrmeister2017,14,6398,common_lr10000,cvar_a0p5,cvar,40,228,32276,0.029235033221041283,0.17098255238778395,,,0.0025909001559907135,25.909001559907136,0.01764939500930802,0.01622564961812145,0.07221321982866485,2.9957322735539913,0.6931471805599454,19.999999999999996,,,20.0,0.0003780748229473829,0.7109937856439501,0.34533130726777017,0.7109937856439501,9120,10000.0,7.3473173386245945,False,False,exact_cap
Schirrmeister2017,14,6398,common_lr10000,cvar_a0p5,cvar,40,229,32504,0.0297105913873411,0.17236760538842877,,,0.0025895797798211233,25.895797798211234,0.017734185718753858,0.017495208702759835,0.07132375789486738,2.9957322735539913,0.6931471805599454,19.999999999999996,,,20.0,0.00038035493344068527,0.7141008775215596,0.34533130726777017,0.7141008775215596,9160,10000.0,7.3473173386245945,False,False,exact_cap
Schirrmeister2017,14,6398,common_lr10000,cvar_a0p5,cvar,40,230,32733,0.03603869168864753,0.18983859378073661,,,0.0028512153492958408,28.512153492958408,0.02109540926605424,0.022803538787606565,0.10481356566119773,2.9957322735539913,0.6931471805599454,19.999999999999996,,,20.0,0.00036771991290152073,0.7171827196143568,0.34533130726777017,0.7171827196143568,9200,10000.0,7.3473173386245945,False,False,exact_cap
Schirrmeister2017,14,6398,common_lr10000,cvar_a0p5,cvar,40,231,32963,0.030083227710961117,0.17344517206010987,,,0.0026262609798995925,26.26260979899592,0.01751617595602989,0.0201841072951619,0.0968788640057627,2.9957322735539913,0.6931471805599454,19.999999999999996,,,20.0,0.0003501512110233307,0.7202877667732537,0.34533130726777017,0.7202877667732537,9240,10000.0,7.3473173386245945,False,False,exact_cap
Schirrmeister2017,14,6398,common_lr10000,cvar_a0p5,cvar,40,232,33194,0.03464866725121926,0.1861415247901963,,,0.002827148008793105,28.271480087931057,0.02068897763958291,0.02180203552551006,0.10414624699796173,2.9957322735539913,0.6931471805599454,19.999999999999996,,,20.0,0.00034799682907760143,0.7233195079024881,0.34533130726777017,0.7233195079024881,9280,10000.0,7.3473173386245945,False,False,exact_cap
Schirrmeister2017,14,6398,common_lr10000,cvar_a0p5,cvar,40,233,33426,0.029432564614951584,0.17155921605950403,,,0.0025813316466494598,25.813316466494598,0.017087227634024076,0.02041515428999025,0.11653459869798546,2.9957322735539913,0.6931471805599454,19.999999999999996,,,20.0,0.0003572050482034683,0.7263529228512198,0.34533130726777017,0.7263529228512198,9320,10000.0,7.3473173386245945,False,False,exact_cap
Schirrmeister2017,14,6398,common_lr10000,cvar_a0p5,cvar,40,234,33659,0.037117837474247156,0.1926599010542857,,,0.0028988699306034082,28.98869930603408,0.022050521591016815,0.024008340077150962,0.11059145411965947,2.9957322735539913,0.6931471805599454,19.999999999999996,,,20.0,0.0003614060115069151,0.7294471180066466,0.34533130726777017,0.7294471180066466,9360,10000.0,7.3473173386245945,False,False,exact_cap
Schirrmeister2017,14,6398,common_lr10000,cvar_a0p5,cvar,40,235,33893,0.032522898975733655,0.18034106292171412,,,0.0027237913803071934,27.237913803071933,0.01933723721131876,0.019086960011078093,0.08132354317522134,2.9957322735539913,0.6931471805599454,19.999999999999996,,,20.0,0.0003762110136449337,0.7325555521529168,0.34533130726777017,0.7325555521529168,9400,10000.0,7.3473173386245945,False,False,exact_cap
Schirrmeister2017,14,6398,common_lr10000,cvar_a0p5,cvar,40,236,34128,0.029343032056501128,0.1712980795470315,,,0.002585660461992677,25.856604619926767,0.017638945248404047,0.02255132739518659,0.12224532085943587,2.9957322735539913,0.6931471805599454,19.999999999999996,,,20.0,0.0003539707977324724,0.7355871361214668,0.34533130726777017,0.7355871361214668,9440,10000.0,7.3473173386245945,False,False,exact_cap
Schirrmeister2017,14,6398,common_lr10000,cvar_a0p5,cvar,40,237,34364,0.03330174745769952,0.1824876638507368,,,0.002752588321872271,27.525883218722708,0.020125951651772823,0.018876075518012313,0.06754845278086098,2.9957322735539913,0.6931471805599454,19.999999999999996,,,20.0,0.0003642928786575794,0.7386253152508289,0.34533130726777017,0.7386253152508289,9480,10000.0,7.3473173386245945,False,False,exact_cap
Schirrmeister2017,14,6398,common_lr10000,cvar_a0p5,cvar,40,238,34601,0.031392183824183205,0.17717839547806952,,,0.002670344282702941,26.70344282702941,0.01937073350853616,0.021553774283453668,0.1028513451767622,2.9957322735539913,0.6931471805599454,19.999999999999996,,,20.0,0.0003516329452395439,0.7416635241825134,0.34533130726777017,0.7416635241825134,9520,10000.0,7.3473173386245945,False,False,exact_cap
Schirrmeister2017,14,6398,common_lr10000,cvar_a0p5,cvar,40,239,34839,0.027858721780345864,0.1669093220294956,,,0.0025273343422931136,25.273343422931134,0.01739476981213332,0.016194500864134407,0.08299634207076145,2.9957322735539913,0.6931471805599454,19.999999999999996,,,20.0,0.00034987693652510643,0.7447509292978793,0.34533130726777017,0.7447509292978793,9560,10000.0,7.3473173386245945,False,False,exact_cap
Schirrmeister2017,14,6398,common_lr10000,cvar_a0p5,cvar,40,240,35078,0.024188142904689548,0.15552537704403596,,,0.0023589283739501223,23.589283739501223,0.01506973439933666,0.012271815916358963,0.054977114970065535,2.9957322735539913,0.6931471805599454,19.999999999999996,,,20.0,0.0003506310749799013,0.747773009352386,0.34533130726777017,0.747773009352386,9600,10000.0,7.3473173386245945,False,False,exact_cap
Schirrmeister2017,14,6398,common_lr10000,cvar_a0p5,cvar,40,241,35318,0.028849139085765217,0.16985034320178813,,,0.0025577386483339277,25.57738648333928,0.017217197138058766,0.014870922929851446,0.060489619786389545,2.9957322735539913,0.6931471805599454,19.999999999999996,,,20.0,0.0003401848953217268,0.7508075363002717,0.34533130726777017,0.7508075363002717,9640,10000.0,7.3473173386245945,False,False,exact_cap
Schirrmeister2017,14,6398,common_lr10000,cvar_a0p5,cvar,40,242,35559,0.024090266959798864,0.1552103957852014,,,0.0023574816739202016,23.574816739202017,0.014969154359813617,0.014964646866739017,0.059552273711835524,2.9957322735539913,0.6931471805599454,19.999999999999996,,,20.0,0.0003325550351291895,0.7538387863896787,0.34533130726777017,0.7538387863896787,9680,10000.0,7.3473173386245945,False,False,exact_cap
Schirrmeister2017,14,6398,common_lr10000,cvar_a0p5,cvar,40,243,35801,0.026849691986240595,0.16385875620863413,,,0.002471630379514369,24.716303795143695,0.01682052401871482,0.017779645680864455,0.10504199717224666,2.9957322735539913,0.6931471805599454,19.999999999999996,,,20.0,0.00033943098969757557,0.7569343592040241,0.34533130726777017,0.7569343592040241,9720,10000.0,7.3473173386245945,False,False,exact_cap
Schirrmeister2017,14,6398,common_lr10000,cvar_a0p5,cvar,40,244,36044,0.03666155027590377,0.19147206134552314,,,0.0028951482807455108,28.951482807455104,0.020846556542719163,0.02200297991479846,0.09160330539211115,2.9957322735539913,0.6931471805599454,19.999999999999996,,,20.0,0.0003701029345393181,0.7601172882132232,0.34533130726777017,0.7601172882132232,9760,10000.0,7.3473173386245945,False,False,exact_cap
Schirrmeister2017,14,6398,common_lr10000,cvar_a0p5,cvar,40,245,36288,0.02919817046643428,0.17087472155481126,,,0.0025815274272986766,25.81527427298677,0.017309018067988163,0.01774466769142912,0.08359418074020175,2.9957322735539913,0.6931471805599454,19.999999999999996,,,20.0,0.0003653978928923607,0.7632189900614321,0.34533130726777017,0.7632189900614321,9800,10000.0,7.3473173386245945,False,False,exact_cap
Schirrmeister2017,14,6398,common_lr10000,cvar_a0p5,cvar,40,246,36533,0.023889646324987947,0.15456275853189197,,,0.0023498128352960144,23.498128352960144,0.014391427210673643,0.021059842495749305,0.12861469267139414,2.9957322735539913,0.6931471805599454,19.999999999999996,,,20.0,0.00036207307130098343,0.766280280193314,0.34533130726777017,0.766280280193314,9840,10000.0,7.3473173386245945,False,False,exact_cap
Schirrmeister2017,14,6398,common_lr10000,cvar_a0p5,cvar,40,247,36779,0.04181021331644741,0.20447545895888683,,,0.0030976593733169928,30.976593733169928,0.023857840968980804,0.031245290033906026,0.13948488428138792,2.9957322735539913,0.6931471805599454,19.999999999999996,,,20.0,0.0003649999853223562,0.7693387782201171,0.34533130726777017,0.7693387782201171,9880,10000.0,7.3473173386245945,False,False,exact_cap
Schirrmeister2017,14,6398,common_lr10000,cvar_a0p5,cvar,40,248,37026,0.02654728499299855,0.16293337593322785,,,0.002470375268566931,24.70375268566931,0.01626249837865707,0.014242349147853684,0.06292119181535034,2.9957322735539913,0.6931471805599454,20.0,,,20.0,0.0003584860824048519,0.772385131334886,0.34533130726777017,0.772385131334886,9920,10000.0,7.3473173386245945,False,False,exact_cap
Schirrmeister2017,14,6398,common_lr10000,cvar_a0p5,cvar,40,249,37274,0.025098699167067817,0.1584256897320249,,,0.002385435792162833,23.854357921628328,0.015450927943156565,0.011931417976502266,0.042330180932798334,2.9957322735539913,0.6931471805599454,19.999999999999996,,,20.0,0.00035247113555669785,0.7754328262526542,0.34533130726777017,0.7754328262526542,9960,10000.0,7.3473173386245945,False,False,exact_cap
Schirrmeister2017,14,6398,common_lr10000,cvar_a0p5,cvar,40,250,37523,0.039993764532734045,0.1999844107242713,385.65505381175365,21.334283550216686,0.003020892755207521,30.20892755207521,0.02471552305392915,0.021344012925686714,0.09534936856678071,2.9957322735539913,0.6931471805599454,19.999999999999996,,,20.0,0.00034979614429175854,0.7784700603224337,0.37657056422904134,0.7784700603224337,10000,10000.0,7.3473173386245945,False,False,exact_cap
Schirrmeister2017,14,6398,common_lr10000,cvar_a0p5,cvar,40,251,37773,0.03474884519813219,0.1864104213774868,,,0.0028290787205387516,28.290787205387513,0.021052076751865226,0.01799482396281773,0.06714931016331678,2.9957322735539913,0.6931471805599454,19.999999999999996,,,20.0,0.0004239350091665983,0.7824068104382604,0.37657056422904134,0.7824068104382604,10040,10000.0,7.3473173386245945,False,False,exact_cap
Schirrmeister2017,14,6398,common_lr10000,cvar_a0p5,cvar,40,252,38024,0.03101468818181781,0.17610987531032385,,,0.002659945844082041,26.599458440820413,0.018877782395587857,0.02344897898831823,0.14318554862487945,2.9957322735539913,0.6931471805599454,20.0,,,20.0,0.00038955407217144966,0.7856584824621677,0.37657056422904134,0.7856584824621677,10080,10000.0,7.3473173386245945,False,False,exact_cap
Schirrmeister2017,14,6398,common_lr10000,cvar_a0p5,cvar,40,253,38276,0.03547998999932358,0.18836132830101718,,,0.0028415662841813137,28.415662841813134,0.021262259573520452,0.021728233170999346,0.11503596684459645,2.9957322735539913,0.6931471805599454,19.999999999999996,,,20.0,0.00036615110002458096,0.7888696824666113,0.37657056422904134,0.7888696824666113,10120,10000.0,7.3473173386245945,False,False,exact_cap
Schirrmeister2017,14,6398,common_lr10000,cvar_a0p5,cvar,40,254,38529,0.02530448878380923,0.1590738469510599,,,0.0024185629424299166,24.185629424299165,0.016097965731299246,0.013351641957673268,0.06334613382277564,2.9957322735539913,0.6931471805599454,19.999999999999996,,,20.0,0.00039178598672151566,0.7920313174836338,0.37657056422904134,0.7920313174836338,10160,10000.0,7.3473173386245945,False,False,exact_cap
Schirrmeister2017,14,6398,common_lr10000,cvar_a0p5,cvar,40,255,38783,0.017863188578490747,0.13365324005983076,,,0.002025904414112663,20.25904414112663,0.011583997817328377,0.009967727659896402,0.05137435525288772,2.9957322735539913,0.6931471805599454,19.999999999999996,,,20.0,0.00035955803468823433,0.7951238674577326,0.37657056422904134,0.7951238674577326,10200,10000.0,7.3473173386245945,False,False,exact_cap
Schirrmeister2017,14,6398,common_lr10000,cvar_a0p5,cvar,40,256,39038,0.02457597885544629,0.15676727609882837,,,0.0023725727952020868,23.72572795202087,0.016048503079562605,0.011430553518211907,0.04517804456644202,2.9957322735539913,0.6931471805599454,20.0,,,20.0,0.00035942415706813335,0.798217341536656,0.37657056422904134,0.798217341536656,10240,10000.0,7.3473173386245945,False,False,exact_cap
Schirrmeister2017,14,6398,common_lr10000,cvar_a0p5,cvar,40,257,39294,0.03514722925916519,0.18747594314782148,,,0.0028387426012776757,28.387426012776757,0.02213307617633884,0.02357535272804113,0.14860069423577413,2.9957322735539913,0.6931471805599454,19.999999999999996,,,20.0,0.00034516281448304653,0.8012770405039191,0.37657056422904134,0.8012770405039191,10280,10000.0,7.3473173386245945,False,False,exact_cap
Schirrmeister2017,14,6398,common_lr10000,cvar_a0p5,cvar,40,258,39551,0.020127213756178538,0.14187041184185847,,,0.0021420035728332075,21.420035728332078,0.01306578210962561,0.010774449062319688,0.05017202723633246,2.9957322735539913,0.6931471805599454,20.0,,,20.0,0.00034376000985503197,0.8043774776160717,0.37657056422904134,0.8043774776160717,10320,10000.0,7.3473173386245945,False,False,exact_cap
Schirrmeister2017,14,6398,common_lr10000,cvar_a0p5,cvar,40,259,39809,0.030198381475735447,0.17377681512714938,,,0.002634048024796528,26.34048024796528,0.01755124537590076,0.02315519875139716,0.13198008853300963,2.9957322735539913,0.6931471805599454,19.999999999999996,,,20.0,0.00035385903902351856,0.8074841205962002,0.37657056422904134,0.8074841205962002,10360,10000.0,7.3473173386245945,False,False,exact_cap
Schirrmeister2017,14,6398,common_lr10000,cvar_a0p5,cvar,40,260,40068,0.024827222212594507,0.15756656438659347,,,0.002387184374976378,23.87184374976378,0.0155443854392148,0.015823321085075785,0.0945691963679868,2.9957322735539913,0.6931471805599454,19.999999999999996,,,20.0,0.0003519828896969557,0.8105503744445741,0.37657056422904134,0.8105503744445741,10400,10000.0,7.3473173386245945,False,False,exact_cap
Schirrmeister2017,14,6398,common_lr10000,cvar_a0p5,cvar,40,261,40328,0.025590049552097843,0.15996890182812984,,,0.0024045095077408853,24.045095077408856,0.01535768465655469,0.013101587452136836,0.051788223968912646,2.9957322735539913,0.6931471805599454,19.999999999999996,,,20.0,0.00033368612639606,0.813593685394153,0.37657056422904134,0.813593685394153,10440,10000.0,7.3473173386245945,False,False,exact_cap
Schirrmeister2017,14,6398,common_lr10000,cvar_a0p5,cvar,40,262,40589,0.024052531213751928,0.15508878493866643,,,0.002355751578320047,23.55751578320047,0.014573513816255629,0.016786302088096523,0.07322145818506098,2.9957322735539913,0.6931471805599454,19.999999999999996,,,20.0,0.0003376391250640154,0.816626898245886,0.37657056422904134,0.816626898245886,10480,10000.0,7.3473173386245945,False,False,exact_cap
Schirrmeister2017,14,6398,common_lr10000,cvar_a0p5,cvar,40,263,40851,0.025300235593493543,0.1590604777859464,,,0.0023820412696551603,23.8204126965516,0.015182089446099634,0.015551253233752112,0.0639452839040542,2.9957322735539913,0.6931471805599454,19.999999999999996,,,20.0,0.0003488741349428892,0.8196712522767484,0.37657056422904134,0.8196712522767484,10520,10000.0,7.3473173386245945,False,False,exact_cap
Schirrmeister2017,14,6398,common_lr10000,cvar_a0p5,cvar,40,264,41114,0.029760706757238527,0.17251291765325438,,,0.0026010580253577136,26.010580253577135,0.0176828055627109,0.019029171676865117,0.08888341952322601,2.9957322735539913,0.6931471805599454,19.999999999999996,,,20.0,0.00034661591053009033,0.8226892731618136,0.37657056422904134,0.8226892731618136,10560,10000.0,7.3473173386245945,False,False,exact_cap
Schirrmeister2017,14,6398,common_lr10000,cvar_a0p5,cvar,40,265,41378,0.03528554277653993,0.18784446432232155,,,0.002855189908813046,28.551899088130458,0.021453653033144227,0.02233990888646183,0.1051498777974589,2.9957322735539913,0.6931471805599454,19.999999999999996,,,20.0,0.0003387939650565386,0.8257154282182455,0.37657056422904134,0.8257154282182455,10600,10000.0,7.3473173386245945,False,False,exact_cap
Schirrmeister2017,14,6398,common_lr10000,cvar_a0p5,cvar,40,266,41643,0.027101726733987058,0.16462602082899003,,,0.002484489079675701,24.84489079675701,0.017054223903454874,0.013459064146616349,0.05998872959683701,2.9957322735539913,0.6931471805599454,19.999999999999996,,,20.0,0.00034171808511018753,0.8287469842471182,0.37657056422904134,0.8287469842471182,10640,10000.0,7.3473173386245945,False,False,exact_cap
Schirrmeister2017,14,6398,common_lr10000,cvar_a0p5,cvar,40,267,41909,0.026777981717720646,0.16363979258640193,,,0.002500458971717463,25.00458971717463,0.015627412092537863,0.016271820102734712,0.07110514457615354,2.9957322735539913,0.6931471805599454,19.999999999999996,,,20.0,0.00034216209314763546,0.8318809813354164,0.37657056422904134,0.8318809813354164,10680,10000.0,7.3473173386245945,False,False,exact_cap
Schirrmeister2017,14,6398,common_lr10000,cvar_a0p5,cvar,40,268,42176,0.027867672212154124,0.16693613213488004,,,0.0025022761225926547,25.022761225926544,0.016570696777269394,0.017279021931296688,0.0748248247813809,2.9957322735539913,0.6931471805599454,19.999999999999996,,,20.0,0.0003395841922610998,0.8349022583570331,0.37657056422904134,0.8349022583570331,10720,10000.0,7.3473173386245945,False,False,exact_cap
Schirrmeister2017,14,6398,common_lr10000,cvar_a0p5,cvar,40,269,42444,0.032361860221073936,0.17989402497324344,,,0.0027103633186543433,27.103633186543433,0.020181318803578832,0.0259263199089928,0.15507509206370615,2.9957322735539913,0.6931471805599454,19.999999999999996,,,20.0,0.0003331152256578207,0.8379998675081879,0.37657056422904134,0.8379998675081879,10760,10000.0,7.3473173386245945,False,False,exact_cap
Schirrmeister2017,14,6398,common_lr10000,cvar_a0p5,cvar,40,270,42713,0.032965053640877824,0.181562809079607,,,0.0027302085745932987,27.302085745932988,0.01887752600768211,0.023446526532419305,0.13275515758263315,2.9957322735539913,0.6931471805599454,20.0,,,20.0,0.0003368239849805832,0.8410401726141572,0.37657056422904134,0.8410401726141572,10800,10000.0,7.3473173386245945,False,False,exact_cap
Schirrmeister2017,14,6398,common_lr10000,cvar_a0p5,cvar,40,271,42983,0.020699695827127718,0.14387388862169437,,,0.0021787475751987103,21.787475751987103,0.01258075082849059,0.011389561872872416,0.04661681540003116,2.9957322735539913,0.6931471805599454,19.999999999999996,,,20.0,0.00034094485454261303,0.8441513245925307,0.37657056422904134,0.8441513245925307,10840,10000.0,7.3473173386245945,False,False,exact_cap
Schirrmeister2017,14,6398,common_lr10000,cvar_a0p5,cvar,40,272,43254,0.034713166520988194,0.18631469754420393,,,0.0027870458833485837,27.870458833485834,0.020887199132343888,0.022284972629462458,0.10431115137608885,2.9957322735539913,0.6931471805599454,19.999999999999996,,,20.0,0.00034392205998301506,0.8471988956443965,0.37657056422904134,0.8471988956443965,10880,10000.0,7.3473173386245945,False,False,exact_cap
Schirrmeister2017,14,6398,common_lr10000,cvar_a0p5,cvar,40,273,43526,0.033758869120759975,0.18373586781235712,,,0.0027575881454559963,27.575881454559966,0.01958511502660325,0.019817678113117885,0.07778977204876536,2.9957322735539913,0.6931471805599454,19.999999999999996,,,20.0,0.00032836711034178734,0.8502647147979587,0.37657056422904134,0.8502647147979587,10920,10000.0,7.3473173386245945,False,False,exact_cap
Schirrmeister2017,14,6398,common_lr10000,cvar_a0p5,cvar,40,274,43799,0.033694969874878994,0.18356189657681954,,,0.002768823482719548,27.688234827195483,0.021227649752314198,0.017133443884089525,0.06369064811662348,2.9957322735539913,0.6931471805599454,19.999999999999996,,,20.0,0.00033530290238559246,0.8533283008728176,0.37657056422904134,0.8533283008728176,10960,10000.0,7.3473173386245945,False,False,exact_cap
Schirrmeister2017,14,6398,common_lr10000,cvar_a0p5,cvar,40,275,44073,0.03286622766840125,0.18129045112305625,377.6428874640956,22.968601057076107,0.002747642132341387,27.47642132341387,0.020329428470516903,0.018319980027067393,0.07215140187920743,2.9957322735539913,0.6931471805599454,19.999999999999996,,,20.0,0.0003336709924042225,0.8563471068628132,0.40731087722815573,0.8563471068628132,11000,10000.0,7.3473173386245945,False,False,exact_cap
Schirrmeister2017,14,6398,common_lr10000,cvar_a0p5,cvar,40,276,44348,0.028758138791420192,0.16958224786639725,,,0.0025662546002580004,25.662546002580005,0.017996490494629598,0.016927477050775356,0.07564950436771475,2.9957322735539913,0.6931471805599454,19.999999999999996,,,20.0,0.00042243883945047855,0.8600815287791193,0.40731087722815573,0.8600815287791193,11040,10000.0,7.3473173386245945,False,False,exact_cap
Schirrmeister2017,14,6398,common_lr10000,cvar_a0p5,cvar,40,277,44624,0.026837772154424126,0.16382237989488532,,,0.0024705738455939896,24.705738455939898,0.016657372912535568,0.012721933253757676,0.0479666748031474,2.9957322735539913,0.6931471805599454,19.999999999999996,,,20.0,0.00037155416794121265,0.8632681928575039,0.40731087722815573,0.8632681928575039,11080,10000.0,7.3473173386245945,False,False,exact_cap
Schirrmeister2017,14,6398,common_lr10000,cvar_a0p5,cvar,40,278,44901,0.03364136623290291,0.18341582874142273,,,0.0027649515748862995,27.649515748862996,0.02036668060630295,0.018551084688830446,0.07646336673856091,2.9957322735539913,0.6931471805599454,19.999999999999996,,,20.0,0.00037666503340005875,0.8664043627213687,0.40731087722815573,0.8664043627213687,11120,10000.0,7.3473173386245945,False,False,exact_cap
Schirrmeister2017,14,6398,common_lr10000,cvar_a0p5,cvar,40,279,45179,0.03946012365247985,0.19864572397230162,,,0.003002753456120622,30.02753456120622,0.023089839448340272,0.02789032338479955,0.11349992886322827,2.9957322735539913,0.6931471805599454,19.999999999999996,,,20.0,0.00035058194771409035,0.8694578045979142,0.40731087722815573,0.8694578045979142,11160,10000.0,7.3473173386245945,False,False,exact_cap
Schirrmeister2017,14,6398,common_lr10000,cvar_a0p5,cvar,40,280,45458,0.02341338755501115,0.15301433774326884,,,0.0023206736904779588,23.20673690477959,0.01440782058112889,0.016429907252368408,0.07765985149095012,2.9957322735539913,0.6931471805599454,20.0,,,20.0,0.0003477460704743862,0.8725020796991885,0.40731087722815573,0.8725020796991885,11200,10000.0,7.3473173386245945,False,False,exact_cap
Schirrmeister2017,14,6398,common_lr10000,cvar_a0p5,cvar,40,281,45738,0.0281424368940224,0.16775707703111187,,,0.0025149493811222963,25.149493811222964,0.016950227277439747,0.015526092569676747,0.06290292433088952,2.9957322735539913,0.6931471805599454,19.999999999999996,,,20.0,0.00036914111115038395,0.8755720807239413,0.40731087722815573,0.8755720807239413,11240,10000.0,7.3473173386245945,False,False,exact_cap
Schirrmeister2017,14,6398,common_lr10000,cvar_a0p5,cvar,40,282,46019,0.03024819351640996,0.1739200779565429,,,0.0025948700981104755,25.948700981104754,0.018739249102762524,0.017561399134836418,0.09619145430547374,2.9957322735539913,0.6931471805599454,20.0,,,20.0,0.0003582129720598459,0.8786437886301428,0.40731087722815573,0.8786437886301428,11280,10000.0,7.3473173386245945,False,False,exact_cap
Schirrmeister2017,14,6398,common_lr10000,cvar_a0p5,cvar,40,283,46301,0.039103649677422594,0.19774642772354345,,,0.0029722749322019224,29.72274932201922,0.022478172850244456,0.02761723776558786,0.14130076706274275,2.9957322735539913,0.6931471805599454,20.0,,,20.0,0.0003753630444407463,0.881716092582792,0.40731087722815573,0.881716092582792,11320,10000.0,7.3473173386245945,False,False,exact_cap
Schirrmeister2017,14,6398,common_lr10000,cvar_a0p5,cvar,40,284,46584,0.03168726747866734,0.1780091780742424,,,0.002686650422155136,26.866504221551356,0.020126817343327497,0.014363261427107445,0.05673546921910581,2.9957322735539913,0.6931471805599454,19.999999999999996,,,20.0,0.00036988500505685806,0.8847781666554511,0.40731087722815573,0.8847781666554511,11360,10000.0,7.3473173386245945,False,False,exact_cap
Schirrmeister2017,14,6398,common_lr10000,cvar_a0p5,cvar,40,285,46868,0.02373547255246987,0.1540632096007021,,,0.0023131529042461686,23.131529042461683,0.014728373099034159,0.011777750314496382,0.054821058706276515,2.9957322735539913,0.6931471805599454,19.999999999999996,,,20.0,0.0003700000233948231,0.8878708546981215,0.40731087722815573,0.8878708546981215,11400,10000.0,7.3473173386245945,False,False,exact_cap
Schirrmeister2017,14,6398,common_lr10000,cvar_a0p5,cvar,40,286,47153,0.02771245565336123,0.16647058494929737,,,0.0024888114630036923,24.888114630036924,0.016794521668843924,0.02158122816919522,0.12118988063752141,2.9957322735539913,0.6931471805599454,19.999999999999996,,,20.0,0.00037153298035264015,0.8909683965612203,0.40731087722815573,0.8909683965612203,11440,10000.0,7.3473173386245945,False,False,exact_cap
Schirrmeister2017,14,6398,common_lr10000,cvar_a0p5,cvar,40,287,47439,0.030687676768548083,0.17517898495124376,,,0.002630583035896144,26.305830358961437,0.01811487399988337,0.017957067870555038,0.09488261865539527,2.9957322735539913,0.6931471805599454,19.999999999999996,,,20.0,0.0003681378439068794,0.8940264005213976,0.40731087722815573,0.8940264005213976,11480,10000.0,7.3473173386245945,False,False,exact_cap
Schirrmeister2017,14,6398,common_lr10000,cvar_a0p5,cvar,40,288,47726,0.03988788829110906,0.1997195240608916,,,0.0030186631069587175,30.186631069587175,0.024748205787549438,0.023609962208705926,0.13430304785840114,2.9957322735539913,0.6931471805599454,19.999999999999996,,,20.0,0.00036599510349333286,0.8971487134695053,0.40731087722815573,0.8971487134695053,11520,10000.0,7.3473173386245945,False,False,exact_cap
Schirrmeister2017,14,6398,common_lr10000,cvar_a0p5,cvar,40,289,48014,0.028350269737910928,0.16837538340835612,,,0.002533746125556049,25.337461255560488,0.018113601773156632,0.015116674989792052,0.0709357879661181,2.9957322735539913,0.6931471805599454,19.999999999999996,,,20.0,0.00038011115975677967,0.9002516595646739,0.40731087722815573,0.9002516595646739,11560,10000.0,7.3473173386245945,False,False,exact_cap
Schirrmeister2017,14,6398,common_lr10000,cvar_a0p5,cvar,40,290,48303,0.02565954707555843,0.160185976525907,,,0.0024132025972757503,24.132025972757503,0.01596694326413918,0.014124977723712578,0.06903588785798334,2.9957322735539913,0.6931471805599454,19.999999999999996,,,20.0,0.0003609179984778166,0.903309709392488,0.40731087722815573,0.903309709392488,11600,10000.0,7.3473173386245945,False,False,exact_cap
Schirrmeister2017,14,6398,common_lr10000,cvar_a0p5,cvar,40,291,48593,0.021968205120171058,0.1482167504709608,,,0.0022449353943978546,22.44935394397855,0.014102430025912695,0.011110240406811531,0.05200789098247474,2.9957322735539913,0.6931471805599454,19.999999999999996,,,20.0,0.0003575058653950691,0.9063976253382862,0.40731087722815573,0.9063976253382862,11640,10000.0,7.3473173386245945,False,False,exact_cap
Schirrmeister2017,14,6398,common_lr10000,cvar_a0p5,cvar,40,292,48884,0.022374671497377263,0.14958165494931944,,,0.002267471720786959,22.674717207869588,0.014713536081868574,0.010996934316041283,0.05395062055121448,2.9957322735539913,0.6931471805599454,19.999999999999996,,,20.0,0.00035370420664548874,0.9094572602771223,0.40731087722815573,0.9094572602771223,11680,10000.0,7.3473173386245945,False,False,exact_cap
Schirrmeister2017,14,6398,common_lr10000,cvar_a0p5,cvar,40,293,49176,0.02637254663724237,0.16239626423425624,,,0.002457211386094875,24.57211386094875,0.01687562853950881,0.015656829476924657,0.08205741349341511,2.9957322735539913,0.6931471805599454,19.999999999999996,,,20.0,0.00035581691190600395,0.9125513134058565,0.40731087722815573,0.9125513134058565,11720,10000.0,7.3473173386245945,False,False,exact_cap
Schirrmeister2017,14,6398,common_lr10000,cvar_a0p5,cvar,40,294,49469,0.028165766307424962,0.16782659594779656,,,0.00252719947220958,25.271994722095798,0.017717975438908587,0.01581009305482152,0.06865738617292275,2.9957322735539913,0.6931471805599454,20.0,,,20.0,0.0003464049659669399,0.9156080633401871,0.40731087722815573,0.9156080633401871,11760,10000.0,7.3473173386245945,False,False,exact_cap
Schirrmeister2017,14,6398,common_lr10000,cvar_a0p5,cvar,40,295,49763,0.030189889758345623,0.17375238058324732,,,0.0026207974120318537,26.207974120318536,0.0180602632395164,0.020157319701589235,0.10880589735155022,2.9957322735539913,0.6931471805599454,19.999999999999996,,,20.0,0.00036375713534653187,0.9187311872374266,0.40731087722815573,0.9187311872374266,11800,10000.0,7.3473173386245945,False,False,exact_cap
Schirrmeister2017,14,6398,common_lr10000,cvar_a0p5,cvar,40,296,50058,0.02406818112937892,0.15513923143221678,,,0.0023520282111699565,23.520282111699565,0.014227707460622914,0.013213271442722134,0.061811997684252246,2.9957322735539913,0.6931471805599454,19.999999999999996,,,20.0,0.0003486920613795519,0.9217937223147601,0.40731087722815573,0.9217937223147601,11840,10000.0,7.3473173386245945,False,False,exact_cap
Schirrmeister2017,14,6398,common_lr10000,cvar_a0p5,cvar,40,297,50354,0.030049247461809418,0.1733471876374388,,,0.0026116066701099817,26.116066701099815,0.017521026465811086,0.01933675189207229,0.07361886247381168,2.9957322735539913,0.6931471805599454,19.999999999999996,,,20.0,0.00035293702967464924,0.9249034533277154,0.40731087722815573,0.9249034533277154,11880,10000.0,7.3473173386245945,False,False,exact_cap
Schirrmeister2017,14,6398,common_lr10000,cvar_a0p5,cvar,40,298,50651,0.022315916198389386,0.14938512709901675,,,0.00227916627354191,22.7916627354191,0.014240768715652911,0.012960061301995432,0.06187348663620158,2.9957322735539913,0.6931471805599454,19.999999999999996,,,20.0,0.00034470995888113976,0.9279676084406674,0.40731087722815573,0.9279676084406674,11920,10000.0,7.3473173386245945,False,False,exact_cap
Schirrmeister2017,14,6398,common_lr10000,cvar_a0p5,cvar,40,299,50949,0.02107803837279568,0.14518277574421726,,,0.0021886272045258596,21.886272045258597,0.012958570437582223,0.010806700706798423,0.05104988952928699,2.9957322735539913,0.6931471805599454,19.999999999999996,,,20.0,0.00034699495881795883,0.9310751324519515,0.40731087722815573,0.9310751324519515,11960,10000.0,7.3473173386245945,False,False,exact_cap
Schirrmeister2017,14,6398,common_lr10000,cvar_a0p5,cvar,40,300,51248,0.026617149050387943,0.1631476296192744,371.02246225023333,24.319031934367036,0.0024676963252844544,24.676963252844544,0.016632014312189348,0.013400229968786963,0.04715970240611943,2.9957322735539913,0.6931471805599454,19.999999999999996,,,20.0,0.00034149689599871635,0.9341364493593574,0.43791270232759416,0.9341364493593574,12000,10000.0,7.3473173386245945,False,False,exact_cap
Schirrmeister2017,14,6398,common_lr10000,cvar_a0p5,cvar,40,301,51548,0.024207927151271583,0.15558896860404847,,,0.002349155098054211,23.49155098054211,0.014808754732539946,0.014553871291348029,0.05885556440756829,2.9957322735539913,0.6931471805599454,19.999999999999996,,,20.0,0.0004245690070092678,0.9376971374731511,0.43791270232759416,0.9376971374731511,12040,10000.0,7.3473173386245945,False,False,exact_cap
Schirrmeister2017,14,6398,common_lr10000,cvar_a0p5,cvar,40,302,51849,0.028282617319896262,0.16817436582278603,,,0.002543124243001746,25.431242430017456,0.01707720090673004,0.016283565687330893,0.08575018219876664,2.9957322735539913,0.6931471805599454,19.999999999999996,,,20.0,0.0003819940611720085,0.9409673735499382,0.43791270232759416,0.9409673735499382,12080,10000.0,7.3473173386245945,False,False,exact_cap
Schirrmeister2017,14,6398,common_lr10000,cvar_a0p5,cvar,40,303,52151,0.02219693012482656,0.14898634207479072,,,0.0022461569614161594,22.461569614161593,0.014243987839594694,0.012937819833392965,0.07026180898297013,2.9957322735539913,0.6931471805599454,19.999999999999996,,,20.0,0.0003888208884745836,0.9441282015759498,0.43791270232759416,0.9441282015759498,12120,10000.0,7.3473173386245945,False,False,exact_cap
Schirrmeister2017,14,6398,common_lr10000,cvar_a0p5,cvar,40,304,52454,0.029461016334529654,0.17164211701831708,,,0.0025969693257761155,25.96969325776115,0.018404645645938168,0.016259771623614538,0.08247420865959007,2.9957322735539913,0.6931471805599454,20.0,,,20.0,0.0003841300494968891,0.9472600375302136,0.43791270232759416,0.9472600375302136,12160,10000.0,7.3473173386245945,False,False,exact_cap
Schirrmeister2017,14,6398,common_lr10000,cvar_a0p5,cvar,40,305,52758,0.01917127986101883,0.13846039094635992,,,0.0020866156793704804,20.866156793704807,0.012373805183438022,0.012256653697326115,0.07486822937883651,2.9957322735539913,0.6931471805599454,19.999999999999996,,,20.0,0.00036126701161265373,0.9503691415302455,0.43791270232759416,0.9503691415302455,12200,10000.0,7.3473173386245945,False,False,exact_cap
Schirrmeister2017,14,6398,common_lr10000,cvar_a0p5,cvar,40,306,53063,0.03434642370749327,0.18532788162468505,,,0.002798438435432169,27.984384354321687,0.01925983474691973,0.02373870988313365,0.10883938013704005,2.9957322735539913,0.6931471805599454,19.999999999999996,,,20.0,0.0003638272173702717,0.9534459754358977,0.43791270232759416,0.9534459754358977,12240,10000.0,7.3473173386245945,False,False,exact_cap
Schirrmeister2017,14,6398,common_lr10000,cvar_a0p5,cvar,40,307,53369,0.0233912816508766,0.15294208593737893,,,0.0022947904464189752,22.94790446418975,0.015126660522164638,0.010845645477746284,0.05087593058676006,2.9957322735539913,0.6931471805599454,19.999999999999996,,,20.0,0.0003668989520519972,0.956545936409384,0.43791270232759416,0.956545936409384,12280,10000.0,7.3473173386245945,False,False,exact_cap
Schirrmeister2017,14,6398,common_lr10000,cvar_a0p5,cvar,40,308,53676,0.032592364680490135,0.1805335555526732,,,0.002726658513329791,27.26658513329791,0.019368183545406804,0.025391587980211794,0.11802953678986328,2.9957322735539913,0.6931471805599454,19.999999999999996,,,20.0,0.0003618421033024788,0.9596548434346914,0.43791270232759416,0.9596548434346914,12320,10000.0,7.3473173386245945,False,False,exact_cap
Schirrmeister2017,14,6398,common_lr10000,cvar_a0p5,cvar,40,309,53984,0.021055986357307925,0.14510681016860624,,,0.002181114465111278,21.81114465111278,0.012675331212201683,0.012986206104033754,0.05841595372448024,2.9957322735539913,0.6931471805599454,19.999999999999996,,,20.0,0.0003600178752094507,0.9627594004850835,0.43791270232759416,0.9627594004850835,12360,10000.0,7.3473173386245945,False,False,exact_cap
Schirrmeister2017,14,6398,common_lr10000,cvar_a0p5,cvar,40,310,54293,0.03277131544234675,0.1810284934543365,,,0.0027229150868570036,27.229150868570038,0.01956163414850271,0.019043682048106348,0.07785764532824492,2.9957322735539913,0.6931471805599454,20.0,,,20.0,0.000348581001162529,0.9658605884760618,0.43791270232759416,0.9658605884760618,12400,10000.0,7.3473173386245945,False,False,exact_cap
Schirrmeister2017,14,6398,common_lr10000,cvar_a0p5,cvar,40,311,54603,0.02080348594824052,0.14423413586332648,,,0.002178864547742038,21.78864547742038,0.012958237910721003,0.011026342882189103,0.04896579909244238,2.9957322735539913,0.6931471805599454,19.999999999999996,,,20.0,0.0003509470261633396,0.9689130014739931,0.43791270232759416,0.9689130014739931,12440,10000.0,7.3473173386245945,False,False,exact_cap
Schirrmeister2017,14,6398,common_lr10000,cvar_a0p5,cvar,40,312,54914,0.033735764523604564,0.18367298256304482,,,0.0027699251588253738,27.699251588253738,0.020606027913027836,0.02173427526838171,0.1110822824926608,2.9957322735539913,0.6931471805599454,19.999999999999996,,,20.0,0.0003532308619469404,0.9719796404242516,0.43791270232759416,0.9719796404242516,12480,10000.0,7.3473173386245945,False,False,exact_cap
Schirrmeister2017,14,6398,common_lr10000,cvar_a0p5,cvar,40,313,55226,0.027012036930553346,0.1643533903835067,,,0.002476040560288938,24.760405602889385,0.01660257028046811,0.027656798205738246,0.17930589418291448,2.9957322735539913,0.6931471805599454,19.999999999999996,,,20.0,0.00036399788223206997,0.9750399633776397,0.43791270232759416,0.9750399633776397,12520,10000.0,7.3473173386245945,False,False,exact_cap
Schirrmeister2017,14,6398,common_lr10000,cvar_a0p5,cvar,40,314,55539,0.02353418570400804,0.15340855811853535,,,0.002319287655944954,23.19287655944954,0.014187628869118257,0.012291891231538654,0.059575941368878824,2.9957322735539913,0.6931471805599454,19.999999999999996,,,20.0,0.0003670321311801672,0.9780871474649757,0.43791270232759416,0.9780871474649757,12560,10000.0,7.3473173386245945,False,False,exact_cap
Schirrmeister2017,14,6398,common_lr10000,cvar_a0p5,cvar,40,315,55853,0.02389091677562042,0.15456686829854716,,,0.002332655672648044,23.32655672648044,0.014480918686611539,0.014377083537034433,0.07248542251571144,2.9957322735539913,0.6931471805599454,19.999999999999996,,,20.0,0.00036848802119493484,0.981136073358357,0.43791270232759416,0.981136073358357,12600,10000.0,7.3473173386245945,False,False,exact_cap
Schirrmeister2017,14,6398,common_lr10000,cvar_a0p5,cvar,40,316,56168,0.030044817827588707,0.1733344103967493,,,0.002614633598151178,26.146335981511783,0.01786088362356112,0.024450251652435195,0.127388832294206,2.9957322735539913,0.6931471805599454,19.999999999999996,,,20.0,0.00036812108010053635,0.9841853184625506,0.43791270232759416,0.9841853184625506,12640,10000.0,7.3473173386245945,False,False,exact_cap
Schirrmeister2017,14,6398,common_lr10000,cvar_a0p5,cvar,40,317,56484,0.023437976448314884,0.15309466498972094,,,0.002302333736988947,23.02333736988947,0.01492544859050961,0.01041020912647367,0.04058637472214968,2.9957322735539913,0.6931471805599454,19.999999999999996,,,20.0,0.0003636388573795557,0.987229646416381,0.43791270232759416,0.987229646416381,12680,10000.0,7.3473173386245945,False,False,exact_cap
Schirrmeister2017,14,6398,common_lr10000,cvar_a0p5,cvar,40,318,56801,0.03590233844097196,0.18947912402418363,,,0.002856675203622967,28.566752036229666,0.021344320496623673,0.023253518689616,0.09781702581166851,2.9957322735539913,0.6931471805599454,19.999999999999996,,,20.0,0.0003627440892159939,0.9902653004974127,0.43791270232759416,0.9902653004974127,12720,10000.0,7.3473173386245945,False,False,exact_cap
Schirrmeister2017,14,6398,common_lr10000,cvar_a0p5,cvar,40,319,57119,0.02648397274374785,0.16273897118928782,,,0.0024487622339431792,24.48762233943179,0.01593401372207682,0.017420087691878732,0.1014441759064506,2.9957322735539913,0.6931471805599454,19.999999999999996,,,20.0,0.00035946699790656567,0.9933813645038754,0.43791270232759416,0.9933813645038754,12760,10000.0,7.3473173386245945,False,False,exact_cap
Schirrmeister2017,14,6398,common_lr10000,cvar_a0p5,cvar,40,320,57438,0.032513126135973264,0.18031396544908346,,,0.0027175058606886873,27.175058606886875,0.019750685743006126,0.01830865489439632,0.0772700256807303,2.9957322735539913,0.6931471805599454,19.999999999999996,,,20.0,0.0003602688666433096,0.9964567143470049,0.43791270232759416,0.9964567143470049,12800,10000.0,7.3473173386245945,False,False,exact_cap
Schirrmeister2017,14,6398,common_lr10000,cvar_a0p5,cvar,40,321,57758,0.025688971713833976,0.16027779544850865,,,0.0024276623244907417,24.276623244907416,0.01629511322823522,0.012067809916754397,0.05756754889010186,2.9957322735539913,0.6931471805599454,20.0,,,20.0,0.000360389007255435,0.9994997484609485,0.43791270232759416,0.9994997484609485,12840,10000.0,7.3473173386245945,False,False,exact_cap
Schirrmeister2017,14,6398,common_lr10000,cvar_a0p5,cvar,40,322,58079,0.023661198938378362,0.1538219715722639,,,0.0023265469326194804,23.265469326194804,0.014831576813096282,0.016256294761650105,0.0944320319942403,2.9957322735539913,0.6931471805599454,19.999999999999996,,,20.0,0.0003630160354077816,1.0026051164604723,0.43791270232759416,1.0026051164604723,12880,10000.0,7.3473173386245945,False,False,exact_cap
Schirrmeister2017,14,6398,common_lr10000,cvar_a0p5,cvar,40,323,58401,0.03935746844780937,0.1983871680522946,,,0.0029893175141114075,29.893175141114074,0.023684572750083028,0.023282613762345788,0.1280573775341176,2.9957322735539913,0.6931471805599454,19.999999999999996,,,20.0,0.0003605489619076252,1.0056843096390367,0.43791270232759416,1.0056843096390367,12920,10000.0,7.3473173386245945,False,False,exact_cap
Schirrmeister2017,14,6398,common_lr10000,cvar_a0p5,cvar,40,324,58724,0.01918661951773666,0.13851577353405156,,,0.0020832003297937903,20.832003297937902,0.012675049901423846,0.009624303178771039,0.05461783333819768,2.9957322735539913,0.6931471805599454,19.999999999999996,,,20.0,0.0003680370282381773,1.008777962764725,0.43791270232759416,1.008777962764725,12960,10000.0,7.3473173386245945,False,False,exact_cap
Schirrmeister2017,14,6398,common_lr10000,cvar_a0p5,cvar,40,325,59048,0.016660936200475818,0.12907724896539985,365.9478228423409,25.35415423031657,0.0019485678654441124,19.485678654441124,0.010300048192549746,0.008040520377748685,0.035673171277578256,2.9957322735539913,0.6931471805599454,19.999999999999996,,,20.0,0.00036507309414446354,1.0118357809260488,0.4681422885041684,1.0118357809260488,13000,10000.0,7.3473173386245945,False,False,exact_cap
Schirrmeister2017,14,6398,common_lr10000,cvar_a0p5,cvar,40,326,59373,0.024376084879676935,0.1561284243168967,,,0.0023531916335926767,23.531916335926766,0.015457139938266185,0.013281610693053817,0.05780984698082945,2.9957322735539913,0.6931471805599454,19.999999999999996,,,20.0,0.0004107940476387739,1.0156740080565214,0.4681422885041684,1.0156740080565214,13040,10000.0,7.3473173386245945,False,False,exact_cap
Schirrmeister2017,14,6398,common_lr10000,cvar_a0p5,cvar,40,327,59699,0.022671557291606782,0.1505707717042281,,,0.002264947855131493,22.64947855131493,0.014523653703708323,0.012525089033506633,0.06257245716338714,2.9957322735539913,0.6931471805599454,19.999999999999996,,,20.0,0.0004120760131627321,1.0188907862175256,0.4681422885041684,1.0188907862175256,13080,10000.0,7.3473173386245945,False,False,exact_cap
Schirrmeister2017,14,6398,common_lr10000,cvar_a0p5,cvar,40,328,60026,0.024032193939333205,0.15502320451897905,,,0.002335041165869249,23.35041165869249,0.014855805209958637,0.016675790310851518,0.07083063309530699,2.9957322735539913,0.6931471805599454,19.999999999999996,,,20.0,0.00035971193574368954,1.0220279172062874,0.4681422885041684,1.0220279172062874,13120,10000.0,7.3473173386245945,False,False,exact_cap
Schirrmeister2017,14,6398,common_lr10000,cvar_a0p5,cvar,40,329,60354,0.026808764246363997,0.1637338213270673,,,0.0024643479015504276,24.643479015504273,0.01637331070359582,0.015224806530541606,0.0818066721159108,2.9957322735539913,0.6931471805599454,19.999999999999996,,,20.0,0.00035396707244217396,1.0252363851759583,0.4681422885041684,1.0252363851759583,13160,10000.0,7.3473173386245945,False,False,exact_cap
Schirrmeister2017,14,6398,common_lr10000,cvar_a0p5,cvar,40,330,60683,0.02572013729274241,0.16037498961104382,,,0.0024142232343087903,24.142232343087905,0.016003652411664016,0.013507145040068764,0.05354409873361926,2.9957322735539913,0.6931471805599454,19.999999999999996,,,20.0,0.0003540869802236557,1.028340560151264,0.4681422885041684,1.028340560151264,13200,10000.0,7.3473173386245945,False,False,exact_cap
Schirrmeister2017,14,6398,common_lr10000,cvar_a0p5,cvar,40,331,61013,0.024260611539894554,0.15575818289866686,,,0.002348760688731204,23.48760688731204,0.015531212197872492,0.01658715464202025,0.08902565488211968,2.9957322735539913,0.6931471805599454,20.0,,,20.0,0.00035596895031630993,1.0314483800902963,0.4681422885041684,1.0314483800902963,13240,10000.0,7.3473173386245945,False,False,exact_cap
Schirrmeister2017,14,6398,common_lr10000,cvar_a0p5,cvar,40,332,61344,0.029598478743992553,0.17204208422357756,,,0.002586765779972143,25.867657799721428,0.017828954096437814,0.01974236403129397,0.10618697093659601,2.9957322735539913,0.6931471805599454,19.999999999999996,,,20.0,0.00035225413739681244,1.0345223422627896,0.4681422885041684,1.0345223422627896,13280,10000.0,7.3473173386245945,False,False,exact_cap
Schirrmeister2017,14,6398,common_lr10000,cvar_a0p5,cvar,40,333,61676,0.024469884638691396,0.15642852885164968,,,0.002368229113268408,23.68229113268408,0.015575848273216253,0.011459297979014233,0.048633542611212686,2.9957322735539913,0.6931471805599454,19.999999999999996,,,20.0,0.000353414798155427,1.0375959943048656,0.4681422885041684,1.0375959943048656,13320,10000.0,7.3473173386245945,False,False,exact_cap
Schirrmeister2017,14,6398,common_lr10000,cvar_a0p5,cvar,40,334,62009,0.021700184072066545,0.14730982340654183,,,0.002223530575974773,22.235305759747728,0.014110868618184983,0.009543766078593925,0.03681879547777771,2.9957322735539913,0.6931471805599454,19.999999999999996,,,20.0,0.00034591415897011757,1.0406590413767844,0.4681422885041684,1.0406590413767844,13360,10000.0,7.3473173386245945,False,False,exact_cap
Schirrmeister2017,14,6398,common_lr10000,cvar_a0p5,cvar,40,335,62343,0.022895699452015972,0.1513132494265323,,,0.0022753543119860484,22.753543119860485,0.01366230261415024,0.012863496162086598,0.05563463350518773,2.9957322735539913,0.6931471805599454,19.999999999999996,,,20.0,0.0003560800105333328,1.043741369387135,0.4681422885041684,1.043741369387135,13400,10000.0,7.3473173386245945,False,False,exact_cap
Schirrmeister2017,14,6398,common_lr10000,cvar_a0p5,cvar,40,336,62678,0.023000381113957913,0.1516587653713359,,,0.0022953036530072783,22.953036530072783,0.01480838936656454,0.009939717307173091,0.037419979682736665,2.9957322735539913,0.6931471805599454,19.999999999999996,,,20.0,0.00034588901326060295,1.0468670884147286,0.4681422885041684,1.0468670884147286,13440,10000.0,7.3473173386245945,False,False,exact_cap
Schirrmeister2017,14,6398,common_lr10000,cvar_a0p5,cvar,40,337,63014,0.020634377201415133,0.1436467096783464,,,0.0021678609197356255,21.678609197356252,0.013235810057122904,0.012844115579104753,0.07699735291201616,2.9957322735539913,0.6931471805599454,19.999999999999996,,,20.0,0.00035632005892693996,1.0499509873334318,0.4681422885041684,1.0499509873334318,13480,10000.0,7.3473173386245945,False,False,exact_cap
Schirrmeister2017,14,6398,common_lr10000,cvar_a0p5,cvar,40,338,63351,0.03819065062594657,0.1954242836137479,,,0.0029408233187546554,29.408233187546557,0.02205404726862345,0.029207730083870603,0.14620950220968237,2.9957322735539913,0.6931471805599454,20.0,,,20.0,0.0003495949786156416,1.0530580491758883,0.4681422885041684,1.0530580491758883,13520,10000.0,7.3473173386245945,False,False,exact_cap
Schirrmeister2017,14,6398,common_lr10000,cvar_a0p5,cvar,40,339,63689,0.020591427575286318,0.14349713438005066,,,0.0021684820666900886,21.684820666900887,0.012615607297172638,0.013214773738752838,0.07503620269416686,2.9957322735539913,0.6931471805599454,20.0,,,20.0,0.00035026087425649166,1.0561384542379528,0.4681422885041684,1.0561384542379528,13560,10000.0,7.3473173386245945,False,False,exact_cap
Schirrmeister2017,14,6398,common_lr10000,cvar_a0p5,cvar,40,340,64028,0.030953072313324354,0.17593485246910107,,,0.0026833813542048706,26.83381354204871,0.0186572970586364,0.017626154057371096,0.07452795865179518,2.9957322735539913,0.6931471805599454,19.999999999999996,,,20.0,0.00035208393819630146,1.0592157472856343,0.4681422885041684,1.0592157472856343,13600,10000.0,7.3473173386245945,False,False,exact_cap
Schirrmeister2017,14,6398,common_lr10000,cvar_a0p5,cvar,40,341,64368,0.01964742603991787,0.1401692763765222,,,0.002122347922411699,21.22347922411699,0.012719490757163499,0.009775302243733306,0.05020709880351211,2.9957322735539913,0.6931471805599454,19.999999999999996,,,20.0,0.00034637097269296646,1.0622738064266741,0.4681422885041684,1.0622738064266741,13640,10000.0,7.3473173386245945,False,False,exact_cap
Schirrmeister2017,14,6398,common_lr10000,cvar_a0p5,cvar,40,342,64709,0.025677398452067117,0.16024168762237595,,,0.0024184489544305703,24.184489544305702,0.01584029834254766,0.01178378530756122,0.03980121182045933,2.9957322735539913,0.6931471805599454,19.999999999999996,,,20.0,0.00033984100446105003,1.065317694330588,0.4681422885041684,1.065317694330588,13680,10000.0,7.3473173386245945,False,False,exact_cap
Schirrmeister2017,14,6398,common_lr10000,cvar_a0p5,cvar,40,343,65051,0.019174910477034693,0.13847350099219233,,,0.00209761412973011,20.9761412973011,0.011994776170151608,0.009917298800225906,0.04625973114127724,2.9957322735539913,0.6931471805599454,19.999999999999996,,,20.0,0.00036121392622590065,1.0684468161780387,0.4681422885041684,1.0684468161780387,13720,10000.0,7.3473173386245945,False,False,exact_cap
Schirrmeister2017,14,6398,common_lr10000,cvar_a0p5,cvar,40,344,65394,0.02439652704370164,0.1561938764603198,,,0.002364196577806712,23.64196577806712,0.016132505451863434,0.010373511854902725,0.04364361700127297,2.9957322735539913,0.6931471805599454,19.999999999999996,,,20.0,0.0003421299625188112,1.071998072322458,0.4681422885041684,1.071998072322458,13760,10000.0,7.3473173386245945,False,False,exact_cap
Schirrmeister2017,14,6398,common_lr10000,cvar_a0p5,cvar,40,345,65738,0.034762035790900425,0.18644579853378415,,,0.002804786155148974,28.047861551489742,0.020865397988850357,0.022733962344331574,0.0907771762813822,2.9957322735539913,0.6931471805599454,20.0,,,20.0,0.00034417002461850643,1.0751009813975543,0.4681422885041684,1.0751009813975543,13800,10000.0,7.3473173386245945,False,False,exact_cap
Schirrmeister2017,14,6398,common_lr10000,cvar_a0p5,cvar,40,346,66083,0.02286070859761234,0.1511975813219654,,,0.0022785485004417592,22.78548500441759,0.013732110584827048,0.0161200075550612,0.08797952996350583,2.9957322735539913,0.6931471805599454,19.999999999999996,,,20.0,0.0003385981544852257,1.0781588072422892,0.4681422885041684,1.0781588072422892,13840,10000.0,7.3473173386245945,False,False,exact_cap
Schirrmeister2017,14,6398,common_lr10000,cvar_a0p5,cvar,40,347,66429,0.030806443247122464,0.17551764369180228,,,0.002659013939235515,26.590139392355145,0.018886423456489762,0.017586048629515415,0.07678469559441886,2.9957322735539913,0.6931471805599454,20.0,,,20.0,0.00034102797508239746,1.0812249321024865,0.4681422885041684,1.0812249321024865,13880,10000.0,7.3473173386245945,False,False,exact_cap
Schirrmeister2017,14,6398,common_lr10000,cvar_a0p5,cvar,40,348,66776,0.017151222493592726,0.13096267595613922,,,0.0019817223232680785,19.817223232680785,0.010944491921942887,0.007710647351206868,0.031515647539306496,2.9957322735539913,0.6931471805599454,19.999999999999996,,,20.0,0.0003503970801830292,1.0843073402065784,0.4681422885041684,1.0843073402065784,13920,10000.0,7.3473173386245945,False,False,exact_cap
Schirrmeister2017,14,6398,common_lr10000,cvar_a0p5,cvar,40,349,67124,0.02719060299184518,0.16489573369813174,,,0.0024803161904222953,24.803161904222957,0.016927674754229478,0.017854267673514015,0.1027892646290644,2.9957322735539913,0.6931471805599454,20.0,,,20.0,0.00034733093343675137,1.0873661271762103,0.4681422885041684,1.0873661271762103,13960,10000.0,7.3473173386245945,False,False,exact_cap
Schirrmeister2017,14,6398,common_lr10000,cvar_a0p5,cvar,40,350,67473,0.019540005559908286,0.13978556992732935,361.3956656285579,26.282700881202896,0.0021083065005454986,21.083065005454984,0.012034006670488855,0.01232820774851129,0.05831685733295265,2.9957322735539913,0.6931471805599454,19.999999999999996,,,20.0,0.00034085288643836975,1.0904469422530383,0.4994833245873451,1.0904469422530383,14000,10000.0,7.3473173386245945,False,False,exact_cap
Schirrmeister2017,14,6398,common_lr10000,cvar_a0p5,cvar,40,351,67823,0.026337952341738934,0.16228971730130942,,,0.002457785087468416,24.57785087468416,0.016824670567592192,0.01792543701739609,0.09210380037108196,2.9957322735539913,0.6931471805599454,19.999999999999996,,,20.0,0.00044202315621078014,1.0943450131453574,0.4994833245873451,1.0943450131453574,14040,10000.0,7.3473173386245945,False,False,exact_cap
Schirrmeister2017,14,6398,common_lr10000,cvar_a0p5,cvar,40,352,68174,0.026574658228254416,0.16301735560440925,,,0.0024576690106705382,24.57669010670538,0.01690441869486452,0.016689199374928205,0.0939354064478193,2.9957322735539913,0.6931471805599454,19.999999999999996,,,20.0,0.0003833139780908823,1.097617356106639,0.4994833245873451,1.097617356106639,14080,10000.0,7.3473173386245945,False,False,exact_cap
Schirrmeister2017,14,6398,common_lr10000,cvar_a0p5,cvar,40,353,68526,0.020168964348903806,0.14201747902601217,,,0.0021478607492630554,21.47860749263055,0.01274496687072322,0.012399665528765686,0.06900068937138931,2.9957322735539913,0.6931471805599454,19.999999999999996,,,20.0,0.0003718819934874773,1.1007520232815295,0.4994833245873451,1.1007520232815295,14120,10000.0,7.3473173386245945,False,False,exact_cap
Schirrmeister2017,14,6398,common_lr10000,cvar_a0p5,cvar,40,354,68879,0.020262058763816312,0.14234485857879206,,,0.0021437703689017326,21.437703689017326,0.013448980018208318,0.00831346075379092,0.036866462541488156,2.9957322735539913,0.6931471805599454,19.999999999999996,,,20.0,0.0003742349799722433,1.1038756084162742,0.4994833245873451,1.1038756084162742,14160,10000.0,7.3473173386245945,False,False,exact_cap
Schirrmeister2017,14,6398,common_lr10000,cvar_a0p5,cvar,40,355,69233,0.021063536900417436,0.14513282502734326,,,0.002194198119590707,21.941981195907072,0.013293659129613212,0.011626769425221624,0.05734645105673151,2.9957322735539913,0.6931471805599454,19.999999999999996,,,20.0,0.0003750759642571211,1.106967240339145,0.4994833245873451,1.106967240339145,14200,10000.0,7.3473173386245945,False,False,exact_cap
Schirrmeister2017,14,6398,common_lr10000,cvar_a0p5,cvar,40,356,69588,0.023640707625616687,0.15375534990892736,,,0.0023177882891523343,23.177882891523343,0.014622931898227063,0.013535788198104847,0.06999796856542347,2.9957322735539913,0.6931471805599454,20.0,,,20.0,0.0003750510513782501,1.11008030641824,0.4994833245873451,1.11008030641824,14240,10000.0,7.3473173386245945,False,False,exact_cap
Schirrmeister2017,14,6398,common_lr10000,cvar_a0p5,cvar,40,357,69944,0.022242139201117565,0.14913798711635332,,,0.0022410237854688653,22.410237854688653,0.01458977131134911,0.010678844023585278,0.04872943405922821,2.9957322735539913,0.6931471805599454,20.0,,,20.0,0.00035236100666224957,1.1131415634881705,0.4994833245873451,1.1131415634881705,14280,10000.0,7.3473173386245945,False,False,exact_cap
Schirrmeister2017,14,6398,common_lr10000,cvar_a0p5,cvar,40,358,70301,0.027767629131287837,0.16663621794582303,,,0.002513982259694007,25.139822596940068,0.016961852254870582,0.020637455331379978,0.12188852038630793,2.9957322735539913,0.6931471805599454,20.0,,,20.0,0.000364603940397501,1.1162486975081265,0.4994833245873451,1.1162486975081265,14320,10000.0,7.3473173386245945,False,False,exact_cap
Schirrmeister2017,14,6398,common_lr10000,cvar_a0p5,cvar,40,359,70659,0.02312556540152499,0.152070922274855,,,0.0022939526902218156,22.939526902218155,0.014585046603986072,0.013750872694030887,0.07006252158007775,2.9957322735539913,0.6931471805599454,19.999999999999996,,,20.0,0.0003558590542525053,1.1192813396919519,0.4994833245873451,1.1192813396919519,14360,10000.0,7.3473173386245945,False,False,exact_cap
Schirrmeister2017,14,6398,common_lr10000,cvar_a0p5,cvar,40,360,71018,0.018316618827828306,0.1353389036006584,,,0.002032012503679314,20.320125036793144,0.012026470122358938,0.00960178287872414,0.048292228896581635,2.9957322735539913,0.6931471805599454,19.999999999999996,,,20.0,0.0003628288395702839,1.1223156596533954,0.4994833245873451,1.1223156596533954,14400,10000.0,7.3473173386245945,False,False,exact_cap
Schirrmeister2017,14,6398,common_lr10000,cvar_a0p5,cvar,40,361,71378,0.03615404310275275,0.19014216550453175,,,0.0028765320206864055,28.765320206864054,0.0215209522798623,0.030317873129834274,0.15620546032874205,2.9957322735539913,0.6931471805599454,19.999999999999996,,,20.0,0.00035587185993790627,1.1253610944841057,0.4994833245873451,1.1253610944841057,14440,10000.0,7.3473173386245945,False,False,exact_cap
Schirrmeister2017,14,6398,common_lr10000,cvar_a0p5,cvar,40,362,71739,0.02428126052812439,0.155824454204481,,,0.002357879359197601,23.57879359197601,0.01506087734060707,0.011816670042378529,0.050213000863175074,2.9957322735539913,0.6931471805599454,19.999999999999996,,,20.0,0.00034968089312314987,1.1284246174618602,0.4994833245873451,1.1284246174618602,14480,10000.0,7.3473173386245945,False,False,exact_cap
Schirrmeister2017,14,6398,common_lr10000,cvar_a0p5,cvar,40,363,72101,0.019369082222824074,0.13917285016418998,,,0.002098730963623152,20.98730963623152,0.01314724354088826,0.00809364225707182,0.03757918382451257,2.9957322735539913,0.6931471805599454,19.999999999999996,,,20.0,0.0003524208441376686,1.1314556174911559,0.4994833245873451,1.1314556174911559,14520,10000.0,7.3473173386245945,False,False,exact_cap
Schirrmeister2017,14,6398,common_lr10000,cvar_a0p5,cvar,40,364,72464,0.02153305215427677,0.14674144661368432,,,0.0022086241903267324,22.08624190326732,0.014014939861807633,0.010119690035413659,0.055092558798431716,2.9957322735539913,0.6931471805599454,19.999999999999996,,,20.0,0.00034914189018309116,1.1344745294190943,0.4994833245873451,1.1344745294190943,14560,10000.0,7.3473173386245945,False,False,exact_cap
Schirrmeister2017,14,6398,common_lr10000,cvar_a0p5,cvar,40,365,72828,0.02102390728976583,0.14499623198471687,,,0.002189250006788857,21.89250006788857,0.013038114915172594,0.01297517879603726,0.0633393483480185,2.9957322735539913,0.6931471805599454,19.999999999999996,,,20.0,0.0003485369961708784,1.137536398600787,0.4994833245873451,1.137536398600787,14600,10000.0,7.3473173386245945,False,False,exact_cap
Schirrmeister2017,14,6398,common_lr10000,cvar_a0p5,cvar,40,366,73193,0.019553900866331173,0.13983526331484192,,,0.002120050359556049,21.200503595560487,0.013347816899663942,0.010021685551048496,0.05314622047344938,2.9957322735539913,0.6931471805599454,19.999999999999996,,,20.0,0.000343875028192997,1.1405645564664155,0.4994833245873451,1.1405645564664155,14640,10000.0,7.3473173386245945,False,False,exact_cap
Schirrmeister2017,14,6398,common_lr10000,cvar_a0p5,cvar,40,367,73559,0.017011103965172185,0.1304266229156156,,,0.0019628892660646185,19.628892660646187,0.011995062809438368,0.007202107658268862,0.034413983916897,2.9957322735539913,0.6931471805599454,19.999999999999996,,,20.0,0.00034090387634932995,1.1436506365425885,0.4994833245873451,1.1436506365425885,14680,10000.0,7.3473173386245945,False,False,exact_cap
Schirrmeister2017,14,6398,common_lr10000,cvar_a0p5,cvar,40,368,73926,0.019712628877385147,0.14040166978132826,,,0.002125452230147623,21.25452230147623,0.012122499641195744,0.011105797211083273,0.0485933734045371,2.9957322735539913,0.6931471805599454,19.999999999999996,,,20.0,0.00034744199365377426,1.146703356411308,0.4994833245873451,1.146703356411308,14720,10000.0,7.3473173386245945,False,False,exact_cap
Schirrmeister2017,14,6398,common_lr10000,cvar_a0p5,cvar,40,369,74294,0.016839998716998664,0.12976902063666299,,,0.0019650225243708717,19.650225243708714,0.01085825666322553,0.008737107009980977,0.04792369468152151,2.9957322735539913,0.6931471805599454,19.999999999999996,,,20.0,0.00034031993709504604,1.1497412414755672,0.4994833245873451,1.1497412414755672,14760,10000.0,7.3473173386245945,False,False,exact_cap
Schirrmeister2017,14,6398,common_lr10000,cvar_a0p5,cvar,40,370,74663,0.022645012068475592,0.1504825972279705,,,0.002272883722218245,22.72883722218245,0.013918942364740351,0.012587811625520447,0.05435664484817021,2.9957322735539913,0.6931471805599454,19.999999999999996,,,20.0,0.00034033204428851604,1.152770716464147,0.4994833245873451,1.152770716464147,14800,10000.0,7.3473173386245945,False,False,exact_cap
Schirrmeister2017,14,6398,common_lr10000,cvar_a0p5,cvar,40,371,75033,0.019924174035402146,0.14115301638789782,,,0.002129237606367301,21.29237606367301,0.012505660911932122,0.014819200654372366,0.09060257326594798,2.9957322735539913,0.6931471805599454,19.999999999999996,,,20.0,0.0003364589065313339,1.1557864835485816,0.4994833245873451,1.1557864835485816,14840,10000.0,7.3473173386245945,False,False,exact_cap
Schirrmeister2017,14,6398,common_lr10000,cvar_a0p5,cvar,40,372,75404,0.027275362205231926,0.1651525422306055,,,0.0025099175583390633,25.09917558339063,0.01689865167851389,0.015457579017817684,0.07100328161481886,2.9957322735539913,0.6931471805599454,19.999999999999996,,,20.0,0.0003329718019813299,1.1588003856595606,0.4994833245873451,1.1588003856595606,14880,10000.0,7.3473173386245945,False,False,exact_cap
Schirrmeister2017,14,6398,common_lr10000,cvar_a0p5,cvar,40,373,75776,0.022398684362435403,0.14966190016980074,,,0.002257297684025991,22.57297684025991,0.013703554682026043,0.014323988758871208,0.06630485175204152,2.9957322735539913,0.6931471805599454,19.999999999999996,,,20.0,0.0003297850489616394,1.161867707502097,0.4994833245873451,1.161867707502097,14920,10000.0,7.3473173386245945,False,False,exact_cap
Schirrmeister2017,14,6398,common_lr10000,cvar_a0p5,cvar,40,374,76149,0.02257567214080552,0.150252028741064,,,0.002266321623489641,22.66321623489641,0.014410826511491679,0.011491508652153731,0.05405930651673902,2.9957322735539913,0.6931471805599454,19.999999999999996,,,20.0,0.00033914297819137573,1.1648995634168386,0.4994833245873451,1.1648995634168386,14960,10000.0,7.3473173386245945,False,False,exact_cap
Schirrmeister2017,14,6398,common_lr10000,cvar_a0p5,cvar,40,375,76523,0.023299056169634083,0.1526402835742717,357.14159813830184,27.15044334597576,0.0023077409502487087,23.077409502487086,0.014783197882291696,0.01222531126600842,0.055862773356476644,2.9957322735539913,0.6931471805599454,19.999999999999996,,,20.0,0.0003328381571918726,1.167989096371457,0.5299959727562964,1.167989096371457,15000,10000.0,7.3473173386245945,False,False,exact_cap
Schirrmeister2017,14,6398,common_lr10000,cvar_a0p5,cvar,40,376,76898,0.018877964971453613,0.13739710685255935,,,0.0020714113661365902,20.7141136613659,0.0119140318455022,0.013243013716467536,0.07187444683492925,2.9957322735539913,0.6931471805599454,20.0,,,20.0,0.0004178339149802923,1.171917197527364,0.5299959727562964,1.171917197527364,15040,10000.0,7.3473173386245945,False,False,exact_cap
Schirrmeister2017,14,6398,common_lr10000,cvar_a0p5,cvar,40,377,77274,0.027005088561877076,0.16433225052276584,,,0.0024801318047448515,24.801318047448515,0.016938041760119288,0.01519469405564624,0.07825356965281952,2.9957322735539913,0.6931471805599454,19.999999999999996,,,20.0,0.00039330683648586273,1.1751165215391666,0.5299959727562964,1.1751165215391666,15080,10000.0,7.3473173386245945,False,False,exact_cap
Schirrmeister2017,14,6398,common_lr10000,cvar_a0p5,cvar,40,378,77651,0.01617444974569755,0.12717881012848622,,,0.0019170391194143648,19.17039119414365,0.010241661795631674,0.009399088978267238,0.04188533028147977,2.9957322735539913,0.6931471805599454,20.0,,,20.0,0.00036208308301866055,1.1782400954980403,0.5299959727562964,1.1782400954980403,15120,10000.0,7.3473173386245945,False,False,exact_cap
Schirrmeister2017,14,6398,common_lr10000,cvar_a0p5,cvar,40,379,78029,0.023040557523789685,0.15179116418220687,,,0.002293250142362211,22.93250142362211,0.014160373435673713,0.013277198498770758,0.0670878372179807,2.9957322735539913,0.6931471805599454,20.0,,,20.0,0.00036330404691398144,1.1813805755227804,0.5299959727562964,1.1813805755227804,15160,10000.0,7.3473173386245945,False,False,exact_cap
Schirrmeister2017,14,6398,common_lr10000,cvar_a0p5,cvar,40,380,78408,0.019301648731038217,0.1389303736806254,,,0.002093225262619176,20.93225262619176,0.012424053476826045,0.009129205241144283,0.044559300692030984,2.9957322735539913,0.6931471805599454,19.999999999999996,,,20.0,0.0003511288668960333,1.1844945296179503,0.5299959727562964,1.1844945296179503,15200,10000.0,7.3473173386245945,False,False,exact_cap
Schirrmeister2017,14,6398,common_lr10000,cvar_a0p5,cvar,40,381,78788,0.01911426138791081,0.13825433587381922,,,0.0020815034523332426,20.815034523332425,0.011741523993752286,0.011463619155421797,0.05869999114326918,2.9957322735539913,0.6931471805599454,19.999999999999996,,,20.0,0.0003592900466173887,1.1876578517258167,0.5299959727562964,1.1876578517258167,15240,10000.0,7.3473173386245945,False,False,exact_cap
Schirrmeister2017,14,6398,common_lr10000,cvar_a0p5,cvar,40,382,79169,0.02329277384631772,0.15261970333583316,,,0.0023009705128199647,23.009705128199645,0.014193463362052973,0.014200103292805069,0.06741228818496353,2.9957322735539913,0.6931471805599454,19.999999999999996,,,20.0,0.0003500841557979584,1.1907601687125862,0.5299959727562964,1.1907601687125862,15280,10000.0,7.3473173386245945,False,False,exact_cap
Schirrmeister2017,14,6398,common_lr10000,cvar_a0p5,cvar,40,383,79551,0.0181561203633267,0.13474464873725672,,,0.0020313457582114055,20.31345758211405,0.012017992970745075,0.008239588003942675,0.037796158564993375,2.9957322735539913,0.6931471805599454,19.999999999999996,,,20.0,0.00034557399339973927,1.1939597425516695,0.5299959727562964,1.1939597425516695,15320,10000.0,7.3473173386245945,False,False,exact_cap
Schirrmeister2017,14,6398,common_lr10000,cvar_a0p5,cvar,40,384,79934,0.024818422637971575,0.1575386385556622,,,0.002375914090748365,23.759140907483648,0.015931526290789477,0.01248473120179673,0.07017727586214324,2.9957322735539913,0.6931471805599454,19.999999999999996,,,20.0,0.00035296683199703693,1.1970305256545544,0.5299959727562964,1.1970305256545544,15360,10000.0,7.3473173386245945,False,False,exact_cap
Schirrmeister2017,14,6398,common_lr10000,cvar_a0p5,cvar,40,385,80318,0.02210996591855496,0.1486942027066118,,,0.002243904198142983,22.43904198142983,0.0142576285995923,0.012281643699016302,0.06359081942945327,2.9957322735539913,0.6931471805599454,20.0,,,20.0,0.0003446410410106182,1.2001412787940353,0.5299959727562964,1.2001412787940353,15400,10000.0,7.3473173386245945,False,False,exact_cap
Schirrmeister2017,14,6398,common_lr10000,cvar_a0p5,cvar,40,386,80703,0.023968651595817934,0.15481812424848046,,,0.0023504537432462187,23.50453743246219,0.014599026538138993,0.011893940128084056,0.04557943376980943,2.9957322735539913,0.6931471805599454,19.999999999999996,,,20.0,0.00033900397829711437,1.2032469839323312,0.5299959727562964,1.2032469839323312,15440,10000.0,7.3473173386245945,False,False,exact_cap
Schirrmeister2017,14,6398,common_lr10000,cvar_a0p5,cvar,40,387,81089,0.018047357107596917,0.13434045223832217,,,0.0020273374876135252,20.273374876135254,0.011993315758469758,0.008095098524039952,0.031537744924873566,2.9957322735539913,0.6931471805599454,19.999999999999996,,,20.0,0.0003372600767761469,1.2062827388290316,0.5299959727562964,1.2062827388290316,15480,10000.0,7.3473173386245945,False,False,exact_cap
Schirrmeister2017,14,6398,common_lr10000,cvar_a0p5,cvar,40,388,81476,0.022219575846221855,0.1490623220207637,,,0.0022553049463416054,22.553049463416052,0.01392450050867623,0.012768989897202994,0.060008868014458275,2.9957322735539913,0.6931471805599454,20.0,,,20.0,0.00034571881406009197,1.2093422028701752,0.5299959727562964,1.2093422028701752,15520,10000.0,7.3473173386245945,False,False,exact_cap
Schirrmeister2017,14,6398,common_lr10000,cvar_a0p5,cvar,40,389,81864,0.024199504922432176,0.15556190061333197,,,0.0023376902999657978,23.37690299965798,0.014911737434433997,0.01246781254416566,0.05562733743175148,2.9957322735539913,0.6931471805599454,19.999999999999996,,,20.0,0.00033894600346684456,1.2123795999214053,0.5299959727562964,1.2123795999214053,15560,10000.0,7.3473173386245945,False,False,exact_cap
Schirrmeister2017,14,6398,common_lr10000,cvar_a0p5,cvar,40,390,82253,0.019564027215698998,0.13987146676752552,,,0.00210794713621064,21.079471362106403,0.012108313906425864,0.01052229864177558,0.042729100638982664,2.9957322735539913,0.6931471805599454,19.999999999999996,,,20.0,0.0003406230825930834,1.2154236070346087,0.5299959727562964,1.2154236070346087,15600,10000.0,7.3473173386245945,False,False,exact_cap
Schirrmeister2017,14,6398,common_lr10000,cvar_a0p5,cvar,40,391,82643,0.016250723957063135,0.12747832740141807,,,0.0019217023585145357,19.217023585145355,0.010196664213498848,0.01002181955373829,0.06204081972237734,2.9957322735539913,0.6931471805599454,19.999999999999996,,,20.0,0.00033884099684655666,1.2185280348639935,0.5299959727562964,1.2185280348639935,15640,10000.0,7.3473173386245945,False,False,exact_cap
Schirrmeister2017,14,6398,common_lr10000,cvar_a0p5,cvar,40,392,83034,0.025589470945836166,0.15996709332183343,,,0.0024223656826410714,24.22365682641071,0.01564188655089775,0.017842963261563358,0.09199220861766633,2.9957322735539913,0.6931471805599454,20.0,,,20.0,0.0003468210343271494,1.2215941057074815,0.5299959727562964,1.2215941057074815,15680,10000.0,7.3473173386245945,False,False,exact_cap
Schirrmeister2017,14,6398,common_lr10000,cvar_a0p5,cvar,40,393,83426,0.02781206933130585,0.16676950959724576,,,0.0025171074943175793,25.17107494317579,0.017533612329063576,0.013781256283781585,0.05571152397961619,2.9957322735539913,0.6931471805599454,19.999999999999996,,,20.0,0.00034261192195117474,1.2246475056745112,0.5299959727562964,1.2246475056745112,15720,10000.0,7.3473173386245945,False,False,exact_cap
Schirrmeister2017,14,6398,common_lr10000,cvar_a0p5,cvar,40,394,83819,0.015608125738040875,0.12493248471891077,,,0.0018788672004727116,18.788672004727115,0.010416121877563939,0.006940514468151051,0.028596074333769178,2.9957322735539913,0.6931471805599454,19.999999999999996,,,20.0,0.0003414158709347248,1.227714502485469,0.5299959727562964,1.227714502485469,15760,10000.0,7.3473173386245945,False,False,exact_cap
Schirrmeister2017,14,6398,common_lr10000,cvar_a0p5,cvar,40,395,84213,0.02120859933815948,0.1456317250401144,,,0.002189931472490616,21.89931472490616,0.013581518152033867,0.01440904153983044,0.09135609523453059,2.9957322735539913,0.6931471805599454,20.0,,,20.0,0.0003517530858516693,1.230775290634483,0.5299959727562964,1.230775290634483,15800,10000.0,7.3473173386245945,False,False,exact_cap
Schirrmeister2017,14,6398,common_lr10000,cvar_a0p5,cvar,40,396,84608,0.017833721687337933,0.1335429582094763,,,0.002007545598344015,20.075455983440147,0.012057137596521177,0.007708357476277095,0.03435560947698309,2.9957322735539913,0.6931471805599454,20.0,,,20.0,0.00034166406840085983,1.233816965483129,0.5299959727562964,1.233816965483129,15840,10000.0,7.3473173386245945,False,False,exact_cap
Schirrmeister2017,14,6398,common_lr10000,cvar_a0p5,cvar,40,397,85004,0.01758568104216438,0.13261101403037523,,,0.001988301411947299,19.88301411947299,0.012103404140363955,0.007395062919494225,0.030355222524056327,2.9957322735539913,0.6931471805599454,19.999999999999996,,,20.0,0.00033770897425711155,1.2368744534906,0.5299959727562964,1.2368744534906,15880,10000.0,7.3473173386245945,False,False,exact_cap
Schirrmeister2017,14,6398,common_lr10000,cvar_a0p5,cvar,40,398,85401,0.02238818429414352,0.1496268167613798,,,0.0022613359753841525,22.61335975384153,0.014719710780823465,0.011009501349355928,0.047981015782502794,2.9957322735539913,0.6931471805599454,19.999999999999996,,,20.0,0.00032894196920096874,1.239891185425222,0.5299959727562964,1.239891185425222,15920,10000.0,7.3473173386245945,False,False,exact_cap
Schirrmeister2017,14,6398,common_lr10000,cvar_a0p5,cvar,40,399,85799,0.016522862184876592,0.12854128591575778,,,0.0019438563120860242,19.43856312086024,0.010992280322247694,0.007447750542727585,0.03664881754623584,2.9957322735539913,0.6931471805599454,20.0,,,20.0,0.00035121687687933445,1.242975321598351,0.5299959727562964,1.242975321598351,15960,10000.0,7.3473173386245945,False,False,exact_cap
Schirrmeister2017,14,6398,common_lr10000,cvar_a0p5,cvar,40,400,86198,0.02524729187401374,0.15889396424664387,352.45495002458284,28.106423380386744,0.0024026487019016044,24.02648701901604,0.015775995890430595,0.015836197750232817,0.08809717196493724,2.9957322735539913,0.6931471805599454,19.999999999999996,,,20.0,0.0003447020426392555,1.2460328275337815,0.5605672746896744,1.2460328275337815,16000,10000.0,7.3473173386245945,False,False,exact_cap
Schirrmeister2017,14,6398,common_lr10000,cvar_a0p5,cvar,40,401,86598,0.0184171591222705,0.13570983428724132,,,0.0020501788983386883,20.50178898338688,0.011785548715249027,0.009347728403309013,0.03894723453731062,2.9957322735539913,0.6931471805599454,19.999999999999996,,,20.0,0.00042662816122174263,1.2499916397500783,0.5605672746896744,1.2499916397500783,16040,10000.0,7.3473173386245945,False,False,exact_cap
Schirrmeister2017,14,6398,common_lr10000,cvar_a0p5,cvar,40,402,86999,0.026029615528932765,0.16133696268658576,,,0.0024483458994334724,24.483458994334722,0.016242502560286993,0.013278504194835252,0.060784886867019036,2.9957322735539913,0.6931471805599454,19.999999999999996,,,20.0,0.00039322604425251484,1.2531900107860565,0.5605672746896744,1.2531900107860565,16080,10000.0,7.3473173386245945,False,False,exact_cap
Schirrmeister2017,14,6398,common_lr10000,cvar_a0p5,cvar,40,403,87401,0.02210978541694206,0.14869359574958857,,,0.0022376997864993068,22.376997864993072,0.014385139540408216,0.010033978234508766,0.05241034327178157,2.9957322735539913,0.6931471805599454,19.999999999999996,,,20.0,0.0003810280468314886,1.256309773772955,0.5605672746896744,1.256309773772955,16120,10000.0,7.3473173386245945,False,False,exact_cap
Schirrmeister2017,14,6398,common_lr10000,cvar_a0p5,cvar,40,404,87804,0.018684356872347922,0.13669073440562063,,,0.002057351511656158,20.57351511656158,0.011974024633107736,0.008433882748433721,0.03481352592442098,2.9957322735539913,0.6931471805599454,19.999999999999996,,,20.0,0.00038105202838778496,1.259442636743188,0.5605672746896744,1.259442636743188,16160,10000.0,7.3473173386245945,False,False,exact_cap
Schirrmeister2017,14,6398,common_lr10000,cvar_a0p5,cvar,40,405,88208,0.018076278547883795,0.13444805148414682,,,0.002024680156891026,20.24680156891026,0.012088910728622282,0.007881806673844659,0.03453951831072015,2.9957322735539913,0.6931471805599454,19.999999999999996,,,20.0,0.0003699460066854954,1.2625258427578956,0.5605672746896744,1.2625258427578956,16200,10000.0,7.3473173386245945,False,False,exact_cap
Schirrmeister2017,14,6398,common_lr10000,cvar_a0p5,cvar,40,406,88613,0.019541195951076784,0.1397898277811257,,,0.0021076944636592215,21.076944636592216,0.012328851658696236,0.010433040106981538,0.044998417145359154,2.9957322735539913,0.6931471805599454,20.0,,,20.0,0.00036079692654311657,1.2655987606849521,0.5605672746896744,1.2655987606849521,16240,10000.0,7.3473173386245945,False,False,exact_cap
Schirrmeister2017,14,6398,common_lr10000,cvar_a0p5,cvar,40,407,89019,0.02156857668564621,0.1468624413716666,,,0.002216319084274655,22.163190842746552,0.013259290287785047,0.012571685853669337,0.05292259887287984,2.9957322735539913,0.6931471805599454,19.999999999999996,,,20.0,0.0003618919290602207,1.2686792316380888,0.5605672746896744,1.2686792316380888,16280,10000.0,7.3473173386245945,False,False,exact_cap
Schirrmeister2017,14,6398,common_lr10000,cvar_a0p5,cvar,40,408,89426,0.01922793772657925,0.13866483954694228,,,0.002097109794914167,20.971097949141672,0.012291786713612361,0.010077016405797064,0.04940083898866235,2.9957322735539913,0.6931471805599454,19.999999999999996,,,20.0,0.00035198917612433434,1.2717267845291644,0.5605672746896744,1.2717267845291644,16320,10000.0,7.3473173386245945,False,False,exact_cap
Schirrmeister2017,14,6398,common_lr10000,cvar_a0p5,cvar,40,409,89834,0.018730408405774338,0.13685908229187546,,,0.0020632354256406686,20.632354256406686,0.011942383158778633,0.009539954143463944,0.04698171804452843,2.9957322735539913,0.6931471805599454,19.999999999999996,,,20.0,0.00036496715620160103,1.2747757525648922,0.5605672746896744,1.2747757525648922,16360,10000.0,7.3473173386245945,False,False,exact_cap
Schirrmeister2017,14,6398,common_lr10000,cvar_a0p5,cvar,40,410,90243,0.019163684902710507,0.1384329617638462,,,0.0021041809181683063,21.041809181683064,0.012763567859207126,0.008565511822922445,0.043121545275712644,2.9957322735539913,0.6931471805599454,19.999999999999996,,,20.0,0.0003611440770328045,1.277823063544929,0.5605672746896744,1.277823063544929,16400,10000.0,7.3473173386245945,False,False,exact_cap
Schirrmeister2017,14,6398,common_lr10000,cvar_a0p5,cvar,40,411,90653,0.021473430053916075,0.14653815221271244,,,0.0022062889465787622,22.062889465787624,0.013698073737108993,0.012363773992714561,0.06318389003388557,2.9957322735539913,0.6931471805599454,19.999999999999996,,,20.0,0.00037793396040797234,1.280901183374226,0.5605672746896744,1.280901183374226,16440,10000.0,7.3473173386245945,False,False,exact_cap
Schirrmeister2017,14,6398,common_lr10000,cvar_a0p5,cvar,40,412,91064,0.017701068074236354,0.13304536096473396,,,0.002009871422164196,20.098714221641956,0.011614919393427854,0.008088740024905965,0.032362309302004774,2.9957322735539913,0.6931471805599454,19.999999999999996,,,20.0,0.00038382806815207005,1.2840016572736204,0.5605672746896744,1.2840016572736204,16480,10000.0,7.3473173386245945,False,False,exact_cap
Schirrmeister2017,14,6398,common_lr10000,cvar_a0p5,cvar,40,413,91476,0.024074051674731912,0.15515815052626758,,,0.002346182249423562,23.46182249423562,0.015390094844218423,0.010804274174579106,0.043287062396447154,2.9957322735539913,0.6931471805599454,19.999999999999996,,,20.0,0.00035926816053688526,1.2870433183852583,0.5605672746896744,1.2870433183852583,16520,10000.0,7.3473173386245945,False,False,exact_cap
Schirrmeister2017,14,6398,common_lr10000,cvar_a0p5,cvar,40,414,91889,0.022888023896519397,0.15128788416961683,,,0.0022779227155491953,22.779227155491956,0.014583496831880911,0.01242487903358783,0.06726655608058887,2.9957322735539913,0.6931471805599454,19.999999999999996,,,20.0,0.0003743590787053108,1.2901491792872548,0.5605672746896744,1.2901491792872548,16560,10000.0,7.3473173386245945,False,False,exact_cap
Schirrmeister2017,14,6398,common_lr10000,cvar_a0p5,cvar,40,415,92303,0.023392378292363285,0.15294567104813162,,,0.0023025394780935645,23.025394780935645,0.014373078192675807,0.012557915234061192,0.05456687560248748,2.9957322735539913,0.6931471805599454,19.999999999999996,,,20.0,0.00036106002517044544,1.2931847902946174,0.5605672746896744,1.2931847902946174,16600,10000.0,7.3473173386245945,False,False,exact_cap
Schirrmeister2017,14,6398,common_lr10000,cvar_a0p5,cvar,40,416,92718,0.020583211972586037,0.14346850515909768,,,0.0021640500196823693,21.640500196823695,0.01310224547438858,0.01475880345383022,0.08921639244950494,2.9957322735539913,0.6931471805599454,19.999999999999996,,,20.0,0.00035837083123624325,1.2962130804080516,0.5605672746896744,1.2962130804080516,16640,10000.0,7.3473173386245945,False,False,exact_cap
Schirrmeister2017,14,6398,common_lr10000,cvar_a0p5,cvar,40,417,93134,0.019473802271651765,0.13954856599640056,,,0.002111280069813088,21.112800698130883,0.013555956773484574,0.0108506546367148,0.059181078422339294,2.9957322735539913,0.6931471805599454,19.999999999999996,,,20.0,0.000357604818418622,1.2993088033981621,0.5605672746896744,1.2993088033981621,16680,10000.0,7.3473173386245945,False,False,exact_cap
Schirrmeister2017,14,6398,common_lr10000,cvar_a0p5,cvar,40,418,93551,0.022273827933634537,0.14924418894427527,,,0.002247223286049976,22.47223286049976,0.01445449923134294,0.010051757141364609,0.041464106688727895,2.9957322735539913,0.6931471805599454,19.999999999999996,,,20.0,0.00035507790744304657,1.3023393873590976,0.5605672746896744,1.3023393873590976,16720,10000.0,7.3473173386245945,False,False,exact_cap
Schirrmeister2017,14,6398,common_lr10000,cvar_a0p5,cvar,40,419,93969,0.027455230416442176,0.1656961991611219,,,0.002488884798198996,24.888847981989958,0.016527764334859894,0.020107623148371064,0.10477774514576052,2.9957322735539913,0.6931471805599454,19.999999999999996,,,20.0,0.00035624997690320015,1.3053680851589888,0.5605672746896744,1.3053680851589888,16760,10000.0,7.3473173386245945,False,False,exact_cap
Schirrmeister2017,14,6398,common_lr10000,cvar_a0p5,cvar,40,420,94388,0.023693342564262525,0.1539264193186554,,,0.0023186991698858025,23.186991698858026,0.015045468794247853,0.013409412819000837,0.060607112143512595,2.9957322735539913,0.6931471805599454,19.999999999999996,,,20.0,0.00035492912866175175,1.3084038861561567,0.5605672746896744,1.3084038861561567,16800,10000.0,7.3473173386245945,False,False,exact_cap
Schirrmeister2017,14,6398,common_lr10000,cvar_a0p5,cvar,40,421,94808,0.018906762050369647,0.1375018619887369,,,0.00207963933743416,20.7963933743416,0.012326983708578237,0.009156247078043406,0.041065038882147034,2.9957322735539913,0.6931471805599454,19.999999999999996,,,20.0,0.00035173213109374046,1.3114936591591686,0.5605672746896744,1.3114936591591686,16840,10000.0,7.3473173386245945,False,False,exact_cap
Schirrmeister2017,14,6398,common_lr10000,cvar_a0p5,cvar,40,422,95229,0.022888899474425514,0.1512907778895512,,,0.002284391396205531,22.843913962055307,0.014297584196667766,0.013613049821848296,0.07694915856421755,2.9957322735539913,0.6931471805599454,19.999999999999996,,,20.0,0.0003572010900825262,1.3145840952638537,0.5605672746896744,1.3145840952638537,16880,10000.0,7.3473173386245945,False,False,exact_cap
Schirrmeister2017,14,6398,common_lr10000,cvar_a0p5,cvar,40,423,95651,0.01673160552686673,0.12935070748498723,,,0.0019494786615936951,19.494786615936953,0.010806164947394307,0.007845187573043762,0.03722305264447034,2.9957322735539913,0.6931471805599454,19.999999999999996,,,20.0,0.00035270792432129383,1.3176283861976117,0.5605672746896744,1.3176283861976117,16920,10000.0,7.3473173386245945,False,False,exact_cap
Schirrmeister2017,14,6398,common_lr10000,cvar_a0p5,cvar,40,424,96074,0.014882795109290518,0.12199506182338087,,,0.001840360097250595,18.40360097250595,0.010132363663497266,0.0065307907791064945,0.034327950749741695,2.9957322735539913,0.6931471805599454,19.999999999999996,,,20.0,0.0003629240673035383,1.3207314261235297,0.5605672746896744,1.3207314261235297,16960,10000.0,7.3473173386245945,False,False,exact_cap
Schirrmeister2017,14,6398,common_lr10000,cvar_a0p5,cvar,40,425,96498,0.018902014367062885,0.13748459683565606,347.5476557636139,29.107410700670812,0.002070184498874056,20.701844988740557,0.012537831515216225,0.010740312094273612,0.0648179823748723,2.9957322735539913,0.6931471805599454,19.999999999999993,,,20.0,0.00035887607373297215,1.323837268166244,0.5906973897945136,1.323837268166244,17000,10000.0,7.3473173386245945,False,False,exact_cap
Schirrmeister2017,14,6398,common_lr10000,cvar_a0p5,cvar,40,426,96923,0.016547139724869146,0.12863568604733738,,,0.0019407224640120015,19.407224640120017,0.011303278629604098,0.006637359382496961,0.03162794471704177,2.9957322735539913,0.6931471805599454,19.999999999999996,,,20.0,0.0004285341128706932,1.3273685520980507,0.5906973897945136,1.3273685520980507,17040,10000.0,7.3473173386245945,False,False,exact_cap
Schirrmeister2017,14,6398,common_lr10000,cvar_a0p5,cvar,40,427,97349,0.024804710601631003,0.15749511294523078,,,0.002375718672542462,23.75718672542462,0.01629368755875195,0.011846215646440353,0.04864586296082757,2.9957322735539913,0.6931471805599454,19.999999999999996,,,20.0,0.0003932761028409004,1.3305878730025142,0.5906973897945136,1.3305878730025142,17080,10000.0,7.3473173386245945,False,False,exact_cap
Schirrmeister2017,14,6398,common_lr10000,cvar_a0p5,cvar,40,428,97776,0.020753340136056717,0.14406019622385885,,,0.0021799068717116873,21.799068717116874,0.012723128736548265,0.013527365061959102,0.0737818155042618,2.9957322735539913,0.6931471805599454,19.999999999999996,,,20.0,0.00037057697772979736,1.3337847120128572,0.5906973897945136,1.3337847120128572,17120,10000.0,7.3473173386245945,False,False,exact_cap
Schirrmeister2017,14,6398,common_lr10000,cvar_a0p5,cvar,40,429,98204,0.019878456863294057,0.14099098149631437,,,0.0021157951407638305,21.157951407638304,0.013267296427296148,0.009298204118090006,0.04879983094125427,2.9957322735539913,0.6931471805599454,20.0,,,20.0,0.0003696000203490257,1.3369173461105675,0.5906973897945136,1.3369173461105675,17160,10000.0,7.3473173386245945,False,False,exact_cap
Schirrmeister2017,14,6398,common_lr10000,cvar_a0p5,cvar,40,430,98633,0.015409637022954382,0.1241355590592574,,,0.001878418457513658,18.78418457513658,0.010106330813157302,0.007286152288630284,0.028761104641380177,2.9957322735539913,0.6931471805599454,19.999999999999996,,,20.0,0.00037885410711169243,1.3402720429003239,0.5906973897945136,1.3402720429003239,17200,10000.0,7.3473173386245945,False,False,exact_cap
Schirrmeister2017,14,6398,common_lr10000,cvar_a0p5,cvar,40,431,99063,0.019469084076782738,0.13953165976502516,,,0.0021200561794260486,21.200561794260487,0.012416440503037777,0.010028593095520913,0.052765208139242625,2.9957322735539913,0.6931471805599454,19.999999999999996,,,20.0,0.00035159196704626083,1.3434638169128448,0.5906973897945136,1.3434638169128448,17240,10000.0,7.3473173386245945,False,False,exact_cap
Schirrmeister2017,14,6398,common_lr10000,cvar_a0p5,cvar,40,432,99494,0.016644947560187934,0.12901529971359185,,,0.001953864362081212,19.538643620812117,0.010970685469633312,0.007761716519156715,0.03301884381881834,2.9957322735539913,0.6931471805599454,19.999999999999996,,,20.0,0.0003450361546128988,1.3466094739269465,0.5906973897945136,1.3466094739269465,17280,10000.0,7.3473173386245945,False,False,exact_cap
Schirrmeister2017,14,6398,common_lr10000,cvar_a0p5,cvar,40,433,99926,0.01575705682400443,0.125527115891366,,,0.0019001344211880846,19.00134421188085,0.011105565136859548,0.007802380484268787,0.04010465489583222,2.9957322735539913,0.6931471805599454,20.0,,,20.0,0.0003515321295708418,1.3497064230032265,0.5906973897945136,1.3497064230032265,17320,10000.0,7.3473173386245945,False,False,exact_cap
Schirrmeister2017,14,6398,common_lr10000,cvar_a0p5,cvar,40,434,100359,0.025218641930957124,0.1588037843722785,,,0.0024014413422217646,24.014413422217647,0.015153451685081962,0.015248569584378433,0.07331243162274886,2.9957322735539913,0.6931471805599454,19.999999999999996,,,20.0,0.0003505060449242592,1.3528878691140562,0.5906973897945136,1.3528878691140562,17360,10000.0,7.3473173386245945,False,False,exact_cap
Schirrmeister2017,14,6398,common_lr10000,cvar_a0p5,cvar,40,435,100793,0.021385839265152553,0.14623897997850147,,,0.002202352623030624,22.023526230306242,0.013459564603645514,0.013879034662035713,0.07211621815802276,2.9957322735539913,0.6931471805599454,19.999999999999996,,,20.0,0.00035188905894756317,1.3559581362642348,0.5906973897945136,1.3559581362642348,17400,10000.0,7.3473173386245945,False,False,exact_cap
Schirrmeister2017,14,6398,common_lr10000,cvar_a0p5,cvar,40,436,101228,0.02282940753756421,0.15109403541359337,,,0.0022858954247057957,22.85895424705796,0.013946966264801514,0.018152806388138883,0.10786604698533224,2.9957322735539913,0.6931471805599454,19.999999999999996,,,20.0,0.000366052845492959,1.3590426652226597,0.5906973897945136,1.3590426652226597,17440,10000.0,7.3473173386245945,False,False,exact_cap
Schirrmeister2017,14,6398,common_lr10000,cvar_a0p5,cvar,40,437,101664,0.02470338817492304,0.1571731153057769,,,0.0023614739899447054,23.614739899447056,0.01566516454151017,0.012018038424884313,0.05202227260735632,2.9957322735539913,0.6931471805599454,20.0,,,20.0,0.00034559587948024273,1.3621606992091984,0.5906973897945136,1.3621606992091984,17480,10000.0,7.3473173386245945,False,False,exact_cap
Schirrmeister2017,14,6398,common_lr10000,cvar_a0p5,cvar,40,438,102101,0.016024054482114095,0.1265861543855176,,,0.001921462947720661,19.21462947720661,0.010357969437495378,0.008330612661247488,0.035819728528740824,2.9957322735539913,0.6931471805599454,19.999999999999996,,,20.0,0.0003582378849387169,1.3652319272514433,0.5906973897945136,1.3652319272514433,17520,10000.0,7.3473173386245945,False,False,exact_cap
Schirrmeister2017,14,6398,common_lr10000,cvar_a0p5,cvar,40,439,102539,0.023960427233269157,0.1547915606009228,,,0.00233317456119444,23.331745611944395,0.013932408299594152,0.021546283245069332,0.1354085147358571,2.9957322735539913,0.6931471805599454,19.999999999999996,,,20.0,0.0003535081632435322,1.3683056372683495,0.5906973897945136,1.3683056372683495,17560,10000.0,7.3473173386245945,False,False,exact_cap
Schirrmeister2017,14,6398,common_lr10000,cvar_a0p5,cvar,40,440,102978,0.020295283611639917,0.14246151624786224,,,0.002146937171943255,21.46937171943255,0.01254585219390084,0.012026170329274803,0.06264013547157565,2.9957322735539913,0.6931471805599454,19.999999999999996,,,20.0,0.00034604105167090893,1.371359219076112,0.5906973897945136,1.371359219076112,17600,10000.0,7.3473173386245945,False,False,exact_cap
Schirrmeister2017,14,6398,common_lr10000,cvar_a0p5,cvar,40,441,103418,0.01900770186160107,0.1378684222786388,,,0.0020807954942279458,20.80795494227946,0.012180990420972898,0.009554464184318323,0.051934874059912456,2.9957322735539913,0.6931471805599454,19.999999999999996,,,20.0,0.0003462859895080328,1.374465161236003,0.5906973897945136,1.374465161236003,17640,10000.0,7.3473173386245945,False,False,exact_cap
Schirrmeister2017,14,6398,common_lr10000,cvar_a0p5,cvar,40,442,103859,0.01852922930462337,0.1361221117402436,,,0.002055108061963602,20.55108061963602,0.011987439909508853,0.011368286064947143,0.06628267999640183,2.9957322735539913,0.6931471805599454,19.999999999999996,,,20.0,0.0003352239727973938,1.377500573405996,0.5906973897945136,1.377500573405996,17680,10000.0,7.3473173386245945,False,False,exact_cap
Schirrmeister2017,14,6398,common_lr10000,cvar_a0p5,cvar,40,443,104301,0.015537822655802667,0.12465080286866453,,,0.001889636289392826,18.89636289392826,0.010061300812336776,0.007182194829602753,0.03127670000411689,2.9957322735539913,0.6931471805599454,19.999999999999996,,,20.0,0.0003737399820238352,1.3806016633752733,0.5906973897945136,1.3806016633752733,17720,10000.0,7.3473173386245945,False,False,exact_cap
Schirrmeister2017,14,6398,common_lr10000,cvar_a0p5,cvar,40,444,104744,0.01981941488442824,0.14078144367930115,,,0.002126259449128236,21.26259449128236,0.012484095096085411,0.011221844719739854,0.06356562422705947,2.9957322735539913,0.6931471805599454,19.999999999999996,,,20.0,0.0003668030258268118,1.3836740602273494,0.5906973897945136,1.3836740602273494,17760,10000.0,7.3473173386245945,False,False,exact_cap
Schirrmeister2017,14,6398,common_lr10000,cvar_a0p5,cvar,40,445,105188,0.014105129999948512,0.1187650201025054,,,0.0017994190623968204,17.994190623968205,0.00961351311057513,0.008015622707391746,0.05070853860170271,2.9957322735539913,0.6931471805599454,20.0,,,20.0,0.0003663108218461275,1.3867388253565878,0.5906973897945136,1.3867388253565878,17800,10000.0,7.3473173386245945,False,False,exact_cap
Schirrmeister2017,14,6398,common_lr10000,cvar_a0p5,cvar,40,446,105633,0.021284153851301262,0.14589089708169342,,,0.0021962577991103465,21.962577991103466,0.013778657704713499,0.012775180160993434,0.06660317133793026,2.9957322735539913,0.6931471805599454,19.999999999999996,,,20.0,0.00033945892937481403,1.3897920222952962,0.5906973897945136,1.3897920222952962,17840,10000.0,7.3473173386245945,False,False,exact_cap
Schirrmeister2017,14,6398,common_lr10000,cvar_a0p5,cvar,40,447,106079,0.015535613068933585,0.12464193944629386,,,0.0018846574003632218,18.846574003632217,0.010693590675276171,0.006670953171781202,0.027531812333999116,2.9957322735539913,0.6931471805599454,19.999999999999996,,,20.0,0.0003600760828703642,1.3928657022770494,0.5906973897945136,1.3928657022770494,17880,10000.0,7.3473173386245945,False,False,exact_cap
Schirrmeister2017,14,6398,common_lr10000,cvar_a0p5,cvar,40,448,106526,0.01552485180031325,0.12459876323749466,,,0.0018802778427009254,18.80277842700925,0.010106533474669215,0.007959176916180796,0.040150419659315595,2.9957322735539913,0.6931471805599454,19.999999999999996,,,20.0,0.00036417716182768345,1.3959263523574919,0.5906973897945136,1.3959263523574919,17920,10000.0,7.3473173386245945,False,False,exact_cap
Schirrmeister2017,14,6398,common_lr10000,cvar_a0p5,cvar,40,449,106974,0.019265604313780698,0.13880059190716984,,,0.002089679754717294,20.896797547172937,0.012014152798598146,0.011671708699027068,0.06022531736076602,2.9957322735539913,0.6931471805599454,19.999999999999996,,,20.0,0.00035848282277584076,1.3990043103694916,0.5906973897945136,1.3990043103694916,17960,10000.0,7.3473173386245945,False,False,exact_cap
Schirrmeister2017,14,6398,common_lr10000,cvar_a0p5,cvar,40,450,107423,0.019524642195384703,0.1397306057933791,341.7318643413824,30.29371279740325,0.002112640399812001,21.12640399812001,0.012469574740014946,0.009700864022509756,0.04110551818262598,2.9957322735539913,0.6931471805599454,19.999999999999996,,,20.0,0.00035854708403348923,1.4020897103473544,0.6197184466291219,1.4020897103473544,18000,10000.0,7.3473173386245945,False,False,exact_cap
Schirrmeister2017,14,6398,common_lr10000,cvar_a0p5,cvar,40,451,107873,0.02248393699527757,0.14994644709121177,,,0.002263817549534586,22.638175495345852,0.01380274393853834,0.012776289260243785,0.06671763849246201,2.9957322735539913,0.6931471805599454,19.999999999999996,,,20.0,0.00040803616866469383,1.4060543063096702,0.6197184466291219,1.4060543063096702,18040,10000.0,7.3473173386245945,False,False,exact_cap
Schirrmeister2017,14,6398,common_lr10000,cvar_a0p5,cvar,40,452,108324,0.02086344758952521,0.14444184847032804,,,0.0021883212318591196,21.883212318591195,0.013126262541816031,0.010952290776151745,0.04401468701187972,2.9957322735539913,0.6931471805599454,19.999999999999996,,,20.0,0.00038514682091772556,1.4092813653405756,0.6197184466291219,1.4092813653405756,18080,10000.0,7.3473173386245945,False,False,exact_cap
Schirrmeister2017,14,6398,common_lr10000,cvar_a0p5,cvar,40,453,108776,0.02018049078809457,0.1420580542880078,,,0.0021448451581501694,21.448451581501693,0.013105075236947122,0.011112959983789165,0.06339893659001944,2.9957322735539913,0.6931471805599454,19.999999999999996,,,20.0,0.0003625638782978058,1.4124437663704157,0.6197184466291219,1.4124437663704157,18120,10000.0,7.3473173386245945,False,False,exact_cap
Schirrmeister2017,14,6398,common_lr10000,cvar_a0p5,cvar,40,454,109229,0.019893651641427833,0.1410448568414596,,,0.002123467561705033,21.234675617050332,0.012595381354503095,0.011863671362275268,0.06796680088127736,2.9957322735539913,0.6931471805599454,20.0,,,20.0,0.0003522639162838459,1.4155693494249135,0.6197184466291219,1.4155693494249135,18160,10000.0,7.3473173386245945,False,False,exact_cap
Schirrmeister2017,14,6398,common_lr10000,cvar_a0p5,cvar,40,455,109683,0.015973071688286718,0.1263846180841906,,,0.0019077936694354854,19.077936694354854,0.010364802728181483,0.007406120566634807,0.037244938200945654,2.9957322735539913,0.6931471805599454,19.999999999999996,,,20.0,0.0003512650728225708,1.418673496460542,0.6197184466291219,1.418673496460542,18200,10000.0,7.3473173386245945,False,False,exact_cap
Schirrmeister2017,14,6398,common_lr10000,cvar_a0p5,cvar,40,456,110138,0.026861576493054314,0.16389501668157672,,,0.002477829821787228,24.77829821787228,0.01680545233108371,0.01536091661489536,0.07465975802808603,2.9957322735539913,0.6931471805599454,19.999999999999996,,,20.0,0.0003625480458140373,1.4218121652957052,0.6197184466291219,1.4218121652957052,18240,10000.0,7.3473173386245945,False,False,exact_cap
Schirrmeister2017,14,6398,common_lr10000,cvar_a0p5,cvar,40,457,110594,0.01754970085891896,0.1324752839548531,,,0.0019952213879511687,19.95221387951169,0.011643559620953151,0.008023783773458467,0.03453089914064398,2.9957322735539913,0.6931471805599454,19.999999999999996,,,20.0,0.00035737291909754276,1.4249404962174594,0.6197184466291219,1.4249404962174594,18280,10000.0,7.3473173386245945,False,False,exact_cap
Schirrmeister2017,14,6398,common_lr10000,cvar_a0p5,cvar,40,458,111051,0.016996544522482664,0.13037079627923834,,,0.001974848149617947,19.74848149617947,0.01196602246305601,0.007106988816437417,0.03128193077842625,2.9957322735539913,0.6931471805599454,20.0,,,20.0,0.0003481530584394932,1.4279962973669171,0.6197184466291219,1.4279962973669171,18320,10000.0,7.3473173386245945,False,False,exact_cap
Schirrmeister2017,14,6398,common_lr10000,cvar_a0p5,cvar,40,459,111509,0.02504839262019808,0.15826683992611365,,,0.0023791919321948666,23.791919321948665,0.015189823514833264,0.017092460955843613,0.08831022332901639,2.9957322735539913,0.6931471805599454,19.999999999999996,,,20.0,0.00033878092654049397,1.4310497033875436,0.6197184466291219,1.4310497033875436,18360,10000.0,7.3473173386245945,False,False,exact_cap
Schirrmeister2017,14,6398,common_lr10000,cvar_a0p5,cvar,40,460,111968,0.01803835152353966,0.13430693028857318,,,0.0020114651812618363,20.114651812618362,0.01170325807950819,0.008125347004483162,0.03401193150435989,2.9957322735539913,0.6931471805599454,19.999999999999996,,,20.0,0.0003430608194321394,1.4341139383614063,0.6197184466291219,1.4341139383614063,18400,10000.0,7.3473173386245945,False,False,exact_cap
Schirrmeister2017,14,6398,common_lr10000,cvar_a0p5,cvar,40,461,112428,0.01596887196854177,0.12636800215458727,,,0.0018981033999800165,18.981033999800164,0.010345725662888786,0.007622453806737219,0.03326788494761591,2.9957322735539913,0.6931471805599454,19.999999999999996,,,20.0,0.00034310203045606613,1.4372519454918802,0.6197184466291219,1.4372519454918802,18440,10000.0,7.3473173386245945,False,False,exact_cap
Schirrmeister2017,14,6398,common_lr10000,cvar_a0p5,cvar,40,462,112889,0.026842654015854107,0.16383727907852386,,,0.0024710716820718344,24.710716820718343,0.015854892790982424,0.0150748221642097,0.07704757250373609,2.9957322735539913,0.6931471805599454,19.999999999999996,,,20.0,0.00034045614302158356,1.4403024015482515,0.6197184466291219,1.4403024015482515,18480,10000.0,7.3473173386245945,False,False,exact_cap
Schirrmeister2017,14,6398,common_lr10000,cvar_a0p5,cvar,40,463,113351,0.01962845784143299,0.14010159828293534,,,0.0021018566297743204,21.018566297743202,0.012916473314711342,0.009780313566857,0.04880918734527079,2.9957322735539913,0.6931471805599454,19.999999999999996,,,20.0,0.00034807599149644375,1.4433666714467108,0.6197184466291219,1.4433666714467108,18520,10000.0,7.3473173386245945,False,False,exact_cap
Schirrmeister2017,14,6398,common_lr10000,cvar_a0p5,cvar,40,464,113814,0.019849474572217037,0.1408881633502866,,,0.002126743137983832,21.26743137983832,0.012541726996142498,0.010008461794492197,0.04750989885470804,2.9957322735539913,0.6931471805599454,19.999999999999996,,,20.0,0.0003418480046093464,1.4464589485432953,0.6197184466291219,1.4464589485432953,18560,10000.0,7.3473173386245945,False,False,exact_cap
Schirrmeister2017,14,6398,common_lr10000,cvar_a0p5,cvar,40,465,114278,0.018285058279441508,0.13522225511890235,,,0.002050286409812882,20.50286409812882,0.01205253928310935,0.009000217910190133,0.04928174411868297,2.9957322735539913,0.6931471805599454,19.999999999999996,,,20.0,0.00033515901304781437,1.4495496745221317,0.6197184466291219,1.4495496745221317,18600,10000.0,7.3473173386245945,False,False,exact_cap
Schirrmeister2017,14,6398,common_lr10000,cvar_a0p5,cvar,40,466,114743,0.022946163217290233,0.1514799102762153,,,0.0022915009673929523,22.91500967392952,0.01432895041390418,0.014035632159944642,0.06141907682478745,2.9957322735539913,0.6931471805599454,19.999999999999996,,,20.0,0.0003520529717206955,1.4526456585153937,0.6197184466291219,1.4526456585153937,18640,10000.0,7.3473173386245945,False,False,exact_cap
Schirrmeister2017,14,6398,common_lr10000,cvar_a0p5,cvar,40,467,115209,0.013091627658420379,0.1144186508328969,,,0.0017221172861251605,17.221172861251606,0.008737349738709323,0.008043550233720706,0.05232132041395839,2.9957322735539913,0.6931471805599454,19.999999999999996,,,20.0,0.0003457919228821993,1.4557181063573807,0.6197184466291219,1.4557181063573807,18680,10000.0,7.3473173386245945,False,False,exact_cap
Schirrmeister2017,14,6398,common_lr10000,cvar_a0p5,cvar,40,468,115676,0.02121620782358512,0.14565784504648255,,,0.0021987130672752844,21.987130672752844,0.012603531779226749,0.012504639480036772,0.05582542188835324,2.9957322735539913,0.6931471805599454,19.999999999999996,,,20.0,0.0003421739675104618,1.4587750313803554,0.6197184466291219,1.4587750313803554,18720,10000.0,7.3473173386245945,False,False,exact_cap
Schirrmeister2017,14,6398,common_lr10000,cvar_a0p5,cvar,40,469,116144,0.019308879846754147,0.13895639548705252,,,0.002104741238980846,21.04741238980846,0.01241194662888712,0.010547754733441665,0.04597232489719294,2.9957322735539913,0.6931471805599454,19.999999999999996,,,20.0,0.0003610330168157816,1.4618450603447855,0.6197184466291219,1.4618450603447855,18760,10000.0,7.3473173386245945,False,False,exact_cap
Schirrmeister2017,14,6398,common_lr10000,cvar_a0p5,cvar,40,470,116613,0.01630352816884813,0.12768526997601615,,,0.0019291760006737559,19.291760006737558,0.010961364083784796,0.006851855896122551,0.03170420733099848,2.9957322735539913,0.6931471805599454,19.999999999999996,,,20.0,0.000348344212397933,1.4649089083541185,0.6197184466291219,1.4649089083541185,18800,10000.0,7.3473173386245945,False,False,exact_cap
Schirrmeister2017,14,6398,common_lr10000,cvar_a0p5,cvar,40,471,117083,0.02252534786143362,0.15008446908802262,,,0.0022689168152870646,22.689168152870643,0.014791796555679743,0.01587580213241444,0.09997274918491225,2.9957322735539913,0.6931471805599454,19.999999999999996,,,20.0,0.00035352911800146103,1.4679937835317105,0.6197184466291219,1.4679937835317105,18840,10000.0,7.3473173386245945,False,False,exact_cap
Schirrmeister2017,14,6398,common_lr10000,cvar_a0p5,cvar,40,472,117554,0.01583191739241752,0.12582494741670874,,,0.0018958175388195642,18.95817538819564,0.010760283776135261,0.0068383766105425264,0.030728369297034364,2.9957322735539913,0.6931471805599454,19.999999999999996,,,20.0,0.0003481828607618809,1.471048750448972,0.6197184466291219,1.471048750448972,18880,10000.0,7.3473173386245945,False,False,exact_cap
Schirrmeister2017,14,6398,common_lr10000,cvar_a0p5,cvar,40,473,118026,0.01634190908812597,0.12783547664136888,,,0.0019294506053046919,19.29450605304692,0.011094263454966481,0.007462354869598016,0.03543376180305546,2.9957322735539913,0.6931471805599454,19.999999999999996,,,20.0,0.00035346904769539833,1.4741472015157342,0.6197184466291219,1.4741472015157342,18920,10000.0,7.3473173386245945,False,False,exact_cap
Schirrmeister2017,14,6398,common_lr10000,cvar_a0p5,cvar,40,474,118499,0.01732559438970987,0.13162672369131534,,,0.0019843046557584797,19.8430465575848,0.011160003839399177,0.00799387492601775,0.029521963557742392,2.9957322735539913,0.6931471805599454,19.999999999999996,,,20.0,0.00034661218523979187,1.4772004466503859,0.6197184466291219,1.4772004466503859,18960,10000.0,7.3473173386245945,False,False,exact_cap
Schirrmeister2017,14,6398,common_lr10000,cvar_a0p5,cvar,40,475,118973,0.020480743193676917,0.14311094714827693,336.2086087606191,31.42034358598379,0.0021643824546246984,21.643824546246986,0.013446885285181226,0.010278340111376532,0.051275522568347484,2.9957322735539913,0.6931471805599454,19.999999999999996,,,20.0,0.0003799339756369591,1.4803329384885728,0.6486981764901429,1.4803329384885728,19000,10000.0,7.3473173386245945,False,False,exact_cap
Schirrmeister2017,14,6398,common_lr10000,cvar_a0p5,cvar,40,476,119448,0.01880729004329585,0.13713967348399167,,,0.002060626158861283,20.606261588612828,0.012036133317046402,0.008686655402615248,0.04057612379890799,2.9957322735539913,0.6931471805599454,19.999999999999996,,,20.0,0.00042128702625632286,1.4842795045115054,0.6486981764901429,1.4842795045115054,19040,10000.0,7.3473173386245945,False,False,exact_cap
Schirrmeister2017,14,6398,common_lr10000,cvar_a0p5,cvar,40,477,119924,0.017829922554841907,0.13352873306836213,,,0.0020167202839604967,20.16720283960497,0.011130242418937121,0.01171045286926736,0.06062544135516585,2.9957322735539913,0.6931471805599454,19.999999999999996,,,20.0,0.0003867330960929394,1.4874771216418594,0.6486981764901429,1.4874771216418594,19080,10000.0,7.3473173386245945,False,False,exact_cap
Schirrmeister2017,14,6398,common_lr10000,cvar_a0p5,cvar,40,478,120401,0.017616363272985703,0.13272664869191003,,,0.0020037080745046397,20.0370807450464,0.01172383275408443,0.007764366799199596,0.03388167469451643,2.9957322735539913,0.6931471805599454,19.999999999999996,,,20.0,0.0003777050878852606,1.4906599605455995,0.6486981764901429,1.4906599605455995,19120,10000.0,7.3473173386245945,False,False,exact_cap
Schirrmeister2017,14,6398,common_lr10000,cvar_a0p5,cvar,40,479,120879,0.014873761476573677,0.12195803161978992,,,0.0018394756270102871,18.39475627010287,0.010289005357866532,0.005561616257829497,0.025198338782425687,2.9957322735539913,0.6931471805599454,19.999999999999996,,,20.0,0.00035589816980063915,1.4938356415368617,0.6486981764901429,1.4938356415368617,19160,10000.0,7.3473173386245945,False,False,exact_cap
Schirrmeister2017,14,6398,common_lr10000,cvar_a0p5,cvar,40,480,121358,0.016368028271093828,0.12793759522163073,,,0.001931929210693662,19.31929210693662,0.010380041716812652,0.007977840748212341,0.033740555100226714,2.9957322735539913,0.6931471805599454,19.999999999999996,,,20.0,0.0003635711036622524,1.4970060416962951,0.6486981764901429,1.4970060416962951,19200,10000.0,7.3473173386245945,False,False,exact_cap
Schirrmeister2017,14,6398,common_lr10000,cvar_a0p5,cvar,40,481,121838,0.020485358286149755,0.1431270704169891,,,0.002157618875701507,21.57618875701507,0.013074444847411737,0.01756696727890557,0.11223936430020683,2.9957322735539913,0.6931471805599454,19.999999999999996,,,20.0,0.0003901510499417782,1.5002861337270588,0.6486981764901429,1.5002861337270588,19240,10000.0,7.3473173386245945,False,False,exact_cap
Schirrmeister2017,14,6398,common_lr10000,cvar_a0p5,cvar,40,482,122319,0.020423143725733707,0.1429095648504106,,,0.002152899047925864,21.52899047925864,0.012994165005217485,0.011354908362625473,0.05332905872305671,2.9957322735539913,0.6931471805599454,19.999999999999996,,,20.0,0.0003529998939484358,1.5033620747271925,0.6486981764901429,1.5033620747271925,19280,10000.0,7.3473173386245945,False,False,exact_cap
Schirrmeister2017,14,6398,common_lr10000,cvar_a0p5,cvar,40,483,122801,0.01425521317089022,0.11939519743645563,,,0.0018067609922892572,18.06760992289257,0.009151493708493656,0.0064944275980492565,0.027393491287183547,2.9957322735539913,0.6931471805599454,19.999999999999996,,,20.0,0.0003443630412220955,1.5064192838035524,0.6486981764901429,1.5064192838035524,19320,10000.0,7.3473173386245945,False,False,exact_cap
Schirrmeister2017,14,6398,common_lr10000,cvar_a0p5,cvar,40,484,123284,0.01592606751147286,0.12619852420481334,,,0.0018998334192982585,18.998334192982583,0.010613081770921368,0.006388374175173426,0.023554899769306407,2.9957322735539913,0.6931471805599454,19.999999999999996,,,20.0,0.0003623301163315773,1.5095300797838718,0.6486981764901429,1.5095300797838718,19360,10000.0,7.3473173386245945,False,False,exact_cap
Schirrmeister2017,14,6398,common_lr10000,cvar_a0p5,cvar,40,485,123768,0.019170247963399337,0.13845666456837438,,,0.0020894503933949864,20.894503933949863,0.01197378827436292,0.010491572507394345,0.04848427311121755,2.9957322735539913,0.6931471805599454,20.0,,,20.0,0.00034774281084537506,1.5125704226084054,0.6486981764901429,1.5125704226084054,19400,10000.0,7.3473173386245945,False,False,exact_cap
Schirrmeister2017,14,6398,common_lr10000,cvar_a0p5,cvar,40,486,124253,0.020640301567259073,0.14366732950555972,,,0.0021614372357208955,21.614372357208957,0.012627015551865104,0.01468529431860515,0.07040808043771263,2.9957322735539913,0.6931471805599454,19.999999999999996,,,20.0,0.00035357801243662834,1.5156548435334116,0.6486981764901429,1.5156548435334116,19440,10000.0,7.3473173386245945,False,False,exact_cap
Schirrmeister2017,14,6398,common_lr10000,cvar_a0p5,cvar,40,487,124739,0.014209177899448266,0.11920225626827818,,,0.001798263388454077,17.98263388454077,0.00946979643776466,0.006717094084371739,0.03144816925268935,2.9957322735539913,0.6931471805599454,19.999999999999996,,,20.0,0.0003464869223535061,1.5186988066416234,0.6486981764901429,1.5186988066416234,19480,10000.0,7.3473173386245945,False,False,exact_cap
Schirrmeister2017,14,6398,common_lr10000,cvar_a0p5,cvar,40,488,125226,0.017912753331503318,0.13383853455377984,,,0.0020218032861432423,20.21803286143242,0.011441112811391506,0.009911251379159727,0.046368964306623926,2.9957322735539913,0.6931471805599454,19.999999999999996,,,20.0,0.00038262316957116127,1.5217783686239272,0.6486981764901429,1.5217783686239272,19520,10000.0,7.3473173386245945,False,False,exact_cap
Schirrmeister2017,14,6398,common_lr10000,cvar_a0p5,cvar,40,489,125714,0.018864074984398325,0.13734655068256474,,,0.002081431881258027,20.81431881258027,0.01288263764520693,0.007490401712655059,0.028439044136899135,2.9957322735539913,0.6931471805599454,20.0,,,20.0,0.00035129510797560215,1.5248224025126547,0.6486981764901429,1.5248224025126547,19560,10000.0,7.3473173386245945,False,False,exact_cap
Schirrmeister2017,14,6398,common_lr10000,cvar_a0p5,cvar,40,490,126203,0.019342358758083728,0.1390768088434723,,,0.002099223559298516,20.99223559298516,0.012810236539944553,0.010950523965961894,0.055443426381218894,2.9957322735539913,0.6931471805599454,19.999999999999996,,,20.0,0.0003824851009994745,1.5278995835687965,0.6486981764901429,1.5278995835687965,19600,10000.0,7.3473173386245945,False,False,exact_cap
Schirrmeister2017,14,6398,common_lr10000,cvar_a0p5,cvar,40,491,126693,0.02194380553544898,0.14813441711988803,,,0.002240588069776927,22.405880697769273,0.013440092547470486,0.014808986755498972,0.08752490825999192,2.9957322735539913,0.6931471805599454,19.999999999999996,,,20.0,0.00035320501774549484,1.53093760763295,0.6486981764901429,1.53093760763295,19640,10000.0,7.3473173386245945,False,False,exact_cap
Schirrmeister2017,14,6398,common_lr10000,cvar_a0p5,cvar,40,492,127184,0.02468396786184407,0.15711132314968285,,,0.002364576946985664,23.64576946985664,0.014456683589958963,0.01701252943883904,0.06585954661760131,2.9957322735539913,0.6931471805599454,19.999999999999996,,,20.0,0.0003470350056886673,1.5340345648583025,0.6486981764901429,1.5340345648583025,19680,10000.0,7.3473173386245945,False,False,exact_cap
Schirrmeister2017,14,6398,common_lr10000,cvar_a0p5,cvar,40,493,127676,0.01774602521225767,0.1332142079969613,,,0.002006316933488425,20.06316933488425,0.01148186984893497,0.009448057554954165,0.05152783891501688,2.9957322735539913,0.6931471805599454,19.999999999999996,,,20.0,0.00033994903787970543,1.53705467376858,0.6486981764901429,1.53705467376858,19720,10000.0,7.3473173386245945,False,False,exact_cap
Schirrmeister2017,14,6398,common_lr10000,cvar_a0p5,cvar,40,494,128169,0.01819548062853653,0.1348906246873241,,,0.0020448383721143075,20.448383721143074,0.012021186870693071,0.007969516891190149,0.03460799302125558,2.9957322735539913,0.6931471805599454,19.999999999999996,,,20.0,0.0003502131439745426,1.540102096972987,0.6486981764901429,1.540102096972987,19760,10000.0,7.3473173386245945,False,False,exact_cap
Schirrmeister2017,14,6398,common_lr10000,cvar_a0p5,cvar,40,495,128663,0.019843273931255227,0.14086615608887476,,,0.0021173233370579926,21.173233370579926,0.012959878110888246,0.011599753634181592,0.07134329638776435,2.9957322735539913,0.6931471805599454,20.0,,,20.0,0.00034133181907236576,1.5431300979107618,0.6486981764901429,1.5431300979107618,19800,10000.0,7.3473173386245945,False,False,exact_cap
Schirrmeister2017,14,6398,common_lr10000,cvar_a0p5,cvar,40,496,129158,0.01656814236565716,0.12871729629563058,,,0.0019443723156048036,19.443723156048037,0.010920974879266925,0.00807496736822516,0.03548861917066441,2.9957322735539913,0.6931471805599454,19.999999999999996,,,20.0,0.00034090899862349033,1.5461628569755703,0.6486981764901429,1.5461628569755703,19840,10000.0,7.3473173386245945,False,False,exact_cap
Schirrmeister2017,14,6398,common_lr10000,cvar_a0p5,cvar,40,497,129654,0.02027238128839438,0.14238111282187108,,,0.002147317349660564,21.473173496605643,0.013411188348449832,0.012246035307276948,0.0646144706239007,2.9957322735539913,0.6931471805599454,19.999999999999996,,,20.0,0.0003550390247255564,1.54920853395015,0.6486981764901429,1.54920853395015,19880,10000.0,7.3473173386245945,False,False,exact_cap
Schirrmeister2017,14,6398,common_lr10000,cvar_a0p5,cvar,40,498,130151,0.01986190511509557,0.1409322713756348,,,0.0021372864216801036,21.372864216801037,0.012105102199916182,0.012262974207035617,0.06676887882423346,2.9957322735539913,0.6931471805599454,19.999999999999996,,,20.0,0.00035063992254436016,1.5522468429990113,0.6486981764901429,1.5522468429990113,19920,10000.0,7.3473173386245945,False,False,exact_cap
Schirrmeister2017,14,6398,common_lr10000,cvar_a0p5,cvar,40,499,130649,0.017694399687645863,0.13302029802870638,,,0.0020135348339219727,20.135348339219725,0.011712645725103558,0.008372585481433284,0.0417534591259599,2.9957322735539913,0.6931471805599454,19.999999999999996,,,20.0,0.0003494441043585539,1.5552884410135448,0.6486981764901429,1.5552884410135448,19960,10000.0,7.3473173386245945,False,False,exact_cap
Schirrmeister2017,14,6398,common_lr10000,cvar_a0p5,cvar,40,500,131148,0.023066681548388732,0.15187719232455127,331.7666174808228,32.32641864719492,0.0022898204311048716,22.898204311048715,0.014935302629792478,0.011292548348955055,0.06565266283139569,2.9957322735539913,0.6931471805599454,19.999999999999996,,,20.0,0.0003420459106564522,1.558316188165918,0.6782067164313048,1.558316188165918,20000,10000.0,7.3473173386245945,False,False,exact_cap
