dataset,subject,seed,control,method,family,L,epoch,direction_seed,training_power_loss,rooted_distance,lew,gap_closure_pct,gradient_norm,update_norm,mean_h,std_h,max_h,entropy,kl_uniform,ess,beta_star,achieved_kl,active_tail_count,aggregation_seconds,optimization_seconds_cum,evaluation_seconds_cum,wall_seconds_cum,cumulative_ambient_projections,learning_rate,normalized_step_target,nan,diverged,status
Schirrmeister2017,1,3654,common_lr10000,cvar_a0p2,cvar,40,0,3654,,,99.47222961282489,0.0,,,,,,,,,,,,0.0,0.0,0.009544518077746034,0.0,0,10000.0,7.3473173386245945,False,False,initial
Schirrmeister2017,1,3654,common_lr10000,cvar_a0p2,cvar,40,1,3654,0.004219498529745797,0.06495766721293028,,,0.0025561738934238645,25.561738934238644,0.0013388510134972687,0.00182765441184578,0.009672806600027822,2.0794415416798357,1.6094379124341005,8.0,,,8.0,0.0004006079398095608,0.0028307768516242504,0.009544518077746034,0.0028307768516242504,40,10000.0,7.3473173386245945,False,False,exact_cap
Schirrmeister2017,1,3654,common_lr10000,cvar_a0p2,cvar,40,2,3655,0.004676020787718963,0.06838143598754683,,,0.002666142632475665,26.66142632475665,0.0014933140481815821,0.0020455538692203145,0.011016986172595828,2.0794415416798357,1.6094379124341005,8.0,,,8.0,0.00036099599674344063,0.004868676885962486,0.009544518077746034,0.004868676885962486,80,10000.0,7.3473173386245945,False,False,exact_cap
Schirrmeister2017,1,3654,common_lr10000,cvar_a0p2,cvar,40,3,3657,0.00731284951594511,0.08551520049643285,,,0.003365197272246691,33.65197272246691,0.0026181676843328432,0.0030306215747276117,0.014900790716016587,2.0794415416798357,1.6094379124341005,8.0,,,8.0,0.00034197187051177025,0.006802818970754743,0.009544518077746034,0.006802818970754743,120,10000.0,7.3473173386245945,False,False,exact_cap
Schirrmeister2017,1,3654,common_lr10000,cvar_a0p2,cvar,40,4,3660,0.00793161434430744,0.0890596111843491,,,0.003513518100554739,35.13518100554739,0.002559664824490607,0.003471868598253538,0.01588149800193498,2.0794415416798357,1.6094379124341005,8.0,,,8.0,0.0003395660314708948,0.008709817891940475,0.009544518077746034,0.008709817891940475,160,10000.0,7.3473173386245945,False,False,exact_cap
Schirrmeister2017,1,3654,common_lr10000,cvar_a0p2,cvar,40,5,3664,0.009965594711625256,0.09982782533755434,,,0.0038922152115190467,38.92215211519047,0.00313695509055374,0.004869967804614653,0.028606162326661952,2.0794415416798357,1.6094379124341005,8.0,,,8.0,0.0003260551020503044,0.010607217904180288,0.009544518077746034,0.010607217904180288,200,10000.0,7.3473173386245945,False,False,exact_cap
Schirrmeister2017,1,3654,common_lr10000,cvar_a0p2,cvar,40,6,3669,0.008015563020872637,0.08952967676068442,,,0.0035575421497214318,35.57542149721432,0.0026120227569155167,0.003440406022077467,0.017817344057375034,2.0794415416798357,1.6094379124341005,8.0,,,8.0,0.00031945412047207355,0.012491111876443028,0.009544518077746034,0.012491111876443028,240,10000.0,7.3473173386245945,False,False,exact_cap
Schirrmeister2017,1,3654,common_lr10000,cvar_a0p2,cvar,40,7,3675,0.011691033157894772,0.10812508107693965,,,0.004322996576179306,43.22996576179305,0.0033987687460877813,0.004761994170476737,0.020585588794460742,2.0794415416798357,1.6094379124341005,8.0,,,8.0,0.0003251440357416868,0.014375470811501145,0.009544518077746034,0.014375470811501145,280,10000.0,7.3473173386245945,False,False,exact_cap
Schirrmeister2017,1,3654,common_lr10000,cvar_a0p2,cvar,40,8,3682,0.014965800294945349,0.12233478775452773,,,0.004853583995470967,48.535839954709665,0.004694128682629182,0.006424040572326489,0.029151957276980695,2.0794415416798357,1.6094379124341005,8.0,,,8.0,0.00032774917781352997,0.016293178778141737,0.009544518077746034,0.016293178778141737,320,10000.0,7.3473173386245945,False,False,exact_cap
Schirrmeister2017,1,3654,common_lr10000,cvar_a0p2,cvar,40,9,3690,0.016939814508223527,0.1301530426391313,,,0.005121910829031068,51.21910829031068,0.0055704287035657305,0.006710723586834409,0.029602236084197812,2.0794415416798357,1.6094379124341005,8.0,,,8.0,0.00032612099312245846,0.018181951949372888,0.009544518077746034,0.018181951949372888,360,10000.0,7.3473173386245945,False,False,exact_cap
Schirrmeister2017,1,3654,common_lr10000,cvar_a0p2,cvar,40,10,3699,0.017984745374231555,0.134107215966299,,,0.005259900823473779,52.59900823473779,0.005842236162091803,0.006858070635955432,0.02365040005438403,2.0794415416798357,1.6094379124341005,8.0,,,8.0,0.0003161600325256586,0.02007276681251824,0.009544518077746034,0.02007276681251824,400,10000.0,7.3473173386245945,False,False,exact_cap
Schirrmeister2017,1,3654,common_lr10000,cvar_a0p2,cvar,40,11,3709,0.013411283337212624,0.11580709536644386,,,0.004547046577473605,45.47046577473605,0.004657378164536934,0.0051744513999178576,0.022171965181519808,2.0794415416798357,1.6094379124341005,8.0,,,8.0,0.00031952792778611183,0.021961217746138573,0.009544518077746034,0.021961217746138573,440,10000.0,7.3473173386245945,False,False,exact_cap
Schirrmeister2017,1,3654,common_lr10000,cvar_a0p2,cvar,40,12,3720,0.015205852210141072,0.12331201162150049,,,0.004922760397931409,49.2276039793141,0.005289380475139336,0.006497486876334855,0.035799015903533474,2.0794415416798357,1.6094379124341005,8.0,,,8.0,0.0003274169284850359,0.023842775728553534,0.009544518077746034,0.023842775728553534,480,10000.0,7.3473173386245945,False,False,exact_cap
Schirrmeister2017,1,3654,common_lr10000,cvar_a0p2,cvar,40,13,3732,0.018562951674818643,0.13624592351633366,,,0.005412531045059394,54.12531045059394,0.006213600273301027,0.008804227823646758,0.04705616891127469,2.0794415416798357,1.6094379124341005,8.0,,,8.0,0.00031140493229031563,0.025703303748741746,0.009544518077746034,0.025703303748741746,520,10000.0,7.3473173386245945,False,False,exact_cap
Schirrmeister2017,1,3654,common_lr10000,cvar_a0p2,cvar,40,14,3745,0.018496933262227417,0.13600343106784996,,,0.005391439797310459,53.91439797310459,0.006166249666121077,0.007990251388127204,0.04108652113367815,2.0794415416798357,1.6094379124341005,8.0,,,8.0,0.00031522708013653755,0.027551359962671995,0.009544518077746034,0.027551359962671995,560,10000.0,7.3473173386245945,False,False,exact_cap
Schirrmeister2017,1,3654,common_lr10000,cvar_a0p2,cvar,40,15,3759,0.028943314024054922,0.1701273464909593,,,0.006673477255385231,66.73477255385231,0.009826994660389235,0.01206424268726259,0.06030377633033697,2.0794415416798357,1.6094379124341005,8.0,,,8.0,0.00032948097214102745,0.02943291305564344,0.009544518077746034,0.02943291305564344,600,10000.0,7.3473173386245945,False,False,exact_cap
Schirrmeister2017,1,3654,common_lr10000,cvar_a0p2,cvar,40,16,3774,0.04156277359746102,0.20386950139111298,,,0.008082226718684152,80.82226718684153,0.012449670090877489,0.01960347521512024,0.10849800673404428,2.0794415416798357,1.6094379124341005,8.0,,,8.0,0.0003174250014126301,0.03128900798037648,0.009544518077746034,0.03128900798037648,640,10000.0,7.3473173386245945,False,False,exact_cap
Schirrmeister2017,1,3654,common_lr10000,cvar_a0p2,cvar,40,17,3790,0.04626444877858239,0.2150917217806915,,,0.008527876663825462,85.27876663825462,0.016897798317632228,0.01712486262378265,0.06165068103695686,2.0794415416798357,1.6094379124341005,8.0,,,8.0,0.000324595021083951,0.03314538090489805,0.009544518077746034,0.03314538090489805,680,10000.0,7.3473173386245945,False,False,exact_cap
Schirrmeister2017,1,3654,common_lr10000,cvar_a0p2,cvar,40,18,3807,0.04943545669552677,0.2223408570090679,,,0.008805825989811203,88.05825989811204,0.015103990727744416,0.020936518137418043,0.09076810992799869,2.0794415416798357,1.6094379124341005,8.0,,,8.0,0.00030793994665145874,0.035005755024030805,0.009544518077746034,0.035005755024030805,720,10000.0,7.3473173386245945,False,False,exact_cap
Schirrmeister2017,1,3654,common_lr10000,cvar_a0p2,cvar,40,19,3825,0.053950162620478234,0.2322717430521376,,,0.009184094071168186,91.84094071168188,0.01965267322166266,0.020524789787019975,0.07965053636831748,2.0794415416798357,1.6094379124341005,8.0,,,8.0,0.00032161595299839973,0.036864533089101315,0.009544518077746034,0.036864533089101315,760,10000.0,7.3473173386245945,False,False,exact_cap
Schirrmeister2017,1,3654,common_lr10000,cvar_a0p2,cvar,40,20,3844,0.07305406987464538,0.27028516399285657,,,0.010823679986308,108.23679986308,0.020377728842552713,0.03074138747248999,0.1251498832647011,2.0794415416798357,1.6094379124341005,8.0,,,8.0,0.0003218729980289936,0.03872376517392695,0.009544518077746034,0.03872376517392695,800,10000.0,7.3473173386245945,False,False,exact_cap
Schirrmeister2017,1,3654,common_lr10000,cvar_a0p2,cvar,40,21,3864,0.07970079014655433,0.28231328368773995,,,0.011001967489912836,110.01967489912836,0.021810661240197426,0.04374188019357613,0.24040772780023767,2.0794415416798357,1.6094379124341005,8.0,,,8.0,0.00031964597292244434,0.040587871335446835,0.009544518077746034,0.040587871335446835,840,10000.0,7.3473173386245945,False,False,exact_cap
Schirrmeister2017,1,3654,common_lr10000,cvar_a0p2,cvar,40,22,3885,0.07900775013722185,0.2810831729883912,,,0.011055041047268616,110.55041047268615,0.0315956245625604,0.028783067557758547,0.09978294704553026,2.0794415416798357,1.6094379124341005,8.0,,,8.0,0.0003257810603827238,0.0424445231910795,0.009544518077746034,0.0424445231910795,880,10000.0,7.3473173386245945,False,False,exact_cap
Schirrmeister2017,1,3654,common_lr10000,cvar_a0p2,cvar,40,23,3907,0.09059812681767987,0.3009952272340541,,,0.012011396180328614,120.11396180328614,0.023472581947541694,0.04646371458022396,0.27372909749565383,2.0794415416798357,1.6094379124341005,8.0,,,8.0,0.0003188720438629389,0.044314593309536576,0.009544518077746034,0.044314593309536576,920,10000.0,7.3473173386245945,False,False,exact_cap
Schirrmeister2017,1,3654,common_lr10000,cvar_a0p2,cvar,40,24,3930,0.11914524221948325,0.34517422009687115,,,0.013695050282714769,136.9505028271477,0.04086719537655395,0.047827214717887145,0.1940892465146949,2.0794415416798357,1.6094379124341005,8.0,,,8.0,0.0003199379425495863,0.04617363028228283,0.009544518077746034,0.04617363028228283,960,10000.0,7.3473173386245945,False,False,exact_cap
Schirrmeister2017,1,3654,common_lr10000,cvar_a0p2,cvar,40,25,3954,0.1045794153956663,0.32338740760219203,441.89907266906715,-344.2436591489585,0.012835636566869561,128.35636566869562,0.035251544188045804,0.04107451513828609,0.1971664686955426,2.0794415416798357,1.6094379124341005,8.0,,,8.0,0.00031314208172261715,0.04804456629790366,0.019014679128304124,0.04804456629790366,1000,10000.0,7.3473173386245945,False,True,exact_cap
Schirrmeister2017,1,3654,common_lr10000,cvar_a0p2,cvar,40,26,3979,0.09225796726803599,0.3037399665306428,,,0.011852741526839105,118.52741526839104,0.025384537949380215,0.03682468235050123,0.13881941672960318,2.0794415416798357,1.6094379124341005,8.0,,,8.0,0.00043799891136586666,0.05066437623463571,0.019014679128304124,0.05066437623463571,1040,10000.0,7.3473173386245945,False,False,exact_cap
Schirrmeister2017,1,3654,common_lr10000,cvar_a0p2,cvar,40,27,4005,0.17911288545003107,0.42321730287174114,,,0.01667889660277333,166.78896602773332,0.0609261887391642,0.06855289392933607,0.2192469133659804,2.0794415416798357,1.6094379124341005,8.0,,,8.0,0.00034821685403585434,0.0526876263320446,0.019014679128304124,0.0526876263320446,1080,10000.0,7.3473173386245945,False,False,exact_cap
Schirrmeister2017,1,3654,common_lr10000,cvar_a0p2,cvar,40,28,4032,0.12561583818498967,0.35442324724118995,,,0.01380428142728657,138.0428142728657,0.041899523970810586,0.05070989030102117,0.20823360304992683,2.0794415416798357,1.6094379124341005,8.0,,,8.0,0.0003343750722706318,0.05463406024500728,0.019014679128304124,0.05463406024500728,1120,10000.0,7.3473173386245945,False,False,exact_cap
Schirrmeister2017,1,3654,common_lr10000,cvar_a0p2,cvar,40,29,4060,0.11727043571428537,0.34244771237998567,,,0.013545259076151157,135.45259076151157,0.041808817024980405,0.05015770251982074,0.2680693738903287,2.0794415416798357,1.6094379124341005,8.0,,,8.0,0.00033943704329431057,0.05656493525020778,0.019014679128304124,0.05656493525020778,1160,10000.0,7.3473173386245945,False,False,exact_cap
Schirrmeister2017,1,3654,common_lr10000,cvar_a0p2,cvar,40,30,4089,0.2090713538533572,0.45724321083353137,,,0.01798823268452666,179.8823268452666,0.06142732082447782,0.08250535915384064,0.28974633523958815,2.0794415416798357,1.6094379124341005,8.0,,,8.0,0.00032800878398120403,0.058483114233240485,0.019014679128304124,0.058483114233240485,1200,10000.0,7.3473173386245945,False,False,exact_cap
Schirrmeister2017,1,3654,common_lr10000,cvar_a0p2,cvar,40,31,4119,0.21296810874550637,0.46148467877656174,,,0.01822376399646123,182.2376399646123,0.08077486085948707,0.08198963282516673,0.34312236951434993,2.0794415416798357,1.6094379124341005,8.0,,,8.0,0.0003318018279969692,0.060400030110031366,0.019014679128304124,0.060400030110031366,1240,10000.0,7.3473173386245945,False,False,exact_cap
Schirrmeister2017,1,3654,common_lr10000,cvar_a0p2,cvar,40,32,4150,0.285950584567253,0.5347434754789,,,0.021247042507267472,212.47042507267471,0.08544992636026234,0.12324362391107171,0.5812270044456864,2.0794415416798357,1.6094379124341005,8.0,,,8.0,0.00032838108018040657,0.06230916897766292,0.019014679128304124,0.06230916897766292,1280,10000.0,7.3473173386245945,False,False,exact_cap
Schirrmeister2017,1,3654,common_lr10000,cvar_a0p2,cvar,40,33,4182,0.39154649592266266,0.6257367624829651,,,0.02522130847598849,252.21308475988488,0.13987773173928156,0.14814535770391737,0.56142412296101,2.0794415416798357,1.6094379124341005,8.0,,,8.0,0.00034523080103099346,0.06422587390989065,0.019014679128304124,0.06422587390989065,1320,10000.0,7.3473173386245945,False,False,exact_cap
Schirrmeister2017,1,3654,common_lr10000,cvar_a0p2,cvar,40,34,4215,0.44001780872459084,0.663338381766494,,,0.02662474056700424,266.2474056700424,0.12342118422165466,0.23235282649572414,1.3902757053031096,2.0794415416798357,1.6094379124341005,8.0,,,8.0,0.0003188240807503462,0.06610757601447403,0.019014679128304124,0.06610757601447403,1360,10000.0,7.3473173386245945,False,False,exact_cap
Schirrmeister2017,1,3654,common_lr10000,cvar_a0p2,cvar,40,35,4249,0.44362843334231833,0.6660543771662478,,,0.026234955559773943,262.3495555977394,0.1543836636775574,0.16630489755541317,0.5674654047773555,2.0794415416798357,1.6094379124341005,8.0,,,8.0,0.00032470584847033024,0.06797105190344155,0.019014679128304124,0.06797105190344155,1400,10000.0,7.3473173386245945,False,False,exact_cap
Schirrmeister2017,1,3654,common_lr10000,cvar_a0p2,cvar,40,36,4284,0.40078262371142315,0.6330739480593267,,,0.02478592933108509,247.85929331085092,0.13354972564504916,0.15300434196360016,0.5287348612280152,2.0794415416798357,1.6094379124341005,8.0,,,8.0,0.00031965598464012146,0.06986534199677408,0.019014679128304124,0.06986534199677408,1440,10000.0,7.3473173386245945,False,False,exact_cap
Schirrmeister2017,1,3654,common_lr10000,cvar_a0p2,cvar,40,37,4320,0.4411988447474622,0.6642280065967274,,,0.026097371762215604,260.973717622156,0.16611491480649343,0.17075913164176829,0.7885278995786078,2.0794415416798357,1.6094379124341005,8.0,,,8.0,0.00031832698732614517,0.07172673707827926,0.019014679128304124,0.07172673707827926,1480,10000.0,7.3473173386245945,False,False,exact_cap
Schirrmeister2017,1,3654,common_lr10000,cvar_a0p2,cvar,40,38,4357,0.6100996892229261,0.7810887844687863,,,0.031201039796023577,312.01039796023576,0.2348459918631209,0.22219561536166735,0.9343847631361625,2.0794415416798357,1.6094379124341005,8.0,,,8.0,0.0003296190407127142,0.07360213808715343,0.019014679128304124,0.07360213808715343,1520,10000.0,7.3473173386245945,False,False,exact_cap
Schirrmeister2017,1,3654,common_lr10000,cvar_a0p2,cvar,40,39,4395,0.9551961615641296,0.9773413741186493,,,0.03872260023358298,387.22600233582983,0.3326946610644237,0.38754033840537344,1.5168205197447318,2.0794415416798357,1.6094379124341005,8.0,,,8.0,0.0003183470107614994,0.07547477912157774,0.019014679128304124,0.07547477912157774,1560,10000.0,7.3473173386245945,False,False,exact_cap
Schirrmeister2017,1,3654,common_lr10000,cvar_a0p2,cvar,40,40,4434,0.9874476809364944,0.9937040207911481,,,0.03945488189788033,394.54881897880324,0.296914362319118,0.4039735704869291,1.6539047108069875,2.0794415416798357,1.6094379124341005,8.0,,,8.0,0.00032178405672311783,0.0773384461645037,0.019014679128304124,0.0773384461645037,1600,10000.0,7.3473173386245945,False,False,exact_cap
Schirrmeister2017,1,3654,common_lr10000,cvar_a0p2,cvar,40,41,4474,1.1337386890014587,1.0647716604988409,,,0.04251009587888185,425.10095878881845,0.33795444591911106,0.5164734746317369,2.749509490406607,2.0794415416798357,1.6094379124341005,8.0,,,8.0,0.00031469808891415596,0.07920790719799697,0.019014679128304124,0.07920790719799697,1640,10000.0,7.3473173386245945,False,False,exact_cap
Schirrmeister2017,1,3654,common_lr10000,cvar_a0p2,cvar,40,42,4515,1.781141037179529,1.3345939596669576,,,0.05280740758920432,528.0740758920433,0.541225398849068,0.7727066710893511,4.068481864112243,2.0794415416798357,1.6094379124341005,8.0,,,8.0,0.00032354495488107204,0.08108372613787651,0.019014679128304124,0.08108372613787651,1680,10000.0,7.3473173386245945,False,False,exact_cap
Schirrmeister2017,1,3654,common_lr10000,cvar_a0p2,cvar,40,43,4557,2.0615030739667572,1.4357935345887156,,,0.05705663447206397,570.5663447206397,0.5999652438320228,1.1257174444882023,6.713106835987983,2.0794415416798357,1.6094379124341005,8.0,,,8.0,0.0003300460521131754,0.08295692806132138,0.019014679128304124,0.08295692806132138,1720,10000.0,7.3473173386245945,False,False,exact_cap
Schirrmeister2017,1,3654,common_lr10000,cvar_a0p2,cvar,40,44,4600,0.9769355069960758,0.9884004790549606,,,0.03890452993338606,389.04529933386056,0.2938595376626569,0.42647111389174835,2.2391005651793288,2.0794415416798357,1.6094379124341005,8.0,,,8.0,0.0003198808990418911,0.08484271401539445,0.019014679128304124,0.08484271401539445,1760,10000.0,7.3473173386245945,False,False,exact_cap
Schirrmeister2017,1,3654,common_lr10000,cvar_a0p2,cvar,40,45,4644,1.3736680154287373,1.1720358422116353,,,0.04589353319803291,458.9353319803291,0.3793506566013722,0.5791410683264075,2.267610325338026,2.0794415416798357,1.6094379124341005,8.0,,,8.0,0.0003175910096615553,0.08674570498988032,0.019014679128304124,0.08674570498988032,1800,10000.0,7.3473173386245945,False,False,exact_cap
Schirrmeister2017,1,3654,common_lr10000,cvar_a0p2,cvar,40,46,4689,2.373115066377857,1.5404918261314653,,,0.06114342961984819,611.4342961984819,0.7233808925875221,0.9344988891183315,3.3622438067267684,2.0794415416798357,1.6094379124341005,8.0,,,8.0,0.00032941694371402264,0.08863519388251007,0.019014679128304124,0.08863519388251007,1840,10000.0,7.3473173386245945,False,False,exact_cap
Schirrmeister2017,1,3654,common_lr10000,cvar_a0p2,cvar,40,47,4735,2.1948770383383627,1.4815117408709129,,,0.058225064785721245,582.2506478572125,0.6648170801747131,0.9327715410233591,4.362762077163213,2.0794415416798357,1.6094379124341005,8.0,,,8.0,0.0003179039340466261,0.09050329495221376,0.019014679128304124,0.09050329495221376,1880,10000.0,7.3473173386245945,False,False,exact_cap
Schirrmeister2017,1,3654,common_lr10000,cvar_a0p2,cvar,40,48,4782,2.6339541198374676,1.6229461235165719,,,0.06410518872397003,641.0518872397002,0.8879088522660633,1.1026663828169223,4.936065265896882,2.0794415416798357,1.6094379124341005,8.0,,,8.0,0.0003282739780843258,0.09238450787961483,0.019014679128304124,0.09238450787961483,1920,10000.0,7.3473173386245945,False,False,exact_cap
Schirrmeister2017,1,3654,common_lr10000,cvar_a0p2,cvar,40,49,4830,3.032705331464425,1.7414664313343582,,,0.06945347601165087,694.5347601165087,0.8696466710445432,1.2243428649965198,5.034091898435719,2.0794415416798357,1.6094379124341005,8.0,,,8.0,0.00031185406260192394,0.0942420328501612,0.019014679128304124,0.0942420328501612,1960,10000.0,7.3473173386245945,False,False,exact_cap
Schirrmeister2017,1,3654,common_lr10000,cvar_a0p2,cvar,40,50,4879,4.080634922409978,2.0200581482744444,10481.377426125173,-10436.988531293377,0.07966486888913925,796.6486888913926,1.2715123368974697,1.9036657623925324,9.602586526561211,2.0794415416798357,1.6094379124341005,8.0,,,8.0,0.00031440192833542824,0.09609875385649502,0.02926979400217533,0.09609875385649502,2000,10000.0,7.3473173386245945,False,True,exact_cap
Schirrmeister2017,1,3654,common_lr10000,cvar_a0p2,cvar,40,51,4929,6.65974526885736,2.5806482264844544,,,0.1025812140157175,1025.812140157175,1.9743965304915865,3.0743761318205807,15.63254271318665,2.0794415416798357,1.6094379124341005,8.0,,,8.0,0.00037956004962325096,0.09876254294067621,0.02926979400217533,0.09876254294067621,2040,10000.0,7.3473173386245945,False,False,exact_cap
Schirrmeister2017,1,3654,common_lr10000,cvar_a0p2,cvar,40,52,4980,4.6175689614972395,2.1488529408726973,,,0.08510939616528944,851.0939616528944,1.4128996167811758,1.9531777523535825,9.310511117085982,2.0794415416798357,1.6094379124341005,8.0,,,8.0,0.000342321814969182,0.10073916986584663,0.02926979400217533,0.10073916986584663,2080,10000.0,7.3473173386245945,False,False,exact_cap
Schirrmeister2017,1,3654,common_lr10000,cvar_a0p2,cvar,40,53,5032,5.144794764959446,2.268214003342596,,,0.08895357196065744,889.5357196065744,1.4284053124469598,2.6106094983431793,12.931093077623528,2.0794415416798357,1.6094379124341005,8.0,,,8.0,0.00032353377901017666,0.10262907482683659,0.02926979400217533,0.10262907482683659,2120,10000.0,7.3473173386245945,False,False,exact_cap
Schirrmeister2017,1,3654,common_lr10000,cvar_a0p2,cvar,40,54,5085,7.640038429484516,2.7640619438580813,,,0.10901523326874424,1090.1523326874424,2.5827936492915198,2.906576498230434,11.66102329583114,2.0794415416798357,1.6094379124341005,8.0,,,8.0,0.0003293601330369711,0.10451484797522426,0.02926979400217533,0.10451484797522426,2160,10000.0,7.3473173386245945,False,False,exact_cap
Schirrmeister2017,1,3654,common_lr10000,cvar_a0p2,cvar,40,55,5139,9.619332722784051,3.10150491258422,,,0.12281310869956757,1228.1310869956758,2.8074902958754553,4.366713177225418,17.859692965027634,2.0794415416798357,1.6094379124341005,8.0,,,8.0,0.000314922071993351,0.10637909197248518,0.02926979400217533,0.10637909197248518,2200,10000.0,7.3473173386245945,False,False,exact_cap
Schirrmeister2017,1,3654,common_lr10000,cvar_a0p2,cvar,40,56,5194,10.067432424315154,3.1729217488483945,,,0.12688127208171474,1268.8127208171475,3.2871040158336657,4.990757746047131,29.113215345025157,2.0794415416798357,1.6094379124341005,8.0,,,8.0,0.0003211291041225195,0.10824080486781895,0.02926979400217533,0.10824080486781895,2240,10000.0,7.3473173386245945,False,False,exact_cap
Schirrmeister2017,1,3654,common_lr10000,cvar_a0p2,cvar,40,57,5250,12.16726214157481,3.4881602803734246,,,0.13740259624193588,1374.0259624193588,3.499232763014046,4.939148930199509,22.36438564546168,2.0794415416798357,1.6094379124341005,8.0,,,8.0,0.00032306904904544353,0.1100902040489018,0.02926979400217533,0.1100902040489018,2280,10000.0,7.3473173386245945,False,False,exact_cap
Schirrmeister2017,1,3654,common_lr10000,cvar_a0p2,cvar,40,58,5307,10.042273490959886,3.1689546369362698,,,0.12432517244101682,1243.2517244101682,3.168926745162734,4.29496848059369,19.949513603663064,2.0794415416798357,1.6094379124341005,8.0,,,8.0,0.0003138878382742405,0.111935700988397,0.02926979400217533,0.111935700988397,2320,10000.0,7.3473173386245945,False,False,exact_cap
Schirrmeister2017,1,3654,common_lr10000,cvar_a0p2,cvar,40,59,5365,9.660088291298466,3.1080682571813742,,,0.1231837943336037,1231.837943336037,2.8269789759966066,4.1129802226576215,18.16943273989158,2.0794415416798357,1.6094379124341005,8.0,,,8.0,0.0003221749793738127,0.11378510179929435,0.02926979400217533,0.11378510179929435,2360,10000.0,7.3473173386245945,False,False,exact_cap
Schirrmeister2017,1,3654,common_lr10000,cvar_a0p2,cvar,40,60,5424,12.69278602523389,3.5626936474013435,,,0.14065927347112117,1406.5927347112115,3.9806930508802525,5.164212608858988,26.313422704280924,2.0794415416798357,1.6094379124341005,8.0,,,8.0,0.0003168520051985979,0.11565359076485038,0.02926979400217533,0.11565359076485038,2400,10000.0,7.3473173386245945,False,False,exact_cap
Schirrmeister2017,1,3654,common_lr10000,cvar_a0p2,cvar,40,61,5484,15.289316842540845,3.9101556033668077,,,0.1559752586763117,1559.7525867631173,4.083757206873109,7.278805278437343,32.97317657134371,2.0794415416798357,1.6094379124341005,8.0,,,8.0,0.00031242892146110535,0.11748587666079402,0.02926979400217533,0.11748587666079402,2440,10000.0,7.3473173386245945,False,False,exact_cap
Schirrmeister2017,1,3654,common_lr10000,cvar_a0p2,cvar,40,62,5545,19.833774311785596,4.453512581298676,,,0.17599764789851433,1759.9764789851433,6.6072303067744045,8.515802321759764,37.128602953340454,2.0794415416798357,1.6094379124341005,8.0,,,8.0,0.0003097758162766695,0.1193458684720099,0.02926979400217533,0.1193458684720099,2480,10000.0,7.3473173386245945,False,False,exact_cap
Schirrmeister2017,1,3654,common_lr10000,cvar_a0p2,cvar,40,63,5607,21.420006896385374,4.628175331206173,,,0.1854560368528524,1854.5603685285237,5.97038589758363,9.355163668489299,46.150632142720795,2.0794415416798357,1.6094379124341005,8.0,,,8.0,0.0003124671056866646,0.12116519943811,0.02926979400217533,0.12116519943811,2520,10000.0,7.3473173386245945,False,False,exact_cap
Schirrmeister2017,1,3654,common_lr10000,cvar_a0p2,cvar,40,64,5670,21.96671958490232,4.686866712943981,,,0.18558066589828123,1855.8066589828125,7.023312872841541,8.554350795670974,36.55325969818445,2.0794415416798357,1.6094379124341005,8.0,,,8.0,0.0003185349050909281,0.12301682238467038,0.02926979400217533,0.12301682238467038,2560,10000.0,7.3473173386245945,False,False,exact_cap
Schirrmeister2017,1,3654,common_lr10000,cvar_a0p2,cvar,40,65,5734,44.73356355098922,6.6883154494229125,,,0.26311142772064544,2631.1142772064545,12.179348920574816,19.421716938745273,86.7989640158043,2.0794415416798357,1.6094379124341005,8.0,,,8.0,0.00031393603421747684,0.12486541643738747,0.02926979400217533,0.12486541643738747,2600,10000.0,7.3473173386245945,False,False,exact_cap
Schirrmeister2017,1,3654,common_lr10000,cvar_a0p2,cvar,40,66,5799,19.704065119566604,4.438926122337091,,,0.17636513327767442,1763.651332776744,7.696471463483147,7.910899857763375,35.69625432551321,2.0794415416798357,1.6094379124341005,8.0,,,8.0,0.0003171619027853012,0.12670622253790498,0.02926979400217533,0.12670622253790498,2640,10000.0,7.3473173386245945,False,False,exact_cap
Schirrmeister2017,1,3654,common_lr10000,cvar_a0p2,cvar,40,67,5865,38.916196184724235,6.238284714945626,,,0.24696063822938746,2469.6063822938745,10.831461526938613,16.753823289379067,68.91829802790608,2.0794415416798357,1.6094379124341005,8.0,,,8.0,0.0003124100621789694,0.12855747155845165,0.02926979400217533,0.12855747155845165,2680,10000.0,7.3473173386245945,False,False,exact_cap
Schirrmeister2017,1,3654,common_lr10000,cvar_a0p2,cvar,40,68,5932,22.679549880001893,4.762305101524039,,,0.18778454894430552,1877.8454894430556,8.772512535526877,9.078728560537511,46.70704523339034,2.0794415416798357,1.6094379124341005,8.0,,,8.0,0.00030876300297677517,0.1303824787028134,0.02926979400217533,0.1303824787028134,2720,10000.0,7.3473173386245945,False,False,exact_cap
Schirrmeister2017,1,3654,common_lr10000,cvar_a0p2,cvar,40,69,6000,33.33524856772441,5.773668553677498,,,0.22826694721342314,2282.669472134232,11.229676613560972,13.929271248090961,64.87326039504131,2.0794415416798357,1.6094379124341005,8.0,,,8.0,0.0003074950072914362,0.13222090457566082,0.02926979400217533,0.13222090457566082,2760,10000.0,7.3473173386245945,False,False,exact_cap
Schirrmeister2017,1,3654,common_lr10000,cvar_a0p2,cvar,40,70,6069,50.23409252365546,7.087601323695871,,,0.27952860959837306,2795.2860959837303,16.22229813655711,20.429356621327905,82.63858456183029,2.0794415416798357,1.6094379124341005,8.0,,,8.0,0.0003076591528952122,0.13404468563385308,0.02926979400217533,0.13404468563385308,2800,10000.0,7.3473173386245945,False,False,exact_cap
Schirrmeister2017,1,3654,common_lr10000,cvar_a0p2,cvar,40,71,6139,65.97150285999773,8.122284337549242,,,0.3200955865239062,3200.955865239062,20.02720514099108,30.438888305213265,137.47930447203063,2.0794415416798357,1.6094379124341005,8.0,,,8.0,0.00032489397563040257,0.13589308876544237,0.02926979400217533,0.13589308876544237,2840,10000.0,7.3473173386245945,False,False,exact_cap
Schirrmeister2017,1,3654,common_lr10000,cvar_a0p2,cvar,40,72,6210,78.08122356155332,8.836358048514859,,,0.34786338897499897,3478.6338897499895,24.01203096328915,29.80035058387804,104.05982281381844,2.0794415416798357,1.6094379124341005,8.0,,,8.0,0.0003084070049226284,0.13772396580316126,0.02926979400217533,0.13772396580316126,2880,10000.0,7.3473173386245945,False,False,exact_cap
Schirrmeister2017,1,3654,common_lr10000,cvar_a0p2,cvar,40,73,6282,96.68588417245053,9.832898055631947,,,0.3851615631102504,3851.615631102504,29.100720214885975,44.05495226590101,222.4076629855782,2.0794415416798357,1.6094379124341005,8.0,,,8.0,0.0003174298908561468,0.13955330988392234,0.02926979400217533,0.13955330988392234,2920,10000.0,7.3473173386245945,False,False,exact_cap
Schirrmeister2017,1,3654,common_lr10000,cvar_a0p2,cvar,40,74,6355,96.74115456638233,9.83570813751518,,,0.3886896893795034,3886.8968937950335,28.846064488285766,43.64765944064349,205.9523471193879,2.0794415416798357,1.6094379124341005,8.0,,,8.0,0.0003058591391891241,0.14138705097138882,0.02926979400217533,0.14138705097138882,2960,10000.0,7.3473173386245945,False,False,exact_cap
Schirrmeister2017,1,3654,common_lr10000,cvar_a0p2,cvar,40,75,6429,108.84165970913116,10.432720628346718,308706.40578724403,-310244.3111598282,0.4141419133798186,4141.419133798186,31.507196356301165,47.570225220821634,240.7144133933553,2.0794415416798357,1.6094379124341005,8.0,,,8.0,0.0003148179966956377,0.14322496391832829,0.040925872046500444,0.14322496391832829,3000,10000.0,7.3473173386245945,False,True,exact_cap
Schirrmeister2017,1,3654,common_lr10000,cvar_a0p2,cvar,40,76,6504,213.30585395102753,14.604994144162726,,,0.57799741580213,5779.9741580213,66.12835603129234,92.9427702644892,487.42346827182917,2.0794415416798357,1.6094379124341005,8.0,,,8.0,0.0003554790746420622,0.14583115791901946,0.040925872046500444,0.14583115791901946,3040,10000.0,7.3473173386245945,False,False,exact_cap
Schirrmeister2017,1,3654,common_lr10000,cvar_a0p2,cvar,40,77,6580,120.9444449761488,10.99747448172301,,,0.44334310594900717,4433.431059490072,34.44649553580769,55.80524655818865,308.85809479891236,2.0794415416798357,1.6094379124341005,8.0,,,8.0,0.0003329531755298376,0.14774962188676,0.040925872046500444,0.14774962188676,3080,10000.0,7.3473173386245945,False,False,exact_cap
Schirrmeister2017,1,3654,common_lr10000,cvar_a0p2,cvar,40,78,6657,145.13487359599952,12.047193598344784,,,0.47921604016471325,4792.160401647132,45.578446262016,60.54977761684047,254.50324606611107,2.0794415416798357,1.6094379124341005,8.0,,,8.0,0.0003221500664949417,0.14964789198711514,0.040925872046500444,0.14964789198711514,3120,10000.0,7.3473173386245945,False,False,exact_cap
Schirrmeister2017,1,3654,common_lr10000,cvar_a0p2,cvar,40,79,6735,228.2242205718319,15.10709173109874,,,0.5991679224209788,5991.679224209789,75.2565135033086,97.01453578354632,464.3757144285901,2.0794415416798357,1.6094379124341005,8.0,,,8.0,0.0003227801062166691,0.1515194911044091,0.040925872046500444,0.1515194911044091,3160,10000.0,7.3473173386245945,False,False,exact_cap
Schirrmeister2017,1,3654,common_lr10000,cvar_a0p2,cvar,40,80,6814,189.99761662781629,13.783962297823376,,,0.5454935971227062,5454.935971227062,63.62195052927632,76.76730512268485,376.36649770100286,2.0794415416798357,1.6094379124341005,8.0,,,8.0,0.00032108183950185776,0.15338468016125262,0.040925872046500444,0.15338468016125262,3200,10000.0,7.3473173386245945,False,False,exact_cap
Schirrmeister2017,1,3654,common_lr10000,cvar_a0p2,cvar,40,81,6894,193.32893049520436,13.904277417226842,,,0.547281410203982,5472.81410203982,60.961493976853355,78.91883325515518,374.7203488212776,2.0794415416798357,1.6094379124341005,8.0,,,8.0,0.00031556887552142143,0.1552273901179433,0.040925872046500444,0.1552273901179433,3240,10000.0,7.3473173386245945,False,False,exact_cap
Schirrmeister2017,1,3654,common_lr10000,cvar_a0p2,cvar,40,82,6975,308.92896110845584,17.576375084426704,,,0.6961968376607306,6961.968376607306,95.74352588006423,115.7104722376263,380.6005788609884,2.0794415416798357,1.6094379124341005,8.0,,,8.0,0.0003265589475631714,0.15708926017396152,0.040925872046500444,0.15708926017396152,3280,10000.0,7.3473173386245945,False,False,exact_cap
Schirrmeister2017,1,3654,common_lr10000,cvar_a0p2,cvar,40,83,7057,239.52496963247646,15.476594251723357,,,0.6023102576921197,6023.1025769211965,73.73211517230054,99.9184632990892,457.61757714413284,2.0794415416798357,1.6094379124341005,8.0,,,8.0,0.0003127001691609621,0.15894124913029373,0.040925872046500444,0.15894124913029373,3320,10000.0,7.3473173386245945,False,False,exact_cap
Schirrmeister2017,1,3654,common_lr10000,cvar_a0p2,cvar,40,84,7140,291.2736357578692,17.066740630766883,,,0.6705262291616547,6705.2622916165465,93.72578225121099,117.4332442225916,537.6565410886622,2.0794415416798357,1.6094379124341005,8.0,,,8.0,0.0003159111365675926,0.16077934415079653,0.040925872046500444,0.16077934415079653,3360,10000.0,7.3473173386245945,False,False,exact_cap
Schirrmeister2017,1,3654,common_lr10000,cvar_a0p2,cvar,40,85,7224,353.18051597472544,18.793097561996678,,,0.7387718625881404,7387.7186258814045,134.37154324975845,138.48507436976945,623.35867163123,2.0794415416798357,1.6094379124341005,8.0,,,8.0,0.0003088819794356823,0.16262804507277906,0.040925872046500444,0.16262804507277906,3400,10000.0,7.3473173386245945,False,False,exact_cap
Schirrmeister2017,1,3654,common_lr10000,cvar_a0p2,cvar,40,86,7309,241.98284205448556,15.555797699073024,,,0.6189414411697078,6189.414411697078,85.5326517919205,91.59922966690547,336.3332499904416,2.0794415416798357,1.6094379124341005,8.0,,,8.0,0.000316146994009614,0.1644803872331977,0.040925872046500444,0.1644803872331977,3440,10000.0,7.3473173386245945,False,False,exact_cap
Schirrmeister2017,1,3654,common_lr10000,cvar_a0p2,cvar,40,87,7395,492.85818399164816,22.200409545583796,,,0.8740229387945653,8740.229387945654,133.7187018656169,208.54800379753414,887.7051108497664,2.0794415416798357,1.6094379124341005,8.0,,,8.0,0.00032508489675819874,0.1663373331539333,0.040925872046500444,0.1663373331539333,3480,10000.0,7.3473173386245945,False,False,exact_cap
Schirrmeister2017,1,3654,common_lr10000,cvar_a0p2,cvar,40,88,7482,378.9595201854314,19.466882651966426,,,0.7639271852904664,7639.271852904665,133.46992964319588,150.55708696976862,681.858550568452,2.0794415416798357,1.6094379124341005,8.0,,,8.0,0.00031430507078766823,0.16818000003695488,0.040925872046500444,0.16818000003695488,3520,10000.0,7.3473173386245945,False,False,exact_cap
Schirrmeister2017,1,3654,common_lr10000,cvar_a0p2,cvar,40,89,7570,777.9877555301379,27.892431868342673,,,1.1071540830979036,11071.540830979036,221.86036325325244,420.9300198893707,2344.4633044389766,2.0794415416798357,1.6094379124341005,8.0,,,8.0,0.00033025816082954407,0.17004300211556256,0.040925872046500444,0.17004300211556256,3560,10000.0,7.3473173386245945,False,False,exact_cap
Schirrmeister2017,1,3654,common_lr10000,cvar_a0p2,cvar,40,90,7659,860.8535827393615,29.34030645271725,,,1.1511785313466558,11511.785313466558,251.881416639161,405.5376082558849,2324.226583767191,2.0794415416798357,1.6094379124341005,8.0,,,8.0,0.0003110291436314583,0.17187779024243355,0.040925872046500444,0.17187779024243355,3600,10000.0,7.3473173386245945,False,False,exact_cap
Schirrmeister2017,1,3654,common_lr10000,cvar_a0p2,cvar,40,91,7749,754.8968746270294,27.475386705686773,,,1.1004924879764653,11004.924879764652,233.99834082694025,320.09123242570087,1364.8977816800011,2.0794415416798357,1.6094379124341005,8.0,,,8.0,0.00030986382625997066,0.17372636636719108,0.040925872046500444,0.17372636636719108,3640,10000.0,7.3473173386245945,False,False,exact_cap
Schirrmeister2017,1,3654,common_lr10000,cvar_a0p2,cvar,40,92,7840,1378.944948954631,37.13414801708302,,,1.4802056302056419,14802.056302056419,418.1071708355578,591.1889201372891,2667.9688549622574,2.0794415416798357,1.6094379124341005,8.0,,,8.0,0.00031446805223822594,0.17559340340085328,0.040925872046500444,0.17559340340085328,3680,10000.0,7.3473173386245945,False,False,exact_cap
Schirrmeister2017,1,3654,common_lr10000,cvar_a0p2,cvar,40,93,7932,999.4396539987727,31.61391551198258,,,1.257760109577804,12577.60109577804,383.8039001321678,382.2252837287924,1332.8908130378168,2.0794415416798357,1.6094379124341005,8.0,,,8.0,0.0003116619773209095,0.17742696730419993,0.040925872046500444,0.17742696730419993,3720,10000.0,7.3473173386245945,False,False,exact_cap
Schirrmeister2017,1,3654,common_lr10000,cvar_a0p2,cvar,40,94,8025,1059.5423422310228,32.55061201008397,,,1.3003453463552355,13003.453463552352,364.26837979102163,415.3116994380629,1603.0809464064919,2.0794415416798357,1.6094379124341005,8.0,,,8.0,0.0003598479088395834,0.17952760215848684,0.040925872046500444,0.17952760215848684,3760,10000.0,7.3473173386245945,False,False,exact_cap
Schirrmeister2017,1,3654,common_lr10000,cvar_a0p2,cvar,40,95,8119,1166.5705037029538,34.15509484254075,,,1.362209226782235,13622.09226782235,431.02735455944,486.59904734275733,2056.384778980519,2.0794415416798357,1.6094379124341005,8.0,,,8.0,0.0003318709786981344,0.1814122530631721,0.040925872046500444,0.1814122530631721,3800,10000.0,7.3473173386245945,False,False,exact_cap
Schirrmeister2017,1,3654,common_lr10000,cvar_a0p2,cvar,40,96,8214,1621.7095771706186,40.270455388170355,,,1.5992262092295824,15992.262092295823,522.3655660595666,690.0408158546091,3378.8240660120455,2.0794415416798357,1.6094379124341005,8.0,,,8.0,0.00031458912417292595,0.18326795217581093,0.040925872046500444,0.18326795217581093,3840,10000.0,7.3473173386245945,False,False,exact_cap
Schirrmeister2017,1,3654,common_lr10000,cvar_a0p2,cvar,40,97,8310,2390.03906733192,48.88802580726614,,,1.9285494472558882,19285.494472558883,778.2123920823099,930.3065345371631,3483.4805027560697,2.0794415416798357,1.6094379124341005,8.0,,,8.0,0.00031578587368130684,0.18512644805014133,0.040925872046500444,0.18512644805014133,3880,10000.0,7.3473173386245945,False,False,exact_cap
Schirrmeister2017,1,3654,common_lr10000,cvar_a0p2,cvar,40,98,8407,2262.272600460513,47.56335354514558,,,1.8801852374319437,18801.852374319435,619.8035156202017,1069.529016155312,4667.526639758968,2.0794415416798357,1.6094379124341005,8.0,,,8.0,0.00032499292865395546,0.18700531707145274,0.040925872046500444,0.18700531707145274,3920,10000.0,7.3473173386245945,False,False,exact_cap
Schirrmeister2017,1,3654,common_lr10000,cvar_a0p2,cvar,40,99,8505,2294.9316264979216,47.90544464356762,,,1.8914687723176986,18914.687723176987,718.1378859992003,888.8786958453544,3640.9197120260924,2.0794415416798357,1.6094379124341005,8.0,,,8.0,0.0003183470107614994,0.18886342295445502,0.040925872046500444,0.18886342295445502,3960,10000.0,7.3473173386245945,False,False,exact_cap
Schirrmeister2017,1,3654,common_lr10000,cvar_a0p2,cvar,40,100,8604,2332.8343875805326,48.29942429864494,8087922.482501392,-8130734.619855169,1.9109168535919783,19109.168535919784,785.1140067527549,1071.1741983861925,5976.610935057844,2.0794415416798357,1.6094379124341005,8.0,,,8.0,0.00032402900978922844,0.1907208440825343,0.05281263589859009,0.1907208440825343,4000,10000.0,7.3473173386245945,False,True,exact_cap
Schirrmeister2017,1,3654,common_lr10000,cvar_a0p2,cvar,40,101,8704,2627.569534533768,51.25982378562931,,,2.035645482375551,20356.454823755514,787.4589222582646,1067.058859630226,4234.144563725447,2.0794415416798357,1.6094379124341005,8.0,,,8.0,0.0003978898748755455,0.19343737000599504,0.05281263589859009,0.19343737000599504,4040,10000.0,7.3473173386245945,False,False,exact_cap
Schirrmeister2017,1,3654,common_lr10000,cvar_a0p2,cvar,40,102,8805,3106.670746019284,55.73751650387093,,,2.2004975078887137,22004.975078887135,1071.4617641210073,1300.5056806218938,6643.774469869053,2.0794415416798357,1.6094379124341005,8.0,,,8.0,0.000349715119227767,0.19543459103442729,0.05281263589859009,0.19543459103442729,4080,10000.0,7.3473173386245945,False,False,exact_cap
Schirrmeister2017,1,3654,common_lr10000,cvar_a0p2,cvar,40,103,8907,3534.4799319380672,59.45149225997668,,,2.3507320133327085,23507.320133327084,1148.7529194983588,1569.9415861864338,8477.511618082439,2.0794415416798357,1.6094379124341005,8.0,,,8.0,0.0003368980251252651,0.19736170512624085,0.05281263589859009,0.19736170512624085,4120,10000.0,7.3473173386245945,False,False,exact_cap
Schirrmeister2017,1,3654,common_lr10000,cvar_a0p2,cvar,40,104,9010,3110.851438356972,55.77500729141119,,,2.208965802584432,22089.65802584432,1032.5007529061436,1318.6105143551656,6794.690104874086,2.0794415416798357,1.6094379124341005,8.0,,,8.0,0.00032167905010282993,0.19924689712934196,0.05281263589859009,0.19924689712934196,4160,10000.0,7.3473173386245945,False,False,exact_cap
Schirrmeister2017,1,3654,common_lr10000,cvar_a0p2,cvar,40,105,9114,4827.41922138491,69.47963170156352,,,2.7663616550069627,27663.61655006963,1432.2258962327041,2483.3632367338587,11800.224867970132,2.0794415416798357,1.6094379124341005,8.0,,,8.0,0.00031680683605372906,0.20110625098459423,0.05281263589859009,0.20110625098459423,4200,10000.0,7.3473173386245945,False,False,exact_cap
Schirrmeister2017,1,3654,common_lr10000,cvar_a0p2,cvar,40,106,9219,6177.631465725935,78.5979100595298,,,3.1207506926004833,31207.506926004833,1938.1445286842527,2568.8336377796895,10862.083128997077,2.0794415416798357,1.6094379124341005,8.0,,,8.0,0.0003223419189453125,0.20297756814397871,0.05281263589859009,0.20297756814397871,4240,10000.0,7.3473173386245945,False,False,exact_cap
Schirrmeister2017,1,3654,common_lr10000,cvar_a0p2,cvar,40,107,9325,7607.694503703876,87.22209871187391,,,3.484604352126699,34846.04352126698,2169.332443315908,3982.9863189992416,23490.989449540382,2.0794415416798357,1.6094379124341005,8.0,,,8.0,0.0003220350481569767,0.2048408412374556,0.05281263589859009,0.2048408412374556,4280,10000.0,7.3473173386245945,False,False,exact_cap
Schirrmeister2017,1,3654,common_lr10000,cvar_a0p2,cvar,40,108,9432,6048.00218258217,77.76890241338224,,,3.0837290539197797,30837.290539197795,1813.7524742149014,2351.5583682911065,8858.97400693455,2.0794415416798357,1.6094379124341005,8.0,,,8.0,0.0003274800255894661,0.20671156235039234,0.05281263589859009,0.20671156235039234,4320,10000.0,7.3473173386245945,False,False,exact_cap
Schirrmeister2017,1,3654,common_lr10000,cvar_a0p2,cvar,40,109,9540,9541.952867981954,97.6829200422569,,,3.836365057085317,38363.65057085317,2918.824139059628,4253.299142723038,19790.05894194461,2.0794415416798357,1.6094379124341005,8.0,,,8.0,0.00031776889227330685,0.20860872440971434,0.05281263589859009,0.20860872440971434,4360,10000.0,7.3473173386245945,False,False,exact_cap
Schirrmeister2017,1,3654,common_lr10000,cvar_a0p2,cvar,40,110,9649,8890.4554519162,94.2892117472418,,,3.7562899360707243,37562.89936070725,2874.061453986021,3653.869027378125,17346.954346079754,2.0794415416798357,1.6094379124341005,8.0,,,8.0,0.000311046140268445,0.21045666048303246,0.05281263589859009,0.21045666048303246,4400,10000.0,7.3473173386245945,False,False,exact_cap
Schirrmeister2017,1,3654,common_lr10000,cvar_a0p2,cvar,40,111,9759,12239.829470791148,110.63376279776055,,,4.36738588351874,43673.8588351874,3600.977899029369,4831.257430060293,19742.504906011687,2.0794415416798357,1.6094379124341005,8.0,,,8.0,0.00031592417508363724,0.21232532965950668,0.05281263589859009,0.21232532965950668,4440,10000.0,7.3473173386245945,False,False,exact_cap
Schirrmeister2017,1,3654,common_lr10000,cvar_a0p2,cvar,40,112,9870,14382.874957069942,119.92862442748996,,,4.722424027119936,47224.24027119936,4397.460241495467,5946.018473499729,25084.623052442294,2.0794415416798357,1.6094379124341005,8.0,,,8.0,0.0003078058362007141,0.21418381668627262,0.05281263589859009,0.21418381668627262,4480,10000.0,7.3473173386245945,False,False,exact_cap
Schirrmeister2017,1,3654,common_lr10000,cvar_a0p2,cvar,40,113,9982,11743.598583799361,108.36788538953485,,,4.297885502642125,42978.85502642125,3832.8299853647254,5968.332511542187,34331.243392072065,2.0794415416798357,1.6094379124341005,8.0,,,8.0,0.0003257459029555321,0.21603188570588827,0.05281263589859009,0.21603188570588827,4520,10000.0,7.3473173386245945,False,False,exact_cap
Schirrmeister2017,1,3654,common_lr10000,cvar_a0p2,cvar,40,114,10095,16183.884445966389,127.21589698605433,,,5.04765895918911,50476.5895918911,5316.595301553196,7483.151601491543,42556.24665790198,2.0794415416798357,1.6094379124341005,8.0,,,8.0,0.0003099041059613228,0.21786241373047233,0.05281263589859009,0.21786241373047233,4560,10000.0,7.3473173386245945,False,False,exact_cap
Schirrmeister2017,1,3654,common_lr10000,cvar_a0p2,cvar,40,115,10209,15609.4588487224,124.9378199294449,,,4.891765490752389,48917.65490752389,4696.515828875734,6338.22004328694,26432.043733029128,2.0794415416798357,1.6094379124341005,8.0,,,8.0,0.0003268199507147074,0.2197231415193528,0.05281263589859009,0.2197231415193528,4600,10000.0,7.3473173386245945,False,False,exact_cap
Schirrmeister2017,1,3654,common_lr10000,cvar_a0p2,cvar,40,116,10324,16146.462731197282,127.06873231128608,,,5.012178016817516,50121.780168175166,5022.023959816816,6649.88129272987,31095.5359229052,2.0794415416798357,1.6094379124341005,8.0,,,8.0,0.00031230715103447437,0.22157084057107568,0.05281263589859009,0.22157084057107568,4640,10000.0,7.3473173386245945,False,False,exact_cap
Schirrmeister2017,1,3654,common_lr10000,cvar_a0p2,cvar,40,117,10440,23777.963393053673,154.20104861204308,,,6.037672344080374,60376.72344080373,8285.8003841757,9945.466683320632,52147.76679442228,2.0794415416798357,1.6094379124341005,8.0,,,8.0,0.0003149730619043112,0.2234068727120757,0.05281263589859009,0.2234068727120757,4680,10000.0,7.3473173386245945,False,False,exact_cap
Schirrmeister2017,1,3654,common_lr10000,cvar_a0p2,cvar,40,118,10557,31200.686330750705,176.6371601072399,,,6.955628456242845,69556.28456242845,9605.228459497037,13586.154517046863,58559.441962972945,2.0794415416798357,1.6094379124341005,8.0,,,8.0,0.0003194180317223072,0.225260391831398,0.05281263589859009,0.225260391831398,4720,10000.0,7.3473173386245945,False,False,exact_cap
Schirrmeister2017,1,3654,common_lr10000,cvar_a0p2,cvar,40,119,10675,41742.54936700532,204.30993457736048,,,8.10555751209044,81055.57512090441,10577.319527522712,19038.2941638028,87551.11179416894,2.0794415416798357,1.6094379124341005,8.0,,,8.0,0.00030707404948771,0.22709745378233492,0.05281263589859009,0.22709745378233492,4760,10000.0,7.3473173386245945,False,False,exact_cap
Schirrmeister2017,1,3654,common_lr10000,cvar_a0p2,cvar,40,120,10794,41594.89658455588,203.94826938357647,,,8.16820950613611,81682.09506136108,12564.92878691314,21935.61009651432,130394.04568888473,2.0794415416798357,1.6094379124341005,8.0,,,8.0,0.0003136980812996626,0.22893038485199213,0.05281263589859009,0.22893038485199213,4800,10000.0,7.3473173386245945,False,False,exact_cap
Schirrmeister2017,1,3654,common_lr10000,cvar_a0p2,cvar,40,121,10914,39961.46978883641,199.9036512643939,,,7.905097185411455,79050.97185411454,13186.06788331421,15413.704895462082,56817.58341534629,2.0794415416798357,1.6094379124341005,8.0,,,8.0,0.00030705216340720654,0.23076135478913784,0.05281263589859009,0.23076135478913784,4840,10000.0,7.3473173386245945,False,False,exact_cap
Schirrmeister2017,1,3654,common_lr10000,cvar_a0p2,cvar,40,122,11035,46761.81763701823,216.24480950306813,,,8.685695194876969,86856.9519487697,14840.192626440898,18734.16663318934,86139.9596255648,2.0794415416798357,1.6094379124341005,8.0,,,8.0,0.0003179770428687334,0.23261997592635453,0.05281263589859009,0.23261997592635453,4880,10000.0,7.3473173386245945,False,False,exact_cap
Schirrmeister2017,1,3654,common_lr10000,cvar_a0p2,cvar,40,123,11157,47461.12466758378,217.85574279229772,,,8.539381217321246,85393.81217321246,17688.192114157137,18211.84325685278,78862.5883688064,2.0794415416798357,1.6094379124341005,8.0,,,8.0,0.00031476281583309174,0.23447358887642622,0.05281263589859009,0.23447358887642622,4920,10000.0,7.3473173386245945,False,False,exact_cap
Schirrmeister2017,1,3654,common_lr10000,cvar_a0p2,cvar,40,124,11280,53845.8901979937,232.04717235509185,,,9.210115178885482,92101.15178885483,17487.38591477296,21429.55666727659,82930.07273881017,2.0794415416798357,1.6094379124341005,8.0,,,8.0,0.0003141851630061865,0.23630642984062433,0.05281263589859009,0.23630642984062433,4960,10000.0,7.3473173386245945,False,False,exact_cap
Schirrmeister2017,1,3654,common_lr10000,cvar_a0p2,cvar,40,125,11404,103956.9668826786,322.4235830125932,217921912.6299235,-219078042.18917134,12.873563113282861,128735.63113282862,32586.178136823626,46365.88586530437,229429.4492605873,2.0794415416798357,1.6094379124341005,8.0,,,8.0,0.0003172941505908966,0.23814875585958362,0.06543182977475226,0.23814875585958362,5000,10000.0,7.3473173386245945,False,True,exact_cap
Schirrmeister2017,1,3654,common_lr10000,cvar_a0p2,cvar,40,126,11529,144025.98713168642,379.50755872800005,,,15.018509444844291,150185.09444844292,37681.66465901204,74532.52113556753,393682.949459922,2.0794415416798357,1.6094379124341005,8.0,,,8.0,0.0003716039936989546,0.24074291973374784,0.06543182977475226,0.24074291973374784,5040,10000.0,7.3473173386245945,False,False,exact_cap
Schirrmeister2017,1,3654,common_lr10000,cvar_a0p2,cvar,40,127,11655,98248.67108620031,313.4464405384121,,,12.408962283503376,124089.62283503376,35455.49189515772,44666.256764391335,256241.50364404876,2.0794415416798357,1.6094379124341005,8.0,,,8.0,0.00033182883635163307,0.24266094877384603,0.06543182977475226,0.24266094877384603,5080,10000.0,7.3473173386245945,False,False,exact_cap
Schirrmeister2017,1,3654,common_lr10000,cvar_a0p2,cvar,40,128,11782,79321.80087087028,281.64126272773007,,,11.025464852645174,110254.64852645173,30356.782322858126,29273.402552802214,118044.96048013956,2.0794415416798357,1.6094379124341005,8.0,,,8.0,0.00031725503504276276,0.24453155882656574,0.06543182977475226,0.24453155882656574,5120,10000.0,7.3473173386245945,False,False,exact_cap
Schirrmeister2017,1,3654,common_lr10000,cvar_a0p2,cvar,40,129,11910,107408.36719952237,327.73215771346327,,,13.066468992657816,130664.68992657815,31296.173483969396,48099.351387255294,262052.50337122602,2.0794415416798357,1.6094379124341005,8.0,,,8.0,0.00032388302497565746,0.2463847827166319,0.06543182977475226,0.2463847827166319,5160,10000.0,7.3473173386245945,False,False,exact_cap
Schirrmeister2017,1,3654,common_lr10000,cvar_a0p2,cvar,40,130,12039,73357.57972839585,270.8460443285001,,,10.78350433491914,107835.04334919139,23306.037073455514,30173.33473759738,134022.13690596406,2.0794415416798357,1.6094379124341005,8.0,,,8.0,0.0003184238448739052,0.24823478586040437,0.06543182977475226,0.24823478586040437,5200,10000.0,7.3473173386245945,False,False,exact_cap
Schirrmeister2017,1,3654,common_lr10000,cvar_a0p2,cvar,40,131,12169,167907.97019919028,409.76575039794415,,,15.995284883050964,159952.84883050964,52088.24180573868,73856.87356815749,332518.5508119309,2.0794415416798357,1.6094379124341005,8.0,,,8.0,0.0003238939680159092,0.25008194567635655,0.06543182977475226,0.25008194567635655,5240,10000.0,7.3473173386245945,False,False,exact_cap
Schirrmeister2017,1,3654,common_lr10000,cvar_a0p2,cvar,40,132,12300,208816.3899614063,456.9643202279652,,,17.959893502585615,179598.93502585616,60747.333826645605,84008.10512833975,342345.45993118477,2.0794415416798357,1.6094379124341005,8.0,,,8.0,0.0003132640849798918,0.2519320307765156,0.06543182977475226,0.2519320307765156,5280,10000.0,7.3473173386245945,False,False,exact_cap
Schirrmeister2017,1,3654,common_lr10000,cvar_a0p2,cvar,40,133,12432,126270.5405375123,355.3456634567422,,,14.103999700206762,141039.99700206763,33507.89379153127,57879.26890177662,275875.4132760707,2.0794415416798357,1.6094379124341005,8.0,,,8.0,0.0003125402145087719,0.253795214695856,0.06543182977475226,0.253795214695856,5320,10000.0,7.3473173386245945,False,False,exact_cap
Schirrmeister2017,1,3654,common_lr10000,cvar_a0p2,cvar,40,134,12565,257460.4508202901,507.405607793499,,,20.032278922884913,200322.7892288491,69547.45351730647,113639.3913522387,552209.44907593,2.0794415416798357,1.6094379124341005,8.0,,,8.0,0.00031257886439561844,0.2556518097408116,0.06543182977475226,0.2556518097408116,5360,10000.0,7.3473173386245945,False,False,exact_cap
Schirrmeister2017,1,3654,common_lr10000,cvar_a0p2,cvar,40,135,12699,243811.4944658751,493.7727153922897,,,19.501925068377076,195019.25068377075,72388.22269755644,103118.77551298842,479441.12772955466,2.0794415416798357,1.6094379124341005,8.0,,,8.0,0.00031399098224937916,0.2574847887735814,0.06543182977475226,0.2574847887735814,5400,10000.0,7.3473173386245945,False,False,exact_cap
Schirrmeister2017,1,3654,common_lr10000,cvar_a0p2,cvar,40,136,12834,395144.7796833151,628.6054244781182,,,24.79341705631797,247934.17056317974,116967.1665357884,163967.14270246573,731111.4307419821,2.0794415416798357,1.6094379124341005,8.0,,,8.0,0.0003172860015183687,0.25933263869956136,0.06543182977475226,0.25933263869956136,5440,10000.0,7.3473173386245945,False,False,exact_cap
Schirrmeister2017,1,3654,common_lr10000,cvar_a0p2,cvar,40,137,12970,402781.1209677017,634.6503927105865,,,24.8437390780112,248437.390780112,122021.42767561843,168683.14556500665,705013.9272388476,2.0794415416798357,1.6094379124341005,8.0,,,8.0,0.00030901399441063404,0.26116057066246867,0.06543182977475226,0.26116057066246867,5480,10000.0,7.3473173386245945,False,False,exact_cap
Schirrmeister2017,1,3654,common_lr10000,cvar_a0p2,cvar,40,138,13107,302393.39215390873,549.903075235908,,,21.669093335868954,216690.93335868954,112349.63840404019,114474.45836680518,547849.177074963,2.0794415416798357,1.6094379124341005,8.0,,,8.0,0.00032487697899341583,0.263018544530496,0.06543182977475226,0.263018544530496,5520,10000.0,7.3473173386245945,False,False,exact_cap
Schirrmeister2017,1,3654,common_lr10000,cvar_a0p2,cvar,40,139,13245,545962.1304303615,738.8925026215663,,,29.49637724087366,294963.7724087366,172042.65033290186,255247.86316781119,1465442.9316275814,2.0794415416798357,1.6094379124341005,8.0,,,8.0,0.000331181101500988,0.2648759565781802,0.06543182977475226,0.2648759565781802,5560,10000.0,7.3473173386245945,False,False,exact_cap
Schirrmeister2017,1,3654,common_lr10000,cvar_a0p2,cvar,40,140,13384,269768.1040899138,519.3920523938673,,,20.234018702236824,202340.18702236825,89553.83931575903,114998.69318041361,528794.4167579836,2.0794415416798357,1.6094379124341005,8.0,,,8.0,0.00031008687801659107,0.26670822058804333,0.06543182977475226,0.26670822058804333,5600,10000.0,7.3473173386245945,False,False,exact_cap
Schirrmeister2017,1,3654,common_lr10000,cvar_a0p2,cvar,40,141,13524,513305.69403511024,716.4535532992423,,,28.030470258084062,280304.7025808406,169383.25278014503,205098.58691915357,775589.6899790925,2.0794415416798357,1.6094379124341005,8.0,,,8.0,0.00031709112226963043,0.26857913355343044,0.06543182977475226,0.26857913355343044,5640,10000.0,7.3473173386245945,False,False,exact_cap
Schirrmeister2017,1,3654,common_lr10000,cvar_a0p2,cvar,40,142,13665,726598.2925857641,852.4073513208131,,,33.48847584059142,334884.7584059142,235275.88222267758,304534.54205411056,1455481.5602478057,2.0794415416798357,1.6094379124341005,8.0,,,8.0,0.0003145630471408367,0.2704239166341722,0.06543182977475226,0.2704239166341722,5680,10000.0,7.3473173386245945,False,False,exact_cap
Schirrmeister2017,1,3654,common_lr10000,cvar_a0p2,cvar,40,143,13807,415442.01553463435,644.5479156235278,,,25.412601354538673,254126.01354538673,136548.14187935143,166951.1068005874,595864.1792760139,2.0794415416798357,1.6094379124341005,8.0,,,8.0,0.0003203968517482281,0.2722792117856443,0.06543182977475226,0.2722792117856443,5720,10000.0,7.3473173386245945,False,False,exact_cap
Schirrmeister2017,1,3654,common_lr10000,cvar_a0p2,cvar,40,144,13950,1117362.5871281323,1057.0537295370243,,,42.19213093606318,421921.30936063174,343631.1210476989,455691.9130211674,1938216.8026536852,2.0794415416798357,1.6094379124341005,8.0,,,8.0,0.0003137490712106228,0.27412114990875125,0.06543182977475226,0.27412114990875125,5760,10000.0,7.3473173386245945,False,False,exact_cap
Schirrmeister2017,1,3654,common_lr10000,cvar_a0p2,cvar,40,145,14094,475148.3684187824,689.3100669646298,,,27.510765989877754,275107.65989877755,168957.86162418462,180455.68474624323,769177.7724032217,2.0794415416798357,1.6094379124341005,8.0,,,8.0,0.00032327696681022644,0.2759958489332348,0.06543182977475226,0.2759958489332348,5800,10000.0,7.3473173386245945,False,False,exact_cap
Schirrmeister2017,1,3654,common_lr10000,cvar_a0p2,cvar,40,146,14239,880788.7081139107,938.5034406510777,,,37.34481937401777,373448.1937401777,296052.5582771169,389180.59459856176,2093204.2432005205,2.0794415416798357,1.6094379124341005,8.0,,,8.0,0.00030625006183981895,0.2778370918240398,0.06543182977475226,0.2778370918240398,5840,10000.0,7.3473173386245945,False,False,exact_cap
Schirrmeister2017,1,3654,common_lr10000,cvar_a0p2,cvar,40,147,14385,636952.8108745248,798.0932344497883,,,31.508788885386977,315087.88885386975,252349.72737862496,240265.43139028357,797835.0876807643,2.0794415416798357,1.6094379124341005,8.0,,,8.0,0.00031017116270959377,0.2796757167670876,0.06543182977475226,0.2796757167670876,5880,10000.0,7.3473173386245945,False,False,exact_cap
Schirrmeister2017,1,3654,common_lr10000,cvar_a0p2,cvar,40,148,14532,875557.5903524886,935.7123438068393,,,37.17129157360691,371712.9157360691,285309.0440047296,387821.80933609186,2102032.878135208,2.0794415416798357,1.6094379124341005,8.0,,,8.0,0.0003080128226429224,0.2815146369393915,0.06543182977475226,0.2815146369393915,5920,10000.0,7.3473173386245945,False,False,exact_cap
Schirrmeister2017,1,3654,common_lr10000,cvar_a0p2,cvar,40,149,14680,1359223.2907455268,1165.8573200634487,,,46.17640939542648,461764.09395426477,424612.9231925476,531536.9125515356,2035264.2877674762,2.0794415416798357,1.6094379124341005,8.0,,,8.0,0.0003118149470537901,0.28333608293905854,0.06543182977475226,0.28333608293905854,5960,10000.0,7.3473173386245945,False,False,exact_cap
Schirrmeister2017,1,3654,common_lr10000,cvar_a0p2,cvar,40,150,14829,1596904.3367187297,1263.6868032541645,4604362816.21644,-4628792110.788852,50.25135238277817,502513.52382778167,446978.96294145286,727133.3602061113,3633917.982670692,2.0794415416798357,1.6094379124341005,8.0,,,8.0,0.0003172289580106735,0.2851726559456438,0.07892859657295048,0.2851726559456438,6000,10000.0,7.3473173386245945,False,True,exact_cap
Schirrmeister2017,1,3654,common_lr10000,cvar_a0p2,cvar,40,151,14979,2440340.940045412,1562.1590636184947,,,62.541717622458876,625417.1762245888,744614.126140134,1104330.458790429,5903796.899631698,2.0794415416798357,1.6094379124341005,8.0,,,8.0,0.00036821095272898674,0.2877380570862442,0.07892859657295048,0.2877380570862442,6040,10000.0,7.3473173386245945,False,False,exact_cap
Schirrmeister2017,1,3654,common_lr10000,cvar_a0p2,cvar,40,152,15130,1555398.1420055407,1247.156021516771,,,49.787874990302214,497878.74990302214,430450.4777668548,634178.4261960594,2680055.766206329,2.0794415416798357,1.6094379124341005,8.0,,,8.0,0.00033465493470430374,0.2896660801488906,0.07892859657295048,0.2896660801488906,6080,10000.0,7.3473173386245945,False,False,exact_cap
Schirrmeister2017,1,3654,common_lr10000,cvar_a0p2,cvar,40,153,15282,2158288.193593817,1469.1113618762251,,,58.46525231490293,584652.5231490294,721359.6056010387,814257.3644410423,2777270.10834101,2.0794415416798357,1.6094379124341005,8.0,,,8.0,0.00033459393307566643,0.2915710520464927,0.07892859657295048,0.2915710520464927,6120,10000.0,7.3473173386245945,False,False,exact_cap
Schirrmeister2017,1,3654,common_lr10000,cvar_a0p2,cvar,40,154,15435,2159464.431917062,1469.5116304123155,,,57.857216787461525,578572.1678746152,588333.4160583602,1010977.6832983497,4924508.721738039,2.0794415416798357,1.6094379124341005,8.0,,,8.0,0.00031992001459002495,0.29343858920037746,0.07892859657295048,0.29343858920037746,6160,10000.0,7.3473173386245945,False,False,exact_cap
Schirrmeister2017,1,3654,common_lr10000,cvar_a0p2,cvar,40,155,15589,2833526.0578805665,1683.30806980795,,,66.72209196784813,667220.9196784813,865834.1416956949,1150420.2818745258,5120316.881487921,2.0794415416798357,1.6094379124341005,8.0,,,8.0,0.0003150729462504387,0.29531733016483486,0.07892859657295048,0.29531733016483486,6200,10000.0,7.3473173386245945,False,False,exact_cap
Schirrmeister2017,1,3654,common_lr10000,cvar_a0p2,cvar,40,156,15744,3701168.1882863077,1923.842038288567,,,75.91975490744719,759197.5490744718,1045048.0328868155,1668542.7205295188,8066264.208741674,2.0794415416798357,1.6094379124341005,8.0,,,8.0,0.00038681994192302227,0.2973191870842129,0.07892859657295048,0.2973191870842129,6240,10000.0,7.3473173386245945,False,False,exact_cap
Schirrmeister2017,1,3654,common_lr10000,cvar_a0p2,cvar,40,157,15900,5796555.955400532,2407.603778739461,,,95.06693202893562,950669.3202893563,1913286.3048181422,2749821.0744185625,15679860.106913345,2.0794415416798357,1.6094379124341005,8.0,,,8.0,0.0003304320853203535,0.29919007513672113,0.07892859657295048,0.29919007513672113,6280,10000.0,7.3473173386245945,False,False,exact_cap
Schirrmeister2017,1,3654,common_lr10000,cvar_a0p2,cvar,40,158,16057,4719874.668054386,2172.527253696576,,,86.12256648982451,861225.6648982451,1412504.6152591505,2282799.889637487,12509963.552563779,2.0794415416798357,1.6094379124341005,8.0,,,8.0,0.00031544710509479046,0.3010574991349131,0.07892859657295048,0.3010574991349131,6320,10000.0,7.3473173386245945,False,False,exact_cap
Schirrmeister2017,1,3654,common_lr10000,cvar_a0p2,cvar,40,159,16215,5708250.615785704,2389.194553774494,,,93.0771749557409,930771.7495574091,1747914.7204264915,2502175.6396171195,13164010.802477447,2.0794415416798357,1.6094379124341005,8.0,,,8.0,0.0003173970617353916,0.30290541402064264,0.07892859657295048,0.30290541402064264,6360,10000.0,7.3473173386245945,False,False,exact_cap
Schirrmeister2017,1,3654,common_lr10000,cvar_a0p2,cvar,40,160,16374,5785748.411539029,2405.3582709315942,,,95.49340651751938,954934.065175194,1873995.76202508,2545403.264821338,13327087.338669255,2.0794415416798357,1.6094379124341005,8.0,,,8.0,0.00030997698195278645,0.30474653211422265,0.07892859657295048,0.30474653211422265,6400,10000.0,7.3473173386245945,False,False,exact_cap
Schirrmeister2017,1,3654,common_lr10000,cvar_a0p2,cvar,40,161,16534,6649192.517983565,2578.6028228448763,,,101.75870134767446,1017587.0134767446,2196737.817650176,2682174.577478932,12327693.43548955,2.0794415416798357,1.6094379124341005,8.0,,,8.0,0.0003112789709120989,0.3066084471065551,0.07892859657295048,0.3066084471065551,6440,10000.0,7.3473173386245945,False,False,exact_cap
Schirrmeister2017,1,3654,common_lr10000,cvar_a0p2,cvar,40,162,16695,5977639.42100072,2444.9211482174064,,,96.24122200093957,962412.2200093957,2179667.177882307,2346104.872227952,11894241.590606738,2.0794415416798357,1.6094379124341005,8.0,,,8.0,0.00032907212153077126,0.30847446410916746,0.07892859657295048,0.30847446410916746,6480,10000.0,7.3473173386245945,False,False,exact_cap
Schirrmeister2017,1,3654,common_lr10000,cvar_a0p2,cvar,40,163,16857,11878615.273562592,3446.5367071253704,,,136.47260908739065,1364726.0908739066,3215678.8995920913,5116146.317605856,21512339.77356539,2.0794415416798357,1.6094379124341005,8.0,,,8.0,0.00031248200684785843,0.3103145051281899,0.07892859657295048,0.3103145051281899,6520,10000.0,7.3473173386245945,False,False,exact_cap
Schirrmeister2017,1,3654,common_lr10000,cvar_a0p2,cvar,40,164,17020,10580075.722245011,3252.702833374886,,,128.76944897692647,1287694.4897692646,3228958.98010304,4691710.707454729,21138497.97615561,2.0794415416798357,1.6094379124341005,8.0,,,8.0,0.00032676500268280506,0.31216522422619164,0.07892859657295048,0.31216522422619164,6560,10000.0,7.3473173386245945,False,False,exact_cap
Schirrmeister2017,1,3654,common_lr10000,cvar_a0p2,cvar,40,165,17184,11274981.55234287,3357.8239311111697,,,131.03074396758177,1310307.439675818,3942537.8284136187,4879442.105488974,23073971.78996176,2.0794415416798357,1.6094379124341005,8.0,,,8.0,0.0003161979839205742,0.31402441021054983,0.07892859657295048,0.31402441021054983,6600,10000.0,7.3473173386245945,False,False,exact_cap
Schirrmeister2017,1,3654,common_lr10000,cvar_a0p2,cvar,40,166,17349,10724137.292164799,3274.7728611561442,,,129.837073117102,1298370.7311710198,3582504.497971353,5069411.528785838,28842214.685088396,2.0794415416798357,1.6094379124341005,8.0,,,8.0,0.0003166738897562027,0.315866090124473,0.07892859657295048,0.315866090124473,6640,10000.0,7.3473173386245945,False,False,exact_cap
Schirrmeister2017,1,3654,common_lr10000,cvar_a0p2,cvar,40,167,17515,10115435.695420245,3180.4772747844377,,,125.25156716816768,1252515.6716816768,3662912.0015868023,4081490.5668802424,19725202.65798746,2.0794415416798357,1.6094379124341005,8.0,,,8.0,0.0003128380049020052,0.317707029171288,0.07892859657295048,0.317707029171288,6680,10000.0,7.3473173386245945,False,False,exact_cap
Schirrmeister2017,1,3654,common_lr10000,cvar_a0p2,cvar,40,168,17682,14883624.884537108,3857.9301295561468,,,153.22176863342702,1532217.6863342703,4364795.457418586,5644398.784568815,17614058.767923634,2.0794415416798357,1.6094379124341005,8.0,,,8.0,0.000305054010823369,0.3195392482448369,0.07892859657295048,0.3195392482448369,6720,10000.0,7.3473173386245945,False,False,exact_cap
Schirrmeister2017,1,3654,common_lr10000,cvar_a0p2,cvar,40,169,17850,11195066.51672961,3345.9029449058457,,,132.21808823691,1322180.8823691,4744650.120998424,4135107.622589954,17680558.509439543,2.0794415416798357,1.6094379124341005,8.0,,,8.0,0.00032135099172592163,0.32138967304490507,0.07892859657295048,0.32138967304490507,6760,10000.0,7.3473173386245945,False,False,exact_cap
Schirrmeister2017,1,3654,common_lr10000,cvar_a0p2,cvar,40,170,18019,14923078.046283241,3863.04000060616,,,152.30994107829773,1523099.4107829772,4624789.545120006,5734935.229236805,20769480.759567536,2.0794415416798357,1.6094379124341005,8.0,,,8.0,0.0003125108778476715,0.32324013486504555,0.07892859657295048,0.32324013486504555,6800,10000.0,7.3473173386245945,False,False,exact_cap
Schirrmeister2017,1,3654,common_lr10000,cvar_a0p2,cvar,40,171,18189,19577203.70420514,4424.613396016101,,,174.08591083164777,1740859.1083164779,6468877.165683591,7439967.093545776,23844019.977040604,2.0794415416798357,1.6094379124341005,8.0,,,8.0,0.00031474092975258827,0.32508313399739563,0.07892859657295048,0.32508313399739563,6840,10000.0,7.3473173386245945,False,False,exact_cap
Schirrmeister2017,1,3654,common_lr10000,cvar_a0p2,cvar,40,172,18360,32094209.00052319,5665.175107666416,,,222.84646614254694,2228464.661425469,9087842.10357486,15561988.897116417,86857102.96161047,2.0794415416798357,1.6094379124341005,8.0,,,8.0,0.0003375930245965719,0.32697211392223835,0.07892859657295048,0.32697211392223835,6880,10000.0,7.3473173386245945,False,False,exact_cap
Schirrmeister2017,1,3654,common_lr10000,cvar_a0p2,cvar,40,173,18532,23297773.489007935,4826.77671837096,,,189.13477244377364,1891347.7244377364,9404745.99335983,8743273.962400433,38701561.267961316,2.0794415416798357,1.6094379124341005,8.0,,,8.0,0.0003212159499526024,0.32882602303288877,0.07892859657295048,0.32882602303288877,6920,10000.0,7.3473173386245945,False,False,exact_cap
Schirrmeister2017,1,3654,common_lr10000,cvar_a0p2,cvar,40,174,18705,23238067.790465537,4820.587909214553,,,192.60290901092668,1926029.090109267,7369490.68054902,9568455.144249104,39006805.650695816,2.0794415416798357,1.6094379124341005,8.0,,,8.0,0.00032377103343605995,0.3306754680816084,0.07892859657295048,0.3306754680816084,6960,10000.0,7.3473173386245945,False,False,exact_cap
Schirrmeister2017,1,3654,common_lr10000,cvar_a0p2,cvar,40,175,18879,31817528.176903397,5640.702808773335,104662909172.44286,-105218219678.3458,226.01618418530498,2260161.84185305,10274571.616838122,14731609.422913456,77786346.96715426,2.0794415416798357,1.6094379124341005,8.0,,,8.0,0.00031276699155569077,0.33253504196181893,0.09142247261479497,0.33253504196181893,7000,10000.0,7.3473173386245945,False,True,exact_cap
Schirrmeister2017,1,3654,common_lr10000,cvar_a0p2,cvar,40,176,19054,49955899.45590085,7067.948744572279,,,280.5253837405982,2805253.8374059824,16344911.163030459,20447709.420436278,81471707.68606669,2.0794415416798357,1.6094379124341005,8.0,,,8.0,0.00039071403443813324,0.335271222749725,0.09142247261479497,0.335271222749725,7040,10000.0,7.3473173386245945,False,False,exact_cap
Schirrmeister2017,1,3654,common_lr10000,cvar_a0p2,cvar,40,177,19230,30834812.53992243,5552.910276595727,,,220.2491518370286,2202491.5183702856,10361977.694620457,13307219.901594644,67239832.70778114,2.0794415416798357,1.6094379124341005,8.0,,,8.0,0.000345009146258235,0.3372430365998298,0.09142247261479497,0.3372430365998298,7080,10000.0,7.3473173386245945,False,False,exact_cap
Schirrmeister2017,1,3654,common_lr10000,cvar_a0p2,cvar,40,178,19407,55947264.431596264,7479.790400244934,,,294.72050446097643,2947205.044609764,16548768.196611235,23237084.642427415,99734023.74314645,2.0794415416798357,1.6094379124341005,8.0,,,8.0,0.0003362440038472414,0.33914509345777333,0.09142247261479497,0.33914509345777333,7120,10000.0,7.3473173386245945,False,False,exact_cap
Schirrmeister2017,1,3654,common_lr10000,cvar_a0p2,cvar,40,179,19585,37082895.30315521,6089.572669995426,,,240.60128835359635,2406012.8835359635,12254484.019306464,15821024.342916518,80658067.69264942,2.0794415416798357,1.6094379124341005,8.0,,,8.0,0.00031847087666392326,0.34101830539293587,0.09142247261479497,0.34101830539293587,7160,10000.0,7.3473173386245945,False,False,exact_cap
Schirrmeister2017,1,3654,common_lr10000,cvar_a0p2,cvar,40,180,19764,60025498.58144708,7747.612443936976,,,307.13010725538,3071301.0725538,16640409.511142815,30154147.116024133,156604544.32342234,2.0794415416798357,1.6094379124341005,8.0,,,8.0,0.00031746597960591316,0.34287419146858156,0.09142247261479497,0.34287419146858156,7200,10000.0,7.3473173386245945,False,False,exact_cap
Schirrmeister2017,1,3654,common_lr10000,cvar_a0p2,cvar,40,181,19944,69131972.2307223,8314.563862928848,,,328.68784969696793,3286878.4969696794,21240068.68341571,30161962.877980746,136762712.13912064,2.0794415416798357,1.6094379124341005,8.0,,,8.0,0.0003178848419338465,0.3447341714054346,0.09142247261479497,0.3447341714054346,7240,10000.0,7.3473173386245945,False,False,exact_cap
Schirrmeister2017,1,3654,common_lr10000,cvar_a0p2,cvar,40,182,20125,83371991.59109074,9130.826446225487,,,360.97499103986723,3609749.9103986723,24417020.027704533,35863654.36446314,170096046.24295244,2.0794415416798357,1.6094379124341005,8.0,,,8.0,0.0003246809355914593,0.34661183040589094,0.09142247261479497,0.34661183040589094,7280,10000.0,7.3473173386245945,False,False,exact_cap
Schirrmeister2017,1,3654,common_lr10000,cvar_a0p2,cvar,40,183,20307,85262677.16536573,9233.779137783496,,,362.93030033134147,3629303.0033134148,28638978.904711314,34615347.473092936,154231572.05384237,2.0794415416798357,1.6094379124341005,8.0,,,8.0,0.0003252788446843624,0.34848268050700426,0.09142247261479497,0.34848268050700426,7320,10000.0,7.3473173386245945,False,False,exact_cap
Schirrmeister2017,1,3654,common_lr10000,cvar_a0p2,cvar,40,184,20490,110116929.7718185,10493.661409242177,,,413.9155541086345,4139155.5410863454,29689631.79246956,49477887.374820895,242442388.55029988,2.0794415416798357,1.6094379124341005,8.0,,,8.0,0.0003111001569777727,0.3503282794263214,0.09142247261479497,0.3503282794263214,7360,10000.0,7.3473173386245945,False,False,exact_cap
Schirrmeister2017,1,3654,common_lr10000,cvar_a0p2,cvar,40,185,20674,119731841.48694564,10942.204599025996,,,430.51093519015444,4305109.351901544,34945709.75395315,51559377.24874493,246571408.53210196,2.0794415416798357,1.6094379124341005,8.0,,,8.0,0.000314030097797513,0.35217872844077647,0.09142247261479497,0.35217872844077647,7400,10000.0,7.3473173386245945,False,False,exact_cap
Schirrmeister2017,1,3654,common_lr10000,cvar_a0p2,cvar,40,186,20859,164714211.8105949,12834.103467348037,,,505.2359638500301,5052359.638500301,45290833.56433466,85013951.74149615,503565142.06574655,2.0794415416798357,1.6094379124341005,8.0,,,8.0,0.00032499805092811584,0.35404947539791465,0.09142247261479497,0.35404947539791465,7440,10000.0,7.3473173386245945,False,False,exact_cap
Schirrmeister2017,1,3654,common_lr10000,cvar_a0p2,cvar,40,187,21045,159384252.73581606,12624.747630579237,,,502.5846730238905,5025846.730238905,56775494.46001976,62043677.09120386,247248623.19325262,2.0794415416798357,1.6094379124341005,8.0,,,8.0,0.0003178711049258709,0.35589918144978583,0.09142247261479497,0.35589918144978583,7480,10000.0,7.3473173386245945,False,False,exact_cap
Schirrmeister2017,1,3654,common_lr10000,cvar_a0p2,cvar,40,188,21232,312219185.8166177,17669.725120007322,,,697.3229606555153,6973229.606555153,87036482.45592502,128598319.87701125,544985608.7373961,2.0794415416798357,1.6094379124341005,8.0,,,8.0,0.0003149809781461954,0.35773649043403566,0.09142247261479497,0.35773649043403566,7520,10000.0,7.3473173386245945,False,False,exact_cap
Schirrmeister2017,1,3654,common_lr10000,cvar_a0p2,cvar,40,189,21420,158472961.03181303,12588.604411602306,,,504.7115496382504,5047115.496382504,45868485.0193029,71124567.5054702,288391903.55246603,2.0794415416798357,1.6094379124341005,8.0,,,8.0,0.00031488505192101,0.359608520520851,0.09142247261479497,0.359608520520851,7560,10000.0,7.3473173386245945,False,False,exact_cap
Schirrmeister2017,1,3654,common_lr10000,cvar_a0p2,cvar,40,190,21609,206031557.55060062,14353.799411674967,,,560.1651493901229,5601651.4939012285,68514705.19454661,80201578.40010232,346512475.8036127,2.0794415416798357,1.6094379124341005,8.0,,,8.0,0.00031639914959669113,0.3614601616282016,0.09142247261479497,0.3614601616282016,7600,10000.0,7.3473173386245945,False,False,exact_cap
Schirrmeister2017,1,3654,common_lr10000,cvar_a0p2,cvar,40,191,21799,208940589.0268491,14454.777377284268,,,576.9237188558141,5769237.188558141,66070980.93849049,85773271.53628303,397170294.8433269,2.0794415416798357,1.6094379124341005,8.0,,,8.0,0.0003184969536960125,0.36332206684164703,0.09142247261479497,0.36332206684164703,7640,10000.0,7.3473173386245945,False,False,exact_cap
Schirrmeister2017,1,3654,common_lr10000,cvar_a0p2,cvar,40,192,21990,299257709.2763261,17299.06671691644,,,677.2500475817476,6772500.475817477,93105522.12935808,123285409.22194637,573296130.0273266,2.0794415416798357,1.6094379124341005,8.0,,,8.0,0.00031298212707042694,0.3651492646895349,0.09142247261479497,0.3651492646895349,7680,10000.0,7.3473173386245945,False,False,exact_cap
Schirrmeister2017,1,3654,common_lr10000,cvar_a0p2,cvar,40,193,22182,411355491.921629,20281.90059934298,,,800.7991078019302,8007991.078019301,118495515.03534198,184592199.14188367,973904186.4067395,2.0794415416798357,1.6094379124341005,8.0,,,8.0,0.00031997193582355976,0.36699598864652216,0.09142247261479497,0.36699598864652216,7720,10000.0,7.3473173386245945,False,False,exact_cap
Schirrmeister2017,1,3654,common_lr10000,cvar_a0p2,cvar,40,194,22375,343192368.1649407,18525.45190177397,,,733.8551639870532,7338551.639870532,102805170.00897312,137365189.86344892,485670814.8117355,2.0794415416798357,1.6094379124341005,8.0,,,8.0,0.00031147594563663006,0.3688412685878575,0.09142247261479497,0.3688412685878575,7760,10000.0,7.3473173386245945,False,False,exact_cap
Schirrmeister2017,1,3654,common_lr10000,cvar_a0p2,cvar,40,195,22569,390453916.3962498,19759.906791183246,,,781.4695159754291,7814695.159754291,111108156.56180523,159122235.05091372,690504086.1072159,2.0794415416798357,1.6094379124341005,8.0,,,8.0,0.0003223479725420475,0.37070085969753563,0.09142247261479497,0.37070085969753563,7800,10000.0,7.3473173386245945,False,False,exact_cap
Schirrmeister2017,1,3654,common_lr10000,cvar_a0p2,cvar,40,196,22764,465791046.8944936,21582.192819416974,,,853.3494167661543,8533494.167661542,156680771.09593266,194735958.84559616,808513692.3409752,2.0794415416798357,1.6094379124341005,8.0,,,8.0,0.00030971085652709007,0.3725547445937991,0.09142247261479497,0.3725547445937991,7840,10000.0,7.3473173386245945,False,False,exact_cap
Schirrmeister2017,1,3654,common_lr10000,cvar_a0p2,cvar,40,197,22960,863162634.273088,29379.62958025659,,,1154.930287233181,11549302.87233181,272459511.89549667,360897986.18033403,1644287758.59835,2.0794415416798357,1.6094379124341005,8.0,,,8.0,0.00032005785033106804,0.37445895350538194,0.09142247261479497,0.37445895350538194,7880,10000.0,7.3473173386245945,False,False,exact_cap
Schirrmeister2017,1,3654,common_lr10000,cvar_a0p2,cvar,40,198,23157,464138841.6836934,21543.881769163454,,,847.2800290812065,8472800.290812066,177047529.80758166,168756081.77185497,593114371.5928419,2.0794415416798357,1.6094379124341005,8.0,,,8.0,0.0003184368833899498,0.3763169413432479,0.09142247261479497,0.3763169413432479,7920,10000.0,7.3473173386245945,False,False,exact_cap
Schirrmeister2017,1,3654,common_lr10000,cvar_a0p2,cvar,40,199,23355,748639830.596771,27361.283423786448,,,1066.0597421556467,10660597.421556467,246937047.21174127,310073360.36394644,1267655603.549861,2.0794415416798357,1.6094379124341005,8.0,,,8.0,0.00031377701088786125,0.37815448525361717,0.09142247261479497,0.37815448525361717,7960,10000.0,7.3473173386245945,False,False,exact_cap
Schirrmeister2017,1,3654,common_lr10000,cvar_a0p2,cvar,40,200,23554,481540120.3454295,21944.0224285665,2402910227207.0596,-2415659361874.585,867.0607550877874,8670607.550877873,140394269.54216278,208710114.81104872,1016400242.0494936,2.0794415416798357,1.6094379124341005,8.0,,,8.0,0.0003253198228776455,0.38001261837780476,0.10400872980244458,0.38001261837780476,8000,10000.0,7.3473173386245945,False,True,exact_cap
Schirrmeister2017,1,3654,common_lr10000,cvar_a0p2,cvar,40,201,23754,1051104287.2169333,32420.73853595771,,,1271.5050718839518,12715050.718839519,351030298.9690869,453280029.39839,2344936205.6241083,2.0794415416798357,1.6094379124341005,8.0,,,8.0,0.0003763181157410145,0.38270742632448673,0.10400872980244458,0.38270742632448673,8040,10000.0,7.3473173386245945,False,False,exact_cap
Schirrmeister2017,1,3654,common_lr10000,cvar_a0p2,cvar,40,202,23955,989908746.012674,31462.81529063593,,,1246.835843400303,12468358.43400303,336174333.88614434,397371334.4510996,1840274402.4369202,2.0794415416798357,1.6094379124341005,8.0,,,8.0,0.00035085901618003845,0.3846763363108039,0.10400872980244458,0.3846763363108039,8080,10000.0,7.3473173386245945,False,False,exact_cap
Schirrmeister2017,1,3654,common_lr10000,cvar_a0p2,cvar,40,203,24157,1224690938.2106786,34995.584553064386,,,1382.9240231850756,13829240.231850754,362459621.41765904,551508780.2643123,2452680535.8898687,2.0794415416798357,1.6094379124341005,8.0,,,8.0,0.0003225519321858883,0.38656468130648136,0.10400872980244458,0.38656468130648136,8120,10000.0,7.3473173386245945,False,False,exact_cap
Schirrmeister2017,1,3654,common_lr10000,cvar_a0p2,cvar,40,204,24360,1360309504.508621,36882.37390012499,,,1460.43085865931,14604308.586593099,435071521.7345387,605923138.5660976,2816044201.8552055,2.0794415416798357,1.6094379124341005,8.0,,,8.0,0.0003195800818502903,0.3884238093160093,0.10400872980244458,0.3884238093160093,8160,10000.0,7.3473173386245945,False,False,exact_cap
Schirrmeister2017,1,3654,common_lr10000,cvar_a0p2,cvar,40,205,24564,1508599004.61189,38840.68748891927,,,1555.5140529972182,15555140.529972183,481230115.5083647,593154067.5705036,2202542966.420848,2.0794415416798357,1.6094379124341005,8.0,,,8.0,0.0003142829518765211,0.39028561930172145,0.10400872980244458,0.39028561930172145,8200,10000.0,7.3473173386245945,False,False,exact_cap
Schirrmeister2017,1,3654,common_lr10000,cvar_a0p2,cvar,40,206,24769,1844090347.9409146,42942.87307506234,,,1722.4938701939448,17224938.70193945,581559911.4880883,714156099.5357023,2859958687.915514,2.0794415416798357,1.6094379124341005,8.0,,,8.0,0.00031983107328414917,0.39213581336662173,0.10400872980244458,0.39213581336662173,8240,10000.0,7.3473173386245945,False,False,exact_cap
Schirrmeister2017,1,3654,common_lr10000,cvar_a0p2,cvar,40,207,24975,1916596381.9077075,43778.94907267313,,,1750.6064792475402,17506064.792475402,549345038.3006667,913145590.0243902,4566478220.237284,2.0794415416798357,1.6094379124341005,8.0,,,8.0,0.0003166121896356344,0.3939859054517001,0.10400872980244458,0.3939859054517001,8280,10000.0,7.3473173386245945,False,False,exact_cap
Schirrmeister2017,1,3654,common_lr10000,cvar_a0p2,cvar,40,208,25182,2652424483.3662815,51501.6939854048,,,2034.5009857971963,20345009.857971963,793831685.594051,1228990614.285067,5538931941.158739,2.0794415416798357,1.6094379124341005,8.0,,,8.0,0.0003094910643994808,0.39582370943389833,0.10400872980244458,0.39582370943389833,8320,10000.0,7.3473173386245945,False,False,exact_cap
Schirrmeister2017,1,3654,common_lr10000,cvar_a0p2,cvar,40,209,25390,2282716392.0664988,47777.78136400328,,,1898.158259122596,18981582.59122596,726469214.5285109,1015626997.5588424,4357644967.750313,2.0794415416798357,1.6094379124341005,8.0,,,8.0,0.0003269137814640999,0.39769645733758807,0.10400872980244458,0.39769645733758807,8360,10000.0,7.3473173386245945,False,False,exact_cap
Schirrmeister2017,1,3654,common_lr10000,cvar_a0p2,cvar,40,210,25599,2772446744.433974,52654.02875786404,,,2061.8343632112687,20618343.63211269,756677201.2432274,1302834761.0829346,6743725018.39851,2.0794415416798357,1.6094379124341005,8.0,,,8.0,0.00031648785807192326,0.399556239368394,0.10400872980244458,0.399556239368394,8400,10000.0,7.3473173386245945,False,False,exact_cap
Schirrmeister2017,1,3654,common_lr10000,cvar_a0p2,cvar,40,211,25809,4312318376.910639,65668.24481368935,,,2611.283387546543,26112833.87546543,1468486351.5962496,1717844097.8401003,7353839324.256161,2.0794415416798357,1.6094379124341005,8.0,,,8.0,0.00032126298174262047,0.401412564329803,0.10400872980244458,0.401412564329803,8440,10000.0,7.3473173386245945,False,False,exact_cap
Schirrmeister2017,1,3654,common_lr10000,cvar_a0p2,cvar,40,212,26020,3888243906.1674895,62355.784865299305,,,2480.8990252388294,24808990.25238829,1329341900.870344,1633133171.2630363,6902980012.450815,2.0794415416798357,1.6094379124341005,8.0,,,8.0,0.0003232629969716072,0.4032740283291787,0.10400872980244458,0.4032740283291787,8480,10000.0,7.3473173386245945,False,False,exact_cap
Schirrmeister2017,1,3654,common_lr10000,cvar_a0p2,cvar,40,213,26232,3536156967.3424416,59465.594820387036,,,2344.844871977842,23448448.719778422,1102291559.0445206,1548351312.039476,7706420249.17399,2.0794415416798357,1.6094379124341005,8.0,,,8.0,0.00031061493791639805,0.4051079233177006,0.10400872980244458,0.4051079233177006,8520,10000.0,7.3473173386245945,False,False,exact_cap
Schirrmeister2017,1,3654,common_lr10000,cvar_a0p2,cvar,40,214,26445,3899278527.0030613,62444.20330985945,,,2486.0016107265187,24860016.107265186,1341072119.400856,1464693219.4239151,5437614891.61986,2.0794415416798357,1.6094379124341005,8.0,,,8.0,0.00032355706207454205,0.4069608903955668,0.10400872980244458,0.4069608903955668,8560,10000.0,7.3473173386245945,False,False,exact_cap
Schirrmeister2017,1,3654,common_lr10000,cvar_a0p2,cvar,40,215,26659,5280670060.945486,72668.21905720193,,,2880.921546730693,28809215.467306927,1638578528.894681,2198774872.791113,10244865227.898592,2.0794415416798357,1.6094379124341005,8.0,,,8.0,0.0003116598818451166,0.4088106674607843,0.10400872980244458,0.4088106674607843,8600,10000.0,7.3473173386245945,False,False,exact_cap
Schirrmeister2017,1,3654,common_lr10000,cvar_a0p2,cvar,40,216,26874,5381071892.800834,73355.78977013903,,,2933.465186416365,29334651.864163652,1471622991.7413626,2771278925.6358995,14468383464.855383,2.0794415416798357,1.6094379124341005,8.0,,,8.0,0.00031518307514488697,0.4106714224908501,0.10400872980244458,0.4106714224908501,8640,10000.0,7.3473173386245945,False,False,exact_cap
Schirrmeister2017,1,3654,common_lr10000,cvar_a0p2,cvar,40,217,27090,8651553430.75108,93013.72710923415,,,3711.587991583869,37115879.91583869,2971758995.077387,3382741353.8322883,14605916290.357101,2.0794415416798357,1.6094379124341005,8.0,,,8.0,0.0003093851264566183,0.4125234875828028,0.10400872980244458,0.4125234875828028,8680,10000.0,7.3473173386245945,False,False,exact_cap
Schirrmeister2017,1,3654,common_lr10000,cvar_a0p2,cvar,40,218,27307,10942464300.648876,104606.2345209351,,,4081.052627786565,40810526.277865656,3015974139.213539,6857494341.913916,43215521760.24449,2.0794415416798357,1.6094379124341005,8.0,,,8.0,0.0003080409951508045,0.4143563825637102,0.10400872980244458,0.4143563825637102,8720,10000.0,7.3473173386245945,False,False,exact_cap
Schirrmeister2017,1,3654,common_lr10000,cvar_a0p2,cvar,40,219,27525,8939793985.498287,94550.48379304195,,,3735.533694387852,37355336.943878524,2861863298.103363,3653510101.517493,16698417901.194298,2.0794415416798357,1.6094379124341005,8.0,,,8.0,0.00032070488668978214,0.4162168335169554,0.10400872980244458,0.4162168335169554,8760,10000.0,7.3473173386245945,False,False,exact_cap
Schirrmeister2017,1,3654,common_lr10000,cvar_a0p2,cvar,40,220,27744,11901058176.006437,109091.97118031389,,,4324.4755040372875,43244755.04037287,3587743231.325451,5791952152.5481415,33478410853.45639,2.0794415416798357,1.6094379124341005,8.0,,,8.0,0.0003131579142063856,0.41805614554323256,0.10400872980244458,0.41805614554323256,8800,10000.0,7.3473173386245945,False,False,exact_cap
Schirrmeister2017,1,3654,common_lr10000,cvar_a0p2,cvar,40,221,27964,8739282857.228626,93484.13157979607,,,3673.8396401573586,36738396.40157358,2858165496.751382,3648764621.009783,18188477125.081192,2.0794415416798357,1.6094379124341005,8.0,,,8.0,0.00031820801086723804,0.419900169596076,0.10400872980244458,0.419900169596076,8840,10000.0,7.3473173386245945,False,False,exact_cap
Schirrmeister2017,1,3654,common_lr10000,cvar_a0p2,cvar,40,222,28185,20425883769.4289,142919.15116396718,,,5603.258864806321,56032588.64806321,6272856283.393997,8457730947.44405,33750472777.05995,2.0794415416798357,1.6094379124341005,8.0,,,8.0,0.0003475178964436054,0.42191795143298805,0.10400872980244458,0.42191795143298805,8880,10000.0,7.3473173386245945,False,False,exact_cap
Schirrmeister2017,1,3654,common_lr10000,cvar_a0p2,cvar,40,223,28407,16693466828.957422,129203.19976284419,,,5109.392870938401,51093928.70938401,5249896750.539852,7775592438.463985,43621627043.93468,2.0794415416798357,1.6094379124341005,8.0,,,8.0,0.0003686719574034214,0.42391923954710364,0.10400872980244458,0.42391923954710364,8920,10000.0,7.3473173386245945,False,False,exact_cap
Schirrmeister2017,1,3654,common_lr10000,cvar_a0p2,cvar,40,224,28630,8799975128.296196,93808.18262974822,,,3750.767162749294,37507671.627492934,3320258716.6226726,3541717259.1123137,16443143525.926132,2.0794415416798357,1.6094379124341005,8.0,,,8.0,0.00031997309997677803,0.4257733605336398,0.10400872980244458,0.4257733605336398,8960,10000.0,7.3473173386245945,False,False,exact_cap
Schirrmeister2017,1,3654,common_lr10000,cvar_a0p2,cvar,40,225,28854,15859056194.310776,125932.744726345,59006103259672.03,-59319172284809.164,5069.438336563103,50694383.36563103,5444914367.814536,6394692172.583259,26466981519.09754,2.0794415416798357,1.6094379124341005,8.0,,,8.0,0.00031494093127548695,0.4276354855392128,0.11650479072704911,0.4276354855392128,9000,10000.0,7.3473173386245945,False,True,exact_cap
Schirrmeister2017,1,3654,common_lr10000,cvar_a0p2,cvar,40,226,29079,22197538080.806522,148988.38236858108,,,5914.297702050647,59142977.02050646,7215621283.08555,8937372729.229261,38011827527.28354,2.0794415416798357,1.6094379124341005,8.0,,,8.0,0.0003714358899742365,0.4301410906482488,0.11650479072704911,0.4301410906482488,9040,10000.0,7.3473173386245945,False,False,exact_cap
Schirrmeister2017,1,3654,common_lr10000,cvar_a0p2,cvar,40,227,29305,18439209332.375587,135791.05026611875,,,5427.737848210243,54277378.48210244,5570503290.3514805,7182349983.647583,25792244037.96085,2.0794415416798357,1.6094379124341005,8.0,,,8.0,0.00033210101537406445,0.432044165674597,0.11650479072704911,0.432044165674597,9080,10000.0,7.3473173386245945,False,False,exact_cap
Schirrmeister2017,1,3654,common_lr10000,cvar_a0p2,cvar,40,228,29532,22380360675.239338,149600.67070451032,,,5893.559140131929,58935591.40131929,6841596258.881667,9601727827.237295,50246404748.730354,2.0794415416798357,1.6094379124341005,8.0,,,8.0,0.0003306269645690918,0.43392921262420714,0.11650479072704911,0.43392921262420714,9120,10000.0,7.3473173386245945,False,False,exact_cap
Schirrmeister2017,1,3654,common_lr10000,cvar_a0p2,cvar,40,229,29760,25606183125.545662,160019.32110075228,,,6326.765789247215,63267657.892472155,8936493111.79672,9983553949.374453,39381031080.97084,2.0794415416798357,1.6094379124341005,8.0,,,8.0,0.0003112729173153639,0.43577350955456495,0.11650479072704911,0.43577350955456495,9160,10000.0,7.3473173386245945,False,False,exact_cap
Schirrmeister2017,1,3654,common_lr10000,cvar_a0p2,cvar,40,230,29989,33554688155.427242,183179.38791094167,,,7180.196923478605,71801969.23478605,10863130166.787745,14544330723.037823,74395209507.47916,2.0794415416798357,1.6094379124341005,8.0,,,8.0,0.00032048299908638,0.4376203103456646,0.11650479072704911,0.4376203103456646,9200,10000.0,7.3473173386245945,False,False,exact_cap
Schirrmeister2017,1,3654,common_lr10000,cvar_a0p2,cvar,40,231,30219,32793786119.896824,181090.54674360235,,,7184.598151756161,71845981.5175616,11012734124.33348,14333427292.517456,79331737810.24022,2.0794415416798357,1.6094379124341005,8.0,,,8.0,0.00031549111008644104,0.4394622053951025,0.11650479072704911,0.4394622053951025,9240,10000.0,7.3473173386245945,False,False,exact_cap
Schirrmeister2017,1,3654,common_lr10000,cvar_a0p2,cvar,40,232,30450,46040153191.050476,214569.69308607047,,,8530.614264260503,85306142.64260502,13180265844.717346,19218199182.32865,82045104338.41783,2.0794415416798357,1.6094379124341005,8.0,,,8.0,0.0003287580329924822,0.4413356052245945,0.11650479072704911,0.4413356052245945,9280,10000.0,7.3473173386245945,False,False,exact_cap
Schirrmeister2017,1,3654,common_lr10000,cvar_a0p2,cvar,40,233,30682,45197193941.06613,212596.31685677468,,,8282.41680523748,82824168.05237481,12708641328.121326,19055525919.00254,78412076630.69502,2.0794415416798357,1.6094379124341005,8.0,,,8.0,0.0003156478051096201,0.44318924425169826,0.11650479072704911,0.44318924425169826,9320,10000.0,7.3473173386245945,False,False,exact_cap
Schirrmeister2017,1,3654,common_lr10000,cvar_a0p2,cvar,40,234,30915,52732610547.04657,229635.82156764343,,,9118.241734828114,91182417.34828115,17246695100.71543,20717274765.913548,95379452153.44525,2.0794415416798357,1.6094379124341005,8.0,,,8.0,0.0003070628736168146,0.445015064207837,0.11650479072704911,0.445015064207837,9360,10000.0,7.3473173386245945,False,False,exact_cap
Schirrmeister2017,1,3654,common_lr10000,cvar_a0p2,cvar,40,235,31149,39396710652.44835,198486.046493068,,,7886.140057723815,78861400.57723816,11182754987.213953,17700864321.516113,78379305092.65517,2.0794415416798357,1.6094379124341005,8.0,,,8.0,0.00032723392359912395,0.446866984013468,0.11650479072704911,0.446866984013468,9400,10000.0,7.3473173386245945,False,False,exact_cap
Schirrmeister2017,1,3654,common_lr10000,cvar_a0p2,cvar,40,236,31384,32490957975.38441,180252.48396453352,,,7178.888475212697,71788884.75212696,10362903576.53226,14356687900.130936,66929739713.239235,2.0794415416798357,1.6094379124341005,8.0,,,8.0,0.00030874391086399555,0.44871437596157193,0.11650479072704911,0.44871437596157193,9440,10000.0,7.3473173386245945,False,False,exact_cap
Schirrmeister2017,1,3654,common_lr10000,cvar_a0p2,cvar,40,237,31620,74872283956.48009,273628.0028733903,,,10729.17435121084,107291743.5121084,25575019018.12271,30000439889.412907,146412703389.10266,2.0794415416798357,1.6094379124341005,8.0,,,8.0,0.0003165709786117077,0.45056177489459515,0.11650479072704911,0.45056177489459515,9480,10000.0,7.3473173386245945,False,False,exact_cap
Schirrmeister2017,1,3654,common_lr10000,cvar_a0p2,cvar,40,238,31857,40957054376.37984,202378.4928701166,,,7986.992151771422,79869921.51771422,14921895600.597055,15615596404.465265,73278318233.16205,2.0794415416798357,1.6094379124341005,8.0,,,8.0,0.0003093730192631483,0.45241413079202175,0.11650479072704911,0.45241413079202175,9520,10000.0,7.3473173386245945,False,False,exact_cap
Schirrmeister2017,1,3654,common_lr10000,cvar_a0p2,cvar,40,239,32095,99945198052.83844,316141.1046555611,,,12502.479151883364,125024791.51883367,32238049024.320343,39028321767.97386,147836795141.56454,2.0794415416798357,1.6094379124341005,8.0,,,8.0,0.00031430297531187534,0.45425709267146885,0.11650479072704911,0.45425709267146885,9560,10000.0,7.3473173386245945,False,False,exact_cap
Schirrmeister2017,1,3654,common_lr10000,cvar_a0p2,cvar,40,240,32334,166962769459.37347,408610.77991087496,,,16192.60348192108,161926034.8192108,48032124417.28416,66142473756.0532,262130097602.97098,2.0794415416798357,1.6094379124341005,8.0,,,8.0,0.0003272951580584049,0.45613771164789796,0.11650479072704911,0.45613771164789796,9600,10000.0,7.3473173386245945,False,False,exact_cap
Schirrmeister2017,1,3654,common_lr10000,cvar_a0p2,cvar,40,241,32574,93391450192.43768,305600.1475661255,,,12004.413182529957,120044131.82529958,30727959660.326088,38013220419.904,174689005934.57153,2.0794415416798357,1.6094379124341005,8.0,,,8.0,0.0003167309332638979,0.4579834337346256,0.11650479072704911,0.4579834337346256,9640,10000.0,7.3473173386245945,False,False,exact_cap
Schirrmeister2017,1,3654,common_lr10000,cvar_a0p2,cvar,40,242,32815,150811284722.1227,388344.28632609325,,,15174.49237734692,151744923.77346918,44628753947.93321,68588583613.96369,347383827976.6245,2.0794415416798357,1.6094379124341005,8.0,,,8.0,0.00032708002254366875,0.45983273768797517,0.11650479072704911,0.45983273768797517,9680,10000.0,7.3473173386245945,False,False,exact_cap
Schirrmeister2017,1,3654,common_lr10000,cvar_a0p2,cvar,40,243,33057,185810258038.73065,431057.1401087455,,,17216.284136701317,172162841.3670132,48322207479.25387,78424826000.1247,315794749928.73157,2.0794415416798357,1.6094379124341005,8.0,,,8.0,0.00031166989356279373,0.4616737966425717,0.11650479072704911,0.4616737966425717,9720,10000.0,7.3473173386245945,False,False,exact_cap
Schirrmeister2017,1,3654,common_lr10000,cvar_a0p2,cvar,40,244,33300,226870001312.74286,476308.7247917498,,,18896.16487684167,188961648.7684167,62227422598.92305,110130601327.04445,499323658242.5677,2.0794415416798357,1.6094379124341005,8.0,,,8.0,0.0003157320898026228,0.4635249807033688,0.11650479072704911,0.4635249807033688,9760,10000.0,7.3473173386245945,False,False,exact_cap
Schirrmeister2017,1,3654,common_lr10000,cvar_a0p2,cvar,40,245,33544,262615677411.73486,512460.41545834043,,,20409.77242078227,204097724.20782268,93314220410.9096,116916633946.06165,670481872938.2327,2.0794415416798357,1.6094379124341005,8.0,,,8.0,0.0003131190314888954,0.4653843827545643,0.11650479072704911,0.4653843827545643,9800,10000.0,7.3473173386245945,False,False,exact_cap
Schirrmeister2017,1,3654,common_lr10000,cvar_a0p2,cvar,40,246,33789,224454744927.3093,473766.55108535185,,,18757.933395458083,187579333.95458084,78090873604.03976,84053416306.9719,293947201066.5383,2.0794415416798357,1.6094379124341005,8.0,,,8.0,0.0003099979367107153,0.467232302762568,0.11650479072704911,0.467232302762568,9840,10000.0,7.3473173386245945,False,False,exact_cap
Schirrmeister2017,1,3654,common_lr10000,cvar_a0p2,cvar,40,247,34035,217156587810.99432,466000.630698065,,,18469.84785381031,184698478.5381031,81545617570.37744,82277004789.05695,311653312813.7869,2.0794415416798357,1.6094379124341005,8.0,,,8.0,0.00032168696634471416,0.46906936075538397,0.11650479072704911,0.46906936075538397,9880,10000.0,7.3473173386245945,False,False,exact_cap
Schirrmeister2017,1,3654,common_lr10000,cvar_a0p2,cvar,40,248,34282,247222573498.2804,497214.8162497578,,,19601.550567260496,196015505.67260495,75762464374.59354,112727983401.02184,571446284550.856,2.0794415416798357,1.6094379124341005,8.0,,,8.0,0.00032419292256236076,0.4709351025521755,0.11650479072704911,0.4709351025521755,9920,10000.0,7.3473173386245945,False,False,exact_cap
Schirrmeister2017,1,3654,common_lr10000,cvar_a0p2,cvar,40,249,34530,347278626001.2916,589303.509238908,,,23295.127762093416,232951277.6209342,96936702347.32188,163450979630.6498,824138147120.7866,2.0794415416798357,1.6094379124341005,8.0,,,8.0,0.00031907111406326294,0.4727827326860279,0.11650479072704911,0.4727827326860279,9960,10000.0,7.3473173386245945,False,False,exact_cap
Schirrmeister2017,1,3654,common_lr10000,cvar_a0p2,cvar,40,250,34779,280747818235.5149,529856.4128474005,1143956988811505.8,-1150026488060057.0,20627.75366108229,206277536.61082292,101429527627.17322,109260640627.60495,419078748718.2276,2.0794415416798357,1.6094379124341005,8.0,,,8.0,0.0003186750691384077,0.4746373756788671,0.12798503087833524,0.4746373756788671,10000,10000.0,7.3473173386245945,False,True,exact_cap
Schirrmeister2017,1,3654,common_lr10000,cvar_a0p2,cvar,40,251,35029,415278088243.7724,644420.7385270685,,,25268.500009887786,252685000.09887788,108667735330.72083,187161105673.7285,907558592479.901,2.0794415416798357,1.6094379124341005,8.0,,,8.0,0.0004017299506813288,0.4774371536914259,0.12798503087833524,0.4774371536914259,10040,10000.0,7.3473173386245945,False,False,exact_cap
Schirrmeister2017,1,3654,common_lr10000,cvar_a0p2,cvar,40,252,35280,563317868284.877,750545.0474720867,,,29757.572433068002,297575724.33068,199745580491.76266,214023970574.2688,856459453350.9587,2.0794415416798357,1.6094379124341005,8.0,,,8.0,0.0003448489587754011,0.4794826216530055,0.12798503087833524,0.4794826216530055,10080,10000.0,7.3473173386245945,False,False,exact_cap
Schirrmeister2017,1,3654,common_lr10000,cvar_a0p2,cvar,40,253,35532,668482544646.9243,817607.818362156,,,32621.2008215402,326212008.215402,164807631800.23068,347175481180.34015,2012608347273.374,2.0794415416798357,1.6094379124341005,8.0,,,8.0,0.00033264001831412315,0.4814125597476959,0.12798503087833524,0.4814125597476959,10120,10000.0,7.3473173386245945,False,False,exact_cap
Schirrmeister2017,1,3654,common_lr10000,cvar_a0p2,cvar,40,254,35785,1029150500748.5605,1014470.551937591,,,40365.32275807238,403653227.5807238,327158546595.3629,406830365937.86414,1654636950382.4019,2.0794415416798357,1.6094379124341005,8.0,,,8.0,0.00032145483419299126,0.48330425866879523,0.12798503087833524,0.48330425866879523,10160,10000.0,7.3473173386245945,False,False,exact_cap
Schirrmeister2017,1,3654,common_lr10000,cvar_a0p2,cvar,40,255,36039,781321456238.6809,883923.8973116865,,,35375.93744798708,353759374.4798708,205696221778.56412,377191362809.347,1973691115219.7207,2.0794415416798357,1.6094379124341005,8.0,,,8.0,0.0003163260407745838,0.4851760056335479,0.12798503087833524,0.4851760056335479,10200,10000.0,7.3473173386245945,False,False,exact_cap
Schirrmeister2017,1,3654,common_lr10000,cvar_a0p2,cvar,40,256,36294,1303348767915.5564,1141643.0124673634,,,45518.5746214533,455185746.21453303,391654853718.0835,632008224849.5022,3524243441656.268,2.0794415416798357,1.6094379124341005,8.0,,,8.0,0.0003160040359944105,0.4870431406889111,0.12798503087833524,0.4870431406889111,10240,10000.0,7.3473173386245945,False,False,exact_cap
Schirrmeister2017,1,3654,common_lr10000,cvar_a0p2,cvar,40,257,36550,947143064263.3792,973212.7538536367,,,39077.379016495724,390773790.1649572,320786397790.1281,402509846331.6275,2030251427567.6982,2.0794415416798357,1.6094379124341005,8.0,,,8.0,0.00033855088986456394,0.48892521881498396,0.12798503087833524,0.48892521881498396,10280,10000.0,7.3473173386245945,False,False,exact_cap
Schirrmeister2017,1,3654,common_lr10000,cvar_a0p2,cvar,40,258,36807,1073214900401.9512,1035960.8585279422,,,40939.10937131989,409391093.7131989,290300668669.7031,480231546830.42694,2467413609511.171,2.0794415416798357,1.6094379124341005,8.0,,,8.0,0.0003228760324418545,0.4907906698063016,0.12798503087833524,0.4907906698063016,10320,10000.0,7.3473173386245945,False,False,exact_cap
Schirrmeister2017,1,3654,common_lr10000,cvar_a0p2,cvar,40,259,37065,1256161568201.2866,1120786.1384765992,,,44550.13308446204,445501330.8446204,415559393128.5553,546363451432.1074,2666146171111.615,2.0794415416798357,1.6094379124341005,8.0,,,8.0,0.00031724502332508564,0.49266267474740744,0.12798503087833524,0.49266267474740744,10360,10000.0,7.3473173386245945,False,False,exact_cap
Schirrmeister2017,1,3654,common_lr10000,cvar_a0p2,cvar,40,260,37324,1482752782402.8179,1217683.367055171,,,48757.3221260098,487573221.260098,591193653033.966,571163900779.0608,2785562081348.9434,2.0794415416798357,1.6094379124341005,8.0,,,8.0,0.0003174310550093651,0.49452962283976376,0.12798503087833524,0.49452962283976376,10400,10000.0,7.3473173386245945,False,False,exact_cap
Schirrmeister2017,1,3654,common_lr10000,cvar_a0p2,cvar,40,261,37584,1760321790175.8813,1326771.189834887,,,52960.5506158737,529605506.15873694,612028637208.5033,672806167962.5468,2548202872361.291,2.0794415416798357,1.6094379124341005,8.0,,,8.0,0.0003210089635103941,0.4964342766907066,0.12798503087833524,0.4964342766907066,10440,10000.0,7.3473173386245945,False,False,exact_cap
Schirrmeister2017,1,3654,common_lr10000,cvar_a0p2,cvar,40,262,37845,1949795146990.1914,1396350.6533067513,,,56025.22200990772,560252220.0990771,575902742532.5137,781078844091.3905,2966252240668.1875,2.0794415416798357,1.6094379124341005,8.0,,,8.0,0.00032495404593646526,0.498286364832893,0.12798503087833524,0.498286364832893,10480,10000.0,7.3473173386245945,False,False,exact_cap
Schirrmeister2017,1,3654,common_lr10000,cvar_a0p2,cvar,40,263,38107,3176699792171.7607,1782329.8774838962,,,71339.8102402439,713398102.4024389,919956049126.6123,1279694657959.2307,4830201587249.117,2.0794415416798357,1.6094379124341005,8.0,,,8.0,0.0003133669961243868,0.5001423289068043,0.12798503087833524,0.5001423289068043,10520,10000.0,7.3473173386245945,False,False,exact_cap
Schirrmeister2017,1,3654,common_lr10000,cvar_a0p2,cvar,40,264,38370,3736856012316.5312,1933094.9310151665,,,76146.59976410342,761465997.641034,1167305165613.7378,1643003652248.6658,8512984563796.474,2.0794415416798357,1.6094379124341005,8.0,,,8.0,0.0003177798353135586,0.5020039910450578,0.12798503087833524,0.5020039910450578,10560,10000.0,7.3473173386245945,False,False,exact_cap
Schirrmeister2017,1,3654,common_lr10000,cvar_a0p2,cvar,40,265,38634,2893605905165.6885,1701060.229729003,,,67664.07733701603,676640773.3701603,910021573439.0367,1203687803002.9016,5713133197814.459,2.0794415416798357,1.6094379124341005,8.0,,,8.0,0.0003096410073339939,0.5038533660117537,0.12798503087833524,0.5038533660117537,10600,10000.0,7.3473173386245945,False,False,exact_cap
Schirrmeister2017,1,3654,common_lr10000,cvar_a0p2,cvar,40,266,38899,3132552068582.385,1769901.7115598212,,,70066.11516772471,700661151.677247,1010523366032.6958,1209765133722.8335,4691738503874.8545,2.0794415416798357,1.6094379124341005,8.0,,,8.0,0.0003124438226222992,0.505721861962229,0.12798503087833524,0.505721861962229,10640,10000.0,7.3473173386245945,False,False,exact_cap
Schirrmeister2017,1,3654,common_lr10000,cvar_a0p2,cvar,40,267,39165,3162036001840.871,1778211.46150869,,,70574.25798873833,705742579.8873833,1034376770031.4368,1237291926948.5154,4851273822648.026,2.0794415416798357,1.6094379124341005,8.0,,,8.0,0.000322714913636446,0.5075742790941149,0.12798503087833524,0.5075742790941149,10680,10000.0,7.3473173386245945,False,False,exact_cap
Schirrmeister2017,1,3654,common_lr10000,cvar_a0p2,cvar,40,268,39432,4580473550284.533,2140204.090801747,,,85217.67609089869,852176760.9089869,1558030175586.1738,1846712287593.5442,7648604487279.904,2.0794415416798357,1.6094379124341005,8.0,,,8.0,0.00031581101939082146,0.5094292140565813,0.12798503087833524,0.5094292140565813,10720,10000.0,7.3473173386245945,False,False,exact_cap
Schirrmeister2017,1,3654,common_lr10000,cvar_a0p2,cvar,40,269,39700,4552946385036.2,2133763.4323036377,,,83513.34297024892,835133429.7024894,1437694978170.4707,1807129796467.5403,7315931896087.535,2.0794415416798357,1.6094379124341005,8.0,,,8.0,0.0003220289945602417,0.5112878440413624,0.12798503087833524,0.5112878440413624,10760,10000.0,7.3473173386245945,False,False,exact_cap
Schirrmeister2017,1,3654,common_lr10000,cvar_a0p2,cvar,40,270,39969,5939094492396.5625,2437025.747175553,,,96361.55442061835,963615544.2061834,1951121671024.2595,2352685453374.7163,9183766760272.975,2.0794415416798357,1.6094379124341005,8.0,,,8.0,0.0003171090502291918,0.5131544428877532,0.12798503087833524,0.5131544428877532,10800,10000.0,7.3473173386245945,False,False,exact_cap
Schirrmeister2017,1,3654,common_lr10000,cvar_a0p2,cvar,40,271,40239,6078979450224.949,2465558.648709243,,,97783.22139330719,977832213.9330717,1744829343090.3086,2831716916189.488,15698766025978.066,2.0794415416798357,1.6094379124341005,8.0,,,8.0,0.00031504896469414234,0.5149905269499868,0.12798503087833524,0.5149905269499868,10840,10000.0,7.3473173386245945,False,False,exact_cap
Schirrmeister2017,1,3654,common_lr10000,cvar_a0p2,cvar,40,272,40510,5166205492701.053,2272928.8358197785,,,90771.70705697314,907717070.5697315,1637402246841.35,1987154883886.4695,7264592637251.773,2.0794415416798357,1.6094379124341005,8.0,,,8.0,0.00031944201327860355,0.5168398979585618,0.12798503087833524,0.5168398979585618,10880,10000.0,7.3473173386245945,False,False,exact_cap
Schirrmeister2017,1,3654,common_lr10000,cvar_a0p2,cvar,40,273,40782,7127888311319.392,2669810.5384688615,,,105518.52970497435,1055185297.0497435,2138172922599.1826,3129320195895.1797,14250014887232.28,2.0794415416798357,1.6094379124341005,8.0,,,8.0,0.00031641009263694286,0.518718265928328,0.12798503087833524,0.518718265928328,10920,10000.0,7.3473173386245945,False,False,exact_cap
Schirrmeister2017,1,3654,common_lr10000,cvar_a0p2,cvar,40,274,41055,8889535611134.902,2981532.4266448794,,,117517.14697649833,1175171469.7649832,2559782272786.8525,4245468495697.172,23942353882410.76,2.0794415416798357,1.6094379124341005,8.0,,,8.0,0.0003153968136757612,0.5205689698923379,0.12798503087833524,0.5205689698923379,10960,10000.0,7.3473173386245945,False,False,exact_cap
Schirrmeister2017,1,3654,common_lr10000,cvar_a0p2,cvar,40,275,41329,11180197397574.84,3343680.217600786,3.1463398675713336e+16,-3.1630334213054252e+16,132241.78872717862,1322417887.2717862,3197657000303.7607,4933190386293.781,24757367499844.67,2.0794415416798357,1.6094379124341005,8.0,,,8.0,0.00030961399897933006,0.522409938974306,0.13643208472058177,0.522409938974306,11000,10000.0,7.3473173386245945,False,True,exact_cap
Schirrmeister2017,1,3654,common_lr10000,cvar_a0p2,cvar,40,276,41604,11307393809921.023,3362646.8458523895,,,133042.5295874608,1330425295.874608,3411438391016.1777,5130734552868.815,28156164222091.04,2.0794415416798357,1.6094379124341005,8.0,,,8.0,0.0003592630382627249,0.5249386299401522,0.13643208472058177,0.5249386299401522,11040,10000.0,7.3473173386245945,False,False,exact_cap
Schirrmeister2017,1,3654,common_lr10000,cvar_a0p2,cvar,40,277,41880,13175690449620.262,3629833.3914410262,,,141152.84277099112,1411528427.709911,5364756821880.793,4806437210211.083,17383627934746.766,2.0794415416798357,1.6094379124341005,8.0,,,8.0,0.00033573200926184654,0.5268695331178606,0.13643208472058177,0.5268695331178606,11080,10000.0,7.3473173386245945,False,False,exact_cap
Schirrmeister2017,1,3654,common_lr10000,cvar_a0p2,cvar,40,278,42157,18970889266496.07,4355558.433369488,,,175375.61557314292,1753756155.7314293,7037150810316.71,7934823101525.829,37469804286035.414,2.0794415416798357,1.6094379124341005,8.0,,,8.0,0.00033664796501398087,0.528805164154619,0.13643208472058177,0.528805164154619,11120,10000.0,7.3473173386245945,False,False,exact_cap
Schirrmeister2017,1,3654,common_lr10000,cvar_a0p2,cvar,40,279,42435,18966124053301.094,4355011.372350374,,,172410.7589799235,1724107589.7992349,6754015553497.468,7492319819319.734,32945638708793.766,2.0794415416798357,1.6094379124341005,8.0,,,8.0,0.00031778099946677685,0.5306619519833475,0.13643208472058177,0.5306619519833475,11160,10000.0,7.3473173386245945,False,False,exact_cap
Schirrmeister2017,1,3654,common_lr10000,cvar_a0p2,cvar,40,280,42714,29504333558281.777,5431789.167326156,,,214902.65255998526,2149026525.5998526,9535818730986.053,11913731953056.543,48139820003227.695,2.0794415416798357,1.6094379124341005,8.0,,,8.0,0.00031991302967071533,0.5325124941300601,0.13643208472058177,0.5325124941300601,11200,10000.0,7.3473173386245945,False,False,exact_cap
Schirrmeister2017,1,3654,common_lr10000,cvar_a0p2,cvar,40,281,42994,21143857789111.164,4598245.077103999,,,181519.6596727159,1815196596.7271588,6259401543358.032,9150702914684.934,44856083043735.06,2.0794415416798357,1.6094379124341005,8.0,,,8.0,0.00031546386890113354,0.5343721881508827,0.13643208472058177,0.5343721881508827,11240,10000.0,7.3473173386245945,False,False,exact_cap
Schirrmeister2017,1,3654,common_lr10000,cvar_a0p2,cvar,40,282,43275,35457944926894.52,5954657.414738024,,,239419.37850215167,2394193785.021517,10398439649106.578,14493186675495.855,67873972899388.42,2.0794415416798357,1.6094379124341005,8.0,,,8.0,0.0003195670433342457,0.5362210371531546,0.13643208472058177,0.5362210371531546,11280,10000.0,7.3473173386245945,False,False,exact_cap
Schirrmeister2017,1,3654,common_lr10000,cvar_a0p2,cvar,40,283,43557,46058596081621.44,6786648.368791582,,,272993.8929948943,2729938929.9489427,14631674126362.86,18474694841246.64,74638583671100.75,2.0794415416798357,1.6094379124341005,8.0,,,8.0,0.00032396893948316574,0.5380734871141613,0.13643208472058177,0.5380734871141613,11320,10000.0,7.3473173386245945,False,False,exact_cap
Schirrmeister2017,1,3654,common_lr10000,cvar_a0p2,cvar,40,284,43840,28691207490619.883,5356417.411910677,,,213681.33705902396,2136813370.5902398,8393312560907.635,12704085952837.373,58071648051451.2,2.0794415416798357,1.6094379124341005,8.0,,,8.0,0.00031249597668647766,0.5399192171171308,0.13643208472058177,0.5399192171171308,11360,10000.0,7.3473173386245945,False,False,exact_cap
Schirrmeister2017,1,3654,common_lr10000,cvar_a0p2,cvar,40,285,44124,51153208818517.94,7152147.147431877,,,282072.27207688935,2820722720.7688937,14728178953980.867,22015131411408.887,106371963825211.5,2.0794415416798357,1.6094379124341005,8.0,,,8.0,0.00032547092996537685,0.5417851281818002,0.13643208472058177,0.5417851281818002,11400,10000.0,7.3473173386245945,False,False,exact_cap
Schirrmeister2017,1,3654,common_lr10000,cvar_a0p2,cvar,40,286,44409,54291243342031.36,7368259.179889872,,,287519.8981276179,2875198981.276179,16649447267191.307,21494398533332.18,83914659711608.92,2.0794415416798357,1.6094379124341005,8.0,,,8.0,0.0003423369489610195,0.5440518101677299,0.13643208472058177,0.5440518101677299,11440,10000.0,7.3473173386245945,False,False,exact_cap
Schirrmeister2017,1,3654,common_lr10000,cvar_a0p2,cvar,40,287,44695,63892725243778.75,7993292.515839687,,,317860.1970666829,3178601970.666829,19664478774443.758,29595646446418.812,162555253365810.34,2.0794415416798357,1.6094379124341005,8.0,,,8.0,0.0003246481064707041,0.5459326081909239,0.13643208472058177,0.5459326081909239,11480,10000.0,7.3473173386245945,False,False,exact_cap
Schirrmeister2017,1,3654,common_lr10000,cvar_a0p2,cvar,40,288,44982,64513950553884.67,8032057.6786950845,,,317513.85721715767,3175138572.171577,19442128055979.5,25466351549893.234,92548122392196.11,2.0794415416798357,1.6094379124341005,8.0,,,8.0,0.0003104021307080984,0.5477693181019276,0.13643208472058177,0.5477693181019276,11520,10000.0,7.3473173386245945,False,False,exact_cap
Schirrmeister2017,1,3654,common_lr10000,cvar_a0p2,cvar,40,289,45270,58472884014755.21,7646756.437520108,,,300799.67504223745,3007996750.4223747,18574735625502.2,24933013499112.97,113678930288380.66,2.0794415416798357,1.6094379124341005,8.0,,,8.0,0.0003217968624085188,0.5496209391858429,0.13643208472058177,0.5496209391858429,11560,10000.0,7.3473173386245945,False,False,exact_cap
Schirrmeister2017,1,3654,common_lr10000,cvar_a0p2,cvar,40,290,45559,104423398426110.47,10218776.757817468,,,402800.5717166601,4028005717.1666017,31751414008895.953,43873709963041.12,203663769337220.06,2.0794415416798357,1.6094379124341005,8.0,,,8.0,0.0003142179921269417,0.5514784681145102,0.13643208472058177,0.5514784681145102,11600,10000.0,7.3473173386245945,False,False,exact_cap
Schirrmeister2017,1,3654,common_lr10000,cvar_a0p2,cvar,40,291,45849,115883344985404.97,10764912.678949373,,,425735.83034400287,4257358303.4400287,36232301341576.39,46208623949846.81,196958221035064.8,2.0794415416798357,1.6094379124341005,8.0,,,8.0,0.0003179870545864105,0.5533289229497313,0.13643208472058177,0.5533289229497313,11640,10000.0,7.3473173386245945,False,False,exact_cap
Schirrmeister2017,1,3654,common_lr10000,cvar_a0p2,cvar,40,292,46140,129827183333357.9,11394173.21850769,,,453644.88473553857,4536448847.355386,41963557649877.086,54446273671629.58,265126812525555.34,2.0794415416798357,1.6094379124341005,8.0,,,8.0,0.0003264760598540306,0.5551972379907966,0.13643208472058177,0.5551972379907966,11680,10000.0,7.3473173386245945,False,False,exact_cap
Schirrmeister2017,1,3654,common_lr10000,cvar_a0p2,cvar,40,293,46432,125612494898727.72,11207698.019608118,,,437835.5088627008,4378355088.6270075,43462719699761.72,49366016646965.75,235564387792693.7,2.0794415416798357,1.6094379124341005,8.0,,,8.0,0.0003124088980257511,0.5570332508068532,0.13643208472058177,0.5570332508068532,11720,10000.0,7.3473173386245945,False,False,exact_cap
Schirrmeister2017,1,3654,common_lr10000,cvar_a0p2,cvar,40,294,46725,96727765701264.0,9835027.488587106,,,387192.53648028435,3871925364.802843,32576409190357.953,38196573571819.2,143124207267436.62,2.0794415416798357,1.6094379124341005,8.0,,,8.0,0.00032197311520576477,0.5588850327767432,0.13643208472058177,0.5588850327767432,11760,10000.0,7.3473173386245945,False,False,exact_cap
Schirrmeister2017,1,3654,common_lr10000,cvar_a0p2,cvar,40,295,47019,197564712567761.12,14055771.503825791,,,554970.9206844791,5549709206.84479,65789001240867.08,81781220193710.0,345611558891787.9,2.0794415416798357,1.6094379124341005,8.0,,,8.0,0.00031194998882710934,0.5607227957807481,0.13643208472058177,0.5607227957807481,11800,10000.0,7.3473173386245945,False,False,exact_cap
Schirrmeister2017,1,3654,common_lr10000,cvar_a0p2,cvar,40,296,47314,198646363963660.8,14094196.109167093,,,560046.4035764028,5600464035.764029,60631542248746.04,83454733022330.48,360123269559013.7,2.0794415416798357,1.6094379124341005,8.0,,,8.0,0.0003186801914125681,0.5625765749718994,0.13643208472058177,0.5625765749718994,11840,10000.0,7.3473173386245945,False,False,exact_cap
Schirrmeister2017,1,3654,common_lr10000,cvar_a0p2,cvar,40,297,47610,242314859852866.8,15566465.875492318,,,616647.6851158054,6166476851.158053,71157298141167.48,109068245679892.27,496497938998514.9,2.0794415416798357,1.6094379124341005,8.0,,,8.0,0.00031355698592960835,0.5644347779452801,0.13643208472058177,0.5644347779452801,11880,10000.0,7.3473173386245945,False,False,exact_cap
Schirrmeister2017,1,3654,common_lr10000,cvar_a0p2,cvar,40,298,47907,137840097575980.44,11740532.252669826,,,462831.78886098665,4628317888.609866,51831984968315.03,52854496378681.6,247437207291282.84,2.0794415416798357,1.6094379124341005,8.0,,,8.0,0.00030779605731368065,0.566265522968024,0.13643208472058177,0.566265522968024,11920,10000.0,7.3473173386245945,False,False,exact_cap
Schirrmeister2017,1,3654,common_lr10000,cvar_a0p2,cvar,40,299,48205,277804349288408.56,16667463.792923283,,,662619.0963794384,6626190963.794384,96046141036852.38,135970167076246.52,807979078716437.4,2.0794415416798357,1.6094379124341005,8.0,,,8.0,0.0003143560606986284,0.5681011870037764,0.13643208472058177,0.5681011870037764,11960,10000.0,7.3473173386245945,False,False,exact_cap
Schirrmeister2017,1,3654,common_lr10000,cvar_a0p2,cvar,40,300,48504,263986683889285.06,16247667.02912406,9.094975410911873e+17,-9.143230674844814e+17,645604.5849454647,6456045849.454648,80214334450668.38,116800187816439.72,599296376188795.0,2.0794415416798357,1.6094379124341005,8.0,,,8.0,0.0003142198547720909,0.5699526919052005,0.1450108108110726,0.5699526919052005,12000,10000.0,7.3473173386245945,False,True,exact_cap
Schirrmeister2017,1,3654,common_lr10000,cvar_a0p2,cvar,40,301,48804,355449354523428.9,18853364.541201364,,,756070.696554175,7560706965.54175,160655731494358.66,126143656720643.31,478196299525103.94,2.0794415416798357,1.6094379124341005,8.0,,,8.0,0.0003618279006332159,0.5724587917793542,0.1450108108110726,0.5724587917793542,12040,10000.0,7.3473173386245945,False,False,exact_cap
Schirrmeister2017,1,3654,common_lr10000,cvar_a0p2,cvar,40,302,49105,616418010228609.4,24827766.919894535,,,989499.6138253554,9894996138.253553,158986190081247.22,397303087439179.1,2414605453268188.0,2.0794415416798357,1.6094379124341005,8.0,,,8.0,0.00034711812622845173,0.5744012666400522,0.1450108108110726,0.5744012666400522,12080,10000.0,7.3473173386245945,False,False,exact_cap
Schirrmeister2017,1,3654,common_lr10000,cvar_a0p2,cvar,40,303,49407,552677226311276.75,23509088.164181884,,,929756.0885011653,9297560885.011652,173370622376968.44,222252872883566.72,1033303004822858.5,2.0794415416798357,1.6094379124341005,8.0,,,8.0,0.0003198848571628332,0.5762846756260842,0.1450108108110726,0.5762846756260842,12120,10000.0,7.3473173386245945,False,False,exact_cap
Schirrmeister2017,1,3654,common_lr10000,cvar_a0p2,cvar,40,304,49710,647100040989747.0,25438161.116514437,,,1002854.5539758201,10028545539.7582,219679228345263.28,252842005795499.4,916280747534087.2,2.0794415416798357,1.6094379124341005,8.0,,,8.0,0.0003176787868142128,0.5781531636603177,0.1450108108110726,0.5781531636603177,12160,10000.0,7.3473173386245945,False,False,exact_cap
Schirrmeister2017,1,3654,common_lr10000,cvar_a0p2,cvar,40,305,50014,669590618920915.9,25876449.117313523,,,1026853.4157888468,10268534157.888468,246286704381991.88,268608399077595.38,1317819017606261.8,2.0794415416798357,1.6094379124341005,8.0,,,8.0,0.0003313859924674034,0.5800489645916969,0.1450108108110726,0.5800489645916969,12200,10000.0,7.3473173386245945,False,False,exact_cap
Schirrmeister2017,1,3654,common_lr10000,cvar_a0p2,cvar,40,306,50319,744353570979886.9,27282843.894650843,,,1081624.815433649,10816248154.336493,287492363763140.8,287799316712613.7,1080822424109505.1,2.0794415416798357,1.6094379124341005,8.0,,,8.0,0.00031279679387807846,0.5818901895545423,0.1450108108110726,0.5818901895545423,12240,10000.0,7.3473173386245945,False,False,exact_cap
Schirrmeister2017,1,3654,common_lr10000,cvar_a0p2,cvar,40,307,50625,809803709050010.2,28457050.25209061,,,1133842.4581473821,11338424581.473822,237259224699064.12,379260914514459.2,1921144240453493.0,2.0794415416798357,1.6094379124341005,8.0,,,8.0,0.00031490507535636425,0.5837245455477387,0.1450108108110726,0.5837245455477387,12280,10000.0,7.3473173386245945,False,False,exact_cap
Schirrmeister2017,1,3654,common_lr10000,cvar_a0p2,cvar,40,308,50932,1186728422514228.2,34448924.83829108,,,1370895.330268637,13708953302.686369,348646054623835.75,498069544323631.94,2105096771052454.5,2.0794415416798357,1.6094379124341005,8.0,,,8.0,0.0003093660343438387,0.585572556592524,0.1450108108110726,0.585572556592524,12320,10000.0,7.3473173386245945,False,False,exact_cap
Schirrmeister2017,1,3654,common_lr10000,cvar_a0p2,cvar,40,309,51240,1177259212727986.5,34311211.18130321,,,1355440.9231098362,13554409231.098362,356833572748437.5,581775517889442.2,3371574699857889.5,2.0794415416798357,1.6094379124341005,8.0,,,8.0,0.0003162361681461334,0.5874020145274699,0.1450108108110726,0.5874020145274699,12360,10000.0,7.3473173386245945,False,False,exact_cap
Schirrmeister2017,1,3654,common_lr10000,cvar_a0p2,cvar,40,310,51549,1316838693581353.0,36288272.12173863,,,1439107.8917846065,14391078917.846064,420170264900836.0,507972328620880.75,1869691265602612.8,2.0794415416798357,1.6094379124341005,8.0,,,8.0,0.0003185328096151352,0.5892396187409759,0.1450108108110726,0.5892396187409759,12400,10000.0,7.3473173386245945,False,False,exact_cap
Schirrmeister2017,1,3654,common_lr10000,cvar_a0p2,cvar,40,311,51859,968058512664110.2,31113638.692125197,,,1235718.4611661646,12357184611.661646,343894180045556.0,368920348199904.56,1578822621607992.0,2.0794415416798357,1.6094379124341005,8.0,,,8.0,0.0003107460215687752,0.5910724599380046,0.1450108108110726,0.5910724599380046,12440,10000.0,7.3473173386245945,False,False,exact_cap
Schirrmeister2017,1,3654,common_lr10000,cvar_a0p2,cvar,40,312,52170,1962790586481711.2,44303392.49404848,,,1742109.0876587012,17421090876.587013,544652187816121.25,832335075743048.6,3609308334785457.5,2.0794415416798357,1.6094379124341005,8.0,,,8.0,0.00031487992964684963,0.5928978428710252,0.1450108108110726,0.5928978428710252,12480,10000.0,7.3473173386245945,False,False,exact_cap
Schirrmeister2017,1,3654,common_lr10000,cvar_a0p2,cvar,40,313,52482,1356337637881941.2,36828489.48683534,,,1457467.0214075,14574670214.074999,470513554235523.94,647961637982452.5,3832156674648268.0,2.0794415416798357,1.6094379124341005,8.0,,,8.0,0.00031695514917373657,0.5947490830440074,0.1450108108110726,0.5947490830440074,12520,10000.0,7.3473173386245945,False,False,exact_cap
Schirrmeister2017,1,3654,common_lr10000,cvar_a0p2,cvar,40,314,52795,2106041721158076.2,45891630.186321296,,,1828966.740195261,18289667401.95261,696927402620626.8,867003980417403.5,3856301514675931.0,2.0794415416798357,1.6094379124341005,8.0,,,8.0,0.000313641969114542,0.5965842339210212,0.1450108108110726,0.5965842339210212,12560,10000.0,7.3473173386245945,False,False,exact_cap
Schirrmeister2017,1,3654,common_lr10000,cvar_a0p2,cvar,40,315,53109,2183462495287060.5,46727534.65877545,,,1864689.0605371387,18646890605.371387,690650655184206.9,897889479649518.8,4139994803779752.0,2.0794415416798357,1.6094379124341005,8.0,,,8.0,0.00031131901778280735,0.598428423050791,0.1450108108110726,0.598428423050791,12600,10000.0,7.3473173386245945,False,False,exact_cap
Schirrmeister2017,1,3654,common_lr10000,cvar_a0p2,cvar,40,316,53424,2718047340471259.0,52134895.6119724,,,2033104.1389757674,20331041389.757675,929463134270111.2,1077485687646500.0,4847571301758126.0,2.0794415416798357,1.6094379124341005,8.0,,,8.0,0.0003113581333309412,0.6002622880041599,0.1450108108110726,0.6002622880041599,12640,10000.0,7.3473173386245945,False,False,exact_cap
Schirrmeister2017,1,3654,common_lr10000,cvar_a0p2,cvar,40,317,53740,3068539152166058.0,55394396.39680225,,,2199129.422704206,21991294227.04206,988647816346085.5,1283282796417209.8,6603740616931745.0,2.0794415416798357,1.6094379124341005,8.0,,,8.0,0.0003157800529152155,0.6020830839406699,0.1450108108110726,0.6020830839406699,12680,10000.0,7.3473173386245945,False,False,exact_cap
Schirrmeister2017,1,3654,common_lr10000,cvar_a0p2,cvar,40,318,54057,3118157916066138.5,55840468.444186054,,,2209175.569049234,22091755690.492344,1171944028855545.8,1166453645955496.5,4972067524910248.0,2.0794415416798357,1.6094379124341005,8.0,,,8.0,0.00031547597609460354,0.6039277538657188,0.1450108108110726,0.6039277538657188,12720,10000.0,7.3473173386245945,False,False,exact_cap
Schirrmeister2017,1,3654,common_lr10000,cvar_a0p2,cvar,40,319,54375,6421990665978624.0,80137323.80095197,,,3179742.510927169,31797425109.271694,1961582363100663.0,2617389629337675.5,1.0173105350673996e+16,2.0794415416798357,1.6094379124341005,8.0,,,8.0,0.00031554303131997585,0.6057604989036918,0.1450108108110726,0.6057604989036918,12760,10000.0,7.3473173386245945,False,False,exact_cap
Schirrmeister2017,1,3654,common_lr10000,cvar_a0p2,cvar,40,320,54694,5645917869101046.0,75139323.05458339,,,2991854.2278780458,29918542278.780457,1658761134573125.2,2663069557947347.5,1.5064859310972484e+16,2.0794415416798357,1.6094379124341005,8.0,,,8.0,0.0003072179388254881,0.6076192678883672,0.1450108108110726,0.6076192678883672,12800,10000.0,7.3473173386245945,False,False,exact_cap
Schirrmeister2017,1,3654,common_lr10000,cvar_a0p2,cvar,40,321,55014,8067069566097463.0,89816866.82409637,,,3521176.141629749,35211761416.297485,2542921570078393.0,3739004278680098.5,2.105304550747887e+16,2.0794415416798357,1.6094379124341005,8.0,,,8.0,0.00032300897873938084,0.6094817938283086,0.1450108108110726,0.6094817938283086,12840,10000.0,7.3473173386245945,False,False,exact_cap
Schirrmeister2017,1,3654,common_lr10000,cvar_a0p2,cvar,40,322,55335,8930827315602182.0,94503054.53053981,,,3716374.6718125325,37163746718.12532,2491251579632813.0,3910691833095373.5,1.850753122548447e+16,2.0794415416798357,1.6094379124341005,8.0,,,8.0,0.0003208939451724291,0.6113401718903333,0.1450108108110726,0.6113401718903333,12880,10000.0,7.3473173386245945,False,False,exact_cap
Schirrmeister2017,1,3654,common_lr10000,cvar_a0p2,cvar,40,323,55657,6929308215600327.0,83242466.41949244,,,3284128.8386862543,32841288386.862545,1814398469130291.2,3107601065780172.5,1.3773905014444684e+16,2.0794415416798357,1.6094379124341005,8.0,,,8.0,0.00031616888009011745,0.613187039969489,0.1450108108110726,0.613187039969489,12920,10000.0,7.3473173386245945,False,False,exact_cap
Schirrmeister2017,1,3654,common_lr10000,cvar_a0p2,cvar,40,324,55980,7938306883433525.0,89097176.62997815,,,3540150.3734234567,35401503734.234566,2277332531014215.5,3474223187233042.0,1.660105598405294e+16,2.0794415416798357,1.6094379124341005,8.0,,,8.0,0.0003218699712306261,0.6150368589442223,0.1450108108110726,0.6150368589442223,12960,10000.0,7.3473173386245945,False,False,exact_cap
Schirrmeister2017,1,3654,common_lr10000,cvar_a0p2,cvar,40,325,56304,6362592865613378.0,79765862.78360799,2.848424688991122e+19,-2.8635375924295926e+19,3148568.396075924,31485683960.759243,2535097754176725.5,2393205984785230.0,9106644538007716.0,2.0794415416798357,1.6094379124341005,8.0,,,8.0,0.00032317498698830605,0.6168979490175843,0.15333906677551568,0.6168979490175843,13000,10000.0,7.3473173386245945,False,True,exact_cap
Schirrmeister2017,1,3654,common_lr10000,cvar_a0p2,cvar,40,326,56629,9970934622405912.0,99854567.35876387,,,3941871.2678570366,39418712678.570366,3084768225538565.0,3859772983044781.5,1.6246882639722546e+16,2.0794415416798357,1.6094379124341005,8.0,,,8.0,0.0003675278276205063,0.6195124499499798,0.15333906677551568,0.6195124499499798,13040,10000.0,7.3473173386245945,False,False,exact_cap
Schirrmeister2017,1,3654,common_lr10000,cvar_a0p2,cvar,40,327,56955,1.0856020580263646e+16,104192228.98212537,,,4150576.893476059,41505768934.76059,3479250833181117.0,4524846056621526.0,2.178410573769541e+16,2.0794415416798357,1.6094379124341005,8.0,,,8.0,0.000349199865013361,0.6214740958530456,0.15333906677551568,0.6214740958530456,13080,10000.0,7.3473173386245945,False,False,exact_cap
Schirrmeister2017,1,3654,common_lr10000,cvar_a0p2,cvar,40,328,57282,1.0490897590041452e+16,102425082.81686401,,,4061399.396619023,40613993966.19023,3353098132344538.5,4115155381554849.5,1.6381252733617132e+16,2.0794415416798357,1.6094379124341005,8.0,,,8.0,0.0003246201667934656,0.6233904438558966,0.15333906677551568,0.6233904438558966,13120,10000.0,7.3473173386245945,False,False,exact_cap
Schirrmeister2017,1,3654,common_lr10000,cvar_a0p2,cvar,40,329,57610,1.781043406809051e+16,133455738.23590542,,,5292588.571320706,52925885713.20707,5568416191499180.0,7518819993982048.0,3.936574786956474e+16,2.0794415416798357,1.6094379124341005,8.0,,,8.0,0.0003179649356752634,0.6252678348682821,0.15333906677551568,0.6252678348682821,13160,10000.0,7.3473173386245945,False,False,exact_cap
Schirrmeister2017,1,3654,common_lr10000,cvar_a0p2,cvar,40,330,57939,2.168306407418203e+16,147251703.12828994,,,5810691.567668785,58106915676.68786,7255330321520453.0,8109328901354193.0,2.936019050531752e+16,2.0794415416798357,1.6094379124341005,8.0,,,8.0,0.0003299531526863575,0.6271471409127116,0.15333906677551568,0.6271471409127116,13200,10000.0,7.3473173386245945,False,False,exact_cap
Schirrmeister2017,1,3654,common_lr10000,cvar_a0p2,cvar,40,331,58269,1.983063656104496e+16,140821292.99592787,,,5638093.240618472,56380932406.18472,6840888638574922.0,8005136217853643.0,3.955958511775609e+16,2.0794415416798357,1.6094379124341005,8.0,,,8.0,0.000317020108923316,0.6290037359576672,0.15333906677551568,0.6290037359576672,13240,10000.0,7.3473173386245945,False,False,exact_cap
Schirrmeister2017,1,3654,common_lr10000,cvar_a0p2,cvar,40,332,58600,2.382576080999872e+16,154355954.88998383,,,6150301.845059777,61503018450.59777,7986361723010076.0,1.050798574436177e+16,5.634147548265382e+16,2.0794415416798357,1.6094379124341005,8.0,,,8.0,0.0003354661166667938,0.6308857039548457,0.15333906677551568,0.6308857039548457,13280,10000.0,7.3473173386245945,False,False,exact_cap
Schirrmeister2017,1,3654,common_lr10000,cvar_a0p2,cvar,40,333,58932,2.9911117859543556e+16,172948309.79094175,,,6915116.41286176,69151164128.6176,8329270473583660.0,1.2984645488991382e+16,5.463644471858896e+16,2.0794415416798357,1.6094379124341005,8.0,,,8.0,0.0003214238677173853,0.6327313261572272,0.15333906677551568,0.6327313261572272,13320,10000.0,7.3473173386245945,False,False,exact_cap
Schirrmeister2017,1,3654,common_lr10000,cvar_a0p2,cvar,40,334,59265,3.71938201513975e+16,192856994.0432483,,,7571008.782945572,75710087829.45572,1.1235190997049244e+16,1.5202176336928632e+16,6.088840612613967e+16,2.0794415416798357,1.6094379124341005,8.0,,,8.0,0.0003182259388267994,0.6345827882178128,0.15333906677551568,0.6345827882178128,13360,10000.0,7.3473173386245945,False,False,exact_cap
Schirrmeister2017,1,3654,common_lr10000,cvar_a0p2,cvar,40,335,59599,2.838593774059122e+16,168481268.21872875,,,6647142.853065684,66471428530.656845,9991763838499568.0,1.106789625149076e+16,3.846671083820566e+16,2.0794415416798357,1.6094379124341005,8.0,,,8.0,0.0003232080489397049,0.6364318602718413,0.15333906677551568,0.6364318602718413,13400,10000.0,7.3473173386245945,False,False,exact_cap
Schirrmeister2017,1,3654,common_lr10000,cvar_a0p2,cvar,40,336,59934,4.198558264413721e+16,204903837.55346605,,,8086420.851809665,80864208518.09665,1.5535022796061204e+16,1.6136744423164492e+16,7.628223452131469e+16,2.0794415416798357,1.6094379124341005,8.0,,,8.0,0.0003094719722867012,0.6383089472074062,0.15333906677551568,0.6383089472074062,13440,10000.0,7.3473173386245945,False,False,exact_cap
Schirrmeister2017,1,3654,common_lr10000,cvar_a0p2,cvar,40,337,60270,4.248674710332028e+16,206123135.77888408,,,8095369.309101179,80953693091.0118,1.4083540107242638e+16,1.8596707012615784e+16,7.735770024309792e+16,2.0794415416798357,1.6094379124341005,8.0,,,8.0,0.00031270389445126057,0.6401450431440026,0.15333906677551568,0.6401450431440026,13480,10000.0,7.3473173386245945,False,False,exact_cap
Schirrmeister2017,1,3654,common_lr10000,cvar_a0p2,cvar,40,338,60607,3.804103906330122e+16,195041121.4675029,,,7764423.24056352,77644232405.63521,1.3451351920542038e+16,1.4680461098180054e+16,5.429286234151318e+16,2.0794415416798357,1.6094379124341005,8.0,,,8.0,0.0003111129626631737,0.6419909182004631,0.15333906677551568,0.6419909182004631,13520,10000.0,7.3473173386245945,False,False,exact_cap
Schirrmeister2017,1,3654,common_lr10000,cvar_a0p2,cvar,40,339,60945,6.3106869735806e+16,251210807.36267298,,,10047998.524255937,100479985242.55936,2.0765628450835304e+16,2.484297942357105e+16,1.0536881964185866e+17,2.0794415416798357,1.6094379124341005,8.0,,,8.0,0.00032275193370878696,0.6439085220918059,0.15333906677551568,0.6439085220918059,13560,10000.0,7.3473173386245945,False,False,exact_cap
Schirrmeister2017,1,3654,common_lr10000,cvar_a0p2,cvar,40,340,61284,7.402939715013141e+16,272083437.8460611,,,10714338.010184394,107143380101.84395,2.5170602601829524e+16,2.928537710423187e+16,1.2520145785668307e+17,2.0794415416798357,1.6094379124341005,8.0,,,8.0,0.00033300090581178665,0.6457897808868438,0.15333906677551568,0.6457897808868438,13600,10000.0,7.3473173386245945,False,False,exact_cap
Schirrmeister2017,1,3654,common_lr10000,cvar_a0p2,cvar,40,341,61624,7.128156804478271e+16,266986082.1181185,,,10588686.94013591,105886869401.35909,2.1489058942733716e+16,3.000795371094233e+16,1.2254257997678832e+17,2.0794415416798357,1.6094379124341005,8.0,,,8.0,0.00037481309846043587,0.6477014077827334,0.15333906677551568,0.6477014077827334,13640,10000.0,7.3473173386245945,False,False,exact_cap
Schirrmeister2017,1,3654,common_lr10000,cvar_a0p2,cvar,40,342,61965,5.875257177580534e+16,242389297.9811719,,,9578826.952640167,95788269526.40167,1.5426266958668916e+16,2.5697820020707176e+16,1.0611209078405146e+17,2.0794415416798357,1.6094379124341005,8.0,,,8.0,0.00031930580735206604,0.6495591688435525,0.15333906677551568,0.6495591688435525,13680,10000.0,7.3473173386245945,False,False,exact_cap
Schirrmeister2017,1,3654,common_lr10000,cvar_a0p2,cvar,40,343,62307,7.293363298061712e+16,270062276.11537516,,,10674995.709393628,106749957093.93626,2.3455148478117624e+16,3.041081482368569e+16,1.307223974337605e+17,2.0794415416798357,1.6094379124341005,8.0,,,8.0,0.0003318921662867069,0.6515569197945297,0.15333906677551568,0.6515569197945297,13720,10000.0,7.3473173386245945,False,False,exact_cap
Schirrmeister2017,1,3654,common_lr10000,cvar_a0p2,cvar,40,344,62650,9.421820533611733e+16,306949841.7268159,,,12076252.103100002,120762521031.00002,2.9869045619690484e+16,4.37067289918247e+16,2.3295489994411622e+17,2.0794415416798357,1.6094379124341005,8.0,,,8.0,0.0003293519839644432,0.6534460168331861,0.15333906677551568,0.6534460168331861,13760,10000.0,7.3473173386245945,False,False,exact_cap
Schirrmeister2017,1,3654,common_lr10000,cvar_a0p2,cvar,40,345,62994,8.832199149017331e+16,297190160.4868057,,,11725485.570383929,117254855703.8393,2.6068535996809908e+16,3.679137687116991e+16,1.585652624112685e+17,2.0794415416798357,1.6094379124341005,8.0,,,8.0,0.00031782989390194416,0.655306049855426,0.15333906677551568,0.655306049855426,13800,10000.0,7.3473173386245945,False,False,exact_cap
Schirrmeister2017,1,3654,common_lr10000,cvar_a0p2,cvar,40,346,63339,2.01658278626722e+17,449063780.1323126,,,17652472.689794235,176524726897.94235,6.256564007508142e+16,8.572239300162507e+16,3.718409826607885e+17,2.0794415416798357,1.6094379124341005,8.0,,,8.0,0.00032772100530564785,0.6571625920478255,0.15333906677551568,0.6571625920478255,13840,10000.0,7.3473173386245945,False,False,exact_cap
Schirrmeister2017,1,3654,common_lr10000,cvar_a0p2,cvar,40,347,63685,2.2886307972498304e+17,478396362.5749918,,,18913147.07617059,189131470761.7059,7.341609436968742e+16,9.47270201076866e+16,4.2166402373526714e+17,2.0794415416798357,1.6094379124341005,8.0,,,8.0,0.00032338802702724934,0.6590314030181617,0.15333906677551568,0.6590314030181617,13880,10000.0,7.3473173386245945,False,False,exact_cap
Schirrmeister2017,1,3654,common_lr10000,cvar_a0p2,cvar,40,348,64032,1.824632232940176e+17,427157141.2185656,,,16983553.884243086,169835538842.43085,5.803076416409664e+16,7.318656973689264e+16,3.317522141387289e+17,2.0794415416798357,1.6094379124341005,8.0,,,8.0,0.00032086693681776524,0.660882358904928,0.15333906677551568,0.660882358904928,13920,10000.0,7.3473173386245945,False,False,exact_cap
Schirrmeister2017,1,3654,common_lr10000,cvar_a0p2,cvar,40,349,64380,2.458036301945016e+17,495785871.31391877,,,19722399.100063495,197223991000.63492,7.658371377181202e+16,1.0251489545140018e+17,4.878862871005162e+17,2.0794415416798357,1.6094379124341005,8.0,,,8.0,0.000323625048622489,0.6627426669001579,0.15333906677551568,0.6627426669001579,13960,10000.0,7.3473173386245945,False,False,exact_cap
Schirrmeister2017,1,3654,common_lr10000,cvar_a0p2,cvar,40,350,64729,2.877764915499591e+17,536448032.47841173,7.59865923368745e+20,-7.6389754841765e+20,21360365.43065226,213603654306.52258,9.061030682260102e+16,1.1580770457208234e+17,4.565657187271504e+17,2.0794415416798357,1.6094379124341005,8.0,,,8.0,0.0003126750234514475,0.6645865659229457,0.16159275569953024,0.6645865659229457,14000,10000.0,7.3473173386245945,False,True,exact_cap
Schirrmeister2017,1,3654,common_lr10000,cvar_a0p2,cvar,40,351,65079,2.817419087376842e+17,530793659.28549314,,,21148916.545385685,211489165453.85684,8.208067166396478e+16,1.0827902932256746e+17,3.7773614596916243e+17,2.0794415416798357,1.6094379124341005,8.0,,,8.0,0.00036671198904514313,0.6671909689903259,0.16159275569953024,0.6671909689903259,14040,10000.0,7.3473173386245945,False,False,exact_cap
Schirrmeister2017,1,3654,common_lr10000,cvar_a0p2,cvar,40,352,65430,3.1638183629544294e+17,562478298.5106562,,,22070980.898175795,220709808981.75793,9.717953896655867e+16,1.302363073035339e+17,5.3544745230208154e+17,2.0794415416798357,1.6094379124341005,8.0,,,8.0,0.000445780111476779,0.6693466729484499,0.16159275569953024,0.6693466729484499,14080,10000.0,7.3473173386245945,False,False,exact_cap
Schirrmeister2017,1,3654,common_lr10000,cvar_a0p2,cvar,40,353,65782,3.1965302723074714e+17,565378658.2731498,,,22534761.748156764,225347617481.56763,9.087236601109931e+16,1.433087632126169e+17,7.108459491715534e+17,2.0794415416798357,1.6094379124341005,8.0,,,8.0,0.00038451398722827435,0.6713748469483107,0.16159275569953024,0.6713748469483107,14120,10000.0,7.3473173386245945,False,False,exact_cap
Schirrmeister2017,1,3654,common_lr10000,cvar_a0p2,cvar,40,354,66135,7.247057539886418e+17,851296513.5536747,,,33606424.36332425,336064243633.24243,1.6740823437215245e+17,3.73921572562767e+17,1.9341330707631795e+18,2.0794415416798357,1.6094379124341005,8.0,,,8.0,0.0003223579842597246,0.673246406018734,0.16159275569953024,0.673246406018734,14160,10000.0,7.3473173386245945,False,False,exact_cap
Schirrmeister2017,1,3654,common_lr10000,cvar_a0p2,cvar,40,355,66489,5.867908488080634e+17,766022746.9260057,,,29941626.748323135,299416267483.2314,1.7753591160521843e+17,2.3487714504611203e+17,9.039662937159009e+17,2.0794415416798357,1.6094379124341005,8.0,,,8.0,0.00032305694185197353,0.675115758087486,0.16159275569953024,0.675115758087486,14200,10000.0,7.3473173386245945,False,False,exact_cap
Schirrmeister2017,1,3654,common_lr10000,cvar_a0p2,cvar,40,356,66844,3.3271160367151994e+17,576811584.2036461,,,22923837.133488458,229238371334.88458,1.1485280223433752e+17,1.3168367353146066e+17,5.165131243076915e+17,2.0794415416798357,1.6094379124341005,8.0,,,8.0,0.0003221279475837946,0.6769891991280019,0.16159275569953024,0.6769891991280019,14240,10000.0,7.3473173386245945,False,False,exact_cap
Schirrmeister2017,1,3654,common_lr10000,cvar_a0p2,cvar,40,357,67200,5.579568916923013e+17,746965120.8003633,,,29692766.676142476,296927666761.4248,1.9178619528451994e+17,2.267263250226757e+17,9.678097931294362e+17,2.0794415416798357,1.6094379124341005,8.0,,,8.0,0.00031616888009011745,0.6788417990319431,0.16159275569953024,0.6788417990319431,14280,10000.0,7.3473173386245945,False,False,exact_cap
Schirrmeister2017,1,3654,common_lr10000,cvar_a0p2,cvar,40,358,67557,5.885394596779647e+17,767163254.9059976,,,30457769.730263628,304577697302.6363,1.7971734780148403e+17,2.60836819558874e+17,1.3345422458959155e+18,2.0794415416798357,1.6094379124341005,8.0,,,8.0,0.00032373378053307533,0.6806882510427386,0.16159275569953024,0.6806882510427386,14320,10000.0,7.3473173386245945,False,False,exact_cap
Schirrmeister2017,1,3654,common_lr10000,cvar_a0p2,cvar,40,359,67915,9.659770357360744e+17,982841307.5039502,,,39165757.868228145,391657578682.28143,3.05416911615824e+17,4.03321445345246e+17,1.8763552519627622e+18,2.0794415416798357,1.6094379124341005,8.0,,,8.0,0.0003123499918729067,0.6825577442068607,0.16159275569953024,0.6825577442068607,14360,10000.0,7.3473173386245945,False,False,exact_cap
Schirrmeister2017,1,3654,common_lr10000,cvar_a0p2,cvar,40,360,68274,9.140859040701244e+17,956078398.4957114,,,38295431.74221859,382954317422.1859,3.339962400635331e+17,3.8522574252137434e+17,2.017732275342204e+18,2.0794415416798357,1.6094379124341005,8.0,,,8.0,0.00032120803371071815,0.6844093122053891,0.16159275569953024,0.6844093122053891,14400,10000.0,7.3473173386245945,False,False,exact_cap
Schirrmeister2017,1,3654,common_lr10000,cvar_a0p2,cvar,40,361,68634,1.4216306865672722e+18,1192321553.3434227,,,46947838.40329585,469478384032.95856,4.529937534868042e+17,5.722042864875741e+17,2.4299107077260493e+18,2.0794415416798357,1.6094379124341005,8.0,,,8.0,0.00031633698381483555,0.6862659843172878,0.16159275569953024,0.6862659843172878,14440,10000.0,7.3473173386245945,False,False,exact_cap
Schirrmeister2017,1,3654,common_lr10000,cvar_a0p2,cvar,40,362,68995,9.650141821082484e+17,982351353.6959413,,,38817942.17797742,388179421779.77423,2.9501623501757024e+17,4.1656421129755584e+17,1.848355652437298e+18,2.0794415416798357,1.6094379124341005,8.0,,,8.0,0.0003128349781036377,0.6881041652522981,0.16159275569953024,0.6881041652522981,14480,10000.0,7.3473173386245945,False,False,exact_cap
Schirrmeister2017,1,3654,common_lr10000,cvar_a0p2,cvar,40,363,69357,1.4723121424526958e+18,1213388702.1283393,,,48458224.79994429,484582247999.4429,4.336740699042277e+17,6.292640924476905e+17,2.6918174550368026e+18,2.0794415416798357,1.6094379124341005,8.0,,,8.0,0.0003179998602718115,0.6899444591253996,0.16159275569953024,0.6899444591253996,14520,10000.0,7.3473173386245945,False,False,exact_cap
Schirrmeister2017,1,3654,common_lr10000,cvar_a0p2,cvar,40,364,69720,2.101394317931001e+18,1449618680.1814473,,,57667605.5896157,576676055896.157,6.133500329178341e+17,8.963852496992191e+17,4.1454189247126784e+18,2.0794415416798357,1.6094379124341005,8.0,,,8.0,0.0003155791200697422,0.6917906901799142,0.16159275569953024,0.6917906901799142,14560,10000.0,7.3473173386245945,False,False,exact_cap
Schirrmeister2017,1,3654,common_lr10000,cvar_a0p2,cvar,40,365,70084,2.0180566246509752e+18,1420583198.7782254,,,56869448.76771687,568694487677.1687,5.531572395524549e+17,9.357885237654679e+17,4.162090235737943e+18,2.0794415416798357,1.6094379124341005,8.0,,,8.0,0.0003267370630055666,0.6936482621822506,0.16159275569953024,0.6936482621822506,14600,10000.0,7.3473173386245945,False,False,exact_cap
Schirrmeister2017,1,3654,common_lr10000,cvar_a0p2,cvar,40,366,70449,2.2924711929956936e+18,1514090880.0318737,,,60362662.86609194,603626628660.9193,7.681092148447734e+17,8.612311032054378e+17,3.0028965668143657e+18,2.0794415416798357,1.6094379124341005,8.0,,,8.0,0.00031307386234402657,0.6955049131065607,0.16159275569953024,0.6955049131065607,14640,10000.0,7.3473173386245945,False,False,exact_cap
Schirrmeister2017,1,3654,common_lr10000,cvar_a0p2,cvar,40,367,70815,1.7225156324690447e+18,1312446430.323556,,,51984437.90590902,519844379059.09015,5.272830638574445e+17,7.217673537979571e+17,3.7202864040473303e+18,2.0794415416798357,1.6094379124341005,8.0,,,8.0,0.0003278020303696394,0.6973545881919563,0.16159275569953024,0.6973545881919563,14680,10000.0,7.3473173386245945,False,False,exact_cap
Schirrmeister2017,1,3654,common_lr10000,cvar_a0p2,cvar,40,368,71182,2.3316524979386803e+18,1526974950.0036602,,,59991082.19783921,599910821978.3921,7.110314159126538e+17,8.895300567706304e+17,3.27126529537795e+18,2.0794415416798357,1.6094379124341005,8.0,,,8.0,0.00032103387638926506,0.6992151741869748,0.16159275569953024,0.6992151741869748,14720,10000.0,7.3473173386245945,False,False,exact_cap
Schirrmeister2017,1,3654,common_lr10000,cvar_a0p2,cvar,40,369,71550,3.630676641248958e+18,1905433452.327569,,,76444843.68341741,764448436834.1741,1.194525175702487e+18,1.4991896267847547e+18,7.026617105660916e+18,2.0794415416798357,1.6094379124341005,8.0,,,8.0,0.00031287712045013905,0.7010867092758417,0.16159275569953024,0.7010867092758417,14760,10000.0,7.3473173386245945,False,False,exact_cap
Schirrmeister2017,1,3654,common_lr10000,cvar_a0p2,cvar,40,370,71919,3.05700648867148e+18,1748429720.8270855,,,69851609.87279813,698516098727.9813,9.828670674666368e+17,1.2605844729661002e+18,5.219144404317477e+18,2.0794415416798357,1.6094379124341005,8.0,,,8.0,0.00031785410828888416,0.7029290574137121,0.16159275569953024,0.7029290574137121,14800,10000.0,7.3473173386245945,False,False,exact_cap
Schirrmeister2017,1,3654,common_lr10000,cvar_a0p2,cvar,40,371,72289,5.611285237927658e+18,2368815154.8670187,,,92704849.962249,927048499622.49,1.708624024053552e+18,2.192648340593424e+18,8.432603013904106e+18,2.0794415416798357,1.6094379124341005,8.0,,,8.0,0.0003136279992759228,0.7047851895913482,0.16159275569953024,0.7047851895913482,14840,10000.0,7.3473173386245945,False,False,exact_cap
Schirrmeister2017,1,3654,common_lr10000,cvar_a0p2,cvar,40,372,72660,4.791133951628359e+18,2188865905.3556385,,,86939122.80961606,869391228096.1606,1.2907757066592837e+18,2.405911428069338e+18,1.3438625858106765e+19,2.0794415416798357,1.6094379124341005,8.0,,,8.0,0.00031699216924607754,0.7066249416675419,0.16159275569953024,0.7066249416675419,14880,10000.0,7.3473173386245945,False,False,exact_cap
Schirrmeister2017,1,3654,common_lr10000,cvar_a0p2,cvar,40,373,73032,6.725165896230601e+18,2593292481.8135343,,,103255878.83898892,1032558788389.8892,2.1311632574849016e+18,2.8030164683246797e+18,1.2073869356823722e+19,2.0794415416798357,1.6094379124341005,8.0,,,8.0,0.0003185768146067858,0.7084819786250591,0.16159275569953024,0.7084819786250591,14920,10000.0,7.3473173386245945,False,False,exact_cap
Schirrmeister2017,1,3654,common_lr10000,cvar_a0p2,cvar,40,374,73405,5.343216794691191e+18,2311539918.472357,,,90755597.32726857,907555973272.6857,1.7526798343917466e+18,2.0848083049079342e+18,8.534127678368494e+18,2.0794415416798357,1.6094379124341005,8.0,,,8.0,0.00031073507852852345,0.7103194775991142,0.16159275569953024,0.7103194775991142,14960,10000.0,7.3473173386245945,False,False,exact_cap
Schirrmeister2017,1,3654,common_lr10000,cvar_a0p2,cvar,40,375,73779,7.292671137502726e+18,2700494609.789608,2.133766531631892e+22,-2.145087669128497e+22,106083036.66554888,1060830366655.4888,2.2421528501347674e+18,3.119471299190086e+18,1.5731003448416066e+19,2.0794415416798357,1.6094379124341005,8.0,,,8.0,0.00032158102840185165,0.7121860254555941,0.16956260288134217,0.7121860254555941,15000,10000.0,7.3473173386245945,False,True,exact_cap
Schirrmeister2017,1,3654,common_lr10000,cvar_a0p2,cvar,40,376,74154,1.145379949220499e+19,3384346242.955202,,,134029344.42168811,1340293444216.881,3.5737434221553116e+18,4.496875826941725e+18,1.6912950059323064e+19,2.0794415416798357,1.6094379124341005,8.0,,,8.0,0.0003513658884912729,0.7147261723876,0.16956260288134217,0.7147261723876,15040,10000.0,7.3473173386245945,False,False,exact_cap
Schirrmeister2017,1,3654,common_lr10000,cvar_a0p2,cvar,40,377,74530,9.206925544700131e+18,3034291605.086784,,,119846278.76104335,1198462787610.4336,3.357761468229068e+18,3.5106431905975654e+18,1.2978343189309911e+19,2.0794415416798357,1.6094379124341005,8.0,,,8.0,0.0003463900648057461,0.7166804673615843,0.16956260288134217,0.7166804673615843,15080,10000.0,7.3473173386245945,False,False,exact_cap
Schirrmeister2017,1,3654,common_lr10000,cvar_a0p2,cvar,40,378,74907,1.1674310760479183e+19,3416769052.8449802,,,135868613.12239808,1358686131223.9807,3.3506529799457444e+18,5.409343278548394e+18,2.8207008019941073e+19,2.0794415416798357,1.6094379124341005,8.0,,,8.0,0.0003280669916421175,0.7185821675229818,0.16956260288134217,0.7185821675229818,15120,10000.0,7.3473173386245945,False,False,exact_cap
Schirrmeister2017,1,3654,common_lr10000,cvar_a0p2,cvar,40,379,75285,1.1145397318371934e+19,3338472303.070962,,,132253093.69626492,1322530936962.6492,3.1765208761150034e+18,5.562363554696736e+18,3.213148373025338e+19,2.0794415416798357,1.6094379124341005,8.0,,,8.0,0.0003775500226765871,0.7205001844558865,0.16956260288134217,0.7205001844558865,15160,10000.0,7.3473173386245945,False,False,exact_cap
Schirrmeister2017,1,3654,common_lr10000,cvar_a0p2,cvar,40,380,75664,1.618329827224741e+19,4022847035.6511707,,,159537775.84264275,1595377758426.4275,4.80181213351901e+18,6.735852992566233e+18,2.448936602082299e+19,2.0794415416798357,1.6094379124341005,8.0,,,8.0,0.00032253400422632694,0.7223550034686923,0.16956260288134217,0.7223550034686923,15200,10000.0,7.3473173386245945,False,False,exact_cap
Schirrmeister2017,1,3654,common_lr10000,cvar_a0p2,cvar,40,381,76044,2.2395132143321375e+19,4732349537.314565,,,189472633.36509088,1894726333650.909,8.033161646548399e+18,9.885389868046254e+18,5.626419028310895e+19,2.0794415416798357,1.6094379124341005,8.0,,,8.0,0.0003152762074023485,0.7242113146930933,0.16956260288134217,0.7242113146930933,15240,10000.0,7.3473173386245945,False,False,exact_cap
Schirrmeister2017,1,3654,common_lr10000,cvar_a0p2,cvar,40,382,76425,3.049860226441179e+19,5522553962.109541,,,218712591.12514827,2187125911251.483,8.133498498012012e+18,1.446295995931509e+19,7.866906424799953e+19,2.0794415416798357,1.6094379124341005,8.0,,,8.0,0.0003195118624716997,0.7260585348121822,0.16956260288134217,0.7260585348121822,15280,10000.0,7.3473173386245945,False,False,exact_cap
Schirrmeister2017,1,3654,common_lr10000,cvar_a0p2,cvar,40,383,76807,2.84769748036806e+19,5336382183.060037,,,211281711.24618354,2112817112461.8354,9.180645939370391e+18,1.2884080471903715e+19,6.7351784961756185e+19,2.0794415416798357,1.6094379124341005,8.0,,,8.0,0.0003197349142283201,0.7279214686714113,0.16956260288134217,0.7279214686714113,15320,10000.0,7.3473173386245945,False,False,exact_cap
Schirrmeister2017,1,3654,common_lr10000,cvar_a0p2,cvar,40,384,77190,3.8757952712320475e+19,6225588543.448762,,,247352704.6348794,2473527046348.794,1.0489905221236652e+19,1.7685395387097582e+19,8.34400893954797e+19,2.0794415416798357,1.6094379124341005,8.0,,,8.0,0.00031613907776772976,0.7297697977628559,0.16956260288134217,0.7297697977628559,15360,10000.0,7.3473173386245945,False,False,exact_cap
Schirrmeister2017,1,3654,common_lr10000,cvar_a0p2,cvar,40,385,77574,3.069095013629915e+19,5539941347.730963,,,220410017.62943482,2204100176294.348,1.0879368155350487e+19,1.1948434239392905e+19,4.7709378973688226e+19,2.0794415416798357,1.6094379124341005,8.0,,,8.0,0.0003157230094075203,0.73161202063784,0.16956260288134217,0.73161202063784,15400,10000.0,7.3473173386245945,False,False,exact_cap
Schirrmeister2017,1,3654,common_lr10000,cvar_a0p2,cvar,40,386,77959,3.3710335617493303e+19,5806060249.21317,,,229238957.2922483,2292389572922.4834,1.152487099840938e+19,1.318453556247361e+19,5.53407319603035e+19,2.0794415416798357,1.6094379124341005,8.0,,,8.0,0.00031824386678636074,0.7334624996874481,0.16956260288134217,0.7334624996874481,15440,10000.0,7.3473173386245945,False,False,exact_cap
Schirrmeister2017,1,3654,common_lr10000,cvar_a0p2,cvar,40,387,78345,5.2849052507936285e+19,7269735380.874347,,,287597033.52869856,2875970335286.9854,1.7029216295507579e+19,2.189646390444812e+19,1.0333767361623766e+20,2.0794415416798357,1.6094379124341005,8.0,,,8.0,0.000330205075442791,0.7353685516864061,0.16956260288134217,0.7353685516864061,15480,10000.0,7.3473173386245945,False,False,exact_cap
Schirrmeister2017,1,3654,common_lr10000,cvar_a0p2,cvar,40,388,78732,5.760234343476845e+19,7589620770.155018,,,300953572.5983036,3009535725983.0366,1.8063539976696818e+19,2.4981300996109574e+19,1.250496445829824e+20,2.0794415416798357,1.6094379124341005,8.0,,,8.0,0.00031340308487415314,0.7372111566364765,0.16956260288134217,0.7372111566364765,15520,10000.0,7.3473173386245945,False,False,exact_cap
Schirrmeister2017,1,3654,common_lr10000,cvar_a0p2,cvar,40,389,79120,5.8933338980389224e+19,7676805258.725092,,,305652737.47213554,3056527374721.3555,1.8594508403155448e+19,2.3208139796736705e+19,9.609625069325746e+19,2.0794415416798357,1.6094379124341005,8.0,,,8.0,0.00031671510078012943,0.7390527545940131,0.16956260288134217,0.7390527545940131,15560,10000.0,7.3473173386245945,False,False,exact_cap
Schirrmeister2017,1,3654,common_lr10000,cvar_a0p2,cvar,40,390,79509,4.607802945294222e+19,6788079953.34043,,,268466137.4295472,2684661374295.4717,1.4042014724622762e+19,1.8399223322713901e+19,8.34162954050405e+19,2.0794415416798357,1.6094379124341005,8.0,,,8.0,0.00031071901321411133,0.7408999195322394,0.16956260288134217,0.7408999195322394,15600,10000.0,7.3473173386245945,False,False,exact_cap
Schirrmeister2017,1,3654,common_lr10000,cvar_a0p2,cvar,40,391,79899,7.257137272470377e+19,8518883302.681389,,,339049856.5705755,3390498565705.755,2.156500710323975e+19,3.212726522001579e+19,1.6277067737703816e+20,2.0794415416798357,1.6094379124341005,8.0,,,8.0,0.00031278887763619423,0.7427249294705689,0.16956260288134217,0.7427249294705689,15640,10000.0,7.3473173386245945,False,False,exact_cap
Schirrmeister2017,1,3654,common_lr10000,cvar_a0p2,cvar,40,392,80290,7.755255965013549e+19,8806393112.40053,,,347804770.71619827,3478047707161.9824,2.2003801435882156e+19,3.5130165443233608e+19,1.8363207447853538e+20,2.0794415416798357,1.6094379124341005,8.0,,,8.0,0.0003148750402033329,0.7445454455446452,0.16956260288134217,0.7445454455446452,15680,10000.0,7.3473173386245945,False,False,exact_cap
Schirrmeister2017,1,3654,common_lr10000,cvar_a0p2,cvar,40,393,80682,7.679349303627637e+19,8763189661.092379,,,347200332.81258625,3472003328125.8623,2.637912561313955e+19,3.23022672249581e+19,1.5865161611816442e+20,2.0794415416798357,1.6094379124341005,8.0,,,8.0,0.0003180759958922863,0.7463953585829586,0.16956260288134217,0.7463953585829586,15720,10000.0,7.3473173386245945,False,False,exact_cap
Schirrmeister2017,1,3654,common_lr10000,cvar_a0p2,cvar,40,394,81075,1.4566749407459569e+20,12069278937.641457,,,477231090.071804,4772310900718.04,4.092743933901609e+19,5.960786673445555e+19,2.2598777785708524e+20,2.0794415416798357,1.6094379124341005,8.0,,,8.0,0.0003201710060238838,0.7482319495175034,0.16956260288134217,0.7482319495175034,15760,10000.0,7.3473173386245945,False,False,exact_cap
Schirrmeister2017,1,3654,common_lr10000,cvar_a0p2,cvar,40,395,81469,1.1348194144986107e+20,10652790312.864563,,,419666326.7502411,4196663267502.411,3.261370089821543e+19,4.509753894667894e+19,1.6872199697628175e+20,2.0794415416798357,1.6094379124341005,8.0,,,8.0,0.00031296699307858944,0.7500792555510998,0.16956260288134217,0.7500792555510998,15800,10000.0,7.3473173386245945,False,False,exact_cap
Schirrmeister2017,1,3654,common_lr10000,cvar_a0p2,cvar,40,396,81864,1.6472647069583842e+20,12834581048.70737,,,508458839.68295616,5084588396829.562,5.047771855993829e+19,6.6099570421816885e+19,3.096839843479555e+20,2.0794415416798357,1.6094379124341005,8.0,,,8.0,0.00031318189576268196,0.7519369586370885,0.16956260288134217,0.7519369586370885,15840,10000.0,7.3473173386245945,False,False,exact_cap
Schirrmeister2017,1,3654,common_lr10000,cvar_a0p2,cvar,40,397,82260,1.652411181803877e+20,12854614664.795973,,,507074564.77289045,5070745647728.904,5.247054907683325e+19,8.188546116919964e+19,4.754450511143437e+20,2.0794415416798357,1.6094379124341005,8.0,,,8.0,0.00031924713402986526,0.7537768527399749,0.16956260288134217,0.7537768527399749,15880,10000.0,7.3473173386245945,False,False,exact_cap
Schirrmeister2017,1,3654,common_lr10000,cvar_a0p2,cvar,40,398,82657,1.972770452839402e+20,14045534709.790874,,,554904814.8220354,5549048148220.354,6.0450493085584564e+19,8.706422633912348e+19,4.7657832654276624e+20,2.0794415416798357,1.6094379124341005,8.0,,,8.0,0.00030942982994019985,0.755616468610242,0.16956260288134217,0.755616468610242,15920,10000.0,7.3473173386245945,False,False,exact_cap
Schirrmeister2017,1,3654,common_lr10000,cvar_a0p2,cvar,40,399,83055,1.5309517867510186e+20,12373163648.602642,,,487308816.6050849,4873088166050.85,5.5596501940322165e+19,5.996590737514486e+19,2.5849399081371186e+20,2.0794415416798357,1.6094379124341005,8.0,,,8.0,0.00031431415118277073,0.7574470995459706,0.16956260288134217,0.7574470995459706,15960,10000.0,7.3473173386245945,False,False,exact_cap
Schirrmeister2017,1,3654,common_lr10000,cvar_a0p2,cvar,40,400,83454,1.8780042283085916e+20,13704029437.755129,6.793656063355016e+23,-6.829701203841433e+23,535394723.10352534,5353947231035.253,5.946194553053348e+19,7.856451529853056e+19,3.422157744097604e+20,2.0794415416798357,1.6094379124341005,8.0,,,8.0,0.00030771992169320583,0.7592782434076071,0.17700798576697707,0.7592782434076071,16000,10000.0,7.3473173386245945,False,True,exact_cap
Schirrmeister2017,1,3654,common_lr10000,cvar_a0p2,cvar,40,401,83854,2.953858533697567e+20,17186792992.578827,,,685715470.1250128,6857154701250.127,8.17050174717929e+19,1.1961195227145771e+20,4.4623464290442e+20,2.0794415416798357,1.6094379124341005,8.0,,,8.0,0.00033616088330745697,0.7617554902099073,0.17700798576697707,0.7617554902099073,16040,10000.0,7.3473173386245945,False,False,exact_cap
Schirrmeister2017,1,3654,common_lr10000,cvar_a0p2,cvar,40,402,84255,2.8388570079391662e+20,16848908000.043108,,,671040187.5061109,6710401875061.109,1.0251860125368913e+20,1.0632307606335745e+20,3.782020425422273e+20,2.0794415416798357,1.6094379124341005,8.0,,,8.0,0.00033949315547943115,0.7636744442861527,0.17700798576697707,0.7636744442861527,16080,10000.0,7.3473173386245945,False,False,exact_cap
Schirrmeister2017,1,3654,common_lr10000,cvar_a0p2,cvar,40,403,84657,5.913468667222036e+20,24317624611.014202,,,972251010.8286632,9722510108286.63,1.7858557072862845e+20,2.4437592310576893e+20,1.0163008688466572e+21,2.0794415416798357,1.6094379124341005,8.0,,,8.0,0.0003650591243058443,0.7656104953493923,0.17700798576697707,0.7656104953493923,16120,10000.0,7.3473173386245945,False,False,exact_cap
Schirrmeister2017,1,3654,common_lr10000,cvar_a0p2,cvar,40,404,85060,4.513531202921496e+20,21245072847.419224,,,851029651.9882555,8510296519882.555,1.5029199736843174e+20,1.7708193691096446e+20,7.780641732506227e+20,2.0794415416798357,1.6094379124341005,8.0,,,8.0,0.00032643997110426426,0.7674840553663671,0.17700798576697707,0.7674840553663671,16160,10000.0,7.3473173386245945,False,False,exact_cap
Schirrmeister2017,1,3654,common_lr10000,cvar_a0p2,cvar,40,405,85464,6.989885894286731e+20,26438392338.201523,,,1043899538.9143894,10438995389143.893,2.1543551902743803e+20,2.9123891407553967e+20,1.479120434853849e+21,2.0794415416798357,1.6094379124341005,8.0,,,8.0,0.00032968795858323574,0.7693681921809912,0.17700798576697707,0.7693681921809912,16200,10000.0,7.3473173386245945,False,False,exact_cap
Schirrmeister2017,1,3654,common_lr10000,cvar_a0p2,cvar,40,406,85869,8.225747580053678e+20,28680564115.884605,,,1142022482.5862806,11420224825862.807,2.3793603844397534e+20,3.818471563635505e+20,1.6751568998415655e+21,2.0794415416798357,1.6094379124341005,8.0,,,8.0,0.00031485198996961117,0.7712287253234535,0.17700798576697707,0.7712287253234535,16240,10000.0,7.3473173386245945,False,False,exact_cap
Schirrmeister2017,1,3654,common_lr10000,cvar_a0p2,cvar,40,407,86275,4.0057503090462084e+20,20014370609.7549,,,789303729.8023653,7893037298023.652,1.4992221537348233e+20,1.6122685951021613e+20,7.71003251063364e+20,2.0794415416798357,1.6094379124341005,8.0,,,8.0,0.0003250930458307266,0.7730887793004513,0.17700798576697707,0.7730887793004513,16280,10000.0,7.3473173386245945,False,False,exact_cap
Schirrmeister2017,1,3654,common_lr10000,cvar_a0p2,cvar,40,408,86682,1.2139722344880053e+21,34842104334.95666,,,1368040363.3534298,13680403633534.299,3.386479639528086e+20,6.259111183850322e+20,3.6943373297616903e+21,2.0794415416798357,1.6094379124341005,8.0,,,8.0,0.00032042479142546654,0.7749436614103615,0.17700798576697707,0.7749436614103615,16320,10000.0,7.3473173386245945,False,False,exact_cap
Schirrmeister2017,1,3654,common_lr10000,cvar_a0p2,cvar,40,409,87090,7.701052951446588e+20,27750771072.97487,,,1084154479.3193128,10841544793193.129,2.419809392205727e+20,3.248490880007976e+20,1.4174396316656804e+21,2.0794415416798357,1.6094379124341005,8.0,,,8.0,0.0003213330637663603,0.7767948743421584,0.17700798576697707,0.7767948743421584,16360,10000.0,7.3473173386245945,False,False,exact_cap
Schirrmeister2017,1,3654,common_lr10000,cvar_a0p2,cvar,40,410,87499,1.0498145643739151e+21,32400842031.8657,,,1275590066.5694127,12755900665694.127,3.078732804831627e+20,4.368326896627758e+20,1.8568654283992015e+21,2.0794415416798357,1.6094379124341005,8.0,,,8.0,0.00032403506338596344,0.7786466793622822,0.17700798576697707,0.7786466793622822,16400,10000.0,7.3473173386245945,False,False,exact_cap
Schirrmeister2017,1,3654,common_lr10000,cvar_a0p2,cvar,40,411,87909,1.441850309765939e+21,37971704067.18586,,,1479687455.8549166,14796874558549.164,4.602272603291832e+20,5.7596287847308453e+20,2.3363063826790068e+21,2.0794415416798357,1.6094379124341005,8.0,,,8.0,0.0003086780197918415,0.7804770893417299,0.17700798576697707,0.7804770893417299,16440,10000.0,7.3473173386245945,False,False,exact_cap
Schirrmeister2017,1,3654,common_lr10000,cvar_a0p2,cvar,40,412,88320,1.751936607762234e+21,41856141816.491325,,,1663512469.6646073,16635124696646.072,5.290941996527208e+20,6.979349006890224e+20,2.7994812254043007e+21,2.0794415416798357,1.6094379124341005,8.0,,,8.0,0.0003216180484741926,0.7823283032048494,0.17700798576697707,0.7823283032048494,16480,10000.0,7.3473173386245945,False,False,exact_cap
Schirrmeister2017,1,3654,common_lr10000,cvar_a0p2,cvar,40,413,88732,1.4624029041181542e+21,38241376859.60267,,,1519961734.3854177,15199617343854.178,5.325542567471174e+20,5.524516953761225e+20,2.0216614848335069e+21,2.0794415416798357,1.6094379124341005,8.0,,,8.0,0.00031135790050029755,0.7841872002463788,0.17700798576697707,0.7841872002463788,16520,10000.0,7.3473173386245945,False,False,exact_cap
Schirrmeister2017,1,3654,common_lr10000,cvar_a0p2,cvar,40,414,89145,1.331635534187772e+21,36491581689.31256,,,1448109627.382149,14481096273821.488,4.184745021871349e+20,5.385050357660858e+20,2.3855792457192456e+21,2.0794415416798357,1.6094379124341005,8.0,,,8.0,0.00031695282086730003,0.7860444621182978,0.17700798576697707,0.7860444621182978,16560,10000.0,7.3473173386245945,False,False,exact_cap
Schirrmeister2017,1,3654,common_lr10000,cvar_a0p2,cvar,40,415,89559,1.3055625726477473e+21,36132569416.63224,,,1429342563.767541,14293425637675.408,3.978227709988182e+20,5.541070498552217e+20,2.783859887777448e+21,2.0794415416798357,1.6094379124341005,8.0,,,8.0,0.00032504089176654816,0.7879128351341933,0.17700798576697707,0.7879128351341933,16600,10000.0,7.3473173386245945,False,False,exact_cap
Schirrmeister2017,1,3654,common_lr10000,cvar_a0p2,cvar,40,416,89974,2.1057270603491524e+21,45888201755.45292,,,1795982492.9193962,17959824929193.965,6.386419457733554e+20,8.476347071147179e+20,3.5867922057779746e+21,2.0794415416798357,1.6094379124341005,8.0,,,8.0,0.00031526386737823486,0.7897663621697575,0.17700798576697707,0.7897663621697575,16640,10000.0,7.3473173386245945,False,False,exact_cap
Schirrmeister2017,1,3654,common_lr10000,cvar_a0p2,cvar,40,417,90390,1.9477097921701174e+21,44132865215.96029,,,1766635877.00753,17666358770075.297,6.598701391854896e+20,7.71720767311693e+20,3.3384587583373155e+21,2.0794415416798357,1.6094379124341005,8.0,,,8.0,0.00032755197025835514,0.7916165562346578,0.17700798576697707,0.7916165562346578,16680,10000.0,7.3473173386245945,False,False,exact_cap
Schirrmeister2017,1,3654,common_lr10000,cvar_a0p2,cvar,40,418,90807,2.6162933258925874e+21,51149714817.314354,,,2031663351.972447,20316633519724.47,8.505122617919333e+20,1.1876192798242982e+21,6.604768687093187e+21,2.0794415416798357,1.6094379124341005,8.0,,,8.0,0.0003196562174707651,0.7934795792680234,0.17700798576697707,0.7934795792680234,16720,10000.0,7.3473173386245945,False,False,exact_cap
Schirrmeister2017,1,3654,common_lr10000,cvar_a0p2,cvar,40,419,91225,3.0795230243348493e+21,55493450283.20774,,,2181843771.559193,21818437715591.93,9.227056899437869e+20,1.239954110065518e+21,4.951329975578455e+21,2.0794415416798357,1.6094379124341005,8.0,,,8.0,0.0003233139868825674,0.7953368003945798,0.17700798576697707,0.7953368003945798,16760,10000.0,7.3473173386245945,False,False,exact_cap
Schirrmeister2017,1,3654,common_lr10000,cvar_a0p2,cvar,40,420,91644,2.9702061729436905e+21,54499597915.431366,,,2153246274.3113475,21532462743113.477,1.042390251464862e+21,1.2845826262294995e+21,6.849376119387282e+21,2.0794415416798357,1.6094379124341005,8.0,,,8.0,0.000313430093228817,0.7971872633788735,0.17700798576697707,0.7971872633788735,16800,10000.0,7.3473173386245945,False,False,exact_cap
Schirrmeister2017,1,3654,common_lr10000,cvar_a0p2,cvar,40,421,92064,2.859200432466447e+21,53471491773.340744,,,2120191745.898871,21201917458988.71,9.625519455562153e+20,1.1146855846323105e+21,4.763669136358691e+21,2.0794415416798357,1.6094379124341005,8.0,,,8.0,0.0003098919987678528,0.7990153294522315,0.17700798576697707,0.7990153294522315,16840,10000.0,7.3473173386245945,False,False,exact_cap
Schirrmeister2017,1,3654,common_lr10000,cvar_a0p2,cvar,40,422,92485,4.5084118797320674e+21,67144708501.35599,,,2666531697.2355704,26665316972355.703,1.5240477135457912e+21,1.9443723914185448e+21,8.747060177152734e+21,2.0794415416798357,1.6094379124341005,8.0,,,8.0,0.00032162806019186974,0.8008867804892361,0.17700798576697707,0.8008867804892361,16880,10000.0,7.3473173386245945,False,False,exact_cap
Schirrmeister2017,1,3654,common_lr10000,cvar_a0p2,cvar,40,423,92907,4.742332366661483e+21,68864594434.74188,,,2734717511.479787,27347175114797.867,1.3425168013646394e+21,2.0150428141066893e+21,9.660448303628706e+21,2.0794415416798357,1.6094379124341005,8.0,,,8.0,0.00046693719923496246,0.803057674318552,0.17700798576697707,0.803057674318552,16920,10000.0,7.3473173386245945,False,False,exact_cap
Schirrmeister2017,1,3654,common_lr10000,cvar_a0p2,cvar,40,424,93330,6.520212544140238e+21,80747833061.57657,,,3220477978.270911,32204779782709.113,1.9488418374833207e+21,2.5987142163538316e+21,1.1081479543565616e+22,2.0794415416798357,1.6094379124341005,8.0,,,8.0,0.00031566014513373375,0.8049793392419815,0.17700798576697707,0.8049793392419815,16960,10000.0,7.3473173386245945,False,False,exact_cap
Schirrmeister2017,1,3654,common_lr10000,cvar_a0p2,cvar,40,425,93754,5.06187480801307e+21,71146853816.68729,1.9028206669008665e+25,-1.9129164735798151e+25,2795436034.4183226,27954360344183.227,1.5651097415985206e+21,2.1753667376396462e+21,1.140967122308671e+22,2.0794415416798357,1.6094379124341005,8.0,,,8.0,0.0003217891789972782,0.8068480752408504,0.18390474375337362,0.8068480752408504,17000,10000.0,7.3473173386245945,False,True,exact_cap
Schirrmeister2017,1,3654,common_lr10000,cvar_a0p2,cvar,40,426,94179,9.070117767271454e+21,95237165892.68842,,,3772685687.5938125,37726856875938.125,2.6979900350314824e+21,4.501771474711903e+21,2.621034075943435e+22,2.0794415416798357,1.6094379124341005,8.0,,,8.0,0.00035737804137170315,0.809114363277331,0.18390474375337362,0.809114363277331,17040,10000.0,7.3473173386245945,False,False,exact_cap
Schirrmeister2017,1,3654,common_lr10000,cvar_a0p2,cvar,40,427,94605,8.280217058413746e+21,90995698021.46553,,,3577138169.4524245,35771381694524.24,2.8395490458788965e+21,3.160235845762546e+21,1.1305023759512316e+22,2.0794415416798357,1.6094379124341005,8.0,,,8.0,0.0003761427942663431,0.8110989423003048,0.18390474375337362,0.8110989423003048,17080,10000.0,7.3473173386245945,False,False,exact_cap
Schirrmeister2017,1,3654,common_lr10000,cvar_a0p2,cvar,40,428,95032,9.353960220041803e+21,96715873671.50133,,,3801616200.76492,38016162007649.2,2.8955582720545165e+21,3.6845742935641377e+21,1.566123038987275e+22,2.0794415416798357,1.6094379124341005,8.0,,,8.0,0.00032046716660261154,0.8129822534974664,0.18390474375337362,0.8129822534974664,17120,10000.0,7.3473173386245945,False,False,exact_cap
Schirrmeister2017,1,3654,common_lr10000,cvar_a0p2,cvar,40,429,95460,1.560174574966833e+22,124906948364.24565,,,4899679448.07527,48996794480752.695,4.575860788585211e+21,7.684572257573275e+21,4.05133573993301e+22,2.0794415416798357,1.6094379124341005,8.0,,,8.0,0.0003217619378119707,0.8148466455750167,0.18390474375337362,0.8148466455750167,17160,10000.0,7.3473173386245945,False,False,exact_cap
Schirrmeister2017,1,3654,common_lr10000,cvar_a0p2,cvar,40,430,95889,1.705013431422209e+22,130576162886.73094,,,5129865464.563482,51298654645634.83,4.854590495152115e+21,7.102599703498649e+21,2.9162106524807475e+22,2.0794415416798357,1.6094379124341005,8.0,,,8.0,0.0003173728473484516,0.8167131235823035,0.18390474375337362,0.8167131235823035,17200,10000.0,7.3473173386245945,False,False,exact_cap
Schirrmeister2017,1,3654,common_lr10000,cvar_a0p2,cvar,40,431,96319,1.3710502064914564e+22,117091853110.77182,,,4607070847.307279,46070708473072.78,4.3821651200501786e+21,5.227523747511805e+21,1.8405432847839502e+22,2.0794415416798357,1.6094379124341005,8.0,,,8.0,0.00031408993527293205,0.8185585446190089,0.18390474375337362,0.8185585446190089,17240,10000.0,7.3473173386245945,False,False,exact_cap
Schirrmeister2017,1,3654,common_lr10000,cvar_a0p2,cvar,40,432,96750,1.7626979965240156e+22,132766637244.60358,,,5290701983.203114,52907019832031.13,4.851701627853819e+21,7.509562442707713e+21,3.067973603693268e+22,2.0794415416798357,1.6094379124341005,8.0,,,8.0,0.00033307401463389397,0.8204255106393248,0.18390474375337362,0.8204255106393248,17280,10000.0,7.3473173386245945,False,False,exact_cap
Schirrmeister2017,1,3654,common_lr10000,cvar_a0p2,cvar,40,433,97182,1.7669567582182826e+22,132926925723.05592,,,5285373151.351086,52853731513510.86,5.090011778228105e+21,7.473268490377034e+21,3.5786544850920293e+22,2.0794415416798357,1.6094379124341005,8.0,,,8.0,0.00032072700560092926,0.8222779156640172,0.18390474375337362,0.8222779156640172,17320,10000.0,7.3473173386245945,False,False,exact_cap
Schirrmeister2017,1,3654,common_lr10000,cvar_a0p2,cvar,40,434,97615,2.749334648370454e+22,165811177197.7527,,,6499826835.244531,64998268352445.305,9.460360523619578e+21,1.073167952010583e+22,4.497562104249268e+22,2.0794415416798357,1.6094379124341005,8.0,,,8.0,0.00031618797220289707,0.8241271118167788,0.18390474375337362,0.8241271118167788,17360,10000.0,7.3473173386245945,False,False,exact_cap
Schirrmeister2017,1,3654,common_lr10000,cvar_a0p2,cvar,40,435,98049,3.3296965430772134e+22,182474561051.0466,,,7204787609.100172,72047876091001.72,1.0744304656752388e+22,1.28567798116676e+22,4.193526544933164e+22,2.0794415416798357,1.6094379124341005,8.0,,,8.0,0.0003208331763744354,0.8260256857611239,0.18390474375337362,0.8260256857611239,17400,10000.0,7.3473173386245945,False,False,exact_cap
Schirrmeister2017,1,3654,common_lr10000,cvar_a0p2,cvar,40,436,98484,4.351544821686232e+22,208603567124.01233,,,8264146275.321769,82641462753217.69,1.298666726570665e+22,1.707570886085468e+22,5.729976097457447e+22,2.0794415416798357,1.6094379124341005,8.0,,,8.0,0.0003130761906504631,0.8278662047814578,0.18390474375337362,0.8278662047814578,17440,10000.0,7.3473173386245945,False,False,exact_cap
Schirrmeister2017,1,3654,common_lr10000,cvar_a0p2,cvar,40,437,98920,3.6224971284883077e+22,190328587671.11966,,,7439230388.922296,74392303889222.95,1.0745572149983009e+22,1.7547909514918296e+22,9.265325045439433e+22,2.0794415416798357,1.6094379124341005,8.0,,,8.0,0.0003225831314921379,0.829719903646037,0.18390474375337362,0.829719903646037,17480,10000.0,7.3473173386245945,False,False,exact_cap
Schirrmeister2017,1,3654,common_lr10000,cvar_a0p2,cvar,40,438,99357,2.7078462699916887e+22,164555348439.10995,,,6499015531.848847,64990155318488.48,1.0065576935519538e+22,1.1308561129676313e+22,6.148923505208784e+22,2.0794415416798357,1.6094379124341005,8.0,,,8.0,0.0003186729736626148,0.8315958115272224,0.18390474375337362,0.8315958115272224,17520,10000.0,7.3473173386245945,False,False,exact_cap
Schirrmeister2017,1,3654,common_lr10000,cvar_a0p2,cvar,40,439,99795,4.928298979363054e+22,221997724748.76974,,,8746594444.701937,87465944447019.36,1.48230616400949e+22,2.381608047905049e+22,1.2362900595764432e+23,2.0794415416798357,1.6094379124341005,8.0,,,8.0,0.0003201169893145561,0.833493473706767,0.18390474375337362,0.833493473706767,17560,10000.0,7.3473173386245945,False,False,exact_cap
Schirrmeister2017,1,3654,common_lr10000,cvar_a0p2,cvar,40,440,100234,6.0033638146325315e+22,245017628235.8584,,,9640494618.462132,96404946184621.31,1.8924594284769913e+22,2.5982671930797616e+22,1.3243652544063373e+23,2.0794415416798357,1.6094379124341005,8.0,,,8.0,0.00032131699845194817,0.8353584795258939,0.18390474375337362,0.8353584795258939,17600,10000.0,7.3473173386245945,False,False,exact_cap
Schirrmeister2017,1,3654,common_lr10000,cvar_a0p2,cvar,40,441,100674,6.442547243624354e+22,253821733577.4136,,,10223627612.155487,102236276121554.88,2.1795216613817128e+22,2.669866777162933e+22,1.3462701141939416e+23,2.0794415416798357,1.6094379124341005,8.0,,,8.0,0.00031762407161295414,0.8372428023722023,0.18390474375337362,0.8372428023722023,17640,10000.0,7.3473173386245945,False,False,exact_cap
Schirrmeister2017,1,3654,common_lr10000,cvar_a0p2,cvar,40,442,101115,5.59617792707038e+22,236562421510.06107,,,9508760870.900982,95087608709009.81,1.9809234539809033e+22,2.122045017654118e+22,8.492183583988581e+22,2.0794415416798357,1.6094379124341005,8.0,,,8.0,0.00032706488855183125,0.8391286374535412,0.18390474375337362,0.8391286374535412,17680,10000.0,7.3473173386245945,False,False,exact_cap
Schirrmeister2017,1,3654,common_lr10000,cvar_a0p2,cvar,40,443,101557,7.438673285227742e+22,272739312993.7036,,,10827338240.7215,108273382407214.98,2.296314005685291e+22,3.2739512566226243e+22,1.4723920528555903e+23,2.0794415416798357,1.6094379124341005,8.0,,,8.0,0.0003120729234069586,0.8409764824900776,0.18390474375337362,0.8409764824900776,17720,10000.0,7.3473173386245945,False,False,exact_cap
Schirrmeister2017,1,3654,common_lr10000,cvar_a0p2,cvar,40,444,102000,7.359346696935169e+22,271281158522.57724,,,10674936642.149754,106749366421497.55,2.8831292521275705e+22,2.790759647863211e+22,9.523449479608444e+22,2.0794415416798357,1.6094379124341005,8.0,,,8.0,0.00031351298093795776,0.8428236795589328,0.18390474375337362,0.8428236795589328,17760,10000.0,7.3473173386245945,False,False,exact_cap
Schirrmeister2017,1,3654,common_lr10000,cvar_a0p2,cvar,40,445,102444,8.87456596386618e+22,297902097405.6104,,,11675999827.895943,116759998278959.42,2.618999203396638e+22,3.603906702065806e+22,1.553682395413806e+23,2.0794415416798357,1.6094379124341005,8.0,,,8.0,0.0003282430116087198,0.8446979355067015,0.18390474375337362,0.8446979355067015,17800,10000.0,7.3473173386245945,False,False,exact_cap
Schirrmeister2017,1,3654,common_lr10000,cvar_a0p2,cvar,40,446,102889,1.4446554941575889e+23,380086239445.41705,,,15273755447.805088,152737554478050.88,4.312808740284577e+22,6.928601089584366e+22,3.489749036724696e+23,2.0794415416798357,1.6094379124341005,8.0,,,8.0,0.0003143521025776863,0.8465540434699506,0.18390474375337362,0.8465540434699506,17840,10000.0,7.3473173386245945,False,False,exact_cap
Schirrmeister2017,1,3654,common_lr10000,cvar_a0p2,cvar,40,447,103335,1.3905466448186326e+23,372900341219.8268,,,14817811457.886848,148178114578868.5,3.942802725788382e+22,5.508288951038309e+22,2.1370515865335187e+23,2.0794415416798357,1.6094379124341005,8.0,,,8.0,0.0003277889918535948,0.848423232557252,0.18390474375337362,0.848423232557252,17880,10000.0,7.3473173386245945,False,False,exact_cap
Schirrmeister2017,1,3654,common_lr10000,cvar_a0p2,cvar,40,448,103782,1.6002168891036418e+23,400027110219.25024,,,15976304036.735031,159763040367350.3,5.213876755498861e+22,6.780383055220183e+22,3.2010026209439804e+23,2.0794415416798357,1.6094379124341005,8.0,,,8.0,0.000313368858769536,0.850266196532175,0.18390474375337362,0.850266196532175,17920,10000.0,7.3473173386245945,False,False,exact_cap
Schirrmeister2017,1,3654,common_lr10000,cvar_a0p2,cvar,40,449,104230,1.7798843318129654e+23,421886753977.0555,,,16633089966.615597,166330899666155.97,4.97210803731821e+22,8.03682477897909e+22,4.064153885423369e+23,2.0794415416798357,1.6094379124341005,8.0,,,8.0,0.0003222329542040825,0.8521091144066304,0.18390474375337362,0.8521091144066304,17960,10000.0,7.3473173386245945,False,False,exact_cap
Schirrmeister2017,1,3654,common_lr10000,cvar_a0p2,cvar,40,450,104679,1.3484643754831296e+23,367214429929.3166,5.679549897372339e+26,-5.709683918294396e+26,14506440101.142296,145064401011422.97,5.723199712312909e+22,5.112534483724216e+22,1.8554370208492098e+23,2.0794415416798357,1.6094379124341005,8.0,,,8.0,0.0003161069471389055,0.8539707025047392,0.19015160179696977,0.8539707025047392,18000,10000.0,7.3473173386245945,False,True,exact_cap
Schirrmeister2017,1,3654,common_lr10000,cvar_a0p2,cvar,40,451,105129,2.5734476062963072e+23,507291593296.8244,,,20026218081.005318,200262180810053.16,7.1344464395340045e+22,1.2320268735154008e+23,6.683095867874328e+23,2.0794415416798357,1.6094379124341005,8.0,,,8.0,0.00034510716795921326,0.8563332816120237,0.19015160179696977,0.8563332816120237,18040,10000.0,7.3473173386245945,False,False,exact_cap
Schirrmeister2017,1,3654,common_lr10000,cvar_a0p2,cvar,40,452,105580,3.067725932175309e+23,553870556373.5365,,,21840600237.090813,218406002370908.1,9.545985920284527e+22,1.3275343275573356e+23,5.80431138460529e+23,2.0794415416798357,1.6094379124341005,8.0,,,8.0,0.0003448198549449444,0.8582633833866566,0.19015160179696977,0.8582633833866566,18080,10000.0,7.3473173386245945,False,False,exact_cap
Schirrmeister2017,1,3654,common_lr10000,cvar_a0p2,cvar,40,453,106032,2.5352074692723674e+23,503508437791.49994,,,19848012594.735207,198480125947352.1,9.089332515814928e+22,9.888088114303843e+22,3.353671682328231e+23,2.0794415416798357,1.6094379124341005,8.0,,,8.0,0.00032106880098581314,0.8601449984125793,0.19015160179696977,0.8601449984125793,18120,10000.0,7.3473173386245945,False,False,exact_cap
Schirrmeister2017,1,3654,common_lr10000,cvar_a0p2,cvar,40,454,106485,2.4411718483256525e+23,494082164050.23694,,,19458747747.292343,194587477472923.44,9.350071920710545e+22,9.409600275411704e+22,3.178571604108703e+23,2.0794415416798357,1.6094379124341005,8.0,,,8.0,0.0003244748804718256,0.8620147614274174,0.19015160179696977,0.8620147614274174,18160,10000.0,7.3473173386245945,False,False,exact_cap
Schirrmeister2017,1,3654,common_lr10000,cvar_a0p2,cvar,40,455,106939,3.568011290716492e+23,597328326024.8497,,,23674534779.534245,236745347795342.47,9.93754680673502e+22,1.709654798442614e+23,8.535618368708649e+23,2.0794415416798357,1.6094379124341005,8.0,,,8.0,0.0003142219502478838,0.8639256404712796,0.19015160179696977,0.8639256404712796,18200,10000.0,7.3473173386245945,False,False,exact_cap
Schirrmeister2017,1,3654,common_lr10000,cvar_a0p2,cvar,40,456,107394,3.667876457635823e+23,605629957782.4584,,,23750485637.91393,237504856379139.25,1.1176287352813641e+23,1.616829922968802e+23,7.146997708429093e+23,2.0794415416798357,1.6094379124341005,8.0,,,8.0,0.0003152848221361637,0.8657655834686011,0.19015160179696977,0.8657655834686011,18240,10000.0,7.3473173386245945,False,False,exact_cap
Schirrmeister2017,1,3654,common_lr10000,cvar_a0p2,cvar,40,457,107850,3.5018874018408065e+23,591767471380.5083,,,23580033655.47858,235800336554785.8,1.1242704574935612e+23,1.4957210363499784e+23,7.761846973779938e+23,2.0794415416798357,1.6094379124341005,8.0,,,8.0,0.00032210699282586575,0.8676033085212111,0.19015160179696977,0.8676033085212111,18280,10000.0,7.3473173386245945,False,False,exact_cap
Schirrmeister2017,1,3654,common_lr10000,cvar_a0p2,cvar,40,458,108307,4.764911034052773e+23,690283350085.5118,,,27268900809.02104,272689008090210.4,1.7956079058867326e+23,1.743179209735324e+23,6.486786784509056e+23,2.0794415416798357,1.6094379124341005,8.0,,,8.0,0.0003138801548629999,0.86944913957268,0.19015160179696977,0.86944913957268,18320,10000.0,7.3473173386245945,False,False,exact_cap
Schirrmeister2017,1,3654,common_lr10000,cvar_a0p2,cvar,40,459,108765,5.662271501250113e+23,752480664286.4728,,,30084184634.55489,300841846345548.94,1.673911666163912e+23,2.436525283365634e+23,1.2323235554838576e+24,2.0794415416798357,1.6094379124341005,8.0,,,8.0,0.00032388907857239246,0.8713048044592142,0.19015160179696977,0.8713048044592142,18360,10000.0,7.3473173386245945,False,False,exact_cap
Schirrmeister2017,1,3654,common_lr10000,cvar_a0p2,cvar,40,460,109224,6.098466949172553e+23,780926817901.1753,,,30778242370.0069,307782423700069.0,1.8281438484270135e+23,2.7176991971862998e+23,1.4466940174290634e+24,2.0794415416798357,1.6094379124341005,8.0,,,8.0,0.00031540985219180584,0.8731667574029416,0.19015160179696977,0.8731667574029416,18400,10000.0,7.3473173386245945,False,False,exact_cap
Schirrmeister2017,1,3654,common_lr10000,cvar_a0p2,cvar,40,461,109684,8.664261423724108e+23,930820145018.5802,,,36942397031.84926,369423970318492.6,2.768918177786344e+23,3.4215629181215496e+23,1.4661563153704763e+24,2.0794415416798357,1.6094379124341005,8.0,,,8.0,0.00031990697607398033,0.8750235834158957,0.19015160179696977,0.8750235834158957,18440,10000.0,7.3473173386245945,False,False,exact_cap
Schirrmeister2017,1,3654,common_lr10000,cvar_a0p2,cvar,40,462,110145,1.365083742106513e+24,1168367982318.2903,,,46154812941.8391,461548129418391.0,4.3113255228718804e+23,5.4650712532233674e+23,2.134267839500507e+24,2.0794415416798357,1.6094379124341005,8.0,,,8.0,0.0003178610932081938,0.8768813994247466,0.19015160179696977,0.8768813994247466,18480,10000.0,7.3473173386245945,False,False,exact_cap
Schirrmeister2017,1,3654,common_lr10000,cvar_a0p2,cvar,40,463,110607,5.007276539822327e+23,707621123188.2728,,,28215934032.320526,282159340323205.25,1.8422581036878532e+23,2.1282881442202884e+23,1.1616895815017451e+24,2.0794415416798357,1.6094379124341005,8.0,,,8.0,0.0003184429369866848,0.878743480425328,0.19015160179696977,0.878743480425328,18520,10000.0,7.3473173386245945,False,False,exact_cap
Schirrmeister2017,1,3654,common_lr10000,cvar_a0p2,cvar,40,464,111070,1.4908730724162538e+24,1221013133596.9543,,,48163214592.55352,481632145925535.3,4.1907749225651e+23,7.484513805063431e+23,4.084365304837252e+24,2.0794415416798357,1.6094379124341005,8.0,,,8.0,0.0003245980478823185,0.8805914123076946,0.19015160179696977,0.8805914123076946,18560,10000.0,7.3473173386245945,False,False,exact_cap
Schirrmeister2017,1,3654,common_lr10000,cvar_a0p2,cvar,40,465,111534,1.0139004316175878e+24,1006926229481.3795,,,39912204812.247604,399122048122476.06,3.198565992157569e+23,4.074169352361482e+23,1.697738878035247e+24,2.0794415416798357,1.6094379124341005,8.0,,,8.0,0.00031383801251649857,0.8824416243005544,0.19015160179696977,0.8824416243005544,18600,10000.0,7.3473173386245945,False,False,exact_cap
Schirrmeister2017,1,3654,common_lr10000,cvar_a0p2,cvar,40,466,111999,1.1910268401761815e+24,1091341761400.2415,,,42859589062.497734,428595890624977.4,4.1255030020568593e+23,4.635602405591444e+23,1.8274769967746607e+24,2.0794415416798357,1.6094379124341005,8.0,,,8.0,0.00031330110505223274,0.8842855843249708,0.19015160179696977,0.8842855843249708,18640,10000.0,7.3473173386245945,False,False,exact_cap
Schirrmeister2017,1,3654,common_lr10000,cvar_a0p2,cvar,40,467,112465,1.710596642761928e+24,1307897795227.8718,,,51430493423.184525,514304934231845.25,5.0950679328334365e+23,6.917178625431107e+23,2.651878317392053e+24,2.0794415416798357,1.6094379124341005,8.0,,,8.0,0.0003079860471189022,0.8861298752017319,0.19015160179696977,0.8861298752017319,18680,10000.0,7.3473173386245945,False,False,exact_cap
Schirrmeister2017,1,3654,common_lr10000,cvar_a0p2,cvar,40,468,112932,1.0981007039983799e+24,1047903003144.0791,,,41917475401.31496,419174754013149.6,3.988678197168148e+23,4.439428204813369e+23,2.204705467004702e+24,2.0794415416798357,1.6094379124341005,8.0,,,8.0,0.000309694092720747,0.8879591163713485,0.19015160179696977,0.8879591163713485,18720,10000.0,7.3473173386245945,False,False,exact_cap
Schirrmeister2017,1,3654,common_lr10000,cvar_a0p2,cvar,40,469,113400,1.90091436097441e+24,1378736508900.2358,,,54596485509.222534,545964855092225.4,6.029473157041871e+23,7.150049140105002e+23,2.3713597608691782e+24,2.0794415416798357,1.6094379124341005,8.0,,,8.0,0.00032589398324489594,0.8898291212972254,0.19015160179696977,0.8898291212972254,18760,10000.0,7.3473173386245945,False,False,exact_cap
Schirrmeister2017,1,3654,common_lr10000,cvar_a0p2,cvar,40,470,113869,1.440341634330353e+24,1200142339195.7944,,,47965276403.63154,479652764036315.44,4.466036956152446e+23,6.125092224533952e+23,2.6941170845955537e+24,2.0794415416798357,1.6094379124341005,8.0,,,8.0,0.0003147609531879425,0.8916837512515485,0.19015160179696977,0.8916837512515485,18800,10000.0,7.3473173386245945,False,False,exact_cap
Schirrmeister2017,1,3654,common_lr10000,cvar_a0p2,cvar,40,471,114339,3.8810976213337757e+24,1970050157060.4175,,,77839296230.43591,778392962304359.1,1.2168231002159495e+24,1.6257554853342226e+24,7.673383446389428e+24,2.0794415416798357,1.6094379124341005,8.0,,,8.0,0.00032201199792325497,0.8935456471517682,0.19015160179696977,0.8935456471517682,18840,10000.0,7.3473173386245945,False,False,exact_cap
Schirrmeister2017,1,3654,common_lr10000,cvar_a0p2,cvar,40,472,114810,1.5330513720539988e+24,1238164517361.8887,,,48564446115.19091,485644461151909.1,5.396484406813734e+23,5.897667858221598e+23,2.166659227549191e+24,2.0794415416798357,1.6094379124341005,8.0,,,8.0,0.0003149069380015135,0.8953916500322521,0.19015160179696977,0.8953916500322521,18880,10000.0,7.3473173386245945,False,False,exact_cap
Schirrmeister2017,1,3654,common_lr10000,cvar_a0p2,cvar,40,473,115282,3.1550134113803656e+24,1776235742062.513,,,69880401529.55426,698804015295542.6,1.282600456899641e+24,1.1966949445581561e+24,5.081696378870302e+24,2.0794415416798357,1.6094379124341005,8.0,,,8.0,0.0003193649463355541,0.8972539200913161,0.19015160179696977,0.8972539200913161,18920,10000.0,7.3473173386245945,False,False,exact_cap
Schirrmeister2017,1,3654,common_lr10000,cvar_a0p2,cvar,40,474,115755,3.78998009181077e+24,1946787120311.507,,,76574128617.9329,765741286179329.0,1.347526735551951e+24,1.7342537836137405e+24,1.0205242104098936e+25,2.0794415416798357,1.6094379124341005,8.0,,,8.0,0.00032812380231916904,0.899120582966134,0.19015160179696977,0.899120582966134,18960,10000.0,7.3473173386245945,False,False,exact_cap
Schirrmeister2017,1,3654,common_lr10000,cvar_a0p2,cvar,40,475,116229,3.751259264909279e+24,1936816786613.8704,1.2352994940032698e+28,-1.241853629712954e+28,76725643333.65758,767256433336575.9,1.1811520031495935e+24,1.4680379163651586e+24,5.48858922958261e+24,2.0794415416798357,1.6094379124341005,8.0,,,8.0,0.00031276815570890903,0.900986956898123,0.19739585369825363,0.900986956898123,19000,10000.0,7.3473173386245945,False,True,exact_cap
Schirrmeister2017,1,3654,common_lr10000,cvar_a0p2,cvar,40,476,116704,3.1553864465876014e+24,1776340746193.5903,,,69808339245.24597,698083392452459.6,1.1654065912108303e+24,1.2295210830506342e+24,4.870778025520458e+24,2.0794415416798357,1.6094379124341005,8.0,,,8.0,0.0003482119645923376,0.9035001187585294,0.19739585369825363,0.9035001187585294,19040,10000.0,7.3473173386245945,False,False,exact_cap
Schirrmeister2017,1,3654,common_lr10000,cvar_a0p2,cvar,40,477,117180,5.074564048985411e+24,2252679304513.9404,,,88445205911.2403,884452059112403.0,1.4747113359208808e+24,2.0583225387088152e+24,7.878537834735019e+24,2.0794415416798357,1.6094379124341005,8.0,,,8.0,0.0003352041821926832,0.9054252607747912,0.19739585369825363,0.9054252607747912,19080,10000.0,7.3473173386245945,False,False,exact_cap
Schirrmeister2017,1,3654,common_lr10000,cvar_a0p2,cvar,40,478,117657,7.402103705562252e+24,2720680743042.493,,,106994498928.01588,1069944989280159.0,2.3436011179507863e+24,2.911548406273193e+24,1.0023911935316398e+25,2.0794415416798357,1.6094379124341005,8.0,,,8.0,0.0003271449822932482,0.907320907805115,0.19739585369825363,0.907320907805115,19120,10000.0,7.3473173386245945,False,False,exact_cap
Schirrmeister2017,1,3654,common_lr10000,cvar_a0p2,cvar,40,479,118135,9.236153448860384e+24,3039104053641.531,,,120424541121.11044,1204245411211104.5,2.9663811891254234e+24,3.6053505718185155e+24,1.2877229146145263e+25,2.0794415416798357,1.6094379124341005,8.0,,,8.0,0.00033931597135961056,0.9092172447126359,0.19739585369825363,0.9092172447126359,19160,10000.0,7.3473173386245945,False,False,exact_cap
Schirrmeister2017,1,3654,common_lr10000,cvar_a0p2,cvar,40,480,118614,6.207070846571507e+24,2491399375164.79,,,99043183231.35777,990431832313577.6,1.884677643694182e+24,2.4860498147202274e+24,1.056602172973619e+25,2.0794415416798357,1.6094379124341005,8.0,,,8.0,0.00031889299862086773,0.9110850926954299,0.19739585369825363,0.9110850926954299,19200,10000.0,7.3473173386245945,False,False,exact_cap
Schirrmeister2017,1,3654,common_lr10000,cvar_a0p2,cvar,40,481,119094,1.1239732961942082e+25,3352571097224.052,,,132346672546.39471,1323466725463947.0,3.734302887729081e+24,4.317745685460059e+24,1.5633605640472631e+25,2.0794415416798357,1.6094379124341005,8.0,,,8.0,0.00031799799762666225,0.9129419575911015,0.19739585369825363,0.9129419575911015,19240,10000.0,7.3473173386245945,False,False,exact_cap
Schirrmeister2017,1,3654,common_lr10000,cvar_a0p2,cvar,40,482,119575,7.431019911216825e+24,2725989712236.0576,,,108275875057.96548,1082758750579654.8,2.3020577780548592e+24,3.4095359946209264e+24,1.678048827629664e+25,2.0794415416798357,1.6094379124341005,8.0,,,8.0,0.0003183328080922365,0.9148039696738124,0.19739585369825363,0.9148039696738124,19280,10000.0,7.3473173386245945,False,False,exact_cap
Schirrmeister2017,1,3654,common_lr10000,cvar_a0p2,cvar,40,483,120057,1.5060817720755883e+25,3880826937748.691,,,153618422171.8942,1536184221718941.8,4.6785582345995604e+24,6.35208489485146e+24,2.9671877504968324e+25,2.0794415416798357,1.6094379124341005,8.0,,,8.0,0.00031976797617971897,0.9166726197581738,0.19739585369825363,0.9166726197581738,19320,10000.0,7.3473173386245945,False,False,exact_cap
Schirrmeister2017,1,3654,common_lr10000,cvar_a0p2,cvar,40,484,120540,1.6843496857697846e+25,4104082949660.965,,,163549582821.83905,1635495828218390.2,4.8297096765503136e+24,6.968371402199332e+24,2.967140891552291e+25,2.0794415416798357,1.6094379124341005,8.0,,,8.0,0.00032520596869289875,0.9185466219205409,0.19739585369825363,0.9185466219205409,19360,10000.0,7.3473173386245945,False,False,exact_cap
Schirrmeister2017,1,3654,common_lr10000,cvar_a0p2,cvar,40,485,121024,1.4889543551950383e+25,3858697131409.8213,,,153570348025.78357,1535703480257835.5,4.64248324301539e+24,6.155729407928341e+24,2.829651631425415e+25,2.0794415416798357,1.6094379124341005,8.0,,,8.0,0.00031877681612968445,0.920401070965454,0.19739585369825363,0.920401070965454,19400,10000.0,7.3473173386245945,False,False,exact_cap
Schirrmeister2017,1,3654,common_lr10000,cvar_a0p2,cvar,40,486,121509,1.4962910856353352e+25,3868192194857.095,,,154109321544.80063,1541093215448006.5,5.203651122118635e+24,6.396718653277249e+24,3.099287531414012e+25,2.0794415416798357,1.6094379124341005,8.0,,,8.0,0.0003225328400731087,0.9222576110623777,0.19739585369825363,0.9222576110623777,19440,10000.0,7.3473173386245945,False,False,exact_cap
Schirrmeister2017,1,3654,common_lr10000,cvar_a0p2,cvar,40,487,121995,2.501367319926713e+25,5001367133021.443,,,198476430195.6338,1984764301956338.0,8.379822823833781e+24,1.0922496425051682e+25,6.056750442796755e+25,2.0794415416798357,1.6094379124341005,8.0,,,8.0,0.00032707909122109413,0.9241269391495734,0.19739585369825363,0.9241269391495734,19480,10000.0,7.3473173386245945,False,False,exact_cap
Schirrmeister2017,1,3654,common_lr10000,cvar_a0p2,cvar,40,488,122482,1.4287421247300602e+25,3779870533140.071,,,149066815267.80725,1490668152678072.8,5.459941318116996e+24,5.672467366991499e+24,2.516422763465718e+25,2.0794415416798357,1.6094379124341005,8.0,,,8.0,0.0003167481627315283,0.9259911261033267,0.19739585369825363,0.9259911261033267,19520,10000.0,7.3473173386245945,False,False,exact_cap
Schirrmeister2017,1,3654,common_lr10000,cvar_a0p2,cvar,40,489,122970,1.8545057837582656e+25,4306397315341.753,,,170408397194.63965,1704083971946396.5,5.532052332318159e+24,7.907277803572072e+24,3.504808282175275e+25,2.0794415416798357,1.6094379124341005,8.0,,,8.0,0.0003227619454264641,0.9278404281940311,0.19739585369825363,0.9278404281940311,19560,10000.0,7.3473173386245945,False,False,exact_cap
Schirrmeister2017,1,3654,common_lr10000,cvar_a0p2,cvar,40,490,123459,2.676883004151906e+25,5173860264978.081,,,205084798225.19366,2050847982251936.5,8.042793187192172e+24,1.1151221481719736e+25,5.280514936457193e+25,2.0794415416798357,1.6094379124341005,8.0,,,8.0,0.00030942889861762524,0.9296871609985828,0.19739585369825363,0.9296871609985828,19600,10000.0,7.3473173386245945,False,False,exact_cap
Schirrmeister2017,1,3654,common_lr10000,cvar_a0p2,cvar,40,491,123949,3.279679947448561e+25,5726849000496.3125,,,225761990861.5943,2257619908615943.0,9.318991542862416e+24,1.4301686989348203e+25,6.887177148893238e+25,2.0794415416798357,1.6094379124341005,8.0,,,8.0,0.00032307091169059277,0.931562040001154,0.19739585369825363,0.931562040001154,19640,10000.0,7.3473173386245945,False,False,exact_cap
Schirrmeister2017,1,3654,common_lr10000,cvar_a0p2,cvar,40,492,124440,3.88045970548086e+25,6229333596365.554,,,247227748002.09674,2472277480020968.0,1.4644423803609175e+25,1.499567635513783e+25,6.36082766648326e+25,2.0794415416798357,1.6094379124341005,8.0,,,8.0,0.00038292398676276207,0.9336504219099879,0.19739585369825363,0.9336504219099879,19680,10000.0,7.3473173386245945,False,False,exact_cap
Schirrmeister2017,1,3654,common_lr10000,cvar_a0p2,cvar,40,493,124932,4.1103881488594705e+25,6411230887169.382,,,253001484764.85373,2530014847648537.0,1.3731929108861502e+25,1.5874995842163297e+25,6.927636378945673e+25,2.0794415416798357,1.6094379124341005,8.0,,,8.0,0.00033643399365246296,0.9355451338924468,0.19739585369825363,0.9355451338924468,19720,10000.0,7.3473173386245945,False,False,exact_cap
Schirrmeister2017,1,3654,common_lr10000,cvar_a0p2,cvar,40,494,125425,6.357634700484502e+25,7973477723355.413,,,319079982459.86304,3190799824598630.5,1.8498869346327206e+25,2.7073534734253068e+25,1.364544004364791e+26,2.0794415416798357,1.6094379124341005,8.0,,,8.0,0.0003176559694111347,0.9374181218445301,0.19739585369825363,0.9374181218445301,19760,10000.0,7.3473173386245945,False,False,exact_cap
Schirrmeister2017,1,3654,common_lr10000,cvar_a0p2,cvar,40,495,125919,6.401972427405048e+25,8001232672160.614,,,319226821348.70795,3192268213487080.0,2.0213929889110722e+25,2.6526703737637778e+25,1.1622972165957107e+26,2.0794415416798357,1.6094379124341005,8.0,,,8.0,0.0003150380216538906,0.939280554652214,0.19739585369825363,0.939280554652214,19800,10000.0,7.3473173386245945,False,False,exact_cap
Schirrmeister2017,1,3654,common_lr10000,cvar_a0p2,cvar,40,496,126414,7.637082045280593e+25,8739040018949.789,,,346462947881.73486,3464629478817349.0,2.2027088124668414e+25,3.721038255258251e+25,1.685277144003272e+26,2.0794415416798357,1.6094379124341005,8.0,,,8.0,0.00031708506867289543,0.9411683585494757,0.19739585369825363,0.9411683585494757,19840,10000.0,7.3473173386245945,False,False,exact_cap
Schirrmeister2017,1,3654,common_lr10000,cvar_a0p2,cvar,40,497,126910,9.42749384711803e+25,9709528231133.596,,,383659724165.63885,3836597241656388.5,2.94262321881658e+25,3.752074848216624e+25,1.6083049537039095e+26,2.0794415416798357,1.6094379124341005,8.0,,,8.0,0.0003163048531860113,0.9430322225671262,0.19739585369825363,0.9430322225671262,19880,10000.0,7.3473173386245945,False,False,exact_cap
Schirrmeister2017,1,3654,common_lr10000,cvar_a0p2,cvar,40,498,127407,9.834814069887463e+25,9917063108545.525,,,395447193683.27313,3954471936832731.5,2.998816912691214e+25,4.164880291137511e+25,2.0171823579452918e+26,2.0794415416798357,1.6094379124341005,8.0,,,8.0,0.0003254150506108999,0.9449062654748559,0.19739585369825363,0.9449062654748559,19920,10000.0,7.3473173386245945,False,False,exact_cap
Schirrmeister2017,1,3654,common_lr10000,cvar_a0p2,cvar,40,499,127905,9.134200642109736e+25,9557301210127.123,,,380305322813.95856,3803053228139585.5,3.3759445810700775e+25,3.69120370533955e+25,1.766569637992588e+26,2.0794415416798357,1.6094379124341005,8.0,,,8.0,0.0003111779224127531,0.9467506385408342,0.19739585369825363,0.9467506385408342,19960,10000.0,7.3473173386245945,False,False,exact_cap
Schirrmeister2017,1,3654,common_lr10000,cvar_a0p2,cvar,40,500,128404,7.816516731116467e+25,8841106679096.496,3.335162801157963e+29,-3.352858193828966e+29,348630596745.265,3486305967452650.0,2.9098404350399256e+25,2.906330493680292e+25,1.0747858210226892e+26,2.0794415416798357,1.6094379124341005,8.0,,,8.0,0.00032162899151444435,0.9486095607280731,0.20358683867380023,0.9486095607280731,20000,10000.0,7.3473173386245945,False,True,exact_cap
